circuit_id,split,candidate_path_id,source_kind,source_seed,is_greedy,topology_id,feasible,infeasibility_reason,logical_plan_id,physical_plan_id,flops,macs,peak_intermediate_elements,peak_intermediate_bytes,total_intermediate_writes,maximum_intermediate_rank,contraction_count,B_host_dpu,B_mram_wram,I_dpu,N_sync,E_num,P_wram,h2d_bytes,d2h_bytes,work_unit_count,wave_count,packed_operation_count,dpu_launch_count,host_reduce_count,barrier_events,partial_wave_count,tasklet_utilization,dpu_utilization,host_memory_estimate_bytes,semantic_identity_expansion_units
quantization_stress_18q_l2,training,b9ba7e7f9f7faa942ecf55bc10c6f9a9488b0e3dcf87233bed822bea2416c816,opt_einsum_greedy,,True,1dpu_t8,True,,d504919e20d95bac608dd906d46abb122f9680873679710b0584e71981648fb5,d8cc3207a594c610fad9da180b8ab8c68068a72779783d8b04040446003e64ed,2806088.0,1403044.0,65536.0,1048576.0,89402.0,16,141,7153152.0,7763616.0,5612176.0,11206.0,0.0,13568.0,1528416,5624736,222,222,222,888,0,10096,0,0.9986201430603744,1.0,11279552,5584
quantization_stress_18q_l2,training,b9ba7e7f9f7faa942ecf55bc10c6f9a9488b0e3dcf87233bed822bea2416c816,opt_einsum_greedy,,True,4dpu_t8,True,,d504919e20d95bac608dd906d46abb122f9680873679710b0584e71981648fb5,a2d4c9a0de41337d4e19212efc4acfdc8b2524f4bc71d8eb53702aa5bcce76d7,2806088.0,1403044.0,65536.0,1048576.0,89402.0,16,141,7153152.0,7763616.0,5612176.0,10891.0,0.0,13568.0,1528416,5624736,222,159,159,636,0,10096,138,0.9986201430603744,0.9856804205712721,11279552,5584
quantization_stress_18q_l2,training,0184f668c86e97263da41f5bf7283c74579fb146b0e6cb4f1a381ef7af5e7b53,cotengra_one_trial,20260942,False,1dpu_t8,False,estimated_work_unit_count_exceeds_preregistered_bound,,,,,,,,,,,,,,,,,,,,,,,,,,,,
quantization_stress_18q_l2,training,0184f668c86e97263da41f5bf7283c74579fb146b0e6cb4f1a381ef7af5e7b53,cotengra_one_trial,20260942,False,4dpu_t8,False,estimated_work_unit_count_exceeds_preregistered_bound,,,,,,,,,,,,,,,,,,,,,,,,,,,,
quantization_stress_18q_l2,training,03b7dbe6baa07aa85628f1a8ef6526319e6f57aa4227d2b391883d448cedeb84,cotengra_one_trial,20260905,False,1dpu_t8,True,,bc9177c63a8d8b7ab2425f7b3f2bc4af7ad21b26d5f7df9c5f3c6285b94b7bb6,eefa29df352684ba41dca8f179d8e674dec9e2c5e98a5ba848af8941e3e35751,2195904.0,1097952.0,8192.0,131072.0,13200.0,13,141,4689088.0,5082304.0,4391808.0,4484.0,0.0,13568.0,283584,4405504,148,148,148,592,0,3744,0,0.9978104689458192,1.0,8841088,138796
quantization_stress_18q_l2,training,03b7dbe6baa07aa85628f1a8ef6526319e6f57aa4227d2b391883d448cedeb84,cotengra_one_trial,20260905,False,4dpu_t8,True,,bc9177c63a8d8b7ab2425f7b3f2bc4af7ad21b26d5f7df9c5f3c6285b94b7bb6,4044f64fc1af204dd8a1b4cafa3efd890db33e12a7755e247a5b2db1ab74d008,2195904.0,1097952.0,8192.0,131072.0,13200.0,13,141,4689088.0,5082304.0,4391808.0,4454.0,0.0,13568.0,283584,4405504,148,142,142,568,0,3744,140,0.9978104689458192,0.9662717495846813,8841088,138796
quantization_stress_18q_l2,training,07508d935340695354326fdcd41b3641c1c8fd3df7c652ca9703aff2a5ff4282,cotengra_one_trial,20260932,False,1dpu_t8,False,semantic_identity_expansion_exceeds_preregistered_bound,,,,,,,,,,,,,,,,,,,,,,,,,,,,
quantization_stress_18q_l2,training,07508d935340695354326fdcd41b3641c1c8fd3df7c652ca9703aff2a5ff4282,cotengra_one_trial,20260932,False,4dpu_t8,False,semantic_identity_expansion_exceeds_preregistered_bound,,,,,,,,,,,,,,,,,,,,,,,,,,,,
quantization_stress_18q_l2,training,081ace550eee317ca300f75e4835f8b7f70bb6aac7741eb67e63022dc33d3f68,cotengra_one_trial,20260929,False,1dpu_t8,False,semantic_identity_expansion_exceeds_preregistered_bound,,,,,,,,,,,,,,,,,,,,,,,,,,,,
quantization_stress_18q_l2,training,081ace550eee317ca300f75e4835f8b7f70bb6aac7741eb67e63022dc33d3f68,cotengra_one_trial,20260929,False,4dpu_t8,False,semantic_identity_expansion_exceeds_preregistered_bound,,,,,,,,,,,,,,,,,,,,,,,,,,,,
quantization_stress_18q_l2,training,0a8f8ef2b0582de23ca9a91423e3f4e8cad6666ee64259b06d75222f68bba920,cotengra_one_trial,20260954,False,1dpu_t8,False,estimated_work_unit_count_exceeds_preregistered_bound,,,,,,,,,,,,,,,,,,,,,,,,,,,,
quantization_stress_18q_l2,training,0a8f8ef2b0582de23ca9a91423e3f4e8cad6666ee64259b06d75222f68bba920,cotengra_one_trial,20260954,False,4dpu_t8,False,estimated_work_unit_count_exceeds_preregistered_bound,,,,,,,,,,,,,,,,,,,,,,,,,,,,
quantization_stress_18q_l2,training,107fcedfeb4c1370f4b712210ee745c9445a52b3b61d136177c4e0a50115d1ec,cotengra_one_trial,20260918,False,1dpu_t8,False,estimated_work_unit_count_exceeds_preregistered_bound,,,,,,,,,,,,,,,,,,,,,,,,,,,,
quantization_stress_18q_l2,training,107fcedfeb4c1370f4b712210ee745c9445a52b3b61d136177c4e0a50115d1ec,cotengra_one_trial,20260918,False,4dpu_t8,False,estimated_work_unit_count_exceeds_preregistered_bound,,,,,,,,,,,,,,,,,,,,,,,,,,,,
quantization_stress_18q_l2,training,10a9721c7c233d813be05d418775950cc6ac337775d43465d916a21b4d679a55,cotengra_one_trial,20260939,False,1dpu_t8,False,estimated_work_unit_count_exceeds_preregistered_bound,,,,,,,,,,,,,,,,,,,,,,,,,,,,
quantization_stress_18q_l2,training,10a9721c7c233d813be05d418775950cc6ac337775d43465d916a21b4d679a55,cotengra_one_trial,20260939,False,4dpu_t8,False,estimated_work_unit_count_exceeds_preregistered_bound,,,,,,,,,,,,,,,,,,,,,,,,,,,,
quantization_stress_18q_l2,training,1195f47dadaea5c7071ac411d1625a7c8be24941bb6b66fb4104fc5f90d0c227,cotengra_one_trial,20260908,False,1dpu_t8,True,,18f2840a7a32c99f773e667b0d0b68f11f9394ac642bf10ca38d87d3a46d139b,af6d9c1e03e3351f83dad132fdc7ce40d00b6fce1c2c2036db74f948034df508,2204048.0,1102024.0,4096.0,65536.0,8924.0,12,141,4544064.0,5016000.0,4408096.0,4416.0,0.0,13568.0,206976,4337088,144,144,144,576,0,3696,0,0.9991860431351768,1.0,8704256,42508
quantization_stress_18q_l2,training,1195f47dadaea5c7071ac411d1625a7c8be24941bb6b66fb4104fc5f90d0c227,cotengra_one_trial,20260908,False,4dpu_t8,True,,18f2840a7a32c99f773e667b0d0b68f11f9394ac642bf10ca38d87d3a46d139b,64308f39fd564ba8b48994d571f564fd34a13ee6ae4a0ce2d6c5115e8ef2a9bb,2204048.0,1102024.0,4096.0,65536.0,8924.0,12,141,4544064.0,5016000.0,4408096.0,4401.0,0.0,13568.0,206976,4337088,144,141,141,564,0,3696,140,0.9991860431351768,0.9636251116128143,8704256,42508
quantization_stress_18q_l2,training,15b457fc40c87741fa8a48efe2569f5956849487cf1ae7716891dbd2ada32aa1,cotengra_one_trial,20260930,False,1dpu_t8,False,estimated_work_unit_count_exceeds_preregistered_bound,,,,,,,,,,,,,,,,,,,,,,,,,,,,
quantization_stress_18q_l2,training,15b457fc40c87741fa8a48efe2569f5956849487cf1ae7716891dbd2ada32aa1,cotengra_one_trial,20260930,False,4dpu_t8,False,estimated_work_unit_count_exceeds_preregistered_bound,,,,,,,,,,,,,,,,,,,,,,,,,,,,
quantization_stress_18q_l2,training,1bef1c19011270a91ad97cc7b37b3a818626e33a7f85750d69adc3a334e71700,cotengra_one_trial,20260958,False,1dpu_t8,False,estimated_work_unit_count_exceeds_preregistered_bound,,,,,,,,,,,,,,,,,,,,,,,,,,,,
quantization_stress_18q_l2,training,1bef1c19011270a91ad97cc7b37b3a818626e33a7f85750d69adc3a334e71700,cotengra_one_trial,20260958,False,4dpu_t8,False,estimated_work_unit_count_exceeds_preregistered_bound,,,,,,,,,,,,,,,,,,,,,,,,,,,,
quantization_stress_18q_l2,training,1caf8621862ba7749451824c2e16b447c6cb55888ee5a6049dd1127966647043,cotengra_one_trial,20260921,False,1dpu_t8,True,,16b29ef46ddcf7a7ed9c9978b6b89eb8cbeb616328dd03d9ba71b66612f3998a,490db6ebfa71fc7a0a6aa3deea6e037484246aa20b6d8380d4584477e4001255,2156512.0,1078256.0,4096.0,65536.0,8048.0,12,141,4516032.0,4984896.0,4313024.0,4424.0,0.0,13568.0,192960,4323072,144,144,144,576,0,3704,0,0.9993294727782641,1.0,8676224,71880
quantization_stress_18q_l2,training,1caf8621862ba7749451824c2e16b447c6cb55888ee5a6049dd1127966647043,cotengra_one_trial,20260921,False,4dpu_t8,True,,16b29ef46ddcf7a7ed9c9978b6b89eb8cbeb616328dd03d9ba71b66612f3998a,898546af5597c6d8b6438761767b3095b88223d903e27200e04d080bc5f470ac,2156512.0,1078256.0,4096.0,65536.0,8048.0,12,141,4516032.0,4984896.0,4313024.0,4409.0,0.0,13568.0,192960,4323072,144,141,141,564,0,3704,140,0.9993294727782641,0.979355551928299,8676224,71880
quantization_stress_18q_l2,training,1e56f4cf06589e1afcc1761e1ea902dacc3ae08010185c8ad4a3b0403d3df1ee,cotengra_one_trial,20260943,False,1dpu_t8,False,semantic_identity_expansion_exceeds_preregistered_bound,,,,,,,,,,,,,,,,,,,,,,,,,,,,
quantization_stress_18q_l2,training,1e56f4cf06589e1afcc1761e1ea902dacc3ae08010185c8ad4a3b0403d3df1ee,cotengra_one_trial,20260943,False,4dpu_t8,False,semantic_identity_expansion_exceeds_preregistered_bound,,,,,,,,,,,,,,,,,,,,,,,,,,,,
quantization_stress_18q_l2,training,1f37dc1880f417c862b4d57a02c8d2a34b7d066e064d0902892f74aa3cbd7ab9,cotengra_one_trial,20260922,False,1dpu_t8,False,estimated_work_unit_count_exceeds_preregistered_bound,,,,,,,,,,,,,,,,,,,,,,,,,,,,
quantization_stress_18q_l2,training,1f37dc1880f417c862b4d57a02c8d2a34b7d066e064d0902892f74aa3cbd7ab9,cotengra_one_trial,20260922,False,4dpu_t8,False,estimated_work_unit_count_exceeds_preregistered_bound,,,,,,,,,,,,,,,,,,,,,,,,,,,,
quantization_stress_18q_l2,training,21d2642eb135941d860d68e3ade677858849bb3692bc775154df0240e27d6f04,cotengra_one_trial,20260909,False,1dpu_t8,False,estimated_work_unit_count_exceeds_preregistered_bound,,,,,,,,,,,,,,,,,,,,,,,,,,,,
quantization_stress_18q_l2,training,21d2642eb135941d860d68e3ade677858849bb3692bc775154df0240e27d6f04,cotengra_one_trial,20260909,False,4dpu_t8,False,estimated_work_unit_count_exceeds_preregistered_bound,,,,,,,,,,,,,,,,,,,,,,,,,,,,
quantization_stress_18q_l2,training,22f9d60dd8b0aa69d52848c1711dd8fe86ac713712cb1a345acaaad466983bbd,cotengra_one_trial,20260960,False,1dpu_t8,False,estimated_work_unit_count_exceeds_preregistered_bound,,,,,,,,,,,,,,,,,,,,,,,,,,,,
quantization_stress_18q_l2,training,22f9d60dd8b0aa69d52848c1711dd8fe86ac713712cb1a345acaaad466983bbd,cotengra_one_trial,20260960,False,4dpu_t8,False,estimated_work_unit_count_exceeds_preregistered_bound,,,,,,,,,,,,,,,,,,,,,,,,,,,,
quantization_stress_18q_l2,training,2a174a26a1c96572f00c2cc17ce1ecf7217701e92746c58549dd6f8a56c0325b,cotengra_one_trial,20260945,False,1dpu_t8,False,estimated_work_unit_count_exceeds_preregistered_bound,,,,,,,,,,,,,,,,,,,,,,,,,,,,
quantization_stress_18q_l2,training,2a174a26a1c96572f00c2cc17ce1ecf7217701e92746c58549dd6f8a56c0325b,cotengra_one_trial,20260945,False,4dpu_t8,False,estimated_work_unit_count_exceeds_preregistered_bound,,,,,,,,,,,,,,,,,,,,,,,,,,,,
quantization_stress_18q_l2,training,2eb807e063945083b04ae8fe3a72afca4e2a2b97d37dc739805c462caa388747,cotengra_one_trial,20260925,False,1dpu_t8,True,,c6a00b964c6ee0153b7c9419483267c078693159d70eda491ecd6f0075c093f4,a6ee8a52b9c89db9ef2b891ab0b8ef788f8198ab1b8afba7fbd8cc13b3f6cf61,4320568.0,2160284.0,8192.0,131072.0,14390.0,13,141,4768128.0,5697344.0,8641136.0,4408.0,0.0,13568.0,343584,4424544,144,144,144,576,0,3688,0,0.9997092974812571,1.0,8879168,266274
quantization_stress_18q_l2,training,2eb807e063945083b04ae8fe3a72afca4e2a2b97d37dc739805c462caa388747,cotengra_one_trial,20260925,False,4dpu_t8,True,,c6a00b964c6ee0153b7c9419483267c078693159d70eda491ecd6f0075c093f4,159880a52fe99a74381b4699d992929a0991479b555372421165509edd58383c,4320568.0,2160284.0,8192.0,131072.0,14390.0,13,141,4768128.0,5697344.0,8641136.0,4393.0,0.0,13568.0,343584,4424544,144,141,141,564,0,3688,140,0.9997092974812571,0.9780820484714047,8879168,266274
quantization_stress_18q_l2,training,348d3fb5c4d401742575f7e9ce41a5ff1fb8415c2010311fb6b13a9bb52d2de8,cotengra_one_trial,20260914,False,1dpu_t8,True,,f4cc316f399f6dd00f2b78e55943492235e3cb8760463e2065d8c4900a5f5fe3,fba11248bf5ef571848a733fd8b50e70830bf2d3cdea35fadf459feee5b69fb8,2156512.0,1078256.0,2048.0,32768.0,8536.0,11,141,4548032.0,5008832.0,4313024.0,4408.0,0.0,13568.0,217152,4330880,144,144,144,576,0,3688,0,0.9975534566930302,1.0,8691840,298604
quantization_stress_18q_l2,training,348d3fb5c4d401742575f7e9ce41a5ff1fb8415c2010311fb6b13a9bb52d2de8,cotengra_one_trial,20260914,False,4dpu_t8,True,,f4cc316f399f6dd00f2b78e55943492235e3cb8760463e2065d8c4900a5f5fe3,1c48047aef310015d3ea14a25fa186f9a1ad3b54ec63825d4b15378e7055130d,2156512.0,1078256.0,2048.0,32768.0,8536.0,11,141,4548032.0,5008832.0,4313024.0,4393.0,0.0,13568.0,217152,4330880,144,141,141,564,0,3688,140,0.9975534566930302,0.979355551928299,8691840,298604
quantization_stress_18q_l2,training,3763a088cfc4bbe6d6f456de8874a9bbec4bb16b343a5af699b3d8be28a44fa6,cotengra_one_trial,20260913,False,1dpu_t8,False,estimated_work_unit_count_exceeds_preregistered_bound,,,,,,,,,,,,,,,,,,,,,,,,,,,,
quantization_stress_18q_l2,training,3763a088cfc4bbe6d6f456de8874a9bbec4bb16b343a5af699b3d8be28a44fa6,cotengra_one_trial,20260913,False,4dpu_t8,False,estimated_work_unit_count_exceeds_preregistered_bound,,,,,,,,,,,,,,,,,,,,,,,,,,,,
quantization_stress_18q_l2,training,3ca77a8ed425a927805eb6ad673dff0e5c27c18f63675b687e2a42e0fc01010d,cotengra_one_trial,20260963,False,1dpu_t8,False,estimated_work_unit_count_exceeds_preregistered_bound,,,,,,,,,,,,,,,,,,,,,,,,,,,,
quantization_stress_18q_l2,training,3ca77a8ed425a927805eb6ad673dff0e5c27c18f63675b687e2a42e0fc01010d,cotengra_one_trial,20260963,False,4dpu_t8,False,estimated_work_unit_count_exceeds_preregistered_bound,,,,,,,,,,,,,,,,,,,,,,,,,,,,
quantization_stress_18q_l2,training,3d57abf6a9eea3bf1e029d109539aabe8c7c8304e2aefe1916bc5b253ed03deb,cotengra_one_trial,20260949,False,1dpu_t8,False,estimated_work_unit_count_exceeds_preregistered_bound,,,,,,,,,,,,,,,,,,,,,,,,,,,,
quantization_stress_18q_l2,training,3d57abf6a9eea3bf1e029d109539aabe8c7c8304e2aefe1916bc5b253ed03deb,cotengra_one_trial,20260949,False,4dpu_t8,False,estimated_work_unit_count_exceeds_preregistered_bound,,,,,,,,,,,,,,,,,,,,,,,,,,,,
quantization_stress_18q_l2,training,4011094e240dcc0291e412bc5b63e3e323e5ac1dcd6a7ef7b03802d8b7519827,cotengra_one_trial,20260941,False,1dpu_t8,False,estimated_work_unit_count_exceeds_preregistered_bound,,,,,,,,,,,,,,,,,,,,,,,,,,,,
quantization_stress_18q_l2,training,4011094e240dcc0291e412bc5b63e3e323e5ac1dcd6a7ef7b03802d8b7519827,cotengra_one_trial,20260941,False,4dpu_t8,False,estimated_work_unit_count_exceeds_preregistered_bound,,,,,,,,,,,,,,,,,,,,,,,,,,,,
quantization_stress_18q_l2,training,4407fbe1005d16ed7e599eb8330f808d56c8fa5265432d2a3a7a98e594334e30,cotengra_one_trial,20260950,False,1dpu_t8,False,estimated_work_unit_count_exceeds_preregistered_bound,,,,,,,,,,,,,,,,,,,,,,,,,,,,
quantization_stress_18q_l2,training,4407fbe1005d16ed7e599eb8330f808d56c8fa5265432d2a3a7a98e594334e30,cotengra_one_trial,20260950,False,4dpu_t8,False,estimated_work_unit_count_exceeds_preregistered_bound,,,,,,,,,,,,,,,,,,,,,,,,,,,,
quantization_stress_18q_l2,training,45867fd614671dbda365ce0028619223fb2e8c2c2edd0086b2a49a8927bf88d8,cotengra_one_trial,20260947,False,1dpu_t8,True,,585dbacc9bcdc34f5d9f70963d92e63e144e068bf80a7b856395b859338fce61,5f812a261600fbf26e1ef097035693d88d04c705ac089e15868ac0ab4e04a6fd,2170240.0,1085120.0,4096.0,65536.0,10816.0,12,141,4604608.0,5069504.0,4340480.0,4424.0,0.0,13568.0,237248,4367360,144,144,144,576,0,3704,0,0.9977514007667355,1.0,8764800,303582
quantization_stress_18q_l2,training,45867fd614671dbda365ce0028619223fb2e8c2c2edd0086b2a49a8927bf88d8,cotengra_one_trial,20260947,False,4dpu_t8,True,,585dbacc9bcdc34f5d9f70963d92e63e144e068bf80a7b856395b859338fce61,76984441d77ea566502f3cf00baa2253951a18e83212ecbee0bc23edf5e0541b,2170240.0,1085120.0,4096.0,65536.0,10816.0,12,141,4604608.0,5069504.0,4340480.0,4409.0,0.0,13568.0,237248,4367360,144,141,141,564,0,3704,140,0.9977514007667355,0.9747419640224123,8764800,303582
quantization_stress_18q_l2,training,4c00ececd4a7cd9a3c018d1dcc90f4a2f0349efd48368274c4722cb4686881c6,cotengra_one_trial,20260959,False,1dpu_t8,False,estimated_work_unit_count_exceeds_preregistered_bound,,,,,,,,,,,,,,,,,,,,,,,,,,,,
quantization_stress_18q_l2,training,4c00ececd4a7cd9a3c018d1dcc90f4a2f0349efd48368274c4722cb4686881c6,cotengra_one_trial,20260959,False,4dpu_t8,False,estimated_work_unit_count_exceeds_preregistered_bound,,,,,,,,,,,,,,,,,,,,,,,,,,,,
quantization_stress_18q_l2,training,4d9e7b3edec6aaba05eec5ac6aacb24ae5c6b30b800ecce4732ae93954e69fd1,cotengra_one_trial,20260910,False,1dpu_t8,False,estimated_work_unit_count_exceeds_preregistered_bound,,,,,,,,,,,,,,,,,,,,,,,,,,,,
quantization_stress_18q_l2,training,4d9e7b3edec6aaba05eec5ac6aacb24ae5c6b30b800ecce4732ae93954e69fd1,cotengra_one_trial,20260910,False,4dpu_t8,False,estimated_work_unit_count_exceeds_preregistered_bound,,,,,,,,,,,,,,,,,,,,,,,,,,,,
quantization_stress_18q_l2,training,5ad866815246a504c7e6207fc4f67c3a451f022042728186ff7dde42fece7d7e,cotengra_one_trial,20260940,False,1dpu_t8,True,,7449e47fc6ccc2a34d8064940d88b3c304489059d8df73bf0dc419e119557705,8d28589cf50d34c05261f17fd7b862add91fd8bb3af498332c5c6ea821223609,2154256.0,1077128.0,4096.0,65536.0,7788.0,12,141,4507712.0,4974400.0,4308512.0,4408.0,0.0,13568.0,188800,4318912,144,144,144,576,0,3688,0,0.9992080792626318,1.0,8667904,267746
quantization_stress_18q_l2,training,5ad866815246a504c7e6207fc4f67c3a451f022042728186ff7dde42fece7d7e,cotengra_one_trial,20260940,False,4dpu_t8,True,,7449e47fc6ccc2a34d8064940d88b3c304489059d8df73bf0dc419e119557705,2f83fc361e4b7065a9c81a35ba486003faf528167e0acf2b998076af8c56ffb1,2154256.0,1077128.0,4096.0,65536.0,7788.0,12,141,4507712.0,4974400.0,4308512.0,4393.0,0.0,13568.0,188800,4318912,144,141,141,564,0,3688,140,0.9992080792626318,0.980119354431414,8667904,267746
quantization_stress_18q_l2,training,5cfb0a4c990bb611ce30d14354704ce92a87a1a715d1ad63b790cd82f7053019,cotengra_one_trial,20260923,False,1dpu_t8,False,estimated_work_unit_count_exceeds_preregistered_bound,,,,,,,,,,,,,,,,,,,,,,,,,,,,
quantization_stress_18q_l2,training,5cfb0a4c990bb611ce30d14354704ce92a87a1a715d1ad63b790cd82f7053019,cotengra_one_trial,20260923,False,4dpu_t8,False,estimated_work_unit_count_exceeds_preregistered_bound,,,,,,,,,,,,,,,,,,,,,,,,,,,,
quantization_stress_18q_l2,training,638f33c6180c0595b7940f6a13be841f56a3d87e5a2e2df9f91905bc97ec92b0,cotengra_one_trial,20260955,False,1dpu_t8,False,estimated_work_unit_count_exceeds_preregistered_bound,,,,,,,,,,,,,,,,,,,,,,,,,,,,
quantization_stress_18q_l2,training,638f33c6180c0595b7940f6a13be841f56a3d87e5a2e2df9f91905bc97ec92b0,cotengra_one_trial,20260955,False,4dpu_t8,False,estimated_work_unit_count_exceeds_preregistered_bound,,,,,,,,,,,,,,,,,,,,,,,,,,,,
quantization_stress_18q_l2,training,6878fa7901d26331fa2a083112e80e7e432cc44c2fd34a7b2c6af2151dc3ece1,cotengra_one_trial,20260944,False,1dpu_t8,True,,74b198eca82cb2fa73e1f4a17d91a47625618a1a3584ac6a800708e24a5322aa,d2d421c57ec2a0d157f0d671472d0205da8cb30e2e582a5cca3a046826d78dfc,2150408.0,1075204.0,2048.0,32768.0,7386.0,11,141,4511232.0,4973472.0,4300816.0,4408.0,0.0,13568.0,198752,4312480,144,144,144,576,0,3688,0,0.9981784851990878,1.0,8655040,11620
quantization_stress_18q_l2,training,6878fa7901d26331fa2a083112e80e7e432cc44c2fd34a7b2c6af2151dc3ece1,cotengra_one_trial,20260944,False,4dpu_t8,True,,74b198eca82cb2fa73e1f4a17d91a47625618a1a3584ac6a800708e24a5322aa,414f8b08a78cd21ca6b286dae918ec0b9c5cba91cb266774b4f38413110eb315,2150408.0,1075204.0,2048.0,32768.0,7386.0,11,141,4511232.0,4973472.0,4300816.0,4393.0,0.0,13568.0,198752,4312480,144,141,141,564,0,3688,140,0.9981784851990878,0.9814258503502591,8655040,11620
quantization_stress_18q_l2,training,6f02e7f54b7467108f59c6f1cbf5be6953473620e0ed45dbbbcb93543d4f5896,cotengra_one_trial,20260952,False,1dpu_t8,False,estimated_work_unit_count_exceeds_preregistered_bound,,,,,,,,,,,,,,,,,,,,,,,,,,,,
quantization_stress_18q_l2,training,6f02e7f54b7467108f59c6f1cbf5be6953473620e0ed45dbbbcb93543d4f5896,cotengra_one_trial,20260952,False,4dpu_t8,False,estimated_work_unit_count_exceeds_preregistered_bound,,,,,,,,,,,,,,,,,,,,,,,,,,,,
quantization_stress_18q_l2,training,7d646ac60bdd510762d0253affaffa61307c0282f86a6c1e9b61abd046a02db6,cotengra_one_trial,20260916,False,1dpu_t8,False,estimated_work_unit_count_exceeds_preregistered_bound,,,,,,,,,,,,,,,,,,,,,,,,,,,,
quantization_stress_18q_l2,training,7d646ac60bdd510762d0253affaffa61307c0282f86a6c1e9b61abd046a02db6,cotengra_one_trial,20260916,False,4dpu_t8,False,estimated_work_unit_count_exceeds_preregistered_bound,,,,,,,,,,,,,,,,,,,,,,,,,,,,
quantization_stress_18q_l2,training,7f93884834800c56baa8aed802f21b0a701a647ebb392faf278bd8ae2ffc7c82,cotengra_one_trial,20260927,False,1dpu_t8,True,,1c1ce3150dd1d1d4c0a76ffe16b242e136dff21c0c54ad27ec987ae4d4049c44,90b50ccd78bdc752a06d0f2cb1a3df5ba9719529155c5a6b42728c0b1149701d,2213960.0,1106980.0,4096.0,65536.0,10674.0,12,141,4600064.0,5078336.0,4427920.0,4432.0,0.0,13568.0,234976,4365088,144,144,144,576,0,3712,0,0.9985112648828344,1.0,8760256,46564
quantization_stress_18q_l2,training,7f93884834800c56baa8aed802f21b0a701a647ebb392faf278bd8ae2ffc7c82,cotengra_one_trial,20260927,False,4dpu_t8,True,,1c1ce3150dd1d1d4c0a76ffe16b242e136dff21c0c54ad27ec987ae4d4049c44,7279d448fb8b9623776512e3fd38bc96c123d19309dd7ae2d2e4abf9e8735c7a,2213960.0,1106980.0,4096.0,65536.0,10674.0,12,141,4600064.0,5078336.0,4427920.0,4417.0,0.0,13568.0,234976,4365088,144,141,141,564,0,3712,140,0.9985112648828344,0.9604301794070353,8760256,46564
quantization_stress_18q_l2,training,82e7f31482adcbe1a145ed1ff35fe0c86e3f2d9f663984af408d1359ce27f95e,cotengra_one_trial,20260919,False,1dpu_t8,False,estimated_work_unit_count_exceeds_preregistered_bound,,,,,,,,,,,,,,,,,,,,,,,,,,,,
quantization_stress_18q_l2,training,82e7f31482adcbe1a145ed1ff35fe0c86e3f2d9f663984af408d1359ce27f95e,cotengra_one_trial,20260919,False,4dpu_t8,False,estimated_work_unit_count_exceeds_preregistered_bound,,,,,,,,,,,,,,,,,,,,,,,,,,,,
quantization_stress_18q_l2,training,83561084629fafcaf6c3ea837613e114448fb9a8159773247259a0db02fb4f93,cotengra_one_trial,20260912,False,1dpu_t8,True,,26b8b1409bce24e47b59a9e79f245ed03325c25b0d7b922bb33eb13f0f5407d7,d17933f3eefdfe1c95b80efe72aba4eb0b3be6a301bf8d51557527adf4b11e89,2173088.0,1086544.0,4096.0,65536.0,8912.0,12,141,4543680.0,5006400.0,4346176.0,4400.0,0.0,13568.0,206784,4336896,144,144,144,576,0,3680,0,0.9993198618739784,1.0,8703872,36336
quantization_stress_18q_l2,training,83561084629fafcaf6c3ea837613e114448fb9a8159773247259a0db02fb4f93,cotengra_one_trial,20260912,False,4dpu_t8,True,,26b8b1409bce24e47b59a9e79f245ed03325c25b0d7b922bb33eb13f0f5407d7,cab452cfeab0e7e0a1c0f6c936aa060b2efadf1fa3daa1288358e2d4e7ae2a9f,2173088.0,1086544.0,4096.0,65536.0,8912.0,12,141,4543680.0,5006400.0,4346176.0,4385.0,0.0,13568.0,206784,4336896,144,141,141,564,0,3680,140,0.9993198618739784,0.9737921335905403,8703872,36336
quantization_stress_18q_l2,training,84ef66e6f17347afae4a8524796e063562eea206ae96b154fdc5d5ea3ac3f63b,cotengra_one_trial,20260924,False,1dpu_t8,False,estimated_work_unit_count_exceeds_preregistered_bound,,,,,,,,,,,,,,,,,,,,,,,,,,,,
quantization_stress_18q_l2,training,84ef66e6f17347afae4a8524796e063562eea206ae96b154fdc5d5ea3ac3f63b,cotengra_one_trial,20260924,False,4dpu_t8,False,estimated_work_unit_count_exceeds_preregistered_bound,,,,,,,,,,,,,,,,,,,,,,,,,,,,
quantization_stress_18q_l2,training,8c3480dd555f564df2ac84fcd22cdf5ecb63b912c4ac05700a215e1a05ea93ff,cotengra_one_trial,20260917,False,1dpu_t8,False,estimated_work_unit_count_exceeds_preregistered_bound,,,,,,,,,,,,,,,,,,,,,,,,,,,,
quantization_stress_18q_l2,training,8c3480dd555f564df2ac84fcd22cdf5ecb63b912c4ac05700a215e1a05ea93ff,cotengra_one_trial,20260917,False,4dpu_t8,False,estimated_work_unit_count_exceeds_preregistered_bound,,,,,,,,,,,,,,,,,,,,,,,,,,,,
quantization_stress_18q_l2,training,8ee08e5ce30b80b389014238c9043592c1ebaead1a7a6e3e1cacee36a6047230,cotengra_one_trial,20260936,False,1dpu_t8,True,,972015f3909b89d9dd9d95aed129bea1d4628414e06ff0e3d5db7b6abcc6e064,2d965cf529bdbc17e13ea026253d7c30893c85ebb9790dbf3b30ac78f7cc9b11,2164632.0,1082316.0,4096.0,65536.0,8094.0,12,141,4517504.0,4984128.0,4329264.0,4408.0,0.0,13568.0,193696,4323808,144,144,144,576,0,3688,0,0.9991536667664527,1.0,8677696,69564
quantization_stress_18q_l2,training,8ee08e5ce30b80b389014238c9043592c1ebaead1a7a6e3e1cacee36a6047230,cotengra_one_trial,20260936,False,4dpu_t8,True,,972015f3909b89d9dd9d95aed129bea1d4628414e06ff0e3d5db7b6abcc6e064,5653568b0a5fe87110d785d548e3d33036467b738ee400e09a28c9e84ff01e62,2164632.0,1082316.0,4096.0,65536.0,8094.0,12,141,4517504.0,4984128.0,4329264.0,4393.0,0.0,13568.0,193696,4323808,144,141,141,564,0,3688,140,0.9991536667664527,0.9766195824509663,8677696,69564
quantization_stress_18q_l2,training,916a374652d40d917f2d4c485a717b2c8aa71a4588d383a205cbae5c1c52740c,cotengra_one_trial,20260928,False,1dpu_t8,True,,fe6b2cf3d79685e5909ae20092cb8d78fc3c9b73e9d8fdc30af22c82282de521,62bc104b08d8a0ca4839062234f054eec9345eaaefffb63a23a8ad347e1c9c5f,2193544.0,1096772.0,4096.0,65536.0,8458.0,12,141,4529152.0,5000000.0,4387088.0,4408.0,0.0,13568.0,199520,4329632,144,144,144,576,0,3688,0,0.9993526457641151,1.0,8689344,134310
quantization_stress_18q_l2,training,916a374652d40d917f2d4c485a717b2c8aa71a4588d383a205cbae5c1c52740c,cotengra_one_trial,20260928,False,4dpu_t8,True,,fe6b2cf3d79685e5909ae20092cb8d78fc3c9b73e9d8fdc30af22c82282de521,86c31dc6a6c206c4cc0eed4f89ecf0c16b69433bc26cf001e7b924645bc1c55a,2193544.0,1096772.0,4096.0,65536.0,8458.0,12,141,4529152.0,5000000.0,4387088.0,4393.0,0.0,13568.0,199520,4329632,144,141,141,564,0,3688,140,0.9993526457641151,0.9670423752612212,8689344,134310
quantization_stress_18q_l2,training,945a7f4abce193bfdd655d49aeb18262b5f72e865b9a94381610e1cbd50c5090,cotengra_one_trial,20260937,False,1dpu_t8,False,estimated_work_unit_count_exceeds_preregistered_bound,,,,,,,,,,,,,,,,,,,,,,,,,,,,
quantization_stress_18q_l2,training,945a7f4abce193bfdd655d49aeb18262b5f72e865b9a94381610e1cbd50c5090,cotengra_one_trial,20260937,False,4dpu_t8,False,estimated_work_unit_count_exceeds_preregistered_bound,,,,,,,,,,,,,,,,,,,,,,,,,,,,
quantization_stress_18q_l2,training,9d1e1ae9a325d84cef97b0fd9beffa9d4b3d783f00a4e38f6fce3a17114d3abb,cotengra_one_trial,20260965,False,1dpu_t8,True,,070ab06a1a0108c764e55b9e42b7df0c1f5c8868071fa444958ddaaf38fd46b6,e8df7bae62c8613da0647768cbb41b3e79725ef88880ce56c3750918a906b64c,2146480.0,1073240.0,2048.0,32768.0,6820.0,11,141,4493120.0,4957632.0,4292960.0,4408.0,0.0,13568.0,189696,4303424,144,144,144,576,0,3688,0,0.99913066974768,1.0,8636928,75888
quantization_stress_18q_l2,training,9d1e1ae9a325d84cef97b0fd9beffa9d4b3d783f00a4e38f6fce3a17114d3abb,cotengra_one_trial,20260965,False,4dpu_t8,True,,070ab06a1a0108c764e55b9e42b7df0c1f5c8868071fa444958ddaaf38fd46b6,06fa7f5b1b3f674adef4567189891c74a7dee05304c1505de0976964fc2275e1,2146480.0,1073240.0,2048.0,32768.0,6820.0,11,141,4493120.0,4957632.0,4292960.0,4393.0,0.0,13568.0,189696,4303424,144,141,141,564,0,3688,140,0.99913066974768,0.9827643397562521,8636928,75888
quantization_stress_18q_l2,training,a237c62182df8786eef72b1192c51c27d9d33008ffecd7a53d9c4d157a26b391,cotengra_one_trial,20260935,False,1dpu_t8,False,estimated_work_unit_count_exceeds_preregistered_bound,,,,,,,,,,,,,,,,,,,,,,,,,,,,
quantization_stress_18q_l2,training,a237c62182df8786eef72b1192c51c27d9d33008ffecd7a53d9c4d157a26b391,cotengra_one_trial,20260935,False,4dpu_t8,False,estimated_work_unit_count_exceeds_preregistered_bound,,,,,,,,,,,,,,,,,,,,,,,,,,,,
quantization_stress_18q_l2,training,a5c7db5305e202b93b3675a743746b099deb481563b4b0b94817194e5dfbb13f,cotengra_one_trial,20260953,False,1dpu_t8,False,estimated_work_unit_count_exceeds_preregistered_bound,,,,,,,,,,,,,,,,,,,,,,,,,,,,
quantization_stress_18q_l2,training,a5c7db5305e202b93b3675a743746b099deb481563b4b0b94817194e5dfbb13f,cotengra_one_trial,20260953,False,4dpu_t8,False,estimated_work_unit_count_exceeds_preregistered_bound,,,,,,,,,,,,,,,,,,,,,,,,,,,,
quantization_stress_18q_l2,training,b047129e8260bdc3d4b971ee4cc1fc35ddd98dbecfb262e19536f135e991e020,cotengra_one_trial,20260931,False,1dpu_t8,True,,03abc819706f3ae468f05004e15ecf9588fb5c3e112a5e4ed226d614e8ed22ec,a0a2003dc1b49563710965bd58c6ae191294a6e4a8742ea7433dfb3dfabf107f,2195360.0,1097680.0,4096.0,65536.0,8848.0,12,141,4541632.0,5013568.0,4390720.0,4416.0,0.0,13568.0,205760,4335872,144,144,144,576,0,3696,0,0.9993559142919612,1.0,8701824,69792
quantization_stress_18q_l2,training,b047129e8260bdc3d4b971ee4cc1fc35ddd98dbecfb262e19536f135e991e020,cotengra_one_trial,20260931,False,4dpu_t8,True,,03abc819706f3ae468f05004e15ecf9588fb5c3e112a5e4ed226d614e8ed22ec,3dcac40a08ffc08642bbd82c91990fb8944418a1ba58b0f2acb837d64adb0fc9,2195360.0,1097680.0,4096.0,65536.0,8848.0,12,141,4541632.0,5013568.0,4390720.0,4401.0,0.0,13568.0,205760,4335872,144,141,141,564,0,3696,140,0.9993559142919612,0.9664492383937031,8701824,69792
quantization_stress_18q_l2,training,b26bd9ab2fdaedbb429b749d84513e8ac275b27b1d8965ac3dc9fca7fc93e886,cotengra_one_trial,20260951,False,1dpu_t8,True,,a3aec76aeface99df50b58c765205e370bdc159c131cd111e151b4966f204c0d,eaef27bcd452f4093a0a4b13a6b2c356f20be85d4be3bad225d2914eab11a8e3,2191008.0,1095504.0,8192.0,131072.0,11792.0,13,141,4644032.0,5049408.0,4382016.0,4492.0,0.0,13568.0,261056,4382976,148,148,148,592,0,3752,0,0.9993327272196176,1.0,8796032,527978
quantization_stress_18q_l2,training,b26bd9ab2fdaedbb429b749d84513e8ac275b27b1d8965ac3dc9fca7fc93e886,cotengra_one_trial,20260951,False,4dpu_t8,True,,a3aec76aeface99df50b58c765205e370bdc159c131cd111e151b4966f204c0d,8811c3ccb3aeb1a866ffca3c94d0742472d6b39227c83872475d8006e03e6c5c,2191008.0,1095504.0,8192.0,131072.0,11792.0,13,141,4644032.0,5049408.0,4382016.0,4462.0,0.0,13568.0,261056,4382976,148,142,142,568,0,3752,140,0.9993327272196176,0.9678723217806598,8796032,527978
quantization_stress_18q_l2,training,b5724e964b3aa540fb87624d6d11f25a85deb7f8038a445b16d2a01c7b1dfc55,cotengra_one_trial,20260964,False,1dpu_t8,False,estimated_work_unit_count_exceeds_preregistered_bound,,,,,,,,,,,,,,,,,,,,,,,,,,,,
quantization_stress_18q_l2,training,b5724e964b3aa540fb87624d6d11f25a85deb7f8038a445b16d2a01c7b1dfc55,cotengra_one_trial,20260964,False,4dpu_t8,False,estimated_work_unit_count_exceeds_preregistered_bound,,,,,,,,,,,,,,,,,,,,,,,,,,,,
quantization_stress_18q_l2,training,b68a617d3e62646117d8ffb9c3e967d44f3b6ff292ea9e42d904681c6c52b22f,cotengra_one_trial,20260906,False,1dpu_t8,True,,6dcb5e89ce23c1f1b68915f7bb9ba0fc67c04dd4e85b9c024e2452cb877c0f1a,75d919cd0cfa4eca1f95d406aae06cfc91f34c4f8412ba395fea49d669690585,2160800.0,1080400.0,4096.0,65536.0,8112.0,12,141,4518080.0,4986944.0,4321600.0,4424.0,0.0,13568.0,193984,4324096,144,144,144,576,0,3704,0,0.9991160681229174,1.0,8678272,69406
quantization_stress_18q_l2,training,b68a617d3e62646117d8ffb9c3e967d44f3b6ff292ea9e42d904681c6c52b22f,cotengra_one_trial,20260906,False,4dpu_t8,True,,6dcb5e89ce23c1f1b68915f7bb9ba0fc67c04dd4e85b9c024e2452cb877c0f1a,0ff60b6858de05c611eb218d8c50754700884435c3dff659044fea3cc0b6c365,2160800.0,1080400.0,4096.0,65536.0,8112.0,12,141,4518080.0,4986944.0,4321600.0,4409.0,0.0,13568.0,193984,4324096,144,141,141,564,0,3704,140,0.9991160681229174,0.9779081821547575,8678272,69406
quantization_stress_18q_l2,training,bb2ee0bce35be54aeb92b6481139dcbacb8a7204c00ed035cc0d346275a7a437,cotengra_one_trial,20260920,False,1dpu_t8,False,semantic_identity_expansion_exceeds_preregistered_bound,,,,,,,,,,,,,,,,,,,,,,,,,,,,
quantization_stress_18q_l2,training,bb2ee0bce35be54aeb92b6481139dcbacb8a7204c00ed035cc0d346275a7a437,cotengra_one_trial,20260920,False,4dpu_t8,False,semantic_identity_expansion_exceeds_preregistered_bound,,,,,,,,,,,,,,,,,,,,,,,,,,,,
quantization_stress_18q_l2,training,bf4803eb35a6808716fb62d7d219472484129fa7be250b1f6aa8a6c48afb43c3,cotengra_one_trial,20260933,False,1dpu_t8,True,,a0c99d4f41d064e534063bdd5ed917205e609c6c699a3b05f4d101d5a0dd056d,46b4002318a265a423b8ec0e7f31358feb8e4bf9fe61e7ec8e0889834e81fd3e,2203168.0,1101584.0,8192.0,131072.0,12416.0,13,141,4664000.0,5075520.0,4406336.0,4540.0,0.0,13568.0,271040,4392960,148,148,148,592,0,3800,0,0.9992420006100307,1.0,8816000,68372
quantization_stress_18q_l2,training,bf4803eb35a6808716fb62d7d219472484129fa7be250b1f6aa8a6c48afb43c3,cotengra_one_trial,20260933,False,4dpu_t8,True,,a0c99d4f41d064e534063bdd5ed917205e609c6c699a3b05f4d101d5a0dd056d,75cc9626eca3b9fd53e08fa189dba290540115a591630c38ba13ccbb8c96ebf0,2203168.0,1101584.0,8192.0,131072.0,12416.0,13,141,4664000.0,5075520.0,4406336.0,4510.0,0.0,13568.0,271040,4392960,148,142,142,568,0,3800,140,0.9992420006100307,0.9639101512004532,8816000,68372
quantization_stress_18q_l2,training,c753640856b0d720ce8d4408f0929eb9ff46ee2121e7a1f0b52097dc911640f2,cotengra_one_trial,20260903,False,1dpu_t8,False,estimated_work_unit_count_exceeds_preregistered_bound,,,,,,,,,,,,,,,,,,,,,,,,,,,,
quantization_stress_18q_l2,training,c753640856b0d720ce8d4408f0929eb9ff46ee2121e7a1f0b52097dc911640f2,cotengra_one_trial,20260903,False,4dpu_t8,False,estimated_work_unit_count_exceeds_preregistered_bound,,,,,,,,,,,,,,,,,,,,,,,,,,,,
quantization_stress_18q_l2,training,ca30295ca6f2a1239787d798e558b14b60dab64d509cb53bc6c5fc747888f195,cotengra_one_trial,20260946,False,1dpu_t8,False,semantic_identity_expansion_exceeds_preregistered_bound,,,,,,,,,,,,,,,,,,,,,,,,,,,,
quantization_stress_18q_l2,training,ca30295ca6f2a1239787d798e558b14b60dab64d509cb53bc6c5fc747888f195,cotengra_one_trial,20260946,False,4dpu_t8,False,semantic_identity_expansion_exceeds_preregistered_bound,,,,,,,,,,,,,,,,,,,,,,,,,,,,
quantization_stress_18q_l2,training,cafe64ae3126c9510579976e49c760493f4e045d7c9bd586e5078e0fd01842d9,cotengra_one_trial,20260948,False,1dpu_t8,False,estimated_work_unit_count_exceeds_preregistered_bound,,,,,,,,,,,,,,,,,,,,,,,,,,,,
quantization_stress_18q_l2,training,cafe64ae3126c9510579976e49c760493f4e045d7c9bd586e5078e0fd01842d9,cotengra_one_trial,20260948,False,4dpu_t8,False,estimated_work_unit_count_exceeds_preregistered_bound,,,,,,,,,,,,,,,,,,,,,,,,,,,,
quantization_stress_18q_l2,training,cf4c9c3b4dac41774afae317753e8922b3828807686757dc5bdc991a1af0c13e,cotengra_one_trial,20260934,False,1dpu_t8,False,estimated_work_unit_count_exceeds_preregistered_bound,,,,,,,,,,,,,,,,,,,,,,,,,,,,
quantization_stress_18q_l2,training,cf4c9c3b4dac41774afae317753e8922b3828807686757dc5bdc991a1af0c13e,cotengra_one_trial,20260934,False,4dpu_t8,False,estimated_work_unit_count_exceeds_preregistered_bound,,,,,,,,,,,,,,,,,,,,,,,,,,,,
quantization_stress_18q_l2,training,dd4f9497aa3c02d683659d07f09348986e0a532ce3180b077b513a9266ea84a7,cotengra_one_trial,20260902,False,1dpu_t8,False,estimated_work_unit_count_exceeds_preregistered_bound,,,,,,,,,,,,,,,,,,,,,,,,,,,,
quantization_stress_18q_l2,training,dd4f9497aa3c02d683659d07f09348986e0a532ce3180b077b513a9266ea84a7,cotengra_one_trial,20260902,False,4dpu_t8,False,estimated_work_unit_count_exceeds_preregistered_bound,,,,,,,,,,,,,,,,,,,,,,,,,,,,
quantization_stress_18q_l2,training,e27a5d30c9d103657d4d4a3080fd248b3109bef132d35799e07488515dcd2907,cotengra_one_trial,20260938,False,1dpu_t8,False,semantic_identity_expansion_exceeds_preregistered_bound,,,,,,,,,,,,,,,,,,,,,,,,,,,,
quantization_stress_18q_l2,training,e27a5d30c9d103657d4d4a3080fd248b3109bef132d35799e07488515dcd2907,cotengra_one_trial,20260938,False,4dpu_t8,False,semantic_identity_expansion_exceeds_preregistered_bound,,,,,,,,,,,,,,,,,,,,,,,,,,,,
quantization_stress_18q_l2,training,e56fd025e7fdf900c75302bb6e7212f78d89deef09b236732a001e9f5c5001c1,cotengra_one_trial,20260957,False,1dpu_t8,True,,824f32c53990b77d7f4041db2611708959be6ab40b644d36ac1c3ec53d5fd28b,78b4b26b2e3f5ee55ce329b3bbffae8f2406e2e60165a6d06ba64522d7e4efec,2147552.0,1073776.0,2048.0,32768.0,6736.0,11,141,4490432.0,4955200.0,4295104.0,4408.0,0.0,13568.0,188352,4302080,144,144,144,576,0,3688,0,0.9994160793312572,1.0,8634240,36080
quantization_stress_18q_l2,training,e56fd025e7fdf900c75302bb6e7212f78d89deef09b236732a001e9f5c5001c1,cotengra_one_trial,20260957,False,4dpu_t8,True,,824f32c53990b77d7f4041db2611708959be6ab40b644d36ac1c3ec53d5fd28b,539de505b156b9b358469242b093fcee513f6d8c2bd4385818dd586433cfd07d,2147552.0,1073776.0,2048.0,32768.0,6736.0,11,141,4490432.0,4955200.0,4295104.0,4393.0,0.0,13568.0,188352,4302080,144,141,141,564,0,3688,140,0.9994160793312572,0.9823985635737807,8634240,36080
quantization_stress_18q_l2,training,e7f2ad3aef247ff4d7f2b7374966596ab24e96aa1fabd13234cbaebecab85d65,cotengra_one_trial,20260915,False,1dpu_t8,True,,82f6fbd5fe5eed78fa0c1dffb4e2c564daf76ae33889abb5725b2c92199b7520,4055b85622d2bafba3e53069478d257d7ecb5d571c226a48d0fd15c4c98b0f8c,2256640.0,1128320.0,16384.0,262144.0,21088.0,14,141,4945600.0,5236416.0,4513280.0,4708.0,0.0,13568.0,413888,4531712,156,156,156,624,0,3928,0,0.9978738301191151,1.0,9093504,73286
quantization_stress_18q_l2,training,e7f2ad3aef247ff4d7f2b7374966596ab24e96aa1fabd13234cbaebecab85d65,cotengra_one_trial,20260915,False,4dpu_t8,True,,82f6fbd5fe5eed78fa0c1dffb4e2c564daf76ae33889abb5725b2c92199b7520,0d138b1615cac85dee41d9207bb7f8871e118a748aad51df746bb105f8b69cb4,2256640.0,1128320.0,16384.0,262144.0,21088.0,14,141,4945600.0,5236416.0,4513280.0,4648.0,0.0,13568.0,413888,4531712,156,144,144,576,0,3928,140,0.9978738301191151,0.9469937606352807,9093504,73286
quantization_stress_18q_l2,training,ed28350459dc1a737e2811c70544b33e6247c10f807dfbfbef20b31713a0c3de,cotengra_one_trial,20260962,False,1dpu_t8,False,estimated_work_unit_count_exceeds_preregistered_bound,,,,,,,,,,,,,,,,,,,,,,,,,,,,
quantization_stress_18q_l2,training,ed28350459dc1a737e2811c70544b33e6247c10f807dfbfbef20b31713a0c3de,cotengra_one_trial,20260962,False,4dpu_t8,False,estimated_work_unit_count_exceeds_preregistered_bound,,,,,,,,,,,,,,,,,,,,,,,,,,,,
quantization_stress_18q_l2,training,edb5fa9a3f65e241560c2d17b060d9588611332ab382f307a70a88777fa68293,cotengra_one_trial,20260904,False,1dpu_t8,False,estimated_work_unit_count_exceeds_preregistered_bound,,,,,,,,,,,,,,,,,,,,,,,,,,,,
quantization_stress_18q_l2,training,edb5fa9a3f65e241560c2d17b060d9588611332ab382f307a70a88777fa68293,cotengra_one_trial,20260904,False,4dpu_t8,False,estimated_work_unit_count_exceeds_preregistered_bound,,,,,,,,,,,,,,,,,,,,,,,,,,,,
quantization_stress_18q_l2,training,f0ffa55a4c42bc3c11aa34c58901a0669d6583026f1dab0bd38f70c3978d12d2,cotengra_one_trial,20260961,False,1dpu_t8,False,estimated_work_unit_count_exceeds_preregistered_bound,,,,,,,,,,,,,,,,,,,,,,,,,,,,
quantization_stress_18q_l2,training,f0ffa55a4c42bc3c11aa34c58901a0669d6583026f1dab0bd38f70c3978d12d2,cotengra_one_trial,20260961,False,4dpu_t8,False,estimated_work_unit_count_exceeds_preregistered_bound,,,,,,,,,,,,,,,,,,,,,,,,,,,,
quantization_stress_18q_l2,training,f3d07dc13b9d1ebc9d18c688a5a26983490a49d7471c32d71e8e6e826113ec4e,cotengra_one_trial,20260956,False,1dpu_t8,False,estimated_work_unit_count_exceeds_preregistered_bound,,,,,,,,,,,,,,,,,,,,,,,,,,,,
quantization_stress_18q_l2,training,f3d07dc13b9d1ebc9d18c688a5a26983490a49d7471c32d71e8e6e826113ec4e,cotengra_one_trial,20260956,False,4dpu_t8,False,estimated_work_unit_count_exceeds_preregistered_bound,,,,,,,,,,,,,,,,,,,,,,,,,,,,
quantization_stress_18q_l2,training,f8cfd4efa88bdc563f3b6798b410ab84cb42bfedc5b932c9034d697ff13394a7,cotengra_one_trial,20260926,False,1dpu_t8,False,estimated_work_unit_count_exceeds_preregistered_bound,,,,,,,,,,,,,,,,,,,,,,,,,,,,
quantization_stress_18q_l2,training,f8cfd4efa88bdc563f3b6798b410ab84cb42bfedc5b932c9034d697ff13394a7,cotengra_one_trial,20260926,False,4dpu_t8,False,estimated_work_unit_count_exceeds_preregistered_bound,,,,,,,,,,,,,,,,,,,,,,,,,,,,
quantization_stress_18q_l2,training,f9bf1b9f049ff413807e44aabb5723f7cce599230f927847fc067d4deb4c9fb0,cotengra_one_trial,20260907,False,1dpu_t8,False,estimated_work_unit_count_exceeds_preregistered_bound,,,,,,,,,,,,,,,,,,,,,,,,,,,,
quantization_stress_18q_l2,training,f9bf1b9f049ff413807e44aabb5723f7cce599230f927847fc067d4deb4c9fb0,cotengra_one_trial,20260907,False,4dpu_t8,False,estimated_work_unit_count_exceeds_preregistered_bound,,,,,,,,,,,,,,,,,,,,,,,,,,,,
quantization_stress_18q_l2,training,ff6d20bff1e9b1b83a2e0d6683a03f29a00630a0d87fa7bcb0f1d489a63193b9,cotengra_one_trial,20260911,False,1dpu_t8,False,estimated_work_unit_count_exceeds_preregistered_bound,,,,,,,,,,,,,,,,,,,,,,,,,,,,
quantization_stress_18q_l2,training,ff6d20bff1e9b1b83a2e0d6683a03f29a00630a0d87fa7bcb0f1d489a63193b9,cotengra_one_trial,20260911,False,4dpu_t8,False,estimated_work_unit_count_exceeds_preregistered_bound,,,,,,,,,,,,,,,,,,,,,,,,,,,,
hs_18q_d1,training,bf83ea123bc85b30f3c7f1f8a0de47c8366352fc37c099890eab75c8cba62cb8,opt_einsum_greedy,,True,1dpu_t8,True,,dd46d96263bc04008e7800fc0c50b8bd6824badb435b2878a38398ab3d6a8bef,843c9972542cce4f0d7aece9d563595e6fa7ce5c41ba9d56028114bbe652ed28,527824.0,263912.0,1024.0,16384.0,1588.0,10,53,4262016.0,4511424.0,1055648.0,1856.0,0.0,13568.0,42304,4219712,56,56,56,224,0,1576,0,0.9991777562217709,1.0,8448640,1088
hs_18q_d1,training,bf83ea123bc85b30f3c7f1f8a0de47c8366352fc37c099890eab75c8cba62cb8,opt_einsum_greedy,,True,4dpu_t8,True,,dd46d96263bc04008e7800fc0c50b8bd6824badb435b2878a38398ab3d6a8bef,dae3fe1116e570fdbfb2665618f682d9226669e0e32c65e7c4b9df308ae0654c,527824.0,263912.0,1024.0,16384.0,1588.0,10,53,4262016.0,4511424.0,1055648.0,1841.0,0.0,13568.0,42304,4219712,56,53,53,212,0,1576,52,0.9991777562217709,0.9949755979265816,8448640,1088
hs_18q_d1,training,002f633fd11c9c8ac95008a9452a63ccea24651ab38167fe6e6b762d00c2806d,cotengra_one_trial,20260941,False,1dpu_t8,True,,2591087611c7a36eed9aaadd068fb912954354c19b384af36527612c5aa7ebaa,3ede110d6e0d5d50330d6d56e2b9fe452b122cfd84191435ecb7ee4bd2535b88,529136.0,264568.0,1024.0,16384.0,1916.0,10,53,4272512.0,4520064.0,1058272.0,1848.0,0.0,13568.0,47552,4224960,56,56,56,224,0,1568,0,0.9971689697922651,1.0,8459136,3182
hs_18q_d1,training,002f633fd11c9c8ac95008a9452a63ccea24651ab38167fe6e6b762d00c2806d,cotengra_one_trial,20260941,False,4dpu_t8,True,,2591087611c7a36eed9aaadd068fb912954354c19b384af36527612c5aa7ebaa,25eac8f5fa140e280f646a8804add523161deefda00a95ab6ca4bd8f2645115e,529136.0,264568.0,1024.0,16384.0,1916.0,10,53,4272512.0,4520064.0,1058272.0,1833.0,0.0,13568.0,47552,4224960,56,53,53,212,0,1568,52,0.9971689697922651,0.9931284206706782,8459136,3182
hs_18q_d1,training,07bf4b4cf7f66d8ecdfd1fdf7b9a10d7cfdb331586c8dc8c04237da78abd647e,cotengra_one_trial,20260920,False,1dpu_t8,True,,dff46f7de0907363fad5a0c4f6a33f58b8ecca4bb883d0e3f20d307cd9096263,ea03a8e1459ec53eb9ea04f502106f1bdeb9980107860d6d30cc11755e159f45,528776.0,264388.0,1024.0,16384.0,1826.0,10,53,4269632.0,4517664.0,1057552.0,1848.0,0.0,13568.0,46112,4223520,56,56,56,224,0,1568,0,0.9976492881673904,1.0,8456256,2286
hs_18q_d1,training,07bf4b4cf7f66d8ecdfd1fdf7b9a10d7cfdb331586c8dc8c04237da78abd647e,cotengra_one_trial,20260920,False,4dpu_t8,True,,dff46f7de0907363fad5a0c4f6a33f58b8ecca4bb883d0e3f20d307cd9096263,b20eca08990da1fe929880d9019c104f40da26abd262c42429e24d04bb0528a5,528776.0,264388.0,1024.0,16384.0,1826.0,10,53,4269632.0,4517664.0,1057552.0,1833.0,0.0,13568.0,46112,4223520,56,53,53,212,0,1568,52,0.9976492881673904,0.9936343555683314,8456256,2286
hs_18q_d1,training,0c5bff3a4d111464cf4bcb489e396f0ef61739a873d014cd660711f785ba4d6b,cotengra_one_trial,20260930,False,1dpu_t8,True,,28a662a892fdc6b12a6e8b2c0861ac70bc6a398ba406a993e0bedbfe2b1982aa,a4bce1c28a7000a822f3c2b29eae6b9e1e13e4744d4745c4f96b1d948ffc70c1,529104.0,264552.0,1024.0,16384.0,1908.0,10,53,4272256.0,4519808.0,1058208.0,1848.0,0.0,13568.0,47424,4224832,56,56,56,224,0,1568,0,0.9972141582751217,1.0,8458880,3246
hs_18q_d1,training,0c5bff3a4d111464cf4bcb489e396f0ef61739a873d014cd660711f785ba4d6b,cotengra_one_trial,20260930,False,4dpu_t8,True,,28a662a892fdc6b12a6e8b2c0861ac70bc6a398ba406a993e0bedbfe2b1982aa,acb7da2d7e663144206683322b686c2b8541cebc167934f40cb05f351b48024a,529104.0,264552.0,1024.0,16384.0,1908.0,10,53,4272256.0,4519808.0,1058208.0,1833.0,0.0,13568.0,47424,4224832,56,53,53,212,0,1568,52,0.9972141582751217,0.993173364782727,8458880,3246
hs_18q_d1,training,0f172b4535a71fb59dd5d4f406df828c33333cda1113d1c71db08b5d0e989d1e,cotengra_one_trial,20260940,False,1dpu_t8,True,,effb17e9fd24b9768105686a1c2df64c7143760bcef663f80c1381664f5c5360,fbe175c5e7d7ea76d48501ecb6294237406bf4534484cb0a052a87814a72c241,527824.0,263912.0,1024.0,16384.0,1588.0,10,53,4262016.0,4511872.0,1055648.0,1848.0,0.0,13568.0,42304,4219712,56,56,56,224,0,1568,0,0.9992990087604959,1.0,8448640,1552
hs_18q_d1,training,0f172b4535a71fb59dd5d4f406df828c33333cda1113d1c71db08b5d0e989d1e,cotengra_one_trial,20260940,False,4dpu_t8,True,,effb17e9fd24b9768105686a1c2df64c7143760bcef663f80c1381664f5c5360,561bda76136a7b41a5e57fe3eb0106594a012fe3e35d61776a0da23b1e2b5850,527824.0,263912.0,1024.0,16384.0,1588.0,10,53,4262016.0,4511872.0,1055648.0,1833.0,0.0,13568.0,42304,4219712,56,53,53,212,0,1568,52,0.9992990087604959,0.9949755979265816,8448640,1552
hs_18q_d1,training,19acd1bd9731ab28eca531242aec4d3e70963dbda11c22f831f7d12107f1bba1,cotengra_one_trial,20260951,False,1dpu_t8,True,,bdfdb67ddecb05f3a40e1f50e355720175fad404cb002a8203791aa2dd6a84ac,dae2b985c82d79635dc9611e1fabe0abce6c8fb7d19d06004f0bb877af790719,527824.0,263912.0,1024.0,16384.0,1588.0,10,53,4262016.0,4511872.0,1055648.0,1848.0,0.0,13568.0,42304,4219712,56,56,56,224,0,1568,0,0.9992990087604959,1.0,8448640,1488
hs_18q_d1,training,19acd1bd9731ab28eca531242aec4d3e70963dbda11c22f831f7d12107f1bba1,cotengra_one_trial,20260951,False,4dpu_t8,True,,bdfdb67ddecb05f3a40e1f50e355720175fad404cb002a8203791aa2dd6a84ac,5e3c1b7a612184568490a04892b088e5feec309ba65e31cd75012049bfd33f7e,527824.0,263912.0,1024.0,16384.0,1588.0,10,53,4262016.0,4511872.0,1055648.0,1833.0,0.0,13568.0,42304,4219712,56,53,53,212,0,1568,52,0.9992990087604959,0.9949755979265816,8448640,1488
hs_18q_d1,training,1b68e19aaedcffded32f35dfbf1a1ac01d310ee8ca351d5f0203fbedea3b4326,cotengra_one_trial,20260916,False,1dpu_t8,True,,e47fafd6d8c2184d1aa4574c2c76331a094e3da7b4ee7747f36346200cd4f98a,03b09c8bbf2b8dc803db95980dfaf1516bdaef05261e9b752ccce2bcfe34e93a,528848.0,264424.0,1024.0,16384.0,1844.0,10,53,4270208.0,4518016.0,1057696.0,1848.0,0.0,13568.0,46400,4223808,56,56,56,224,0,1568,0,0.9975456085680574,1.0,8456832,2114
hs_18q_d1,training,1b68e19aaedcffded32f35dfbf1a1ac01d310ee8ca351d5f0203fbedea3b4326,cotengra_one_trial,20260916,False,4dpu_t8,True,,e47fafd6d8c2184d1aa4574c2c76331a094e3da7b4ee7747f36346200cd4f98a,d8ea05b79500f1e9e12013f3a4958027a174f57705e9eddf77d3c413e22a2d53,528848.0,264424.0,1024.0,16384.0,1844.0,10,53,4270208.0,4518016.0,1057696.0,1833.0,0.0,13568.0,46400,4223808,56,53,53,212,0,1568,52,0.9975456085680574,0.9935331134844039,8456832,2114
hs_18q_d1,training,24e70ef17399e4f889ac932324033e6f3144e7a030ba21bdc60b204d8d33e95a,cotengra_one_trial,20260965,False,1dpu_t8,True,,196f913a97bcc70a6982edbacc2a7bbb6d44ae9c06a661a66a058d7df425f9bd,825866232ab505e1eb7786a04584397af694bceddee484a3b5e6897fa9e53b18,527824.0,263912.0,1024.0,16384.0,1588.0,10,53,4262016.0,4511872.0,1055648.0,1848.0,0.0,13568.0,42304,4219712,56,56,56,224,0,1568,0,0.9992990087604959,1.0,8448640,1584
hs_18q_d1,training,24e70ef17399e4f889ac932324033e6f3144e7a030ba21bdc60b204d8d33e95a,cotengra_one_trial,20260965,False,4dpu_t8,True,,196f913a97bcc70a6982edbacc2a7bbb6d44ae9c06a661a66a058d7df425f9bd,fc8b2c60acb48bf58d25c67a9b0ff25786ed896fb842648304086aeb3756c8d0,527824.0,263912.0,1024.0,16384.0,1588.0,10,53,4262016.0,4511872.0,1055648.0,1833.0,0.0,13568.0,42304,4219712,56,53,53,212,0,1568,52,0.9992990087604959,0.9949755979265816,8448640,1584
hs_18q_d1,training,25ea1aaf3a8402182a389b8b08cad910a5911438728e3ec7ef116801a75407be,cotengra_one_trial,20260950,False,1dpu_t8,True,,c3983b68035e1ca26e08b0bc86bb1f4540f33a25499a1480abcec13966b7aedb,fbb48e4f11fda8e8f8529f3d1d39c2df0251eacd7b5b233842274139e541ed81,529264.0,264632.0,1024.0,16384.0,1948.0,10,53,4273536.0,4521088.0,1058528.0,1848.0,0.0,13568.0,48064,4225472,56,56,56,224,0,1568,0,0.9968068865443332,1.0,8460160,3086
hs_18q_d1,training,25ea1aaf3a8402182a389b8b08cad910a5911438728e3ec7ef116801a75407be,cotengra_one_trial,20260950,False,4dpu_t8,True,,c3983b68035e1ca26e08b0bc86bb1f4540f33a25499a1480abcec13966b7aedb,41d047c09bccaa3905149182d327ab6beb9b5b135847abb2686b3569fa90d199,529264.0,264632.0,1024.0,16384.0,1948.0,10,53,4273536.0,4521088.0,1058528.0,1833.0,0.0,13568.0,48064,4225472,56,53,53,212,0,1568,52,0.9968068865443332,0.9929486985700898,8460160,3086
hs_18q_d1,training,277b2ff4e8c66832cf8cb517e06721550908bbf0d2d20990eae3da2a84c84adf,cotengra_one_trial,20260918,False,1dpu_t8,True,,451817949f5a5d572bcfb1e790463811e0483e2c3c4b37d5ff4f322de59ce9e4,a0c1d2f00b655d900d6daac17d2f71a67ac4f72c75389c99304eb13257f2a747,529072.0,264536.0,1024.0,16384.0,1900.0,10,53,4272000.0,4519552.0,1058144.0,1848.0,0.0,13568.0,47296,4224704,56,56,56,224,0,1568,0,0.9971686273323858,1.0,8458624,2286
hs_18q_d1,training,277b2ff4e8c66832cf8cb517e06721550908bbf0d2d20990eae3da2a84c84adf,cotengra_one_trial,20260918,False,4dpu_t8,True,,451817949f5a5d572bcfb1e790463811e0483e2c3c4b37d5ff4f322de59ce9e4,933d8020c49b233a9115ae913d3a439d82902a895fddc8f12efa03115e8f159a,529072.0,264536.0,1024.0,16384.0,1900.0,10,53,4272000.0,4519552.0,1058144.0,1833.0,0.0,13568.0,47296,4224704,56,53,53,212,0,1568,52,0.9971686273323858,0.9932183143315088,8458624,2286
hs_18q_d1,training,3133ac8b8653bd9a2836b06abb2d78b12e15c04ff98452d21089fc42be4d99fb,cotengra_one_trial,20260906,False,1dpu_t8,True,,7261b8c3fcc4888680eedcbec1b0cdecfa40f1d611fc36cbc4ced80c070dbfba,26c23a6fb59d20085744e4ff30d8655bad66f1399d8261baa6887574de56a974,527824.0,263912.0,1024.0,16384.0,1588.0,10,53,4262016.0,4511872.0,1055648.0,1848.0,0.0,13568.0,42304,4219712,56,56,56,224,0,1568,0,0.9992990087604959,1.0,8448640,1584
hs_18q_d1,training,3133ac8b8653bd9a2836b06abb2d78b12e15c04ff98452d21089fc42be4d99fb,cotengra_one_trial,20260906,False,4dpu_t8,True,,7261b8c3fcc4888680eedcbec1b0cdecfa40f1d611fc36cbc4ced80c070dbfba,fb6cce59436670b9592970c1a647085cb6b7a802898b470823429584b00d1717,527824.0,263912.0,1024.0,16384.0,1588.0,10,53,4262016.0,4511872.0,1055648.0,1833.0,0.0,13568.0,42304,4219712,56,53,53,212,0,1568,52,0.9992990087604959,0.9949755979265816,8448640,1584
hs_18q_d1,training,3398ac004f66c2b28067e07edcff5049d404ad945335eb0e0d7159f26b1e103e,cotengra_one_trial,20260953,False,1dpu_t8,True,,25eb284a23ddaab13958fe84faaf09b81ab7a35823ef6f74f7360bafb7c6ac64,d3cc8669215971fadd8923b5364fb20205707702e856c73957a5b31bf70fd808,529264.0,264632.0,1024.0,16384.0,1948.0,10,53,4273536.0,4521088.0,1058528.0,1848.0,0.0,13568.0,48064,4225472,56,56,56,224,0,1568,0,0.9969882705039451,1.0,8460160,3150
hs_18q_d1,training,3398ac004f66c2b28067e07edcff5049d404ad945335eb0e0d7159f26b1e103e,cotengra_one_trial,20260953,False,4dpu_t8,True,,25eb284a23ddaab13958fe84faaf09b81ab7a35823ef6f74f7360bafb7c6ac64,d815ac27ecc1247f48373dd34707d92757b17ff638c57732291c96eb989ee80c,529264.0,264632.0,1024.0,16384.0,1948.0,10,53,4273536.0,4521088.0,1058528.0,1833.0,0.0,13568.0,48064,4225472,56,53,53,212,0,1568,52,0.9969882705039451,0.9929486985700898,8460160,3150
hs_18q_d1,training,370e28e308c1334d27238183790678ebed88e598a4389ac2013a616f77a39396,cotengra_one_trial,20260961,False,1dpu_t8,True,,a0f4b4d95f97e89999e963a8e922a0ea1d9bd8bd048c55a53990bed2c2f63a71,99524583849975d8930df06df2274cddb2a3f2266c062c017e26df00dec33c59,529264.0,264632.0,1024.0,16384.0,1948.0,10,53,4273536.0,4521088.0,1058528.0,1848.0,0.0,13568.0,48064,4225472,56,56,56,224,0,1568,0,0.9968975785241392,1.0,8460160,2958
hs_18q_d1,training,370e28e308c1334d27238183790678ebed88e598a4389ac2013a616f77a39396,cotengra_one_trial,20260961,False,4dpu_t8,True,,a0f4b4d95f97e89999e963a8e922a0ea1d9bd8bd048c55a53990bed2c2f63a71,07d27557d6d02d5ba1e8a201f879d036aab1963b46df1f1b09f47e42f9eda60b,529264.0,264632.0,1024.0,16384.0,1948.0,10,53,4273536.0,4521088.0,1058528.0,1833.0,0.0,13568.0,48064,4225472,56,53,53,212,0,1568,52,0.9968975785241392,0.9929486985700898,8460160,2958
hs_18q_d1,training,38afcf60aaac4b9f71624ee134ff6bc35bb4c3f7f35ad57be50ec978916a2f95,cotengra_one_trial,20260924,False,1dpu_t8,True,,9e961ac86ba2ebee50a11f56973f579b25738e1b4388c6f889cb6d231a94081d,4a89e2aac49d4f2b85ceddf1c373994bf3a653a7a520d89e58b5b11f85aa8890,528848.0,264424.0,1024.0,16384.0,1844.0,10,53,4270208.0,4517760.0,1057696.0,1848.0,0.0,13568.0,46400,4223808,56,56,56,224,0,1568,0,0.9974850996883793,1.0,8456832,2190
hs_18q_d1,training,38afcf60aaac4b9f71624ee134ff6bc35bb4c3f7f35ad57be50ec978916a2f95,cotengra_one_trial,20260924,False,4dpu_t8,True,,9e961ac86ba2ebee50a11f56973f579b25738e1b4388c6f889cb6d231a94081d,83f2f800a326ae3deb7ea878f34299ed377583492779744867eaa4cc3f105776,528848.0,264424.0,1024.0,16384.0,1844.0,10,53,4270208.0,4517760.0,1057696.0,1833.0,0.0,13568.0,46400,4223808,56,53,53,212,0,1568,52,0.9974850996883793,0.9935331134844039,8456832,2190
hs_18q_d1,training,3ec76ad4354debd4e3d515b9586a2a02155e2efadce2fbadcc8a44815a8d072f,cotengra_one_trial,20260963,False,1dpu_t8,True,,1e32bf9b5df537367929b5547453b8f5c7ff6ea3d0e27d5ce52c3153a8c92c12,8b8141d943ff3d0a61ba37ae6644e938ae029a3762adb458fcd6a6213c122a4a,529264.0,264632.0,1024.0,16384.0,1948.0,10,53,4273536.0,4521088.0,1058528.0,1848.0,0.0,13568.0,48064,4225472,56,56,56,224,0,1568,0,0.9968068865443332,1.0,8460160,2190
hs_18q_d1,training,3ec76ad4354debd4e3d515b9586a2a02155e2efadce2fbadcc8a44815a8d072f,cotengra_one_trial,20260963,False,4dpu_t8,True,,1e32bf9b5df537367929b5547453b8f5c7ff6ea3d0e27d5ce52c3153a8c92c12,a5575fe763def906dc013bb3dd4178ddd051ff10ed4a5b9950b6ee36aadec119,529264.0,264632.0,1024.0,16384.0,1948.0,10,53,4273536.0,4521088.0,1058528.0,1833.0,0.0,13568.0,48064,4225472,56,53,53,212,0,1568,52,0.9968068865443332,0.9929486985700898,8460160,2190
hs_18q_d1,training,3ef3416abaecd8b8e1fced82b24630cbdbacaf6565741b6ff0a6821435affa6c,cotengra_one_trial,20260914,False,1dpu_t8,True,,60e38f64e82b5ffc187658f3a49f8bcb20c89713806dd4b35c7e1c70e0d2a604,19165aa087c9710d2cee6504514b61e31dba47ce0987e6833d090d05c6d6d9cc,528752.0,264376.0,1024.0,16384.0,1820.0,10,53,4269440.0,4516992.0,1057504.0,1848.0,0.0,13568.0,46016,4223424,56,56,56,224,0,1568,0,0.9976208127817956,1.0,8456064,3150
hs_18q_d1,training,3ef3416abaecd8b8e1fced82b24630cbdbacaf6565741b6ff0a6821435affa6c,cotengra_one_trial,20260914,False,4dpu_t8,True,,60e38f64e82b5ffc187658f3a49f8bcb20c89713806dd4b35c7e1c70e0d2a604,82c7d7b88e8ec5ec24b9f91d5fb04c9c684982232311eeb11b24fa9073a5fa42,528752.0,264376.0,1024.0,16384.0,1820.0,10,53,4269440.0,4516992.0,1057504.0,1833.0,0.0,13568.0,46016,4223424,56,53,53,212,0,1568,52,0.9976208127817956,0.9936681090567979,8456064,3150
hs_18q_d1,training,406a40910f8e2e1672accbc1b11c466efa387a0ab40aba96038301dc6c6eecb6,cotengra_one_trial,20260932,False,1dpu_t8,True,,5f7a2509077ff890967f79c3fa58dc31b42af15c791033e15f309f3e86462450,0f3987b784a22446f0746f3bf4319b931b11ff9e1619fc2bc6e3d875d2a6a9d0,528704.0,264352.0,1024.0,16384.0,1808.0,10,53,4269056.0,4516608.0,1057408.0,1848.0,0.0,13568.0,45824,4223232,56,56,56,224,0,1568,0,0.9975978997700037,1.0,8455680,3246
hs_18q_d1,training,406a40910f8e2e1672accbc1b11c466efa387a0ab40aba96038301dc6c6eecb6,cotengra_one_trial,20260932,False,4dpu_t8,True,,5f7a2509077ff890967f79c3fa58dc31b42af15c791033e15f309f3e86462450,faba7c0e78c448c765a2e31f9a0527fcaa8538df74f67041318dfadea629f7f5,528704.0,264352.0,1024.0,16384.0,1808.0,10,53,4269056.0,4516608.0,1057408.0,1833.0,0.0,13568.0,45824,4223232,56,53,53,212,0,1568,52,0.9975978997700037,0.9937356252269701,8455680,3246
hs_18q_d1,training,4328e77c31c965ac83ba585294a3e3db6a45e2b0771a695f37fc6ec1774ff8ad,cotengra_one_trial,20260929,False,1dpu_t8,True,,fd48a88c3696777f1b6a6846ed19df410b5b6664ac85fe227f4eeae7343b6586,3ec789a3c82246cd64ef1b0f95f102f13399063c99064d7353a64ff42ffa17ed,528880.0,264440.0,1024.0,16384.0,1852.0,10,53,4270464.0,4518016.0,1057760.0,1848.0,0.0,13568.0,46528,4223936,56,56,56,224,0,1568,0,0.997439872939041,1.0,8457088,2190
hs_18q_d1,training,4328e77c31c965ac83ba585294a3e3db6a45e2b0771a695f37fc6ec1774ff8ad,cotengra_one_trial,20260929,False,4dpu_t8,True,,fd48a88c3696777f1b6a6846ed19df410b5b6664ac85fe227f4eeae7343b6586,da19f21ef0077f9cd69aa9edc02bf564283d150a01de09210ea2c664de7ae897,528880.0,264440.0,1024.0,16384.0,1852.0,10,53,4270464.0,4518016.0,1057760.0,1833.0,0.0,13568.0,46528,4223936,56,53,53,212,0,1568,52,0.997439872939041,0.9934881258508547,8457088,2190
hs_18q_d1,training,4686e71f75e09635c86b58d1ed718c811de32386bdf933e5d57d2258872bb79c,cotengra_one_trial,20260964,False,1dpu_t8,True,,dd4e1e982e36cbab4eb03e904de8c6878ba405fd65d41c64480b428dc420f417,0ed499ee51382889042772d5c971709c3be84730f97e020573fc1a1fca0b6cd4,529264.0,264632.0,1024.0,16384.0,1948.0,10,53,4273536.0,4521088.0,1058528.0,1848.0,0.0,13568.0,48064,4225472,56,56,56,224,0,1568,0,0.9969882705039451,1.0,8460160,2254
hs_18q_d1,training,4686e71f75e09635c86b58d1ed718c811de32386bdf933e5d57d2258872bb79c,cotengra_one_trial,20260964,False,4dpu_t8,True,,dd4e1e982e36cbab4eb03e904de8c6878ba405fd65d41c64480b428dc420f417,212de968a47ded17748581ada1a7400027f342826ac2d588fb27371b9b6695bd,529264.0,264632.0,1024.0,16384.0,1948.0,10,53,4273536.0,4521088.0,1058528.0,1833.0,0.0,13568.0,48064,4225472,56,53,53,212,0,1568,52,0.9969882705039451,0.9929486985700898,8460160,2254
hs_18q_d1,training,49c65e6bca2e373969eb39b6d87f607054087abd332fe99835d891e7015b945e,cotengra_one_trial,20260928,False,1dpu_t8,True,,9ecf5a7af0843df11e4271c9c9b1a011c0fb2cb711bfd8f6f135c6f07e33a114,831e0067a18c5ece5a94b2e07c8f01ab8a134ec111752e5f4e5d1d0c1c403c7b,527824.0,263912.0,1024.0,16384.0,1588.0,10,53,4262016.0,4511872.0,1055648.0,1848.0,0.0,13568.0,42304,4219712,56,56,56,224,0,1568,0,0.9992990087604959,1.0,8448640,1552
hs_18q_d1,training,49c65e6bca2e373969eb39b6d87f607054087abd332fe99835d891e7015b945e,cotengra_one_trial,20260928,False,4dpu_t8,True,,9ecf5a7af0843df11e4271c9c9b1a011c0fb2cb711bfd8f6f135c6f07e33a114,f855010795253b40198410fe4b7ba87ac831775021b8709c4546e2e74452c693,527824.0,263912.0,1024.0,16384.0,1588.0,10,53,4262016.0,4511872.0,1055648.0,1833.0,0.0,13568.0,42304,4219712,56,53,53,212,0,1568,52,0.9992990087604959,0.9949755979265816,8448640,1552
hs_18q_d1,training,4b33cee5bff5c8322b9104c495876c8b7464897ddfc51a63f27666e2563e19c1,cotengra_one_trial,20260910,False,1dpu_t8,True,,27647c207b5d9f35cff59d7a50bf15299ceb8faad879a57e190214e697a1749f,f8dacea4b18bcb2426016527ee199f6ef94015b85769cdd1f6ad120d7ebc9b8a,529264.0,264632.0,1024.0,16384.0,1948.0,10,53,4273536.0,4521088.0,1058528.0,1848.0,0.0,13568.0,48064,4225472,56,56,56,224,0,1568,0,0.9968068865443332,1.0,8460160,3150
hs_18q_d1,training,4b33cee5bff5c8322b9104c495876c8b7464897ddfc51a63f27666e2563e19c1,cotengra_one_trial,20260910,False,4dpu_t8,True,,27647c207b5d9f35cff59d7a50bf15299ceb8faad879a57e190214e697a1749f,57a7978a667401838869293b3e2caaccec7dd16e314f4decb8a2f40b961ddc8f,529264.0,264632.0,1024.0,16384.0,1948.0,10,53,4273536.0,4521088.0,1058528.0,1833.0,0.0,13568.0,48064,4225472,56,53,53,212,0,1568,52,0.9968068865443332,0.9929486985700898,8460160,3150
hs_18q_d1,training,4bfe38b2a72275c15cee55c4974f0554c0e1ea00713ecc9e3c8197de69ac8afe,cotengra_one_trial,20260907,False,1dpu_t8,True,,a72156d7be8fa13fd71aa8bfdab4e11adddec166d0caa0bde4431b2bd22c9171,60d02ee291a626eafb2395d5defa2f0450dad9145c0544c516ebad1842c992c8,528976.0,264488.0,1024.0,16384.0,1876.0,10,53,4271232.0,4518784.0,1057952.0,1848.0,0.0,13568.0,46912,4224320,56,56,56,224,0,1568,0,0.9974857082362905,1.0,8457856,3150
hs_18q_d1,training,4bfe38b2a72275c15cee55c4974f0554c0e1ea00713ecc9e3c8197de69ac8afe,cotengra_one_trial,20260907,False,4dpu_t8,True,,a72156d7be8fa13fd71aa8bfdab4e11adddec166d0caa0bde4431b2bd22c9171,83196fff1c7c961f0a34947eebd5846df477505322fc1a61b4f953f516379ce4,528976.0,264488.0,1024.0,16384.0,1876.0,10,53,4271232.0,4518784.0,1057952.0,1833.0,0.0,13568.0,46912,4224320,56,53,53,212,0,1568,52,0.9974857082362905,0.9933531956081183,8457856,3150
hs_18q_d1,training,5cf71b63b0c1fe1871ea75f34da09afc5b15e6ea06d69cae71b61ddc0596b6a3,cotengra_one_trial,20260902,False,1dpu_t8,True,,1763f64b53da83b9b04900e76b033e728c75886a735a6a1974c02ca2769dc290,5c689c8165f639737630a6f8ef45e47ab257afb2f7cb6743d4e3805a00517cdd,529072.0,264536.0,1024.0,16384.0,1900.0,10,53,4272000.0,4519552.0,1058144.0,1848.0,0.0,13568.0,47296,4224704,56,56,56,224,0,1568,0,0.9971686273323858,1.0,8458624,3182
hs_18q_d1,training,5cf71b63b0c1fe1871ea75f34da09afc5b15e6ea06d69cae71b61ddc0596b6a3,cotengra_one_trial,20260902,False,4dpu_t8,True,,1763f64b53da83b9b04900e76b033e728c75886a735a6a1974c02ca2769dc290,3c29d8c0dec5074e66061d0224bf54620b5968c46552422f8440d08fb31bb8a5,529072.0,264536.0,1024.0,16384.0,1900.0,10,53,4272000.0,4519552.0,1058144.0,1833.0,0.0,13568.0,47296,4224704,56,53,53,212,0,1568,52,0.9971686273323858,0.9932183143315088,8458624,3182
hs_18q_d1,training,5d4914ee34940dc0a4061f0fc85ec8b47eb872aa8136e6386c6998f0b85af4f4,cotengra_one_trial,20260957,False,1dpu_t8,True,,fc36134f564aece98111f1e78c332d151f749471ecaa128691dbf64163db2808,c062eb35c877f7136455b36b09b12eb10241782cb5b6482e44cff8b0f503c9eb,527824.0,263912.0,1024.0,16384.0,1588.0,10,53,4262016.0,4511872.0,1055648.0,1848.0,0.0,13568.0,42304,4219712,56,56,56,224,0,1568,0,0.9992990087604959,1.0,8448640,1488
hs_18q_d1,training,5d4914ee34940dc0a4061f0fc85ec8b47eb872aa8136e6386c6998f0b85af4f4,cotengra_one_trial,20260957,False,4dpu_t8,True,,fc36134f564aece98111f1e78c332d151f749471ecaa128691dbf64163db2808,f5fedb122cba8dfa6056adaa093596de6881ac90a7c27dbeaba8c35536e0a5f5,527824.0,263912.0,1024.0,16384.0,1588.0,10,53,4262016.0,4511872.0,1055648.0,1833.0,0.0,13568.0,42304,4219712,56,53,53,212,0,1568,52,0.9992990087604959,0.9949755979265816,8448640,1488
hs_18q_d1,training,5e1fda8acf79f8a71bc33f05f79a54d3181a20e4641f22e07245ba65b0a7fb0f,cotengra_one_trial,20260946,False,1dpu_t8,True,,2ca384357a8d7bc37d2b2f1931454324cb31a52ae7983f4ca681a7aa724f59e6,0af521986fe9e0edc1ba20b32013d661cafa4bfa7a40e2526661c6321ba2e51f,528696.0,264348.0,1024.0,16384.0,1806.0,10,53,4268992.0,4516640.0,1057392.0,1848.0,0.0,13568.0,45792,4223200,56,56,56,224,0,1568,0,0.9976186693298228,1.0,8455616,2176
hs_18q_d1,training,5e1fda8acf79f8a71bc33f05f79a54d3181a20e4641f22e07245ba65b0a7fb0f,cotengra_one_trial,20260946,False,4dpu_t8,True,,2ca384357a8d7bc37d2b2f1931454324cb31a52ae7983f4ca681a7aa724f59e6,5396e3e0f6b63199ed96879a501f141f672969123cda4dd28c3eccfba2f6bf4b,528696.0,264348.0,1024.0,16384.0,1806.0,10,53,4268992.0,4516640.0,1057392.0,1833.0,0.0,13568.0,45792,4223200,56,53,53,212,0,1568,52,0.9976186693298228,0.9937468791138954,8455616,2176
hs_18q_d1,training,62020bb70ab8294e15551f8b2849175df4f97ff4a61a14b427ba2a03d3f1c023,cotengra_one_trial,20260913,False,1dpu_t8,True,,34db55271b42a99f9066227cbe024dfb9ac525f8d6d31405b2a2e990be7d4a25,b826ccfe7b5745afa334acde3624453a16bbec4dee46d8beec4965a62051e957,528992.0,264496.0,1024.0,16384.0,1880.0,10,53,4271360.0,4518912.0,1057984.0,1848.0,0.0,13568.0,46976,4224384,56,56,56,224,0,1568,0,0.9974630996309963,1.0,8457984,3086
hs_18q_d1,training,62020bb70ab8294e15551f8b2849175df4f97ff4a61a14b427ba2a03d3f1c023,cotengra_one_trial,20260913,False,4dpu_t8,True,,34db55271b42a99f9066227cbe024dfb9ac525f8d6d31405b2a2e990be7d4a25,a9bf649f473056a9eb1ad9e35d46024b82fe5102c26717a7ff5125a4440288a5,528992.0,264496.0,1024.0,16384.0,1880.0,10,53,4271360.0,4518912.0,1057984.0,1833.0,0.0,13568.0,46976,4224384,56,53,53,212,0,1568,52,0.9974630996309963,0.9933307119956446,8457984,3086
hs_18q_d1,training,63f07730ba8814dd3537102cb3b2b5da17036ece57fb0e998d7ffbd66b6cf8b5,cotengra_one_trial,20260905,False,1dpu_t8,True,,ecf7405566eacfa7c286d5d20a838f1556d9185a56953b853e4bd4cf848f88a4,6586cf9635eb85776df9679cf6e6e694ab18f87f0554abc9643729fe6f38b850,528784.0,264392.0,1024.0,16384.0,1828.0,10,53,4269696.0,4517248.0,1057568.0,1848.0,0.0,13568.0,46144,4223552,56,56,56,224,0,1568,0,0.9975755696087627,1.0,8456320,2190
hs_18q_d1,training,63f07730ba8814dd3537102cb3b2b5da17036ece57fb0e998d7ffbd66b6cf8b5,cotengra_one_trial,20260905,False,4dpu_t8,True,,ecf7405566eacfa7c286d5d20a838f1556d9185a56953b853e4bd4cf848f88a4,1053c8e9a2b5a17553ba49b4113fa40ed02aacec1a94ccd84da4d024d5605e60,528784.0,264392.0,1024.0,16384.0,1828.0,10,53,4269696.0,4517248.0,1057568.0,1833.0,0.0,13568.0,46144,4223552,56,53,53,212,0,1568,52,0.9975755696087627,0.9936231050863868,8456320,2190
hs_18q_d1,training,66959e7d2252e7093468ef286b17619756cf46afd8316dcddba5374cf4d1e490,cotengra_one_trial,20260909,False,1dpu_t8,True,,f37ea8c815f2804e827b1a71958d8f87d2070dbd6fa5324218554a918998cc08,104c4a8cecf01083825671084fc93d614800f899a26bd3ef780e2d61c9fd093e,529136.0,264568.0,1024.0,16384.0,1916.0,10,53,4272512.0,4520064.0,1058272.0,1848.0,0.0,13568.0,47552,4224960,56,56,56,224,0,1568,0,0.9970782558737262,1.0,8459136,2286
hs_18q_d1,training,66959e7d2252e7093468ef286b17619756cf46afd8316dcddba5374cf4d1e490,cotengra_one_trial,20260909,False,4dpu_t8,True,,f37ea8c815f2804e827b1a71958d8f87d2070dbd6fa5324218554a918998cc08,9599ae0ed13de06caf4a18101503ac666ef38c41289336201ae6041a62ed02e2,529136.0,264568.0,1024.0,16384.0,1916.0,10,53,4272512.0,4520064.0,1058272.0,1833.0,0.0,13568.0,47552,4224960,56,53,53,212,0,1568,52,0.9970782558737262,0.9931284206706782,8459136,2286
hs_18q_d1,training,6b7fe6f9dbf73e2b8ba125cf5146ff55cbece0617f569153203752791b435ff2,cotengra_one_trial,20260927,False,1dpu_t8,True,,457643af9d37ffa070b651079417658a434884652632751dd5ed8cc3b592ae3c,08d3f6b4995686861e2188ea6a4de46c8f273840415ab9eb29154490addc3685,527936.0,263968.0,1024.0,16384.0,1616.0,10,53,4262912.0,4512416.0,1055872.0,1848.0,0.0,13568.0,42752,4220160,56,56,56,224,0,1568,0,0.9990680688568311,1.0,8449536,1598
hs_18q_d1,training,6b7fe6f9dbf73e2b8ba125cf5146ff55cbece0617f569153203752791b435ff2,cotengra_one_trial,20260927,False,4dpu_t8,True,,457643af9d37ffa070b651079417658a434884652632751dd5ed8cc3b592ae3c,4398d74b477ead0f11c080fca7d0ce35b42e2a63d807021d8dd8d46b395494a7,527936.0,263968.0,1024.0,16384.0,1616.0,10,53,4262912.0,4512416.0,1055872.0,1833.0,0.0,13568.0,42752,4220160,56,53,53,212,0,1568,52,0.9990680688568311,0.9948175536428658,8449536,1598
hs_18q_d1,training,6cc1fbf9628e8fd0bcbefe173538490d412aef1c8a43103ed028d4c5702ea55f,cotengra_one_trial,20260933,False,1dpu_t8,True,,cc993e8ff221e6b3162cfb0a0d8e03859dbab5298362303ecff6c906ecddb26f,cb7d753db337f8a23e0d0c916486dcd2f798c773112f5788033848186aa50716,527824.0,263912.0,1024.0,16384.0,1588.0,10,53,4262016.0,4511872.0,1055648.0,1848.0,0.0,13568.0,42304,4219712,56,56,56,224,0,1568,0,0.9992990087604959,1.0,8448640,1104
hs_18q_d1,training,6cc1fbf9628e8fd0bcbefe173538490d412aef1c8a43103ed028d4c5702ea55f,cotengra_one_trial,20260933,False,4dpu_t8,True,,cc993e8ff221e6b3162cfb0a0d8e03859dbab5298362303ecff6c906ecddb26f,c3a041f7cb71f650ce477955bf80ee224c6da1ed03f3c6c0370cf5bf20ca8cb8,527824.0,263912.0,1024.0,16384.0,1588.0,10,53,4262016.0,4511872.0,1055648.0,1833.0,0.0,13568.0,42304,4219712,56,53,53,212,0,1568,52,0.9992990087604959,0.9949755979265816,8448640,1104
hs_18q_d1,training,6ea9011be09c9fab614ae5a52c2d6f25cd9dc6c5f947303102e55b663ec3e185,cotengra_one_trial,20260937,False,1dpu_t8,True,,c0662e2331acde8964a2eb4942c59834f6be1947349a50dd426d6d54f53db535,85cdf04cf916a78bc794523239259a43471991746358eb84bdcfc450ffc9bdfd,528992.0,264496.0,1024.0,16384.0,1880.0,10,53,4271360.0,4519072.0,1057984.0,1848.0,0.0,13568.0,46976,4224384,56,56,56,224,0,1568,0,0.9975122497126611,1.0,8457984,2194
hs_18q_d1,training,6ea9011be09c9fab614ae5a52c2d6f25cd9dc6c5f947303102e55b663ec3e185,cotengra_one_trial,20260937,False,4dpu_t8,True,,c0662e2331acde8964a2eb4942c59834f6be1947349a50dd426d6d54f53db535,fd06609f4823bcaa6d6b976e01b16f8e34ea0592950afe0b1eec3fbe7a3ce008,528992.0,264496.0,1024.0,16384.0,1880.0,10,53,4271360.0,4519072.0,1057984.0,1833.0,0.0,13568.0,46976,4224384,56,53,53,212,0,1568,52,0.9975122497126611,0.9933307119956446,8457984,2194
hs_18q_d1,training,6eccb33ad6b4fb68aac4ef5961f1b8732b7c50891b2c30c3eb3a32820c2d526c,cotengra_one_trial,20260943,False,1dpu_t8,True,,4212a67b12121f3bcd32a530af2a73200742f5e1f42ba1c30b1966b65478e9f8,5df018760498f03d2f603e93bbd59b2b594eef0a03b7546ba642864e41a60912,528816.0,264408.0,1024.0,16384.0,1836.0,10,53,4269952.0,4517504.0,1057632.0,1848.0,0.0,13568.0,46272,4223680,56,56,56,224,0,1568,0,0.9973487942876161,1.0,8456576,3182
hs_18q_d1,training,6eccb33ad6b4fb68aac4ef5961f1b8732b7c50891b2c30c3eb3a32820c2d526c,cotengra_one_trial,20260943,False,4dpu_t8,True,,4212a67b12121f3bcd32a530af2a73200742f5e1f42ba1c30b1966b65478e9f8,226e8c743c6f3f2482b7eef0a9f1b4ee53032877dbb2964dc77ac58d0e2f34f2,528816.0,264408.0,1024.0,16384.0,1836.0,10,53,4269952.0,4517504.0,1057632.0,1833.0,0.0,13568.0,46272,4223680,56,53,53,212,0,1568,52,0.9973487942876161,0.993578106562585,8456576,3182
hs_18q_d1,training,756d71111f22c032ea9e7d05e4058f1258e2c24a503f2d04e9cc45b79e8e68fa,cotengra_one_trial,20260962,False,1dpu_t8,True,,b53bd8cb7f2848061d3351bfc1ae37eace950c8f2d5ea81752b6b9cff30e9d8c,ab052845f6853b08db5b074054e76718d9d94589ea8cc6f668d824b7b2fd6a73,528792.0,264396.0,1024.0,16384.0,1830.0,10,53,4269760.0,4517728.0,1057584.0,1848.0,0.0,13568.0,46176,4223584,56,56,56,224,0,1568,0,0.9976758347327493,1.0,8456384,3136
hs_18q_d1,training,756d71111f22c032ea9e7d05e4058f1258e2c24a503f2d04e9cc45b79e8e68fa,cotengra_one_trial,20260962,False,4dpu_t8,True,,b53bd8cb7f2848061d3351bfc1ae37eace950c8f2d5ea81752b6b9cff30e9d8c,ae7ebbb86a5270ea39793ee4f58319a5ef3f514a91aa769d6674d7ce25193260,528792.0,264396.0,1024.0,16384.0,1830.0,10,53,4269760.0,4517728.0,1057584.0,1833.0,0.0,13568.0,46176,4223584,56,53,53,212,0,1568,52,0.9976758347327493,0.9936118549448555,8456384,3136
hs_18q_d1,training,759b2ad1ffefd6fc242b61880379b8e307f3ea375b68be657e259ce69f3a0d21,cotengra_one_trial,20260911,False,1dpu_t8,True,,781afafa8dd6c9509f8a80119cb03a8f8c65c690b53f2b3064f3bbe2a902f482,5a950f7f39f1ce4432e5275e2e8d6f9186c14047e9d5b2003b73e6af06813e0a,529056.0,264528.0,1024.0,16384.0,1896.0,10,53,4271872.0,4519744.0,1058112.0,1848.0,0.0,13568.0,47232,4224640,56,56,56,224,0,1568,0,0.9972932922034718,1.0,8458496,2962
hs_18q_d1,training,759b2ad1ffefd6fc242b61880379b8e307f3ea375b68be657e259ce69f3a0d21,cotengra_one_trial,20260911,False,4dpu_t8,True,,781afafa8dd6c9509f8a80119cb03a8f8c65c690b53f2b3064f3bbe2a902f482,41871488d530362fab4313cecd5ae136048773ec2abcea0218cf70de3e8ab0c1,529056.0,264528.0,1024.0,16384.0,1896.0,10,53,4271872.0,4519744.0,1058112.0,1833.0,0.0,13568.0,47232,4224640,56,53,53,212,0,1568,52,0.9972932922034718,0.9932407911449828,8458496,2962
hs_18q_d1,training,765f26ce2401fa06e50b0d679dafccaab5d77e17b1eed5d84caa0aff9a2f9419,cotengra_one_trial,20260934,False,1dpu_t8,True,,67ec67c10e642577e67ca9fa65a7599a7b0a5940506253dda62591be9a4e2965,ceba229053534ed671c341fcc7fe5b303d1dfe276b513914fc281c9903e15abf,529008.0,264504.0,1024.0,16384.0,1884.0,10,53,4271488.0,4519040.0,1058016.0,1848.0,0.0,13568.0,47040,4224448,56,56,56,224,0,1568,0,0.997168284789644,1.0,8458112,3054
hs_18q_d1,training,765f26ce2401fa06e50b0d679dafccaab5d77e17b1eed5d84caa0aff9a2f9419,cotengra_one_trial,20260934,False,4dpu_t8,True,,67ec67c10e642577e67ca9fa65a7599a7b0a5940506253dda62591be9a4e2965,a9b9bf23f74d432224ce331a4bd0154948c9830a725684660182ad90c44ced2c,529008.0,264504.0,1024.0,16384.0,1884.0,10,53,4271488.0,4519040.0,1058016.0,1833.0,0.0,13568.0,47040,4224448,56,53,53,212,0,1568,52,0.997168284789644,0.9933082297432175,8458112,3054
hs_18q_d1,training,8028b4c9072ec89023ebaff4946184010bc5fed333127506b157d6a052a5c971,cotengra_one_trial,20260954,False,1dpu_t8,True,,72585205619e02f01b69007a8e41c87551751b0d7505c3a41cb57f1928f926a2,06b74a62389d7e2745ebabfad49e7bcaf7ea558453cd0cf65b889a594ece6978,528928.0,264464.0,1024.0,16384.0,1864.0,10,53,4270848.0,4518592.0,1057856.0,1848.0,0.0,13568.0,46720,4224128,56,56,56,224,0,1568,0,0.9974816988323553,1.0,8457472,2882
hs_18q_d1,training,8028b4c9072ec89023ebaff4946184010bc5fed333127506b157d6a052a5c971,cotengra_one_trial,20260954,False,4dpu_t8,True,,72585205619e02f01b69007a8e41c87551751b0d7505c3a41cb57f1928f926a2,36ec280962b1a04d27b499cd577bb7e259970980748f25235df16079c1ea1344,528928.0,264464.0,1024.0,16384.0,1864.0,10,53,4270848.0,4518592.0,1057856.0,1833.0,0.0,13568.0,46720,4224128,56,53,53,212,0,1568,52,0.9974816988323553,0.9934206546070543,8457472,2882
hs_18q_d1,training,811eafa49b9bde8b081f3d44b231491c6f0f96900fdef6cafa54183511bfdd4a,cotengra_one_trial,20260912,False,1dpu_t8,True,,b754c7410b4257fc7ad6d41cb8dc5b06b18f16736f2631b8e73591cab19f313a,a8a7159ed8a8a436673c12f8b5ca7f08d86caf589be27175c70853934212306a,527824.0,263912.0,1024.0,16384.0,1588.0,10,53,4262016.0,4511872.0,1055648.0,1848.0,0.0,13568.0,42304,4219712,56,56,56,224,0,1568,0,0.9992990087604959,1.0,8448640,1584
hs_18q_d1,training,811eafa49b9bde8b081f3d44b231491c6f0f96900fdef6cafa54183511bfdd4a,cotengra_one_trial,20260912,False,4dpu_t8,True,,b754c7410b4257fc7ad6d41cb8dc5b06b18f16736f2631b8e73591cab19f313a,8d01f4542b0ec249e67916130c4041104a3fdb27346f3519754aa3cdbc428840,527824.0,263912.0,1024.0,16384.0,1588.0,10,53,4262016.0,4511872.0,1055648.0,1833.0,0.0,13568.0,42304,4219712,56,53,53,212,0,1568,52,0.9992990087604959,0.9949755979265816,8448640,1584
hs_18q_d1,training,8572ab5dbde1b831082754c24f0a83bdda7a1d679409acc6abe601b6dd149e54,cotengra_one_trial,20260936,False,1dpu_t8,True,,add7389398b689a9b2b17187cdad0e37580a831669a68d2d7bfff427b00509d1,39d5aa4c24cf52aeff2177bdb3376a0ee269196a5c6349d79b7733405648321f,527880.0,263940.0,1024.0,16384.0,1602.0,10,53,4262464.0,4512224.0,1055760.0,1848.0,0.0,13568.0,42528,4219936,56,56,56,224,0,1568,0,0.9992100477381223,1.0,8449088,1614
hs_18q_d1,training,8572ab5dbde1b831082754c24f0a83bdda7a1d679409acc6abe601b6dd149e54,cotengra_one_trial,20260936,False,4dpu_t8,True,,add7389398b689a9b2b17187cdad0e37580a831669a68d2d7bfff427b00509d1,9ba40b97287109fac1b66d9282e9832d396c4f1c8165d397f9e9f91d34c64188,527880.0,263940.0,1024.0,16384.0,1602.0,10,53,4262464.0,4512224.0,1055760.0,1833.0,0.0,13568.0,42528,4219936,56,53,53,212,0,1568,52,0.9992100477381223,0.9948965674016822,8449088,1614
hs_18q_d1,training,887321eb026bdd24f0524636590f3f64a1015395f6d92251eaeb2194a514b4a5,cotengra_one_trial,20260935,False,1dpu_t8,True,,d1bff86a7180efee503191917c217fa1a1b0a739366e2a226dbe802fd291a44d,5b46179c6c321de22f98ab795e7d7010d36efe359174dc9b589ee23506ab95d4,529120.0,264560.0,1024.0,16384.0,1912.0,10,53,4272384.0,4519936.0,1058240.0,1848.0,0.0,13568.0,47488,4224896,56,56,56,224,0,1568,0,0.9971915633504687,1.0,8459008,3086
hs_18q_d1,training,887321eb026bdd24f0524636590f3f64a1015395f6d92251eaeb2194a514b4a5,cotengra_one_trial,20260935,False,4dpu_t8,True,,d1bff86a7180efee503191917c217fa1a1b0a739366e2a226dbe802fd291a44d,dc7e70c3e19d093ac5434b02fd60a0fa2eadfdc7ea40072dc1b76e0ca293a665,529120.0,264560.0,1024.0,16384.0,1912.0,10,53,4272384.0,4519936.0,1058240.0,1833.0,0.0,13568.0,47488,4224896,56,53,53,212,0,1568,52,0.9971915633504687,0.9931508920471727,8459008,3086
hs_18q_d1,training,8a89ab2cf7e9303479b087cd735682976d8fba9ddd91776c468621491a5c3b90,cotengra_one_trial,20260925,False,1dpu_t8,True,,8fc2be0ebc6a1371aa96fd3b2b94101066eded63320183ce9a715c1a37f47369,35011c0cbe38b062d2205492c467c9cf1ab43b26323f7f7a5b4d3e684c0f63b7,527920.0,263960.0,1024.0,16384.0,1612.0,10,53,4262784.0,4512384.0,1055840.0,1848.0,0.0,13568.0,42688,4220096,56,56,56,224,0,1568,0,0.9991021366873769,1.0,8449408,1134
hs_18q_d1,training,8a89ab2cf7e9303479b087cd735682976d8fba9ddd91776c468621491a5c3b90,cotengra_one_trial,20260925,False,4dpu_t8,True,,8fc2be0ebc6a1371aa96fd3b2b94101066eded63320183ce9a715c1a37f47369,90c0d735d97430590f4b4a71d155cfece1694fedbf454bba93403141e51382c5,527920.0,263960.0,1024.0,16384.0,1612.0,10,53,4262784.0,4512384.0,1055840.0,1833.0,0.0,13568.0,42688,4220096,56,53,53,212,0,1568,52,0.9991021366873769,0.994840127292014,8449408,1134
hs_18q_d1,training,8e173dd63ac492833a648825f1b9d9fb7f0c37ac06f6fd4ddb22286029c7be88,cotengra_one_trial,20260921,False,1dpu_t8,True,,77809daf5ba2f94d85f2c9d598a232824341ca6af150f820cbd8df9db4ab9e8d,3647a7524173bc4eb3d9b678fb504ac1d6348512bd34c40d70bab125fcf0a13a,527824.0,263912.0,1024.0,16384.0,1588.0,10,53,4262016.0,4511872.0,1055648.0,1848.0,0.0,13568.0,42304,4219712,56,56,56,224,0,1568,0,0.9992990087604959,1.0,8448640,1136
hs_18q_d1,training,8e173dd63ac492833a648825f1b9d9fb7f0c37ac06f6fd4ddb22286029c7be88,cotengra_one_trial,20260921,False,4dpu_t8,True,,77809daf5ba2f94d85f2c9d598a232824341ca6af150f820cbd8df9db4ab9e8d,ecf8e9172c2fe9ee16cd29d0cbb81791734fa1f1a0a776bb99ec452d8303e5f1,527824.0,263912.0,1024.0,16384.0,1588.0,10,53,4262016.0,4511872.0,1055648.0,1833.0,0.0,13568.0,42304,4219712,56,53,53,212,0,1568,52,0.9992990087604959,0.9949755979265816,8448640,1136
hs_18q_d1,training,912da6d79747bfee61e3d6b647b122f4d4e5fd35035f59323c9e3ca104204e61,cotengra_one_trial,20260939,False,1dpu_t8,True,,3b76ad09d692ce3e93d06184308e0246068190e2b17b4919ac5b1aceda05d343,f788e0b000f2ba5dc123f47c3fb3ce59daf92395c5537b08d3720fb3dd59b931,528912.0,264456.0,1024.0,16384.0,1860.0,10,53,4270720.0,4518272.0,1057824.0,1848.0,0.0,13568.0,46656,4224064,56,56,56,224,0,1568,0,0.9973946516622803,1.0,8457344,3150
hs_18q_d1,training,912da6d79747bfee61e3d6b647b122f4d4e5fd35035f59323c9e3ca104204e61,cotengra_one_trial,20260939,False,4dpu_t8,True,,3b76ad09d692ce3e93d06184308e0246068190e2b17b4919ac5b1aceda05d343,5f7ef985db295fbb8bf3ff5f36161a04c10c7ed7e709c320cb1b73b47d700dc6,528912.0,264456.0,1024.0,16384.0,1860.0,10,53,4270720.0,4518272.0,1057824.0,1833.0,0.0,13568.0,46656,4224064,56,53,53,212,0,1568,52,0.9973946516622803,0.9934431436609493,8457344,3150
hs_18q_d1,training,93535be1f45b148a1b3d81d74e0185ffb0339853e6877aa2080426e1339bf13c,cotengra_one_trial,20260908,False,1dpu_t8,True,,a0bd81b835848d8c75d3f9a1c796bb5a879b5adcdbea30497c509deb308b290d,6a2b2c56a95133c3246d402d7b8392673b8c80da6275665de530bd2bdb6cd970,528104.0,264052.0,1024.0,16384.0,1658.0,10,53,4264256.0,4513376.0,1056208.0,1848.0,0.0,13568.0,43424,4220832,56,56,56,224,0,1568,0,0.9986877584718161,1.0,8450880,1614
hs_18q_d1,training,93535be1f45b148a1b3d81d74e0185ffb0339853e6877aa2080426e1339bf13c,cotengra_one_trial,20260908,False,4dpu_t8,True,,a0bd81b835848d8c75d3f9a1c796bb5a879b5adcdbea30497c509deb308b290d,3e5b2782cf89abcff7112ed8bdf551644e662392676f0027ff3fd90f861b1369,528104.0,264052.0,1024.0,16384.0,1658.0,10,53,4264256.0,4513376.0,1056208.0,1833.0,0.0,13568.0,43424,4220832,56,53,53,212,0,1568,52,0.9986877584718161,0.9945806129095784,8450880,1614
hs_18q_d1,training,957d4e828a8d4bb9016889d32d3a375081110730747397ffb8312e89c83eeb34,cotengra_one_trial,20260956,False,1dpu_t8,True,,39c3895df74504af0fe95c9d3730c87b702db08a8a1bbf5dbe704c67340ca480,f243e8999c779cb9a6370c8454b3cffb951b29643542f720de58d6c9ee1e3976,529088.0,264544.0,1024.0,16384.0,1904.0,10,53,4272128.0,4519680.0,1058176.0,1848.0,0.0,13568.0,47360,4224768,56,56,56,224,0,1568,0,0.9970553102697471,1.0,8458752,3182
hs_18q_d1,training,957d4e828a8d4bb9016889d32d3a375081110730747397ffb8312e89c83eeb34,cotengra_one_trial,20260956,False,4dpu_t8,True,,39c3895df74504af0fe95c9d3730c87b702db08a8a1bbf5dbe704c67340ca480,0bf6f37b15ed75d20554164c1c6e7b17de166698b62cae605fa50455b251f4ea,529088.0,264544.0,1024.0,16384.0,1904.0,10,53,4272128.0,4519680.0,1058176.0,1833.0,0.0,13568.0,47360,4224768,56,53,53,212,0,1568,52,0.9970553102697471,0.9931958388774647,8458752,3182
hs_18q_d1,training,965867cf707624fd34eaaf69b8aa987881dad4a8134db4f1268cf9f482b19177,cotengra_one_trial,20260959,False,1dpu_t8,True,,1682750c8dbe74e1928b879222bfa48f9c0355472c53b849e0a33e73939f24f7,3898d528dd90c1d9543484daf79c2e4520fb41be340b0cd7d4c151a074d2c13a,529104.0,264552.0,1024.0,16384.0,1908.0,10,53,4272256.0,4519808.0,1058208.0,1848.0,0.0,13568.0,47424,4224832,56,56,56,224,0,1568,0,0.997123438870241,1.0,8458880,3086
hs_18q_d1,training,965867cf707624fd34eaaf69b8aa987881dad4a8134db4f1268cf9f482b19177,cotengra_one_trial,20260959,False,4dpu_t8,True,,1682750c8dbe74e1928b879222bfa48f9c0355472c53b849e0a33e73939f24f7,6361ab7f36e9925dc76dcd0430719e211bd3719dd6c5e3c38f57919566878c7d,529104.0,264552.0,1024.0,16384.0,1908.0,10,53,4272256.0,4519808.0,1058208.0,1833.0,0.0,13568.0,47424,4224832,56,53,53,212,0,1568,52,0.997123438870241,0.993173364782727,8458880,3086
hs_18q_d1,training,9698c5d3e6374c260449bf92672b4bd1341a305b9397494fe2353f41ce35fb10,cotengra_one_trial,20260922,False,1dpu_t8,True,,c0ea1a337400fe69f580ce72504cf73720bdfe1878386b8f6ae09bdb6d2afaec,89aca4fb51cf239d38c14404b815504bb02e2377d1bcecfca3b59a0c6f5da56c,528944.0,264472.0,1024.0,16384.0,1868.0,10,53,4270976.0,4518528.0,1057888.0,1848.0,0.0,13568.0,46784,4224192,56,56,56,224,0,1568,0,0.9976216763967453,1.0,8457600,3150
hs_18q_d1,training,9698c5d3e6374c260449bf92672b4bd1341a305b9397494fe2353f41ce35fb10,cotengra_one_trial,20260922,False,4dpu_t8,True,,c0ea1a337400fe69f580ce72504cf73720bdfe1878386b8f6ae09bdb6d2afaec,4c2c307a372b1877b558db3c4e316523f8dbc107b1a35b439effa70ffb77923e,528944.0,264472.0,1024.0,16384.0,1868.0,10,53,4270976.0,4518528.0,1057888.0,1833.0,0.0,13568.0,46784,4224192,56,53,53,212,0,1568,52,0.9976216763967453,0.9933981669136998,8457600,3150
hs_18q_d1,training,99e1b10accfbe37b4ab03fd5a9be529b4639ebf303673c6736ba6208521b0164,cotengra_one_trial,20260942,False,1dpu_t8,True,,f25f264f83d337b0bfd24b37e8a22648e7fe12d9f2575bae7ad7ab820d1f33ed,452f1508289961f4c43774010a45be0a97ec4523e3975298371e2905f91b599e,529264.0,264632.0,1024.0,16384.0,1948.0,10,53,4273536.0,4521088.0,1058528.0,1848.0,0.0,13568.0,48064,4225472,56,56,56,224,0,1568,0,0.9969882705039451,1.0,8460160,2190
hs_18q_d1,training,99e1b10accfbe37b4ab03fd5a9be529b4639ebf303673c6736ba6208521b0164,cotengra_one_trial,20260942,False,4dpu_t8,True,,f25f264f83d337b0bfd24b37e8a22648e7fe12d9f2575bae7ad7ab820d1f33ed,e22452449849db0d9ae81fe50584165731bdb7f94b9c373567fb6bd2b0bd5bdb,529264.0,264632.0,1024.0,16384.0,1948.0,10,53,4273536.0,4521088.0,1058528.0,1833.0,0.0,13568.0,48064,4225472,56,53,53,212,0,1568,52,0.9969882705039451,0.9929486985700898,8460160,2190
hs_18q_d1,training,9a6a62d8cf91ee9fb4a15408bb812109a9f0c120c653ea3457c29d65dcd13e97,cotengra_one_trial,20260958,False,1dpu_t8,True,,1e713fb54715d7f5b06bf179a0257fd3f64c738eb946311a44f391d91958de86,428f458d91b89bb0f1374b3778b0adb925b1a8b9a435b0c8c7dc2899830a9478,529264.0,264632.0,1024.0,16384.0,1948.0,10,53,4273536.0,4521088.0,1058528.0,1848.0,0.0,13568.0,48064,4225472,56,56,56,224,0,1568,0,0.997169654463557,1.0,8460160,3150
hs_18q_d1,training,9a6a62d8cf91ee9fb4a15408bb812109a9f0c120c653ea3457c29d65dcd13e97,cotengra_one_trial,20260958,False,4dpu_t8,True,,1e713fb54715d7f5b06bf179a0257fd3f64c738eb946311a44f391d91958de86,c88b45f00884bdc9492cbf44044035556e430aa1e6b8a36896b52267b2b90e0c,529264.0,264632.0,1024.0,16384.0,1948.0,10,53,4273536.0,4521088.0,1058528.0,1833.0,0.0,13568.0,48064,4225472,56,53,53,212,0,1568,52,0.997169654463557,0.9929486985700898,8460160,3150
hs_18q_d1,training,a34e62867473e29d2d1c5f30dd326bad9c17c5c8a00832efc81f8bf4d419684a,cotengra_one_trial,20260947,False,1dpu_t8,True,,a55ef65959950be1f5287f2b90dbcd90b2982e68e6525dc82e6e528480bbbdf5,bdb8106bc71af3d3999d9b62c6c1d41b089701206596010b2795d7741b870a0f,528800.0,264400.0,1024.0,16384.0,1832.0,10,53,4269824.0,4517376.0,1057600.0,1848.0,0.0,13568.0,46208,4223616,56,56,56,224,0,1568,0,0.9975529500756429,1.0,8456448,2158
hs_18q_d1,training,a34e62867473e29d2d1c5f30dd326bad9c17c5c8a00832efc81f8bf4d419684a,cotengra_one_trial,20260947,False,4dpu_t8,True,,a55ef65959950be1f5287f2b90dbcd90b2982e68e6525dc82e6e528480bbbdf5,1b7053bbd68e954759a287c8915767238964565d003c3114d80b059716595f3a,528800.0,264400.0,1024.0,16384.0,1832.0,10,53,4269824.0,4517376.0,1057600.0,1833.0,0.0,13568.0,46208,4223616,56,53,53,212,0,1568,52,0.9975529500756429,0.9936006051437216,8456448,2158
hs_18q_d1,training,b3eed2e824fc9da4bc7c0a708a8815682543eb99edc453cffbec34f8fdde19d8,cotengra_one_trial,20260904,False,1dpu_t8,True,,2502dc57d7c33cc766a87d922284a69d8b7294269479395e53af4bcc6477e529,b65b9e495a36e86dd702676e7fdf44a98d6e419b6fa584ac653c9cfe939c4049,529104.0,264552.0,1024.0,16384.0,1908.0,10,53,4272256.0,4519808.0,1058208.0,1848.0,0.0,13568.0,47424,4224832,56,56,56,224,0,1568,0,0.9973955970848831,1.0,8458880,3086
hs_18q_d1,training,b3eed2e824fc9da4bc7c0a708a8815682543eb99edc453cffbec34f8fdde19d8,cotengra_one_trial,20260904,False,4dpu_t8,True,,2502dc57d7c33cc766a87d922284a69d8b7294269479395e53af4bcc6477e529,aa89ba07342d4692862f8c1c5ae945eae200124999650ff3585f78b15ee76b81,529104.0,264552.0,1024.0,16384.0,1908.0,10,53,4272256.0,4519808.0,1058208.0,1833.0,0.0,13568.0,47424,4224832,56,53,53,212,0,1568,52,0.9973955970848831,0.993173364782727,8458880,3086
hs_18q_d1,training,b48cb43e4c0809cb9b8ac2eeb7c656df531bc8468959097e818f89c1d68f9888,cotengra_one_trial,20260949,False,1dpu_t8,True,,1609ffb2c0c3a9f95d46496f36b404d624b45433e5910c3e88180d3b546c1b13,d7fa4718d180876b03ddfdfc4c8b0ba4e7d3cd2cb78bfc608a576b077e728c92,529264.0,264632.0,1024.0,16384.0,1948.0,10,53,4273536.0,4521088.0,1058528.0,1848.0,0.0,13568.0,48064,4225472,56,56,56,224,0,1568,0,0.9969882705039451,1.0,8460160,2190
hs_18q_d1,training,b48cb43e4c0809cb9b8ac2eeb7c656df531bc8468959097e818f89c1d68f9888,cotengra_one_trial,20260949,False,4dpu_t8,True,,1609ffb2c0c3a9f95d46496f36b404d624b45433e5910c3e88180d3b546c1b13,726cde0d7fa8f478fa693c00248f68e643643c81f8e3de346029c22f3c49bb59,529264.0,264632.0,1024.0,16384.0,1948.0,10,53,4273536.0,4521088.0,1058528.0,1833.0,0.0,13568.0,48064,4225472,56,53,53,212,0,1568,52,0.9969882705039451,0.9929486985700898,8460160,2190
hs_18q_d1,training,be5110bd8fa9cf49291a5f555ee7aef3c0c121bf32b94e914d366b7ccc1535d9,cotengra_one_trial,20260955,False,1dpu_t8,True,,4ad0b4dfca1dbe58d3fcf92f5b55e19c75ba9977b3e6a11a58e2f1a8e7d3e41e,77ba857df85bb346af60dfbcadb7fdd5cad9f3717991b8225c6fb81ba6fc23dd,528912.0,264456.0,1024.0,16384.0,1860.0,10,53,4270720.0,4518368.0,1057824.0,1848.0,0.0,13568.0,46656,4224064,56,56,56,224,0,1568,0,0.9972207096832744,1.0,8457344,3218
hs_18q_d1,training,be5110bd8fa9cf49291a5f555ee7aef3c0c121bf32b94e914d366b7ccc1535d9,cotengra_one_trial,20260955,False,4dpu_t8,True,,4ad0b4dfca1dbe58d3fcf92f5b55e19c75ba9977b3e6a11a58e2f1a8e7d3e41e,1628f51d011f2e3776d79592d94d417dc9164a223817e79a0503dbd1177557cc,528912.0,264456.0,1024.0,16384.0,1860.0,10,53,4270720.0,4518368.0,1057824.0,1833.0,0.0,13568.0,46656,4224064,56,53,53,212,0,1568,52,0.9972207096832744,0.9934431436609493,8457344,3218
hs_18q_d1,training,c26c5a59c0d388d0e4b5b890be80ff3e816ada087431310890ce64924b4baa87,cotengra_one_trial,20260931,False,1dpu_t8,True,,5ebd38a9a342142af8fa2ec0ddecacec26623cb518d02dfc62192026879d4318,d4f234420dfe21eceb4a5f084804288a3937427ec5442b3d8e13c6fb27e2b134,527824.0,263912.0,1024.0,16384.0,1588.0,10,53,4262016.0,4511872.0,1055648.0,1848.0,0.0,13568.0,42304,4219712,56,56,56,224,0,1568,0,0.9992990087604959,1.0,8448640,1600
hs_18q_d1,training,c26c5a59c0d388d0e4b5b890be80ff3e816ada087431310890ce64924b4baa87,cotengra_one_trial,20260931,False,4dpu_t8,True,,5ebd38a9a342142af8fa2ec0ddecacec26623cb518d02dfc62192026879d4318,2f060e1df1526c325f5f03da5c0cfc2187881f6f0c0fcfd290338a5007c606ae,527824.0,263912.0,1024.0,16384.0,1588.0,10,53,4262016.0,4511872.0,1055648.0,1833.0,0.0,13568.0,42304,4219712,56,53,53,212,0,1568,52,0.9992990087604959,0.9949755979265816,8448640,1600
hs_18q_d1,training,c2c52a2f292a05e4b16d7737a60848dc734f616a0161ca799d641b535149aabe,cotengra_one_trial,20260926,False,1dpu_t8,True,,0a1ae71d80f33ee57e77c82fbb03e0768558330e336c956bb1217186f6642d33,4a8a6cf8f568765932d59b468614953bd1b0058465732bf585690d56f763a142,529104.0,264552.0,1024.0,16384.0,1908.0,10,53,4272256.0,4519808.0,1058208.0,1848.0,0.0,13568.0,47424,4224832,56,56,56,224,0,1568,0,0.9970327194653603,1.0,8458880,3086
hs_18q_d1,training,c2c52a2f292a05e4b16d7737a60848dc734f616a0161ca799d641b535149aabe,cotengra_one_trial,20260926,False,4dpu_t8,True,,0a1ae71d80f33ee57e77c82fbb03e0768558330e336c956bb1217186f6642d33,40d19c2357d2e2d5bc9664f0ba829815917c1507ec15cc27a5130aed60ed1dc9,529104.0,264552.0,1024.0,16384.0,1908.0,10,53,4272256.0,4519808.0,1058208.0,1833.0,0.0,13568.0,47424,4224832,56,53,53,212,0,1568,52,0.9970327194653603,0.993173364782727,8458880,3086
hs_18q_d1,training,c687d8313f76803178f5cd3caf035c77985ef0790b71e0b6980f84aebfd00c80,cotengra_one_trial,20260917,False,1dpu_t8,True,,0e8b909b0281b65bdfad40c8e38d94883567f87d8bcfc2c7e8e3a8d1edd66c28,8c66939c4e7a2e36f060c1f01aa52a142b2d993a271219eddc5d187170df261c,528872.0,264436.0,1024.0,16384.0,1850.0,10,53,4270400.0,4518048.0,1057744.0,1848.0,0.0,13568.0,46496,4223904,56,56,56,224,0,1568,0,0.9974568515633272,1.0,8457024,3140
hs_18q_d1,training,c687d8313f76803178f5cd3caf035c77985ef0790b71e0b6980f84aebfd00c80,cotengra_one_trial,20260917,False,4dpu_t8,True,,0e8b909b0281b65bdfad40c8e38d94883567f87d8bcfc2c7e8e3a8d1edd66c28,94e398ba51a5a537c5e5b13c9d6b587ddaf3a30724367007c0e44b9fb9a47a09,528872.0,264436.0,1024.0,16384.0,1850.0,10,53,4270400.0,4518048.0,1057744.0,1833.0,0.0,13568.0,46496,4223904,56,53,53,212,0,1568,52,0.9974568515633272,0.9934993722488618,8457024,3140
hs_18q_d1,training,d88abe2e759d15aaf906277e484381705983ba00516d6fed942046bbab8d09a6,cotengra_one_trial,20260923,False,1dpu_t8,True,,3aa72989ee93f6404bbb3ca11a9a24b94729e07a9167f28e5c967bebe6f693bf,33c61a590e981b9887b1c4a10b5c3ec3f07a5b623a09c969c686a9ee58b6c299,529264.0,264632.0,1024.0,16384.0,1948.0,10,53,4273536.0,4521088.0,1058528.0,1848.0,0.0,13568.0,48064,4225472,56,56,56,224,0,1568,0,0.997078962483751,1.0,8460160,3182
hs_18q_d1,training,d88abe2e759d15aaf906277e484381705983ba00516d6fed942046bbab8d09a6,cotengra_one_trial,20260923,False,4dpu_t8,True,,3aa72989ee93f6404bbb3ca11a9a24b94729e07a9167f28e5c967bebe6f693bf,e1b022f84f82a933c5309e01655e6ec620c34dc1f6f7b8877226d8e7ef318e41,529264.0,264632.0,1024.0,16384.0,1948.0,10,53,4273536.0,4521088.0,1058528.0,1833.0,0.0,13568.0,48064,4225472,56,53,53,212,0,1568,52,0.997078962483751,0.9929486985700898,8460160,3182
hs_18q_d1,training,db0f937d0e75515c3d6962d48694d92aa211d4cae7577b042806cd4b0793874c,cotengra_one_trial,20260915,False,1dpu_t8,True,,db7be13bac62013923e0ba25f70414759580c7ef6f8f53f3677e54b6ec0db932,8edbe8471a24990a6897ba3b7d4d15a690c6319ca0933d87de9ae32ac5d624ac,528720.0,264360.0,1024.0,16384.0,1812.0,10,53,4269184.0,4516736.0,1057440.0,1848.0,0.0,13568.0,45888,4223296,56,56,56,224,0,1568,0,0.997756846724164,1.0,8455808,1998
hs_18q_d1,training,db0f937d0e75515c3d6962d48694d92aa211d4cae7577b042806cd4b0793874c,cotengra_one_trial,20260915,False,4dpu_t8,True,,db7be13bac62013923e0ba25f70414759580c7ef6f8f53f3677e54b6ec0db932,454f4b6450e7f213af2a24033ad47390f10ae5e869653cf9cd66a0d36e81a0e3,528720.0,264360.0,1024.0,16384.0,1812.0,10,53,4269184.0,4516736.0,1057440.0,1833.0,0.0,13568.0,45888,4223296,56,53,53,212,0,1568,52,0.997756846724164,0.993713118474807,8455808,1998
hs_18q_d1,training,e03d5d65a6118ee597f1200afdcd941cdf4e83d0e1447b7b3a199207a7853314,cotengra_one_trial,20260944,False,1dpu_t8,True,,5fa6c6b138a97b54bccda6f343186d78f302df45ae706af31d476683ca9cf363,dd297307147d4f0318b7a15ccc0f7192e1dfbb617fc0b03084e2c5cd303c7537,528368.0,264184.0,1024.0,16384.0,1724.0,10,53,4266368.0,4514816.0,1056736.0,1848.0,0.0,13568.0,44480,4221888,56,56,56,224,0,1568,0,0.998319353178088,1.0,8452992,2590
hs_18q_d1,training,e03d5d65a6118ee597f1200afdcd941cdf4e83d0e1447b7b3a199207a7853314,cotengra_one_trial,20260944,False,4dpu_t8,True,,5fa6c6b138a97b54bccda6f343186d78f302df45ae706af31d476683ca9cf363,ee5e1558f4b225a7e6cf19d54fce773699ad3c2fbcd300023795d3612b87b604,528368.0,264184.0,1024.0,16384.0,1724.0,10,53,4266368.0,4514816.0,1056736.0,1833.0,0.0,13568.0,44480,4221888,56,53,53,212,0,1568,52,0.998319353178088,0.9942085818974654,8452992,2590
hs_18q_d1,training,e4eea436b03980e84494b4fbfe85552507de5b6dcbf8a608dbec94915c2e7024,cotengra_one_trial,20260960,False,1dpu_t8,True,,1b8b77e632926edb0a810430d1c8710c8e6405fb444dfcd6377097399fdbbcb9,cf314f3a3db328e46521123a3bd38b9cc51ee32902c344c1cbb3dccc35ba0acf,529264.0,264632.0,1024.0,16384.0,1948.0,10,53,4273536.0,4521088.0,1058528.0,1848.0,0.0,13568.0,48064,4225472,56,56,56,224,0,1568,0,0.9969882705039451,1.0,8460160,2190
hs_18q_d1,training,e4eea436b03980e84494b4fbfe85552507de5b6dcbf8a608dbec94915c2e7024,cotengra_one_trial,20260960,False,4dpu_t8,True,,1b8b77e632926edb0a810430d1c8710c8e6405fb444dfcd6377097399fdbbcb9,c3d2e7aa8a4ca9a91d49f3b6e51d9958b11ca8b8b5e1366dd26f8e33d6e8de07,529264.0,264632.0,1024.0,16384.0,1948.0,10,53,4273536.0,4521088.0,1058528.0,1833.0,0.0,13568.0,48064,4225472,56,53,53,212,0,1568,52,0.9969882705039451,0.9929486985700898,8460160,2190
hs_18q_d1,training,e69f53f17fabdfaba58d664f1e370a4216829bde473cd84608353c345fb2b4fa,cotengra_one_trial,20260938,False,1dpu_t8,True,,84de5af9132ad1b88de0ec5f5b7b655a96879f96c703dced9b65683d89223514,0aeea0c25f9e84d8a92bd78263dcc8f65a4a5aea6c11a606c54ea456a7870f5a,528752.0,264376.0,1024.0,16384.0,1820.0,10,53,4269440.0,4517568.0,1057504.0,1848.0,0.0,13568.0,46016,4223424,56,56,56,224,0,1568,0,0.9977834599207189,1.0,8456064,3232
hs_18q_d1,training,e69f53f17fabdfaba58d664f1e370a4216829bde473cd84608353c345fb2b4fa,cotengra_one_trial,20260938,False,4dpu_t8,True,,84de5af9132ad1b88de0ec5f5b7b655a96879f96c703dced9b65683d89223514,fbdeb8ec8834bdf745e3b8446829172d285ac5f4ed7c871cbad34c8d7bf215e6,528752.0,264376.0,1024.0,16384.0,1820.0,10,53,4269440.0,4517568.0,1057504.0,1833.0,0.0,13568.0,46016,4223424,56,53,53,212,0,1568,52,0.9977834599207189,0.9936681090567979,8456064,3232
hs_18q_d1,training,e86c5ad589da5e05fcea2275564af7350bbd1e93aeca68f002fcf2bc54c1f9a4,cotengra_one_trial,20260952,False,1dpu_t8,True,,e7cf8d5c9998c5a6b742df6497dc7ef1253d3402abad2cdda095178585a0c65f,99667238986fe75aebc1138501275bd2edf446a1ab28b1044606ad595a124fc6,529024.0,264512.0,1024.0,16384.0,1888.0,10,53,4271616.0,4519168.0,1058048.0,1848.0,0.0,13568.0,47104,4224512,56,56,56,224,0,1568,0,0.9973271533994676,1.0,8458240,3182
hs_18q_d1,training,e86c5ad589da5e05fcea2275564af7350bbd1e93aeca68f002fcf2bc54c1f9a4,cotengra_one_trial,20260952,False,4dpu_t8,True,,e7cf8d5c9998c5a6b742df6497dc7ef1253d3402abad2cdda095178585a0c65f,72215e450a08d32cc42c3a773affd00488e152465c8a77d14d5ce04827ca0295,529024.0,264512.0,1024.0,16384.0,1888.0,10,53,4271616.0,4519168.0,1058048.0,1833.0,0.0,13568.0,47104,4224512,56,53,53,212,0,1568,52,0.9973271533994676,0.9932857488507137,8458240,3182
hs_18q_d1,training,ecc88ff052eee66b2982f041e5aebfc7bb95e32dc331beddbe30d20746ddc3af,cotengra_one_trial,20260948,False,1dpu_t8,True,,44fcb9b189a220ac1cc489747f1aa27d9ada24de92cb20b7a9c8c188cd009173,237451218c82b42171de9a25aea24c5c76379e62d11650fade4d7eee0823597a,529264.0,264632.0,1024.0,16384.0,1948.0,10,53,4273536.0,4521088.0,1058528.0,1848.0,0.0,13568.0,48064,4225472,56,56,56,224,0,1568,0,0.9968975785241392,1.0,8460160,3086
hs_18q_d1,training,ecc88ff052eee66b2982f041e5aebfc7bb95e32dc331beddbe30d20746ddc3af,cotengra_one_trial,20260948,False,4dpu_t8,True,,44fcb9b189a220ac1cc489747f1aa27d9ada24de92cb20b7a9c8c188cd009173,7ca6c9cf75ace4cc6ac787bc3c1218865c388b5a74a7a21ab642b94dbfc70c34,529264.0,264632.0,1024.0,16384.0,1948.0,10,53,4273536.0,4521088.0,1058528.0,1833.0,0.0,13568.0,48064,4225472,56,53,53,212,0,1568,52,0.9968975785241392,0.9929486985700898,8460160,3086
hs_18q_d1,training,efaf3a9c96f8ddda7d7186dcd6232d663f679d64cf59854850cd8e460d892432,cotengra_one_trial,20260903,False,1dpu_t8,True,,86a9eebcbc2061ada645d17bc025cc5f344f374837fa52d6b9d178b19021f305,f7d9bb05dff9c9a6a70e0d965fc3df5bcd5ba51c286404fafd6201e9ef8f6aa5,528760.0,264380.0,1024.0,16384.0,1822.0,10,53,4269504.0,4517664.0,1057520.0,1848.0,0.0,13568.0,46048,4223456,56,56,56,224,0,1568,0,0.9976492170360844,1.0,8456128,2948
hs_18q_d1,training,efaf3a9c96f8ddda7d7186dcd6232d663f679d64cf59854850cd8e460d892432,cotengra_one_trial,20260903,False,4dpu_t8,True,,86a9eebcbc2061ada645d17bc025cc5f344f374837fa52d6b9d178b19021f305,3187a9e63cb849582384c7484ff1388c708d4f2494083352b5432aa843966ca3,528760.0,264380.0,1024.0,16384.0,1822.0,10,53,4269504.0,4517664.0,1057520.0,1833.0,0.0,13568.0,46048,4223456,56,53,53,212,0,1568,52,0.9976492170360844,0.9936568575535214,8456128,2948
hs_18q_d1,training,fb0c7c6c4832fe463bb7c5522658bdd237d7956600732fc96f50fcbd9c0dcccc,cotengra_one_trial,20260919,False,1dpu_t8,True,,de0e87e2aa6f5f58c10ecb638e491ad4dc132801422862527bd1559df09bc980,257ef980e23b805b27b395ace8dd75bc80467970ac1ec3b9cec924305d4f546a,528912.0,264456.0,1024.0,16384.0,1860.0,10,53,4270720.0,4518272.0,1057824.0,1848.0,0.0,13568.0,46656,4224064,56,56,56,224,0,1568,0,0.9973946516622803,1.0,8457344,3246
hs_18q_d1,training,fb0c7c6c4832fe463bb7c5522658bdd237d7956600732fc96f50fcbd9c0dcccc,cotengra_one_trial,20260919,False,4dpu_t8,True,,de0e87e2aa6f5f58c10ecb638e491ad4dc132801422862527bd1559df09bc980,1a15fae8eb295f133f03cfc805aa6a69e0de2e5397bf3148be02387ad1eceb9d,528912.0,264456.0,1024.0,16384.0,1860.0,10,53,4270720.0,4518272.0,1057824.0,1833.0,0.0,13568.0,46656,4224064,56,53,53,212,0,1568,52,0.9973946516622803,0.9934431436609493,8457344,3246
hs_18q_d1,training,fc1c80b3d71348f3b1d2d2163277e033ecfb9a1674ef52a7af9003f7f4666477,cotengra_one_trial,20260945,False,1dpu_t8,True,,72791d07031add08e729e35d57ced822d75ff8a6bf21904f3ab7126ad06f082d,6997950ac653756c5b6f28b63da46bd6a2661c3567ca5de290e81acbe388dadb,528944.0,264472.0,1024.0,16384.0,1868.0,10,53,4270976.0,4518528.0,1057888.0,1848.0,0.0,13568.0,46784,4224192,56,56,56,224,0,1568,0,0.9974401827036511,1.0,8457600,3182
hs_18q_d1,training,fc1c80b3d71348f3b1d2d2163277e033ecfb9a1674ef52a7af9003f7f4666477,cotengra_one_trial,20260945,False,4dpu_t8,True,,72791d07031add08e729e35d57ced822d75ff8a6bf21904f3ab7126ad06f082d,15759a5073b99c7ec0e70fd0d648098948d168a3c59e66a7de78d5ba3230d3a0,528944.0,264472.0,1024.0,16384.0,1868.0,10,53,4270976.0,4518528.0,1057888.0,1833.0,0.0,13568.0,46784,4224192,56,53,53,212,0,1568,52,0.9974401827036511,0.9933981669136998,8457600,3182
ghz_chain_18q,training,0f1afe2ce698cbfcd1496d867ba787cb5cdd487ef3b05e9bb140d58eee826743,opt_einsum_greedy,,True,1dpu_t8,True,,83da361a1f41fb6ad1126a28e4912204d26ee08f2cf5d1f2f3e6a45afa680193,b339554c1c011147606fa6826481e80e704ba99b1984a3bb23ffb298eb0033ac,1748632.0,874316.0,131072.0,2097152.0,175014.0,17,35,9853120.0,10235168.0,3497264.0,29863.0,0.0,13568.0,2858592,6994528,371,371,371,1484,0,28008,0,0.6997178365716743,1.0,13999040,2116
ghz_chain_18q,training,0f1afe2ce698cbfcd1496d867ba787cb5cdd487ef3b05e9bb140d58eee826743,opt_einsum_greedy,,True,4dpu_t8,True,,83da361a1f41fb6ad1126a28e4912204d26ee08f2cf5d1f2f3e6a45afa680193,53a7f2e2dc3972d65f5391809fc5be2d5164ece53c7d4ce16f42df6e3220370d,1748632.0,874316.0,131072.0,2097152.0,175014.0,17,35,9853120.0,10235168.0,3497264.0,28588.0,0.0,13568.0,2858592,6994528,371,116,116,464,0,28008,31,0.6997178365716743,0.9948840007503008,13999040,2116
ghz_chain_18q,training,0202464d58bf1170fd957bff8b64cbf7f6b6bb8970bd3c4ce6aca67f44f88fd7,cotengra_one_trial,20260919,False,1dpu_t8,False,estimated_work_unit_count_exceeds_preregistered_bound,,,,,,,,,,,,,,,,,,,,,,,,,,,,
ghz_chain_18q,training,0202464d58bf1170fd957bff8b64cbf7f6b6bb8970bd3c4ce6aca67f44f88fd7,cotengra_one_trial,20260919,False,4dpu_t8,False,estimated_work_unit_count_exceeds_preregistered_bound,,,,,,,,,,,,,,,,,,,,,,,,,,,,
ghz_chain_18q,training,067f32702ad99b7860ec2ada26fafe8416eb5c23b7563659f7b01746ec819d98,cotengra_one_trial,20260939,False,1dpu_t8,False,estimated_work_unit_count_exceeds_preregistered_bound,,,,,,,,,,,,,,,,,,,,,,,,,,,,
ghz_chain_18q,training,067f32702ad99b7860ec2ada26fafe8416eb5c23b7563659f7b01746ec819d98,cotengra_one_trial,20260939,False,4dpu_t8,False,estimated_work_unit_count_exceeds_preregistered_bound,,,,,,,,,,,,,,,,,,,,,,,,,,,,
ghz_chain_18q,training,0702484c5a3f5a1b9b4d66bb2227fd1fc28cfdf434a9e10693ab883960cf4ee7,cotengra_one_trial,20260938,False,1dpu_t8,True,,d454a2ad7fda9bc5d142f0e347f60884e7b1b7bda6c8bdc438d2d3841f60185a,686ce5a6ef4463b5b7b86459be031ae55c455db88bb1a3441f06bbed43c95094,1089120.0,544560.0,8192.0,131072.0,10136.0,13,35,4554368.0,4689632.0,2178240.0,1610.0,0.0,13568.0,197888,4356480,50,50,50,200,0,1360,0,0.9981012193330395,1.0,8722944,2766
ghz_chain_18q,training,0702484c5a3f5a1b9b4d66bb2227fd1fc28cfdf434a9e10693ab883960cf4ee7,cotengra_one_trial,20260938,False,4dpu_t8,True,,d454a2ad7fda9bc5d142f0e347f60884e7b1b7bda6c8bdc438d2d3841f60185a,6ac47e7f239f38b3a72df0dce0ea7713121a2081e8d87f51aa50e558d410b443,1089120.0,544560.0,8192.0,131072.0,10136.0,13,35,4554368.0,4689632.0,2178240.0,1550.0,0.0,13568.0,197888,4356480,50,38,38,152,0,1360,34,0.9981012193330395,0.972080211546937,8722944,2766
ghz_chain_18q,training,0b78cf260acf8f9eeb38f8ee093f4412e41802274ba649053422f74dcdf22f77,cotengra_one_trial,20260954,False,1dpu_t8,False,estimated_work_unit_count_exceeds_preregistered_bound,,,,,,,,,,,,,,,,,,,,,,,,,,,,
ghz_chain_18q,training,0b78cf260acf8f9eeb38f8ee093f4412e41802274ba649053422f74dcdf22f77,cotengra_one_trial,20260954,False,4dpu_t8,False,estimated_work_unit_count_exceeds_preregistered_bound,,,,,,,,,,,,,,,,,,,,,,,,,,,,
ghz_chain_18q,training,0f35bacfb480347edcfd9b461fda12c61cd83829e731224b35f6e9c69704600e,cotengra_one_trial,20260905,False,1dpu_t8,True,,17befa96c13258c11cdfcc8707c2aa4dd7570f770488817cd0a0b0ac1254571e,ecaa1564a38a19c811629ccebde765e85a995d56c9a529e62cead0c43c0c9ae0,1068880.0,534440.0,4096.0,65536.0,5076.0,12,35,4390400.0,4587008.0,2137760.0,1410.0,0.0,13568.0,114880,4275520,42,42,42,168,0,1200,0,0.9992646508494873,1.0,8561024,386
ghz_chain_18q,training,0f35bacfb480347edcfd9b461fda12c61cd83829e731224b35f6e9c69704600e,cotengra_one_trial,20260905,False,4dpu_t8,True,,17befa96c13258c11cdfcc8707c2aa4dd7570f770488817cd0a0b0ac1254571e,79640c4937e23fcd870ee17ae8343e5cb0d3c12337c57e8c8ae127ecd0d5cc64,1068880.0,534440.0,4096.0,65536.0,5076.0,12,35,4390400.0,4587008.0,2137760.0,1380.0,0.0,13568.0,114880,4275520,42,36,36,144,0,1200,34,0.9992646508494873,0.9857533118778534,8561024,386
ghz_chain_18q,training,16eb3d9ce5fea2009c33da5d68722c7dfd882bf4a92d904ceb84127260defc1d,cotengra_one_trial,20260949,False,1dpu_t8,False,estimated_work_unit_count_exceeds_preregistered_bound,,,,,,,,,,,,,,,,,,,,,,,,,,,,
ghz_chain_18q,training,16eb3d9ce5fea2009c33da5d68722c7dfd882bf4a92d904ceb84127260defc1d,cotengra_one_trial,20260949,False,4dpu_t8,False,estimated_work_unit_count_exceeds_preregistered_bound,,,,,,,,,,,,,,,,,,,,,,,,,,,,
ghz_chain_18q,training,175886895f1f9041de6e97df3828cac2bc0f40bb3e17d36e6a200081fbf4de32,cotengra_one_trial,20260950,False,1dpu_t8,False,estimated_work_unit_count_exceeds_preregistered_bound,,,,,,,,,,,,,,,,,,,,,,,,,,,,
ghz_chain_18q,training,175886895f1f9041de6e97df3828cac2bc0f40bb3e17d36e6a200081fbf4de32,cotengra_one_trial,20260950,False,4dpu_t8,False,estimated_work_unit_count_exceeds_preregistered_bound,,,,,,,,,,,,,,,,,,,,,,,,,,,,
ghz_chain_18q,training,1b95f110ebfbaf0ed1b980b2f4fb81fade93d0fb290438f6339f7b6ded957f9c,cotengra_one_trial,20260943,False,1dpu_t8,False,estimated_work_unit_count_exceeds_preregistered_bound,,,,,,,,,,,,,,,,,,,,,,,,,,,,
ghz_chain_18q,training,1b95f110ebfbaf0ed1b980b2f4fb81fade93d0fb290438f6339f7b6ded957f9c,cotengra_one_trial,20260943,False,4dpu_t8,False,estimated_work_unit_count_exceeds_preregistered_bound,,,,,,,,,,,,,,,,,,,,,,,,,,,,
ghz_chain_18q,training,1c301590b5ab747b89b0342ddecdb75ed1c6d82f415e86e42a169cf519ffb497,cotengra_one_trial,20260947,False,1dpu_t8,False,estimated_work_unit_count_exceeds_preregistered_bound,,,,,,,,,,,,,,,,,,,,,,,,,,,,
ghz_chain_18q,training,1c301590b5ab747b89b0342ddecdb75ed1c6d82f415e86e42a169cf519ffb497,cotengra_one_trial,20260947,False,4dpu_t8,False,estimated_work_unit_count_exceeds_preregistered_bound,,,,,,,,,,,,,,,,,,,,,,,,,,,,
ghz_chain_18q,training,1d79dc341f63dc2a2d769a20c499df7ea5637805730e809ce3864166b2d5606a,cotengra_one_trial,20260958,False,1dpu_t8,False,estimated_work_unit_count_exceeds_preregistered_bound,,,,,,,,,,,,,,,,,,,,,,,,,,,,
ghz_chain_18q,training,1d79dc341f63dc2a2d769a20c499df7ea5637805730e809ce3864166b2d5606a,cotengra_one_trial,20260958,False,4dpu_t8,False,estimated_work_unit_count_exceeds_preregistered_bound,,,,,,,,,,,,,,,,,,,,,,,,,,,,
ghz_chain_18q,training,1f9687c5819aea014fb46654f0523f814d3ac62b8cd74b72f28ed5fdb6f554b5,cotengra_one_trial,20260913,False,1dpu_t8,False,estimated_work_unit_count_exceeds_preregistered_bound,,,,,,,,,,,,,,,,,,,,,,,,,,,,
ghz_chain_18q,training,1f9687c5819aea014fb46654f0523f814d3ac62b8cd74b72f28ed5fdb6f554b5,cotengra_one_trial,20260913,False,4dpu_t8,False,estimated_work_unit_count_exceeds_preregistered_bound,,,,,,,,,,,,,,,,,,,,,,,,,,,,
ghz_chain_18q,training,255f68a998b34a57c9824b69cadc7bbd64a55e99e3c3480a4d9ab7737b178547,cotengra_one_trial,20260926,False,1dpu_t8,False,estimated_work_unit_count_exceeds_preregistered_bound,,,,,,,,,,,,,,,,,,,,,,,,,,,,
ghz_chain_18q,training,255f68a998b34a57c9824b69cadc7bbd64a55e99e3c3480a4d9ab7737b178547,cotengra_one_trial,20260926,False,4dpu_t8,False,estimated_work_unit_count_exceeds_preregistered_bound,,,,,,,,,,,,,,,,,,,,,,,,,,,,
ghz_chain_18q,training,2a65119a3cf5e93ebbf369ed5060d900932cb583bf6a29d4fe13b4926270451e,cotengra_one_trial,20260922,False,1dpu_t8,False,estimated_work_unit_count_exceeds_preregistered_bound,,,,,,,,,,,,,,,,,,,,,,,,,,,,
ghz_chain_18q,training,2a65119a3cf5e93ebbf369ed5060d900932cb583bf6a29d4fe13b4926270451e,cotengra_one_trial,20260922,False,4dpu_t8,False,estimated_work_unit_count_exceeds_preregistered_bound,,,,,,,,,,,,,,,,,,,,,,,,,,,,
ghz_chain_18q,training,2ac615781cf3dcbaa8b7b0828c26db77c0a081e6e9cf755ba369c70b6a6b4435,cotengra_one_trial,20260964,False,1dpu_t8,False,estimated_work_unit_count_exceeds_preregistered_bound,,,,,,,,,,,,,,,,,,,,,,,,,,,,
ghz_chain_18q,training,2ac615781cf3dcbaa8b7b0828c26db77c0a081e6e9cf755ba369c70b6a6b4435,cotengra_one_trial,20260964,False,4dpu_t8,False,estimated_work_unit_count_exceeds_preregistered_bound,,,,,,,,,,,,,,,,,,,,,,,,,,,,
ghz_chain_18q,training,2eb5c051c7b732f1aecd573e7ab837c1da6efd64cdaf3c60a2ea1fbd8b38c7dd,cotengra_one_trial,20260942,False,1dpu_t8,False,estimated_work_unit_count_exceeds_preregistered_bound,,,,,,,,,,,,,,,,,,,,,,,,,,,,
ghz_chain_18q,training,2eb5c051c7b732f1aecd573e7ab837c1da6efd64cdaf3c60a2ea1fbd8b38c7dd,cotengra_one_trial,20260942,False,4dpu_t8,False,estimated_work_unit_count_exceeds_preregistered_bound,,,,,,,,,,,,,,,,,,,,,,,,,,,,
ghz_chain_18q,training,304980ee28992d2064a43ef8c3f41ce548b5f18feca64dfc7c000dbfd76285ec,cotengra_one_trial,20260902,False,1dpu_t8,False,estimated_work_unit_count_exceeds_preregistered_bound,,,,,,,,,,,,,,,,,,,,,,,,,,,,
ghz_chain_18q,training,304980ee28992d2064a43ef8c3f41ce548b5f18feca64dfc7c000dbfd76285ec,cotengra_one_trial,20260902,False,4dpu_t8,False,estimated_work_unit_count_exceeds_preregistered_bound,,,,,,,,,,,,,,,,,,,,,,,,,,,,
ghz_chain_18q,training,34e841439c4caabf5530defa8507c28dd1eff4a737b4ff28644f5b2bb632ea52,cotengra_one_trial,20260948,False,1dpu_t8,False,estimated_work_unit_count_exceeds_preregistered_bound,,,,,,,,,,,,,,,,,,,,,,,,,,,,
ghz_chain_18q,training,34e841439c4caabf5530defa8507c28dd1eff4a737b4ff28644f5b2bb632ea52,cotengra_one_trial,20260948,False,4dpu_t8,False,estimated_work_unit_count_exceeds_preregistered_bound,,,,,,,,,,,,,,,,,,,,,,,,,,,,
ghz_chain_18q,training,41730fecc8d717059f596802d117023024c65606933be088890c6dd664252341,cotengra_one_trial,20260918,False,1dpu_t8,False,estimated_work_unit_count_exceeds_preregistered_bound,,,,,,,,,,,,,,,,,,,,,,,,,,,,
ghz_chain_18q,training,41730fecc8d717059f596802d117023024c65606933be088890c6dd664252341,cotengra_one_trial,20260918,False,4dpu_t8,False,estimated_work_unit_count_exceeds_preregistered_bound,,,,,,,,,,,,,,,,,,,,,,,,,,,,
ghz_chain_18q,training,435e6e1d1796b83c06926d75b63dfa07274c79cc2e704eba28a014fdc84821c0,cotengra_one_trial,20260912,False,1dpu_t8,True,,1ea9a94bd08b6ba93e749902a51c0a345be9c4c5b28f4b8a16c4a9a627168d94,f75de6c6f228de5ac3fb32befbabe562bae65b12e70adf4e7930585e682b5339,1061144.0,530572.0,2048.0,32768.0,3142.0,11,35,4324416.0,4554976.0,2122288.0,1334.0,0.0,13568.0,79840,4244576,38,38,38,152,0,1144,0,0.9993243141364414,1.0,8499136,622
ghz_chain_18q,training,435e6e1d1796b83c06926d75b63dfa07274c79cc2e704eba28a014fdc84821c0,cotengra_one_trial,20260912,False,4dpu_t8,True,,1ea9a94bd08b6ba93e749902a51c0a345be9c4c5b28f4b8a16c4a9a627168d94,16d2f5c4a9ad341d19ccfd0780a4b60308e765078218ad02f2e5077a87631715,1061144.0,530572.0,2048.0,32768.0,3142.0,11,35,4324416.0,4554976.0,2122288.0,1319.0,0.0,13568.0,79840,4244576,38,35,35,140,0,1144,34,0.9993243141364414,0.9911171339610835,8499136,622
ghz_chain_18q,training,56d8cd30d1ce661140d262e6bbad97b983abda6fae8541ed4665c01d239bbb48,cotengra_one_trial,20260956,False,1dpu_t8,True,,9c34be65f5058eb8b2aa4e8d2130221ba656a66d104d3abbf2e63354e0624476,ef73132b7f678d4578e025e733afee67011554902d38450b8559d6068527e724,1083656.0,541828.0,2048.0,32768.0,8770.0,11,35,4504768.0,4738464.0,2167312.0,1919.0,0.0,13568.0,170144,4334624,43,43,43,172,0,1704,0,0.9935339258953025,1.0,8679232,33326
ghz_chain_18q,training,56d8cd30d1ce661140d262e6bbad97b983abda6fae8541ed4665c01d239bbb48,cotengra_one_trial,20260956,False,4dpu_t8,True,,9c34be65f5058eb8b2aa4e8d2130221ba656a66d104d3abbf2e63354e0624476,52735809f8b1a5cbf3951da5a18cd32de427e76861e2f3efbe60051d09ebb0b6,1083656.0,541828.0,2048.0,32768.0,8770.0,11,35,4504768.0,4738464.0,2167312.0,1879.0,0.0,13568.0,170144,4334624,43,35,35,140,0,1704,33,0.9935339258953025,0.9809182987959278,8679232,33326
ghz_chain_18q,training,5d8b36f7cde15fb21b0c08cdc47c50cdf246e7f5a57f63b9da1ae951a4bd77d1,cotengra_one_trial,20260955,False,1dpu_t8,False,estimated_work_unit_count_exceeds_preregistered_bound,,,,,,,,,,,,,,,,,,,,,,,,,,,,
ghz_chain_18q,training,5d8b36f7cde15fb21b0c08cdc47c50cdf246e7f5a57f63b9da1ae951a4bd77d1,cotengra_one_trial,20260955,False,4dpu_t8,False,estimated_work_unit_count_exceeds_preregistered_bound,,,,,,,,,,,,,,,,,,,,,,,,,,,,
ghz_chain_18q,training,6b84eb492d62bdef12639e70a27cda360777d8e24ad4af9d6314bfc78570eb2b,cotengra_one_trial,20260908,False,1dpu_t8,True,,159ee5f66ec0cf9aec1dba23e08f255d90c27f173aed061ac8d1df042d97e73f,f1d2688b077bc4f20d227c31ef3808d26909f4da20e62f2288e83e09dfc50154,1061168.0,530584.0,2048.0,32768.0,3148.0,11,35,4324608.0,4553984.0,2122336.0,1326.0,0.0,13568.0,79936,4244672,38,38,38,152,0,1136,0,0.9992216124119838,1.0,8499328,610
ghz_chain_18q,training,6b84eb492d62bdef12639e70a27cda360777d8e24ad4af9d6314bfc78570eb2b,cotengra_one_trial,20260908,False,4dpu_t8,True,,159ee5f66ec0cf9aec1dba23e08f255d90c27f173aed061ac8d1df042d97e73f,12f54e65c243d2588c994e53c7581a71306c900534b971127baed45aef503510,1061168.0,530584.0,2048.0,32768.0,3148.0,11,35,4324608.0,4553984.0,2122336.0,1311.0,0.0,13568.0,79936,4244672,38,35,35,140,0,1136,34,0.9992216124119838,0.9911003724198242,8499328,610
ghz_chain_18q,training,6be2861d3b9e8d6587ef0ea855488e73ac2e3b2d9ed4d618905043a5e77e8669,cotengra_one_trial,20260916,False,1dpu_t8,False,estimated_work_unit_count_exceeds_preregistered_bound,,,,,,,,,,,,,,,,,,,,,,,,,,,,
ghz_chain_18q,training,6be2861d3b9e8d6587ef0ea855488e73ac2e3b2d9ed4d618905043a5e77e8669,cotengra_one_trial,20260916,False,4dpu_t8,False,estimated_work_unit_count_exceeds_preregistered_bound,,,,,,,,,,,,,,,,,,,,,,,,,,,,
ghz_chain_18q,training,6e942c0d60db5b39ec632ef31e6252d795b7989e1c93d6e46e452a8352d8c3dd,cotengra_one_trial,20260962,False,1dpu_t8,False,estimated_work_unit_count_exceeds_preregistered_bound,,,,,,,,,,,,,,,,,,,,,,,,,,,,
ghz_chain_18q,training,6e942c0d60db5b39ec632ef31e6252d795b7989e1c93d6e46e452a8352d8c3dd,cotengra_one_trial,20260962,False,4dpu_t8,False,estimated_work_unit_count_exceeds_preregistered_bound,,,,,,,,,,,,,,,,,,,,,,,,,,,,
ghz_chain_18q,training,70e093aa7774e13885fc1dd7ad3acb7d0a2b9bea8a067289a654fbe18566a8c5,cotengra_one_trial,20260920,False,1dpu_t8,True,,941594304206db74838787c5a2ceaaa34f6813500e6be58b1f9db48355c4a229,f5ba50978adbdfbabd5197a61352b90417ffca05a0ac142fc9993afaf44340ef,1092960.0,546480.0,8192.0,131072.0,11096.0,13,35,4585600.0,4716704.0,2185920.0,1615.0,0.0,13568.0,213760,4371840,51,51,51,204,0,1360,0,0.9990081979212414,1.0,8753664,5170
ghz_chain_18q,training,70e093aa7774e13885fc1dd7ad3acb7d0a2b9bea8a067289a654fbe18566a8c5,cotengra_one_trial,20260920,False,4dpu_t8,True,,941594304206db74838787c5a2ceaaa34f6813500e6be58b1f9db48355c4a229,fd5d528697e74c6824c2873ed82a5ef455e65960c883b202ad9649d57748bae7,1092960.0,546480.0,8192.0,131072.0,11096.0,13,35,4585600.0,4716704.0,2185920.0,1550.0,0.0,13568.0,213760,4371840,51,38,38,152,0,1360,34,0.9990081979212414,0.9770385009515444,8753664,5170
ghz_chain_18q,training,789ff18e80bef9da10deeafae90e6b5240e42d3fadb7fabe8ffc254d6efc5027,cotengra_one_trial,20260907,False,1dpu_t8,False,estimated_work_unit_count_exceeds_preregistered_bound,,,,,,,,,,,,,,,,,,,,,,,,,,,,
ghz_chain_18q,training,789ff18e80bef9da10deeafae90e6b5240e42d3fadb7fabe8ffc254d6efc5027,cotengra_one_trial,20260907,False,4dpu_t8,False,estimated_work_unit_count_exceeds_preregistered_bound,,,,,,,,,,,,,,,,,,,,,,,,,,,,
ghz_chain_18q,training,84703e78c99df2f1761a549ee96e3572402df260042d882c8b12638ab2dd9913,cotengra_one_trial,20260915,False,1dpu_t8,True,,d4a812d6377178a1ab8aa9c298b35219bd8b530389c3bd8f14f9faa5ef6e24be,976ab640ef3da77068b3bae172e513807281a295218d94a9afd58d75922c25f7,1085120.0,542560.0,8192.0,131072.0,9136.0,13,35,4522368.0,4657536.0,2170240.0,1586.0,0.0,13568.0,181888,4340480,50,50,50,200,0,1336,0,0.9991669124152167,1.0,8690944,622
ghz_chain_18q,training,84703e78c99df2f1761a549ee96e3572402df260042d882c8b12638ab2dd9913,cotengra_one_trial,20260915,False,4dpu_t8,True,,d4a812d6377178a1ab8aa9c298b35219bd8b530389c3bd8f14f9faa5ef6e24be,76df6258209f30a42ce696842e7b02ee84737928ebaf45993ebcb87af99be709,1085120.0,542560.0,8192.0,131072.0,9136.0,13,35,4522368.0,4657536.0,2170240.0,1526.0,0.0,13568.0,181888,4340480,50,38,38,152,0,1336,34,0.9991669124152167,0.9747419640224123,8690944,622
ghz_chain_18q,training,84fd794629bb39ca5f3ad8aa71a663b8d6a00571935480ac49088b38a795716a,cotengra_one_trial,20260934,False,1dpu_t8,False,estimated_work_unit_count_exceeds_preregistered_bound,,,,,,,,,,,,,,,,,,,,,,,,,,,,
ghz_chain_18q,training,84fd794629bb39ca5f3ad8aa71a663b8d6a00571935480ac49088b38a795716a,cotengra_one_trial,20260934,False,4dpu_t8,False,estimated_work_unit_count_exceeds_preregistered_bound,,,,,,,,,,,,,,,,,,,,,,,,,,,,
ghz_chain_18q,training,8a53a83c45b1a831a0d3d09f8b5393cd82dbadedaf2a239bc0a4da1843a470a4,cotengra_one_trial,20260965,False,1dpu_t8,True,,103bb82686d73369c17011eb6fb0d51edca4593ec3ec167682975f34a8229d8d,30cb9ab8264481cd409fd2b63dd12aa75d41c6d0fcb4b2983f0b70899ca528a0,1061144.0,530572.0,2048.0,32768.0,3142.0,11,35,4324416.0,4553792.0,2122288.0,1326.0,0.0,13568.0,79840,4244576,38,38,38,152,0,1136,0,0.9992979275197335,1.0,8499136,360
ghz_chain_18q,training,8a53a83c45b1a831a0d3d09f8b5393cd82dbadedaf2a239bc0a4da1843a470a4,cotengra_one_trial,20260965,False,4dpu_t8,True,,103bb82686d73369c17011eb6fb0d51edca4593ec3ec167682975f34a8229d8d,99091067dd40916ea80689ed42f3aa84fae3db28bddb19d8ceaf1fe6bc113fb5,1061144.0,530572.0,2048.0,32768.0,3142.0,11,35,4324416.0,4553792.0,2122288.0,1311.0,0.0,13568.0,79840,4244576,38,35,35,140,0,1136,34,0.9992979275197335,0.9911171339610835,8499136,360
ghz_chain_18q,training,8d4c085651232f16d3a31974e7804920cc2e3575c9f1c4dc6186768532134388,cotengra_one_trial,20260953,False,1dpu_t8,False,estimated_work_unit_count_exceeds_preregistered_bound,,,,,,,,,,,,,,,,,,,,,,,,,,,,
ghz_chain_18q,training,8d4c085651232f16d3a31974e7804920cc2e3575c9f1c4dc6186768532134388,cotengra_one_trial,20260953,False,4dpu_t8,False,estimated_work_unit_count_exceeds_preregistered_bound,,,,,,,,,,,,,,,,,,,,,,,,,,,,
ghz_chain_18q,training,8d7cf28f448a4781472c1fee107732f13281271ed0600553a1a9c66d747ac502,cotengra_one_trial,20260941,False,1dpu_t8,False,estimated_work_unit_count_exceeds_preregistered_bound,,,,,,,,,,,,,,,,,,,,,,,,,,,,
ghz_chain_18q,training,8d7cf28f448a4781472c1fee107732f13281271ed0600553a1a9c66d747ac502,cotengra_one_trial,20260941,False,4dpu_t8,False,estimated_work_unit_count_exceeds_preregistered_bound,,,,,,,,,,,,,,,,,,,,,,,,,,,,
ghz_chain_18q,training,91e35b69b8f22a706a1cead45f7e860e4808444315c8c8418ad6892020d530be,cotengra_one_trial,20260946,False,1dpu_t8,True,,617db138528378c03b707f23d295555ace8265edf557a939301074c3fd3c5bec,8543cc9c9928da43910cbd3f694835bf894e6e12ff0652b8c886bd361a9780dd,1069184.0,534592.0,2048.0,32768.0,5152.0,11,35,4388864.0,4618240.0,2138368.0,1355.0,0.0,13568.0,112128,4276736,39,39,39,156,0,1160,0,0.9992966598826769,1.0,8563456,8410
ghz_chain_18q,training,91e35b69b8f22a706a1cead45f7e860e4808444315c8c8418ad6892020d530be,cotengra_one_trial,20260946,False,4dpu_t8,True,,617db138528378c03b707f23d295555ace8265edf557a939301074c3fd3c5bec,b8049bf2cd42c997785eda7406e3e02a6cb8ec2e74216cd4b0d923da9f2447f1,1069184.0,534592.0,2048.0,32768.0,5152.0,11,35,4388864.0,4618240.0,2138368.0,1335.0,0.0,13568.0,112128,4276736,39,35,35,140,0,1160,34,0.9992966598826769,0.9874595953549623,8563456,8410
ghz_chain_18q,training,9ee2439e7dc9b283f20745d1a4230d15050a9dcdd5e32d8ec8df5dad5c7e8d11,cotengra_one_trial,20260909,False,1dpu_t8,False,estimated_work_unit_count_exceeds_preregistered_bound,,,,,,,,,,,,,,,,,,,,,,,,,,,,
ghz_chain_18q,training,9ee2439e7dc9b283f20745d1a4230d15050a9dcdd5e32d8ec8df5dad5c7e8d11,cotengra_one_trial,20260909,False,4dpu_t8,False,estimated_work_unit_count_exceeds_preregistered_bound,,,,,,,,,,,,,,,,,,,,,,,,,,,,
ghz_chain_18q,training,9f9e62a16e205e4bd5eb1d1b8f62cade3177ef00fa9bd4dc15c899a41b00d3d0,cotengra_one_trial,20260940,False,1dpu_t8,True,,7a022b3b8a3a20b1ac8adbf6f85f0f31651b3fd3e808b1a61d500e1b5baffeee,047b0a3e78678d915ee926bf3f3ca04237bfea62f65501172857af5314a96589,1059160.0,529580.0,1024.0,16384.0,2646.0,10,35,4316736.0,4546784.0,2118320.0,1334.0,0.0,13568.0,80096,4236640,38,38,38,152,0,1144,0,0.9992928358321689,1.0,8483264,398
ghz_chain_18q,training,9f9e62a16e205e4bd5eb1d1b8f62cade3177ef00fa9bd4dc15c899a41b00d3d0,cotengra_one_trial,20260940,False,4dpu_t8,True,,7a022b3b8a3a20b1ac8adbf6f85f0f31651b3fd3e808b1a61d500e1b5baffeee,37929df4cf5eb6820276677358cfa26fa99b7f591cb05407da39e6bfb45b3b73,1059160.0,529580.0,1024.0,16384.0,2646.0,10,35,4316736.0,4546784.0,2118320.0,1319.0,0.0,13568.0,80096,4236640,38,35,35,140,0,1144,34,0.9992928358321689,0.992505381623173,8483264,398
ghz_chain_18q,training,a0f7fec9778137270204333fdde142b735188034c201a7c229136e14b6f96692,cotengra_one_trial,20260917,False,1dpu_t8,True,,0d6b534c4363a2c66515e1eae5e80b16ee219d623eb88e311e985a90c651f2a9,8ee0971fdd28352e810eb3bb587474d7fbc8ee718c9abf2d9ec116aad135a0fa,1090672.0,545336.0,2048.0,32768.0,10524.0,11,35,4560800.0,4796576.0,2181344.0,2207.0,0.0,13568.0,198112,4362688,43,43,43,172,0,1992,0,0.9896449161617792,1.0,8735360,18954
ghz_chain_18q,training,a0f7fec9778137270204333fdde142b735188034c201a7c229136e14b6f96692,cotengra_one_trial,20260917,False,4dpu_t8,True,,0d6b534c4363a2c66515e1eae5e80b16ee219d623eb88e311e985a90c651f2a9,4cecf443c5e56e624fa2eaf83de02689f5c1b17dfd7cc83c192c2305242aedb7,1090672.0,545336.0,2048.0,32768.0,10524.0,11,35,4560800.0,4796576.0,2181344.0,2167.0,0.0,13568.0,198112,4362688,43,35,35,140,0,1992,33,0.9896449161617792,0.9748081916469846,8735360,18954
ghz_chain_18q,training,a349387c8c62f62327bdbf8543a5324795d9e79cd26d9add94392e4efd8bbfe1,cotengra_one_trial,20260960,False,1dpu_t8,False,estimated_work_unit_count_exceeds_preregistered_bound,,,,,,,,,,,,,,,,,,,,,,,,,,,,
ghz_chain_18q,training,a349387c8c62f62327bdbf8543a5324795d9e79cd26d9add94392e4efd8bbfe1,cotengra_one_trial,20260960,False,4dpu_t8,False,estimated_work_unit_count_exceeds_preregistered_bound,,,,,,,,,,,,,,,,,,,,,,,,,,,,
ghz_chain_18q,training,a39379ca132b38da45835c6dc4210c0692c7a06cb827b4e39547bdb5859c9947,cotengra_one_trial,20260932,False,1dpu_t8,True,,44ffcdf96175e409a719398c63479d5beaa1722c0b2067478dee1a74b0fa6b97,57e3dbeea24bfa0a1978c9ca39a4007eee758436fb5d3c39c3b81f86023067fa,1071104.0,535552.0,4096.0,65536.0,5632.0,12,35,4408192.0,4604800.0,2142208.0,1410.0,0.0,13568.0,123776,4284416,42,42,42,168,0,1200,0,0.999282982791587,1.0,8578816,746
ghz_chain_18q,training,a39379ca132b38da45835c6dc4210c0692c7a06cb827b4e39547bdb5859c9947,cotengra_one_trial,20260932,False,4dpu_t8,True,,44ffcdf96175e409a719398c63479d5beaa1722c0b2067478dee1a74b0fa6b97,c402968555122093fb83f540e8eb677408d087ca79c6a85dfbd12b95c058a71c,1071104.0,535552.0,4096.0,65536.0,5632.0,12,35,4408192.0,4604800.0,2142208.0,1380.0,0.0,13568.0,123776,4284416,42,36,36,144,0,1200,34,0.999282982791587,0.984225621414914,8578816,746
ghz_chain_18q,training,aa19e147072c9d41b1b9265d86163f3e1687d6fadf8d462295c605a3854ae948,cotengra_one_trial,20260914,False,1dpu_t8,True,,8033d3aeadf513247dc69197e3060b96133451c01fa31faf3304b648aa293731,0f35aaa2f85be0f627c080493e1a0dcd9b2c31f28aa122d8b3c6f654b4ffac7c,1061744.0,530872.0,2048.0,32768.0,3292.0,11,35,4329216.0,4558592.0,2123488.0,1326.0,0.0,13568.0,82240,4246976,38,38,38,152,0,1136,0,0.9993124519658223,1.0,8503936,626
ghz_chain_18q,training,aa19e147072c9d41b1b9265d86163f3e1687d6fadf8d462295c605a3854ae948,cotengra_one_trial,20260914,False,4dpu_t8,True,,8033d3aeadf513247dc69197e3060b96133451c01fa31faf3304b648aa293731,74e41c974c2558da38693a335db34f184c9ac1421831b132f4aa6e203395592a,1061744.0,530872.0,2048.0,32768.0,3292.0,11,35,4329216.0,4558592.0,2123488.0,1311.0,0.0,13568.0,82240,4246976,38,35,35,140,0,1136,34,0.9993124519658223,0.9906983227595353,8503936,626
ghz_chain_18q,training,b09f55f895ef0852ac45e9efc58b74e31102315bc6c4fe7a302058e011d0e70d,cotengra_one_trial,20260929,False,1dpu_t8,False,estimated_work_unit_count_exceeds_preregistered_bound,,,,,,,,,,,,,,,,,,,,,,,,,,,,
ghz_chain_18q,training,b09f55f895ef0852ac45e9efc58b74e31102315bc6c4fe7a302058e011d0e70d,cotengra_one_trial,20260929,False,4dpu_t8,False,estimated_work_unit_count_exceeds_preregistered_bound,,,,,,,,,,,,,,,,,,,,,,,,,,,,
ghz_chain_18q,training,b15edafdaedca4ff78c648824b977c942a18fe31dc500e3af9a2219f127ea619,cotengra_one_trial,20260944,False,1dpu_t8,True,,3b339936d0226ac12a7e30a7d572cb85a55024d8ecbb2cf5567576c7f65c3788,f08ab3fe4fcc9c82158bd13ed909aeded3c8994f5ba7ce7a4707d36563d7755c,1069848.0,534924.0,4096.0,65536.0,5318.0,12,35,4398144.0,4594752.0,2139696.0,1410.0,0.0,13568.0,118752,4279392,42,42,42,168,0,1200,0,0.9993036393955029,1.0,8568768,264
ghz_chain_18q,training,b15edafdaedca4ff78c648824b977c942a18fe31dc500e3af9a2219f127ea619,cotengra_one_trial,20260944,False,4dpu_t8,True,,3b339936d0226ac12a7e30a7d572cb85a55024d8ecbb2cf5567576c7f65c3788,2f5d0b2ac7f699afc06bbd87583bd8421ffd25c982b6351a7298dc28e2786ad8,1069848.0,534924.0,4096.0,65536.0,5318.0,12,35,4398144.0,4594752.0,2139696.0,1380.0,0.0,13568.0,118752,4279392,42,36,36,144,0,1200,34,0.9993036393955029,0.9850876012293335,8568768,264
ghz_chain_18q,training,b634261c9d9f610cfc66380cf13ea97e9636cf6367e2132297a3745af7eda1ad,cotengra_one_trial,20260937,False,1dpu_t8,False,semantic_identity_expansion_exceeds_preregistered_bound,,,,,,,,,,,,,,,,,,,,,,,,,,,,
ghz_chain_18q,training,b634261c9d9f610cfc66380cf13ea97e9636cf6367e2132297a3745af7eda1ad,cotengra_one_trial,20260937,False,4dpu_t8,False,semantic_identity_expansion_exceeds_preregistered_bound,,,,,,,,,,,,,,,,,,,,,,,,,,,,
ghz_chain_18q,training,b7a92f1a28cbacfef1575a0b571b79cdc92dded09222a5581a765ab352fd9637,cotengra_one_trial,20260945,False,1dpu_t8,True,,fea783930a1538137982196eca3e38c365a6d934c93ca9df8d6188db3dce6f75,d3d657aa6f64a4499e91b79a9e592ef6367c96dedb3aa617a21e147d54acc367,1216608.0,608304.0,16384.0,262144.0,42008.0,14,35,5578432.0,5742112.0,2433216.0,6655.0,0.0,13568.0,712000,4866432,107,107,107,428,0,6120,0,0.962568058076225,1.0,9742848,36896
ghz_chain_18q,training,b7a92f1a28cbacfef1575a0b571b79cdc92dded09222a5581a765ab352fd9637,cotengra_one_trial,20260945,False,4dpu_t8,True,,fea783930a1538137982196eca3e38c365a6d934c93ca9df8d6188db3dce6f75,412ba1a3486ef18d1a5cbccd92d974884195c140008c88ccd82b179257b580c8,1216608.0,608304.0,16384.0,262144.0,42008.0,14,35,5578432.0,5742112.0,2433216.0,6365.0,0.0,13568.0,712000,4866432,107,49,49,196,0,6120,30,0.962568058076225,0.9889989215918357,9742848,36896
ghz_chain_18q,training,b9d5a85fda5aa6df356b53b189f262df0dfe4691a5aa676280b064eec8f3e67b,cotengra_one_trial,20260923,False,1dpu_t8,False,estimated_work_unit_count_exceeds_preregistered_bound,,,,,,,,,,,,,,,,,,,,,,,,,,,,
ghz_chain_18q,training,b9d5a85fda5aa6df356b53b189f262df0dfe4691a5aa676280b064eec8f3e67b,cotengra_one_trial,20260923,False,4dpu_t8,False,estimated_work_unit_count_exceeds_preregistered_bound,,,,,,,,,,,,,,,,,,,,,,,,,,,,
ghz_chain_18q,training,ba75a22e80d167487d5a36639b87a7d918fff9d297f0ca8a40b124b38ccc7d6d,cotengra_one_trial,20260959,False,1dpu_t8,False,estimated_work_unit_count_exceeds_preregistered_bound,,,,,,,,,,,,,,,,,,,,,,,,,,,,
ghz_chain_18q,training,ba75a22e80d167487d5a36639b87a7d918fff9d297f0ca8a40b124b38ccc7d6d,cotengra_one_trial,20260959,False,4dpu_t8,False,estimated_work_unit_count_exceeds_preregistered_bound,,,,,,,,,,,,,,,,,,,,,,,,,,,,
ghz_chain_18q,training,ba784ebe48af836ccef6f04936cb4606912aaba3c28fa0f0f4415476aa8233c7,cotengra_one_trial,20260904,False,1dpu_t8,False,estimated_work_unit_count_exceeds_preregistered_bound,,,,,,,,,,,,,,,,,,,,,,,,,,,,
ghz_chain_18q,training,ba784ebe48af836ccef6f04936cb4606912aaba3c28fa0f0f4415476aa8233c7,cotengra_one_trial,20260904,False,4dpu_t8,False,estimated_work_unit_count_exceeds_preregistered_bound,,,,,,,,,,,,,,,,,,,,,,,,,,,,
ghz_chain_18q,training,ba917110f619f9ccbb69b61ec513421c324c18a33914e63edb4fe78cd524bc75,cotengra_one_trial,20260928,False,1dpu_t8,True,,3c8ffd10a8c002cd312ae19d3a9bb0379463462e70b6263d0dd9e2eb72a7dac0,2c43862f5071fd0eeeaaacac9907aba2ca29a550b8b8391dbc295fd17b49b443,1061144.0,530572.0,2048.0,32768.0,3142.0,11,35,4324416.0,4554976.0,2122288.0,1334.0,0.0,13568.0,79840,4244576,38,38,38,152,0,1144,0,0.9993243141364414,1.0,8499136,622
ghz_chain_18q,training,ba917110f619f9ccbb69b61ec513421c324c18a33914e63edb4fe78cd524bc75,cotengra_one_trial,20260928,False,4dpu_t8,True,,3c8ffd10a8c002cd312ae19d3a9bb0379463462e70b6263d0dd9e2eb72a7dac0,32b599138bbfd4445ce918b17335c4d57f12f1f5f218ab8b1457b104e55a83d1,1061144.0,530572.0,2048.0,32768.0,3142.0,11,35,4324416.0,4554976.0,2122288.0,1319.0,0.0,13568.0,79840,4244576,38,35,35,140,0,1144,34,0.9993243141364414,0.9911171339610835,8499136,622
ghz_chain_18q,training,baddc25c999f9bfddff9e167ee83e5b89ef2671118d3515536b102ba3f078a78,cotengra_one_trial,20260924,False,1dpu_t8,True,,665d8c03ee903ab408760622cf29659e4351730db57f0033d1b4fb037250d1bb,dca9fd375e664d2e416a4780d83d1f357da3a0e357d9d260b4219b88e2816e3c,1064448.0,532224.0,2048.0,32768.0,3968.0,11,35,4350848.0,4580224.0,2128896.0,1326.0,0.0,13568.0,93056,4257792,38,38,38,152,0,1136,0,0.9990830928330928,1.0,8525568,2398
ghz_chain_18q,training,baddc25c999f9bfddff9e167ee83e5b89ef2671118d3515536b102ba3f078a78,cotengra_one_trial,20260924,False,4dpu_t8,True,,665d8c03ee903ab408760622cf29659e4351730db57f0033d1b4fb037250d1bb,ffd53ffc8bb74500520a7eb1a498ea1d4e8f8451a7a9de1ea4444ea9bbf39896,1064448.0,532224.0,2048.0,32768.0,3968.0,11,35,4350848.0,4580224.0,2128896.0,1311.0,0.0,13568.0,93056,4257792,38,35,35,140,0,1136,34,0.9990830928330928,0.9888167388167388,8525568,2398
ghz_chain_18q,training,bc45438f67503c3b914424988d23fae03c6366bdd2478ba16b40dd03849a9545,cotengra_one_trial,20260961,False,1dpu_t8,False,estimated_work_unit_count_exceeds_preregistered_bound,,,,,,,,,,,,,,,,,,,,,,,,,,,,
ghz_chain_18q,training,bc45438f67503c3b914424988d23fae03c6366bdd2478ba16b40dd03849a9545,cotengra_one_trial,20260961,False,4dpu_t8,False,estimated_work_unit_count_exceeds_preregistered_bound,,,,,,,,,,,,,,,,,,,,,,,,,,,,
ghz_chain_18q,training,c00b4164d226c75ded360d87a1a8c00dbc3b2e67facbe6553b1b57660170c83f,cotengra_one_trial,20260957,False,1dpu_t8,True,,ba089d8c3e07ce78bd731427d5dc7f3238d892c93d39bb267831c8be43c6ab19,533beb76279aa05b47f981f2e8521823017bea4f1cf5db9ad0e5a76ba29221a9,1061592.0,530796.0,2048.0,32768.0,3254.0,11,35,4328000.0,4557536.0,2123184.0,1326.0,0.0,13568.0,81632,4246368,38,38,38,152,0,1136,0,0.9992944558738197,1.0,8502720,390
ghz_chain_18q,training,c00b4164d226c75ded360d87a1a8c00dbc3b2e67facbe6553b1b57660170c83f,cotengra_one_trial,20260957,False,4dpu_t8,True,,ba089d8c3e07ce78bd731427d5dc7f3238d892c93d39bb267831c8be43c6ab19,da3f24170842d3dcdc2954cd6aeb78c8e27e1073ce0f0ead70bdb4f84a0cc267,1061592.0,530796.0,2048.0,32768.0,3254.0,11,35,4328000.0,4557536.0,2123184.0,1311.0,0.0,13568.0,81632,4246368,38,35,35,140,0,1136,34,0.9992944558738197,0.9908043768227341,8502720,390
ghz_chain_18q,training,c1c7eb317ff83c4da34bcd9c0507cd67850e1be465a34e261167a17dec3b5cc6,cotengra_one_trial,20260933,False,1dpu_t8,True,,1f0bd9dd5b9fe9d2146e8efc3b6aff0abbc3d65fe424ed4ad3f0b6f402d149c5,b48b70ff8f4074d11cb05d620fe729d9e2b1842fc77590c51b23b863519ebd40,1085720.0,542860.0,8192.0,131072.0,9286.0,13,35,4527168.0,4658400.0,2171440.0,1578.0,0.0,13568.0,184288,4342880,50,50,50,200,0,1328,0,0.999280661680728,1.0,8695744,386
ghz_chain_18q,training,c1c7eb317ff83c4da34bcd9c0507cd67850e1be465a34e261167a17dec3b5cc6,cotengra_one_trial,20260933,False,4dpu_t8,True,,1f0bd9dd5b9fe9d2146e8efc3b6aff0abbc3d65fe424ed4ad3f0b6f402d149c5,a3c18ec39ce7356f5827ceb7cc15f74670175ecce738b2d5918e0b0f078df376,1085720.0,542860.0,8192.0,131072.0,9286.0,13,35,4527168.0,4658400.0,2171440.0,1518.0,0.0,13568.0,184288,4342880,50,38,38,152,0,1328,34,0.999280661680728,0.9743414508344693,8695744,386
ghz_chain_18q,training,c3ad93259938ebc6c436f4f877846978af821657999e627de4478d21dd66299d,cotengra_one_trial,20260931,False,1dpu_t8,True,,94da43721bc03920bcd905ac4ad0a5fbac36f4a402056d98de779709c2d5c896,da106e9994d23b665ae353b16556d98c88cdfb7bd7fca83cc5c87923c8f11799,1059288.0,529644.0,1024.0,16384.0,2678.0,10,35,4317760.0,4547808.0,2118576.0,1334.0,0.0,13568.0,80608,4237152,38,38,38,152,0,1144,0,0.999292921282975,1.0,8484288,398
ghz_chain_18q,training,c3ad93259938ebc6c436f4f877846978af821657999e627de4478d21dd66299d,cotengra_one_trial,20260931,False,4dpu_t8,True,,94da43721bc03920bcd905ac4ad0a5fbac36f4a402056d98de779709c2d5c896,dcd7b25c554266046118a33911246b1ac457dbdb435c79dbcd98633fc82e8162,1059288.0,529644.0,1024.0,16384.0,2678.0,10,35,4317760.0,4547808.0,2118576.0,1319.0,0.0,13568.0,80608,4237152,38,35,35,140,0,1144,34,0.999292921282975,0.9924156603303351,8484288,398
ghz_chain_18q,training,d373196074c7dd97ffc0e7a05ce611803d45e170a4cdc5ae0dd9237eeaef27e3,cotengra_one_trial,20260936,False,1dpu_t8,True,,324a7a47ff40e2a338f3f0876a968ff0b02b7471f3dedd2a7a7017e8d5655475,cf7b6d7df2f3189427f6d1858504b583fc7026f121f6a7f8ff533c5473dad709,1087960.0,543980.0,8192.0,131072.0,9846.0,13,35,4545600.0,4676832.0,2175920.0,1607.0,0.0,13568.0,193760,4351840,51,51,51,204,0,1352,0,0.999370381264017,1.0,8713664,450
ghz_chain_18q,training,d373196074c7dd97ffc0e7a05ce611803d45e170a4cdc5ae0dd9237eeaef27e3,cotengra_one_trial,20260936,False,4dpu_t8,True,,324a7a47ff40e2a338f3f0876a968ff0b02b7471f3dedd2a7a7017e8d5655475,2bdee38c367a135f3176293b6936750dffb0a54bc81619e6613a8e0299e15710,1087960.0,543980.0,8192.0,131072.0,9846.0,13,35,4545600.0,4676832.0,2175920.0,1542.0,0.0,13568.0,193760,4351840,51,38,38,152,0,1352,34,0.999370381264017,0.9803797933747564,8713664,450
ghz_chain_18q,training,dc1c68f4778ce2319a940995e0084aee52359c0931847eb253a765e19e7c3800,cotengra_one_trial,20260930,False,1dpu_t8,False,semantic_identity_expansion_exceeds_preregistered_bound,,,,,,,,,,,,,,,,,,,,,,,,,,,,
ghz_chain_18q,training,dc1c68f4778ce2319a940995e0084aee52359c0931847eb253a765e19e7c3800,cotengra_one_trial,20260930,False,4dpu_t8,False,semantic_identity_expansion_exceeds_preregistered_bound,,,,,,,,,,,,,,,,,,,,,,,,,,,,
ghz_chain_18q,training,dc8a6927856519e5dc33d957802b2e21aba4ce4e244e3a4e4e02f4cdca4829e9,cotengra_one_trial,20260935,False,1dpu_t8,False,estimated_work_unit_count_exceeds_preregistered_bound,,,,,,,,,,,,,,,,,,,,,,,,,,,,
ghz_chain_18q,training,dc8a6927856519e5dc33d957802b2e21aba4ce4e244e3a4e4e02f4cdca4829e9,cotengra_one_trial,20260935,False,4dpu_t8,False,estimated_work_unit_count_exceeds_preregistered_bound,,,,,,,,,,,,,,,,,,,,,,,,,,,,
ghz_chain_18q,training,e2f8c7e93da613d142d02cd95824f7f40d453396bd3318f06c85daa51925824a,cotengra_one_trial,20260952,False,1dpu_t8,True,,48c9301817ff35cd8633e2fbfc7811316ecb33c726713acc56b925d1b1fc5e09,5c899119281d4985100975f0a75804f7016422fd70d078bb4b94f9b2a7a86033,1065760.0,532880.0,1024.0,16384.0,4296.0,10,35,4369536.0,4599232.0,2131520.0,1382.0,0.0,13568.0,106496,4263040,38,38,38,152,0,1192,0,0.9978043837261672,1.0,8536064,5206
ghz_chain_18q,training,e2f8c7e93da613d142d02cd95824f7f40d453396bd3318f06c85daa51925824a,cotengra_one_trial,20260952,False,4dpu_t8,True,,48c9301817ff35cd8633e2fbfc7811316ecb33c726713acc56b925d1b1fc5e09,5e59428bed7707beb22f6a912fe9203eb3dbfe07a111b2b476c6e0803c01ceb8,1065760.0,532880.0,1024.0,16384.0,4296.0,10,35,4369536.0,4599232.0,2131520.0,1367.0,0.0,13568.0,106496,4263040,38,35,35,140,0,1192,34,0.9978043837261672,0.9879072211379673,8536064,5206
ghz_chain_18q,training,ea1ba08ea56e12139fb6321664dae637e680f96a9cf6e8febdf3d302025f2cdb,cotengra_one_trial,20260963,False,1dpu_t8,False,estimated_work_unit_count_exceeds_preregistered_bound,,,,,,,,,,,,,,,,,,,,,,,,,,,,
ghz_chain_18q,training,ea1ba08ea56e12139fb6321664dae637e680f96a9cf6e8febdf3d302025f2cdb,cotengra_one_trial,20260963,False,4dpu_t8,False,estimated_work_unit_count_exceeds_preregistered_bound,,,,,,,,,,,,,,,,,,,,,,,,,,,,
ghz_chain_18q,training,f2536de3179bca1db9e0a16995059e03a710a5bf194e1d02e72810a402a4714f,cotengra_one_trial,20260906,False,1dpu_t8,True,,8d714e5774e907833604e52d9aa8f70e493bbafd2233f787366b8046016f733e,1d545a980901513a860cb354cd58c120ae5e66ec7515d689bc6bfc5c51088645,1068824.0,534412.0,4096.0,65536.0,5062.0,12,35,4389952.0,4586720.0,2137648.0,1410.0,0.0,13568.0,114656,4275296,42,42,42,168,0,1200,0,0.9993291692551814,1.0,8560576,390
ghz_chain_18q,training,f2536de3179bca1db9e0a16995059e03a710a5bf194e1d02e72810a402a4714f,cotengra_one_trial,20260906,False,4dpu_t8,True,,8d714e5774e907833604e52d9aa8f70e493bbafd2233f787366b8046016f733e,57bddcad887149589fa10d49d062c60adeb67c9a1b9b9d632728980d4c1f08f1,1068824.0,534412.0,4096.0,65536.0,5062.0,12,35,4389952.0,4586720.0,2137648.0,1380.0,0.0,13568.0,114656,4275296,42,36,36,144,0,1200,34,0.9993291692551814,0.985791860961206,8560576,390
ghz_chain_18q,training,f41793108ccd8b45191ba851349b146d2e39da87935efd04dfa4a0d4e76d46fb,cotengra_one_trial,20260951,False,1dpu_t8,True,,21842c46fb4c5662b111951e6250169fa8f9ee325e18bcddc63c5e30b2936110,5eb67423fa148d4e488931d65b8741a2a1b0f837d8e92ed763e82983a93c9837,1085784.0,542892.0,8192.0,131072.0,9302.0,13,35,4527680.0,4658752.0,2171568.0,1578.0,0.0,13568.0,184544,4343136,50,50,50,200,0,1328,0,0.9992254444714602,1.0,8696256,248
ghz_chain_18q,training,f41793108ccd8b45191ba851349b146d2e39da87935efd04dfa4a0d4e76d46fb,cotengra_one_trial,20260951,False,4dpu_t8,True,,21842c46fb4c5662b111951e6250169fa8f9ee325e18bcddc63c5e30b2936110,f6945e9523c4b840a43b4038bbfe9ee85ebb54caab417e6deb27fae958157fb6,1085784.0,542892.0,8192.0,131072.0,9302.0,13,35,4527680.0,4658752.0,2171568.0,1518.0,0.0,13568.0,184544,4343136,50,38,38,152,0,1328,34,0.9992254444714602,0.9742987555535908,8696256,248
ghz_chain_18q,training,f71714d643a4b45378ea97d84711436c135889b900b34b8241e69291f05f12be,cotengra_one_trial,20260910,False,1dpu_t8,False,estimated_work_unit_count_exceeds_preregistered_bound,,,,,,,,,,,,,,,,,,,,,,,,,,,,
ghz_chain_18q,training,f71714d643a4b45378ea97d84711436c135889b900b34b8241e69291f05f12be,cotengra_one_trial,20260910,False,4dpu_t8,False,estimated_work_unit_count_exceeds_preregistered_bound,,,,,,,,,,,,,,,,,,,,,,,,,,,,
ghz_chain_18q,training,f74d920afef198cb839a391f8c8bb721a6f92c1708b974722f67cac0b8a1a77a,cotengra_one_trial,20260925,False,1dpu_t8,True,,a0524c067039459e6b550144a3c0f1bafd73ce69add640ee9b562532c1233783,d38393abbd2ee4d476319862229b76849d2dbac41b59e5553c5be844a017794d,1087960.0,543980.0,8192.0,131072.0,9846.0,13,35,4545600.0,4676832.0,2175920.0,1607.0,0.0,13568.0,193760,4351840,51,51,51,204,0,1352,0,0.999370381264017,1.0,8713664,450
ghz_chain_18q,training,f74d920afef198cb839a391f8c8bb721a6f92c1708b974722f67cac0b8a1a77a,cotengra_one_trial,20260925,False,4dpu_t8,True,,a0524c067039459e6b550144a3c0f1bafd73ce69add640ee9b562532c1233783,12315976c4a68266fe577cd0e6e5e4630fa90798548452c26a505185daf6def4,1087960.0,543980.0,8192.0,131072.0,9846.0,13,35,4545600.0,4676832.0,2175920.0,1542.0,0.0,13568.0,193760,4351840,51,38,38,152,0,1352,34,0.999370381264017,0.9803797933747564,8713664,450
ghz_chain_18q,training,f7c38d117d39e0f925ece77e2ec7ae9eada9c997462dff0ea929884609cfbfbd,cotengra_one_trial,20260927,False,1dpu_t8,True,,9320a2abbf0809a8f935eb43936f920cc92f0b57002f470fcaf076f2f41c0a45,493c4f470c5ff1d4231c60bfd93a91782aca1d4dad96ab80f592442eb946e857,1064216.0,532108.0,2048.0,32768.0,3910.0,11,35,4348992.0,4578400.0,2128432.0,1334.0,0.0,13568.0,92128,4256864,38,38,38,152,0,1144,0,0.9990706773812835,1.0,8523712,502
ghz_chain_18q,training,f7c38d117d39e0f925ece77e2ec7ae9eada9c997462dff0ea929884609cfbfbd,cotengra_one_trial,20260927,False,4dpu_t8,True,,9320a2abbf0809a8f935eb43936f920cc92f0b57002f470fcaf076f2f41c0a45,5ee346b28b22c7d260e87c268c2c118aefee32eb202e13553052d92a3f726d14,1064216.0,532108.0,2048.0,32768.0,3910.0,11,35,4348992.0,4578400.0,2128432.0,1319.0,0.0,13568.0,92128,4256864,38,35,35,140,0,1144,34,0.9990706773812835,0.9889778014989439,8523712,502
ghz_chain_18q,training,fd855df27d842fa2cd43a6f18009ecddfcc6b0198a7d688f909b27f15012b3ed,cotengra_one_trial,20260911,False,1dpu_t8,False,estimated_work_unit_count_exceeds_preregistered_bound,,,,,,,,,,,,,,,,,,,,,,,,,,,,
ghz_chain_18q,training,fd855df27d842fa2cd43a6f18009ecddfcc6b0198a7d688f909b27f15012b3ed,cotengra_one_trial,20260911,False,4dpu_t8,False,estimated_work_unit_count_exceeds_preregistered_bound,,,,,,,,,,,,,,,,,,,,,,,,,,,,
ghz_chain_18q,training,ff3f520c9ff144ab24d3cf741c97696ee80242eb5a3f47f1aab6fa05f39d61c0,cotengra_one_trial,20260903,False,1dpu_t8,False,estimated_work_unit_count_exceeds_preregistered_bound,,,,,,,,,,,,,,,,,,,,,,,,,,,,
ghz_chain_18q,training,ff3f520c9ff144ab24d3cf741c97696ee80242eb5a3f47f1aab6fa05f39d61c0,cotengra_one_trial,20260903,False,4dpu_t8,False,estimated_work_unit_count_exceeds_preregistered_bound,,,,,,,,,,,,,,,,,,,,,,,,,,,,
ghz_chain_18q,training,fffe2b9317ad8b5d3117ce2553b6c2296d5ac7d43cfff78218c77a031754b9d1,cotengra_one_trial,20260921,False,1dpu_t8,True,,46c098cc09738b07fe6e8b393b3093cf74cd2b45646754578c004bd0dd2fefeb,68d1c416ed1a3cead78ea7948ed6601b3b103a00c82549f3612898057c3bfec8,1068632.0,534316.0,4096.0,65536.0,5014.0,12,35,4388416.0,4587232.0,2137264.0,1418.0,0.0,13568.0,113888,4274528,42,42,42,168,0,1208,0,0.9993589935543761,1.0,8559040,650
ghz_chain_18q,training,fffe2b9317ad8b5d3117ce2553b6c2296d5ac7d43cfff78218c77a031754b9d1,cotengra_one_trial,20260921,False,4dpu_t8,True,,46c098cc09738b07fe6e8b393b3093cf74cd2b45646754578c004bd0dd2fefeb,35bca28e0d70b5b2eb68a095e922a11bc4648b15b18f48945d7d781c92723506,1068632.0,534316.0,4096.0,65536.0,5014.0,12,35,4388416.0,4587232.0,2137264.0,1388.0,0.0,13568.0,113888,4274528,42,36,36,144,0,1208,34,0.9993589935543761,0.9859240599195982,8559040,650
bv_16q,training,c6dc626edbb821ce0649537c900dd7bdf25a735ac338fc9a5b23393bd72f7474,opt_einsum_greedy,,True,1dpu_t8,True,,2004d3f7c06a30d7cd408612f7cae3bf6f05b460f5270061a1b6781e81d7cb24,718e96f81993f48b3fab8002c8b0df6b197421aa3ed56164104dd873ab3b78ec,134824.0,67412.0,512.0,8192.0,1020.0,9,55,1087872.0,1147424.0,269648.0,1672.0,0.0,13568.0,22976,1064896,56,56,56,224,0,1392,0,0.9945855337328665,1.0,2139008,1368
bv_16q,training,c6dc626edbb821ce0649537c900dd7bdf25a735ac338fc9a5b23393bd72f7474,opt_einsum_greedy,,True,4dpu_t8,True,,2004d3f7c06a30d7cd408612f7cae3bf6f05b460f5270061a1b6781e81d7cb24,dffd673b095dfd9616ba747acf379d0af9dec5eb801640436fb5e13564842f2b,134824.0,67412.0,512.0,8192.0,1020.0,9,55,1087872.0,1147424.0,269648.0,1667.0,0.0,13568.0,22976,1064896,56,55,55,220,0,1392,55,0.9945855337328665,0.4930427817005874,2139008,1368
bv_16q,training,02d3a0dd639ca7dd81ece278f606fcadc263565b10aeec3cacae5180e8da2dad,cotengra_one_trial,20260903,False,1dpu_t8,False,semantic_identity_expansion_exceeds_preregistered_bound,,,,,,,,,,,,,,,,,,,,,,,,,,,,
bv_16q,training,02d3a0dd639ca7dd81ece278f606fcadc263565b10aeec3cacae5180e8da2dad,cotengra_one_trial,20260903,False,4dpu_t8,False,semantic_identity_expansion_exceeds_preregistered_bound,,,,,,,,,,,,,,,,,,,,,,,,,,,,
bv_16q,training,056414e1f65939a634a027313a173e78cab2c50b0f096bfd05732380c293aeee,cotengra_one_trial,20260916,False,1dpu_t8,False,semantic_identity_expansion_exceeds_preregistered_bound,,,,,,,,,,,,,,,,,,,,,,,,,,,,
bv_16q,training,056414e1f65939a634a027313a173e78cab2c50b0f096bfd05732380c293aeee,cotengra_one_trial,20260916,False,4dpu_t8,False,semantic_identity_expansion_exceeds_preregistered_bound,,,,,,,,,,,,,,,,,,,,,,,,,,,,
bv_16q,training,06d5c660771d5f7e5b2073e83ba50b7366db8360f7fbf9828678fe80b8037318,cotengra_one_trial,20260909,False,1dpu_t8,False,semantic_identity_expansion_exceeds_preregistered_bound,,,,,,,,,,,,,,,,,,,,,,,,,,,,
bv_16q,training,06d5c660771d5f7e5b2073e83ba50b7366db8360f7fbf9828678fe80b8037318,cotengra_one_trial,20260909,False,4dpu_t8,False,semantic_identity_expansion_exceeds_preregistered_bound,,,,,,,,,,,,,,,,,,,,,,,,,,,,
bv_16q,training,08cee53b6ade1ef254898c862a8a7cbe8637510cbb5e5d01a0012039735f45ac,cotengra_one_trial,20260936,False,1dpu_t8,True,,3ec41a814359c00c3d40f6813e26b09c21f6ee54a8c1a18b393d7cb521edf963,9a24532e916eee7cedbb092814be0cf07eb4f26263181891c58496e7de2064fe,135048.0,67524.0,512.0,8192.0,1076.0,9,55,1089664.0,1149120.0,270096.0,1672.0,0.0,13568.0,23872,1065792,56,56,56,224,0,1392,0,0.9960458503643149,1.0,2140800,1380
bv_16q,training,08cee53b6ade1ef254898c862a8a7cbe8637510cbb5e5d01a0012039735f45ac,cotengra_one_trial,20260936,False,4dpu_t8,True,,3ec41a814359c00c3d40f6813e26b09c21f6ee54a8c1a18b393d7cb521edf963,a75996344042c2adcbf1b3c6487dd6ed5eb74803b52a993486934a9818b4ef7a,135048.0,67524.0,512.0,8192.0,1076.0,9,55,1089664.0,1149120.0,270096.0,1667.0,0.0,13568.0,23872,1065792,56,55,55,220,0,1392,55,0.9960458503643149,0.49263965404893073,2140800,1380
bv_16q,training,0f11bd437886c7b05c7c021089afa83fe45185595bf558f9d21d0114c452b3e8,cotengra_one_trial,20260959,False,1dpu_t8,False,semantic_identity_expansion_exceeds_preregistered_bound,,,,,,,,,,,,,,,,,,,,,,,,,,,,
bv_16q,training,0f11bd437886c7b05c7c021089afa83fe45185595bf558f9d21d0114c452b3e8,cotengra_one_trial,20260959,False,4dpu_t8,False,semantic_identity_expansion_exceeds_preregistered_bound,,,,,,,,,,,,,,,,,,,,,,,,,,,,
bv_16q,training,0f5ee775e66d35cec9a7456d4a1051a1dcf16816d510a3a1f60294abd5eaf855,cotengra_one_trial,20260928,False,1dpu_t8,True,,632afdeb6e530ef956bb4fcbf9226aab611c61d74eba57e83091071283fa3608,9e9efe5af152c9272fa0acb1e9f9bf64cfec99d219565059618071f81d778be1,135016.0,67508.0,512.0,8192.0,1068.0,9,55,1089408.0,1149120.0,270032.0,1672.0,0.0,13568.0,23744,1065664,56,56,56,224,0,1392,0,0.9962226699057889,1.0,2140544,872
bv_16q,training,0f5ee775e66d35cec9a7456d4a1051a1dcf16816d510a3a1f60294abd5eaf855,cotengra_one_trial,20260928,False,4dpu_t8,True,,632afdeb6e530ef956bb4fcbf9226aab611c61d74eba57e83091071283fa3608,f0b48d3901e24f4b426c389af2bf1e1eccf0cb59bc52a3d9e17a5cf22433dd0a,135016.0,67508.0,512.0,8192.0,1068.0,9,55,1089408.0,1149120.0,270032.0,1667.0,0.0,13568.0,23744,1065664,56,55,55,220,0,1392,55,0.9962226699057889,0.4926971618178586,2140544,872
bv_16q,training,1b16b372f51a1f00efcc2fda88557aa1f784c3dd62b4eeae69421760bd6da526,cotengra_one_trial,20260946,False,1dpu_t8,True,,0a188e299c64d5d1497a50fdb92861ac6e86787099e0fc64badfc8072141e26d,54289d69e12316181e520054d841f6e20f4b30a7c41c912247f896510755d6ee,138448.0,69224.0,512.0,8192.0,1926.0,9,55,1116864.0,1174784.0,276896.0,1688.0,0.0,13568.0,37472,1079392,56,56,56,224,0,1408,0,0.9831633537501444,1.0,2168000,34064
bv_16q,training,1b16b372f51a1f00efcc2fda88557aa1f784c3dd62b4eeae69421760bd6da526,cotengra_one_trial,20260946,False,4dpu_t8,True,,0a188e299c64d5d1497a50fdb92861ac6e86787099e0fc64badfc8072141e26d,cc4343a388d76b22df7fe21420d7d2afad029e93aea9b40c04015d6969d8db6c,138448.0,69224.0,512.0,8192.0,1926.0,9,55,1116864.0,1174784.0,276896.0,1683.0,0.0,13568.0,37472,1079392,56,55,55,220,0,1408,55,0.9831633537501444,0.48668091991216916,2168000,34064
bv_16q,training,1e7cd78738381347c618bff9e9bca96084790cf106f59a6466466dd365fff405,cotengra_one_trial,20260939,False,1dpu_t8,True,,bc84d836492962f0d7873131375731124c3c2755832c09177967689c255ff453,10d8646710e8ce35d5b8e8cf52e9f6d70153215b6a1ff7c63729dc162c3266a2,140560.0,70280.0,512.0,8192.0,2454.0,9,55,1133760.0,1191744.0,281120.0,1696.0,0.0,13568.0,45920,1087840,56,56,56,224,0,1416,0,0.9710088218554354,1.0,2184896,295050
bv_16q,training,1e7cd78738381347c618bff9e9bca96084790cf106f59a6466466dd365fff405,cotengra_one_trial,20260939,False,4dpu_t8,True,,bc84d836492962f0d7873131375731124c3c2755832c09177967689c255ff453,910dcb75bcb5493ce2747c55a3f316eebb7c4cf0b91cd95c224423e18e19281b,140560.0,70280.0,512.0,8192.0,2454.0,9,55,1133760.0,1191744.0,281120.0,1691.0,0.0,13568.0,45920,1087840,56,55,55,220,0,1416,55,0.9710088218554354,0.4831246442800228,2184896,295050
bv_16q,training,20a930bc7a6c9ed9301657998ae079d3d94974e635317ea86be897639f3d16d5,cotengra_one_trial,20260933,False,1dpu_t8,True,,05cfe4aed452a944d1ee40a9a292f4bd464de33a1d72026cfea57ba55412293f,8198793e698dc44338826fbed36b1f3c6c81bb82386d2a334628a2f4ea64047f,134760.0,67380.0,512.0,8192.0,1004.0,9,55,1087360.0,1147072.0,269520.0,1672.0,0.0,13568.0,22720,1064640,56,56,56,224,0,1392,0,0.9962154942119323,1.0,2138496,2340
bv_16q,training,20a930bc7a6c9ed9301657998ae079d3d94974e635317ea86be897639f3d16d5,cotengra_one_trial,20260933,False,4dpu_t8,True,,05cfe4aed452a944d1ee40a9a292f4bd464de33a1d72026cfea57ba55412293f,362c87c6b5aeb017ee28f7dff577ce03c381e925ba61cb929dbc933c610ddb52,134760.0,67380.0,512.0,8192.0,1004.0,9,55,1087360.0,1147072.0,269520.0,1667.0,0.0,13568.0,22720,1064640,56,55,55,220,0,1392,55,0.9962154942119323,0.4931582071831404,2138496,2340
bv_16q,training,3dbb389a25a6fb530b125536874f671ad0eb466619b1fce6bf5bc19e67674839,cotengra_one_trial,20260948,False,1dpu_t8,False,semantic_identity_expansion_exceeds_preregistered_bound,,,,,,,,,,,,,,,,,,,,,,,,,,,,
bv_16q,training,3dbb389a25a6fb530b125536874f671ad0eb466619b1fce6bf5bc19e67674839,cotengra_one_trial,20260948,False,4dpu_t8,False,semantic_identity_expansion_exceeds_preregistered_bound,,,,,,,,,,,,,,,,,,,,,,,,,,,,
bv_16q,training,45dd379324ad729d4b785f3254273d93040a16fd901096c4c2bd15d9d7e48bbe,cotengra_one_trial,20260950,False,1dpu_t8,False,semantic_identity_expansion_exceeds_preregistered_bound,,,,,,,,,,,,,,,,,,,,,,,,,,,,
bv_16q,training,45dd379324ad729d4b785f3254273d93040a16fd901096c4c2bd15d9d7e48bbe,cotengra_one_trial,20260950,False,4dpu_t8,False,semantic_identity_expansion_exceeds_preregistered_bound,,,,,,,,,,,,,,,,,,,,,,,,,,,,
bv_16q,training,49c5f31e17506081c4be9f792dc37420fa3f1b06df741760c4a3e0959b59eb43,cotengra_one_trial,20260922,False,1dpu_t8,False,semantic_identity_expansion_exceeds_preregistered_bound,,,,,,,,,,,,,,,,,,,,,,,,,,,,
bv_16q,training,49c5f31e17506081c4be9f792dc37420fa3f1b06df741760c4a3e0959b59eb43,cotengra_one_trial,20260922,False,4dpu_t8,False,semantic_identity_expansion_exceeds_preregistered_bound,,,,,,,,,,,,,,,,,,,,,,,,,,,,
bv_16q,training,5b0b0be6b4cd36fadf6cd00231804cf3f3506deda0be72b5907b994cff6d784b,cotengra_one_trial,20260926,False,1dpu_t8,False,semantic_identity_expansion_exceeds_preregistered_bound,,,,,,,,,,,,,,,,,,,,,,,,,,,,
bv_16q,training,5b0b0be6b4cd36fadf6cd00231804cf3f3506deda0be72b5907b994cff6d784b,cotengra_one_trial,20260926,False,4dpu_t8,False,semantic_identity_expansion_exceeds_preregistered_bound,,,,,,,,,,,,,,,,,,,,,,,,,,,,
bv_16q,training,61f6f3b59dc2aff20847508bfbb95de600543d0a1e997a17a0370a125e47de1e,cotengra_one_trial,20260942,False,1dpu_t8,False,semantic_identity_expansion_exceeds_preregistered_bound,,,,,,,,,,,,,,,,,,,,,,,,,,,,
bv_16q,training,61f6f3b59dc2aff20847508bfbb95de600543d0a1e997a17a0370a125e47de1e,cotengra_one_trial,20260942,False,4dpu_t8,False,semantic_identity_expansion_exceeds_preregistered_bound,,,,,,,,,,,,,,,,,,,,,,,,,,,,
bv_16q,training,624054d8c0d4d82a3db682a0fa2041e57071425a13fbea7a4f7c10d4b6b8d5a9,cotengra_one_trial,20260961,False,1dpu_t8,False,semantic_identity_expansion_exceeds_preregistered_bound,,,,,,,,,,,,,,,,,,,,,,,,,,,,
bv_16q,training,624054d8c0d4d82a3db682a0fa2041e57071425a13fbea7a4f7c10d4b6b8d5a9,cotengra_one_trial,20260961,False,4dpu_t8,False,semantic_identity_expansion_exceeds_preregistered_bound,,,,,,,,,,,,,,,,,,,,,,,,,,,,
bv_16q,training,62a2e21f965c2ddc4650560f6cb6dd65c0170831b90eb3d37a28fda388ee87dc,cotengra_one_trial,20260937,False,1dpu_t8,False,semantic_identity_expansion_exceeds_preregistered_bound,,,,,,,,,,,,,,,,,,,,,,,,,,,,
bv_16q,training,62a2e21f965c2ddc4650560f6cb6dd65c0170831b90eb3d37a28fda388ee87dc,cotengra_one_trial,20260937,False,4dpu_t8,False,semantic_identity_expansion_exceeds_preregistered_bound,,,,,,,,,,,,,,,,,,,,,,,,,,,,
bv_16q,training,63a49d8747dcd764c6c9de0bdb0bea603537b8d57954448ee2837cde5037b09b,cotengra_one_trial,20260956,False,1dpu_t8,False,semantic_identity_expansion_exceeds_preregistered_bound,,,,,,,,,,,,,,,,,,,,,,,,,,,,
bv_16q,training,63a49d8747dcd764c6c9de0bdb0bea603537b8d57954448ee2837cde5037b09b,cotengra_one_trial,20260956,False,4dpu_t8,False,semantic_identity_expansion_exceeds_preregistered_bound,,,,,,,,,,,,,,,,,,,,,,,,,,,,
bv_16q,training,63b87cc7811691ca0b56a8f70bfb5453d8cd0401fcaa0385df1776d93e7ccc2d,cotengra_one_trial,20260952,False,1dpu_t8,False,semantic_identity_expansion_exceeds_preregistered_bound,,,,,,,,,,,,,,,,,,,,,,,,,,,,
bv_16q,training,63b87cc7811691ca0b56a8f70bfb5453d8cd0401fcaa0385df1776d93e7ccc2d,cotengra_one_trial,20260952,False,4dpu_t8,False,semantic_identity_expansion_exceeds_preregistered_bound,,,,,,,,,,,,,,,,,,,,,,,,,,,,
bv_16q,training,63f9e419617be08c9b63df7510ff25270b1da3f9e65b635a7fb7aa7b9f3a80aa,cotengra_one_trial,20260904,False,1dpu_t8,False,semantic_identity_expansion_exceeds_preregistered_bound,,,,,,,,,,,,,,,,,,,,,,,,,,,,
bv_16q,training,63f9e419617be08c9b63df7510ff25270b1da3f9e65b635a7fb7aa7b9f3a80aa,cotengra_one_trial,20260904,False,4dpu_t8,False,semantic_identity_expansion_exceeds_preregistered_bound,,,,,,,,,,,,,,,,,,,,,,,,,,,,
bv_16q,training,6446beaa78753b3ace506ec7cb96001f8fdc2c25847348a279719418259208f7,cotengra_one_trial,20260902,False,1dpu_t8,False,semantic_identity_expansion_exceeds_preregistered_bound,,,,,,,,,,,,,,,,,,,,,,,,,,,,
bv_16q,training,6446beaa78753b3ace506ec7cb96001f8fdc2c25847348a279719418259208f7,cotengra_one_trial,20260902,False,4dpu_t8,False,semantic_identity_expansion_exceeds_preregistered_bound,,,,,,,,,,,,,,,,,,,,,,,,,,,,
bv_16q,training,6746289b8b6d57fa5eda42a90b9796d35a8fc7d1aaa05120f1e297bb41832126,cotengra_one_trial,20260953,False,1dpu_t8,False,semantic_identity_expansion_exceeds_preregistered_bound,,,,,,,,,,,,,,,,,,,,,,,,,,,,
bv_16q,training,6746289b8b6d57fa5eda42a90b9796d35a8fc7d1aaa05120f1e297bb41832126,cotengra_one_trial,20260953,False,4dpu_t8,False,semantic_identity_expansion_exceeds_preregistered_bound,,,,,,,,,,,,,,,,,,,,,,,,,,,,
bv_16q,training,67c2e83b2569bd534573f683515b9b0e6dc3074c8709ea8c59c5ebccc6d963dc,cotengra_one_trial,20260938,False,1dpu_t8,True,,ebdd1a05f039671d188fac92b235fb6af43b718a3d40f2790aeed1599f533806,802f809d865196d2d243ad171ea42cf0cde5a8828c2998a7ed1e5bd9e5e820bc,138512.0,69256.0,512.0,8192.0,1942.0,9,55,1117376.0,1175328.0,277024.0,1672.0,0.0,13568.0,37728,1079648,56,56,56,224,0,1392,0,0.9800522698394363,1.0,2168512,9088
bv_16q,training,67c2e83b2569bd534573f683515b9b0e6dc3074c8709ea8c59c5ebccc6d963dc,cotengra_one_trial,20260938,False,4dpu_t8,True,,ebdd1a05f039671d188fac92b235fb6af43b718a3d40f2790aeed1599f533806,d771be3fe3d3c26c910b9e072ccd5dc2bd76c54180344101bd488f159ee35744,138512.0,69256.0,512.0,8192.0,1942.0,9,55,1117376.0,1175328.0,277024.0,1667.0,0.0,13568.0,37728,1079648,56,55,55,220,0,1392,55,0.9800522698394363,0.48657156058680834,2168512,9088
bv_16q,training,6e12928a5c5fabbde93ab8778051da108ef78d6f1212e6584c85a9c5dbdacecc,cotengra_one_trial,20260908,False,1dpu_t8,True,,efa261fa21300281efc1435e6a472d7ca25f68ec7a2b97c21a6bf442da6f0082,b48cf983bc23226ff52b172ec4d2912ce7b132496674ac68e59c11c32b3ee863,135240.0,67620.0,512.0,8192.0,1124.0,9,55,1091200.0,1150016.0,270480.0,1672.0,0.0,13568.0,24640,1066560,56,56,56,224,0,1392,0,0.9945282460810411,1.0,2142336,864
bv_16q,training,6e12928a5c5fabbde93ab8778051da108ef78d6f1212e6584c85a9c5dbdacecc,cotengra_one_trial,20260908,False,4dpu_t8,True,,efa261fa21300281efc1435e6a472d7ca25f68ec7a2b97c21a6bf442da6f0082,3114ac68ac0123cf6270e45071ca4b8e5df569d234985e06c151fff418153c19,135240.0,67620.0,512.0,8192.0,1124.0,9,55,1091200.0,1150016.0,270480.0,1667.0,0.0,13568.0,24640,1066560,56,55,55,220,0,1392,55,0.9945282460810411,0.49229517894114166,2142336,864
bv_16q,training,7504f92de9bd23a4947c3e07af692ba10a7153d612470f11fd957d5aea6003cd,cotengra_one_trial,20260919,False,1dpu_t8,False,semantic_identity_expansion_exceeds_preregistered_bound,,,,,,,,,,,,,,,,,,,,,,,,,,,,
bv_16q,training,7504f92de9bd23a4947c3e07af692ba10a7153d612470f11fd957d5aea6003cd,cotengra_one_trial,20260919,False,4dpu_t8,False,semantic_identity_expansion_exceeds_preregistered_bound,,,,,,,,,,,,,,,,,,,,,,,,,,,,
bv_16q,training,7d3841d164a871380a8eefce2c8ca2e1e5b44dd5567a0c0507533dc017538ba4,cotengra_one_trial,20260907,False,1dpu_t8,False,semantic_identity_expansion_exceeds_preregistered_bound,,,,,,,,,,,,,,,,,,,,,,,,,,,,
bv_16q,training,7d3841d164a871380a8eefce2c8ca2e1e5b44dd5567a0c0507533dc017538ba4,cotengra_one_trial,20260907,False,4dpu_t8,False,semantic_identity_expansion_exceeds_preregistered_bound,,,,,,,,,,,,,,,,,,,,,,,,,,,,
bv_16q,training,80fb65d97851057ff0811bd986d3cb211c669cc726c4fefb1cee63547d5e0678,cotengra_one_trial,20260935,False,1dpu_t8,False,semantic_identity_expansion_exceeds_preregistered_bound,,,,,,,,,,,,,,,,,,,,,,,,,,,,
bv_16q,training,80fb65d97851057ff0811bd986d3cb211c669cc726c4fefb1cee63547d5e0678,cotengra_one_trial,20260935,False,4dpu_t8,False,semantic_identity_expansion_exceeds_preregistered_bound,,,,,,,,,,,,,,,,,,,,,,,,,,,,
bv_16q,training,814e5ae6f0cf576184fa3686e607e6aea832921f9e95033c07a064e6e4b7acda,cotengra_one_trial,20260921,False,1dpu_t8,True,,835b4a9e70155e1bab9e955895807a86ed92a87efdd627c585a5d23d200b85af,c5c754078035df9de389cd883686892e992e93e1f7e295607c0866bc1cf92c10,134760.0,67380.0,512.0,8192.0,1004.0,9,55,1087360.0,1147072.0,269520.0,1672.0,0.0,13568.0,22720,1064640,56,56,56,224,0,1392,0,0.9957405758385277,1.0,2138496,1328
bv_16q,training,814e5ae6f0cf576184fa3686e607e6aea832921f9e95033c07a064e6e4b7acda,cotengra_one_trial,20260921,False,4dpu_t8,True,,835b4a9e70155e1bab9e955895807a86ed92a87efdd627c585a5d23d200b85af,9189212591b5e82b2f34eb8f5ce96c4a5d9c4c810d740199f0a06eb1e339c0d8,134760.0,67380.0,512.0,8192.0,1004.0,9,55,1087360.0,1147072.0,269520.0,1667.0,0.0,13568.0,22720,1064640,56,55,55,220,0,1392,55,0.9957405758385277,0.4931582071831404,2138496,1328
bv_16q,training,8e43eeb279df28ff09456c3947c6949d306eeace8ccb75f818dee785ebe66c15,cotengra_one_trial,20260951,False,1dpu_t8,True,,40fa0f26abdd3e2ccf99ea4cb3c8e0345996612fc0e1e9e83aafbe9720992b60,9a90ca18ec9922cdb78d3a0a9d3c584ca3c1f6944ae16a0449362252dbfd3f0b,134824.0,67412.0,512.0,8192.0,1020.0,9,55,1087872.0,1147584.0,269648.0,1672.0,0.0,13568.0,22976,1064896,56,56,56,224,0,1392,0,0.9964546371565893,1.0,2139008,1348
bv_16q,training,8e43eeb279df28ff09456c3947c6949d306eeace8ccb75f818dee785ebe66c15,cotengra_one_trial,20260951,False,4dpu_t8,True,,40fa0f26abdd3e2ccf99ea4cb3c8e0345996612fc0e1e9e83aafbe9720992b60,cd1d9cec6d6431bc08d19ed357660ddc86d25a7c30b166a59dbb66c61445a630,134824.0,67412.0,512.0,8192.0,1020.0,9,55,1087872.0,1147584.0,269648.0,1667.0,0.0,13568.0,22976,1064896,56,55,55,220,0,1392,55,0.9964546371565893,0.4930427817005874,2139008,1348
bv_16q,training,8e9a15433cd8d4be6d2755487e98ee56117a8a0d3900c9dbe5839f0dc4236e47,cotengra_one_trial,20260911,False,1dpu_t8,False,semantic_identity_expansion_exceeds_preregistered_bound,,,,,,,,,,,,,,,,,,,,,,,,,,,,
bv_16q,training,8e9a15433cd8d4be6d2755487e98ee56117a8a0d3900c9dbe5839f0dc4236e47,cotengra_one_trial,20260911,False,4dpu_t8,False,semantic_identity_expansion_exceeds_preregistered_bound,,,,,,,,,,,,,,,,,,,,,,,,,,,,
bv_16q,training,8ea8e6681200ae04b2c9f20d2b3bc5b8e3a3536ba087088b926a7456002ddc39,cotengra_one_trial,20260943,False,1dpu_t8,True,,978becc1ab248cccd0eb8afccdebaaeadfedb7356650b4692aba5b6357d0ab4a,44869163256862c83a3a775a605bd11c5e0abec369619a9bf1545a6da498f146,140752.0,70376.0,512.0,8192.0,2502.0,9,55,1135296.0,1193600.0,281504.0,1744.0,0.0,13568.0,46688,1088608,56,56,56,224,0,1464,0,0.9774141752870297,1.0,2186432,262356
bv_16q,training,8ea8e6681200ae04b2c9f20d2b3bc5b8e3a3536ba087088b926a7456002ddc39,cotengra_one_trial,20260943,False,4dpu_t8,True,,978becc1ab248cccd0eb8afccdebaaeadfedb7356650b4692aba5b6357d0ab4a,707fc262b37b1d5f4a386d908cea579dc6f81e988064846e946fa18d803a320b,140752.0,70376.0,512.0,8192.0,2502.0,9,55,1135296.0,1193600.0,281504.0,1739.0,0.0,13568.0,46688,1088608,56,55,55,220,0,1464,55,0.9774141752870297,0.4828066386268046,2186432,262356
bv_16q,training,93637302adfaeb2f9c6e13ef21f4c046525872be8349bb19fbb4f702ea0bd223,cotengra_one_trial,20260934,False,1dpu_t8,False,semantic_identity_expansion_exceeds_preregistered_bound,,,,,,,,,,,,,,,,,,,,,,,,,,,,
bv_16q,training,93637302adfaeb2f9c6e13ef21f4c046525872be8349bb19fbb4f702ea0bd223,cotengra_one_trial,20260934,False,4dpu_t8,False,semantic_identity_expansion_exceeds_preregistered_bound,,,,,,,,,,,,,,,,,,,,,,,,,,,,
bv_16q,training,939d715517ae195a9c40bbf99f6c292ce381c4ea21c2c70412cf11b2cf97013a,cotengra_one_trial,20260910,False,1dpu_t8,False,semantic_identity_expansion_exceeds_preregistered_bound,,,,,,,,,,,,,,,,,,,,,,,,,,,,
bv_16q,training,939d715517ae195a9c40bbf99f6c292ce381c4ea21c2c70412cf11b2cf97013a,cotengra_one_trial,20260910,False,4dpu_t8,False,semantic_identity_expansion_exceeds_preregistered_bound,,,,,,,,,,,,,,,,,,,,,,,,,,,,
bv_16q,training,9ef6860bbde3ad45428647c06b7f71563703f6e14bf9170310850916095c4a5d,cotengra_one_trial,20260941,False,1dpu_t8,False,semantic_identity_expansion_exceeds_preregistered_bound,,,,,,,,,,,,,,,,,,,,,,,,,,,,
bv_16q,training,9ef6860bbde3ad45428647c06b7f71563703f6e14bf9170310850916095c4a5d,cotengra_one_trial,20260941,False,4dpu_t8,False,semantic_identity_expansion_exceeds_preregistered_bound,,,,,,,,,,,,,,,,,,,,,,,,,,,,
bv_16q,training,a13cf7129416067001b4a7e467fc2b167b14f57c113102baa0d1a21009222636,cotengra_one_trial,20260963,False,1dpu_t8,False,semantic_identity_expansion_exceeds_preregistered_bound,,,,,,,,,,,,,,,,,,,,,,,,,,,,
bv_16q,training,a13cf7129416067001b4a7e467fc2b167b14f57c113102baa0d1a21009222636,cotengra_one_trial,20260963,False,4dpu_t8,False,semantic_identity_expansion_exceeds_preregistered_bound,,,,,,,,,,,,,,,,,,,,,,,,,,,,
bv_16q,training,a21b0138a0dd6b811aa462f86cce092920cef4425d3b89ea445cdfda769cc692,cotengra_one_trial,20260905,False,1dpu_t8,True,,d51e007be49c04a74905b2efeecc6f0e1682d92da59237be78d7b44800bb04f7,0e347b7bf697ce1749194bb08cc6f82b5f8abd66b66257ef93ccbf556742adf0,135536.0,67768.0,512.0,8192.0,1198.0,9,55,1093568.0,1151520.0,271072.0,1672.0,0.0,13568.0,25824,1067744,56,56,56,224,0,1392,0,0.9924374335969779,1.0,2144704,4386
bv_16q,training,a21b0138a0dd6b811aa462f86cce092920cef4425d3b89ea445cdfda769cc692,cotengra_one_trial,20260905,False,4dpu_t8,True,,d51e007be49c04a74905b2efeecc6f0e1682d92da59237be78d7b44800bb04f7,f0c295773bbf890f79f2c1906baaaf04d5c409f88d2bc93a9c494df62ec826b2,135536.0,67768.0,512.0,8192.0,1198.0,9,55,1093568.0,1151520.0,271072.0,1667.0,0.0,13568.0,25824,1067744,56,55,55,220,0,1392,55,0.9924374335969779,0.49176602526266083,2144704,4386
bv_16q,training,a3b40cf96c27c9986d601201468afbb87f2e9279de617909d3e2e6a101843d8b,cotengra_one_trial,20260931,False,1dpu_t8,True,,73082e357dd204c4a965314308ad0aa983f80909e061d91d5e2e08e7a2a7a77d,ced77d4212004e787a60e0dbbeaa03d030cdfde37eac5a68d45cc96810062866,134760.0,67380.0,512.0,8192.0,1004.0,9,55,1087360.0,1147072.0,269520.0,1672.0,0.0,13568.0,22720,1064640,56,56,56,224,0,1392,0,0.9962154942119323,1.0,2138496,2336
bv_16q,training,a3b40cf96c27c9986d601201468afbb87f2e9279de617909d3e2e6a101843d8b,cotengra_one_trial,20260931,False,4dpu_t8,True,,73082e357dd204c4a965314308ad0aa983f80909e061d91d5e2e08e7a2a7a77d,6a3b84663aa90950e9e236602b593a6f4ff0677c8098281b8bcebd60fc35b99c,134760.0,67380.0,512.0,8192.0,1004.0,9,55,1087360.0,1147072.0,269520.0,1667.0,0.0,13568.0,22720,1064640,56,55,55,220,0,1392,55,0.9962154942119323,0.4931582071831404,2138496,2336
bv_16q,training,a921e1560e7f54e476d7dfb0466867681d4aad4d06c2d07de5526b91c0414cea,cotengra_one_trial,20260914,False,1dpu_t8,True,,82ef1eb69a9c28f90c310804f9a857969eb5d996510e457a685d55a05e7ab077,74cd9ce2238ed5c41b86ea72325afdd279cd827e476971272b1e4429fc3911da,135616.0,67808.0,512.0,8192.0,1218.0,9,55,1094208.0,1152032.0,271232.0,1672.0,0.0,13568.0,26144,1068064,56,56,56,224,0,1392,0,0.9912915880132138,1.0,2145344,2458
bv_16q,training,a921e1560e7f54e476d7dfb0466867681d4aad4d06c2d07de5526b91c0414cea,cotengra_one_trial,20260914,False,4dpu_t8,True,,82ef1eb69a9c28f90c310804f9a857969eb5d996510e457a685d55a05e7ab077,f6601d7adcf085a26368e47cb7755bb52da040e74d925f41e13d64b4551ccf4a,135616.0,67808.0,512.0,8192.0,1218.0,9,55,1094208.0,1152032.0,271232.0,1667.0,0.0,13568.0,26144,1068064,56,55,55,220,0,1392,55,0.9912915880132138,0.491623407267579,2145344,2458
bv_16q,training,afaaf935a402d588fa0040f3be4fb62671869ed1610984ae5b681fe1e4882075,cotengra_one_trial,20260945,False,1dpu_t8,True,,8d5e93a7cff22d4f84e16409ff3780b5bdc2d8866824fe06220dd0a879e54444,3c901551015b21316b7cd28dcc199295d4745174cda0be78d5130b08d3a08989,140784.0,70392.0,512.0,8192.0,2510.0,9,55,1135552.0,1193536.0,281568.0,1696.0,0.0,13568.0,46816,1088736,56,56,56,224,0,1416,0,0.969833219684055,1.0,2186688,133504
bv_16q,training,afaaf935a402d588fa0040f3be4fb62671869ed1610984ae5b681fe1e4882075,cotengra_one_trial,20260945,False,4dpu_t8,True,,8d5e93a7cff22d4f84e16409ff3780b5bdc2d8866824fe06220dd0a879e54444,a277f504cda507898d74e4d111dd5c83dc34ee046579b4bab4a374be2251ceb7,140784.0,70392.0,512.0,8192.0,2510.0,9,55,1135552.0,1193536.0,281568.0,1691.0,0.0,13568.0,46816,1088736,56,55,55,220,0,1416,55,0.969833219684055,0.48275372201386524,2186688,133504
bv_16q,training,b42ffaee395e7db2c4a12a3710ecc4bd88c495175a72738d4cf925b7cd2918e3,cotengra_one_trial,20260915,False,1dpu_t8,True,,4f8384e20fd22a1f0b24c41f4ad30c5a9870eee47f7797a3d3044376e53bbbb3,11a4a5be902eaf47b54790874f5e7e66167cd1a8600ebc7632de24cc2b309016,135984.0,67992.0,512.0,8192.0,1310.0,9,55,1097152.0,1154976.0,271968.0,1672.0,0.0,13568.0,27616,1069536,56,56,56,224,0,1392,0,0.9891237204376986,1.0,2148288,17110
bv_16q,training,b42ffaee395e7db2c4a12a3710ecc4bd88c495175a72738d4cf925b7cd2918e3,cotengra_one_trial,20260915,False,4dpu_t8,True,,4f8384e20fd22a1f0b24c41f4ad30c5a9870eee47f7797a3d3044376e53bbbb3,3e9fb0783df6d24dd73d7a4bbc1a371a0263a7dfa15e33f4cfc2ce43efafed60,135984.0,67992.0,512.0,8192.0,1310.0,9,55,1097152.0,1154976.0,271968.0,1667.0,0.0,13568.0,27616,1069536,56,55,55,220,0,1392,55,0.9891237204376986,0.49096952582656783,2148288,17110
bv_16q,training,b75b4b9631b7f8ae78a8ffd8142d8890676e5961b08f4a56bc768c031bf65800,cotengra_one_trial,20260929,False,1dpu_t8,True,,dd223099e5192b8993a6a46ca55f30a493a47f47fedd7e2f3c4c7247dcb37c68,29b0aa001de0aecef0d8b64b07c5a301088e31f5e6867ccdb75fc8569cbb50ee,139536.0,69768.0,512.0,8192.0,2198.0,9,55,1125568.0,1183840.0,279072.0,1728.0,0.0,13568.0,41824,1083744,56,56,56,224,0,1448,0,0.9796826625386997,1.0,2176704,66734
bv_16q,training,b75b4b9631b7f8ae78a8ffd8142d8890676e5961b08f4a56bc768c031bf65800,cotengra_one_trial,20260929,False,4dpu_t8,True,,dd223099e5192b8993a6a46ca55f30a493a47f47fedd7e2f3c4c7247dcb37c68,1c11225a3090dd8268621a2013cd00754bca3a06903e7152a5b3270a0798e1b7,139536.0,69768.0,512.0,8192.0,2198.0,9,55,1125568.0,1183840.0,279072.0,1723.0,0.0,13568.0,41824,1083744,56,55,55,220,0,1448,55,0.9796826625386997,0.48483545464969613,2176704,66734
bv_16q,training,ba51f3ceec4d43b2f19a03149ffd5238c385302b557a29a0d5157004b3ecf3dc,cotengra_one_trial,20260930,False,1dpu_t8,False,semantic_identity_expansion_exceeds_preregistered_bound,,,,,,,,,,,,,,,,,,,,,,,,,,,,
bv_16q,training,ba51f3ceec4d43b2f19a03149ffd5238c385302b557a29a0d5157004b3ecf3dc,cotengra_one_trial,20260930,False,4dpu_t8,False,semantic_identity_expansion_exceeds_preregistered_bound,,,,,,,,,,,,,,,,,,,,,,,,,,,,
bv_16q,training,bb2b9c9b7ea3c7bbcc5319be7c7d3a69db8c2681c3f6e0b789626f21a0b4df12,cotengra_one_trial,20260927,False,1dpu_t8,True,,68cefb0ba813ede66d7036986ebd55f8e4c259a8ee1ebc25cdb10cd40308b318,f82c08ce4a4299a5caa454f7618b693b0823b24a8d2437955c2da5826acc7817,135376.0,67688.0,512.0,8192.0,1158.0,9,55,1092288.0,1151904.0,270752.0,1672.0,0.0,13568.0,25184,1067104,56,56,56,224,0,1392,0,0.9954497104361186,1.0,2143424,2592
bv_16q,training,bb2b9c9b7ea3c7bbcc5319be7c7d3a69db8c2681c3f6e0b789626f21a0b4df12,cotengra_one_trial,20260927,False,4dpu_t8,True,,68cefb0ba813ede66d7036986ebd55f8e4c259a8ee1ebc25cdb10cd40308b318,81e8591166317370e8199281634eea3c314cdef07d3c413db9a6a770fbad92c5,135376.0,67688.0,512.0,8192.0,1158.0,9,55,1092288.0,1151904.0,270752.0,1667.0,0.0,13568.0,25184,1067104,56,55,55,220,0,1392,55,0.9954497104361186,0.49205176693062286,2143424,2592
bv_16q,training,bd2830ed947d307ce245a1ae697c9f3e85462786f08de7e486d1675b9e432eae,cotengra_one_trial,20260918,False,1dpu_t8,False,semantic_identity_expansion_exceeds_preregistered_bound,,,,,,,,,,,,,,,,,,,,,,,,,,,,
bv_16q,training,bd2830ed947d307ce245a1ae697c9f3e85462786f08de7e486d1675b9e432eae,cotengra_one_trial,20260918,False,4dpu_t8,False,semantic_identity_expansion_exceeds_preregistered_bound,,,,,,,,,,,,,,,,,,,,,,,,,,,,
bv_16q,training,c6b3a21b052fb59cfa938f6ceb628d68d07d9547252d6d0fa914e3271c5a4ddf,cotengra_one_trial,20260954,False,1dpu_t8,False,semantic_identity_expansion_exceeds_preregistered_bound,,,,,,,,,,,,,,,,,,,,,,,,,,,,
bv_16q,training,c6b3a21b052fb59cfa938f6ceb628d68d07d9547252d6d0fa914e3271c5a4ddf,cotengra_one_trial,20260954,False,4dpu_t8,False,semantic_identity_expansion_exceeds_preregistered_bound,,,,,,,,,,,,,,,,,,,,,,,,,,,,
bv_16q,training,c73646e5fa82f2daf83f2e7b02df452fbbe777c1ac7872eb0ffa152a912078b9,cotengra_one_trial,20260913,False,1dpu_t8,False,semantic_identity_expansion_exceeds_preregistered_bound,,,,,,,,,,,,,,,,,,,,,,,,,,,,
bv_16q,training,c73646e5fa82f2daf83f2e7b02df452fbbe777c1ac7872eb0ffa152a912078b9,cotengra_one_trial,20260913,False,4dpu_t8,False,semantic_identity_expansion_exceeds_preregistered_bound,,,,,,,,,,,,,,,,,,,,,,,,,,,,
bv_16q,training,cacbb1ea6e7ef1b11414156469ba0664f63f98b51ac966545ae5ccd20bb69cb2,cotengra_one_trial,20260924,False,1dpu_t8,True,,bc270bde433e6527d46045d88eda3d284f085974eb833026b0ca47703014f9d0,69f345a453f681bffc52feeedfae01618366e4810e66f86ad35de82134b8f239,139024.0,69512.0,512.0,8192.0,2070.0,9,55,1121472.0,1179456.0,278048.0,1696.0,0.0,13568.0,39776,1081696,56,56,56,224,0,1416,0,0.979550293474508,1.0,2172608,73888
bv_16q,training,cacbb1ea6e7ef1b11414156469ba0664f63f98b51ac966545ae5ccd20bb69cb2,cotengra_one_trial,20260924,False,4dpu_t8,True,,bc270bde433e6527d46045d88eda3d284f085974eb833026b0ca47703014f9d0,112211dd07eac141645bc45acb08754db2ea17a5d912403bf4cd9573fc0fe20f,139024.0,69512.0,512.0,8192.0,2070.0,9,55,1121472.0,1179456.0,278048.0,1691.0,0.0,13568.0,39776,1081696,56,55,55,220,0,1416,55,0.979550293474508,0.48570031073771436,2172608,73888
bv_16q,training,d21976a051f093582c5782894dcab4a3950b3605da6961e9a554c69db6c68560,cotengra_one_trial,20260965,False,1dpu_t8,True,,b55b92b1de69fde0cf115d9187878cef1da40ee4243a90d7db8102d35b5e55e8,3c2fd1d5c45401975b57f8671da2b99daa86f20dddae76d3b18a21c1f57484ea,134792.0,67396.0,512.0,8192.0,1012.0,9,55,1087616.0,1147200.0,269584.0,1672.0,0.0,13568.0,22848,1064768,56,56,56,224,0,1392,0,0.9960383405543356,1.0,2138752,2340
bv_16q,training,d21976a051f093582c5782894dcab4a3950b3605da6961e9a554c69db6c68560,cotengra_one_trial,20260965,False,4dpu_t8,True,,b55b92b1de69fde0cf115d9187878cef1da40ee4243a90d7db8102d35b5e55e8,8c780202f2f29d34395930e9dc416664a04c6ca373616cc3273f313f867ef3ac,134792.0,67396.0,512.0,8192.0,1012.0,9,55,1087616.0,1147200.0,269584.0,1667.0,0.0,13568.0,22848,1064768,56,55,55,220,0,1392,55,0.9960383405543356,0.4931004807406968,2138752,2340
bv_16q,training,d24203b01f06753bbb2d5e5e3ca09077d96407570c098eebefa3444920e371bb,cotengra_one_trial,20260920,False,1dpu_t8,True,,7a3adbc167c9bbb80a2de966ff23e94092beadbee1982ec9d8e2b3251a34d608,793091ff18f52db7f678de3d2da566614ca03b483f088f641d30533d1e7a0fcc,136928.0,68464.0,512.0,8192.0,1546.0,9,55,1104704.0,1162880.0,273856.0,1672.0,0.0,13568.0,31392,1073312,56,56,56,224,0,1392,0,0.9867667679364337,1.0,2155840,66446
bv_16q,training,d24203b01f06753bbb2d5e5e3ca09077d96407570c098eebefa3444920e371bb,cotengra_one_trial,20260920,False,4dpu_t8,True,,7a3adbc167c9bbb80a2de966ff23e94092beadbee1982ec9d8e2b3251a34d608,3b52b985e583e101f4fe76bcdb2125c3b1e62911249e12e57fbd28c9202266cc,136928.0,68464.0,512.0,8192.0,1546.0,9,55,1104704.0,1162880.0,273856.0,1667.0,0.0,13568.0,31392,1073312,56,55,55,220,0,1392,55,0.9867667679364337,0.4893082495910259,2155840,66446
bv_16q,training,d56b9ae942882f3ab8990e12c7a861f97fa1cc42f886f693637f18533fb1713d,cotengra_one_trial,20260940,False,1dpu_t8,True,,0fc6adcef83e3c87a46ca7cc9f1b34dcb14ee61217e0468e76a5850d6436d03b,9e56da47dda074e95b6d0f5497317f511a33a6d77fbc2366057530a0f3aa1000,134760.0,67380.0,512.0,8192.0,1004.0,9,55,1087360.0,1147072.0,269520.0,1672.0,0.0,13568.0,22720,1064640,56,56,56,224,0,1392,0,0.9957405758385277,1.0,2138496,1328
bv_16q,training,d56b9ae942882f3ab8990e12c7a861f97fa1cc42f886f693637f18533fb1713d,cotengra_one_trial,20260940,False,4dpu_t8,True,,0fc6adcef83e3c87a46ca7cc9f1b34dcb14ee61217e0468e76a5850d6436d03b,801900b71e967157f87073bd1f52013edfbde65e5fd0b7a13a9af87ad07dcc6b,134760.0,67380.0,512.0,8192.0,1004.0,9,55,1087360.0,1147072.0,269520.0,1667.0,0.0,13568.0,22720,1064640,56,55,55,220,0,1392,55,0.9957405758385277,0.4931582071831404,2138496,1328
bv_16q,training,d9135c5241861344d0c436db715607a52d8915382bce19c6b03fc2b77bc04631,cotengra_one_trial,20260958,False,1dpu_t8,False,semantic_identity_expansion_exceeds_preregistered_bound,,,,,,,,,,,,,,,,,,,,,,,,,,,,
bv_16q,training,d9135c5241861344d0c436db715607a52d8915382bce19c6b03fc2b77bc04631,cotengra_one_trial,20260958,False,4dpu_t8,False,semantic_identity_expansion_exceeds_preregistered_bound,,,,,,,,,,,,,,,,,,,,,,,,,,,,
bv_16q,training,da99a30a1d653f5f8bcfc481fcd9afa818809e6b357b22682fd063128cd3635e,cotengra_one_trial,20260964,False,1dpu_t8,False,semantic_identity_expansion_exceeds_preregistered_bound,,,,,,,,,,,,,,,,,,,,,,,,,,,,
bv_16q,training,da99a30a1d653f5f8bcfc481fcd9afa818809e6b357b22682fd063128cd3635e,cotengra_one_trial,20260964,False,4dpu_t8,False,semantic_identity_expansion_exceeds_preregistered_bound,,,,,,,,,,,,,,,,,,,,,,,,,,,,
bv_16q,training,db65ef808899d1d689c7b3bc014eeb809538a66aa9448e2ffd9bbe0c590f099a,cotengra_one_trial,20260944,False,1dpu_t8,True,,497e578b9682504699b56441273601e47f70e980ebeaf992f40a2b2001e14614,fbe4474f25b9d52ff92bb337d7798ab4b533e447726c81775f4e2d1360ebaec7,135056.0,67528.0,512.0,8192.0,1078.0,9,55,1089728.0,1148896.0,270112.0,1672.0,0.0,13568.0,23904,1065824,56,56,56,224,0,1392,0,0.9948021561426371,1.0,2140864,2414
bv_16q,training,db65ef808899d1d689c7b3bc014eeb809538a66aa9448e2ffd9bbe0c590f099a,cotengra_one_trial,20260944,False,4dpu_t8,True,,497e578b9682504699b56441273601e47f70e980ebeaf992f40a2b2001e14614,ae2f66ffd09eeeb237a98338b7eb5812bdb25fe61f56fbac220c75ed5141d13c,135056.0,67528.0,512.0,8192.0,1078.0,9,55,1089728.0,1148896.0,270112.0,1667.0,0.0,13568.0,23904,1065824,56,55,55,220,0,1392,55,0.9948021561426371,0.4926252813647672,2140864,2414
bv_16q,training,dd99424ed5974dbbee4c0d25420e8c845dce0f3d601e8e129f05cd5d21c0fedb,cotengra_one_trial,20260917,False,1dpu_t8,False,semantic_identity_expansion_exceeds_preregistered_bound,,,,,,,,,,,,,,,,,,,,,,,,,,,,
bv_16q,training,dd99424ed5974dbbee4c0d25420e8c845dce0f3d601e8e129f05cd5d21c0fedb,cotengra_one_trial,20260917,False,4dpu_t8,False,semantic_identity_expansion_exceeds_preregistered_bound,,,,,,,,,,,,,,,,,,,,,,,,,,,,
bv_16q,training,e75c9c23ce8ff0af60fbbd4c993807367c286936b4adf1e73a656f87e1d69cf5,cotengra_one_trial,20260957,False,1dpu_t8,True,,a365b909113f35a0d79578969e6b8244175a620bd0887212d22aaa414a5513c9,0c7ea23e3404d3ba408ee936faa519b69dfc5eb9937b9b062219083bf9b1649c,134760.0,67380.0,512.0,8192.0,1004.0,9,55,1087360.0,1147072.0,269520.0,1672.0,0.0,13568.0,22720,1064640,56,56,56,224,0,1392,0,0.9957405758385277,1.0,2138496,824
bv_16q,training,e75c9c23ce8ff0af60fbbd4c993807367c286936b4adf1e73a656f87e1d69cf5,cotengra_one_trial,20260957,False,4dpu_t8,True,,a365b909113f35a0d79578969e6b8244175a620bd0887212d22aaa414a5513c9,f76cc94179b10d535e1a7c55f381b4ebda21bc06e1878673bf8cfd2c3e07101a,134760.0,67380.0,512.0,8192.0,1004.0,9,55,1087360.0,1147072.0,269520.0,1667.0,0.0,13568.0,22720,1064640,56,55,55,220,0,1392,55,0.9957405758385277,0.4931582071831404,2138496,824
bv_16q,training,e9962a81b737e14c0739aea719fe635ce5a494605e31036b3a8315375fbec137,cotengra_one_trial,20260955,False,1dpu_t8,True,,2878e0d71cbe2492ca9050071efe4de9f1accbfa13e23a1e3877aacd9d85dc47,5c00fc8a8b133e8e060d4376d3ecafef4c545919a4e9523adebf8691a95ff5e4,154208.0,77104.0,1024.0,16384.0,5866.0,10,55,1243104.0,1304256.0,308416.0,2167.0,0.0,13568.0,100672,1142432,59,59,59,236,0,1872,0,0.9172351628968666,1.0,2294080,540828
bv_16q,training,e9962a81b737e14c0739aea719fe635ce5a494605e31036b3a8315375fbec137,cotengra_one_trial,20260955,False,4dpu_t8,True,,2878e0d71cbe2492ca9050071efe4de9f1accbfa13e23a1e3877aacd9d85dc47,9a5c40c861dd722c657975bfbb95166a1a7ad62322ab03ba5c0266cb3aad81cc,154208.0,77104.0,1024.0,16384.0,5866.0,10,55,1243104.0,1304256.0,308416.0,2147.0,0.0,13568.0,100672,1142432,59,55,55,220,0,1872,55,0.9172351628968666,0.4790931728574393,2294080,540828
bv_16q,training,e9fe15c10fdcbdd20a925c7ace4fc8e152c80e0cc7ebabb424b2ec8fd50e0f44,cotengra_one_trial,20260962,False,1dpu_t8,False,semantic_identity_expansion_exceeds_preregistered_bound,,,,,,,,,,,,,,,,,,,,,,,,,,,,
bv_16q,training,e9fe15c10fdcbdd20a925c7ace4fc8e152c80e0cc7ebabb424b2ec8fd50e0f44,cotengra_one_trial,20260962,False,4dpu_t8,False,semantic_identity_expansion_exceeds_preregistered_bound,,,,,,,,,,,,,,,,,,,,,,,,,,,,
bv_16q,training,ec9700cb60317581b712e0bbb0599d2bf2b45873a8cccef96c57a00f5ffff73b,cotengra_one_trial,20260906,False,1dpu_t8,True,,3c591f2cc48125d9058a1f5abbf75d954b01750cb18ffe5685234b7f730c0f78,1a004510d8f88245ce01d11059ef4d2094d560e69f11dc19192b89b3fba83ce5,134760.0,67380.0,512.0,8192.0,1004.0,9,55,1087360.0,1147072.0,269520.0,1672.0,0.0,13568.0,22720,1064640,56,56,56,224,0,1392,0,0.9962154942119323,1.0,2138496,2340
bv_16q,training,ec9700cb60317581b712e0bbb0599d2bf2b45873a8cccef96c57a00f5ffff73b,cotengra_one_trial,20260906,False,4dpu_t8,True,,3c591f2cc48125d9058a1f5abbf75d954b01750cb18ffe5685234b7f730c0f78,b94b35dc08446edff7f6c1b6b74df6385820691e17fc78aabadc07142754f791,134760.0,67380.0,512.0,8192.0,1004.0,9,55,1087360.0,1147072.0,269520.0,1667.0,0.0,13568.0,22720,1064640,56,55,55,220,0,1392,55,0.9962154942119323,0.4931582071831404,2138496,2340
bv_16q,training,eddd6fb83dfcb2646b67a6b2d4ead4f7cdd33d0a1017ef92865eb4f78b4968c3,cotengra_one_trial,20260947,False,1dpu_t8,True,,7ee29d0676d423cb819d8c5522ee223124b2c69d077c9d4f14c70e4e74113e20,54e887a2c6affe4bc9156cfa69934d4c5a452b53de6ed9522db89c048d42a66c,140520.0,70260.0,512.0,8192.0,2444.0,9,55,1133440.0,1191968.0,281040.0,1752.0,0.0,13568.0,45760,1087680,56,56,56,224,0,1472,0,0.9733489894676914,1.0,2184576,262564
bv_16q,training,eddd6fb83dfcb2646b67a6b2d4ead4f7cdd33d0a1017ef92865eb4f78b4968c3,cotengra_one_trial,20260947,False,4dpu_t8,True,,7ee29d0676d423cb819d8c5522ee223124b2c69d077c9d4f14c70e4e74113e20,01ff76f90283ce5d46e8330b611773deee6a3fb4feef530799ce531ff54efd41,140520.0,70260.0,512.0,8192.0,2444.0,9,55,1133440.0,1191968.0,281040.0,1747.0,0.0,13568.0,45760,1087680,56,55,55,220,0,1472,55,0.9733489894676914,0.4831910048391688,2184576,262564
bv_16q,training,f1fa5ae68bff870d40d4ba7334960bbd539ed349e2fcf4d1142fc73e5c3cd236,cotengra_one_trial,20260923,False,1dpu_t8,False,semantic_identity_expansion_exceeds_preregistered_bound,,,,,,,,,,,,,,,,,,,,,,,,,,,,
bv_16q,training,f1fa5ae68bff870d40d4ba7334960bbd539ed349e2fcf4d1142fc73e5c3cd236,cotengra_one_trial,20260923,False,4dpu_t8,False,semantic_identity_expansion_exceeds_preregistered_bound,,,,,,,,,,,,,,,,,,,,,,,,,,,,
bv_16q,training,f405316e64dfcb53a8859336eeb140c84d565e8bdd5149c5b8b615bfe104f64d,cotengra_one_trial,20260925,False,1dpu_t8,True,,0f38c550b4fe5722845a9b4bda345ad957f861dcdd0dcce78caf49378f65d9e4,d674d29d21481164adf10a8ff9e1147919401e45bfde640b1e568267ab608013,134832.0,67416.0,512.0,8192.0,1022.0,9,55,1087936.0,1147584.0,269664.0,1672.0,0.0,13568.0,23008,1064928,56,56,56,224,0,1392,0,0.9958170167319331,1.0,2139072,2396
bv_16q,training,f405316e64dfcb53a8859336eeb140c84d565e8bdd5149c5b8b615bfe104f64d,cotengra_one_trial,20260925,False,4dpu_t8,True,,0f38c550b4fe5722845a9b4bda345ad957f861dcdd0dcce78caf49378f65d9e4,26f41dfc6fde0e6cf6d1fe8b7fd5c21d110de8291da568b0e7e34d0b918715a0,134832.0,67416.0,512.0,8192.0,1022.0,9,55,1087936.0,1147584.0,269664.0,1667.0,0.0,13568.0,23008,1064928,56,55,55,220,0,1392,55,0.9958170167319331,0.49302836121988847,2139072,2396
bv_16q,training,f49fb637365959b9a14c64e085b4b49b538f85f013b64a0dbac7f03e4e66e642,cotengra_one_trial,20260960,False,1dpu_t8,False,semantic_identity_expansion_exceeds_preregistered_bound,,,,,,,,,,,,,,,,,,,,,,,,,,,,
bv_16q,training,f49fb637365959b9a14c64e085b4b49b538f85f013b64a0dbac7f03e4e66e642,cotengra_one_trial,20260960,False,4dpu_t8,False,semantic_identity_expansion_exceeds_preregistered_bound,,,,,,,,,,,,,,,,,,,,,,,,,,,,
bv_16q,training,f61840a13e7e65bff310bdd8fc018aa88d0e4207332f8b9e1c2bcc834a8ab6bd,cotengra_one_trial,20260932,False,1dpu_t8,True,,d5087b306ee775d946c6af44afb2493a1ca89fccabb2bfc39466c6fbb33e094d,cd056ae19fa881ced98159c330b1b15e79fd2835471d4a5b1e828ad989798f9b,136720.0,68360.0,512.0,8192.0,1494.0,9,55,1103040.0,1160864.0,273440.0,1672.0,0.0,13568.0,30560,1072480,56,56,56,224,0,1392,0,0.9865491515506144,1.0,2154176,66008
bv_16q,training,f61840a13e7e65bff310bdd8fc018aa88d0e4207332f8b9e1c2bcc834a8ab6bd,cotengra_one_trial,20260932,False,4dpu_t8,True,,d5087b306ee775d946c6af44afb2493a1ca89fccabb2bfc39466c6fbb33e094d,6b14e652815e86213ca1656a47bed4e9cd3b94ba440765ca626a956e6750effd,136720.0,68360.0,512.0,8192.0,1494.0,9,55,1103040.0,1160864.0,273440.0,1667.0,0.0,13568.0,30560,1072480,56,55,55,220,0,1392,55,0.9865491515506144,0.489672322995904,2154176,66008
bv_16q,training,f67223015b5bc10c6c795df3d7988fe71fbccff6914a6133cef71fa1f052578c,cotengra_one_trial,20260912,False,1dpu_t8,True,,77692b3912d7f42698807eb0ff5d50aff961d31d9b4869788cb6217672f1cdf2,a4b522bec281c7d0943c60e816594a82b9d1e323c462cbd0642a6ac35c01e2c2,134760.0,67380.0,512.0,8192.0,1004.0,9,55,1087360.0,1147072.0,269520.0,1672.0,0.0,13568.0,22720,1064640,56,56,56,224,0,1392,0,0.9962154942119323,1.0,2138496,1320
bv_16q,training,f67223015b5bc10c6c795df3d7988fe71fbccff6914a6133cef71fa1f052578c,cotengra_one_trial,20260912,False,4dpu_t8,True,,77692b3912d7f42698807eb0ff5d50aff961d31d9b4869788cb6217672f1cdf2,ed32d131848ab472b2ee52138896989f89f5c36230ac2a40fb59c5069cd13600,134760.0,67380.0,512.0,8192.0,1004.0,9,55,1087360.0,1147072.0,269520.0,1667.0,0.0,13568.0,22720,1064640,56,55,55,220,0,1392,55,0.9962154942119323,0.4931582071831404,2138496,1320
bv_16q,training,f98cdbdb3c20112bc770a300f1b2e9b497e83d1c214e83262158ac97d55f4148,cotengra_one_trial,20260949,False,1dpu_t8,False,semantic_identity_expansion_exceeds_preregistered_bound,,,,,,,,,,,,,,,,,,,,,,,,,,,,
bv_16q,training,f98cdbdb3c20112bc770a300f1b2e9b497e83d1c214e83262158ac97d55f4148,cotengra_one_trial,20260949,False,4dpu_t8,False,semantic_identity_expansion_exceeds_preregistered_bound,,,,,,,,,,,,,,,,,,,,,,,,,,,,
edc_16q,validation,5b2de560595ee5ccd20c18c1d7e911104f48e90be704e247d836ea548977d70b,opt_einsum_greedy,,True,1dpu_t8,True,,6da35cbc5d525c1aeecec9686241f8424fef46cf9de83c9b5e0c3c5d22657e02,bf7aecfecfac7dcef5e18bf2b4ccfd224e62444c24fb511f17fbf44c73cc217e,437800.0,218900.0,32768.0,524288.0,43914.0,15,32,2470976.0,2566304.0,875600.0,8045.0,0.0,13568.0,719776,1751200,113,113,113,452,0,7480,0,0.6989698492462312,1.0,3511360,1100
edc_16q,validation,5b2de560595ee5ccd20c18c1d7e911104f48e90be704e247d836ea548977d70b,opt_einsum_greedy,,True,4dpu_t8,True,,6da35cbc5d525c1aeecec9686241f8424fef46cf9de83c9b5e0c3c5d22657e02,fb41dfc254e069e303a8a733872cd6ae8d3ba81595cd78a93b3c270743581633,437800.0,218900.0,32768.0,524288.0,43914.0,15,32,2470976.0,2566304.0,875600.0,7730.0,0.0,13568.0,719776,1751200,113,50,50,200,0,7480,29,0.6989698492462312,0.9797578803106441,3511360,1100
edc_16q,validation,06336cf72790ca8a2f5bf0700b04ba25ff991668d77fe335b09e97550c7de955,cotengra_one_trial,20260936,False,1dpu_t8,True,,22489aef0bf471e3a32faaa662b311211b8698a06ef2eb114c20541f101fabb7,ca5b4799579831285a113baca41d7a75f58fae9ede99f194ef08a6c79e502f28,269224.0,134612.0,1024.0,16384.0,1770.0,10,32,1113792.0,1171296.0,538448.0,1069.0,0.0,13568.0,36896,1076896,33,33,33,132,0,904,0,0.9976190829940867,1.0,2162752,1134
edc_16q,validation,06336cf72790ca8a2f5bf0700b04ba25ff991668d77fe335b09e97550c7de955,cotengra_one_trial,20260936,False,4dpu_t8,True,,22489aef0bf471e3a32faaa662b311211b8698a06ef2eb114c20541f101fabb7,e091d07376092a8dbeab9a69faeb2cccd0cc5d1e9436720c4d6af7e74611f2c1,269224.0,134612.0,1024.0,16384.0,1770.0,10,32,1113792.0,1171296.0,538448.0,1064.0,0.0,13568.0,36896,1076896,33,32,32,128,0,904,32,0.9976190829940867,0.4934255489852316,2162752,1134
edc_16q,validation,07847d121f4af842b268a5990f07dc7a96501cb8e6302101e169c420640f4bb6,cotengra_one_trial,20260963,False,1dpu_t8,False,estimated_work_unit_count_exceeds_preregistered_bound,,,,,,,,,,,,,,,,,,,,,,,,,,,,
edc_16q,validation,07847d121f4af842b268a5990f07dc7a96501cb8e6302101e169c420640f4bb6,cotengra_one_trial,20260963,False,4dpu_t8,False,estimated_work_unit_count_exceeds_preregistered_bound,,,,,,,,,,,,,,,,,,,,,,,,,,,,
edc_16q,validation,08fb29ebaac8dec353d84a9774a4e072405220de6e5e11877567c52e1a811948,cotengra_one_trial,20260903,False,1dpu_t8,False,estimated_work_unit_count_exceeds_preregistered_bound,,,,,,,,,,,,,,,,,,,,,,,,,,,,
edc_16q,validation,08fb29ebaac8dec353d84a9774a4e072405220de6e5e11877567c52e1a811948,cotengra_one_trial,20260903,False,4dpu_t8,False,estimated_work_unit_count_exceeds_preregistered_bound,,,,,,,,,,,,,,,,,,,,,,,,,,,,
edc_16q,validation,0944373844a7292ec269dad0335a09a7dbebf4afe3cbb47a41374c51a0b60aa4,cotengra_one_trial,20260947,False,1dpu_t8,True,,28439c373c978a8939fcd78a2e2003b5949e482b87d03f6639529aeec730b968,f406b47bf7d61046a2a5fcb20377e8cabd39a6fe5593a2e2a949e5098b1358ac,282304.0,141152.0,4096.0,65536.0,5040.0,12,32,1221504.0,1221504.0,564608.0,1131.0,0.0,13568.0,92288,1129216,39,39,39,156,0,936,0,0.9973645431874858,1.0,2267392,1332
edc_16q,validation,0944373844a7292ec269dad0335a09a7dbebf4afe3cbb47a41374c51a0b60aa4,cotengra_one_trial,20260947,False,4dpu_t8,True,,28439c373c978a8939fcd78a2e2003b5949e482b87d03f6639529aeec730b968,fb777a095c7cd56e5333f61d978443bb6e56ffb10a994e2a467aed05a737502c,282304.0,141152.0,4096.0,65536.0,5040.0,12,32,1221504.0,1221504.0,564608.0,1101.0,0.0,13568.0,92288,1129216,39,33,33,132,0,936,31,0.9973645431874858,0.946440716390841,2267392,1332
edc_16q,validation,10955084f214d3ced26e5149dcdb1517a8e85a486c88b70246ac34108bf4baeb,cotengra_one_trial,20260953,False,1dpu_t8,False,estimated_work_unit_count_exceeds_preregistered_bound,,,,,,,,,,,,,,,,,,,,,,,,,,,,
edc_16q,validation,10955084f214d3ced26e5149dcdb1517a8e85a486c88b70246ac34108bf4baeb,cotengra_one_trial,20260953,False,4dpu_t8,False,estimated_work_unit_count_exceeds_preregistered_bound,,,,,,,,,,,,,,,,,,,,,,,,,,,,
edc_16q,validation,127f33264df0bd9c8a888624855cfdbdb9ea396f22c9ae30038795c1aacd89fe,cotengra_one_trial,20260961,False,1dpu_t8,False,estimated_work_unit_count_exceeds_preregistered_bound,,,,,,,,,,,,,,,,,,,,,,,,,,,,
edc_16q,validation,127f33264df0bd9c8a888624855cfdbdb9ea396f22c9ae30038795c1aacd89fe,cotengra_one_trial,20260961,False,4dpu_t8,False,estimated_work_unit_count_exceeds_preregistered_bound,,,,,,,,,,,,,,,,,,,,,,,,,,,,
edc_16q,validation,184da471cc76cd1d48b06de75f26181a64ce963b01bacc55eacda830c14c49f8,cotengra_one_trial,20260931,False,1dpu_t8,True,,a32832056086b3e70f67b03dac8ae1b53ddd56b42ac5669b5a1406daf2e8c9ff,57dab0d8377066f5db306119f24652edbcfa65548cb9aa4e26d3f6696c1f8ef3,272808.0,136404.0,2048.0,32768.0,2666.0,11,32,1144512.0,1178464.0,545616.0,1055.0,0.0,13568.0,53280,1091232,35,35,35,140,0,880,0,0.9976503621594675,1.0,2191424,1118
edc_16q,validation,184da471cc76cd1d48b06de75f26181a64ce963b01bacc55eacda830c14c49f8,cotengra_one_trial,20260931,False,4dpu_t8,True,,a32832056086b3e70f67b03dac8ae1b53ddd56b42ac5669b5a1406daf2e8c9ff,ddda4784ea5f20a78dcbd69f3f669e693880bd2bd403d0a185a0b81fbd761c6f,272808.0,136404.0,2048.0,32768.0,2666.0,11,32,1144512.0,1178464.0,545616.0,1040.0,0.0,13568.0,53280,1091232,35,32,32,128,0,880,31,0.9976503621594675,0.9706826779273335,2191424,1118
edc_16q,validation,1ed2f7143bfb93823639c06552bd01d69a62575e1b46924de3c8f4f896b7027a,cotengra_one_trial,20260905,False,1dpu_t8,True,,e6de33591145316daad324fba8449a4e263b3aaba845e189020303591c0dd68e,3c684d34f40769c25a92347b38971502eb042f744a8ec43a559c0ad36df59e04,269120.0,134560.0,1024.0,16384.0,1744.0,10,32,1112960.0,1162112.0,538240.0,1005.0,0.0,13568.0,36480,1076480,33,33,33,132,0,840,0,0.9973246135552913,1.0,2161920,1110
edc_16q,validation,1ed2f7143bfb93823639c06552bd01d69a62575e1b46924de3c8f4f896b7027a,cotengra_one_trial,20260905,False,4dpu_t8,True,,e6de33591145316daad324fba8449a4e263b3aaba845e189020303591c0dd68e,c35140a07fe63e4a77901d6cad12e5039b195fcd774bd056d60246497ac79854,269120.0,134560.0,1024.0,16384.0,1744.0,10,32,1112960.0,1162112.0,538240.0,1000.0,0.0,13568.0,36480,1076480,33,32,32,128,0,840,32,0.9973246135552913,0.49351961950059453,2161920,1110
edc_16q,validation,1f0704ca5f14a191a70c3e6b1a5d3f41dff09fd44a49699e3845cfb512cdb449,cotengra_one_trial,20260922,False,1dpu_t8,False,estimated_work_unit_count_exceeds_preregistered_bound,,,,,,,,,,,,,,,,,,,,,,,,,,,,
edc_16q,validation,1f0704ca5f14a191a70c3e6b1a5d3f41dff09fd44a49699e3845cfb512cdb449,cotengra_one_trial,20260922,False,4dpu_t8,False,estimated_work_unit_count_exceeds_preregistered_bound,,,,,,,,,,,,,,,,,,,,,,,,,,,,
edc_16q,validation,210c7b6504ccc4adb64a0a9dca3af8a03f1eba5179fc625a9d59a03b942e63f4,cotengra_one_trial,20260913,False,1dpu_t8,False,estimated_work_unit_count_exceeds_preregistered_bound,,,,,,,,,,,,,,,,,,,,,,,,,,,,
edc_16q,validation,210c7b6504ccc4adb64a0a9dca3af8a03f1eba5179fc625a9d59a03b942e63f4,cotengra_one_trial,20260913,False,4dpu_t8,False,estimated_work_unit_count_exceeds_preregistered_bound,,,,,,,,,,,,,,,,,,,,,,,,,,,,
edc_16q,validation,2a61ed3bc5a7cde8a0f3d499847bf02585d2cc5ce32d0007010c71d1af5946f6,cotengra_one_trial,20260932,False,1dpu_t8,True,,2e5fa69a8cb5a3420926a2be3a8e9d75f137bcf100369289a4581f05e7f3b481,34e4c66b3ea78c4b3a64a7b4e3f068721b7c054e9eefb734d1d71e75a50695b0,268416.0,134208.0,512.0,8192.0,1568.0,9,32,1103232.0,1160576.0,536832.0,984.0,0.0,13568.0,29568,1073664,32,32,32,128,0,824,0,0.9974070100143062,1.0,2156288,656
edc_16q,validation,2a61ed3bc5a7cde8a0f3d499847bf02585d2cc5ce32d0007010c71d1af5946f6,cotengra_one_trial,20260932,False,4dpu_t8,True,,2e5fa69a8cb5a3420926a2be3a8e9d75f137bcf100369289a4581f05e7f3b481,679859da2402c0f2f83ccdecfb3623d043739d78b812a375adfa0b7514e433f0,268416.0,134208.0,512.0,8192.0,1568.0,9,32,1103232.0,1160576.0,536832.0,984.0,0.0,13568.0,29568,1073664,32,32,32,128,0,824,32,0.9974070100143062,0.25,2156288,656
edc_16q,validation,2f0aee93d382cda44dd0fbebd887e0949202df2d0576232e6a4dbf2e71e67143,cotengra_one_trial,20260955,False,1dpu_t8,False,semantic_identity_expansion_exceeds_preregistered_bound,,,,,,,,,,,,,,,,,,,,,,,,,,,,
edc_16q,validation,2f0aee93d382cda44dd0fbebd887e0949202df2d0576232e6a4dbf2e71e67143,cotengra_one_trial,20260955,False,4dpu_t8,False,semantic_identity_expansion_exceeds_preregistered_bound,,,,,,,,,,,,,,,,,,,,,,,,,,,,
edc_16q,validation,2f9a5825200c681818d95fddaa9266b7964daaa636fdfe9dd65f3e7e4fe19d32,cotengra_one_trial,20260910,False,1dpu_t8,False,estimated_work_unit_count_exceeds_preregistered_bound,,,,,,,,,,,,,,,,,,,,,,,,,,,,
edc_16q,validation,2f9a5825200c681818d95fddaa9266b7964daaa636fdfe9dd65f3e7e4fe19d32,cotengra_one_trial,20260910,False,4dpu_t8,False,estimated_work_unit_count_exceeds_preregistered_bound,,,,,,,,,,,,,,,,,,,,,,,,,,,,
edc_16q,validation,45b9c02c2b188a33a93779409c4fa5046a16c3c8ddbee2114d44376125c109b5,cotengra_one_trial,20260930,False,1dpu_t8,False,estimated_work_unit_count_exceeds_preregistered_bound,,,,,,,,,,,,,,,,,,,,,,,,,,,,
edc_16q,validation,45b9c02c2b188a33a93779409c4fa5046a16c3c8ddbee2114d44376125c109b5,cotengra_one_trial,20260930,False,4dpu_t8,False,estimated_work_unit_count_exceeds_preregistered_bound,,,,,,,,,,,,,,,,,,,,,,,,,,,,
edc_16q,validation,4883f721607cd9c79ebf74a6f12b4ece92632258490e30ebe4fda7a63b6aeab9,cotengra_one_trial,20260935,False,1dpu_t8,False,semantic_identity_expansion_exceeds_preregistered_bound,,,,,,,,,,,,,,,,,,,,,,,,,,,,
edc_16q,validation,4883f721607cd9c79ebf74a6f12b4ece92632258490e30ebe4fda7a63b6aeab9,cotengra_one_trial,20260935,False,4dpu_t8,False,semantic_identity_expansion_exceeds_preregistered_bound,,,,,,,,,,,,,,,,,,,,,,,,,,,,
edc_16q,validation,4d02d500737511185fe9c04bbba3dc4c381a8e392c62afbeda6276b72be86bae,cotengra_one_trial,20260941,False,1dpu_t8,False,estimated_work_unit_count_exceeds_preregistered_bound,,,,,,,,,,,,,,,,,,,,,,,,,,,,
edc_16q,validation,4d02d500737511185fe9c04bbba3dc4c381a8e392c62afbeda6276b72be86bae,cotengra_one_trial,20260941,False,4dpu_t8,False,estimated_work_unit_count_exceeds_preregistered_bound,,,,,,,,,,,,,,,,,,,,,,,,,,,,
edc_16q,validation,51c3fe3c49271f3191695930a02fd319b556dc889381f4dd140aa90ac4a0a51c,cotengra_one_trial,20260916,False,1dpu_t8,True,,f035c6018eb68c1cb37b52f674ad3bc5f4e8167d6ba4a906813427ae6e39b485,1f66506e282d272ad4ee83cb0faad1e5e9b36c9e1928eec20e72b9b72580c22a,297952.0,148976.0,2048.0,32768.0,8952.0,11,32,1343744.0,1404704.0,595904.0,1865.0,0.0,13568.0,151936,1191808,37,37,37,148,0,1680,0,0.9618596283965203,1.0,2392576,17666
edc_16q,validation,51c3fe3c49271f3191695930a02fd319b556dc889381f4dd140aa90ac4a0a51c,cotengra_one_trial,20260916,False,4dpu_t8,True,,f035c6018eb68c1cb37b52f674ad3bc5f4e8167d6ba4a906813427ae6e39b485,a6202dde6e2c6df300bef2b545c945121689aec5c55effcd31a5c820ef636a22,297952.0,148976.0,2048.0,32768.0,8952.0,11,32,1343744.0,1404704.0,595904.0,1840.0,0.0,13568.0,151936,1191808,37,32,32,128,0,1680,31,0.9618596283965203,0.4819836752228547,2392576,17666
edc_16q,validation,52a559c1dba000572a942b63ef8eaa6ffb5ecd71befc6d5baa297cb8ab97c74b,cotengra_one_trial,20260908,False,1dpu_t8,True,,26fe3c38fc8b13f357e617dd340dec8d0f79df2ef96db41dd57f3f0be460c17a,5d5d9b82a3c3f67013ba7ce36eef4bba17dc25bad7e7007df470be4166ec97cf,268008.0,134004.0,512.0,8192.0,1466.0,9,32,1099968.0,1157472.0,536016.0,984.0,0.0,13568.0,27936,1072032,32,32,32,128,0,824,0,0.9974814184651204,1.0,2153024,600
edc_16q,validation,52a559c1dba000572a942b63ef8eaa6ffb5ecd71befc6d5baa297cb8ab97c74b,cotengra_one_trial,20260908,False,4dpu_t8,True,,26fe3c38fc8b13f357e617dd340dec8d0f79df2ef96db41dd57f3f0be460c17a,802947e7916b58625fdf7286d458438c803c5bac227decfbc6cf19c9fe5e90a7,268008.0,134004.0,512.0,8192.0,1466.0,9,32,1099968.0,1157472.0,536016.0,984.0,0.0,13568.0,27936,1072032,32,32,32,128,0,824,32,0.9974814184651204,0.25,2153024,600
edc_16q,validation,5634d20a2595002ec82c07b2d51a60beeb4dda48d99ec37c405380cc94d93149,cotengra_one_trial,20260915,False,1dpu_t8,True,,b04a737fa105a6350c365a44305fb8925f0002184eb51dc22905ba5f5ad221d3,40c49ad8055268ff55c9ea53a700710b267cc2bc1eddcd1a6938850478cee90c,281296.0,140648.0,4096.0,65536.0,4788.0,12,32,1213440.0,1216512.0,562592.0,1155.0,0.0,13568.0,88256,1125184,39,39,39,156,0,960,0,0.9975186280643877,1.0,2259328,1110
edc_16q,validation,5634d20a2595002ec82c07b2d51a60beeb4dda48d99ec37c405380cc94d93149,cotengra_one_trial,20260915,False,4dpu_t8,True,,b04a737fa105a6350c365a44305fb8925f0002184eb51dc22905ba5f5ad221d3,8dc7ffda015f6d42e331af10d25e8c9ecc2c1e6400740c718ecdbd8a0521649f,281296.0,140648.0,4096.0,65536.0,4788.0,12,32,1213440.0,1216512.0,562592.0,1125.0,0.0,13568.0,88256,1125184,39,33,33,132,0,960,31,0.9975186280643877,0.9489363517433593,2259328,1110
edc_16q,validation,587bba767267d4e32deb39f48e25476cd6461cf146b320585e8b787f4dce3b9c,cotengra_one_trial,20260904,False,1dpu_t8,False,estimated_work_unit_count_exceeds_preregistered_bound,,,,,,,,,,,,,,,,,,,,,,,,,,,,
edc_16q,validation,587bba767267d4e32deb39f48e25476cd6461cf146b320585e8b787f4dce3b9c,cotengra_one_trial,20260904,False,4dpu_t8,False,estimated_work_unit_count_exceeds_preregistered_bound,,,,,,,,,,,,,,,,,,,,,,,,,,,,
edc_16q,validation,5e2813be1a94b25005b08d306274cdbe2eea863f730fb0d75606f73c245cf88e,cotengra_one_trial,20260943,False,1dpu_t8,True,,e88aafea6c6d93738ec6c7b98d45636e73930490678474b554c05bea5a6669a9,7d9e2feae5ceed5a73203d88b78b0666e52534cc0eddb5bc89a27d87993dbb33,541248.0,270624.0,32768.0,524288.0,69776.0,15,32,3301536.0,3303328.0,1082496.0,4889.0,0.0,13568.0,1136544,2164992,157,157,157,628,0,4104,0,0.986786094359702,1.0,4338944,524316
edc_16q,validation,5e2813be1a94b25005b08d306274cdbe2eea863f730fb0d75606f73c245cf88e,cotengra_one_trial,20260943,False,4dpu_t8,True,,e88aafea6c6d93738ec6c7b98d45636e73930490678474b554c05bea5a6669a9,b3091586572e0bcc77bdc07f16a5e9a1c48d7f058a250526d157a72c95154534,541248.0,270624.0,32768.0,524288.0,69776.0,15,32,3301536.0,3303328.0,1082496.0,4394.0,0.0,13568.0,1136544,2164992,157,58,58,232,0,4104,26,0.986786094359702,0.9689310630247132,4338944,524316
edc_16q,validation,65c50867e27d37e32969f78361ffc2d880c3241b23520c4281acee22568ed04a,cotengra_one_trial,20260962,False,1dpu_t8,False,estimated_work_unit_count_exceeds_preregistered_bound,,,,,,,,,,,,,,,,,,,,,,,,,,,,
edc_16q,validation,65c50867e27d37e32969f78361ffc2d880c3241b23520c4281acee22568ed04a,cotengra_one_trial,20260962,False,4dpu_t8,False,estimated_work_unit_count_exceeds_preregistered_bound,,,,,,,,,,,,,,,,,,,,,,,,,,,,
edc_16q,validation,690dd8367d8fa75ef67790189a1815eccfee968e5279677c02a4ca75ea9e555d,cotengra_one_trial,20260912,False,1dpu_t8,True,,d8df7fc705a2b0c89d35460dd946a727e197b143eb20d262f35b704f998c87d0,e77b3e74b56f49c4a9171cd0d91bbdd4882dbcaa79d17257054dc7cbc1e952ac,268200.0,134100.0,512.0,8192.0,1514.0,9,32,1101504.0,1159008.0,536400.0,984.0,0.0,13568.0,28704,1072800,32,32,32,128,0,824,0,0.9973713646532438,1.0,2154560,626
edc_16q,validation,690dd8367d8fa75ef67790189a1815eccfee968e5279677c02a4ca75ea9e555d,cotengra_one_trial,20260912,False,4dpu_t8,True,,d8df7fc705a2b0c89d35460dd946a727e197b143eb20d262f35b704f998c87d0,471fc62b117966fe23d73503dc6da3bc6420d31bb2c9afc61d4c895da0f4a4fd,268200.0,134100.0,512.0,8192.0,1514.0,9,32,1101504.0,1159008.0,536400.0,984.0,0.0,13568.0,28704,1072800,32,32,32,128,0,824,32,0.9973713646532438,0.25,2154560,626
edc_16q,validation,741df3dd13fd2a00c006fed035ec5d341ca333f00f0db5c6627be618a6652a29,cotengra_one_trial,20260925,False,1dpu_t8,True,,10fed67e60c5d993a9a3734f22f1a2d0aed0354d57f0d7080985cbd17ace82dd,a724fe410b7ae36ae3ab01f19fa06043c1092e902383cd202296dd8b9eb87a76,267944.0,133972.0,512.0,8192.0,1450.0,9,32,1099456.0,1156960.0,535888.0,984.0,0.0,13568.0,27680,1071776,32,32,32,128,0,824,0,0.9976077090735378,1.0,2152512,1110
edc_16q,validation,741df3dd13fd2a00c006fed035ec5d341ca333f00f0db5c6627be618a6652a29,cotengra_one_trial,20260925,False,4dpu_t8,True,,10fed67e60c5d993a9a3734f22f1a2d0aed0354d57f0d7080985cbd17ace82dd,5332a99a7348e3da9d0be8d4e2e6b60ea4617947296779b2d17651e44338175a,267944.0,133972.0,512.0,8192.0,1450.0,9,32,1099456.0,1156960.0,535888.0,984.0,0.0,13568.0,27680,1071776,32,32,32,128,0,824,32,0.9976077090735378,0.25,2152512,1110
edc_16q,validation,87787c6a917419ef84b765cf94eb48bf3b58f3d3e2f0c0438968ba59dfb74b8b,cotengra_one_trial,20260958,False,1dpu_t8,False,estimated_work_unit_count_exceeds_preregistered_bound,,,,,,,,,,,,,,,,,,,,,,,,,,,,
edc_16q,validation,87787c6a917419ef84b765cf94eb48bf3b58f3d3e2f0c0438968ba59dfb74b8b,cotengra_one_trial,20260958,False,4dpu_t8,False,estimated_work_unit_count_exceeds_preregistered_bound,,,,,,,,,,,,,,,,,,,,,,,,,,,,
edc_16q,validation,8914797ddf9fdf06ff33f8f5d42670da73c16c517056f5eae4f32d0c5e439940,cotengra_one_trial,20260946,False,1dpu_t8,True,,c1a1374cd275e3d76444e82df2d78eb1600a6b67957f87b00356f8e0e9aa89a2,ef6ccfb15529a58c903897092995618091debeda5373961ed5a4b2ed46dcf8a7,273984.0,136992.0,2048.0,32768.0,2960.0,11,32,1153920.0,1186688.0,547968.0,1047.0,0.0,13568.0,57984,1095936,35,35,35,140,0,872,0,0.997021723896286,1.0,2200832,1236
edc_16q,validation,8914797ddf9fdf06ff33f8f5d42670da73c16c517056f5eae4f32d0c5e439940,cotengra_one_trial,20260946,False,4dpu_t8,True,,c1a1374cd275e3d76444e82df2d78eb1600a6b67957f87b00356f8e0e9aa89a2,d1df7ea36475dd07d6d278e68d61f7fd47b6eeba9bb6063ab07de63ef6d3531a,273984.0,136992.0,2048.0,32768.0,2960.0,11,32,1153920.0,1186688.0,547968.0,1032.0,0.0,13568.0,57984,1095936,35,32,32,128,0,872,31,0.997021723896286,0.9675893482831114,2200832,1236
edc_16q,validation,8c13636e729a8bf098be0611c6a4140af3a50d5e3cf380a15f454e1945da8035,cotengra_one_trial,20260907,False,1dpu_t8,True,,1bc981b87c364792447fc8fa3e9f89929e31ff25b4ad3b766d595940f841ca65,643f907d7e44718ec9d82596528faadcf71fa730590d70fcea1c2fe7b3f452bb,443104.0,221552.0,16384.0,262144.0,45240.0,14,32,2512928.0,2536256.0,886208.0,6699.0,0.0,13568.0,740512,1772416,111,111,111,444,0,6144,0,0.8836119737127176,1.0,3553792,131222
edc_16q,validation,8c13636e729a8bf098be0611c6a4140af3a50d5e3cf380a15f454e1945da8035,cotengra_one_trial,20260907,False,4dpu_t8,True,,1bc981b87c364792447fc8fa3e9f89929e31ff25b4ad3b766d595940f841ca65,59eb95522549a35868f1599159356b0386f25180dd6a506dad5fded727d97464,443104.0,221552.0,16384.0,262144.0,45240.0,14,32,2512928.0,2536256.0,886208.0,6379.0,0.0,13568.0,740512,1772416,111,47,47,188,0,6144,26,0.8836119737127176,0.966400664403842,3553792,131222
edc_16q,validation,90de28279d054ca42bdaae7b561f3650ae9ec2acbd8561d48649d04ff4c99053,cotengra_one_trial,20260938,False,1dpu_t8,True,,660df4037cfc0d004bbaee25008978f74a8adb85e4aae491955ed43197445c7e,c288087712bbd0f463df9aaa64f90aa2701c0c966cc51c35919b0e7f83105cca,271744.0,135872.0,512.0,8192.0,2400.0,9,32,1129856.0,1187264.0,543488.0,1000.0,0.0,13568.0,42880,1086976,32,32,32,128,0,840,0,0.9951130475741875,1.0,2182912,2370
edc_16q,validation,90de28279d054ca42bdaae7b561f3650ae9ec2acbd8561d48649d04ff4c99053,cotengra_one_trial,20260938,False,4dpu_t8,True,,660df4037cfc0d004bbaee25008978f74a8adb85e4aae491955ed43197445c7e,2f9d590cfd2e8f3754ec30da362014ea9050bbb8885088135492e8d8c8e2fb6a,271744.0,135872.0,512.0,8192.0,2400.0,9,32,1129856.0,1187264.0,543488.0,1000.0,0.0,13568.0,42880,1086976,32,32,32,128,0,840,32,0.9951130475741875,0.25,2182912,2370
edc_16q,validation,9457e186a8a8eff76573e02fb13842043696458db337dd2daac0bef5b172d530,cotengra_one_trial,20260918,False,1dpu_t8,False,semantic_identity_expansion_exceeds_preregistered_bound,,,,,,,,,,,,,,,,,,,,,,,,,,,,
edc_16q,validation,9457e186a8a8eff76573e02fb13842043696458db337dd2daac0bef5b172d530,cotengra_one_trial,20260918,False,4dpu_t8,False,semantic_identity_expansion_exceeds_preregistered_bound,,,,,,,,,,,,,,,,,,,,,,,,,,,,
edc_16q,validation,9a5aaf839ebba4b95b5d11bb0cc3790be21899ea60e3af34378452c6152edbc0,cotengra_one_trial,20260939,False,1dpu_t8,False,estimated_work_unit_count_exceeds_preregistered_bound,,,,,,,,,,,,,,,,,,,,,,,,,,,,
edc_16q,validation,9a5aaf839ebba4b95b5d11bb0cc3790be21899ea60e3af34378452c6152edbc0,cotengra_one_trial,20260939,False,4dpu_t8,False,estimated_work_unit_count_exceeds_preregistered_bound,,,,,,,,,,,,,,,,,,,,,,,,,,,,
edc_16q,validation,9daf827234c7ceb812fe8b8f156f587ee4677425c1805c1ea9cf33d5f1c53c60,cotengra_one_trial,20260909,False,1dpu_t8,False,estimated_work_unit_count_exceeds_preregistered_bound,,,,,,,,,,,,,,,,,,,,,,,,,,,,
edc_16q,validation,9daf827234c7ceb812fe8b8f156f587ee4677425c1805c1ea9cf33d5f1c53c60,cotengra_one_trial,20260909,False,4dpu_t8,False,estimated_work_unit_count_exceeds_preregistered_bound,,,,,,,,,,,,,,,,,,,,,,,,,,,,
edc_16q,validation,9fc4938eca5fe270c9181361580f3157071fc160dc67ebfdbfeeb4f9a11f682f,cotengra_one_trial,20260919,False,1dpu_t8,True,,efdfa8724e3f45c890454a782e897a2e93a57cbbc83417fdfca836ae3a9a10db,5bc72e95782d875c98c4d5075b3d5164aa15e34bec3cde78ea62fb7878b15690,375424.0,187712.0,16384.0,262144.0,28320.0,14,32,1969920.0,1969920.0,750848.0,2349.0,0.0,13568.0,468224,1501696,81,81,81,324,0,1944,0,0.9962069553358336,1.0,3012352,2616
edc_16q,validation,9fc4938eca5fe270c9181361580f3157071fc160dc67ebfdbfeeb4f9a11f682f,cotengra_one_trial,20260919,False,4dpu_t8,True,,efdfa8724e3f45c890454a782e897a2e93a57cbbc83417fdfca836ae3a9a10db,5836434794ec20fa6f000301a47b31059c27cdb0f1edf0bbdf227778ae0e8282,375424.0,187712.0,16384.0,262144.0,28320.0,14,32,1969920.0,1969920.0,750848.0,2154.0,0.0,13568.0,468224,1501696,81,42,42,168,0,1944,29,0.9962069553358336,0.9700818274803955,3012352,2616
edc_16q,validation,a54e811cd4447a11b9526529168b168f9656b063e9699dea948aeae0c70bceae,cotengra_one_trial,20260924,False,1dpu_t8,True,,d53ab73182457ae2314160f444a4d05b9ac401f3a7b5fce899e074796e45af2f,42a4ab0ae1ce34228132954267d03a49fde3fb6886b1c85d194f3fe2e5d0aab5,656608.0,328304.0,32768.0,524288.0,98616.0,15,32,4228064.0,4271072.0,1313216.0,10715.0,0.0,13568.0,1601632,2626432,215,215,215,860,0,9640,0,0.9114418343973878,1.0,5261824,262224
edc_16q,validation,a54e811cd4447a11b9526529168b168f9656b063e9699dea948aeae0c70bceae,cotengra_one_trial,20260924,False,4dpu_t8,True,,d53ab73182457ae2314160f444a4d05b9ac401f3a7b5fce899e074796e45af2f,8a75c426ac57c9c32d10fa0687c8b7af6b87679dd3d3fe31e0596e1789b9e0b0,656608.0,328304.0,32768.0,524288.0,98616.0,15,32,4228064.0,4271072.0,1313216.0,10005.0,0.0,13568.0,1601632,2626432,215,73,73,292,0,9640,26,0.9114418343973878,0.9829791900190068,5261824,262224
edc_16q,validation,a8036bb7ba3099bac45083f80ed3e1015d1f69192f469c8c6a12fee3e5c9259f,cotengra_one_trial,20260945,False,1dpu_t8,True,,f43be1e1d2a3deb6fbc9b2cfdfd4ddc2c142b9acfb9913e7a0f93e6ff15aab8c,d1fbc7036694c1badf36c23709633cabb255febd822c29c375fce1a23a8b211f,284288.0,142144.0,4096.0,65536.0,5536.0,12,32,1237376.0,1240480.0,568576.0,1163.0,0.0,13568.0,100224,1137152,39,39,39,156,0,968,0,0.9947095902746511,1.0,2283264,2644
edc_16q,validation,a8036bb7ba3099bac45083f80ed3e1015d1f69192f469c8c6a12fee3e5c9259f,cotengra_one_trial,20260945,False,4dpu_t8,True,,f43be1e1d2a3deb6fbc9b2cfdfd4ddc2c142b9acfb9913e7a0f93e6ff15aab8c,af9c537a20132d54470ac6ba43eb24e8ced4fa88ced40ad45043afede3a12b2a,284288.0,142144.0,4096.0,65536.0,5536.0,12,32,1237376.0,1240480.0,568576.0,1133.0,0.0,13568.0,100224,1137152,39,33,33,132,0,968,31,0.9947095902746511,0.9415803692030617,2283264,2644
edc_16q,validation,a9d989add55da5fdeba1609cdc04baa066a70d67668a044651b816039c2bb5b8,cotengra_one_trial,20260957,False,1dpu_t8,True,,707ce1ca2b7ba14bca58d1a331ffc81ba41d165cabbe0eafb9d01e0a9eba214b,2332029eae2c7e1cb031e4bda14044be4df68dee7137e4a7a5ec46f6c083a786,269096.0,134548.0,1024.0,16384.0,1738.0,10,32,1112768.0,1170112.0,538192.0,1069.0,0.0,13568.0,36384,1076384,33,33,33,132,0,904,0,0.9975138983857063,1.0,2161728,376
edc_16q,validation,a9d989add55da5fdeba1609cdc04baa066a70d67668a044651b816039c2bb5b8,cotengra_one_trial,20260957,False,4dpu_t8,True,,707ce1ca2b7ba14bca58d1a331ffc81ba41d165cabbe0eafb9d01e0a9eba214b,4290ce278f7da7645093082591723a37cddea0c19fccd4d633d852fd36f83c5a,269096.0,134548.0,1024.0,16384.0,1738.0,10,32,1112768.0,1170112.0,538192.0,1064.0,0.0,13568.0,36384,1076384,33,32,32,128,0,904,32,0.9975138983857063,0.49354133840711123,2161728,376
edc_16q,validation,aa969ffc501379bbfe8589a9b4a338e231ae486a7e1aa6820df3f2d30ea74328,cotengra_one_trial,20260929,False,1dpu_t8,False,estimated_work_unit_count_exceeds_preregistered_bound,,,,,,,,,,,,,,,,,,,,,,,,,,,,
edc_16q,validation,aa969ffc501379bbfe8589a9b4a338e231ae486a7e1aa6820df3f2d30ea74328,cotengra_one_trial,20260929,False,4dpu_t8,False,estimated_work_unit_count_exceeds_preregistered_bound,,,,,,,,,,,,,,,,,,,,,,,,,,,,
edc_16q,validation,bbb286b6ef5ad02133c3ff957f55e1e4694704be287e367211f6c8940458c509,cotengra_one_trial,20260914,False,1dpu_t8,True,,dfff3dae5c331af4cc02168491449ab56d039b5295b49c16e6921e8e61285dba,0b4a2d17b9e0b6d022a6e09eecedf1b9c7de27d5761f021d420523c77a4c7d8c,269424.0,134712.0,1024.0,16384.0,1820.0,10,32,1115392.0,1172736.0,538848.0,1069.0,0.0,13568.0,37696,1077696,33,33,33,132,0,904,0,0.9964294197992755,1.0,2164352,630
edc_16q,validation,bbb286b6ef5ad02133c3ff957f55e1e4694704be287e367211f6c8940458c509,cotengra_one_trial,20260914,False,4dpu_t8,True,,dfff3dae5c331af4cc02168491449ab56d039b5295b49c16e6921e8e61285dba,bba6e657deb52314ed6c0bd28fb6997c2c2b6e41d02e166cfea874553775df49,269424.0,134712.0,1024.0,16384.0,1820.0,10,32,1115392.0,1172736.0,538848.0,1064.0,0.0,13568.0,37696,1077696,33,32,32,128,0,904,32,0.9964294197992755,0.4932448482688996,2164352,630
edc_16q,validation,bfd9ab0985e5a354ab5ad925e33382d6af62c8db736bc90f384fb3062f9591e3,cotengra_one_trial,20260949,False,1dpu_t8,False,estimated_work_unit_count_exceeds_preregistered_bound,,,,,,,,,,,,,,,,,,,,,,,,,,,,
edc_16q,validation,bfd9ab0985e5a354ab5ad925e33382d6af62c8db736bc90f384fb3062f9591e3,cotengra_one_trial,20260949,False,4dpu_t8,False,estimated_work_unit_count_exceeds_preregistered_bound,,,,,,,,,,,,,,,,,,,,,,,,,,,,
edc_16q,validation,c05304c412f5da369ead515dba686b83c5c99eece06566dfaad0017993d68e5a,cotengra_one_trial,20260921,False,1dpu_t8,True,,7245e0943fd9f3bbac726edbda16d1398a030d7784a10f23aec489593ebdbaa2,13e3e54d84249536d60d014fe8539ab719778843f3f50abc17a46831bd776fe4,282280.0,141140.0,4096.0,65536.0,5034.0,12,32,1221312.0,1221472.0,564560.0,1131.0,0.0,13568.0,92192,1129120,39,39,39,156,0,936,0,0.9977292050446366,1.0,2267200,630
edc_16q,validation,c05304c412f5da369ead515dba686b83c5c99eece06566dfaad0017993d68e5a,cotengra_one_trial,20260921,False,4dpu_t8,True,,7245e0943fd9f3bbac726edbda16d1398a030d7784a10f23aec489593ebdbaa2,62435bd795e809b6daca9848c7efb13c296899d8d8fb35a106f7daf12554eacf,282280.0,141140.0,4096.0,65536.0,5034.0,12,32,1221312.0,1221472.0,564560.0,1101.0,0.0,13568.0,92192,1129120,39,33,33,132,0,936,31,0.9977292050446366,0.9464999291483633,2267200,630
edc_16q,validation,cfeeda4a26321a23c39888c6a0355102cc57014a013bb6a23546628b4b6ee858,cotengra_one_trial,20260951,False,1dpu_t8,True,,fcc7777083b96ba20728472630395b94f5cd3b1f1586f6f561ed57d7e559c52d,28d50a56fed8b59b8bf8c3d359302dffc4be9b2cd250382bc0b37412d08977fe,272808.0,136404.0,2048.0,32768.0,2666.0,11,32,1144512.0,1177440.0,545616.0,1047.0,0.0,13568.0,53280,1091232,35,35,35,140,0,872,0,0.9974157649335796,1.0,2191424,1106
edc_16q,validation,cfeeda4a26321a23c39888c6a0355102cc57014a013bb6a23546628b4b6ee858,cotengra_one_trial,20260951,False,4dpu_t8,True,,fcc7777083b96ba20728472630395b94f5cd3b1f1586f6f561ed57d7e559c52d,1f2ff75dd45139d18af7305545494cb6482394bbbbed761b062f58fbc98ca12d,272808.0,136404.0,2048.0,32768.0,2666.0,11,32,1144512.0,1177440.0,545616.0,1032.0,0.0,13568.0,53280,1091232,35,32,32,128,0,872,31,0.9974157649335796,0.9706826779273335,2191424,1106
edc_16q,validation,d1bd282c857b4b29ce447eafbe2aa42d43731d1fd32c7eb1a9340baba9c9694c,cotengra_one_trial,20260942,False,1dpu_t8,False,estimated_work_unit_count_exceeds_preregistered_bound,,,,,,,,,,,,,,,,,,,,,,,,,,,,
edc_16q,validation,d1bd282c857b4b29ce447eafbe2aa42d43731d1fd32c7eb1a9340baba9c9694c,cotengra_one_trial,20260942,False,4dpu_t8,False,estimated_work_unit_count_exceeds_preregistered_bound,,,,,,,,,,,,,,,,,,,,,,,,,,,,
edc_16q,validation,d2cc10feafb59e7ffcfda61821588f97a0fe2840b0ef667ed9ba077bcf68e2f2,cotengra_one_trial,20260937,False,1dpu_t8,False,estimated_work_unit_count_exceeds_preregistered_bound,,,,,,,,,,,,,,,,,,,,,,,,,,,,
edc_16q,validation,d2cc10feafb59e7ffcfda61821588f97a0fe2840b0ef667ed9ba077bcf68e2f2,cotengra_one_trial,20260937,False,4dpu_t8,False,estimated_work_unit_count_exceeds_preregistered_bound,,,,,,,,,,,,,,,,,,,,,,,,,,,,
edc_16q,validation,d4962e31043af20da288600963c1216b0fd9908bab461b4b7d996c06c5c77762,cotengra_one_trial,20260950,False,1dpu_t8,False,estimated_work_unit_count_exceeds_preregistered_bound,,,,,,,,,,,,,,,,,,,,,,,,,,,,
edc_16q,validation,d4962e31043af20da288600963c1216b0fd9908bab461b4b7d996c06c5c77762,cotengra_one_trial,20260950,False,4dpu_t8,False,estimated_work_unit_count_exceeds_preregistered_bound,,,,,,,,,,,,,,,,,,,,,,,,,,,,
edc_16q,validation,d75283c7e094c3804f141d4b759d381d5094a2a6abb5dad779699d00767badab,cotengra_one_trial,20260928,False,1dpu_t8,True,,73374dfce9902efe52a9149b1660143fd6d212a3e9541a2f18d348e559c187cd,cbc93eb640f66134dfeda1e60f474bc86464eba838b4faf42085cb0176564637,268200.0,134100.0,512.0,8192.0,1514.0,9,32,1101504.0,1159008.0,536400.0,984.0,0.0,13568.0,28704,1072800,32,32,32,128,0,824,0,0.9976099925428784,1.0,2154560,614
edc_16q,validation,d75283c7e094c3804f141d4b759d381d5094a2a6abb5dad779699d00767badab,cotengra_one_trial,20260928,False,4dpu_t8,True,,73374dfce9902efe52a9149b1660143fd6d212a3e9541a2f18d348e559c187cd,fbf6397c6977e55a8d68287aabc2aa470fd7ab40b1d33dc4224dfc5e0915d4a7,268200.0,134100.0,512.0,8192.0,1514.0,9,32,1101504.0,1159008.0,536400.0,984.0,0.0,13568.0,28704,1072800,32,32,32,128,0,824,32,0.9976099925428784,0.25,2154560,614
edc_16q,validation,d7632fb617f41defe3f35bffcb3719815db76c17f1b8af7ee2156c4ee9511433,cotengra_one_trial,20260926,False,1dpu_t8,False,estimated_work_unit_count_exceeds_preregistered_bound,,,,,,,,,,,,,,,,,,,,,,,,,,,,
edc_16q,validation,d7632fb617f41defe3f35bffcb3719815db76c17f1b8af7ee2156c4ee9511433,cotengra_one_trial,20260926,False,4dpu_t8,False,estimated_work_unit_count_exceeds_preregistered_bound,,,,,,,,,,,,,,,,,,,,,,,,,,,,
edc_16q,validation,d8c4cab80d994b7144b625b271a73811dd880187a684f3815addfb2c6350eaff,cotengra_one_trial,20260934,False,1dpu_t8,False,estimated_work_unit_count_exceeds_preregistered_bound,,,,,,,,,,,,,,,,,,,,,,,,,,,,
edc_16q,validation,d8c4cab80d994b7144b625b271a73811dd880187a684f3815addfb2c6350eaff,cotengra_one_trial,20260934,False,4dpu_t8,False,estimated_work_unit_count_exceeds_preregistered_bound,,,,,,,,,,,,,,,,,,,,,,,,,,,,
edc_16q,validation,d8c8d8d0f93752e13e4e60c2bf5286e2e5ee5eb9257873ca1edbc102486884fa,cotengra_one_trial,20260911,False,1dpu_t8,False,semantic_identity_expansion_exceeds_preregistered_bound,,,,,,,,,,,,,,,,,,,,,,,,,,,,
edc_16q,validation,d8c8d8d0f93752e13e4e60c2bf5286e2e5ee5eb9257873ca1edbc102486884fa,cotengra_one_trial,20260911,False,4dpu_t8,False,semantic_identity_expansion_exceeds_preregistered_bound,,,,,,,,,,,,,,,,,,,,,,,,,,,,
edc_16q,validation,da8ce6b4dffc03eb3ee0d2ba5cce62877bcbd6d5ffb1ca48265da5450e0ac97b,cotengra_one_trial,20260952,False,1dpu_t8,True,,c4d59b620a3b9567f9e55423ae887a5676458452140171f408cbc241b5548e6d,1f3f2293f6127798e79a93f222be012c35e1242e8f5be4738b3953a508902ea4,286304.0,143152.0,4096.0,65536.0,6040.0,12,32,1253504.0,1253664.0,572608.0,1171.0,0.0,13568.0,108288,1145216,39,39,39,156,0,976,0,0.9933078126746395,1.0,2299392,4632
edc_16q,validation,da8ce6b4dffc03eb3ee0d2ba5cce62877bcbd6d5ffb1ca48265da5450e0ac97b,cotengra_one_trial,20260952,False,4dpu_t8,True,,c4d59b620a3b9567f9e55423ae887a5676458452140171f408cbc241b5548e6d,6940d0d1bf70ad94f60f6befdffbc22cac553374e9ae8716309a857d5f33f24f,286304.0,143152.0,4096.0,65536.0,6040.0,12,32,1253504.0,1253664.0,572608.0,1141.0,0.0,13568.0,108288,1145216,39,33,33,132,0,976,31,0.9933078126746395,0.9367106292612049,2299392,4632
edc_16q,validation,db5bbbb54077919627e40a3f8a75753a7f2344d2e908ee2a2108cfab9266f63c,cotengra_one_trial,20260920,False,1dpu_t8,True,,ece395a8233d8cf2bb4974686724b359ada1dcbfa5954adf1569234b806d8481,a8c9db800bbb1cf0a2086cc6dde789aa7849cefb9dff3dab4da62f0e2f960050,271168.0,135584.0,1024.0,16384.0,2256.0,10,32,1129344.0,1186688.0,542336.0,1069.0,0.0,13568.0,44672,1084672,33,33,33,132,0,904,0,0.9958844701439697,1.0,2178304,784
edc_16q,validation,db5bbbb54077919627e40a3f8a75753a7f2344d2e908ee2a2108cfab9266f63c,cotengra_one_trial,20260920,False,4dpu_t8,True,,ece395a8233d8cf2bb4974686724b359ada1dcbfa5954adf1569234b806d8481,0a37c7a790a9843c50870306671f919bd8101705d608b584f2c4bb52f57ff5ad,271168.0,135584.0,1024.0,16384.0,2256.0,10,32,1129344.0,1186688.0,542336.0,1064.0,0.0,13568.0,44672,1084672,33,32,32,128,0,904,32,0.9958844701439697,0.49168043426953034,2178304,784
edc_16q,validation,dc9fb2dfa72e1695e7d0d3d4d23898642a4bbd2fa7d616083534118a97924a68,cotengra_one_trial,20260964,False,1dpu_t8,False,estimated_work_unit_count_exceeds_preregistered_bound,,,,,,,,,,,,,,,,,,,,,,,,,,,,
edc_16q,validation,dc9fb2dfa72e1695e7d0d3d4d23898642a4bbd2fa7d616083534118a97924a68,cotengra_one_trial,20260964,False,4dpu_t8,False,estimated_work_unit_count_exceeds_preregistered_bound,,,,,,,,,,,,,,,,,,,,,,,,,,,,
edc_16q,validation,de795d32bbf09435ec8022d79b71c79aaac884de760e3ce03f2617a74d6bc0a0,cotengra_one_trial,20260940,False,1dpu_t8,True,,0beaa699bbfe95b56d17b40e7e5a39a95f204dc2fd3979c6fd0ac23240f6cdac,efaeffd3bab488e18e3362b4674526bf5d93990f7f7f6b2710c49475e7c960f9,268968.0,134484.0,1024.0,16384.0,1706.0,10,32,1111744.0,1160896.0,537936.0,1005.0,0.0,13568.0,35872,1075872,33,33,33,132,0,840,0,0.9975127152672437,1.0,2160704,600
edc_16q,validation,de795d32bbf09435ec8022d79b71c79aaac884de760e3ce03f2617a74d6bc0a0,cotengra_one_trial,20260940,False,4dpu_t8,True,,0beaa699bbfe95b56d17b40e7e5a39a95f204dc2fd3979c6fd0ac23240f6cdac,8f6fdb592b0e7d4ff8957cadb7b6ba538315c3325376a96eeab1c48ce7b291e5,268968.0,134484.0,1024.0,16384.0,1706.0,10,32,1111744.0,1160896.0,537936.0,1000.0,0.0,13568.0,35872,1075872,33,32,32,128,0,840,32,0.9975127152672437,0.49365723803575146,2160704,600
edc_16q,validation,e061f3c5fd809945b1e9a7eea7664bd8db957460f25c68676c1deab1fccbfebe,cotengra_one_trial,20260927,False,1dpu_t8,True,,7d4fe6a45b33d906caa86b9a3744a1b7cbc381cb6d9c88d5ae82104e65768444,cacc1dc1e81ff01359b408506964b2f77e8dded0021a27d72c4d7896458df965,282712.0,141356.0,4096.0,65536.0,5142.0,12,32,1224768.0,1226880.0,565424.0,1155.0,0.0,13568.0,93920,1130848,39,39,39,156,0,960,0,0.9962329154758199,1.0,2270656,750
edc_16q,validation,e061f3c5fd809945b1e9a7eea7664bd8db957460f25c68676c1deab1fccbfebe,cotengra_one_trial,20260927,False,4dpu_t8,True,,7d4fe6a45b33d906caa86b9a3744a1b7cbc381cb6d9c88d5ae82104e65768444,dc2f11671a68582217d2f4e6bf211642201134ef8effe7e9341538f3acbd3f5f,282712.0,141356.0,4096.0,65536.0,5142.0,12,32,1224768.0,1226880.0,565424.0,1125.0,0.0,13568.0,93920,1130848,39,33,33,132,0,960,31,0.9962329154758199,0.9454356376807493,2270656,750
edc_16q,validation,e0b81bb8ba585d4d2d4e82612fa63a0455a71ca2c12524a7caf991f1794d5ceb,cotengra_one_trial,20260933,False,1dpu_t8,True,,cff9ef176252f61f4f86ac9fe57009c6d743eb7157797d0ebc07d8315f7b438f,161aa1c35be0d2801c43d6cddd5b9592a6c6ccebf3ca22803c0550a5d5da81ad,272808.0,136404.0,2048.0,32768.0,2666.0,11,32,1144512.0,1177280.0,545616.0,1047.0,0.0,13568.0,53280,1091232,35,35,35,140,0,872,0,0.9975477258731416,1.0,2191424,600
edc_16q,validation,e0b81bb8ba585d4d2d4e82612fa63a0455a71ca2c12524a7caf991f1794d5ceb,cotengra_one_trial,20260933,False,4dpu_t8,True,,cff9ef176252f61f4f86ac9fe57009c6d743eb7157797d0ebc07d8315f7b438f,151aefccd607ed0a6b3c6f52c37585c34129a915840347903b756b62536a9fed,272808.0,136404.0,2048.0,32768.0,2666.0,11,32,1144512.0,1177280.0,545616.0,1032.0,0.0,13568.0,53280,1091232,35,32,32,128,0,872,31,0.9975477258731416,0.9706826779273335,2191424,600
edc_16q,validation,e408a29a3be026f7e05ccdfd574b2936528b5ea2a9a95020f3b9ad865daa99a8,cotengra_one_trial,20260956,False,1dpu_t8,True,,4e68f4ff033712b9b78db69cb5a43ad403ddf2f7f025ff383cd13360ab75ad92,c62091cab38cd9f9eb4fd46fbe1c2c7b2eee6c8a63428b9e90d99244be70bbc2,299968.0,149984.0,4096.0,65536.0,9456.0,12,32,1363104.0,1365440.0,599936.0,1501.0,0.0,13568.0,163232,1199872,41,41,41,164,0,1296,0,0.9797578408363559,1.0,2408704,133136
edc_16q,validation,e408a29a3be026f7e05ccdfd574b2936528b5ea2a9a95020f3b9ad865daa99a8,cotengra_one_trial,20260956,False,4dpu_t8,True,,4e68f4ff033712b9b78db69cb5a43ad403ddf2f7f025ff383cd13360ab75ad92,ce2addd9e306f19afd3b2ed584922c0a005178ad1b181fc46085f9a54b32d4ed,299968.0,149984.0,4096.0,65536.0,9456.0,12,32,1363104.0,1365440.0,599936.0,1461.0,0.0,13568.0,163232,1199872,41,33,33,132,0,1296,31,0.9797578408363559,0.9207915510987839,2408704,133136
edc_16q,validation,e81f2dd720ba74ea94d5aaf7255acadaa03fbd716137ddb203d9ba02f298c71a,cotengra_one_trial,20260906,False,1dpu_t8,True,,8c6f5671ac7e6313416c114968f3804dc67c63491cc0e552f0e2fb0b806da22f,d4cd1a94379e2bafd7d76ed6e75be087771d59ca2413afdcc8fad8f3f5290ff8,269032.0,134516.0,1024.0,16384.0,1722.0,10,32,1112256.0,1169760.0,538064.0,1069.0,0.0,13568.0,36128,1076128,33,33,33,132,0,904,0,0.9974984388474234,1.0,2161216,1106
edc_16q,validation,e81f2dd720ba74ea94d5aaf7255acadaa03fbd716137ddb203d9ba02f298c71a,cotengra_one_trial,20260906,False,4dpu_t8,True,,8c6f5671ac7e6313416c114968f3804dc67c63491cc0e552f0e2fb0b806da22f,d941e9611be9ff7af03631a127cd42497a8e35193dba39b943230f9f5063e688,269032.0,134516.0,1024.0,16384.0,1722.0,10,32,1112256.0,1169760.0,538064.0,1064.0,0.0,13568.0,36128,1076128,33,32,32,128,0,904,32,0.9974984388474234,0.49359927443575485,2161216,1106
edc_16q,validation,ec6bbed215389b6e8ec78a62263668f23d0f2df58356dc4ffb1a30ab5ce885fa,cotengra_one_trial,20260960,False,1dpu_t8,False,estimated_work_unit_count_exceeds_preregistered_bound,,,,,,,,,,,,,,,,,,,,,,,,,,,,
edc_16q,validation,ec6bbed215389b6e8ec78a62263668f23d0f2df58356dc4ffb1a30ab5ce885fa,cotengra_one_trial,20260960,False,4dpu_t8,False,estimated_work_unit_count_exceeds_preregistered_bound,,,,,,,,,,,,,,,,,,,,,,,,,,,,
edc_16q,validation,ed8d83aa42afca694b9473a464d814c67f42961c5c9d8bbc8d614d32bd5041fd,cotengra_one_trial,20260965,False,1dpu_t8,True,,1b438fc6808f1bf13e1b5a10bfbcc4b06bb421f7e8f476f38ca1e6534a03d0a3,f8b348e4834ec094aef66c20198a1bada98f747546a4fda95bbd18aacdb9a783,269160.0,134580.0,1024.0,16384.0,1754.0,10,32,1113280.0,1162432.0,538320.0,1005.0,0.0,13568.0,36640,1076640,33,33,33,132,0,840,0,0.9973956011294397,1.0,2162240,600
edc_16q,validation,ed8d83aa42afca694b9473a464d814c67f42961c5c9d8bbc8d614d32bd5041fd,cotengra_one_trial,20260965,False,4dpu_t8,True,,1b438fc6808f1bf13e1b5a10bfbcc4b06bb421f7e8f476f38ca1e6534a03d0a3,f4f9585825009d4a4c5c942ca141aadbd700cddd37d4b66c149cc546d20f5f7b,269160.0,134580.0,1024.0,16384.0,1754.0,10,32,1113280.0,1162432.0,538320.0,1000.0,0.0,13568.0,36640,1076640,33,32,32,128,0,840,32,0.9973956011294397,0.4934834299301531,2162240,600
edc_16q,validation,ef2565fc12598f79e4bde5134a8e2856cbf451d6c1475fdb90f1eedde27bb53b,cotengra_one_trial,20260954,False,1dpu_t8,False,estimated_work_unit_count_exceeds_preregistered_bound,,,,,,,,,,,,,,,,,,,,,,,,,,,,
edc_16q,validation,ef2565fc12598f79e4bde5134a8e2856cbf451d6c1475fdb90f1eedde27bb53b,cotengra_one_trial,20260954,False,4dpu_t8,False,estimated_work_unit_count_exceeds_preregistered_bound,,,,,,,,,,,,,,,,,,,,,,,,,,,,
edc_16q,validation,efa25f802e574203911b4686adc4531d7b700c0306a658ef714133d2ab34c1cc,cotengra_one_trial,20260944,False,1dpu_t8,True,,98bbdc213d0a67d312e4b90e9f987a4617db78f43edc6e99169ceeff0483f249,8a0836ebcdd5b60a413cd8b8266210c6e1313115574a076f85907faf99f1bff9,269672.0,134836.0,1024.0,16384.0,1882.0,10,32,1117376.0,1174720.0,539344.0,1069.0,0.0,13568.0,38688,1078688,33,33,33,132,0,904,0,0.9974005458482897,1.0,2166336,376
edc_16q,validation,efa25f802e574203911b4686adc4531d7b700c0306a658ef714133d2ab34c1cc,cotengra_one_trial,20260944,False,4dpu_t8,True,,98bbdc213d0a67d312e4b90e9f987a4617db78f43edc6e99169ceeff0483f249,11f9f884f128caa0f0c9dbb09fda41b4a6593839b9ee078168c8a2d682c2c436,269672.0,134836.0,1024.0,16384.0,1882.0,10,32,1117376.0,1174720.0,539344.0,1064.0,0.0,13568.0,38688,1078688,33,32,32,128,0,904,32,0.9974005458482897,0.4930211516212287,2166336,376
edc_16q,validation,f15be8ecc0a90af34e85fe3cc4e66326ecca69f188c3a00d9d36a4b3c3e73a18,cotengra_one_trial,20260948,False,1dpu_t8,False,estimated_work_unit_count_exceeds_preregistered_bound,,,,,,,,,,,,,,,,,,,,,,,,,,,,
edc_16q,validation,f15be8ecc0a90af34e85fe3cc4e66326ecca69f188c3a00d9d36a4b3c3e73a18,cotengra_one_trial,20260948,False,4dpu_t8,False,estimated_work_unit_count_exceeds_preregistered_bound,,,,,,,,,,,,,,,,,,,,,,,,,,,,
edc_16q,validation,f26b5f7969977521ef015332976b1d2ed46f677b4f6997b6ea6fce12d01a92a9,cotengra_one_trial,20260902,False,1dpu_t8,False,estimated_work_unit_count_exceeds_preregistered_bound,,,,,,,,,,,,,,,,,,,,,,,,,,,,
edc_16q,validation,f26b5f7969977521ef015332976b1d2ed46f677b4f6997b6ea6fce12d01a92a9,cotengra_one_trial,20260902,False,4dpu_t8,False,estimated_work_unit_count_exceeds_preregistered_bound,,,,,,,,,,,,,,,,,,,,,,,,,,,,
edc_16q,validation,f9069cb00debc3c01921bfe18b785cfb8225f1653ca44ee11a172df7e2be20ca,cotengra_one_trial,20260923,False,1dpu_t8,False,estimated_work_unit_count_exceeds_preregistered_bound,,,,,,,,,,,,,,,,,,,,,,,,,,,,
edc_16q,validation,f9069cb00debc3c01921bfe18b785cfb8225f1653ca44ee11a172df7e2be20ca,cotengra_one_trial,20260923,False,4dpu_t8,False,estimated_work_unit_count_exceeds_preregistered_bound,,,,,,,,,,,,,,,,,,,,,,,,,,,,
edc_16q,validation,f93ee6719768c3c133217ca40bfc212110d375227de001964630267d326d911b,cotengra_one_trial,20260959,False,1dpu_t8,False,estimated_work_unit_count_exceeds_preregistered_bound,,,,,,,,,,,,,,,,,,,,,,,,,,,,
edc_16q,validation,f93ee6719768c3c133217ca40bfc212110d375227de001964630267d326d911b,cotengra_one_trial,20260959,False,4dpu_t8,False,estimated_work_unit_count_exceeds_preregistered_bound,,,,,,,,,,,,,,,,,,,,,,,,,,,,
edc_16q,validation,fd5ea9007be93307292fb9291544b8f7b6517f1519a0709b1811392bf10a4d59,cotengra_one_trial,20260917,False,1dpu_t8,False,estimated_work_unit_count_exceeds_preregistered_bound,,,,,,,,,,,,,,,,,,,,,,,,,,,,
edc_16q,validation,fd5ea9007be93307292fb9291544b8f7b6517f1519a0709b1811392bf10a4d59,cotengra_one_trial,20260917,False,4dpu_t8,False,estimated_work_unit_count_exceeds_preregistered_bound,,,,,,,,,,,,,,,,,,,,,,,,,,,,
bv_18q,test,1e1c2d68f9fdc734674877fae7a19373cdf42a2429093a07c779331b665fe646,opt_einsum_greedy,,True,1dpu_t8,True,,9c0add015d4ea784c624cf5dfa32867b1937303e4361b30d1c1e0467a83560cb,d8db31d6937023dc33525cad6370a2fb716d830ac8ef9514dd1787ebb79f91b1,530712.0,265356.0,1024.0,16384.0,1758.0,10,62,4268032.0,4516416.0,1061424.0,2109.0,0.0,13568.0,45600,4222432,65,65,65,260,0,1784,0,0.9982815538371094,1.0,8455232,2420
bv_18q,test,1e1c2d68f9fdc734674877fae7a19373cdf42a2429093a07c779331b665fe646,opt_einsum_greedy,,True,4dpu_t8,True,,9c0add015d4ea784c624cf5dfa32867b1937303e4361b30d1c1e0467a83560cb,433fd35800947ae37f7ce9ae38fb05638e3cf32b00f7486b317d4b23a323aa30,530712.0,265356.0,1024.0,16384.0,1758.0,10,62,4268032.0,4516416.0,1061424.0,2094.0,0.0,13568.0,45600,4222432,65,62,62,248,0,1784,61,0.9982815538371094,0.9909216298105187,8455232,2420
bv_18q,test,0199df9a0ece4cb579a7dc7f9d44433f1f186bd8741b3fabf82346ac1c34a05f,cotengra_one_trial,20260920,False,1dpu_t8,False,semantic_identity_expansion_exceeds_preregistered_bound,,,,,,,,,,,,,,,,,,,,,,,,,,,,
bv_18q,test,0199df9a0ece4cb579a7dc7f9d44433f1f186bd8741b3fabf82346ac1c34a05f,cotengra_one_trial,20260920,False,4dpu_t8,False,semantic_identity_expansion_exceeds_preregistered_bound,,,,,,,,,,,,,,,,,,,,,,,,,,,,
bv_18q,test,0237c30aa5ad972e5d11791a887617024a5a7d06451372f08b6202c089984990,cotengra_one_trial,20260933,False,1dpu_t8,True,,136530f12e7ade6ead483a6fb5be06464990f7c8ac7fcf6dc036e0cce2a40d02,9c544070989b0c4d03d1420cba78a3129231bada714ef7e58b1d414b00a8f10a,530584.0,265292.0,1024.0,16384.0,1726.0,10,62,4267008.0,4515392.0,1061168.0,2109.0,0.0,13568.0,45088,4221920,65,65,65,260,0,1784,0,0.9988691705743106,1.0,8454208,4424
bv_18q,test,0237c30aa5ad972e5d11791a887617024a5a7d06451372f08b6202c089984990,cotengra_one_trial,20260933,False,4dpu_t8,True,,136530f12e7ade6ead483a6fb5be06464990f7c8ac7fcf6dc036e0cce2a40d02,8bebce9b51e7d05c92d8693d8cc14f5424da38dff1c86ba395132784e65d58cb,530584.0,265292.0,1024.0,16384.0,1726.0,10,62,4267008.0,4515392.0,1061168.0,2094.0,0.0,13568.0,45088,4221920,65,62,62,248,0,1784,61,0.9988691705743106,0.9911003724198242,8454208,4424
bv_18q,test,078c6f870ad26d1c6571ea9966e1a621a18efe51fdf0631696c60c4ac70b9a3d,cotengra_one_trial,20260961,False,1dpu_t8,False,semantic_identity_expansion_exceeds_preregistered_bound,,,,,,,,,,,,,,,,,,,,,,,,,,,,
bv_18q,test,078c6f870ad26d1c6571ea9966e1a621a18efe51fdf0631696c60c4ac70b9a3d,cotengra_one_trial,20260961,False,4dpu_t8,False,semantic_identity_expansion_exceeds_preregistered_bound,,,,,,,,,,,,,,,,,,,,,,,,,,,,
bv_18q,test,0e554a37e49634d48439adb54a30c7d968bbe2c10025d908c6c79232925d70cc,cotengra_one_trial,20260903,False,1dpu_t8,False,semantic_identity_expansion_exceeds_preregistered_bound,,,,,,,,,,,,,,,,,,,,,,,,,,,,
bv_18q,test,0e554a37e49634d48439adb54a30c7d968bbe2c10025d908c6c79232925d70cc,cotengra_one_trial,20260903,False,4dpu_t8,False,semantic_identity_expansion_exceeds_preregistered_bound,,,,,,,,,,,,,,,,,,,,,,,,,,,,
bv_18q,test,14f6f5f59c2dfbd032b220cdff68333208d5e813036def3f7c8a3e4410725e7a,cotengra_one_trial,20260925,False,1dpu_t8,True,,36831e013a701744084a877e76428f66aef37ed55100c35cee1f8f3590633dee,e5095fd38461555020fc1778d4b0ccc843fc43948f7fe95f88697ddd566b449e,530776.0,265388.0,1024.0,16384.0,1780.0,10,62,4268736.0,4517312.0,1061552.0,2109.0,0.0,13568.0,45952,4222784,65,65,65,260,0,1784,0,0.9987734939032662,1.0,8455936,2484
bv_18q,test,14f6f5f59c2dfbd032b220cdff68333208d5e813036def3f7c8a3e4410725e7a,cotengra_one_trial,20260925,False,4dpu_t8,True,,36831e013a701744084a877e76428f66aef37ed55100c35cee1f8f3590633dee,1de04e19e067a81978d5566a6192c120405e82ac03a4a125d75dea1142c3d200,530776.0,265388.0,1024.0,16384.0,1780.0,10,62,4268736.0,4517312.0,1061552.0,2094.0,0.0,13568.0,45952,4222784,65,62,62,248,0,1784,61,0.9987734939032662,0.9908322908345517,8455936,2484
bv_18q,test,16ecb41a31cac6bfa4429afd9be208bc6c71b8cbe38bc77b94d5f84681afdb56,cotengra_one_trial,20260937,False,1dpu_t8,False,semantic_identity_expansion_exceeds_preregistered_bound,,,,,,,,,,,,,,,,,,,,,,,,,,,,
bv_18q,test,16ecb41a31cac6bfa4429afd9be208bc6c71b8cbe38bc77b94d5f84681afdb56,cotengra_one_trial,20260937,False,4dpu_t8,False,semantic_identity_expansion_exceeds_preregistered_bound,,,,,,,,,,,,,,,,,,,,,,,,,,,,
bv_18q,test,1866ef56581c30666658d0cc2ff5fae1dbe859df5f5c24b8af96834a191bdf65,cotengra_one_trial,20260928,False,1dpu_t8,True,,86783f07c352bb84160fc2ddc2a29f77a374d94b66a181a5026c69c413e7231c,24869f5f3122c65b77b11646e3a4bf1f8269798f57bc686c4d25e0a528099098,530584.0,265292.0,1024.0,16384.0,1726.0,10,62,4267008.0,4515392.0,1061168.0,2109.0,0.0,13568.0,45088,4221920,65,65,65,260,0,1784,0,0.9988691705743106,1.0,8454208,2384
bv_18q,test,1866ef56581c30666658d0cc2ff5fae1dbe859df5f5c24b8af96834a191bdf65,cotengra_one_trial,20260928,False,4dpu_t8,True,,86783f07c352bb84160fc2ddc2a29f77a374d94b66a181a5026c69c413e7231c,624cb1906a673a9d317ccb3866cc0eeb5be4ba029a4496c714458ddd2ff3fa28,530584.0,265292.0,1024.0,16384.0,1726.0,10,62,4267008.0,4515392.0,1061168.0,2094.0,0.0,13568.0,45088,4221920,65,62,62,248,0,1784,61,0.9988691705743106,0.9911003724198242,8454208,2384
bv_18q,test,1e0032ed82b9578d3b80c2d5390ce9625fd8dafc0757d78c4c7043675f138173,cotengra_one_trial,20260951,False,1dpu_t8,True,,6d6c3f896e0769d961535d7d1a7bb0ff86e9207a2afc11e56d27a7a56de2bea7,f3b101635e6447934c040ce255c6517cc6f7082a9ab81b6b82d894d6cfe72a0f,530776.0,265388.0,1024.0,16384.0,1774.0,10,62,4268544.0,4516928.0,1061552.0,2109.0,0.0,13568.0,45856,4222688,65,65,65,260,0,1784,0,0.9988092905481785,1.0,8455744,2384
bv_18q,test,1e0032ed82b9578d3b80c2d5390ce9625fd8dafc0757d78c4c7043675f138173,cotengra_one_trial,20260951,False,4dpu_t8,True,,6d6c3f896e0769d961535d7d1a7bb0ff86e9207a2afc11e56d27a7a56de2bea7,4f668a2c4da75ec53a1fdf527451696d0ea8eae4b9574f6814c6b26bd807e706,530776.0,265388.0,1024.0,16384.0,1774.0,10,62,4268544.0,4516928.0,1061552.0,2094.0,0.0,13568.0,45856,4222688,65,62,62,248,0,1784,61,0.9988092905481785,0.9908322908345517,8455744,2384
bv_18q,test,20112b1badf33155a3a7ce3fe5b629ef621142eb8030387bc149f58e63daa186,cotengra_one_trial,20260919,False,1dpu_t8,False,semantic_identity_expansion_exceeds_preregistered_bound,,,,,,,,,,,,,,,,,,,,,,,,,,,,
bv_18q,test,20112b1badf33155a3a7ce3fe5b629ef621142eb8030387bc149f58e63daa186,cotengra_one_trial,20260919,False,4dpu_t8,False,semantic_identity_expansion_exceeds_preregistered_bound,,,,,,,,,,,,,,,,,,,,,,,,,,,,
bv_18q,test,21669d0f90929870f4222e0ff7b3468796befbc81cba4ccef6c856fbc5d8bd21,cotengra_one_trial,20260923,False,1dpu_t8,False,semantic_identity_expansion_exceeds_preregistered_bound,,,,,,,,,,,,,,,,,,,,,,,,,,,,
bv_18q,test,21669d0f90929870f4222e0ff7b3468796befbc81cba4ccef6c856fbc5d8bd21,cotengra_one_trial,20260923,False,4dpu_t8,False,semantic_identity_expansion_exceeds_preregistered_bound,,,,,,,,,,,,,,,,,,,,,,,,,,,,
bv_18q,test,24611906996f9dd194207097b93f5ca444d821a782222804cc5418721a7d106e,cotengra_one_trial,20260952,False,1dpu_t8,True,,45be2691afbd37df56b3e51f3c7aedf46a4006d1309b0156b09799a5c3a7ce87,411f351c211f85bd2f7a8aad24b12aa0a05e0dd0c68a7448527bbf4a57a50e82,536320.0,268160.0,1024.0,16384.0,3160.0,10,62,4312896.0,4559328.0,1072640.0,2133.0,0.0,13568.0,68032,4244864,65,65,65,260,0,1808,0,0.9938917064439141,1.0,8500096,263582
bv_18q,test,24611906996f9dd194207097b93f5ca444d821a782222804cc5418721a7d106e,cotengra_one_trial,20260952,False,4dpu_t8,True,,45be2691afbd37df56b3e51f3c7aedf46a4006d1309b0156b09799a5c3a7ce87,a03bab889e60be664453c2eeb5a52e44a017f077a37b2befb21ae599cce9c612,536320.0,268160.0,1024.0,16384.0,3160.0,10,62,4312896.0,4559328.0,1072640.0,2118.0,0.0,13568.0,68032,4244864,65,62,62,248,0,1808,61,0.9938917064439141,0.9831742243436754,8500096,263582
bv_18q,test,2f259204112b6dc356c6dc723ee0bd5a9ddd433b0d495d2ae1697286f19927a0,cotengra_one_trial,20260953,False,1dpu_t8,False,semantic_identity_expansion_exceeds_preregistered_bound,,,,,,,,,,,,,,,,,,,,,,,,,,,,
bv_18q,test,2f259204112b6dc356c6dc723ee0bd5a9ddd433b0d495d2ae1697286f19927a0,cotengra_one_trial,20260953,False,4dpu_t8,False,semantic_identity_expansion_exceeds_preregistered_bound,,,,,,,,,,,,,,,,,,,,,,,,,,,,
bv_18q,test,3a9dd64bf965777a817a117b267278d76eba430aadc30be64146cb13fe1f9889,cotengra_one_trial,20260913,False,1dpu_t8,False,semantic_identity_expansion_exceeds_preregistered_bound,,,,,,,,,,,,,,,,,,,,,,,,,,,,
bv_18q,test,3a9dd64bf965777a817a117b267278d76eba430aadc30be64146cb13fe1f9889,cotengra_one_trial,20260913,False,4dpu_t8,False,semantic_identity_expansion_exceeds_preregistered_bound,,,,,,,,,,,,,,,,,,,,,,,,,,,,
bv_18q,test,3ad86f76930695ee0c94424b1ae75ea0db617bff4cba0e42594a565562152165,cotengra_one_trial,20260930,False,1dpu_t8,False,semantic_identity_expansion_exceeds_preregistered_bound,,,,,,,,,,,,,,,,,,,,,,,,,,,,
bv_18q,test,3ad86f76930695ee0c94424b1ae75ea0db617bff4cba0e42594a565562152165,cotengra_one_trial,20260930,False,4dpu_t8,False,semantic_identity_expansion_exceeds_preregistered_bound,,,,,,,,,,,,,,,,,,,,,,,,,,,,
bv_18q,test,3ad94968e1f596c24a1cbbe8d14ce4f0e3cf8a492a26601c2c92c84914ab429a,cotengra_one_trial,20260942,False,1dpu_t8,False,semantic_identity_expansion_exceeds_preregistered_bound,,,,,,,,,,,,,,,,,,,,,,,,,,,,
bv_18q,test,3ad94968e1f596c24a1cbbe8d14ce4f0e3cf8a492a26601c2c92c84914ab429a,cotengra_one_trial,20260942,False,4dpu_t8,False,semantic_identity_expansion_exceeds_preregistered_bound,,,,,,,,,,,,,,,,,,,,,,,,,,,,
bv_18q,test,3d0098c4bcd7df976f73ed7cd2add2897eb1dba6c2dd57a7363794016de62bea,cotengra_one_trial,20260958,False,1dpu_t8,False,semantic_identity_expansion_exceeds_preregistered_bound,,,,,,,,,,,,,,,,,,,,,,,,,,,,
bv_18q,test,3d0098c4bcd7df976f73ed7cd2add2897eb1dba6c2dd57a7363794016de62bea,cotengra_one_trial,20260958,False,4dpu_t8,False,semantic_identity_expansion_exceeds_preregistered_bound,,,,,,,,,,,,,,,,,,,,,,,,,,,,
bv_18q,test,44d389acd54567b65df998c528a0a26094afaa74fac50a06486778df30b149c8,cotengra_one_trial,20260954,False,1dpu_t8,False,semantic_identity_expansion_exceeds_preregistered_bound,,,,,,,,,,,,,,,,,,,,,,,,,,,,
bv_18q,test,44d389acd54567b65df998c528a0a26094afaa74fac50a06486778df30b149c8,cotengra_one_trial,20260954,False,4dpu_t8,False,semantic_identity_expansion_exceeds_preregistered_bound,,,,,,,,,,,,,,,,,,,,,,,,,,,,
bv_18q,test,4c388abca4732921a4daf7793396a5289b3a367baf333dff76076b957a108f10,cotengra_one_trial,20260918,False,1dpu_t8,False,semantic_identity_expansion_exceeds_preregistered_bound,,,,,,,,,,,,,,,,,,,,,,,,,,,,
bv_18q,test,4c388abca4732921a4daf7793396a5289b3a367baf333dff76076b957a108f10,cotengra_one_trial,20260918,False,4dpu_t8,False,semantic_identity_expansion_exceeds_preregistered_bound,,,,,,,,,,,,,,,,,,,,,,,,,,,,
bv_18q,test,54a7d79009286f2c208003e91fa14f2ea71dda5a54d1e9f021d5d8b0cb14dfed,cotengra_one_trial,20260955,False,1dpu_t8,False,semantic_identity_expansion_exceeds_preregistered_bound,,,,,,,,,,,,,,,,,,,,,,,,,,,,
bv_18q,test,54a7d79009286f2c208003e91fa14f2ea71dda5a54d1e9f021d5d8b0cb14dfed,cotengra_one_trial,20260955,False,4dpu_t8,False,semantic_identity_expansion_exceeds_preregistered_bound,,,,,,,,,,,,,,,,,,,,,,,,,,,,
bv_18q,test,5a616f16a95c498182310d37719e8c96fd28c8851ae35de88fb2ada03da7e411,cotengra_one_trial,20260960,False,1dpu_t8,False,semantic_identity_expansion_exceeds_preregistered_bound,,,,,,,,,,,,,,,,,,,,,,,,,,,,
bv_18q,test,5a616f16a95c498182310d37719e8c96fd28c8851ae35de88fb2ada03da7e411,cotengra_one_trial,20260960,False,4dpu_t8,False,semantic_identity_expansion_exceeds_preregistered_bound,,,,,,,,,,,,,,,,,,,,,,,,,,,,
bv_18q,test,5ca3dc50a74ac03d87849bfb23ff5a4747fdc5454f158fb4e8f66825fecd78f6,cotengra_one_trial,20260924,False,1dpu_t8,False,semantic_identity_expansion_exceeds_preregistered_bound,,,,,,,,,,,,,,,,,,,,,,,,,,,,
bv_18q,test,5ca3dc50a74ac03d87849bfb23ff5a4747fdc5454f158fb4e8f66825fecd78f6,cotengra_one_trial,20260924,False,4dpu_t8,False,semantic_identity_expansion_exceeds_preregistered_bound,,,,,,,,,,,,,,,,,,,,,,,,,,,,
bv_18q,test,60d634d22fa483ae8eeeda4d44d7e665acd4d3ca06ff58b6a42f3be0c2e18531,cotengra_one_trial,20260943,False,1dpu_t8,True,,61771f715adbbf0a2aa2d09b8bee6bbb87bec3e9f7c96fc29b1545ae3880f179,79f51d7c54358d56b4408768d8657cd23e5811f68d7ee808ca0f5e503493fb97,536064.0,268032.0,1024.0,16384.0,3096.0,10,62,4310848.0,4557312.0,1072128.0,2133.0,0.0,13568.0,67008,4243840,65,65,65,260,0,1808,0,0.9959034742120344,1.0,8498048,66002
bv_18q,test,60d634d22fa483ae8eeeda4d44d7e665acd4d3ca06ff58b6a42f3be0c2e18531,cotengra_one_trial,20260943,False,4dpu_t8,True,,61771f715adbbf0a2aa2d09b8bee6bbb87bec3e9f7c96fc29b1545ae3880f179,73590e570045957ad0ee48742b09dbee811f8c6742ceb56e509aa18423b71968,536064.0,268032.0,1024.0,16384.0,3096.0,10,62,4310848.0,4557312.0,1072128.0,2118.0,0.0,13568.0,67008,4243840,65,62,62,248,0,1808,61,0.9959034742120344,0.9835243553008596,8498048,66002
bv_18q,test,61410e5c05e9d5573f619724f1fd9d5c1e11ee7e3814cf01de80aa431a0dd265,cotengra_one_trial,20260939,False,1dpu_t8,False,semantic_identity_expansion_exceeds_preregistered_bound,,,,,,,,,,,,,,,,,,,,,,,,,,,,
bv_18q,test,61410e5c05e9d5573f619724f1fd9d5c1e11ee7e3814cf01de80aa431a0dd265,cotengra_one_trial,20260939,False,4dpu_t8,False,semantic_identity_expansion_exceeds_preregistered_bound,,,,,,,,,,,,,,,,,,,,,,,,,,,,
bv_18q,test,6653e8c990b53fc9e7a4c97fe51330f36e8a20b5a605f76b790e738a280f60b7,cotengra_one_trial,20260922,False,1dpu_t8,False,semantic_identity_expansion_exceeds_preregistered_bound,,,,,,,,,,,,,,,,,,,,,,,,,,,,
bv_18q,test,6653e8c990b53fc9e7a4c97fe51330f36e8a20b5a605f76b790e738a280f60b7,cotengra_one_trial,20260922,False,4dpu_t8,False,semantic_identity_expansion_exceeds_preregistered_bound,,,,,,,,,,,,,,,,,,,,,,,,,,,,
bv_18q,test,695a5c14e2b68e6df8ae439f691cb9e1bd8a2f0da60075cde15367fbff1ff705,cotengra_one_trial,20260927,False,1dpu_t8,True,,0ab9d9e8b89451b21832ba84c1a3065a90a9cb7e60c44c270fc44d3c06a95236,977b92ff991201b6e21c64d05658188d611a4105a0e7dae7dc0c2f2dfcd0c87b,531960.0,265980.0,1024.0,16384.0,2070.0,10,62,4278016.0,4525920.0,1063920.0,2109.0,0.0,13568.0,50592,4227424,65,65,65,260,0,1784,0,0.9984735694413114,1.0,8465216,4598
bv_18q,test,695a5c14e2b68e6df8ae439f691cb9e1bd8a2f0da60075cde15367fbff1ff705,cotengra_one_trial,20260927,False,4dpu_t8,True,,0ab9d9e8b89451b21832ba84c1a3065a90a9cb7e60c44c270fc44d3c06a95236,4460c09950eab935524331656e5f5b89ed6ce027522180d2486aa1726141148e,531960.0,265980.0,1024.0,16384.0,2070.0,10,62,4278016.0,4525920.0,1063920.0,2094.0,0.0,13568.0,50592,4227424,65,62,62,248,0,1784,61,0.9984735694413114,0.9891833972479134,8465216,4598
bv_18q,test,6bf11e429694acc85cac99db6550b308ec7584dc014ca50297e9c7e3dbb5b131,cotengra_one_trial,20260950,False,1dpu_t8,False,semantic_identity_expansion_exceeds_preregistered_bound,,,,,,,,,,,,,,,,,,,,,,,,,,,,
bv_18q,test,6bf11e429694acc85cac99db6550b308ec7584dc014ca50297e9c7e3dbb5b131,cotengra_one_trial,20260950,False,4dpu_t8,False,semantic_identity_expansion_exceeds_preregistered_bound,,,,,,,,,,,,,,,,,,,,,,,,,,,,
bv_18q,test,6e4eaa027e3843bc9e7b7435eafe9dfba749b10ea9249582eeebda248176ac65,cotengra_one_trial,20260909,False,1dpu_t8,False,semantic_identity_expansion_exceeds_preregistered_bound,,,,,,,,,,,,,,,,,,,,,,,,,,,,
bv_18q,test,6e4eaa027e3843bc9e7b7435eafe9dfba749b10ea9249582eeebda248176ac65,cotengra_one_trial,20260909,False,4dpu_t8,False,semantic_identity_expansion_exceeds_preregistered_bound,,,,,,,,,,,,,,,,,,,,,,,,,,,,
bv_18q,test,7412e09ce2a24c77d1d7847618d04b45e2564bf4964a8338fadc1103b08eb922,cotengra_one_trial,20260907,False,1dpu_t8,False,semantic_identity_expansion_exceeds_preregistered_bound,,,,,,,,,,,,,,,,,,,,,,,,,,,,
bv_18q,test,7412e09ce2a24c77d1d7847618d04b45e2564bf4964a8338fadc1103b08eb922,cotengra_one_trial,20260907,False,4dpu_t8,False,semantic_identity_expansion_exceeds_preregistered_bound,,,,,,,,,,,,,,,,,,,,,,,,,,,,
bv_18q,test,79ccf76152942a4466fd138893d1f4729ca5f024762c85d3c8c14fe9adb4b279,cotengra_one_trial,20260926,False,1dpu_t8,False,semantic_identity_expansion_exceeds_preregistered_bound,,,,,,,,,,,,,,,,,,,,,,,,,,,,
bv_18q,test,79ccf76152942a4466fd138893d1f4729ca5f024762c85d3c8c14fe9adb4b279,cotengra_one_trial,20260926,False,4dpu_t8,False,semantic_identity_expansion_exceeds_preregistered_bound,,,,,,,,,,,,,,,,,,,,,,,,,,,,
bv_18q,test,839269b46cf9a6e340c01b7347e990db9806d59c21d76b73339ec256de4b2f42,cotengra_one_trial,20260929,False,1dpu_t8,True,,4bbef1167ebd6ea445962ac12ca1cb7d67f2a9cf6507ea4ed16a179db8a27785,eabda8e12c79b9eeffd6c028d98a592b9ed022ae1121793cddcf84b7a802acf2,559520.0,279760.0,2048.0,32768.0,8960.0,11,62,4498976.0,4748832.0,1119040.0,2901.0,0.0,13568.0,161312,4337664,73,73,73,292,0,2536,0,0.9749642550757792,1.0,8685696,524536
bv_18q,test,839269b46cf9a6e340c01b7347e990db9806d59c21d76b73339ec256de4b2f42,cotengra_one_trial,20260929,False,4dpu_t8,True,,4bbef1167ebd6ea445962ac12ca1cb7d67f2a9cf6507ea4ed16a179db8a27785,9451eccc3d7d56a8c31feec08fb78ae8a8fc9b579d9e21b927fb0a1246f0da2e,559520.0,279760.0,2048.0,32768.0,8960.0,11,62,4498976.0,4748832.0,1119040.0,2846.0,0.0,13568.0,161312,4337664,73,62,62,248,0,2536,59,0.9749642550757792,0.9747354875607663,8685696,524536
bv_18q,test,8810972ef55a92ac257ed2295f7e3218a57f2f8e99c1af6c1eebe37cc5ee2620,cotengra_one_trial,20260949,False,1dpu_t8,False,semantic_identity_expansion_exceeds_preregistered_bound,,,,,,,,,,,,,,,,,,,,,,,,,,,,
bv_18q,test,8810972ef55a92ac257ed2295f7e3218a57f2f8e99c1af6c1eebe37cc5ee2620,cotengra_one_trial,20260949,False,4dpu_t8,False,semantic_identity_expansion_exceeds_preregistered_bound,,,,,,,,,,,,,,,,,,,,,,,,,,,,
bv_18q,test,89357daf8f24f95b288a4d343cc41af0be48882f7bb06174e88a884f087d3a66,cotengra_one_trial,20260963,False,1dpu_t8,False,semantic_identity_expansion_exceeds_preregistered_bound,,,,,,,,,,,,,,,,,,,,,,,,,,,,
bv_18q,test,89357daf8f24f95b288a4d343cc41af0be48882f7bb06174e88a884f087d3a66,cotengra_one_trial,20260963,False,4dpu_t8,False,semantic_identity_expansion_exceeds_preregistered_bound,,,,,,,,,,,,,,,,,,,,,,,,,,,,
bv_18q,test,8bfd7711cb126f17f3bfea4fc11ba88e89ea04d36c9170ec4453cbb2dc1d5caf,cotengra_one_trial,20260916,False,1dpu_t8,False,semantic_identity_expansion_exceeds_preregistered_bound,,,,,,,,,,,,,,,,,,,,,,,,,,,,
bv_18q,test,8bfd7711cb126f17f3bfea4fc11ba88e89ea04d36c9170ec4453cbb2dc1d5caf,cotengra_one_trial,20260916,False,4dpu_t8,False,semantic_identity_expansion_exceeds_preregistered_bound,,,,,,,,,,,,,,,,,,,,,,,,,,,,
bv_18q,test,8ed4ec378bc03cce2275835fca478c5e801ed20c39fe5c21f36cfb90e6c46ab3,cotengra_one_trial,20260936,False,1dpu_t8,True,,07694c1f82724c0e5138a003ae313fe194294e2b4ffbdce46b19f5b333003dc3,0e89c145d018fd3d06cccda623a2a59747e4c3a454ba2c47574341d7aca5cdfd,530616.0,265308.0,1024.0,16384.0,1734.0,10,62,4267264.0,4515392.0,1061232.0,2109.0,0.0,13568.0,45216,4222048,65,65,65,260,0,1784,0,0.9988240083224026,1.0,8454464,2380
bv_18q,test,8ed4ec378bc03cce2275835fca478c5e801ed20c39fe5c21f36cfb90e6c46ab3,cotengra_one_trial,20260936,False,4dpu_t8,True,,07694c1f82724c0e5138a003ae313fe194294e2b4ffbdce46b19f5b333003dc3,1fd8562d2adee76d53251d96b14867f7ac48e528858a09544624fcb8db244c8b,530616.0,265308.0,1024.0,16384.0,1734.0,10,62,4267264.0,4515392.0,1061232.0,2094.0,0.0,13568.0,45216,4222048,65,62,62,248,0,1784,61,0.9988240083224026,0.9910556786828894,8454464,2380
bv_18q,test,90140537a655f29d427dbc6c555676f8f1228f4ff7f110a868735ddd7b6b8dd0,cotengra_one_trial,20260944,False,1dpu_t8,True,,91227299ceec3a4c65c86df62825633716c8551e12d870b7e1a654b1e5022db6,2bdafef5fbec6216cef02c14eeb470a94a297e6081197ebe360b8fc2282e6dca,531104.0,265552.0,1024.0,16384.0,1856.0,10,62,4271168.0,4518304.0,1062208.0,2109.0,0.0,13568.0,47168,4224000,65,65,65,260,0,1784,0,0.9983449569199253,1.0,8458368,836
bv_18q,test,90140537a655f29d427dbc6c555676f8f1228f4ff7f110a868735ddd7b6b8dd0,cotengra_one_trial,20260944,False,4dpu_t8,True,,91227299ceec3a4c65c86df62825633716c8551e12d870b7e1a654b1e5022db6,2aa70a91d3da0003879b13485f0c46363c4aa2d7a5b5a4b9ed59ebc526c17d19,531104.0,265552.0,1024.0,16384.0,1856.0,10,62,4271168.0,4518304.0,1062208.0,2094.0,0.0,13568.0,47168,4224000,65,62,62,248,0,1784,61,0.9983449569199253,0.9903747665240706,8458368,836
bv_18q,test,91c45a489c6a437ff54882b9878c39aa69a50a9a43b14009f1d3a8e1e1da4f32,cotengra_one_trial,20260917,False,1dpu_t8,False,semantic_identity_expansion_exceeds_preregistered_bound,,,,,,,,,,,,,,,,,,,,,,,,,,,,
bv_18q,test,91c45a489c6a437ff54882b9878c39aa69a50a9a43b14009f1d3a8e1e1da4f32,cotengra_one_trial,20260917,False,4dpu_t8,False,semantic_identity_expansion_exceeds_preregistered_bound,,,,,,,,,,,,,,,,,,,,,,,,,,,,
bv_18q,test,947f4aa08324cd63f9996386b6e5cb49045d48fb2935327aaa97c8a425411438,cotengra_one_trial,20260946,False,1dpu_t8,True,,705ba56e6d80a6467da8563c84c7881d191d53fe98c90e138c8dc6cf3bdbca0a,757eb51b1a2ccbdfcedf5d3edbeaae88d0dd7a4c6a021bcf69972985666ad139,532928.0,266464.0,1024.0,16384.0,2312.0,10,62,4285760.0,4532032.0,1065856.0,2109.0,0.0,13568.0,54464,4231296,65,65,65,260,0,1784,0,0.9964047676233938,1.0,8472960,10770
bv_18q,test,947f4aa08324cd63f9996386b6e5cb49045d48fb2935327aaa97c8a425411438,cotengra_one_trial,20260946,False,4dpu_t8,True,,705ba56e6d80a6467da8563c84c7881d191d53fe98c90e138c8dc6cf3bdbca0a,ac0c8a060ed4048102c653ef17954f406c2ffe56ed1aafb1c7a663fb374bbfbc,532928.0,266464.0,1024.0,16384.0,2312.0,10,62,4285760.0,4532032.0,1065856.0,2094.0,0.0,13568.0,54464,4231296,65,62,62,248,0,1784,61,0.9964047676233938,0.9878407589768223,8472960,10770
bv_18q,test,97f62e2c4233e9f9fc782d7b451367dfe7bcf054033be6bc80077acab69ca9d2,cotengra_one_trial,20260915,False,1dpu_t8,True,,b1ccbb7723132623c17b4e1bec199d98ba9334cf34bfe47d0be1c9857c842054,90244c7b86217395b01eb75a3dc1b860b4bc5179d0c3fc4ac5f16abc9da0511e,532208.0,266104.0,1024.0,16384.0,2132.0,10,62,4280000.0,4526272.0,1064416.0,2109.0,0.0,13568.0,51584,4228416,65,65,65,260,0,1784,0,0.9969748669693053,1.0,8467200,5596
bv_18q,test,97f62e2c4233e9f9fc782d7b451367dfe7bcf054033be6bc80077acab69ca9d2,cotengra_one_trial,20260915,False,4dpu_t8,True,,b1ccbb7723132623c17b4e1bec199d98ba9334cf34bfe47d0be1c9857c842054,cd80eea7836a2b994dd47ef293c8e8f70f14af8775f3dd4e332cf1f4b8ff1ef7,532208.0,266104.0,1024.0,16384.0,2132.0,10,62,4280000.0,4526272.0,1064416.0,2094.0,0.0,13568.0,51584,4228416,65,62,62,248,0,1784,61,0.9969748669693053,0.9888389501848901,8467200,5596
bv_18q,test,a22d197f810d1ae79aaa8c556188f4aaf82082be0bded3d34ae2e340abf98de5,cotengra_one_trial,20260902,False,1dpu_t8,False,semantic_identity_expansion_exceeds_preregistered_bound,,,,,,,,,,,,,,,,,,,,,,,,,,,,
bv_18q,test,a22d197f810d1ae79aaa8c556188f4aaf82082be0bded3d34ae2e340abf98de5,cotengra_one_trial,20260902,False,4dpu_t8,False,semantic_identity_expansion_exceeds_preregistered_bound,,,,,,,,,,,,,,,,,,,,,,,,,,,,
bv_18q,test,a4024aece21c5357e37a4deda4ee05d6979baa81e55cacfd67589d7fd90a8e5c,cotengra_one_trial,20260940,False,1dpu_t8,True,,2a55694fba2d3e35de60f107410c3283370143158b4fd96ea73d520d4432f51e,9f578fc6eec4e657118917eb5b270a7e991b94a4a868774fac2bea92868cebc4,530776.0,265388.0,1024.0,16384.0,1774.0,10,62,4268544.0,4516928.0,1061552.0,2109.0,0.0,13568.0,45856,4222688,65,65,65,260,0,1784,0,0.9989298687205149,1.0,8455744,2428
bv_18q,test,a4024aece21c5357e37a4deda4ee05d6979baa81e55cacfd67589d7fd90a8e5c,cotengra_one_trial,20260940,False,4dpu_t8,True,,2a55694fba2d3e35de60f107410c3283370143158b4fd96ea73d520d4432f51e,9fffe70660e8e38a9a1230f98f48c22f58c62c505e36dce510d59906fdd0327b,530776.0,265388.0,1024.0,16384.0,1774.0,10,62,4268544.0,4516928.0,1061552.0,2094.0,0.0,13568.0,45856,4222688,65,62,62,248,0,1784,61,0.9989298687205149,0.9908322908345517,8455744,2428
bv_18q,test,a4a5724f0801118a0c27bbdd259365d582a0ed4dd0af19d0a038e1c5c8e1054b,cotengra_one_trial,20260906,False,1dpu_t8,True,,f748d248c25592fc9c9c87fe67f9ae0e6842c3ffa207c1bb3875bfb509290926,266b66348af499dc66b19e3592563e7f22b77e6be8e6e977ed387d2ba8410d2a,530776.0,265388.0,1024.0,16384.0,1774.0,10,62,4268544.0,4516928.0,1061552.0,2109.0,0.0,13568.0,45856,4222688,65,65,65,260,0,1784,0,0.9989298687205149,1.0,8455744,2428
bv_18q,test,a4a5724f0801118a0c27bbdd259365d582a0ed4dd0af19d0a038e1c5c8e1054b,cotengra_one_trial,20260906,False,4dpu_t8,True,,f748d248c25592fc9c9c87fe67f9ae0e6842c3ffa207c1bb3875bfb509290926,499de2f5d66fc25b94d515886d6e225c9d595846750eb10d8afbc16a93852dbb,530776.0,265388.0,1024.0,16384.0,1774.0,10,62,4268544.0,4516928.0,1061552.0,2094.0,0.0,13568.0,45856,4222688,65,62,62,248,0,1784,61,0.9989298687205149,0.9908322908345517,8455744,2428
bv_18q,test,a6eb02d4450e151df45970906397b9c584efd670ef46df54c0810b723e50bc11,cotengra_one_trial,20260932,False,1dpu_t8,True,,5ebbb57aff5f51b6bbd4cf25eed0bcc2485ff79c102e0cd61051e7346d6fdf83,a91f7d544d978ff68b9ed7e4f7d22d5c33db446513e29bec47ef3d601f0b2a4b,537056.0,268528.0,1024.0,16384.0,3344.0,10,62,4318784.0,4565504.0,1074112.0,2165.0,0.0,13568.0,70976,4247808,65,65,65,260,0,1840,0,0.9947268068879223,1.0,8505984,33494
bv_18q,test,a6eb02d4450e151df45970906397b9c584efd670ef46df54c0810b723e50bc11,cotengra_one_trial,20260932,False,4dpu_t8,True,,5ebbb57aff5f51b6bbd4cf25eed0bcc2485ff79c102e0cd61051e7346d6fdf83,542654a745af18f093b5e499ec1781d0a87ac9569e60d3a28de296ef2cbcbfd4,537056.0,268528.0,1024.0,16384.0,3344.0,10,62,4318784.0,4565504.0,1074112.0,2150.0,0.0,13568.0,70976,4247808,65,62,62,248,0,1840,61,0.9947268068879223,0.982169457188822,8505984,33494
bv_18q,test,aca63d24533f0ae6c8be3b4ac5b26cecfdf1da12e785d868c4bbd1edf2ad3cdc,cotengra_one_trial,20260935,False,1dpu_t8,False,semantic_identity_expansion_exceeds_preregistered_bound,,,,,,,,,,,,,,,,,,,,,,,,,,,,
bv_18q,test,aca63d24533f0ae6c8be3b4ac5b26cecfdf1da12e785d868c4bbd1edf2ad3cdc,cotengra_one_trial,20260935,False,4dpu_t8,False,semantic_identity_expansion_exceeds_preregistered_bound,,,,,,,,,,,,,,,,,,,,,,,,,,,,
bv_18q,test,b58a3e239bde5a8678fc0981685af634401344e26ad701f4f6d5f0fd4279d5e9,cotengra_one_trial,20260959,False,1dpu_t8,False,semantic_identity_expansion_exceeds_preregistered_bound,,,,,,,,,,,,,,,,,,,,,,,,,,,,
bv_18q,test,b58a3e239bde5a8678fc0981685af634401344e26ad701f4f6d5f0fd4279d5e9,cotengra_one_trial,20260959,False,4dpu_t8,False,semantic_identity_expansion_exceeds_preregistered_bound,,,,,,,,,,,,,,,,,,,,,,,,,,,,
bv_18q,test,b6ac446dcfe8e4e6ff6c89f619b7217afecf2a49bb253b5a0dd568291c8e4e49,cotengra_one_trial,20260905,False,1dpu_t8,True,,f7dfdc6d9edcdb0b7f24b9b9f606b461debd15da3aebee15eb05fa6a55f9e01e,777da3b979027139aef984dae279728be1ae543d55c3194e6220e322c0d5b159,531552.0,265776.0,1024.0,16384.0,1968.0,10,62,4274752.0,4521024.0,1063104.0,2109.0,0.0,13568.0,48960,4225792,65,65,65,260,0,1784,0,0.9975769068689423,1.0,8461952,16694
bv_18q,test,b6ac446dcfe8e4e6ff6c89f619b7217afecf2a49bb253b5a0dd568291c8e4e49,cotengra_one_trial,20260905,False,4dpu_t8,True,,f7dfdc6d9edcdb0b7f24b9b9f606b461debd15da3aebee15eb05fa6a55f9e01e,de013bf9d4f2a6aca7f5931c07f175a71c33ef8d6018d8eb7445a214f6ec9735,531552.0,265776.0,1024.0,16384.0,1968.0,10,62,4274752.0,4521024.0,1063104.0,2094.0,0.0,13568.0,48960,4225792,65,62,62,248,0,1784,61,0.9975769068689423,0.9897507675636626,8461952,16694
bv_18q,test,b8600e6cca9a2b5320397ed53b45a2dcff7d445388f659e554e4e11fa606bd1c,cotengra_one_trial,20260912,False,1dpu_t8,True,,c493516f089dedf50b6978af7c88700271647bea163c6f5c4e93e4e39201f441,075b3901ef040b4e682a2eab4af189b86b2ffaa10f45a696e48d0a77212e3b04,531352.0,265676.0,1024.0,16384.0,1918.0,10,62,4273152.0,4521536.0,1062704.0,2109.0,0.0,13568.0,48160,4224992,65,65,65,260,0,1784,0,0.9988708050407263,1.0,8460352,2440
bv_18q,test,b8600e6cca9a2b5320397ed53b45a2dcff7d445388f659e554e4e11fa606bd1c,cotengra_one_trial,20260912,False,4dpu_t8,True,,c493516f089dedf50b6978af7c88700271647bea163c6f5c4e93e4e39201f441,a8638c3c6df29b97206461b5d53ab8f1fece6e1d90026fb6a42ffe8538b5ab87,531352.0,265676.0,1024.0,16384.0,1918.0,10,62,4273152.0,4521536.0,1062704.0,2094.0,0.0,13568.0,48160,4224992,65,62,62,248,0,1784,61,0.9988708050407263,0.9900292085096132,8460352,2440
bv_18q,test,ba65c9afecc5a5c1789d0a920f229b0def0600ea56cf73c0612b552beff3a76d,cotengra_one_trial,20260911,False,1dpu_t8,False,semantic_identity_expansion_exceeds_preregistered_bound,,,,,,,,,,,,,,,,,,,,,,,,,,,,
bv_18q,test,ba65c9afecc5a5c1789d0a920f229b0def0600ea56cf73c0612b552beff3a76d,cotengra_one_trial,20260911,False,4dpu_t8,False,semantic_identity_expansion_exceeds_preregistered_bound,,,,,,,,,,,,,,,,,,,,,,,,,,,,
bv_18q,test,bb1e07aa0dd043c189b0bf8a47c62560888dec972c7dbc7bb67b41d99e10d953,cotengra_one_trial,20260910,False,1dpu_t8,False,semantic_identity_expansion_exceeds_preregistered_bound,,,,,,,,,,,,,,,,,,,,,,,,,,,,
bv_18q,test,bb1e07aa0dd043c189b0bf8a47c62560888dec972c7dbc7bb67b41d99e10d953,cotengra_one_trial,20260910,False,4dpu_t8,False,semantic_identity_expansion_exceeds_preregistered_bound,,,,,,,,,,,,,,,,,,,,,,,,,,,,
bv_18q,test,c345b18bba5d14da3384c63c7df7e79da8cda31f2cf676b105c0af1134988e6b,cotengra_one_trial,20260947,False,1dpu_t8,True,,c73d73baebbee75b60ccf45f8239ae13d571b2daf03555ca16693e4085062194,77a195d762e3d4fbbf14b39c16625ea296a8773b9ce108fa801ee0ff68dfce22,534144.0,267072.0,1024.0,16384.0,2616.0,10,62,4295488.0,4541920.0,1068288.0,2141.0,0.0,13568.0,59328,4236160,65,65,65,260,0,1816,0,0.9957539539899353,1.0,8482688,33094
bv_18q,test,c345b18bba5d14da3384c63c7df7e79da8cda31f2cf676b105c0af1134988e6b,cotengra_one_trial,20260947,False,4dpu_t8,True,,c73d73baebbee75b60ccf45f8239ae13d571b2daf03555ca16693e4085062194,c1731dc7d6faef6c8314bfbc664f0ee93784b76685d6af2aa97cfd15f967a28e,534144.0,267072.0,1024.0,16384.0,2616.0,10,62,4295488.0,4541920.0,1068288.0,2126.0,0.0,13568.0,59328,4236160,65,62,62,248,0,1816,61,0.9957539539899353,0.9861610352264558,8482688,33094
bv_18q,test,c36571c936924a66edc9967fa53549b6e59e673c885d3a4887d8122b704cbd40,cotengra_one_trial,20260938,False,1dpu_t8,True,,99dd345c80d0d751059ff636cebf09dd6961f835d15e23a08ac6d2979262577a,c602cb8133910e2e33377f56cd600001840493162a7b82f1dc91f04eb84c0e51,535424.0,267712.0,1024.0,16384.0,2936.0,10,62,4305728.0,4552576.0,1070848.0,2125.0,0.0,13568.0,64448,4241280,65,65,65,260,0,1800,0,0.9936106711690175,1.0,8492928,526620
bv_18q,test,c36571c936924a66edc9967fa53549b6e59e673c885d3a4887d8122b704cbd40,cotengra_one_trial,20260938,False,4dpu_t8,True,,99dd345c80d0d751059ff636cebf09dd6961f835d15e23a08ac6d2979262577a,38dad90922dd2ff2692a87ce2146d84476fe92aeb98f0e401ee92bdd2e3e7e0b,535424.0,267712.0,1024.0,16384.0,2936.0,10,62,4305728.0,4552576.0,1070848.0,2110.0,0.0,13568.0,64448,4241280,65,62,62,248,0,1800,61,0.9936106711690175,0.984401147501793,8492928,526620
bv_18q,test,c3939c02533980629e579ab9e6f32160c60e3b3dbf4827d173a27e0c8046f149,cotengra_one_trial,20260956,False,1dpu_t8,False,semantic_identity_expansion_exceeds_preregistered_bound,,,,,,,,,,,,,,,,,,,,,,,,,,,,
bv_18q,test,c3939c02533980629e579ab9e6f32160c60e3b3dbf4827d173a27e0c8046f149,cotengra_one_trial,20260956,False,4dpu_t8,False,semantic_identity_expansion_exceeds_preregistered_bound,,,,,,,,,,,,,,,,,,,,,,,,,,,,
bv_18q,test,cda646a6d18bd784dc370ec76a7f772cb2875f2aac26b6e2381eaf1960c9a3ea,cotengra_one_trial,20260965,False,1dpu_t8,True,,5e5b8f6b8bca80fef0c9758be73d82e758b3d17677619f7d5f50eaa69f0884c3,64d6b4fbdea6ea888355d47b9de69d62bfb62db9056c0358ce371215a86f6be5,530584.0,265292.0,1024.0,16384.0,1726.0,10,62,4267008.0,4515392.0,1061168.0,2109.0,0.0,13568.0,45088,4221920,65,65,65,260,0,1784,0,0.9988691705743106,1.0,8454208,2380
bv_18q,test,cda646a6d18bd784dc370ec76a7f772cb2875f2aac26b6e2381eaf1960c9a3ea,cotengra_one_trial,20260965,False,4dpu_t8,True,,5e5b8f6b8bca80fef0c9758be73d82e758b3d17677619f7d5f50eaa69f0884c3,d70ef9e6fdebf207e2c4b69bc5792b32d1ad0a1d57dcedbeaf01d3b1032aa813,530584.0,265292.0,1024.0,16384.0,1726.0,10,62,4267008.0,4515392.0,1061168.0,2094.0,0.0,13568.0,45088,4221920,65,62,62,248,0,1784,61,0.9988691705743106,0.9911003724198242,8454208,2380
bv_18q,test,ce9dab2bbcbd7d5924d3e5099fb0f37c10aa52867034dd2d29e9659b05c49535,cotengra_one_trial,20260964,False,1dpu_t8,False,semantic_identity_expansion_exceeds_preregistered_bound,,,,,,,,,,,,,,,,,,,,,,,,,,,,
bv_18q,test,ce9dab2bbcbd7d5924d3e5099fb0f37c10aa52867034dd2d29e9659b05c49535,cotengra_one_trial,20260964,False,4dpu_t8,False,semantic_identity_expansion_exceeds_preregistered_bound,,,,,,,,,,,,,,,,,,,,,,,,,,,,
bv_18q,test,d07ad3b78e7e8c0f5e50d96f658dda9dc4418da9b66e84e8aea37d922383eff2,cotengra_one_trial,20260934,False,1dpu_t8,False,semantic_identity_expansion_exceeds_preregistered_bound,,,,,,,,,,,,,,,,,,,,,,,,,,,,
bv_18q,test,d07ad3b78e7e8c0f5e50d96f658dda9dc4418da9b66e84e8aea37d922383eff2,cotengra_one_trial,20260934,False,4dpu_t8,False,semantic_identity_expansion_exceeds_preregistered_bound,,,,,,,,,,,,,,,,,,,,,,,,,,,,
bv_18q,test,d3023628ec65e3f2e273eb1ff9ac7c6fa83dbf6e6e8e0fabae311e97d7dda8e1,cotengra_one_trial,20260921,False,1dpu_t8,True,,86abe21ed2805c79c7fcbf3eadef4fe67fbfbd5a60acfea28fe12b24e4f2b6bf,2833c05d94fec5c481f97111be14bb6026fc416b2a2deb499057b4ec32beb058,530776.0,265388.0,1024.0,16384.0,1774.0,10,62,4268544.0,4516928.0,1061552.0,2109.0,0.0,13568.0,45856,4222688,65,65,65,260,0,1784,0,0.9988092905481785,1.0,8455744,1424
bv_18q,test,d3023628ec65e3f2e273eb1ff9ac7c6fa83dbf6e6e8e0fabae311e97d7dda8e1,cotengra_one_trial,20260921,False,4dpu_t8,True,,86abe21ed2805c79c7fcbf3eadef4fe67fbfbd5a60acfea28fe12b24e4f2b6bf,7bc391fad8d27bd6883a21a106496ce0c87560f434f3b9b3c612110b65672689,530776.0,265388.0,1024.0,16384.0,1774.0,10,62,4268544.0,4516928.0,1061552.0,2094.0,0.0,13568.0,45856,4222688,65,62,62,248,0,1784,61,0.9988092905481785,0.9908322908345517,8455744,1424
bv_18q,test,d48f6e024795b53f6253e65305438f87f02573ad503a790b42c4ab2b8b8c9020,cotengra_one_trial,20260948,False,1dpu_t8,False,semantic_identity_expansion_exceeds_preregistered_bound,,,,,,,,,,,,,,,,,,,,,,,,,,,,
bv_18q,test,d48f6e024795b53f6253e65305438f87f02573ad503a790b42c4ab2b8b8c9020,cotengra_one_trial,20260948,False,4dpu_t8,False,semantic_identity_expansion_exceeds_preregistered_bound,,,,,,,,,,,,,,,,,,,,,,,,,,,,
bv_18q,test,d7b611ffaeec1cb553ab059a501448690173e3aa0b1d243c19f6bf8c483dd739,cotengra_one_trial,20260957,False,1dpu_t8,True,,cd200d741d11522b0d153774092468360622ce2e6ba4a0cea8f24a896612f60a,7b0119f573156b8a8a9080182dca6412b594e263a44df914b772a145a98a7b41,530776.0,265388.0,1024.0,16384.0,1774.0,10,62,4268544.0,4516928.0,1061552.0,2109.0,0.0,13568.0,45856,4222688,65,65,65,260,0,1784,0,0.9989298687205149,1.0,8455744,2400
bv_18q,test,d7b611ffaeec1cb553ab059a501448690173e3aa0b1d243c19f6bf8c483dd739,cotengra_one_trial,20260957,False,4dpu_t8,True,,cd200d741d11522b0d153774092468360622ce2e6ba4a0cea8f24a896612f60a,a4eb577bdc8556d4203691a6475e62f00110e3eae669f1de1ee6aefb762e1368,530776.0,265388.0,1024.0,16384.0,1774.0,10,62,4268544.0,4516928.0,1061552.0,2094.0,0.0,13568.0,45856,4222688,65,62,62,248,0,1784,61,0.9989298687205149,0.9908322908345517,8455744,2400
bv_18q,test,e34e84c1999e1aadc47a91597c5a27124689a6686316478b9b4a52c798f582d0,cotengra_one_trial,20260908,False,1dpu_t8,True,,e8f0f49b89f898842903214290fa679ebf4b62dfcd05586001a72fa1c636888e,5d8ced5643c91dd962b3b23ef4ce27db785e334b481436073fcf7e449aafd734,530968.0,265484.0,1024.0,16384.0,1822.0,10,62,4270080.0,4517696.0,1061936.0,2109.0,0.0,13568.0,46624,4223456,65,65,65,260,0,1784,0,0.9985856021455154,1.0,8457280,8504
bv_18q,test,e34e84c1999e1aadc47a91597c5a27124689a6686316478b9b4a52c798f582d0,cotengra_one_trial,20260908,False,4dpu_t8,True,,e8f0f49b89f898842903214290fa679ebf4b62dfcd05586001a72fa1c636888e,a96d5614214eb4f7243808801a7b9e9f0b1fca8e667446a9ce340582f0605ebb,530968.0,265484.0,1024.0,16384.0,1822.0,10,62,4270080.0,4517696.0,1061936.0,2094.0,0.0,13568.0,46624,4223456,65,62,62,248,0,1784,61,0.9985856021455154,0.9905644031278721,8457280,8504
bv_18q,test,e62bd781eda20a0e643448b087e98d52f4bb37f99b11eec3203097f575403bc8,cotengra_one_trial,20260941,False,1dpu_t8,False,semantic_identity_expansion_exceeds_preregistered_bound,,,,,,,,,,,,,,,,,,,,,,,,,,,,
bv_18q,test,e62bd781eda20a0e643448b087e98d52f4bb37f99b11eec3203097f575403bc8,cotengra_one_trial,20260941,False,4dpu_t8,False,semantic_identity_expansion_exceeds_preregistered_bound,,,,,,,,,,,,,,,,,,,,,,,,,,,,
bv_18q,test,e78cf667635f511d0dbccd655f07959c457e2bc3be9b9d374ed2b81f3279a8c6,cotengra_one_trial,20260931,False,1dpu_t8,True,,20f76754a1b1df9bd2f225612bbba9d62dd03833cfdcc998ea4a33e806c5ec6a,6dfc4365d57025bf9f6dae10e8cf84a62d4a55d633004bd840e89fc05a89863b,531352.0,265676.0,1024.0,16384.0,1918.0,10,62,4273152.0,4521536.0,1062704.0,2109.0,0.0,13568.0,48160,4224992,65,65,65,260,0,1784,0,0.9988708050407263,1.0,8460352,1420
bv_18q,test,e78cf667635f511d0dbccd655f07959c457e2bc3be9b9d374ed2b81f3279a8c6,cotengra_one_trial,20260931,False,4dpu_t8,True,,20f76754a1b1df9bd2f225612bbba9d62dd03833cfdcc998ea4a33e806c5ec6a,882dac0f1f495e89d82930dbc87d1e8a454ab46adb7298000899beace6954433,531352.0,265676.0,1024.0,16384.0,1918.0,10,62,4273152.0,4521536.0,1062704.0,2094.0,0.0,13568.0,48160,4224992,65,62,62,248,0,1784,61,0.9988708050407263,0.9900292085096132,8460352,1420
bv_18q,test,ed0e0f80fa54d26890a4af3b56871c7b9114772d41381bf3e45391ed9056190e,cotengra_one_trial,20260945,False,1dpu_t8,False,semantic_identity_expansion_exceeds_preregistered_bound,,,,,,,,,,,,,,,,,,,,,,,,,,,,
bv_18q,test,ed0e0f80fa54d26890a4af3b56871c7b9114772d41381bf3e45391ed9056190e,cotengra_one_trial,20260945,False,4dpu_t8,False,semantic_identity_expansion_exceeds_preregistered_bound,,,,,,,,,,,,,,,,,,,,,,,,,,,,
bv_18q,test,f10a214bb325a02b971456ec3430f7432c5198d4108f0cf09c0edc60ea048c84,cotengra_one_trial,20260904,False,1dpu_t8,False,semantic_identity_expansion_exceeds_preregistered_bound,,,,,,,,,,,,,,,,,,,,,,,,,,,,
bv_18q,test,f10a214bb325a02b971456ec3430f7432c5198d4108f0cf09c0edc60ea048c84,cotengra_one_trial,20260904,False,4dpu_t8,False,semantic_identity_expansion_exceeds_preregistered_bound,,,,,,,,,,,,,,,,,,,,,,,,,,,,
bv_18q,test,f542b893043ebb2116ee94df7aa1837e837658ba02f5abd2b83e9d0dd4eeae54,cotengra_one_trial,20260914,False,1dpu_t8,True,,5d076c9e0b169ecf0253ace12b3f8022a79f624e3c40e39319bdecac340f45a7,e673380dfc902c0f28c2d06af93aade887eddcab5fb7ae327533e4ab3993fad7,531872.0,265936.0,1024.0,16384.0,2048.0,10,62,4277312.0,4523584.0,1063744.0,2109.0,0.0,13568.0,50240,4227072,65,65,65,260,0,1784,0,0.997450514409482,1.0,8464512,2814
bv_18q,test,f542b893043ebb2116ee94df7aa1837e837658ba02f5abd2b83e9d0dd4eeae54,cotengra_one_trial,20260914,False,4dpu_t8,True,,5d076c9e0b169ecf0253ace12b3f8022a79f624e3c40e39319bdecac340f45a7,b8213abbeecf391088641543e3d14629e32dae3d95fd61359588d45d08f526eb,531872.0,265936.0,1024.0,16384.0,2048.0,10,62,4277312.0,4523584.0,1063744.0,2094.0,0.0,13568.0,50240,4227072,65,62,62,248,0,1784,61,0.997450514409482,0.9893056976114554,8464512,2814
bv_18q,test,fd50c05da0aad33e1d0533c43a1e8c82b04dd6c98907ea81565e14ad4fa683d5,cotengra_one_trial,20260962,False,1dpu_t8,False,semantic_identity_expansion_exceeds_preregistered_bound,,,,,,,,,,,,,,,,,,,,,,,,,,,,
bv_18q,test,fd50c05da0aad33e1d0533c43a1e8c82b04dd6c98907ea81565e14ad4fa683d5,cotengra_one_trial,20260962,False,4dpu_t8,False,semantic_identity_expansion_exceeds_preregistered_bound,,,,,,,,,,,,,,,,,,,,,,,,,,,,
