resample_index,profile_index,geometric_mean_speedup,minimum_cell_speedup,improved_cell_count,movement_weight,compute_weight,coordination_weight,B_host_dpu_weight,B_mram_wram_weight,I_dpu_weight,N_sync_weight,E_num_weight,P_wram_weight,selected_path_ids_json
0,9,2.2433609008024678,1.0,7,0.5414741851996391,0.45232358896253566,0.006202225837825213,0.27073709259981954,0.27073709259981954,0.45232358896253566,0.006202225837825213,0.0,0.0,"{""edc_18q:1dpu_t8"":""cf23b184355b080f3bead1d9d754a3c2c295746793109413aedfff30da27b94e"",""edc_18q:4dpu_t8"":""cf23b184355b080f3bead1d9d754a3c2c295746793109413aedfff30da27b94e"",""ghz_chain_18q:1dpu_t8"":""9f9e62a16e205e4bd5eb1d1b8f62cade3177ef00fa9bd4dc15c899a41b00d3d0"",""ghz_chain_18q:4dpu_t8"":""9f9e62a16e205e4bd5eb1d1b8f62cade3177ef00fa9bd4dc15c899a41b00d3d0"",""hs_18q_d1:1dpu_t8"":""bf83ea123bc85b30f3c7f1f8a0de47c8366352fc37c099890eab75c8cba62cb8"",""hs_18q_d1:4dpu_t8"":""0f172b4535a71fb59dd5d4f406df828c33333cda1113d1c71db08b5d0e989d1e"",""quantization_stress_18q_l2:1dpu_t8"":""e56fd025e7fdf900c75302bb6e7212f78d89deef09b236732a001e9f5c5001c1"",""quantization_stress_18q_l2:4dpu_t8"":""e56fd025e7fdf900c75302bb6e7212f78d89deef09b236732a001e9f5c5001c1""}"
1,4,2.2549794119331104,1.0,7,0.22063680206282787,0.7768451800394555,0.002518017897716659,0.11031840103141394,0.11031840103141394,0.7768451800394555,0.002518017897716659,0.0,0.0,"{""edc_18q:1dpu_t8"":""cf23b184355b080f3bead1d9d754a3c2c295746793109413aedfff30da27b94e"",""edc_18q:4dpu_t8"":""cf23b184355b080f3bead1d9d754a3c2c295746793109413aedfff30da27b94e"",""ghz_chain_18q:1dpu_t8"":""9f9e62a16e205e4bd5eb1d1b8f62cade3177ef00fa9bd4dc15c899a41b00d3d0"",""ghz_chain_18q:4dpu_t8"":""9f9e62a16e205e4bd5eb1d1b8f62cade3177ef00fa9bd4dc15c899a41b00d3d0"",""hs_18q_d1:1dpu_t8"":""bf83ea123bc85b30f3c7f1f8a0de47c8366352fc37c099890eab75c8cba62cb8"",""hs_18q_d1:4dpu_t8"":""0f172b4535a71fb59dd5d4f406df828c33333cda1113d1c71db08b5d0e989d1e"",""quantization_stress_18q_l2:1dpu_t8"":""9d1e1ae9a325d84cef97b0fd9beffa9d4b3d783f00a4e38f6fce3a17114d3abb"",""quantization_stress_18q_l2:4dpu_t8"":""9d1e1ae9a325d84cef97b0fd9beffa9d4b3d783f00a4e38f6fce3a17114d3abb""}"
2,10,2.2334159717719464,1.0,6,0.47630996810097936,0.518889877536195,0.004800154362825642,0.23815498405048968,0.23815498405048968,0.518889877536195,0.004800154362825642,0.0,0.0,"{""edc_18q:1dpu_t8"":""cf23b184355b080f3bead1d9d754a3c2c295746793109413aedfff30da27b94e"",""edc_18q:4dpu_t8"":""cf23b184355b080f3bead1d9d754a3c2c295746793109413aedfff30da27b94e"",""ghz_chain_18q:1dpu_t8"":""9f9e62a16e205e4bd5eb1d1b8f62cade3177ef00fa9bd4dc15c899a41b00d3d0"",""ghz_chain_18q:4dpu_t8"":""9f9e62a16e205e4bd5eb1d1b8f62cade3177ef00fa9bd4dc15c899a41b00d3d0"",""hs_18q_d1:1dpu_t8"":""bf83ea123bc85b30f3c7f1f8a0de47c8366352fc37c099890eab75c8cba62cb8"",""hs_18q_d1:4dpu_t8"":""bf83ea123bc85b30f3c7f1f8a0de47c8366352fc37c099890eab75c8cba62cb8"",""quantization_stress_18q_l2:1dpu_t8"":""e56fd025e7fdf900c75302bb6e7212f78d89deef09b236732a001e9f5c5001c1"",""quantization_stress_18q_l2:4dpu_t8"":""e56fd025e7fdf900c75302bb6e7212f78d89deef09b236732a001e9f5c5001c1""}"
3,10,2.2345005189757265,1.0,6,0.47630996810097936,0.518889877536195,0.004800154362825642,0.23815498405048968,0.23815498405048968,0.518889877536195,0.004800154362825642,0.0,0.0,"{""edc_18q:1dpu_t8"":""cf23b184355b080f3bead1d9d754a3c2c295746793109413aedfff30da27b94e"",""edc_18q:4dpu_t8"":""cf23b184355b080f3bead1d9d754a3c2c295746793109413aedfff30da27b94e"",""ghz_chain_18q:1dpu_t8"":""9f9e62a16e205e4bd5eb1d1b8f62cade3177ef00fa9bd4dc15c899a41b00d3d0"",""ghz_chain_18q:4dpu_t8"":""9f9e62a16e205e4bd5eb1d1b8f62cade3177ef00fa9bd4dc15c899a41b00d3d0"",""hs_18q_d1:1dpu_t8"":""bf83ea123bc85b30f3c7f1f8a0de47c8366352fc37c099890eab75c8cba62cb8"",""hs_18q_d1:4dpu_t8"":""bf83ea123bc85b30f3c7f1f8a0de47c8366352fc37c099890eab75c8cba62cb8"",""quantization_stress_18q_l2:1dpu_t8"":""e56fd025e7fdf900c75302bb6e7212f78d89deef09b236732a001e9f5c5001c1"",""quantization_stress_18q_l2:4dpu_t8"":""e56fd025e7fdf900c75302bb6e7212f78d89deef09b236732a001e9f5c5001c1""}"
4,5,2.2241697095097837,1.0,6,0.024368166273412584,0.9754242110524387,0.00020762267414873057,0.012184083136706292,0.012184083136706292,0.9754242110524387,0.00020762267414873057,0.0,0.0,"{""edc_18q:1dpu_t8"":""cf23b184355b080f3bead1d9d754a3c2c295746793109413aedfff30da27b94e"",""edc_18q:4dpu_t8"":""cf23b184355b080f3bead1d9d754a3c2c295746793109413aedfff30da27b94e"",""ghz_chain_18q:1dpu_t8"":""9f9e62a16e205e4bd5eb1d1b8f62cade3177ef00fa9bd4dc15c899a41b00d3d0"",""ghz_chain_18q:4dpu_t8"":""9f9e62a16e205e4bd5eb1d1b8f62cade3177ef00fa9bd4dc15c899a41b00d3d0"",""hs_18q_d1:1dpu_t8"":""bf83ea123bc85b30f3c7f1f8a0de47c8366352fc37c099890eab75c8cba62cb8"",""hs_18q_d1:4dpu_t8"":""bf83ea123bc85b30f3c7f1f8a0de47c8366352fc37c099890eab75c8cba62cb8"",""quantization_stress_18q_l2:1dpu_t8"":""9d1e1ae9a325d84cef97b0fd9beffa9d4b3d783f00a4e38f6fce3a17114d3abb"",""quantization_stress_18q_l2:4dpu_t8"":""9d1e1ae9a325d84cef97b0fd9beffa9d4b3d783f00a4e38f6fce3a17114d3abb""}"
5,5,2.2389208698684344,1.0,6,0.024368166273412584,0.9754242110524387,0.00020762267414873057,0.012184083136706292,0.012184083136706292,0.9754242110524387,0.00020762267414873057,0.0,0.0,"{""edc_18q:1dpu_t8"":""cf23b184355b080f3bead1d9d754a3c2c295746793109413aedfff30da27b94e"",""edc_18q:4dpu_t8"":""cf23b184355b080f3bead1d9d754a3c2c295746793109413aedfff30da27b94e"",""ghz_chain_18q:1dpu_t8"":""9f9e62a16e205e4bd5eb1d1b8f62cade3177ef00fa9bd4dc15c899a41b00d3d0"",""ghz_chain_18q:4dpu_t8"":""9f9e62a16e205e4bd5eb1d1b8f62cade3177ef00fa9bd4dc15c899a41b00d3d0"",""hs_18q_d1:1dpu_t8"":""bf83ea123bc85b30f3c7f1f8a0de47c8366352fc37c099890eab75c8cba62cb8"",""hs_18q_d1:4dpu_t8"":""bf83ea123bc85b30f3c7f1f8a0de47c8366352fc37c099890eab75c8cba62cb8"",""quantization_stress_18q_l2:1dpu_t8"":""9d1e1ae9a325d84cef97b0fd9beffa9d4b3d783f00a4e38f6fce3a17114d3abb"",""quantization_stress_18q_l2:4dpu_t8"":""9d1e1ae9a325d84cef97b0fd9beffa9d4b3d783f00a4e38f6fce3a17114d3abb""}"
6,10,2.2369773094053556,1.0,6,0.47630996810097936,0.518889877536195,0.004800154362825642,0.23815498405048968,0.23815498405048968,0.518889877536195,0.004800154362825642,0.0,0.0,"{""edc_18q:1dpu_t8"":""cf23b184355b080f3bead1d9d754a3c2c295746793109413aedfff30da27b94e"",""edc_18q:4dpu_t8"":""cf23b184355b080f3bead1d9d754a3c2c295746793109413aedfff30da27b94e"",""ghz_chain_18q:1dpu_t8"":""9f9e62a16e205e4bd5eb1d1b8f62cade3177ef00fa9bd4dc15c899a41b00d3d0"",""ghz_chain_18q:4dpu_t8"":""9f9e62a16e205e4bd5eb1d1b8f62cade3177ef00fa9bd4dc15c899a41b00d3d0"",""hs_18q_d1:1dpu_t8"":""bf83ea123bc85b30f3c7f1f8a0de47c8366352fc37c099890eab75c8cba62cb8"",""hs_18q_d1:4dpu_t8"":""bf83ea123bc85b30f3c7f1f8a0de47c8366352fc37c099890eab75c8cba62cb8"",""quantization_stress_18q_l2:1dpu_t8"":""e56fd025e7fdf900c75302bb6e7212f78d89deef09b236732a001e9f5c5001c1"",""quantization_stress_18q_l2:4dpu_t8"":""e56fd025e7fdf900c75302bb6e7212f78d89deef09b236732a001e9f5c5001c1""}"
7,4,2.2502419085980607,1.0,7,0.22063680206282787,0.7768451800394555,0.002518017897716659,0.11031840103141394,0.11031840103141394,0.7768451800394555,0.002518017897716659,0.0,0.0,"{""edc_18q:1dpu_t8"":""cf23b184355b080f3bead1d9d754a3c2c295746793109413aedfff30da27b94e"",""edc_18q:4dpu_t8"":""cf23b184355b080f3bead1d9d754a3c2c295746793109413aedfff30da27b94e"",""ghz_chain_18q:1dpu_t8"":""9f9e62a16e205e4bd5eb1d1b8f62cade3177ef00fa9bd4dc15c899a41b00d3d0"",""ghz_chain_18q:4dpu_t8"":""9f9e62a16e205e4bd5eb1d1b8f62cade3177ef00fa9bd4dc15c899a41b00d3d0"",""hs_18q_d1:1dpu_t8"":""bf83ea123bc85b30f3c7f1f8a0de47c8366352fc37c099890eab75c8cba62cb8"",""hs_18q_d1:4dpu_t8"":""0f172b4535a71fb59dd5d4f406df828c33333cda1113d1c71db08b5d0e989d1e"",""quantization_stress_18q_l2:1dpu_t8"":""9d1e1ae9a325d84cef97b0fd9beffa9d4b3d783f00a4e38f6fce3a17114d3abb"",""quantization_stress_18q_l2:4dpu_t8"":""9d1e1ae9a325d84cef97b0fd9beffa9d4b3d783f00a4e38f6fce3a17114d3abb""}"
8,5,2.246369316287916,1.0,6,0.024368166273412584,0.9754242110524387,0.00020762267414873057,0.012184083136706292,0.012184083136706292,0.9754242110524387,0.00020762267414873057,0.0,0.0,"{""edc_18q:1dpu_t8"":""cf23b184355b080f3bead1d9d754a3c2c295746793109413aedfff30da27b94e"",""edc_18q:4dpu_t8"":""cf23b184355b080f3bead1d9d754a3c2c295746793109413aedfff30da27b94e"",""ghz_chain_18q:1dpu_t8"":""9f9e62a16e205e4bd5eb1d1b8f62cade3177ef00fa9bd4dc15c899a41b00d3d0"",""ghz_chain_18q:4dpu_t8"":""9f9e62a16e205e4bd5eb1d1b8f62cade3177ef00fa9bd4dc15c899a41b00d3d0"",""hs_18q_d1:1dpu_t8"":""bf83ea123bc85b30f3c7f1f8a0de47c8366352fc37c099890eab75c8cba62cb8"",""hs_18q_d1:4dpu_t8"":""bf83ea123bc85b30f3c7f1f8a0de47c8366352fc37c099890eab75c8cba62cb8"",""quantization_stress_18q_l2:1dpu_t8"":""9d1e1ae9a325d84cef97b0fd9beffa9d4b3d783f00a4e38f6fce3a17114d3abb"",""quantization_stress_18q_l2:4dpu_t8"":""9d1e1ae9a325d84cef97b0fd9beffa9d4b3d783f00a4e38f6fce3a17114d3abb""}"
9,10,2.2226499645752837,1.0,6,0.47630996810097936,0.518889877536195,0.004800154362825642,0.23815498405048968,0.23815498405048968,0.518889877536195,0.004800154362825642,0.0,0.0,"{""edc_18q:1dpu_t8"":""cf23b184355b080f3bead1d9d754a3c2c295746793109413aedfff30da27b94e"",""edc_18q:4dpu_t8"":""cf23b184355b080f3bead1d9d754a3c2c295746793109413aedfff30da27b94e"",""ghz_chain_18q:1dpu_t8"":""9f9e62a16e205e4bd5eb1d1b8f62cade3177ef00fa9bd4dc15c899a41b00d3d0"",""ghz_chain_18q:4dpu_t8"":""9f9e62a16e205e4bd5eb1d1b8f62cade3177ef00fa9bd4dc15c899a41b00d3d0"",""hs_18q_d1:1dpu_t8"":""bf83ea123bc85b30f3c7f1f8a0de47c8366352fc37c099890eab75c8cba62cb8"",""hs_18q_d1:4dpu_t8"":""bf83ea123bc85b30f3c7f1f8a0de47c8366352fc37c099890eab75c8cba62cb8"",""quantization_stress_18q_l2:1dpu_t8"":""e56fd025e7fdf900c75302bb6e7212f78d89deef09b236732a001e9f5c5001c1"",""quantization_stress_18q_l2:4dpu_t8"":""e56fd025e7fdf900c75302bb6e7212f78d89deef09b236732a001e9f5c5001c1""}"
10,10,2.2329465044019625,1.0,6,0.47630996810097936,0.518889877536195,0.004800154362825642,0.23815498405048968,0.23815498405048968,0.518889877536195,0.004800154362825642,0.0,0.0,"{""edc_18q:1dpu_t8"":""cf23b184355b080f3bead1d9d754a3c2c295746793109413aedfff30da27b94e"",""edc_18q:4dpu_t8"":""cf23b184355b080f3bead1d9d754a3c2c295746793109413aedfff30da27b94e"",""ghz_chain_18q:1dpu_t8"":""9f9e62a16e205e4bd5eb1d1b8f62cade3177ef00fa9bd4dc15c899a41b00d3d0"",""ghz_chain_18q:4dpu_t8"":""9f9e62a16e205e4bd5eb1d1b8f62cade3177ef00fa9bd4dc15c899a41b00d3d0"",""hs_18q_d1:1dpu_t8"":""bf83ea123bc85b30f3c7f1f8a0de47c8366352fc37c099890eab75c8cba62cb8"",""hs_18q_d1:4dpu_t8"":""bf83ea123bc85b30f3c7f1f8a0de47c8366352fc37c099890eab75c8cba62cb8"",""quantization_stress_18q_l2:1dpu_t8"":""e56fd025e7fdf900c75302bb6e7212f78d89deef09b236732a001e9f5c5001c1"",""quantization_stress_18q_l2:4dpu_t8"":""e56fd025e7fdf900c75302bb6e7212f78d89deef09b236732a001e9f5c5001c1""}"
11,10,2.246497163934047,1.0,6,0.47630996810097936,0.518889877536195,0.004800154362825642,0.23815498405048968,0.23815498405048968,0.518889877536195,0.004800154362825642,0.0,0.0,"{""edc_18q:1dpu_t8"":""cf23b184355b080f3bead1d9d754a3c2c295746793109413aedfff30da27b94e"",""edc_18q:4dpu_t8"":""cf23b184355b080f3bead1d9d754a3c2c295746793109413aedfff30da27b94e"",""ghz_chain_18q:1dpu_t8"":""9f9e62a16e205e4bd5eb1d1b8f62cade3177ef00fa9bd4dc15c899a41b00d3d0"",""ghz_chain_18q:4dpu_t8"":""9f9e62a16e205e4bd5eb1d1b8f62cade3177ef00fa9bd4dc15c899a41b00d3d0"",""hs_18q_d1:1dpu_t8"":""bf83ea123bc85b30f3c7f1f8a0de47c8366352fc37c099890eab75c8cba62cb8"",""hs_18q_d1:4dpu_t8"":""bf83ea123bc85b30f3c7f1f8a0de47c8366352fc37c099890eab75c8cba62cb8"",""quantization_stress_18q_l2:1dpu_t8"":""e56fd025e7fdf900c75302bb6e7212f78d89deef09b236732a001e9f5c5001c1"",""quantization_stress_18q_l2:4dpu_t8"":""e56fd025e7fdf900c75302bb6e7212f78d89deef09b236732a001e9f5c5001c1""}"
12,10,2.245506724909185,1.0,6,0.47630996810097936,0.518889877536195,0.004800154362825642,0.23815498405048968,0.23815498405048968,0.518889877536195,0.004800154362825642,0.0,0.0,"{""edc_18q:1dpu_t8"":""cf23b184355b080f3bead1d9d754a3c2c295746793109413aedfff30da27b94e"",""edc_18q:4dpu_t8"":""cf23b184355b080f3bead1d9d754a3c2c295746793109413aedfff30da27b94e"",""ghz_chain_18q:1dpu_t8"":""9f9e62a16e205e4bd5eb1d1b8f62cade3177ef00fa9bd4dc15c899a41b00d3d0"",""ghz_chain_18q:4dpu_t8"":""9f9e62a16e205e4bd5eb1d1b8f62cade3177ef00fa9bd4dc15c899a41b00d3d0"",""hs_18q_d1:1dpu_t8"":""bf83ea123bc85b30f3c7f1f8a0de47c8366352fc37c099890eab75c8cba62cb8"",""hs_18q_d1:4dpu_t8"":""bf83ea123bc85b30f3c7f1f8a0de47c8366352fc37c099890eab75c8cba62cb8"",""quantization_stress_18q_l2:1dpu_t8"":""e56fd025e7fdf900c75302bb6e7212f78d89deef09b236732a001e9f5c5001c1"",""quantization_stress_18q_l2:4dpu_t8"":""e56fd025e7fdf900c75302bb6e7212f78d89deef09b236732a001e9f5c5001c1""}"
13,10,2.237600811038011,1.0,6,0.47630996810097936,0.518889877536195,0.004800154362825642,0.23815498405048968,0.23815498405048968,0.518889877536195,0.004800154362825642,0.0,0.0,"{""edc_18q:1dpu_t8"":""cf23b184355b080f3bead1d9d754a3c2c295746793109413aedfff30da27b94e"",""edc_18q:4dpu_t8"":""cf23b184355b080f3bead1d9d754a3c2c295746793109413aedfff30da27b94e"",""ghz_chain_18q:1dpu_t8"":""9f9e62a16e205e4bd5eb1d1b8f62cade3177ef00fa9bd4dc15c899a41b00d3d0"",""ghz_chain_18q:4dpu_t8"":""9f9e62a16e205e4bd5eb1d1b8f62cade3177ef00fa9bd4dc15c899a41b00d3d0"",""hs_18q_d1:1dpu_t8"":""bf83ea123bc85b30f3c7f1f8a0de47c8366352fc37c099890eab75c8cba62cb8"",""hs_18q_d1:4dpu_t8"":""bf83ea123bc85b30f3c7f1f8a0de47c8366352fc37c099890eab75c8cba62cb8"",""quantization_stress_18q_l2:1dpu_t8"":""e56fd025e7fdf900c75302bb6e7212f78d89deef09b236732a001e9f5c5001c1"",""quantization_stress_18q_l2:4dpu_t8"":""e56fd025e7fdf900c75302bb6e7212f78d89deef09b236732a001e9f5c5001c1""}"
14,5,2.260260864628834,1.0,6,0.024368166273412584,0.9754242110524387,0.00020762267414873057,0.012184083136706292,0.012184083136706292,0.9754242110524387,0.00020762267414873057,0.0,0.0,"{""edc_18q:1dpu_t8"":""cf23b184355b080f3bead1d9d754a3c2c295746793109413aedfff30da27b94e"",""edc_18q:4dpu_t8"":""cf23b184355b080f3bead1d9d754a3c2c295746793109413aedfff30da27b94e"",""ghz_chain_18q:1dpu_t8"":""9f9e62a16e205e4bd5eb1d1b8f62cade3177ef00fa9bd4dc15c899a41b00d3d0"",""ghz_chain_18q:4dpu_t8"":""9f9e62a16e205e4bd5eb1d1b8f62cade3177ef00fa9bd4dc15c899a41b00d3d0"",""hs_18q_d1:1dpu_t8"":""bf83ea123bc85b30f3c7f1f8a0de47c8366352fc37c099890eab75c8cba62cb8"",""hs_18q_d1:4dpu_t8"":""bf83ea123bc85b30f3c7f1f8a0de47c8366352fc37c099890eab75c8cba62cb8"",""quantization_stress_18q_l2:1dpu_t8"":""9d1e1ae9a325d84cef97b0fd9beffa9d4b3d783f00a4e38f6fce3a17114d3abb"",""quantization_stress_18q_l2:4dpu_t8"":""9d1e1ae9a325d84cef97b0fd9beffa9d4b3d783f00a4e38f6fce3a17114d3abb""}"
15,4,2.229077731504488,1.0,7,0.22063680206282787,0.7768451800394555,0.002518017897716659,0.11031840103141394,0.11031840103141394,0.7768451800394555,0.002518017897716659,0.0,0.0,"{""edc_18q:1dpu_t8"":""cf23b184355b080f3bead1d9d754a3c2c295746793109413aedfff30da27b94e"",""edc_18q:4dpu_t8"":""cf23b184355b080f3bead1d9d754a3c2c295746793109413aedfff30da27b94e"",""ghz_chain_18q:1dpu_t8"":""9f9e62a16e205e4bd5eb1d1b8f62cade3177ef00fa9bd4dc15c899a41b00d3d0"",""ghz_chain_18q:4dpu_t8"":""9f9e62a16e205e4bd5eb1d1b8f62cade3177ef00fa9bd4dc15c899a41b00d3d0"",""hs_18q_d1:1dpu_t8"":""bf83ea123bc85b30f3c7f1f8a0de47c8366352fc37c099890eab75c8cba62cb8"",""hs_18q_d1:4dpu_t8"":""0f172b4535a71fb59dd5d4f406df828c33333cda1113d1c71db08b5d0e989d1e"",""quantization_stress_18q_l2:1dpu_t8"":""9d1e1ae9a325d84cef97b0fd9beffa9d4b3d783f00a4e38f6fce3a17114d3abb"",""quantization_stress_18q_l2:4dpu_t8"":""9d1e1ae9a325d84cef97b0fd9beffa9d4b3d783f00a4e38f6fce3a17114d3abb""}"
16,5,2.2554355396801338,1.0,6,0.024368166273412584,0.9754242110524387,0.00020762267414873057,0.012184083136706292,0.012184083136706292,0.9754242110524387,0.00020762267414873057,0.0,0.0,"{""edc_18q:1dpu_t8"":""cf23b184355b080f3bead1d9d754a3c2c295746793109413aedfff30da27b94e"",""edc_18q:4dpu_t8"":""cf23b184355b080f3bead1d9d754a3c2c295746793109413aedfff30da27b94e"",""ghz_chain_18q:1dpu_t8"":""9f9e62a16e205e4bd5eb1d1b8f62cade3177ef00fa9bd4dc15c899a41b00d3d0"",""ghz_chain_18q:4dpu_t8"":""9f9e62a16e205e4bd5eb1d1b8f62cade3177ef00fa9bd4dc15c899a41b00d3d0"",""hs_18q_d1:1dpu_t8"":""bf83ea123bc85b30f3c7f1f8a0de47c8366352fc37c099890eab75c8cba62cb8"",""hs_18q_d1:4dpu_t8"":""bf83ea123bc85b30f3c7f1f8a0de47c8366352fc37c099890eab75c8cba62cb8"",""quantization_stress_18q_l2:1dpu_t8"":""9d1e1ae9a325d84cef97b0fd9beffa9d4b3d783f00a4e38f6fce3a17114d3abb"",""quantization_stress_18q_l2:4dpu_t8"":""9d1e1ae9a325d84cef97b0fd9beffa9d4b3d783f00a4e38f6fce3a17114d3abb""}"
17,10,2.231811061069433,1.0,6,0.47630996810097936,0.518889877536195,0.004800154362825642,0.23815498405048968,0.23815498405048968,0.518889877536195,0.004800154362825642,0.0,0.0,"{""edc_18q:1dpu_t8"":""cf23b184355b080f3bead1d9d754a3c2c295746793109413aedfff30da27b94e"",""edc_18q:4dpu_t8"":""cf23b184355b080f3bead1d9d754a3c2c295746793109413aedfff30da27b94e"",""ghz_chain_18q:1dpu_t8"":""9f9e62a16e205e4bd5eb1d1b8f62cade3177ef00fa9bd4dc15c899a41b00d3d0"",""ghz_chain_18q:4dpu_t8"":""9f9e62a16e205e4bd5eb1d1b8f62cade3177ef00fa9bd4dc15c899a41b00d3d0"",""hs_18q_d1:1dpu_t8"":""bf83ea123bc85b30f3c7f1f8a0de47c8366352fc37c099890eab75c8cba62cb8"",""hs_18q_d1:4dpu_t8"":""bf83ea123bc85b30f3c7f1f8a0de47c8366352fc37c099890eab75c8cba62cb8"",""quantization_stress_18q_l2:1dpu_t8"":""e56fd025e7fdf900c75302bb6e7212f78d89deef09b236732a001e9f5c5001c1"",""quantization_stress_18q_l2:4dpu_t8"":""e56fd025e7fdf900c75302bb6e7212f78d89deef09b236732a001e9f5c5001c1""}"
18,5,2.2518034964610187,1.0,6,0.024368166273412584,0.9754242110524387,0.00020762267414873057,0.012184083136706292,0.012184083136706292,0.9754242110524387,0.00020762267414873057,0.0,0.0,"{""edc_18q:1dpu_t8"":""cf23b184355b080f3bead1d9d754a3c2c295746793109413aedfff30da27b94e"",""edc_18q:4dpu_t8"":""cf23b184355b080f3bead1d9d754a3c2c295746793109413aedfff30da27b94e"",""ghz_chain_18q:1dpu_t8"":""9f9e62a16e205e4bd5eb1d1b8f62cade3177ef00fa9bd4dc15c899a41b00d3d0"",""ghz_chain_18q:4dpu_t8"":""9f9e62a16e205e4bd5eb1d1b8f62cade3177ef00fa9bd4dc15c899a41b00d3d0"",""hs_18q_d1:1dpu_t8"":""bf83ea123bc85b30f3c7f1f8a0de47c8366352fc37c099890eab75c8cba62cb8"",""hs_18q_d1:4dpu_t8"":""bf83ea123bc85b30f3c7f1f8a0de47c8366352fc37c099890eab75c8cba62cb8"",""quantization_stress_18q_l2:1dpu_t8"":""9d1e1ae9a325d84cef97b0fd9beffa9d4b3d783f00a4e38f6fce3a17114d3abb"",""quantization_stress_18q_l2:4dpu_t8"":""9d1e1ae9a325d84cef97b0fd9beffa9d4b3d783f00a4e38f6fce3a17114d3abb""}"
19,8,2.2809104173852415,1.041845644222677,8,0.3715322706836804,0.40507521716230527,0.2233925121540143,0.1857661353418402,0.1857661353418402,0.40507521716230527,0.2233925121540143,0.0,0.0,"{""edc_18q:1dpu_t8"":""cf23b184355b080f3bead1d9d754a3c2c295746793109413aedfff30da27b94e"",""edc_18q:4dpu_t8"":""cf23b184355b080f3bead1d9d754a3c2c295746793109413aedfff30da27b94e"",""ghz_chain_18q:1dpu_t8"":""9f9e62a16e205e4bd5eb1d1b8f62cade3177ef00fa9bd4dc15c899a41b00d3d0"",""ghz_chain_18q:4dpu_t8"":""9f9e62a16e205e4bd5eb1d1b8f62cade3177ef00fa9bd4dc15c899a41b00d3d0"",""hs_18q_d1:1dpu_t8"":""0f172b4535a71fb59dd5d4f406df828c33333cda1113d1c71db08b5d0e989d1e"",""hs_18q_d1:4dpu_t8"":""0f172b4535a71fb59dd5d4f406df828c33333cda1113d1c71db08b5d0e989d1e"",""quantization_stress_18q_l2:1dpu_t8"":""e56fd025e7fdf900c75302bb6e7212f78d89deef09b236732a001e9f5c5001c1"",""quantization_stress_18q_l2:4dpu_t8"":""e56fd025e7fdf900c75302bb6e7212f78d89deef09b236732a001e9f5c5001c1""}"
20,4,2.233564644805118,1.0,7,0.22063680206282787,0.7768451800394555,0.002518017897716659,0.11031840103141394,0.11031840103141394,0.7768451800394555,0.002518017897716659,0.0,0.0,"{""edc_18q:1dpu_t8"":""cf23b184355b080f3bead1d9d754a3c2c295746793109413aedfff30da27b94e"",""edc_18q:4dpu_t8"":""cf23b184355b080f3bead1d9d754a3c2c295746793109413aedfff30da27b94e"",""ghz_chain_18q:1dpu_t8"":""9f9e62a16e205e4bd5eb1d1b8f62cade3177ef00fa9bd4dc15c899a41b00d3d0"",""ghz_chain_18q:4dpu_t8"":""9f9e62a16e205e4bd5eb1d1b8f62cade3177ef00fa9bd4dc15c899a41b00d3d0"",""hs_18q_d1:1dpu_t8"":""bf83ea123bc85b30f3c7f1f8a0de47c8366352fc37c099890eab75c8cba62cb8"",""hs_18q_d1:4dpu_t8"":""0f172b4535a71fb59dd5d4f406df828c33333cda1113d1c71db08b5d0e989d1e"",""quantization_stress_18q_l2:1dpu_t8"":""9d1e1ae9a325d84cef97b0fd9beffa9d4b3d783f00a4e38f6fce3a17114d3abb"",""quantization_stress_18q_l2:4dpu_t8"":""9d1e1ae9a325d84cef97b0fd9beffa9d4b3d783f00a4e38f6fce3a17114d3abb""}"
21,4,2.2520532382639242,1.0,7,0.22063680206282787,0.7768451800394555,0.002518017897716659,0.11031840103141394,0.11031840103141394,0.7768451800394555,0.002518017897716659,0.0,0.0,"{""edc_18q:1dpu_t8"":""cf23b184355b080f3bead1d9d754a3c2c295746793109413aedfff30da27b94e"",""edc_18q:4dpu_t8"":""cf23b184355b080f3bead1d9d754a3c2c295746793109413aedfff30da27b94e"",""ghz_chain_18q:1dpu_t8"":""9f9e62a16e205e4bd5eb1d1b8f62cade3177ef00fa9bd4dc15c899a41b00d3d0"",""ghz_chain_18q:4dpu_t8"":""9f9e62a16e205e4bd5eb1d1b8f62cade3177ef00fa9bd4dc15c899a41b00d3d0"",""hs_18q_d1:1dpu_t8"":""bf83ea123bc85b30f3c7f1f8a0de47c8366352fc37c099890eab75c8cba62cb8"",""hs_18q_d1:4dpu_t8"":""0f172b4535a71fb59dd5d4f406df828c33333cda1113d1c71db08b5d0e989d1e"",""quantization_stress_18q_l2:1dpu_t8"":""9d1e1ae9a325d84cef97b0fd9beffa9d4b3d783f00a4e38f6fce3a17114d3abb"",""quantization_stress_18q_l2:4dpu_t8"":""9d1e1ae9a325d84cef97b0fd9beffa9d4b3d783f00a4e38f6fce3a17114d3abb""}"
22,5,2.2451008035318223,1.0,6,0.024368166273412584,0.9754242110524387,0.00020762267414873057,0.012184083136706292,0.012184083136706292,0.9754242110524387,0.00020762267414873057,0.0,0.0,"{""edc_18q:1dpu_t8"":""cf23b184355b080f3bead1d9d754a3c2c295746793109413aedfff30da27b94e"",""edc_18q:4dpu_t8"":""cf23b184355b080f3bead1d9d754a3c2c295746793109413aedfff30da27b94e"",""ghz_chain_18q:1dpu_t8"":""9f9e62a16e205e4bd5eb1d1b8f62cade3177ef00fa9bd4dc15c899a41b00d3d0"",""ghz_chain_18q:4dpu_t8"":""9f9e62a16e205e4bd5eb1d1b8f62cade3177ef00fa9bd4dc15c899a41b00d3d0"",""hs_18q_d1:1dpu_t8"":""bf83ea123bc85b30f3c7f1f8a0de47c8366352fc37c099890eab75c8cba62cb8"",""hs_18q_d1:4dpu_t8"":""bf83ea123bc85b30f3c7f1f8a0de47c8366352fc37c099890eab75c8cba62cb8"",""quantization_stress_18q_l2:1dpu_t8"":""9d1e1ae9a325d84cef97b0fd9beffa9d4b3d783f00a4e38f6fce3a17114d3abb"",""quantization_stress_18q_l2:4dpu_t8"":""9d1e1ae9a325d84cef97b0fd9beffa9d4b3d783f00a4e38f6fce3a17114d3abb""}"
23,5,2.23837435046197,1.0,6,0.024368166273412584,0.9754242110524387,0.00020762267414873057,0.012184083136706292,0.012184083136706292,0.9754242110524387,0.00020762267414873057,0.0,0.0,"{""edc_18q:1dpu_t8"":""cf23b184355b080f3bead1d9d754a3c2c295746793109413aedfff30da27b94e"",""edc_18q:4dpu_t8"":""cf23b184355b080f3bead1d9d754a3c2c295746793109413aedfff30da27b94e"",""ghz_chain_18q:1dpu_t8"":""9f9e62a16e205e4bd5eb1d1b8f62cade3177ef00fa9bd4dc15c899a41b00d3d0"",""ghz_chain_18q:4dpu_t8"":""9f9e62a16e205e4bd5eb1d1b8f62cade3177ef00fa9bd4dc15c899a41b00d3d0"",""hs_18q_d1:1dpu_t8"":""bf83ea123bc85b30f3c7f1f8a0de47c8366352fc37c099890eab75c8cba62cb8"",""hs_18q_d1:4dpu_t8"":""bf83ea123bc85b30f3c7f1f8a0de47c8366352fc37c099890eab75c8cba62cb8"",""quantization_stress_18q_l2:1dpu_t8"":""9d1e1ae9a325d84cef97b0fd9beffa9d4b3d783f00a4e38f6fce3a17114d3abb"",""quantization_stress_18q_l2:4dpu_t8"":""9d1e1ae9a325d84cef97b0fd9beffa9d4b3d783f00a4e38f6fce3a17114d3abb""}"
24,5,2.237620912275595,1.0,6,0.024368166273412584,0.9754242110524387,0.00020762267414873057,0.012184083136706292,0.012184083136706292,0.9754242110524387,0.00020762267414873057,0.0,0.0,"{""edc_18q:1dpu_t8"":""cf23b184355b080f3bead1d9d754a3c2c295746793109413aedfff30da27b94e"",""edc_18q:4dpu_t8"":""cf23b184355b080f3bead1d9d754a3c2c295746793109413aedfff30da27b94e"",""ghz_chain_18q:1dpu_t8"":""9f9e62a16e205e4bd5eb1d1b8f62cade3177ef00fa9bd4dc15c899a41b00d3d0"",""ghz_chain_18q:4dpu_t8"":""9f9e62a16e205e4bd5eb1d1b8f62cade3177ef00fa9bd4dc15c899a41b00d3d0"",""hs_18q_d1:1dpu_t8"":""bf83ea123bc85b30f3c7f1f8a0de47c8366352fc37c099890eab75c8cba62cb8"",""hs_18q_d1:4dpu_t8"":""bf83ea123bc85b30f3c7f1f8a0de47c8366352fc37c099890eab75c8cba62cb8"",""quantization_stress_18q_l2:1dpu_t8"":""9d1e1ae9a325d84cef97b0fd9beffa9d4b3d783f00a4e38f6fce3a17114d3abb"",""quantization_stress_18q_l2:4dpu_t8"":""9d1e1ae9a325d84cef97b0fd9beffa9d4b3d783f00a4e38f6fce3a17114d3abb""}"
25,3,2.3161089347386925,1.041845644222677,8,0.0,1.0,0.0,0.0,0.0,1.0,0.0,0.0,0.0,"{""edc_18q:1dpu_t8"":""cf23b184355b080f3bead1d9d754a3c2c295746793109413aedfff30da27b94e"",""edc_18q:4dpu_t8"":""cf23b184355b080f3bead1d9d754a3c2c295746793109413aedfff30da27b94e"",""ghz_chain_18q:1dpu_t8"":""9f9e62a16e205e4bd5eb1d1b8f62cade3177ef00fa9bd4dc15c899a41b00d3d0"",""ghz_chain_18q:4dpu_t8"":""9f9e62a16e205e4bd5eb1d1b8f62cade3177ef00fa9bd4dc15c899a41b00d3d0"",""hs_18q_d1:1dpu_t8"":""0f172b4535a71fb59dd5d4f406df828c33333cda1113d1c71db08b5d0e989d1e"",""hs_18q_d1:4dpu_t8"":""0f172b4535a71fb59dd5d4f406df828c33333cda1113d1c71db08b5d0e989d1e"",""quantization_stress_18q_l2:1dpu_t8"":""9d1e1ae9a325d84cef97b0fd9beffa9d4b3d783f00a4e38f6fce3a17114d3abb"",""quantization_stress_18q_l2:4dpu_t8"":""9d1e1ae9a325d84cef97b0fd9beffa9d4b3d783f00a4e38f6fce3a17114d3abb""}"
26,10,2.226782180760005,1.0,6,0.47630996810097936,0.518889877536195,0.004800154362825642,0.23815498405048968,0.23815498405048968,0.518889877536195,0.004800154362825642,0.0,0.0,"{""edc_18q:1dpu_t8"":""cf23b184355b080f3bead1d9d754a3c2c295746793109413aedfff30da27b94e"",""edc_18q:4dpu_t8"":""cf23b184355b080f3bead1d9d754a3c2c295746793109413aedfff30da27b94e"",""ghz_chain_18q:1dpu_t8"":""9f9e62a16e205e4bd5eb1d1b8f62cade3177ef00fa9bd4dc15c899a41b00d3d0"",""ghz_chain_18q:4dpu_t8"":""9f9e62a16e205e4bd5eb1d1b8f62cade3177ef00fa9bd4dc15c899a41b00d3d0"",""hs_18q_d1:1dpu_t8"":""bf83ea123bc85b30f3c7f1f8a0de47c8366352fc37c099890eab75c8cba62cb8"",""hs_18q_d1:4dpu_t8"":""bf83ea123bc85b30f3c7f1f8a0de47c8366352fc37c099890eab75c8cba62cb8"",""quantization_stress_18q_l2:1dpu_t8"":""e56fd025e7fdf900c75302bb6e7212f78d89deef09b236732a001e9f5c5001c1"",""quantization_stress_18q_l2:4dpu_t8"":""e56fd025e7fdf900c75302bb6e7212f78d89deef09b236732a001e9f5c5001c1""}"
27,3,2.285985625876529,1.0163179096347865,8,0.0,1.0,0.0,0.0,0.0,1.0,0.0,0.0,0.0,"{""edc_18q:1dpu_t8"":""cf23b184355b080f3bead1d9d754a3c2c295746793109413aedfff30da27b94e"",""edc_18q:4dpu_t8"":""cf23b184355b080f3bead1d9d754a3c2c295746793109413aedfff30da27b94e"",""ghz_chain_18q:1dpu_t8"":""9f9e62a16e205e4bd5eb1d1b8f62cade3177ef00fa9bd4dc15c899a41b00d3d0"",""ghz_chain_18q:4dpu_t8"":""9f9e62a16e205e4bd5eb1d1b8f62cade3177ef00fa9bd4dc15c899a41b00d3d0"",""hs_18q_d1:1dpu_t8"":""0f172b4535a71fb59dd5d4f406df828c33333cda1113d1c71db08b5d0e989d1e"",""hs_18q_d1:4dpu_t8"":""0f172b4535a71fb59dd5d4f406df828c33333cda1113d1c71db08b5d0e989d1e"",""quantization_stress_18q_l2:1dpu_t8"":""9d1e1ae9a325d84cef97b0fd9beffa9d4b3d783f00a4e38f6fce3a17114d3abb"",""quantization_stress_18q_l2:4dpu_t8"":""9d1e1ae9a325d84cef97b0fd9beffa9d4b3d783f00a4e38f6fce3a17114d3abb""}"
28,10,2.228963941267511,1.0,6,0.47630996810097936,0.518889877536195,0.004800154362825642,0.23815498405048968,0.23815498405048968,0.518889877536195,0.004800154362825642,0.0,0.0,"{""edc_18q:1dpu_t8"":""cf23b184355b080f3bead1d9d754a3c2c295746793109413aedfff30da27b94e"",""edc_18q:4dpu_t8"":""cf23b184355b080f3bead1d9d754a3c2c295746793109413aedfff30da27b94e"",""ghz_chain_18q:1dpu_t8"":""9f9e62a16e205e4bd5eb1d1b8f62cade3177ef00fa9bd4dc15c899a41b00d3d0"",""ghz_chain_18q:4dpu_t8"":""9f9e62a16e205e4bd5eb1d1b8f62cade3177ef00fa9bd4dc15c899a41b00d3d0"",""hs_18q_d1:1dpu_t8"":""bf83ea123bc85b30f3c7f1f8a0de47c8366352fc37c099890eab75c8cba62cb8"",""hs_18q_d1:4dpu_t8"":""bf83ea123bc85b30f3c7f1f8a0de47c8366352fc37c099890eab75c8cba62cb8"",""quantization_stress_18q_l2:1dpu_t8"":""e56fd025e7fdf900c75302bb6e7212f78d89deef09b236732a001e9f5c5001c1"",""quantization_stress_18q_l2:4dpu_t8"":""e56fd025e7fdf900c75302bb6e7212f78d89deef09b236732a001e9f5c5001c1""}"
29,5,2.2385008694327593,1.0,6,0.024368166273412584,0.9754242110524387,0.00020762267414873057,0.012184083136706292,0.012184083136706292,0.9754242110524387,0.00020762267414873057,0.0,0.0,"{""edc_18q:1dpu_t8"":""cf23b184355b080f3bead1d9d754a3c2c295746793109413aedfff30da27b94e"",""edc_18q:4dpu_t8"":""cf23b184355b080f3bead1d9d754a3c2c295746793109413aedfff30da27b94e"",""ghz_chain_18q:1dpu_t8"":""9f9e62a16e205e4bd5eb1d1b8f62cade3177ef00fa9bd4dc15c899a41b00d3d0"",""ghz_chain_18q:4dpu_t8"":""9f9e62a16e205e4bd5eb1d1b8f62cade3177ef00fa9bd4dc15c899a41b00d3d0"",""hs_18q_d1:1dpu_t8"":""bf83ea123bc85b30f3c7f1f8a0de47c8366352fc37c099890eab75c8cba62cb8"",""hs_18q_d1:4dpu_t8"":""bf83ea123bc85b30f3c7f1f8a0de47c8366352fc37c099890eab75c8cba62cb8"",""quantization_stress_18q_l2:1dpu_t8"":""9d1e1ae9a325d84cef97b0fd9beffa9d4b3d783f00a4e38f6fce3a17114d3abb"",""quantization_stress_18q_l2:4dpu_t8"":""9d1e1ae9a325d84cef97b0fd9beffa9d4b3d783f00a4e38f6fce3a17114d3abb""}"
30,10,2.228607062862244,1.0,6,0.47630996810097936,0.518889877536195,0.004800154362825642,0.23815498405048968,0.23815498405048968,0.518889877536195,0.004800154362825642,0.0,0.0,"{""edc_18q:1dpu_t8"":""cf23b184355b080f3bead1d9d754a3c2c295746793109413aedfff30da27b94e"",""edc_18q:4dpu_t8"":""cf23b184355b080f3bead1d9d754a3c2c295746793109413aedfff30da27b94e"",""ghz_chain_18q:1dpu_t8"":""9f9e62a16e205e4bd5eb1d1b8f62cade3177ef00fa9bd4dc15c899a41b00d3d0"",""ghz_chain_18q:4dpu_t8"":""9f9e62a16e205e4bd5eb1d1b8f62cade3177ef00fa9bd4dc15c899a41b00d3d0"",""hs_18q_d1:1dpu_t8"":""bf83ea123bc85b30f3c7f1f8a0de47c8366352fc37c099890eab75c8cba62cb8"",""hs_18q_d1:4dpu_t8"":""bf83ea123bc85b30f3c7f1f8a0de47c8366352fc37c099890eab75c8cba62cb8"",""quantization_stress_18q_l2:1dpu_t8"":""e56fd025e7fdf900c75302bb6e7212f78d89deef09b236732a001e9f5c5001c1"",""quantization_stress_18q_l2:4dpu_t8"":""e56fd025e7fdf900c75302bb6e7212f78d89deef09b236732a001e9f5c5001c1""}"
31,5,2.2567311471581757,1.0,6,0.024368166273412584,0.9754242110524387,0.00020762267414873057,0.012184083136706292,0.012184083136706292,0.9754242110524387,0.00020762267414873057,0.0,0.0,"{""edc_18q:1dpu_t8"":""cf23b184355b080f3bead1d9d754a3c2c295746793109413aedfff30da27b94e"",""edc_18q:4dpu_t8"":""cf23b184355b080f3bead1d9d754a3c2c295746793109413aedfff30da27b94e"",""ghz_chain_18q:1dpu_t8"":""9f9e62a16e205e4bd5eb1d1b8f62cade3177ef00fa9bd4dc15c899a41b00d3d0"",""ghz_chain_18q:4dpu_t8"":""9f9e62a16e205e4bd5eb1d1b8f62cade3177ef00fa9bd4dc15c899a41b00d3d0"",""hs_18q_d1:1dpu_t8"":""bf83ea123bc85b30f3c7f1f8a0de47c8366352fc37c099890eab75c8cba62cb8"",""hs_18q_d1:4dpu_t8"":""bf83ea123bc85b30f3c7f1f8a0de47c8366352fc37c099890eab75c8cba62cb8"",""quantization_stress_18q_l2:1dpu_t8"":""9d1e1ae9a325d84cef97b0fd9beffa9d4b3d783f00a4e38f6fce3a17114d3abb"",""quantization_stress_18q_l2:4dpu_t8"":""9d1e1ae9a325d84cef97b0fd9beffa9d4b3d783f00a4e38f6fce3a17114d3abb""}"
32,5,2.251856211568209,1.0,6,0.024368166273412584,0.9754242110524387,0.00020762267414873057,0.012184083136706292,0.012184083136706292,0.9754242110524387,0.00020762267414873057,0.0,0.0,"{""edc_18q:1dpu_t8"":""cf23b184355b080f3bead1d9d754a3c2c295746793109413aedfff30da27b94e"",""edc_18q:4dpu_t8"":""cf23b184355b080f3bead1d9d754a3c2c295746793109413aedfff30da27b94e"",""ghz_chain_18q:1dpu_t8"":""9f9e62a16e205e4bd5eb1d1b8f62cade3177ef00fa9bd4dc15c899a41b00d3d0"",""ghz_chain_18q:4dpu_t8"":""9f9e62a16e205e4bd5eb1d1b8f62cade3177ef00fa9bd4dc15c899a41b00d3d0"",""hs_18q_d1:1dpu_t8"":""bf83ea123bc85b30f3c7f1f8a0de47c8366352fc37c099890eab75c8cba62cb8"",""hs_18q_d1:4dpu_t8"":""bf83ea123bc85b30f3c7f1f8a0de47c8366352fc37c099890eab75c8cba62cb8"",""quantization_stress_18q_l2:1dpu_t8"":""9d1e1ae9a325d84cef97b0fd9beffa9d4b3d783f00a4e38f6fce3a17114d3abb"",""quantization_stress_18q_l2:4dpu_t8"":""9d1e1ae9a325d84cef97b0fd9beffa9d4b3d783f00a4e38f6fce3a17114d3abb""}"
33,3,2.2870498599747004,1.041845644222677,8,0.0,1.0,0.0,0.0,0.0,1.0,0.0,0.0,0.0,"{""edc_18q:1dpu_t8"":""cf23b184355b080f3bead1d9d754a3c2c295746793109413aedfff30da27b94e"",""edc_18q:4dpu_t8"":""cf23b184355b080f3bead1d9d754a3c2c295746793109413aedfff30da27b94e"",""ghz_chain_18q:1dpu_t8"":""9f9e62a16e205e4bd5eb1d1b8f62cade3177ef00fa9bd4dc15c899a41b00d3d0"",""ghz_chain_18q:4dpu_t8"":""9f9e62a16e205e4bd5eb1d1b8f62cade3177ef00fa9bd4dc15c899a41b00d3d0"",""hs_18q_d1:1dpu_t8"":""0f172b4535a71fb59dd5d4f406df828c33333cda1113d1c71db08b5d0e989d1e"",""hs_18q_d1:4dpu_t8"":""0f172b4535a71fb59dd5d4f406df828c33333cda1113d1c71db08b5d0e989d1e"",""quantization_stress_18q_l2:1dpu_t8"":""9d1e1ae9a325d84cef97b0fd9beffa9d4b3d783f00a4e38f6fce3a17114d3abb"",""quantization_stress_18q_l2:4dpu_t8"":""9d1e1ae9a325d84cef97b0fd9beffa9d4b3d783f00a4e38f6fce3a17114d3abb""}"
34,5,2.214970742067739,1.0,6,0.024368166273412584,0.9754242110524387,0.00020762267414873057,0.012184083136706292,0.012184083136706292,0.9754242110524387,0.00020762267414873057,0.0,0.0,"{""edc_18q:1dpu_t8"":""cf23b184355b080f3bead1d9d754a3c2c295746793109413aedfff30da27b94e"",""edc_18q:4dpu_t8"":""cf23b184355b080f3bead1d9d754a3c2c295746793109413aedfff30da27b94e"",""ghz_chain_18q:1dpu_t8"":""9f9e62a16e205e4bd5eb1d1b8f62cade3177ef00fa9bd4dc15c899a41b00d3d0"",""ghz_chain_18q:4dpu_t8"":""9f9e62a16e205e4bd5eb1d1b8f62cade3177ef00fa9bd4dc15c899a41b00d3d0"",""hs_18q_d1:1dpu_t8"":""bf83ea123bc85b30f3c7f1f8a0de47c8366352fc37c099890eab75c8cba62cb8"",""hs_18q_d1:4dpu_t8"":""bf83ea123bc85b30f3c7f1f8a0de47c8366352fc37c099890eab75c8cba62cb8"",""quantization_stress_18q_l2:1dpu_t8"":""9d1e1ae9a325d84cef97b0fd9beffa9d4b3d783f00a4e38f6fce3a17114d3abb"",""quantization_stress_18q_l2:4dpu_t8"":""9d1e1ae9a325d84cef97b0fd9beffa9d4b3d783f00a4e38f6fce3a17114d3abb""}"
35,9,2.2469044462384713,1.0,7,0.5414741851996391,0.45232358896253566,0.006202225837825213,0.27073709259981954,0.27073709259981954,0.45232358896253566,0.006202225837825213,0.0,0.0,"{""edc_18q:1dpu_t8"":""cf23b184355b080f3bead1d9d754a3c2c295746793109413aedfff30da27b94e"",""edc_18q:4dpu_t8"":""cf23b184355b080f3bead1d9d754a3c2c295746793109413aedfff30da27b94e"",""ghz_chain_18q:1dpu_t8"":""9f9e62a16e205e4bd5eb1d1b8f62cade3177ef00fa9bd4dc15c899a41b00d3d0"",""ghz_chain_18q:4dpu_t8"":""9f9e62a16e205e4bd5eb1d1b8f62cade3177ef00fa9bd4dc15c899a41b00d3d0"",""hs_18q_d1:1dpu_t8"":""bf83ea123bc85b30f3c7f1f8a0de47c8366352fc37c099890eab75c8cba62cb8"",""hs_18q_d1:4dpu_t8"":""0f172b4535a71fb59dd5d4f406df828c33333cda1113d1c71db08b5d0e989d1e"",""quantization_stress_18q_l2:1dpu_t8"":""e56fd025e7fdf900c75302bb6e7212f78d89deef09b236732a001e9f5c5001c1"",""quantization_stress_18q_l2:4dpu_t8"":""e56fd025e7fdf900c75302bb6e7212f78d89deef09b236732a001e9f5c5001c1""}"
36,10,2.230982374112128,1.0,6,0.47630996810097936,0.518889877536195,0.004800154362825642,0.23815498405048968,0.23815498405048968,0.518889877536195,0.004800154362825642,0.0,0.0,"{""edc_18q:1dpu_t8"":""cf23b184355b080f3bead1d9d754a3c2c295746793109413aedfff30da27b94e"",""edc_18q:4dpu_t8"":""cf23b184355b080f3bead1d9d754a3c2c295746793109413aedfff30da27b94e"",""ghz_chain_18q:1dpu_t8"":""9f9e62a16e205e4bd5eb1d1b8f62cade3177ef00fa9bd4dc15c899a41b00d3d0"",""ghz_chain_18q:4dpu_t8"":""9f9e62a16e205e4bd5eb1d1b8f62cade3177ef00fa9bd4dc15c899a41b00d3d0"",""hs_18q_d1:1dpu_t8"":""bf83ea123bc85b30f3c7f1f8a0de47c8366352fc37c099890eab75c8cba62cb8"",""hs_18q_d1:4dpu_t8"":""bf83ea123bc85b30f3c7f1f8a0de47c8366352fc37c099890eab75c8cba62cb8"",""quantization_stress_18q_l2:1dpu_t8"":""e56fd025e7fdf900c75302bb6e7212f78d89deef09b236732a001e9f5c5001c1"",""quantization_stress_18q_l2:4dpu_t8"":""e56fd025e7fdf900c75302bb6e7212f78d89deef09b236732a001e9f5c5001c1""}"
37,4,2.2353592325486313,1.0,7,0.22063680206282787,0.7768451800394555,0.002518017897716659,0.11031840103141394,0.11031840103141394,0.7768451800394555,0.002518017897716659,0.0,0.0,"{""edc_18q:1dpu_t8"":""cf23b184355b080f3bead1d9d754a3c2c295746793109413aedfff30da27b94e"",""edc_18q:4dpu_t8"":""cf23b184355b080f3bead1d9d754a3c2c295746793109413aedfff30da27b94e"",""ghz_chain_18q:1dpu_t8"":""9f9e62a16e205e4bd5eb1d1b8f62cade3177ef00fa9bd4dc15c899a41b00d3d0"",""ghz_chain_18q:4dpu_t8"":""9f9e62a16e205e4bd5eb1d1b8f62cade3177ef00fa9bd4dc15c899a41b00d3d0"",""hs_18q_d1:1dpu_t8"":""bf83ea123bc85b30f3c7f1f8a0de47c8366352fc37c099890eab75c8cba62cb8"",""hs_18q_d1:4dpu_t8"":""0f172b4535a71fb59dd5d4f406df828c33333cda1113d1c71db08b5d0e989d1e"",""quantization_stress_18q_l2:1dpu_t8"":""9d1e1ae9a325d84cef97b0fd9beffa9d4b3d783f00a4e38f6fce3a17114d3abb"",""quantization_stress_18q_l2:4dpu_t8"":""9d1e1ae9a325d84cef97b0fd9beffa9d4b3d783f00a4e38f6fce3a17114d3abb""}"
38,10,2.2396328539228785,1.0,6,0.47630996810097936,0.518889877536195,0.004800154362825642,0.23815498405048968,0.23815498405048968,0.518889877536195,0.004800154362825642,0.0,0.0,"{""edc_18q:1dpu_t8"":""cf23b184355b080f3bead1d9d754a3c2c295746793109413aedfff30da27b94e"",""edc_18q:4dpu_t8"":""cf23b184355b080f3bead1d9d754a3c2c295746793109413aedfff30da27b94e"",""ghz_chain_18q:1dpu_t8"":""9f9e62a16e205e4bd5eb1d1b8f62cade3177ef00fa9bd4dc15c899a41b00d3d0"",""ghz_chain_18q:4dpu_t8"":""9f9e62a16e205e4bd5eb1d1b8f62cade3177ef00fa9bd4dc15c899a41b00d3d0"",""hs_18q_d1:1dpu_t8"":""bf83ea123bc85b30f3c7f1f8a0de47c8366352fc37c099890eab75c8cba62cb8"",""hs_18q_d1:4dpu_t8"":""bf83ea123bc85b30f3c7f1f8a0de47c8366352fc37c099890eab75c8cba62cb8"",""quantization_stress_18q_l2:1dpu_t8"":""e56fd025e7fdf900c75302bb6e7212f78d89deef09b236732a001e9f5c5001c1"",""quantization_stress_18q_l2:4dpu_t8"":""e56fd025e7fdf900c75302bb6e7212f78d89deef09b236732a001e9f5c5001c1""}"
39,5,2.23679708920505,1.0,6,0.024368166273412584,0.9754242110524387,0.00020762267414873057,0.012184083136706292,0.012184083136706292,0.9754242110524387,0.00020762267414873057,0.0,0.0,"{""edc_18q:1dpu_t8"":""cf23b184355b080f3bead1d9d754a3c2c295746793109413aedfff30da27b94e"",""edc_18q:4dpu_t8"":""cf23b184355b080f3bead1d9d754a3c2c295746793109413aedfff30da27b94e"",""ghz_chain_18q:1dpu_t8"":""9f9e62a16e205e4bd5eb1d1b8f62cade3177ef00fa9bd4dc15c899a41b00d3d0"",""ghz_chain_18q:4dpu_t8"":""9f9e62a16e205e4bd5eb1d1b8f62cade3177ef00fa9bd4dc15c899a41b00d3d0"",""hs_18q_d1:1dpu_t8"":""bf83ea123bc85b30f3c7f1f8a0de47c8366352fc37c099890eab75c8cba62cb8"",""hs_18q_d1:4dpu_t8"":""bf83ea123bc85b30f3c7f1f8a0de47c8366352fc37c099890eab75c8cba62cb8"",""quantization_stress_18q_l2:1dpu_t8"":""9d1e1ae9a325d84cef97b0fd9beffa9d4b3d783f00a4e38f6fce3a17114d3abb"",""quantization_stress_18q_l2:4dpu_t8"":""9d1e1ae9a325d84cef97b0fd9beffa9d4b3d783f00a4e38f6fce3a17114d3abb""}"
40,10,2.228102158062609,1.0,6,0.47630996810097936,0.518889877536195,0.004800154362825642,0.23815498405048968,0.23815498405048968,0.518889877536195,0.004800154362825642,0.0,0.0,"{""edc_18q:1dpu_t8"":""cf23b184355b080f3bead1d9d754a3c2c295746793109413aedfff30da27b94e"",""edc_18q:4dpu_t8"":""cf23b184355b080f3bead1d9d754a3c2c295746793109413aedfff30da27b94e"",""ghz_chain_18q:1dpu_t8"":""9f9e62a16e205e4bd5eb1d1b8f62cade3177ef00fa9bd4dc15c899a41b00d3d0"",""ghz_chain_18q:4dpu_t8"":""9f9e62a16e205e4bd5eb1d1b8f62cade3177ef00fa9bd4dc15c899a41b00d3d0"",""hs_18q_d1:1dpu_t8"":""bf83ea123bc85b30f3c7f1f8a0de47c8366352fc37c099890eab75c8cba62cb8"",""hs_18q_d1:4dpu_t8"":""bf83ea123bc85b30f3c7f1f8a0de47c8366352fc37c099890eab75c8cba62cb8"",""quantization_stress_18q_l2:1dpu_t8"":""e56fd025e7fdf900c75302bb6e7212f78d89deef09b236732a001e9f5c5001c1"",""quantization_stress_18q_l2:4dpu_t8"":""e56fd025e7fdf900c75302bb6e7212f78d89deef09b236732a001e9f5c5001c1""}"
41,5,2.219344726940482,1.0,6,0.024368166273412584,0.9754242110524387,0.00020762267414873057,0.012184083136706292,0.012184083136706292,0.9754242110524387,0.00020762267414873057,0.0,0.0,"{""edc_18q:1dpu_t8"":""cf23b184355b080f3bead1d9d754a3c2c295746793109413aedfff30da27b94e"",""edc_18q:4dpu_t8"":""cf23b184355b080f3bead1d9d754a3c2c295746793109413aedfff30da27b94e"",""ghz_chain_18q:1dpu_t8"":""9f9e62a16e205e4bd5eb1d1b8f62cade3177ef00fa9bd4dc15c899a41b00d3d0"",""ghz_chain_18q:4dpu_t8"":""9f9e62a16e205e4bd5eb1d1b8f62cade3177ef00fa9bd4dc15c899a41b00d3d0"",""hs_18q_d1:1dpu_t8"":""bf83ea123bc85b30f3c7f1f8a0de47c8366352fc37c099890eab75c8cba62cb8"",""hs_18q_d1:4dpu_t8"":""bf83ea123bc85b30f3c7f1f8a0de47c8366352fc37c099890eab75c8cba62cb8"",""quantization_stress_18q_l2:1dpu_t8"":""9d1e1ae9a325d84cef97b0fd9beffa9d4b3d783f00a4e38f6fce3a17114d3abb"",""quantization_stress_18q_l2:4dpu_t8"":""9d1e1ae9a325d84cef97b0fd9beffa9d4b3d783f00a4e38f6fce3a17114d3abb""}"
42,9,2.2318340644498083,1.0,7,0.5414741851996391,0.45232358896253566,0.006202225837825213,0.27073709259981954,0.27073709259981954,0.45232358896253566,0.006202225837825213,0.0,0.0,"{""edc_18q:1dpu_t8"":""cf23b184355b080f3bead1d9d754a3c2c295746793109413aedfff30da27b94e"",""edc_18q:4dpu_t8"":""cf23b184355b080f3bead1d9d754a3c2c295746793109413aedfff30da27b94e"",""ghz_chain_18q:1dpu_t8"":""9f9e62a16e205e4bd5eb1d1b8f62cade3177ef00fa9bd4dc15c899a41b00d3d0"",""ghz_chain_18q:4dpu_t8"":""9f9e62a16e205e4bd5eb1d1b8f62cade3177ef00fa9bd4dc15c899a41b00d3d0"",""hs_18q_d1:1dpu_t8"":""bf83ea123bc85b30f3c7f1f8a0de47c8366352fc37c099890eab75c8cba62cb8"",""hs_18q_d1:4dpu_t8"":""0f172b4535a71fb59dd5d4f406df828c33333cda1113d1c71db08b5d0e989d1e"",""quantization_stress_18q_l2:1dpu_t8"":""e56fd025e7fdf900c75302bb6e7212f78d89deef09b236732a001e9f5c5001c1"",""quantization_stress_18q_l2:4dpu_t8"":""e56fd025e7fdf900c75302bb6e7212f78d89deef09b236732a001e9f5c5001c1""}"
43,5,2.251671906685899,1.0,6,0.024368166273412584,0.9754242110524387,0.00020762267414873057,0.012184083136706292,0.012184083136706292,0.9754242110524387,0.00020762267414873057,0.0,0.0,"{""edc_18q:1dpu_t8"":""cf23b184355b080f3bead1d9d754a3c2c295746793109413aedfff30da27b94e"",""edc_18q:4dpu_t8"":""cf23b184355b080f3bead1d9d754a3c2c295746793109413aedfff30da27b94e"",""ghz_chain_18q:1dpu_t8"":""9f9e62a16e205e4bd5eb1d1b8f62cade3177ef00fa9bd4dc15c899a41b00d3d0"",""ghz_chain_18q:4dpu_t8"":""9f9e62a16e205e4bd5eb1d1b8f62cade3177ef00fa9bd4dc15c899a41b00d3d0"",""hs_18q_d1:1dpu_t8"":""bf83ea123bc85b30f3c7f1f8a0de47c8366352fc37c099890eab75c8cba62cb8"",""hs_18q_d1:4dpu_t8"":""bf83ea123bc85b30f3c7f1f8a0de47c8366352fc37c099890eab75c8cba62cb8"",""quantization_stress_18q_l2:1dpu_t8"":""9d1e1ae9a325d84cef97b0fd9beffa9d4b3d783f00a4e38f6fce3a17114d3abb"",""quantization_stress_18q_l2:4dpu_t8"":""9d1e1ae9a325d84cef97b0fd9beffa9d4b3d783f00a4e38f6fce3a17114d3abb""}"
44,5,2.2241697095097837,1.0,6,0.024368166273412584,0.9754242110524387,0.00020762267414873057,0.012184083136706292,0.012184083136706292,0.9754242110524387,0.00020762267414873057,0.0,0.0,"{""edc_18q:1dpu_t8"":""cf23b184355b080f3bead1d9d754a3c2c295746793109413aedfff30da27b94e"",""edc_18q:4dpu_t8"":""cf23b184355b080f3bead1d9d754a3c2c295746793109413aedfff30da27b94e"",""ghz_chain_18q:1dpu_t8"":""9f9e62a16e205e4bd5eb1d1b8f62cade3177ef00fa9bd4dc15c899a41b00d3d0"",""ghz_chain_18q:4dpu_t8"":""9f9e62a16e205e4bd5eb1d1b8f62cade3177ef00fa9bd4dc15c899a41b00d3d0"",""hs_18q_d1:1dpu_t8"":""bf83ea123bc85b30f3c7f1f8a0de47c8366352fc37c099890eab75c8cba62cb8"",""hs_18q_d1:4dpu_t8"":""bf83ea123bc85b30f3c7f1f8a0de47c8366352fc37c099890eab75c8cba62cb8"",""quantization_stress_18q_l2:1dpu_t8"":""9d1e1ae9a325d84cef97b0fd9beffa9d4b3d783f00a4e38f6fce3a17114d3abb"",""quantization_stress_18q_l2:4dpu_t8"":""9d1e1ae9a325d84cef97b0fd9beffa9d4b3d783f00a4e38f6fce3a17114d3abb""}"
45,3,2.2749715699041,1.0163179096347865,8,0.0,1.0,0.0,0.0,0.0,1.0,0.0,0.0,0.0,"{""edc_18q:1dpu_t8"":""cf23b184355b080f3bead1d9d754a3c2c295746793109413aedfff30da27b94e"",""edc_18q:4dpu_t8"":""cf23b184355b080f3bead1d9d754a3c2c295746793109413aedfff30da27b94e"",""ghz_chain_18q:1dpu_t8"":""9f9e62a16e205e4bd5eb1d1b8f62cade3177ef00fa9bd4dc15c899a41b00d3d0"",""ghz_chain_18q:4dpu_t8"":""9f9e62a16e205e4bd5eb1d1b8f62cade3177ef00fa9bd4dc15c899a41b00d3d0"",""hs_18q_d1:1dpu_t8"":""0f172b4535a71fb59dd5d4f406df828c33333cda1113d1c71db08b5d0e989d1e"",""hs_18q_d1:4dpu_t8"":""0f172b4535a71fb59dd5d4f406df828c33333cda1113d1c71db08b5d0e989d1e"",""quantization_stress_18q_l2:1dpu_t8"":""9d1e1ae9a325d84cef97b0fd9beffa9d4b3d783f00a4e38f6fce3a17114d3abb"",""quantization_stress_18q_l2:4dpu_t8"":""9d1e1ae9a325d84cef97b0fd9beffa9d4b3d783f00a4e38f6fce3a17114d3abb""}"
46,4,2.256265033667482,1.0,7,0.22063680206282787,0.7768451800394555,0.002518017897716659,0.11031840103141394,0.11031840103141394,0.7768451800394555,0.002518017897716659,0.0,0.0,"{""edc_18q:1dpu_t8"":""cf23b184355b080f3bead1d9d754a3c2c295746793109413aedfff30da27b94e"",""edc_18q:4dpu_t8"":""cf23b184355b080f3bead1d9d754a3c2c295746793109413aedfff30da27b94e"",""ghz_chain_18q:1dpu_t8"":""9f9e62a16e205e4bd5eb1d1b8f62cade3177ef00fa9bd4dc15c899a41b00d3d0"",""ghz_chain_18q:4dpu_t8"":""9f9e62a16e205e4bd5eb1d1b8f62cade3177ef00fa9bd4dc15c899a41b00d3d0"",""hs_18q_d1:1dpu_t8"":""bf83ea123bc85b30f3c7f1f8a0de47c8366352fc37c099890eab75c8cba62cb8"",""hs_18q_d1:4dpu_t8"":""0f172b4535a71fb59dd5d4f406df828c33333cda1113d1c71db08b5d0e989d1e"",""quantization_stress_18q_l2:1dpu_t8"":""9d1e1ae9a325d84cef97b0fd9beffa9d4b3d783f00a4e38f6fce3a17114d3abb"",""quantization_stress_18q_l2:4dpu_t8"":""9d1e1ae9a325d84cef97b0fd9beffa9d4b3d783f00a4e38f6fce3a17114d3abb""}"
47,5,2.2416367672717006,1.0,6,0.024368166273412584,0.9754242110524387,0.00020762267414873057,0.012184083136706292,0.012184083136706292,0.9754242110524387,0.00020762267414873057,0.0,0.0,"{""edc_18q:1dpu_t8"":""cf23b184355b080f3bead1d9d754a3c2c295746793109413aedfff30da27b94e"",""edc_18q:4dpu_t8"":""cf23b184355b080f3bead1d9d754a3c2c295746793109413aedfff30da27b94e"",""ghz_chain_18q:1dpu_t8"":""9f9e62a16e205e4bd5eb1d1b8f62cade3177ef00fa9bd4dc15c899a41b00d3d0"",""ghz_chain_18q:4dpu_t8"":""9f9e62a16e205e4bd5eb1d1b8f62cade3177ef00fa9bd4dc15c899a41b00d3d0"",""hs_18q_d1:1dpu_t8"":""bf83ea123bc85b30f3c7f1f8a0de47c8366352fc37c099890eab75c8cba62cb8"",""hs_18q_d1:4dpu_t8"":""bf83ea123bc85b30f3c7f1f8a0de47c8366352fc37c099890eab75c8cba62cb8"",""quantization_stress_18q_l2:1dpu_t8"":""9d1e1ae9a325d84cef97b0fd9beffa9d4b3d783f00a4e38f6fce3a17114d3abb"",""quantization_stress_18q_l2:4dpu_t8"":""9d1e1ae9a325d84cef97b0fd9beffa9d4b3d783f00a4e38f6fce3a17114d3abb""}"
48,4,2.229257167603323,1.0,7,0.22063680206282787,0.7768451800394555,0.002518017897716659,0.11031840103141394,0.11031840103141394,0.7768451800394555,0.002518017897716659,0.0,0.0,"{""edc_18q:1dpu_t8"":""cf23b184355b080f3bead1d9d754a3c2c295746793109413aedfff30da27b94e"",""edc_18q:4dpu_t8"":""cf23b184355b080f3bead1d9d754a3c2c295746793109413aedfff30da27b94e"",""ghz_chain_18q:1dpu_t8"":""9f9e62a16e205e4bd5eb1d1b8f62cade3177ef00fa9bd4dc15c899a41b00d3d0"",""ghz_chain_18q:4dpu_t8"":""9f9e62a16e205e4bd5eb1d1b8f62cade3177ef00fa9bd4dc15c899a41b00d3d0"",""hs_18q_d1:1dpu_t8"":""bf83ea123bc85b30f3c7f1f8a0de47c8366352fc37c099890eab75c8cba62cb8"",""hs_18q_d1:4dpu_t8"":""0f172b4535a71fb59dd5d4f406df828c33333cda1113d1c71db08b5d0e989d1e"",""quantization_stress_18q_l2:1dpu_t8"":""9d1e1ae9a325d84cef97b0fd9beffa9d4b3d783f00a4e38f6fce3a17114d3abb"",""quantization_stress_18q_l2:4dpu_t8"":""9d1e1ae9a325d84cef97b0fd9beffa9d4b3d783f00a4e38f6fce3a17114d3abb""}"
49,9,2.2392293642610492,1.0,7,0.5414741851996391,0.45232358896253566,0.006202225837825213,0.27073709259981954,0.27073709259981954,0.45232358896253566,0.006202225837825213,0.0,0.0,"{""edc_18q:1dpu_t8"":""cf23b184355b080f3bead1d9d754a3c2c295746793109413aedfff30da27b94e"",""edc_18q:4dpu_t8"":""cf23b184355b080f3bead1d9d754a3c2c295746793109413aedfff30da27b94e"",""ghz_chain_18q:1dpu_t8"":""9f9e62a16e205e4bd5eb1d1b8f62cade3177ef00fa9bd4dc15c899a41b00d3d0"",""ghz_chain_18q:4dpu_t8"":""9f9e62a16e205e4bd5eb1d1b8f62cade3177ef00fa9bd4dc15c899a41b00d3d0"",""hs_18q_d1:1dpu_t8"":""bf83ea123bc85b30f3c7f1f8a0de47c8366352fc37c099890eab75c8cba62cb8"",""hs_18q_d1:4dpu_t8"":""0f172b4535a71fb59dd5d4f406df828c33333cda1113d1c71db08b5d0e989d1e"",""quantization_stress_18q_l2:1dpu_t8"":""e56fd025e7fdf900c75302bb6e7212f78d89deef09b236732a001e9f5c5001c1"",""quantization_stress_18q_l2:4dpu_t8"":""e56fd025e7fdf900c75302bb6e7212f78d89deef09b236732a001e9f5c5001c1""}"
50,4,2.2437854636927237,1.0,7,0.22063680206282787,0.7768451800394555,0.002518017897716659,0.11031840103141394,0.11031840103141394,0.7768451800394555,0.002518017897716659,0.0,0.0,"{""edc_18q:1dpu_t8"":""cf23b184355b080f3bead1d9d754a3c2c295746793109413aedfff30da27b94e"",""edc_18q:4dpu_t8"":""cf23b184355b080f3bead1d9d754a3c2c295746793109413aedfff30da27b94e"",""ghz_chain_18q:1dpu_t8"":""9f9e62a16e205e4bd5eb1d1b8f62cade3177ef00fa9bd4dc15c899a41b00d3d0"",""ghz_chain_18q:4dpu_t8"":""9f9e62a16e205e4bd5eb1d1b8f62cade3177ef00fa9bd4dc15c899a41b00d3d0"",""hs_18q_d1:1dpu_t8"":""bf83ea123bc85b30f3c7f1f8a0de47c8366352fc37c099890eab75c8cba62cb8"",""hs_18q_d1:4dpu_t8"":""0f172b4535a71fb59dd5d4f406df828c33333cda1113d1c71db08b5d0e989d1e"",""quantization_stress_18q_l2:1dpu_t8"":""9d1e1ae9a325d84cef97b0fd9beffa9d4b3d783f00a4e38f6fce3a17114d3abb"",""quantization_stress_18q_l2:4dpu_t8"":""9d1e1ae9a325d84cef97b0fd9beffa9d4b3d783f00a4e38f6fce3a17114d3abb""}"
51,8,2.2815114202740046,1.041845644222677,8,0.3715322706836804,0.40507521716230527,0.2233925121540143,0.1857661353418402,0.1857661353418402,0.40507521716230527,0.2233925121540143,0.0,0.0,"{""edc_18q:1dpu_t8"":""cf23b184355b080f3bead1d9d754a3c2c295746793109413aedfff30da27b94e"",""edc_18q:4dpu_t8"":""cf23b184355b080f3bead1d9d754a3c2c295746793109413aedfff30da27b94e"",""ghz_chain_18q:1dpu_t8"":""9f9e62a16e205e4bd5eb1d1b8f62cade3177ef00fa9bd4dc15c899a41b00d3d0"",""ghz_chain_18q:4dpu_t8"":""9f9e62a16e205e4bd5eb1d1b8f62cade3177ef00fa9bd4dc15c899a41b00d3d0"",""hs_18q_d1:1dpu_t8"":""0f172b4535a71fb59dd5d4f406df828c33333cda1113d1c71db08b5d0e989d1e"",""hs_18q_d1:4dpu_t8"":""0f172b4535a71fb59dd5d4f406df828c33333cda1113d1c71db08b5d0e989d1e"",""quantization_stress_18q_l2:1dpu_t8"":""e56fd025e7fdf900c75302bb6e7212f78d89deef09b236732a001e9f5c5001c1"",""quantization_stress_18q_l2:4dpu_t8"":""e56fd025e7fdf900c75302bb6e7212f78d89deef09b236732a001e9f5c5001c1""}"
52,8,2.2794245729550924,1.0163179096347865,8,0.3715322706836804,0.40507521716230527,0.2233925121540143,0.1857661353418402,0.1857661353418402,0.40507521716230527,0.2233925121540143,0.0,0.0,"{""edc_18q:1dpu_t8"":""cf23b184355b080f3bead1d9d754a3c2c295746793109413aedfff30da27b94e"",""edc_18q:4dpu_t8"":""cf23b184355b080f3bead1d9d754a3c2c295746793109413aedfff30da27b94e"",""ghz_chain_18q:1dpu_t8"":""9f9e62a16e205e4bd5eb1d1b8f62cade3177ef00fa9bd4dc15c899a41b00d3d0"",""ghz_chain_18q:4dpu_t8"":""9f9e62a16e205e4bd5eb1d1b8f62cade3177ef00fa9bd4dc15c899a41b00d3d0"",""hs_18q_d1:1dpu_t8"":""0f172b4535a71fb59dd5d4f406df828c33333cda1113d1c71db08b5d0e989d1e"",""hs_18q_d1:4dpu_t8"":""0f172b4535a71fb59dd5d4f406df828c33333cda1113d1c71db08b5d0e989d1e"",""quantization_stress_18q_l2:1dpu_t8"":""e56fd025e7fdf900c75302bb6e7212f78d89deef09b236732a001e9f5c5001c1"",""quantization_stress_18q_l2:4dpu_t8"":""e56fd025e7fdf900c75302bb6e7212f78d89deef09b236732a001e9f5c5001c1""}"
53,3,2.265917750176765,1.041845644222677,8,0.0,1.0,0.0,0.0,0.0,1.0,0.0,0.0,0.0,"{""edc_18q:1dpu_t8"":""cf23b184355b080f3bead1d9d754a3c2c295746793109413aedfff30da27b94e"",""edc_18q:4dpu_t8"":""cf23b184355b080f3bead1d9d754a3c2c295746793109413aedfff30da27b94e"",""ghz_chain_18q:1dpu_t8"":""9f9e62a16e205e4bd5eb1d1b8f62cade3177ef00fa9bd4dc15c899a41b00d3d0"",""ghz_chain_18q:4dpu_t8"":""9f9e62a16e205e4bd5eb1d1b8f62cade3177ef00fa9bd4dc15c899a41b00d3d0"",""hs_18q_d1:1dpu_t8"":""0f172b4535a71fb59dd5d4f406df828c33333cda1113d1c71db08b5d0e989d1e"",""hs_18q_d1:4dpu_t8"":""0f172b4535a71fb59dd5d4f406df828c33333cda1113d1c71db08b5d0e989d1e"",""quantization_stress_18q_l2:1dpu_t8"":""9d1e1ae9a325d84cef97b0fd9beffa9d4b3d783f00a4e38f6fce3a17114d3abb"",""quantization_stress_18q_l2:4dpu_t8"":""9d1e1ae9a325d84cef97b0fd9beffa9d4b3d783f00a4e38f6fce3a17114d3abb""}"
54,9,2.2444705292421276,1.0,7,0.5414741851996391,0.45232358896253566,0.006202225837825213,0.27073709259981954,0.27073709259981954,0.45232358896253566,0.006202225837825213,0.0,0.0,"{""edc_18q:1dpu_t8"":""cf23b184355b080f3bead1d9d754a3c2c295746793109413aedfff30da27b94e"",""edc_18q:4dpu_t8"":""cf23b184355b080f3bead1d9d754a3c2c295746793109413aedfff30da27b94e"",""ghz_chain_18q:1dpu_t8"":""9f9e62a16e205e4bd5eb1d1b8f62cade3177ef00fa9bd4dc15c899a41b00d3d0"",""ghz_chain_18q:4dpu_t8"":""9f9e62a16e205e4bd5eb1d1b8f62cade3177ef00fa9bd4dc15c899a41b00d3d0"",""hs_18q_d1:1dpu_t8"":""bf83ea123bc85b30f3c7f1f8a0de47c8366352fc37c099890eab75c8cba62cb8"",""hs_18q_d1:4dpu_t8"":""0f172b4535a71fb59dd5d4f406df828c33333cda1113d1c71db08b5d0e989d1e"",""quantization_stress_18q_l2:1dpu_t8"":""e56fd025e7fdf900c75302bb6e7212f78d89deef09b236732a001e9f5c5001c1"",""quantization_stress_18q_l2:4dpu_t8"":""e56fd025e7fdf900c75302bb6e7212f78d89deef09b236732a001e9f5c5001c1""}"
55,4,2.2493999827421525,1.0,7,0.22063680206282787,0.7768451800394555,0.002518017897716659,0.11031840103141394,0.11031840103141394,0.7768451800394555,0.002518017897716659,0.0,0.0,"{""edc_18q:1dpu_t8"":""cf23b184355b080f3bead1d9d754a3c2c295746793109413aedfff30da27b94e"",""edc_18q:4dpu_t8"":""cf23b184355b080f3bead1d9d754a3c2c295746793109413aedfff30da27b94e"",""ghz_chain_18q:1dpu_t8"":""9f9e62a16e205e4bd5eb1d1b8f62cade3177ef00fa9bd4dc15c899a41b00d3d0"",""ghz_chain_18q:4dpu_t8"":""9f9e62a16e205e4bd5eb1d1b8f62cade3177ef00fa9bd4dc15c899a41b00d3d0"",""hs_18q_d1:1dpu_t8"":""bf83ea123bc85b30f3c7f1f8a0de47c8366352fc37c099890eab75c8cba62cb8"",""hs_18q_d1:4dpu_t8"":""0f172b4535a71fb59dd5d4f406df828c33333cda1113d1c71db08b5d0e989d1e"",""quantization_stress_18q_l2:1dpu_t8"":""9d1e1ae9a325d84cef97b0fd9beffa9d4b3d783f00a4e38f6fce3a17114d3abb"",""quantization_stress_18q_l2:4dpu_t8"":""9d1e1ae9a325d84cef97b0fd9beffa9d4b3d783f00a4e38f6fce3a17114d3abb""}"
56,5,2.2287665293431917,1.0,6,0.024368166273412584,0.9754242110524387,0.00020762267414873057,0.012184083136706292,0.012184083136706292,0.9754242110524387,0.00020762267414873057,0.0,0.0,"{""edc_18q:1dpu_t8"":""cf23b184355b080f3bead1d9d754a3c2c295746793109413aedfff30da27b94e"",""edc_18q:4dpu_t8"":""cf23b184355b080f3bead1d9d754a3c2c295746793109413aedfff30da27b94e"",""ghz_chain_18q:1dpu_t8"":""9f9e62a16e205e4bd5eb1d1b8f62cade3177ef00fa9bd4dc15c899a41b00d3d0"",""ghz_chain_18q:4dpu_t8"":""9f9e62a16e205e4bd5eb1d1b8f62cade3177ef00fa9bd4dc15c899a41b00d3d0"",""hs_18q_d1:1dpu_t8"":""bf83ea123bc85b30f3c7f1f8a0de47c8366352fc37c099890eab75c8cba62cb8"",""hs_18q_d1:4dpu_t8"":""bf83ea123bc85b30f3c7f1f8a0de47c8366352fc37c099890eab75c8cba62cb8"",""quantization_stress_18q_l2:1dpu_t8"":""9d1e1ae9a325d84cef97b0fd9beffa9d4b3d783f00a4e38f6fce3a17114d3abb"",""quantization_stress_18q_l2:4dpu_t8"":""9d1e1ae9a325d84cef97b0fd9beffa9d4b3d783f00a4e38f6fce3a17114d3abb""}"
57,4,2.2368139052750324,1.0,7,0.22063680206282787,0.7768451800394555,0.002518017897716659,0.11031840103141394,0.11031840103141394,0.7768451800394555,0.002518017897716659,0.0,0.0,"{""edc_18q:1dpu_t8"":""cf23b184355b080f3bead1d9d754a3c2c295746793109413aedfff30da27b94e"",""edc_18q:4dpu_t8"":""cf23b184355b080f3bead1d9d754a3c2c295746793109413aedfff30da27b94e"",""ghz_chain_18q:1dpu_t8"":""9f9e62a16e205e4bd5eb1d1b8f62cade3177ef00fa9bd4dc15c899a41b00d3d0"",""ghz_chain_18q:4dpu_t8"":""9f9e62a16e205e4bd5eb1d1b8f62cade3177ef00fa9bd4dc15c899a41b00d3d0"",""hs_18q_d1:1dpu_t8"":""bf83ea123bc85b30f3c7f1f8a0de47c8366352fc37c099890eab75c8cba62cb8"",""hs_18q_d1:4dpu_t8"":""0f172b4535a71fb59dd5d4f406df828c33333cda1113d1c71db08b5d0e989d1e"",""quantization_stress_18q_l2:1dpu_t8"":""9d1e1ae9a325d84cef97b0fd9beffa9d4b3d783f00a4e38f6fce3a17114d3abb"",""quantization_stress_18q_l2:4dpu_t8"":""9d1e1ae9a325d84cef97b0fd9beffa9d4b3d783f00a4e38f6fce3a17114d3abb""}"
58,10,2.2312530023947312,1.0,6,0.47630996810097936,0.518889877536195,0.004800154362825642,0.23815498405048968,0.23815498405048968,0.518889877536195,0.004800154362825642,0.0,0.0,"{""edc_18q:1dpu_t8"":""cf23b184355b080f3bead1d9d754a3c2c295746793109413aedfff30da27b94e"",""edc_18q:4dpu_t8"":""cf23b184355b080f3bead1d9d754a3c2c295746793109413aedfff30da27b94e"",""ghz_chain_18q:1dpu_t8"":""9f9e62a16e205e4bd5eb1d1b8f62cade3177ef00fa9bd4dc15c899a41b00d3d0"",""ghz_chain_18q:4dpu_t8"":""9f9e62a16e205e4bd5eb1d1b8f62cade3177ef00fa9bd4dc15c899a41b00d3d0"",""hs_18q_d1:1dpu_t8"":""bf83ea123bc85b30f3c7f1f8a0de47c8366352fc37c099890eab75c8cba62cb8"",""hs_18q_d1:4dpu_t8"":""bf83ea123bc85b30f3c7f1f8a0de47c8366352fc37c099890eab75c8cba62cb8"",""quantization_stress_18q_l2:1dpu_t8"":""e56fd025e7fdf900c75302bb6e7212f78d89deef09b236732a001e9f5c5001c1"",""quantization_stress_18q_l2:4dpu_t8"":""e56fd025e7fdf900c75302bb6e7212f78d89deef09b236732a001e9f5c5001c1""}"
59,9,2.244917391259848,1.0,7,0.5414741851996391,0.45232358896253566,0.006202225837825213,0.27073709259981954,0.27073709259981954,0.45232358896253566,0.006202225837825213,0.0,0.0,"{""edc_18q:1dpu_t8"":""cf23b184355b080f3bead1d9d754a3c2c295746793109413aedfff30da27b94e"",""edc_18q:4dpu_t8"":""cf23b184355b080f3bead1d9d754a3c2c295746793109413aedfff30da27b94e"",""ghz_chain_18q:1dpu_t8"":""9f9e62a16e205e4bd5eb1d1b8f62cade3177ef00fa9bd4dc15c899a41b00d3d0"",""ghz_chain_18q:4dpu_t8"":""9f9e62a16e205e4bd5eb1d1b8f62cade3177ef00fa9bd4dc15c899a41b00d3d0"",""hs_18q_d1:1dpu_t8"":""bf83ea123bc85b30f3c7f1f8a0de47c8366352fc37c099890eab75c8cba62cb8"",""hs_18q_d1:4dpu_t8"":""0f172b4535a71fb59dd5d4f406df828c33333cda1113d1c71db08b5d0e989d1e"",""quantization_stress_18q_l2:1dpu_t8"":""e56fd025e7fdf900c75302bb6e7212f78d89deef09b236732a001e9f5c5001c1"",""quantization_stress_18q_l2:4dpu_t8"":""e56fd025e7fdf900c75302bb6e7212f78d89deef09b236732a001e9f5c5001c1""}"
60,9,2.2563445882322433,1.0,7,0.5414741851996391,0.45232358896253566,0.006202225837825213,0.27073709259981954,0.27073709259981954,0.45232358896253566,0.006202225837825213,0.0,0.0,"{""edc_18q:1dpu_t8"":""cf23b184355b080f3bead1d9d754a3c2c295746793109413aedfff30da27b94e"",""edc_18q:4dpu_t8"":""cf23b184355b080f3bead1d9d754a3c2c295746793109413aedfff30da27b94e"",""ghz_chain_18q:1dpu_t8"":""9f9e62a16e205e4bd5eb1d1b8f62cade3177ef00fa9bd4dc15c899a41b00d3d0"",""ghz_chain_18q:4dpu_t8"":""9f9e62a16e205e4bd5eb1d1b8f62cade3177ef00fa9bd4dc15c899a41b00d3d0"",""hs_18q_d1:1dpu_t8"":""bf83ea123bc85b30f3c7f1f8a0de47c8366352fc37c099890eab75c8cba62cb8"",""hs_18q_d1:4dpu_t8"":""0f172b4535a71fb59dd5d4f406df828c33333cda1113d1c71db08b5d0e989d1e"",""quantization_stress_18q_l2:1dpu_t8"":""e56fd025e7fdf900c75302bb6e7212f78d89deef09b236732a001e9f5c5001c1"",""quantization_stress_18q_l2:4dpu_t8"":""e56fd025e7fdf900c75302bb6e7212f78d89deef09b236732a001e9f5c5001c1""}"
61,4,2.2684965509309594,1.0,7,0.22063680206282787,0.7768451800394555,0.002518017897716659,0.11031840103141394,0.11031840103141394,0.7768451800394555,0.002518017897716659,0.0,0.0,"{""edc_18q:1dpu_t8"":""cf23b184355b080f3bead1d9d754a3c2c295746793109413aedfff30da27b94e"",""edc_18q:4dpu_t8"":""cf23b184355b080f3bead1d9d754a3c2c295746793109413aedfff30da27b94e"",""ghz_chain_18q:1dpu_t8"":""9f9e62a16e205e4bd5eb1d1b8f62cade3177ef00fa9bd4dc15c899a41b00d3d0"",""ghz_chain_18q:4dpu_t8"":""9f9e62a16e205e4bd5eb1d1b8f62cade3177ef00fa9bd4dc15c899a41b00d3d0"",""hs_18q_d1:1dpu_t8"":""bf83ea123bc85b30f3c7f1f8a0de47c8366352fc37c099890eab75c8cba62cb8"",""hs_18q_d1:4dpu_t8"":""0f172b4535a71fb59dd5d4f406df828c33333cda1113d1c71db08b5d0e989d1e"",""quantization_stress_18q_l2:1dpu_t8"":""9d1e1ae9a325d84cef97b0fd9beffa9d4b3d783f00a4e38f6fce3a17114d3abb"",""quantization_stress_18q_l2:4dpu_t8"":""9d1e1ae9a325d84cef97b0fd9beffa9d4b3d783f00a4e38f6fce3a17114d3abb""}"
62,4,2.2206969426656253,1.0,7,0.22063680206282787,0.7768451800394555,0.002518017897716659,0.11031840103141394,0.11031840103141394,0.7768451800394555,0.002518017897716659,0.0,0.0,"{""edc_18q:1dpu_t8"":""cf23b184355b080f3bead1d9d754a3c2c295746793109413aedfff30da27b94e"",""edc_18q:4dpu_t8"":""cf23b184355b080f3bead1d9d754a3c2c295746793109413aedfff30da27b94e"",""ghz_chain_18q:1dpu_t8"":""9f9e62a16e205e4bd5eb1d1b8f62cade3177ef00fa9bd4dc15c899a41b00d3d0"",""ghz_chain_18q:4dpu_t8"":""9f9e62a16e205e4bd5eb1d1b8f62cade3177ef00fa9bd4dc15c899a41b00d3d0"",""hs_18q_d1:1dpu_t8"":""bf83ea123bc85b30f3c7f1f8a0de47c8366352fc37c099890eab75c8cba62cb8"",""hs_18q_d1:4dpu_t8"":""0f172b4535a71fb59dd5d4f406df828c33333cda1113d1c71db08b5d0e989d1e"",""quantization_stress_18q_l2:1dpu_t8"":""9d1e1ae9a325d84cef97b0fd9beffa9d4b3d783f00a4e38f6fce3a17114d3abb"",""quantization_stress_18q_l2:4dpu_t8"":""9d1e1ae9a325d84cef97b0fd9beffa9d4b3d783f00a4e38f6fce3a17114d3abb""}"
63,10,2.2444920008936506,1.0,6,0.47630996810097936,0.518889877536195,0.004800154362825642,0.23815498405048968,0.23815498405048968,0.518889877536195,0.004800154362825642,0.0,0.0,"{""edc_18q:1dpu_t8"":""cf23b184355b080f3bead1d9d754a3c2c295746793109413aedfff30da27b94e"",""edc_18q:4dpu_t8"":""cf23b184355b080f3bead1d9d754a3c2c295746793109413aedfff30da27b94e"",""ghz_chain_18q:1dpu_t8"":""9f9e62a16e205e4bd5eb1d1b8f62cade3177ef00fa9bd4dc15c899a41b00d3d0"",""ghz_chain_18q:4dpu_t8"":""9f9e62a16e205e4bd5eb1d1b8f62cade3177ef00fa9bd4dc15c899a41b00d3d0"",""hs_18q_d1:1dpu_t8"":""bf83ea123bc85b30f3c7f1f8a0de47c8366352fc37c099890eab75c8cba62cb8"",""hs_18q_d1:4dpu_t8"":""bf83ea123bc85b30f3c7f1f8a0de47c8366352fc37c099890eab75c8cba62cb8"",""quantization_stress_18q_l2:1dpu_t8"":""e56fd025e7fdf900c75302bb6e7212f78d89deef09b236732a001e9f5c5001c1"",""quantization_stress_18q_l2:4dpu_t8"":""e56fd025e7fdf900c75302bb6e7212f78d89deef09b236732a001e9f5c5001c1""}"
64,3,2.260427887057957,0.997529052435953,7,0.0,1.0,0.0,0.0,0.0,1.0,0.0,0.0,0.0,"{""edc_18q:1dpu_t8"":""cf23b184355b080f3bead1d9d754a3c2c295746793109413aedfff30da27b94e"",""edc_18q:4dpu_t8"":""cf23b184355b080f3bead1d9d754a3c2c295746793109413aedfff30da27b94e"",""ghz_chain_18q:1dpu_t8"":""9f9e62a16e205e4bd5eb1d1b8f62cade3177ef00fa9bd4dc15c899a41b00d3d0"",""ghz_chain_18q:4dpu_t8"":""9f9e62a16e205e4bd5eb1d1b8f62cade3177ef00fa9bd4dc15c899a41b00d3d0"",""hs_18q_d1:1dpu_t8"":""0f172b4535a71fb59dd5d4f406df828c33333cda1113d1c71db08b5d0e989d1e"",""hs_18q_d1:4dpu_t8"":""0f172b4535a71fb59dd5d4f406df828c33333cda1113d1c71db08b5d0e989d1e"",""quantization_stress_18q_l2:1dpu_t8"":""9d1e1ae9a325d84cef97b0fd9beffa9d4b3d783f00a4e38f6fce3a17114d3abb"",""quantization_stress_18q_l2:4dpu_t8"":""9d1e1ae9a325d84cef97b0fd9beffa9d4b3d783f00a4e38f6fce3a17114d3abb""}"
65,4,2.2421115467535917,1.0,7,0.22063680206282787,0.7768451800394555,0.002518017897716659,0.11031840103141394,0.11031840103141394,0.7768451800394555,0.002518017897716659,0.0,0.0,"{""edc_18q:1dpu_t8"":""cf23b184355b080f3bead1d9d754a3c2c295746793109413aedfff30da27b94e"",""edc_18q:4dpu_t8"":""cf23b184355b080f3bead1d9d754a3c2c295746793109413aedfff30da27b94e"",""ghz_chain_18q:1dpu_t8"":""9f9e62a16e205e4bd5eb1d1b8f62cade3177ef00fa9bd4dc15c899a41b00d3d0"",""ghz_chain_18q:4dpu_t8"":""9f9e62a16e205e4bd5eb1d1b8f62cade3177ef00fa9bd4dc15c899a41b00d3d0"",""hs_18q_d1:1dpu_t8"":""bf83ea123bc85b30f3c7f1f8a0de47c8366352fc37c099890eab75c8cba62cb8"",""hs_18q_d1:4dpu_t8"":""0f172b4535a71fb59dd5d4f406df828c33333cda1113d1c71db08b5d0e989d1e"",""quantization_stress_18q_l2:1dpu_t8"":""9d1e1ae9a325d84cef97b0fd9beffa9d4b3d783f00a4e38f6fce3a17114d3abb"",""quantization_stress_18q_l2:4dpu_t8"":""9d1e1ae9a325d84cef97b0fd9beffa9d4b3d783f00a4e38f6fce3a17114d3abb""}"
66,4,2.2543510946260508,1.0,7,0.22063680206282787,0.7768451800394555,0.002518017897716659,0.11031840103141394,0.11031840103141394,0.7768451800394555,0.002518017897716659,0.0,0.0,"{""edc_18q:1dpu_t8"":""cf23b184355b080f3bead1d9d754a3c2c295746793109413aedfff30da27b94e"",""edc_18q:4dpu_t8"":""cf23b184355b080f3bead1d9d754a3c2c295746793109413aedfff30da27b94e"",""ghz_chain_18q:1dpu_t8"":""9f9e62a16e205e4bd5eb1d1b8f62cade3177ef00fa9bd4dc15c899a41b00d3d0"",""ghz_chain_18q:4dpu_t8"":""9f9e62a16e205e4bd5eb1d1b8f62cade3177ef00fa9bd4dc15c899a41b00d3d0"",""hs_18q_d1:1dpu_t8"":""bf83ea123bc85b30f3c7f1f8a0de47c8366352fc37c099890eab75c8cba62cb8"",""hs_18q_d1:4dpu_t8"":""0f172b4535a71fb59dd5d4f406df828c33333cda1113d1c71db08b5d0e989d1e"",""quantization_stress_18q_l2:1dpu_t8"":""9d1e1ae9a325d84cef97b0fd9beffa9d4b3d783f00a4e38f6fce3a17114d3abb"",""quantization_stress_18q_l2:4dpu_t8"":""9d1e1ae9a325d84cef97b0fd9beffa9d4b3d783f00a4e38f6fce3a17114d3abb""}"
67,5,2.2528626340998423,1.0,6,0.024368166273412584,0.9754242110524387,0.00020762267414873057,0.012184083136706292,0.012184083136706292,0.9754242110524387,0.00020762267414873057,0.0,0.0,"{""edc_18q:1dpu_t8"":""cf23b184355b080f3bead1d9d754a3c2c295746793109413aedfff30da27b94e"",""edc_18q:4dpu_t8"":""cf23b184355b080f3bead1d9d754a3c2c295746793109413aedfff30da27b94e"",""ghz_chain_18q:1dpu_t8"":""9f9e62a16e205e4bd5eb1d1b8f62cade3177ef00fa9bd4dc15c899a41b00d3d0"",""ghz_chain_18q:4dpu_t8"":""9f9e62a16e205e4bd5eb1d1b8f62cade3177ef00fa9bd4dc15c899a41b00d3d0"",""hs_18q_d1:1dpu_t8"":""bf83ea123bc85b30f3c7f1f8a0de47c8366352fc37c099890eab75c8cba62cb8"",""hs_18q_d1:4dpu_t8"":""bf83ea123bc85b30f3c7f1f8a0de47c8366352fc37c099890eab75c8cba62cb8"",""quantization_stress_18q_l2:1dpu_t8"":""9d1e1ae9a325d84cef97b0fd9beffa9d4b3d783f00a4e38f6fce3a17114d3abb"",""quantization_stress_18q_l2:4dpu_t8"":""9d1e1ae9a325d84cef97b0fd9beffa9d4b3d783f00a4e38f6fce3a17114d3abb""}"
68,5,2.241471670835782,1.0,6,0.024368166273412584,0.9754242110524387,0.00020762267414873057,0.012184083136706292,0.012184083136706292,0.9754242110524387,0.00020762267414873057,0.0,0.0,"{""edc_18q:1dpu_t8"":""cf23b184355b080f3bead1d9d754a3c2c295746793109413aedfff30da27b94e"",""edc_18q:4dpu_t8"":""cf23b184355b080f3bead1d9d754a3c2c295746793109413aedfff30da27b94e"",""ghz_chain_18q:1dpu_t8"":""9f9e62a16e205e4bd5eb1d1b8f62cade3177ef00fa9bd4dc15c899a41b00d3d0"",""ghz_chain_18q:4dpu_t8"":""9f9e62a16e205e4bd5eb1d1b8f62cade3177ef00fa9bd4dc15c899a41b00d3d0"",""hs_18q_d1:1dpu_t8"":""bf83ea123bc85b30f3c7f1f8a0de47c8366352fc37c099890eab75c8cba62cb8"",""hs_18q_d1:4dpu_t8"":""bf83ea123bc85b30f3c7f1f8a0de47c8366352fc37c099890eab75c8cba62cb8"",""quantization_stress_18q_l2:1dpu_t8"":""9d1e1ae9a325d84cef97b0fd9beffa9d4b3d783f00a4e38f6fce3a17114d3abb"",""quantization_stress_18q_l2:4dpu_t8"":""9d1e1ae9a325d84cef97b0fd9beffa9d4b3d783f00a4e38f6fce3a17114d3abb""}"
69,8,2.2960925544073585,1.041845644222677,8,0.3715322706836804,0.40507521716230527,0.2233925121540143,0.1857661353418402,0.1857661353418402,0.40507521716230527,0.2233925121540143,0.0,0.0,"{""edc_18q:1dpu_t8"":""cf23b184355b080f3bead1d9d754a3c2c295746793109413aedfff30da27b94e"",""edc_18q:4dpu_t8"":""cf23b184355b080f3bead1d9d754a3c2c295746793109413aedfff30da27b94e"",""ghz_chain_18q:1dpu_t8"":""9f9e62a16e205e4bd5eb1d1b8f62cade3177ef00fa9bd4dc15c899a41b00d3d0"",""ghz_chain_18q:4dpu_t8"":""9f9e62a16e205e4bd5eb1d1b8f62cade3177ef00fa9bd4dc15c899a41b00d3d0"",""hs_18q_d1:1dpu_t8"":""0f172b4535a71fb59dd5d4f406df828c33333cda1113d1c71db08b5d0e989d1e"",""hs_18q_d1:4dpu_t8"":""0f172b4535a71fb59dd5d4f406df828c33333cda1113d1c71db08b5d0e989d1e"",""quantization_stress_18q_l2:1dpu_t8"":""e56fd025e7fdf900c75302bb6e7212f78d89deef09b236732a001e9f5c5001c1"",""quantization_stress_18q_l2:4dpu_t8"":""e56fd025e7fdf900c75302bb6e7212f78d89deef09b236732a001e9f5c5001c1""}"
70,4,2.2372397331599716,1.0,7,0.22063680206282787,0.7768451800394555,0.002518017897716659,0.11031840103141394,0.11031840103141394,0.7768451800394555,0.002518017897716659,0.0,0.0,"{""edc_18q:1dpu_t8"":""cf23b184355b080f3bead1d9d754a3c2c295746793109413aedfff30da27b94e"",""edc_18q:4dpu_t8"":""cf23b184355b080f3bead1d9d754a3c2c295746793109413aedfff30da27b94e"",""ghz_chain_18q:1dpu_t8"":""9f9e62a16e205e4bd5eb1d1b8f62cade3177ef00fa9bd4dc15c899a41b00d3d0"",""ghz_chain_18q:4dpu_t8"":""9f9e62a16e205e4bd5eb1d1b8f62cade3177ef00fa9bd4dc15c899a41b00d3d0"",""hs_18q_d1:1dpu_t8"":""bf83ea123bc85b30f3c7f1f8a0de47c8366352fc37c099890eab75c8cba62cb8"",""hs_18q_d1:4dpu_t8"":""0f172b4535a71fb59dd5d4f406df828c33333cda1113d1c71db08b5d0e989d1e"",""quantization_stress_18q_l2:1dpu_t8"":""9d1e1ae9a325d84cef97b0fd9beffa9d4b3d783f00a4e38f6fce3a17114d3abb"",""quantization_stress_18q_l2:4dpu_t8"":""9d1e1ae9a325d84cef97b0fd9beffa9d4b3d783f00a4e38f6fce3a17114d3abb""}"
71,5,2.2388932768122896,1.0,6,0.024368166273412584,0.9754242110524387,0.00020762267414873057,0.012184083136706292,0.012184083136706292,0.9754242110524387,0.00020762267414873057,0.0,0.0,"{""edc_18q:1dpu_t8"":""cf23b184355b080f3bead1d9d754a3c2c295746793109413aedfff30da27b94e"",""edc_18q:4dpu_t8"":""cf23b184355b080f3bead1d9d754a3c2c295746793109413aedfff30da27b94e"",""ghz_chain_18q:1dpu_t8"":""9f9e62a16e205e4bd5eb1d1b8f62cade3177ef00fa9bd4dc15c899a41b00d3d0"",""ghz_chain_18q:4dpu_t8"":""9f9e62a16e205e4bd5eb1d1b8f62cade3177ef00fa9bd4dc15c899a41b00d3d0"",""hs_18q_d1:1dpu_t8"":""bf83ea123bc85b30f3c7f1f8a0de47c8366352fc37c099890eab75c8cba62cb8"",""hs_18q_d1:4dpu_t8"":""bf83ea123bc85b30f3c7f1f8a0de47c8366352fc37c099890eab75c8cba62cb8"",""quantization_stress_18q_l2:1dpu_t8"":""9d1e1ae9a325d84cef97b0fd9beffa9d4b3d783f00a4e38f6fce3a17114d3abb"",""quantization_stress_18q_l2:4dpu_t8"":""9d1e1ae9a325d84cef97b0fd9beffa9d4b3d783f00a4e38f6fce3a17114d3abb""}"
72,8,2.2684929692624585,1.0163179096347865,8,0.3715322706836804,0.40507521716230527,0.2233925121540143,0.1857661353418402,0.1857661353418402,0.40507521716230527,0.2233925121540143,0.0,0.0,"{""edc_18q:1dpu_t8"":""cf23b184355b080f3bead1d9d754a3c2c295746793109413aedfff30da27b94e"",""edc_18q:4dpu_t8"":""cf23b184355b080f3bead1d9d754a3c2c295746793109413aedfff30da27b94e"",""ghz_chain_18q:1dpu_t8"":""9f9e62a16e205e4bd5eb1d1b8f62cade3177ef00fa9bd4dc15c899a41b00d3d0"",""ghz_chain_18q:4dpu_t8"":""9f9e62a16e205e4bd5eb1d1b8f62cade3177ef00fa9bd4dc15c899a41b00d3d0"",""hs_18q_d1:1dpu_t8"":""0f172b4535a71fb59dd5d4f406df828c33333cda1113d1c71db08b5d0e989d1e"",""hs_18q_d1:4dpu_t8"":""0f172b4535a71fb59dd5d4f406df828c33333cda1113d1c71db08b5d0e989d1e"",""quantization_stress_18q_l2:1dpu_t8"":""e56fd025e7fdf900c75302bb6e7212f78d89deef09b236732a001e9f5c5001c1"",""quantization_stress_18q_l2:4dpu_t8"":""e56fd025e7fdf900c75302bb6e7212f78d89deef09b236732a001e9f5c5001c1""}"
73,10,2.2440454474257368,1.0,6,0.47630996810097936,0.518889877536195,0.004800154362825642,0.23815498405048968,0.23815498405048968,0.518889877536195,0.004800154362825642,0.0,0.0,"{""edc_18q:1dpu_t8"":""cf23b184355b080f3bead1d9d754a3c2c295746793109413aedfff30da27b94e"",""edc_18q:4dpu_t8"":""cf23b184355b080f3bead1d9d754a3c2c295746793109413aedfff30da27b94e"",""ghz_chain_18q:1dpu_t8"":""9f9e62a16e205e4bd5eb1d1b8f62cade3177ef00fa9bd4dc15c899a41b00d3d0"",""ghz_chain_18q:4dpu_t8"":""9f9e62a16e205e4bd5eb1d1b8f62cade3177ef00fa9bd4dc15c899a41b00d3d0"",""hs_18q_d1:1dpu_t8"":""bf83ea123bc85b30f3c7f1f8a0de47c8366352fc37c099890eab75c8cba62cb8"",""hs_18q_d1:4dpu_t8"":""bf83ea123bc85b30f3c7f1f8a0de47c8366352fc37c099890eab75c8cba62cb8"",""quantization_stress_18q_l2:1dpu_t8"":""e56fd025e7fdf900c75302bb6e7212f78d89deef09b236732a001e9f5c5001c1"",""quantization_stress_18q_l2:4dpu_t8"":""e56fd025e7fdf900c75302bb6e7212f78d89deef09b236732a001e9f5c5001c1""}"
74,4,2.2784148629436656,1.0,7,0.22063680206282787,0.7768451800394555,0.002518017897716659,0.11031840103141394,0.11031840103141394,0.7768451800394555,0.002518017897716659,0.0,0.0,"{""edc_18q:1dpu_t8"":""cf23b184355b080f3bead1d9d754a3c2c295746793109413aedfff30da27b94e"",""edc_18q:4dpu_t8"":""cf23b184355b080f3bead1d9d754a3c2c295746793109413aedfff30da27b94e"",""ghz_chain_18q:1dpu_t8"":""9f9e62a16e205e4bd5eb1d1b8f62cade3177ef00fa9bd4dc15c899a41b00d3d0"",""ghz_chain_18q:4dpu_t8"":""9f9e62a16e205e4bd5eb1d1b8f62cade3177ef00fa9bd4dc15c899a41b00d3d0"",""hs_18q_d1:1dpu_t8"":""bf83ea123bc85b30f3c7f1f8a0de47c8366352fc37c099890eab75c8cba62cb8"",""hs_18q_d1:4dpu_t8"":""0f172b4535a71fb59dd5d4f406df828c33333cda1113d1c71db08b5d0e989d1e"",""quantization_stress_18q_l2:1dpu_t8"":""9d1e1ae9a325d84cef97b0fd9beffa9d4b3d783f00a4e38f6fce3a17114d3abb"",""quantization_stress_18q_l2:4dpu_t8"":""9d1e1ae9a325d84cef97b0fd9beffa9d4b3d783f00a4e38f6fce3a17114d3abb""}"
75,4,2.249296693790882,1.0,7,0.22063680206282787,0.7768451800394555,0.002518017897716659,0.11031840103141394,0.11031840103141394,0.7768451800394555,0.002518017897716659,0.0,0.0,"{""edc_18q:1dpu_t8"":""cf23b184355b080f3bead1d9d754a3c2c295746793109413aedfff30da27b94e"",""edc_18q:4dpu_t8"":""cf23b184355b080f3bead1d9d754a3c2c295746793109413aedfff30da27b94e"",""ghz_chain_18q:1dpu_t8"":""9f9e62a16e205e4bd5eb1d1b8f62cade3177ef00fa9bd4dc15c899a41b00d3d0"",""ghz_chain_18q:4dpu_t8"":""9f9e62a16e205e4bd5eb1d1b8f62cade3177ef00fa9bd4dc15c899a41b00d3d0"",""hs_18q_d1:1dpu_t8"":""bf83ea123bc85b30f3c7f1f8a0de47c8366352fc37c099890eab75c8cba62cb8"",""hs_18q_d1:4dpu_t8"":""0f172b4535a71fb59dd5d4f406df828c33333cda1113d1c71db08b5d0e989d1e"",""quantization_stress_18q_l2:1dpu_t8"":""9d1e1ae9a325d84cef97b0fd9beffa9d4b3d783f00a4e38f6fce3a17114d3abb"",""quantization_stress_18q_l2:4dpu_t8"":""9d1e1ae9a325d84cef97b0fd9beffa9d4b3d783f00a4e38f6fce3a17114d3abb""}"
76,10,2.22558885791783,1.0,6,0.47630996810097936,0.518889877536195,0.004800154362825642,0.23815498405048968,0.23815498405048968,0.518889877536195,0.004800154362825642,0.0,0.0,"{""edc_18q:1dpu_t8"":""cf23b184355b080f3bead1d9d754a3c2c295746793109413aedfff30da27b94e"",""edc_18q:4dpu_t8"":""cf23b184355b080f3bead1d9d754a3c2c295746793109413aedfff30da27b94e"",""ghz_chain_18q:1dpu_t8"":""9f9e62a16e205e4bd5eb1d1b8f62cade3177ef00fa9bd4dc15c899a41b00d3d0"",""ghz_chain_18q:4dpu_t8"":""9f9e62a16e205e4bd5eb1d1b8f62cade3177ef00fa9bd4dc15c899a41b00d3d0"",""hs_18q_d1:1dpu_t8"":""bf83ea123bc85b30f3c7f1f8a0de47c8366352fc37c099890eab75c8cba62cb8"",""hs_18q_d1:4dpu_t8"":""bf83ea123bc85b30f3c7f1f8a0de47c8366352fc37c099890eab75c8cba62cb8"",""quantization_stress_18q_l2:1dpu_t8"":""e56fd025e7fdf900c75302bb6e7212f78d89deef09b236732a001e9f5c5001c1"",""quantization_stress_18q_l2:4dpu_t8"":""e56fd025e7fdf900c75302bb6e7212f78d89deef09b236732a001e9f5c5001c1""}"
77,4,2.2597002489527083,1.0,7,0.22063680206282787,0.7768451800394555,0.002518017897716659,0.11031840103141394,0.11031840103141394,0.7768451800394555,0.002518017897716659,0.0,0.0,"{""edc_18q:1dpu_t8"":""cf23b184355b080f3bead1d9d754a3c2c295746793109413aedfff30da27b94e"",""edc_18q:4dpu_t8"":""cf23b184355b080f3bead1d9d754a3c2c295746793109413aedfff30da27b94e"",""ghz_chain_18q:1dpu_t8"":""9f9e62a16e205e4bd5eb1d1b8f62cade3177ef00fa9bd4dc15c899a41b00d3d0"",""ghz_chain_18q:4dpu_t8"":""9f9e62a16e205e4bd5eb1d1b8f62cade3177ef00fa9bd4dc15c899a41b00d3d0"",""hs_18q_d1:1dpu_t8"":""bf83ea123bc85b30f3c7f1f8a0de47c8366352fc37c099890eab75c8cba62cb8"",""hs_18q_d1:4dpu_t8"":""0f172b4535a71fb59dd5d4f406df828c33333cda1113d1c71db08b5d0e989d1e"",""quantization_stress_18q_l2:1dpu_t8"":""9d1e1ae9a325d84cef97b0fd9beffa9d4b3d783f00a4e38f6fce3a17114d3abb"",""quantization_stress_18q_l2:4dpu_t8"":""9d1e1ae9a325d84cef97b0fd9beffa9d4b3d783f00a4e38f6fce3a17114d3abb""}"
78,5,2.22126290406458,1.0,6,0.024368166273412584,0.9754242110524387,0.00020762267414873057,0.012184083136706292,0.012184083136706292,0.9754242110524387,0.00020762267414873057,0.0,0.0,"{""edc_18q:1dpu_t8"":""cf23b184355b080f3bead1d9d754a3c2c295746793109413aedfff30da27b94e"",""edc_18q:4dpu_t8"":""cf23b184355b080f3bead1d9d754a3c2c295746793109413aedfff30da27b94e"",""ghz_chain_18q:1dpu_t8"":""9f9e62a16e205e4bd5eb1d1b8f62cade3177ef00fa9bd4dc15c899a41b00d3d0"",""ghz_chain_18q:4dpu_t8"":""9f9e62a16e205e4bd5eb1d1b8f62cade3177ef00fa9bd4dc15c899a41b00d3d0"",""hs_18q_d1:1dpu_t8"":""bf83ea123bc85b30f3c7f1f8a0de47c8366352fc37c099890eab75c8cba62cb8"",""hs_18q_d1:4dpu_t8"":""bf83ea123bc85b30f3c7f1f8a0de47c8366352fc37c099890eab75c8cba62cb8"",""quantization_stress_18q_l2:1dpu_t8"":""9d1e1ae9a325d84cef97b0fd9beffa9d4b3d783f00a4e38f6fce3a17114d3abb"",""quantization_stress_18q_l2:4dpu_t8"":""9d1e1ae9a325d84cef97b0fd9beffa9d4b3d783f00a4e38f6fce3a17114d3abb""}"
79,4,2.229336792565868,1.0,7,0.22063680206282787,0.7768451800394555,0.002518017897716659,0.11031840103141394,0.11031840103141394,0.7768451800394555,0.002518017897716659,0.0,0.0,"{""edc_18q:1dpu_t8"":""cf23b184355b080f3bead1d9d754a3c2c295746793109413aedfff30da27b94e"",""edc_18q:4dpu_t8"":""cf23b184355b080f3bead1d9d754a3c2c295746793109413aedfff30da27b94e"",""ghz_chain_18q:1dpu_t8"":""9f9e62a16e205e4bd5eb1d1b8f62cade3177ef00fa9bd4dc15c899a41b00d3d0"",""ghz_chain_18q:4dpu_t8"":""9f9e62a16e205e4bd5eb1d1b8f62cade3177ef00fa9bd4dc15c899a41b00d3d0"",""hs_18q_d1:1dpu_t8"":""bf83ea123bc85b30f3c7f1f8a0de47c8366352fc37c099890eab75c8cba62cb8"",""hs_18q_d1:4dpu_t8"":""0f172b4535a71fb59dd5d4f406df828c33333cda1113d1c71db08b5d0e989d1e"",""quantization_stress_18q_l2:1dpu_t8"":""9d1e1ae9a325d84cef97b0fd9beffa9d4b3d783f00a4e38f6fce3a17114d3abb"",""quantization_stress_18q_l2:4dpu_t8"":""9d1e1ae9a325d84cef97b0fd9beffa9d4b3d783f00a4e38f6fce3a17114d3abb""}"
80,9,2.2431853914301865,1.0,7,0.5414741851996391,0.45232358896253566,0.006202225837825213,0.27073709259981954,0.27073709259981954,0.45232358896253566,0.006202225837825213,0.0,0.0,"{""edc_18q:1dpu_t8"":""cf23b184355b080f3bead1d9d754a3c2c295746793109413aedfff30da27b94e"",""edc_18q:4dpu_t8"":""cf23b184355b080f3bead1d9d754a3c2c295746793109413aedfff30da27b94e"",""ghz_chain_18q:1dpu_t8"":""9f9e62a16e205e4bd5eb1d1b8f62cade3177ef00fa9bd4dc15c899a41b00d3d0"",""ghz_chain_18q:4dpu_t8"":""9f9e62a16e205e4bd5eb1d1b8f62cade3177ef00fa9bd4dc15c899a41b00d3d0"",""hs_18q_d1:1dpu_t8"":""bf83ea123bc85b30f3c7f1f8a0de47c8366352fc37c099890eab75c8cba62cb8"",""hs_18q_d1:4dpu_t8"":""0f172b4535a71fb59dd5d4f406df828c33333cda1113d1c71db08b5d0e989d1e"",""quantization_stress_18q_l2:1dpu_t8"":""e56fd025e7fdf900c75302bb6e7212f78d89deef09b236732a001e9f5c5001c1"",""quantization_stress_18q_l2:4dpu_t8"":""e56fd025e7fdf900c75302bb6e7212f78d89deef09b236732a001e9f5c5001c1""}"
81,4,2.2479721052508057,1.0,7,0.22063680206282787,0.7768451800394555,0.002518017897716659,0.11031840103141394,0.11031840103141394,0.7768451800394555,0.002518017897716659,0.0,0.0,"{""edc_18q:1dpu_t8"":""cf23b184355b080f3bead1d9d754a3c2c295746793109413aedfff30da27b94e"",""edc_18q:4dpu_t8"":""cf23b184355b080f3bead1d9d754a3c2c295746793109413aedfff30da27b94e"",""ghz_chain_18q:1dpu_t8"":""9f9e62a16e205e4bd5eb1d1b8f62cade3177ef00fa9bd4dc15c899a41b00d3d0"",""ghz_chain_18q:4dpu_t8"":""9f9e62a16e205e4bd5eb1d1b8f62cade3177ef00fa9bd4dc15c899a41b00d3d0"",""hs_18q_d1:1dpu_t8"":""bf83ea123bc85b30f3c7f1f8a0de47c8366352fc37c099890eab75c8cba62cb8"",""hs_18q_d1:4dpu_t8"":""0f172b4535a71fb59dd5d4f406df828c33333cda1113d1c71db08b5d0e989d1e"",""quantization_stress_18q_l2:1dpu_t8"":""9d1e1ae9a325d84cef97b0fd9beffa9d4b3d783f00a4e38f6fce3a17114d3abb"",""quantization_stress_18q_l2:4dpu_t8"":""9d1e1ae9a325d84cef97b0fd9beffa9d4b3d783f00a4e38f6fce3a17114d3abb""}"
82,10,2.225429863014872,1.0,6,0.47630996810097936,0.518889877536195,0.004800154362825642,0.23815498405048968,0.23815498405048968,0.518889877536195,0.004800154362825642,0.0,0.0,"{""edc_18q:1dpu_t8"":""cf23b184355b080f3bead1d9d754a3c2c295746793109413aedfff30da27b94e"",""edc_18q:4dpu_t8"":""cf23b184355b080f3bead1d9d754a3c2c295746793109413aedfff30da27b94e"",""ghz_chain_18q:1dpu_t8"":""9f9e62a16e205e4bd5eb1d1b8f62cade3177ef00fa9bd4dc15c899a41b00d3d0"",""ghz_chain_18q:4dpu_t8"":""9f9e62a16e205e4bd5eb1d1b8f62cade3177ef00fa9bd4dc15c899a41b00d3d0"",""hs_18q_d1:1dpu_t8"":""bf83ea123bc85b30f3c7f1f8a0de47c8366352fc37c099890eab75c8cba62cb8"",""hs_18q_d1:4dpu_t8"":""bf83ea123bc85b30f3c7f1f8a0de47c8366352fc37c099890eab75c8cba62cb8"",""quantization_stress_18q_l2:1dpu_t8"":""e56fd025e7fdf900c75302bb6e7212f78d89deef09b236732a001e9f5c5001c1"",""quantization_stress_18q_l2:4dpu_t8"":""e56fd025e7fdf900c75302bb6e7212f78d89deef09b236732a001e9f5c5001c1""}"
83,9,2.22550997934819,1.0,7,0.5414741851996391,0.45232358896253566,0.006202225837825213,0.27073709259981954,0.27073709259981954,0.45232358896253566,0.006202225837825213,0.0,0.0,"{""edc_18q:1dpu_t8"":""cf23b184355b080f3bead1d9d754a3c2c295746793109413aedfff30da27b94e"",""edc_18q:4dpu_t8"":""cf23b184355b080f3bead1d9d754a3c2c295746793109413aedfff30da27b94e"",""ghz_chain_18q:1dpu_t8"":""9f9e62a16e205e4bd5eb1d1b8f62cade3177ef00fa9bd4dc15c899a41b00d3d0"",""ghz_chain_18q:4dpu_t8"":""9f9e62a16e205e4bd5eb1d1b8f62cade3177ef00fa9bd4dc15c899a41b00d3d0"",""hs_18q_d1:1dpu_t8"":""bf83ea123bc85b30f3c7f1f8a0de47c8366352fc37c099890eab75c8cba62cb8"",""hs_18q_d1:4dpu_t8"":""0f172b4535a71fb59dd5d4f406df828c33333cda1113d1c71db08b5d0e989d1e"",""quantization_stress_18q_l2:1dpu_t8"":""e56fd025e7fdf900c75302bb6e7212f78d89deef09b236732a001e9f5c5001c1"",""quantization_stress_18q_l2:4dpu_t8"":""e56fd025e7fdf900c75302bb6e7212f78d89deef09b236732a001e9f5c5001c1""}"
84,5,2.2294066826656316,1.0,6,0.024368166273412584,0.9754242110524387,0.00020762267414873057,0.012184083136706292,0.012184083136706292,0.9754242110524387,0.00020762267414873057,0.0,0.0,"{""edc_18q:1dpu_t8"":""cf23b184355b080f3bead1d9d754a3c2c295746793109413aedfff30da27b94e"",""edc_18q:4dpu_t8"":""cf23b184355b080f3bead1d9d754a3c2c295746793109413aedfff30da27b94e"",""ghz_chain_18q:1dpu_t8"":""9f9e62a16e205e4bd5eb1d1b8f62cade3177ef00fa9bd4dc15c899a41b00d3d0"",""ghz_chain_18q:4dpu_t8"":""9f9e62a16e205e4bd5eb1d1b8f62cade3177ef00fa9bd4dc15c899a41b00d3d0"",""hs_18q_d1:1dpu_t8"":""bf83ea123bc85b30f3c7f1f8a0de47c8366352fc37c099890eab75c8cba62cb8"",""hs_18q_d1:4dpu_t8"":""bf83ea123bc85b30f3c7f1f8a0de47c8366352fc37c099890eab75c8cba62cb8"",""quantization_stress_18q_l2:1dpu_t8"":""9d1e1ae9a325d84cef97b0fd9beffa9d4b3d783f00a4e38f6fce3a17114d3abb"",""quantization_stress_18q_l2:4dpu_t8"":""9d1e1ae9a325d84cef97b0fd9beffa9d4b3d783f00a4e38f6fce3a17114d3abb""}"
85,5,2.2511785900778944,1.0,6,0.024368166273412584,0.9754242110524387,0.00020762267414873057,0.012184083136706292,0.012184083136706292,0.9754242110524387,0.00020762267414873057,0.0,0.0,"{""edc_18q:1dpu_t8"":""cf23b184355b080f3bead1d9d754a3c2c295746793109413aedfff30da27b94e"",""edc_18q:4dpu_t8"":""cf23b184355b080f3bead1d9d754a3c2c295746793109413aedfff30da27b94e"",""ghz_chain_18q:1dpu_t8"":""9f9e62a16e205e4bd5eb1d1b8f62cade3177ef00fa9bd4dc15c899a41b00d3d0"",""ghz_chain_18q:4dpu_t8"":""9f9e62a16e205e4bd5eb1d1b8f62cade3177ef00fa9bd4dc15c899a41b00d3d0"",""hs_18q_d1:1dpu_t8"":""bf83ea123bc85b30f3c7f1f8a0de47c8366352fc37c099890eab75c8cba62cb8"",""hs_18q_d1:4dpu_t8"":""bf83ea123bc85b30f3c7f1f8a0de47c8366352fc37c099890eab75c8cba62cb8"",""quantization_stress_18q_l2:1dpu_t8"":""9d1e1ae9a325d84cef97b0fd9beffa9d4b3d783f00a4e38f6fce3a17114d3abb"",""quantization_stress_18q_l2:4dpu_t8"":""9d1e1ae9a325d84cef97b0fd9beffa9d4b3d783f00a4e38f6fce3a17114d3abb""}"
86,8,2.273208189678468,1.0163179096347865,8,0.3715322706836804,0.40507521716230527,0.2233925121540143,0.1857661353418402,0.1857661353418402,0.40507521716230527,0.2233925121540143,0.0,0.0,"{""edc_18q:1dpu_t8"":""cf23b184355b080f3bead1d9d754a3c2c295746793109413aedfff30da27b94e"",""edc_18q:4dpu_t8"":""cf23b184355b080f3bead1d9d754a3c2c295746793109413aedfff30da27b94e"",""ghz_chain_18q:1dpu_t8"":""9f9e62a16e205e4bd5eb1d1b8f62cade3177ef00fa9bd4dc15c899a41b00d3d0"",""ghz_chain_18q:4dpu_t8"":""9f9e62a16e205e4bd5eb1d1b8f62cade3177ef00fa9bd4dc15c899a41b00d3d0"",""hs_18q_d1:1dpu_t8"":""0f172b4535a71fb59dd5d4f406df828c33333cda1113d1c71db08b5d0e989d1e"",""hs_18q_d1:4dpu_t8"":""0f172b4535a71fb59dd5d4f406df828c33333cda1113d1c71db08b5d0e989d1e"",""quantization_stress_18q_l2:1dpu_t8"":""e56fd025e7fdf900c75302bb6e7212f78d89deef09b236732a001e9f5c5001c1"",""quantization_stress_18q_l2:4dpu_t8"":""e56fd025e7fdf900c75302bb6e7212f78d89deef09b236732a001e9f5c5001c1""}"
87,5,2.2404013149825706,1.0,6,0.024368166273412584,0.9754242110524387,0.00020762267414873057,0.012184083136706292,0.012184083136706292,0.9754242110524387,0.00020762267414873057,0.0,0.0,"{""edc_18q:1dpu_t8"":""cf23b184355b080f3bead1d9d754a3c2c295746793109413aedfff30da27b94e"",""edc_18q:4dpu_t8"":""cf23b184355b080f3bead1d9d754a3c2c295746793109413aedfff30da27b94e"",""ghz_chain_18q:1dpu_t8"":""9f9e62a16e205e4bd5eb1d1b8f62cade3177ef00fa9bd4dc15c899a41b00d3d0"",""ghz_chain_18q:4dpu_t8"":""9f9e62a16e205e4bd5eb1d1b8f62cade3177ef00fa9bd4dc15c899a41b00d3d0"",""hs_18q_d1:1dpu_t8"":""bf83ea123bc85b30f3c7f1f8a0de47c8366352fc37c099890eab75c8cba62cb8"",""hs_18q_d1:4dpu_t8"":""bf83ea123bc85b30f3c7f1f8a0de47c8366352fc37c099890eab75c8cba62cb8"",""quantization_stress_18q_l2:1dpu_t8"":""9d1e1ae9a325d84cef97b0fd9beffa9d4b3d783f00a4e38f6fce3a17114d3abb"",""quantization_stress_18q_l2:4dpu_t8"":""9d1e1ae9a325d84cef97b0fd9beffa9d4b3d783f00a4e38f6fce3a17114d3abb""}"
88,9,2.2471727020366483,1.0,7,0.5414741851996391,0.45232358896253566,0.006202225837825213,0.27073709259981954,0.27073709259981954,0.45232358896253566,0.006202225837825213,0.0,0.0,"{""edc_18q:1dpu_t8"":""cf23b184355b080f3bead1d9d754a3c2c295746793109413aedfff30da27b94e"",""edc_18q:4dpu_t8"":""cf23b184355b080f3bead1d9d754a3c2c295746793109413aedfff30da27b94e"",""ghz_chain_18q:1dpu_t8"":""9f9e62a16e205e4bd5eb1d1b8f62cade3177ef00fa9bd4dc15c899a41b00d3d0"",""ghz_chain_18q:4dpu_t8"":""9f9e62a16e205e4bd5eb1d1b8f62cade3177ef00fa9bd4dc15c899a41b00d3d0"",""hs_18q_d1:1dpu_t8"":""bf83ea123bc85b30f3c7f1f8a0de47c8366352fc37c099890eab75c8cba62cb8"",""hs_18q_d1:4dpu_t8"":""0f172b4535a71fb59dd5d4f406df828c33333cda1113d1c71db08b5d0e989d1e"",""quantization_stress_18q_l2:1dpu_t8"":""e56fd025e7fdf900c75302bb6e7212f78d89deef09b236732a001e9f5c5001c1"",""quantization_stress_18q_l2:4dpu_t8"":""e56fd025e7fdf900c75302bb6e7212f78d89deef09b236732a001e9f5c5001c1""}"
89,4,2.248879331005003,1.0,7,0.22063680206282787,0.7768451800394555,0.002518017897716659,0.11031840103141394,0.11031840103141394,0.7768451800394555,0.002518017897716659,0.0,0.0,"{""edc_18q:1dpu_t8"":""cf23b184355b080f3bead1d9d754a3c2c295746793109413aedfff30da27b94e"",""edc_18q:4dpu_t8"":""cf23b184355b080f3bead1d9d754a3c2c295746793109413aedfff30da27b94e"",""ghz_chain_18q:1dpu_t8"":""9f9e62a16e205e4bd5eb1d1b8f62cade3177ef00fa9bd4dc15c899a41b00d3d0"",""ghz_chain_18q:4dpu_t8"":""9f9e62a16e205e4bd5eb1d1b8f62cade3177ef00fa9bd4dc15c899a41b00d3d0"",""hs_18q_d1:1dpu_t8"":""bf83ea123bc85b30f3c7f1f8a0de47c8366352fc37c099890eab75c8cba62cb8"",""hs_18q_d1:4dpu_t8"":""0f172b4535a71fb59dd5d4f406df828c33333cda1113d1c71db08b5d0e989d1e"",""quantization_stress_18q_l2:1dpu_t8"":""9d1e1ae9a325d84cef97b0fd9beffa9d4b3d783f00a4e38f6fce3a17114d3abb"",""quantization_stress_18q_l2:4dpu_t8"":""9d1e1ae9a325d84cef97b0fd9beffa9d4b3d783f00a4e38f6fce3a17114d3abb""}"
90,8,2.26739967925016,0.997529052435953,7,0.3715322706836804,0.40507521716230527,0.2233925121540143,0.1857661353418402,0.1857661353418402,0.40507521716230527,0.2233925121540143,0.0,0.0,"{""edc_18q:1dpu_t8"":""cf23b184355b080f3bead1d9d754a3c2c295746793109413aedfff30da27b94e"",""edc_18q:4dpu_t8"":""cf23b184355b080f3bead1d9d754a3c2c295746793109413aedfff30da27b94e"",""ghz_chain_18q:1dpu_t8"":""9f9e62a16e205e4bd5eb1d1b8f62cade3177ef00fa9bd4dc15c899a41b00d3d0"",""ghz_chain_18q:4dpu_t8"":""9f9e62a16e205e4bd5eb1d1b8f62cade3177ef00fa9bd4dc15c899a41b00d3d0"",""hs_18q_d1:1dpu_t8"":""0f172b4535a71fb59dd5d4f406df828c33333cda1113d1c71db08b5d0e989d1e"",""hs_18q_d1:4dpu_t8"":""0f172b4535a71fb59dd5d4f406df828c33333cda1113d1c71db08b5d0e989d1e"",""quantization_stress_18q_l2:1dpu_t8"":""e56fd025e7fdf900c75302bb6e7212f78d89deef09b236732a001e9f5c5001c1"",""quantization_stress_18q_l2:4dpu_t8"":""e56fd025e7fdf900c75302bb6e7212f78d89deef09b236732a001e9f5c5001c1""}"
91,3,2.2889692270224113,1.0163179096347865,8,0.0,1.0,0.0,0.0,0.0,1.0,0.0,0.0,0.0,"{""edc_18q:1dpu_t8"":""cf23b184355b080f3bead1d9d754a3c2c295746793109413aedfff30da27b94e"",""edc_18q:4dpu_t8"":""cf23b184355b080f3bead1d9d754a3c2c295746793109413aedfff30da27b94e"",""ghz_chain_18q:1dpu_t8"":""9f9e62a16e205e4bd5eb1d1b8f62cade3177ef00fa9bd4dc15c899a41b00d3d0"",""ghz_chain_18q:4dpu_t8"":""9f9e62a16e205e4bd5eb1d1b8f62cade3177ef00fa9bd4dc15c899a41b00d3d0"",""hs_18q_d1:1dpu_t8"":""0f172b4535a71fb59dd5d4f406df828c33333cda1113d1c71db08b5d0e989d1e"",""hs_18q_d1:4dpu_t8"":""0f172b4535a71fb59dd5d4f406df828c33333cda1113d1c71db08b5d0e989d1e"",""quantization_stress_18q_l2:1dpu_t8"":""9d1e1ae9a325d84cef97b0fd9beffa9d4b3d783f00a4e38f6fce3a17114d3abb"",""quantization_stress_18q_l2:4dpu_t8"":""9d1e1ae9a325d84cef97b0fd9beffa9d4b3d783f00a4e38f6fce3a17114d3abb""}"
92,10,2.234239581061235,1.0,6,0.47630996810097936,0.518889877536195,0.004800154362825642,0.23815498405048968,0.23815498405048968,0.518889877536195,0.004800154362825642,0.0,0.0,"{""edc_18q:1dpu_t8"":""cf23b184355b080f3bead1d9d754a3c2c295746793109413aedfff30da27b94e"",""edc_18q:4dpu_t8"":""cf23b184355b080f3bead1d9d754a3c2c295746793109413aedfff30da27b94e"",""ghz_chain_18q:1dpu_t8"":""9f9e62a16e205e4bd5eb1d1b8f62cade3177ef00fa9bd4dc15c899a41b00d3d0"",""ghz_chain_18q:4dpu_t8"":""9f9e62a16e205e4bd5eb1d1b8f62cade3177ef00fa9bd4dc15c899a41b00d3d0"",""hs_18q_d1:1dpu_t8"":""bf83ea123bc85b30f3c7f1f8a0de47c8366352fc37c099890eab75c8cba62cb8"",""hs_18q_d1:4dpu_t8"":""bf83ea123bc85b30f3c7f1f8a0de47c8366352fc37c099890eab75c8cba62cb8"",""quantization_stress_18q_l2:1dpu_t8"":""e56fd025e7fdf900c75302bb6e7212f78d89deef09b236732a001e9f5c5001c1"",""quantization_stress_18q_l2:4dpu_t8"":""e56fd025e7fdf900c75302bb6e7212f78d89deef09b236732a001e9f5c5001c1""}"
93,10,2.221650911360195,1.0,6,0.47630996810097936,0.518889877536195,0.004800154362825642,0.23815498405048968,0.23815498405048968,0.518889877536195,0.004800154362825642,0.0,0.0,"{""edc_18q:1dpu_t8"":""cf23b184355b080f3bead1d9d754a3c2c295746793109413aedfff30da27b94e"",""edc_18q:4dpu_t8"":""cf23b184355b080f3bead1d9d754a3c2c295746793109413aedfff30da27b94e"",""ghz_chain_18q:1dpu_t8"":""9f9e62a16e205e4bd5eb1d1b8f62cade3177ef00fa9bd4dc15c899a41b00d3d0"",""ghz_chain_18q:4dpu_t8"":""9f9e62a16e205e4bd5eb1d1b8f62cade3177ef00fa9bd4dc15c899a41b00d3d0"",""hs_18q_d1:1dpu_t8"":""bf83ea123bc85b30f3c7f1f8a0de47c8366352fc37c099890eab75c8cba62cb8"",""hs_18q_d1:4dpu_t8"":""bf83ea123bc85b30f3c7f1f8a0de47c8366352fc37c099890eab75c8cba62cb8"",""quantization_stress_18q_l2:1dpu_t8"":""e56fd025e7fdf900c75302bb6e7212f78d89deef09b236732a001e9f5c5001c1"",""quantization_stress_18q_l2:4dpu_t8"":""e56fd025e7fdf900c75302bb6e7212f78d89deef09b236732a001e9f5c5001c1""}"
94,4,2.2489008983431606,1.0,7,0.22063680206282787,0.7768451800394555,0.002518017897716659,0.11031840103141394,0.11031840103141394,0.7768451800394555,0.002518017897716659,0.0,0.0,"{""edc_18q:1dpu_t8"":""cf23b184355b080f3bead1d9d754a3c2c295746793109413aedfff30da27b94e"",""edc_18q:4dpu_t8"":""cf23b184355b080f3bead1d9d754a3c2c295746793109413aedfff30da27b94e"",""ghz_chain_18q:1dpu_t8"":""9f9e62a16e205e4bd5eb1d1b8f62cade3177ef00fa9bd4dc15c899a41b00d3d0"",""ghz_chain_18q:4dpu_t8"":""9f9e62a16e205e4bd5eb1d1b8f62cade3177ef00fa9bd4dc15c899a41b00d3d0"",""hs_18q_d1:1dpu_t8"":""bf83ea123bc85b30f3c7f1f8a0de47c8366352fc37c099890eab75c8cba62cb8"",""hs_18q_d1:4dpu_t8"":""0f172b4535a71fb59dd5d4f406df828c33333cda1113d1c71db08b5d0e989d1e"",""quantization_stress_18q_l2:1dpu_t8"":""9d1e1ae9a325d84cef97b0fd9beffa9d4b3d783f00a4e38f6fce3a17114d3abb"",""quantization_stress_18q_l2:4dpu_t8"":""9d1e1ae9a325d84cef97b0fd9beffa9d4b3d783f00a4e38f6fce3a17114d3abb""}"
95,10,2.2334159717719464,1.0,6,0.47630996810097936,0.518889877536195,0.004800154362825642,0.23815498405048968,0.23815498405048968,0.518889877536195,0.004800154362825642,0.0,0.0,"{""edc_18q:1dpu_t8"":""cf23b184355b080f3bead1d9d754a3c2c295746793109413aedfff30da27b94e"",""edc_18q:4dpu_t8"":""cf23b184355b080f3bead1d9d754a3c2c295746793109413aedfff30da27b94e"",""ghz_chain_18q:1dpu_t8"":""9f9e62a16e205e4bd5eb1d1b8f62cade3177ef00fa9bd4dc15c899a41b00d3d0"",""ghz_chain_18q:4dpu_t8"":""9f9e62a16e205e4bd5eb1d1b8f62cade3177ef00fa9bd4dc15c899a41b00d3d0"",""hs_18q_d1:1dpu_t8"":""bf83ea123bc85b30f3c7f1f8a0de47c8366352fc37c099890eab75c8cba62cb8"",""hs_18q_d1:4dpu_t8"":""bf83ea123bc85b30f3c7f1f8a0de47c8366352fc37c099890eab75c8cba62cb8"",""quantization_stress_18q_l2:1dpu_t8"":""e56fd025e7fdf900c75302bb6e7212f78d89deef09b236732a001e9f5c5001c1"",""quantization_stress_18q_l2:4dpu_t8"":""e56fd025e7fdf900c75302bb6e7212f78d89deef09b236732a001e9f5c5001c1""}"
96,10,2.2199117314143146,1.0,6,0.47630996810097936,0.518889877536195,0.004800154362825642,0.23815498405048968,0.23815498405048968,0.518889877536195,0.004800154362825642,0.0,0.0,"{""edc_18q:1dpu_t8"":""cf23b184355b080f3bead1d9d754a3c2c295746793109413aedfff30da27b94e"",""edc_18q:4dpu_t8"":""cf23b184355b080f3bead1d9d754a3c2c295746793109413aedfff30da27b94e"",""ghz_chain_18q:1dpu_t8"":""9f9e62a16e205e4bd5eb1d1b8f62cade3177ef00fa9bd4dc15c899a41b00d3d0"",""ghz_chain_18q:4dpu_t8"":""9f9e62a16e205e4bd5eb1d1b8f62cade3177ef00fa9bd4dc15c899a41b00d3d0"",""hs_18q_d1:1dpu_t8"":""bf83ea123bc85b30f3c7f1f8a0de47c8366352fc37c099890eab75c8cba62cb8"",""hs_18q_d1:4dpu_t8"":""bf83ea123bc85b30f3c7f1f8a0de47c8366352fc37c099890eab75c8cba62cb8"",""quantization_stress_18q_l2:1dpu_t8"":""e56fd025e7fdf900c75302bb6e7212f78d89deef09b236732a001e9f5c5001c1"",""quantization_stress_18q_l2:4dpu_t8"":""e56fd025e7fdf900c75302bb6e7212f78d89deef09b236732a001e9f5c5001c1""}"
97,4,2.252933706854759,1.0,7,0.22063680206282787,0.7768451800394555,0.002518017897716659,0.11031840103141394,0.11031840103141394,0.7768451800394555,0.002518017897716659,0.0,0.0,"{""edc_18q:1dpu_t8"":""cf23b184355b080f3bead1d9d754a3c2c295746793109413aedfff30da27b94e"",""edc_18q:4dpu_t8"":""cf23b184355b080f3bead1d9d754a3c2c295746793109413aedfff30da27b94e"",""ghz_chain_18q:1dpu_t8"":""9f9e62a16e205e4bd5eb1d1b8f62cade3177ef00fa9bd4dc15c899a41b00d3d0"",""ghz_chain_18q:4dpu_t8"":""9f9e62a16e205e4bd5eb1d1b8f62cade3177ef00fa9bd4dc15c899a41b00d3d0"",""hs_18q_d1:1dpu_t8"":""bf83ea123bc85b30f3c7f1f8a0de47c8366352fc37c099890eab75c8cba62cb8"",""hs_18q_d1:4dpu_t8"":""0f172b4535a71fb59dd5d4f406df828c33333cda1113d1c71db08b5d0e989d1e"",""quantization_stress_18q_l2:1dpu_t8"":""9d1e1ae9a325d84cef97b0fd9beffa9d4b3d783f00a4e38f6fce3a17114d3abb"",""quantization_stress_18q_l2:4dpu_t8"":""9d1e1ae9a325d84cef97b0fd9beffa9d4b3d783f00a4e38f6fce3a17114d3abb""}"
98,4,2.2339213907885704,1.0,7,0.22063680206282787,0.7768451800394555,0.002518017897716659,0.11031840103141394,0.11031840103141394,0.7768451800394555,0.002518017897716659,0.0,0.0,"{""edc_18q:1dpu_t8"":""cf23b184355b080f3bead1d9d754a3c2c295746793109413aedfff30da27b94e"",""edc_18q:4dpu_t8"":""cf23b184355b080f3bead1d9d754a3c2c295746793109413aedfff30da27b94e"",""ghz_chain_18q:1dpu_t8"":""9f9e62a16e205e4bd5eb1d1b8f62cade3177ef00fa9bd4dc15c899a41b00d3d0"",""ghz_chain_18q:4dpu_t8"":""9f9e62a16e205e4bd5eb1d1b8f62cade3177ef00fa9bd4dc15c899a41b00d3d0"",""hs_18q_d1:1dpu_t8"":""bf83ea123bc85b30f3c7f1f8a0de47c8366352fc37c099890eab75c8cba62cb8"",""hs_18q_d1:4dpu_t8"":""0f172b4535a71fb59dd5d4f406df828c33333cda1113d1c71db08b5d0e989d1e"",""quantization_stress_18q_l2:1dpu_t8"":""9d1e1ae9a325d84cef97b0fd9beffa9d4b3d783f00a4e38f6fce3a17114d3abb"",""quantization_stress_18q_l2:4dpu_t8"":""9d1e1ae9a325d84cef97b0fd9beffa9d4b3d783f00a4e38f6fce3a17114d3abb""}"
99,9,2.236216153516807,1.0,7,0.5414741851996391,0.45232358896253566,0.006202225837825213,0.27073709259981954,0.27073709259981954,0.45232358896253566,0.006202225837825213,0.0,0.0,"{""edc_18q:1dpu_t8"":""cf23b184355b080f3bead1d9d754a3c2c295746793109413aedfff30da27b94e"",""edc_18q:4dpu_t8"":""cf23b184355b080f3bead1d9d754a3c2c295746793109413aedfff30da27b94e"",""ghz_chain_18q:1dpu_t8"":""9f9e62a16e205e4bd5eb1d1b8f62cade3177ef00fa9bd4dc15c899a41b00d3d0"",""ghz_chain_18q:4dpu_t8"":""9f9e62a16e205e4bd5eb1d1b8f62cade3177ef00fa9bd4dc15c899a41b00d3d0"",""hs_18q_d1:1dpu_t8"":""bf83ea123bc85b30f3c7f1f8a0de47c8366352fc37c099890eab75c8cba62cb8"",""hs_18q_d1:4dpu_t8"":""0f172b4535a71fb59dd5d4f406df828c33333cda1113d1c71db08b5d0e989d1e"",""quantization_stress_18q_l2:1dpu_t8"":""e56fd025e7fdf900c75302bb6e7212f78d89deef09b236732a001e9f5c5001c1"",""quantization_stress_18q_l2:4dpu_t8"":""e56fd025e7fdf900c75302bb6e7212f78d89deef09b236732a001e9f5c5001c1""}"
100,9,2.2288919503308255,1.0,7,0.5414741851996391,0.45232358896253566,0.006202225837825213,0.27073709259981954,0.27073709259981954,0.45232358896253566,0.006202225837825213,0.0,0.0,"{""edc_18q:1dpu_t8"":""cf23b184355b080f3bead1d9d754a3c2c295746793109413aedfff30da27b94e"",""edc_18q:4dpu_t8"":""cf23b184355b080f3bead1d9d754a3c2c295746793109413aedfff30da27b94e"",""ghz_chain_18q:1dpu_t8"":""9f9e62a16e205e4bd5eb1d1b8f62cade3177ef00fa9bd4dc15c899a41b00d3d0"",""ghz_chain_18q:4dpu_t8"":""9f9e62a16e205e4bd5eb1d1b8f62cade3177ef00fa9bd4dc15c899a41b00d3d0"",""hs_18q_d1:1dpu_t8"":""bf83ea123bc85b30f3c7f1f8a0de47c8366352fc37c099890eab75c8cba62cb8"",""hs_18q_d1:4dpu_t8"":""0f172b4535a71fb59dd5d4f406df828c33333cda1113d1c71db08b5d0e989d1e"",""quantization_stress_18q_l2:1dpu_t8"":""e56fd025e7fdf900c75302bb6e7212f78d89deef09b236732a001e9f5c5001c1"",""quantization_stress_18q_l2:4dpu_t8"":""e56fd025e7fdf900c75302bb6e7212f78d89deef09b236732a001e9f5c5001c1""}"
101,3,2.2850197758002753,1.041845644222677,8,0.0,1.0,0.0,0.0,0.0,1.0,0.0,0.0,0.0,"{""edc_18q:1dpu_t8"":""cf23b184355b080f3bead1d9d754a3c2c295746793109413aedfff30da27b94e"",""edc_18q:4dpu_t8"":""cf23b184355b080f3bead1d9d754a3c2c295746793109413aedfff30da27b94e"",""ghz_chain_18q:1dpu_t8"":""9f9e62a16e205e4bd5eb1d1b8f62cade3177ef00fa9bd4dc15c899a41b00d3d0"",""ghz_chain_18q:4dpu_t8"":""9f9e62a16e205e4bd5eb1d1b8f62cade3177ef00fa9bd4dc15c899a41b00d3d0"",""hs_18q_d1:1dpu_t8"":""0f172b4535a71fb59dd5d4f406df828c33333cda1113d1c71db08b5d0e989d1e"",""hs_18q_d1:4dpu_t8"":""0f172b4535a71fb59dd5d4f406df828c33333cda1113d1c71db08b5d0e989d1e"",""quantization_stress_18q_l2:1dpu_t8"":""9d1e1ae9a325d84cef97b0fd9beffa9d4b3d783f00a4e38f6fce3a17114d3abb"",""quantization_stress_18q_l2:4dpu_t8"":""9d1e1ae9a325d84cef97b0fd9beffa9d4b3d783f00a4e38f6fce3a17114d3abb""}"
102,8,2.2747726608252283,1.0163179096347865,8,0.3715322706836804,0.40507521716230527,0.2233925121540143,0.1857661353418402,0.1857661353418402,0.40507521716230527,0.2233925121540143,0.0,0.0,"{""edc_18q:1dpu_t8"":""cf23b184355b080f3bead1d9d754a3c2c295746793109413aedfff30da27b94e"",""edc_18q:4dpu_t8"":""cf23b184355b080f3bead1d9d754a3c2c295746793109413aedfff30da27b94e"",""ghz_chain_18q:1dpu_t8"":""9f9e62a16e205e4bd5eb1d1b8f62cade3177ef00fa9bd4dc15c899a41b00d3d0"",""ghz_chain_18q:4dpu_t8"":""9f9e62a16e205e4bd5eb1d1b8f62cade3177ef00fa9bd4dc15c899a41b00d3d0"",""hs_18q_d1:1dpu_t8"":""0f172b4535a71fb59dd5d4f406df828c33333cda1113d1c71db08b5d0e989d1e"",""hs_18q_d1:4dpu_t8"":""0f172b4535a71fb59dd5d4f406df828c33333cda1113d1c71db08b5d0e989d1e"",""quantization_stress_18q_l2:1dpu_t8"":""e56fd025e7fdf900c75302bb6e7212f78d89deef09b236732a001e9f5c5001c1"",""quantization_stress_18q_l2:4dpu_t8"":""e56fd025e7fdf900c75302bb6e7212f78d89deef09b236732a001e9f5c5001c1""}"
103,5,2.24397744371757,1.0,6,0.024368166273412584,0.9754242110524387,0.00020762267414873057,0.012184083136706292,0.012184083136706292,0.9754242110524387,0.00020762267414873057,0.0,0.0,"{""edc_18q:1dpu_t8"":""cf23b184355b080f3bead1d9d754a3c2c295746793109413aedfff30da27b94e"",""edc_18q:4dpu_t8"":""cf23b184355b080f3bead1d9d754a3c2c295746793109413aedfff30da27b94e"",""ghz_chain_18q:1dpu_t8"":""9f9e62a16e205e4bd5eb1d1b8f62cade3177ef00fa9bd4dc15c899a41b00d3d0"",""ghz_chain_18q:4dpu_t8"":""9f9e62a16e205e4bd5eb1d1b8f62cade3177ef00fa9bd4dc15c899a41b00d3d0"",""hs_18q_d1:1dpu_t8"":""bf83ea123bc85b30f3c7f1f8a0de47c8366352fc37c099890eab75c8cba62cb8"",""hs_18q_d1:4dpu_t8"":""bf83ea123bc85b30f3c7f1f8a0de47c8366352fc37c099890eab75c8cba62cb8"",""quantization_stress_18q_l2:1dpu_t8"":""9d1e1ae9a325d84cef97b0fd9beffa9d4b3d783f00a4e38f6fce3a17114d3abb"",""quantization_stress_18q_l2:4dpu_t8"":""9d1e1ae9a325d84cef97b0fd9beffa9d4b3d783f00a4e38f6fce3a17114d3abb""}"
104,4,2.2384044886355565,1.0,7,0.22063680206282787,0.7768451800394555,0.002518017897716659,0.11031840103141394,0.11031840103141394,0.7768451800394555,0.002518017897716659,0.0,0.0,"{""edc_18q:1dpu_t8"":""cf23b184355b080f3bead1d9d754a3c2c295746793109413aedfff30da27b94e"",""edc_18q:4dpu_t8"":""cf23b184355b080f3bead1d9d754a3c2c295746793109413aedfff30da27b94e"",""ghz_chain_18q:1dpu_t8"":""9f9e62a16e205e4bd5eb1d1b8f62cade3177ef00fa9bd4dc15c899a41b00d3d0"",""ghz_chain_18q:4dpu_t8"":""9f9e62a16e205e4bd5eb1d1b8f62cade3177ef00fa9bd4dc15c899a41b00d3d0"",""hs_18q_d1:1dpu_t8"":""bf83ea123bc85b30f3c7f1f8a0de47c8366352fc37c099890eab75c8cba62cb8"",""hs_18q_d1:4dpu_t8"":""0f172b4535a71fb59dd5d4f406df828c33333cda1113d1c71db08b5d0e989d1e"",""quantization_stress_18q_l2:1dpu_t8"":""9d1e1ae9a325d84cef97b0fd9beffa9d4b3d783f00a4e38f6fce3a17114d3abb"",""quantization_stress_18q_l2:4dpu_t8"":""9d1e1ae9a325d84cef97b0fd9beffa9d4b3d783f00a4e38f6fce3a17114d3abb""}"
105,8,2.2801083047368222,1.041845644222677,8,0.3715322706836804,0.40507521716230527,0.2233925121540143,0.1857661353418402,0.1857661353418402,0.40507521716230527,0.2233925121540143,0.0,0.0,"{""edc_18q:1dpu_t8"":""cf23b184355b080f3bead1d9d754a3c2c295746793109413aedfff30da27b94e"",""edc_18q:4dpu_t8"":""cf23b184355b080f3bead1d9d754a3c2c295746793109413aedfff30da27b94e"",""ghz_chain_18q:1dpu_t8"":""9f9e62a16e205e4bd5eb1d1b8f62cade3177ef00fa9bd4dc15c899a41b00d3d0"",""ghz_chain_18q:4dpu_t8"":""9f9e62a16e205e4bd5eb1d1b8f62cade3177ef00fa9bd4dc15c899a41b00d3d0"",""hs_18q_d1:1dpu_t8"":""0f172b4535a71fb59dd5d4f406df828c33333cda1113d1c71db08b5d0e989d1e"",""hs_18q_d1:4dpu_t8"":""0f172b4535a71fb59dd5d4f406df828c33333cda1113d1c71db08b5d0e989d1e"",""quantization_stress_18q_l2:1dpu_t8"":""e56fd025e7fdf900c75302bb6e7212f78d89deef09b236732a001e9f5c5001c1"",""quantization_stress_18q_l2:4dpu_t8"":""e56fd025e7fdf900c75302bb6e7212f78d89deef09b236732a001e9f5c5001c1""}"
106,4,2.25306448520871,1.0,7,0.22063680206282787,0.7768451800394555,0.002518017897716659,0.11031840103141394,0.11031840103141394,0.7768451800394555,0.002518017897716659,0.0,0.0,"{""edc_18q:1dpu_t8"":""cf23b184355b080f3bead1d9d754a3c2c295746793109413aedfff30da27b94e"",""edc_18q:4dpu_t8"":""cf23b184355b080f3bead1d9d754a3c2c295746793109413aedfff30da27b94e"",""ghz_chain_18q:1dpu_t8"":""9f9e62a16e205e4bd5eb1d1b8f62cade3177ef00fa9bd4dc15c899a41b00d3d0"",""ghz_chain_18q:4dpu_t8"":""9f9e62a16e205e4bd5eb1d1b8f62cade3177ef00fa9bd4dc15c899a41b00d3d0"",""hs_18q_d1:1dpu_t8"":""bf83ea123bc85b30f3c7f1f8a0de47c8366352fc37c099890eab75c8cba62cb8"",""hs_18q_d1:4dpu_t8"":""0f172b4535a71fb59dd5d4f406df828c33333cda1113d1c71db08b5d0e989d1e"",""quantization_stress_18q_l2:1dpu_t8"":""9d1e1ae9a325d84cef97b0fd9beffa9d4b3d783f00a4e38f6fce3a17114d3abb"",""quantization_stress_18q_l2:4dpu_t8"":""9d1e1ae9a325d84cef97b0fd9beffa9d4b3d783f00a4e38f6fce3a17114d3abb""}"
107,5,2.2569019966201793,1.0,6,0.024368166273412584,0.9754242110524387,0.00020762267414873057,0.012184083136706292,0.012184083136706292,0.9754242110524387,0.00020762267414873057,0.0,0.0,"{""edc_18q:1dpu_t8"":""cf23b184355b080f3bead1d9d754a3c2c295746793109413aedfff30da27b94e"",""edc_18q:4dpu_t8"":""cf23b184355b080f3bead1d9d754a3c2c295746793109413aedfff30da27b94e"",""ghz_chain_18q:1dpu_t8"":""9f9e62a16e205e4bd5eb1d1b8f62cade3177ef00fa9bd4dc15c899a41b00d3d0"",""ghz_chain_18q:4dpu_t8"":""9f9e62a16e205e4bd5eb1d1b8f62cade3177ef00fa9bd4dc15c899a41b00d3d0"",""hs_18q_d1:1dpu_t8"":""bf83ea123bc85b30f3c7f1f8a0de47c8366352fc37c099890eab75c8cba62cb8"",""hs_18q_d1:4dpu_t8"":""bf83ea123bc85b30f3c7f1f8a0de47c8366352fc37c099890eab75c8cba62cb8"",""quantization_stress_18q_l2:1dpu_t8"":""9d1e1ae9a325d84cef97b0fd9beffa9d4b3d783f00a4e38f6fce3a17114d3abb"",""quantization_stress_18q_l2:4dpu_t8"":""9d1e1ae9a325d84cef97b0fd9beffa9d4b3d783f00a4e38f6fce3a17114d3abb""}"
108,10,2.2159657647747206,1.0,6,0.47630996810097936,0.518889877536195,0.004800154362825642,0.23815498405048968,0.23815498405048968,0.518889877536195,0.004800154362825642,0.0,0.0,"{""edc_18q:1dpu_t8"":""cf23b184355b080f3bead1d9d754a3c2c295746793109413aedfff30da27b94e"",""edc_18q:4dpu_t8"":""cf23b184355b080f3bead1d9d754a3c2c295746793109413aedfff30da27b94e"",""ghz_chain_18q:1dpu_t8"":""9f9e62a16e205e4bd5eb1d1b8f62cade3177ef00fa9bd4dc15c899a41b00d3d0"",""ghz_chain_18q:4dpu_t8"":""9f9e62a16e205e4bd5eb1d1b8f62cade3177ef00fa9bd4dc15c899a41b00d3d0"",""hs_18q_d1:1dpu_t8"":""bf83ea123bc85b30f3c7f1f8a0de47c8366352fc37c099890eab75c8cba62cb8"",""hs_18q_d1:4dpu_t8"":""bf83ea123bc85b30f3c7f1f8a0de47c8366352fc37c099890eab75c8cba62cb8"",""quantization_stress_18q_l2:1dpu_t8"":""e56fd025e7fdf900c75302bb6e7212f78d89deef09b236732a001e9f5c5001c1"",""quantization_stress_18q_l2:4dpu_t8"":""e56fd025e7fdf900c75302bb6e7212f78d89deef09b236732a001e9f5c5001c1""}"
109,5,2.222896529847411,1.0,6,0.024368166273412584,0.9754242110524387,0.00020762267414873057,0.012184083136706292,0.012184083136706292,0.9754242110524387,0.00020762267414873057,0.0,0.0,"{""edc_18q:1dpu_t8"":""cf23b184355b080f3bead1d9d754a3c2c295746793109413aedfff30da27b94e"",""edc_18q:4dpu_t8"":""cf23b184355b080f3bead1d9d754a3c2c295746793109413aedfff30da27b94e"",""ghz_chain_18q:1dpu_t8"":""9f9e62a16e205e4bd5eb1d1b8f62cade3177ef00fa9bd4dc15c899a41b00d3d0"",""ghz_chain_18q:4dpu_t8"":""9f9e62a16e205e4bd5eb1d1b8f62cade3177ef00fa9bd4dc15c899a41b00d3d0"",""hs_18q_d1:1dpu_t8"":""bf83ea123bc85b30f3c7f1f8a0de47c8366352fc37c099890eab75c8cba62cb8"",""hs_18q_d1:4dpu_t8"":""bf83ea123bc85b30f3c7f1f8a0de47c8366352fc37c099890eab75c8cba62cb8"",""quantization_stress_18q_l2:1dpu_t8"":""9d1e1ae9a325d84cef97b0fd9beffa9d4b3d783f00a4e38f6fce3a17114d3abb"",""quantization_stress_18q_l2:4dpu_t8"":""9d1e1ae9a325d84cef97b0fd9beffa9d4b3d783f00a4e38f6fce3a17114d3abb""}"
110,5,2.2292647789938616,1.0,6,0.024368166273412584,0.9754242110524387,0.00020762267414873057,0.012184083136706292,0.012184083136706292,0.9754242110524387,0.00020762267414873057,0.0,0.0,"{""edc_18q:1dpu_t8"":""cf23b184355b080f3bead1d9d754a3c2c295746793109413aedfff30da27b94e"",""edc_18q:4dpu_t8"":""cf23b184355b080f3bead1d9d754a3c2c295746793109413aedfff30da27b94e"",""ghz_chain_18q:1dpu_t8"":""9f9e62a16e205e4bd5eb1d1b8f62cade3177ef00fa9bd4dc15c899a41b00d3d0"",""ghz_chain_18q:4dpu_t8"":""9f9e62a16e205e4bd5eb1d1b8f62cade3177ef00fa9bd4dc15c899a41b00d3d0"",""hs_18q_d1:1dpu_t8"":""bf83ea123bc85b30f3c7f1f8a0de47c8366352fc37c099890eab75c8cba62cb8"",""hs_18q_d1:4dpu_t8"":""bf83ea123bc85b30f3c7f1f8a0de47c8366352fc37c099890eab75c8cba62cb8"",""quantization_stress_18q_l2:1dpu_t8"":""9d1e1ae9a325d84cef97b0fd9beffa9d4b3d783f00a4e38f6fce3a17114d3abb"",""quantization_stress_18q_l2:4dpu_t8"":""9d1e1ae9a325d84cef97b0fd9beffa9d4b3d783f00a4e38f6fce3a17114d3abb""}"
111,5,2.229592482295997,1.0,6,0.024368166273412584,0.9754242110524387,0.00020762267414873057,0.012184083136706292,0.012184083136706292,0.9754242110524387,0.00020762267414873057,0.0,0.0,"{""edc_18q:1dpu_t8"":""cf23b184355b080f3bead1d9d754a3c2c295746793109413aedfff30da27b94e"",""edc_18q:4dpu_t8"":""cf23b184355b080f3bead1d9d754a3c2c295746793109413aedfff30da27b94e"",""ghz_chain_18q:1dpu_t8"":""9f9e62a16e205e4bd5eb1d1b8f62cade3177ef00fa9bd4dc15c899a41b00d3d0"",""ghz_chain_18q:4dpu_t8"":""9f9e62a16e205e4bd5eb1d1b8f62cade3177ef00fa9bd4dc15c899a41b00d3d0"",""hs_18q_d1:1dpu_t8"":""bf83ea123bc85b30f3c7f1f8a0de47c8366352fc37c099890eab75c8cba62cb8"",""hs_18q_d1:4dpu_t8"":""bf83ea123bc85b30f3c7f1f8a0de47c8366352fc37c099890eab75c8cba62cb8"",""quantization_stress_18q_l2:1dpu_t8"":""9d1e1ae9a325d84cef97b0fd9beffa9d4b3d783f00a4e38f6fce3a17114d3abb"",""quantization_stress_18q_l2:4dpu_t8"":""9d1e1ae9a325d84cef97b0fd9beffa9d4b3d783f00a4e38f6fce3a17114d3abb""}"
112,10,2.2437736008518363,1.0,6,0.47630996810097936,0.518889877536195,0.004800154362825642,0.23815498405048968,0.23815498405048968,0.518889877536195,0.004800154362825642,0.0,0.0,"{""edc_18q:1dpu_t8"":""cf23b184355b080f3bead1d9d754a3c2c295746793109413aedfff30da27b94e"",""edc_18q:4dpu_t8"":""cf23b184355b080f3bead1d9d754a3c2c295746793109413aedfff30da27b94e"",""ghz_chain_18q:1dpu_t8"":""9f9e62a16e205e4bd5eb1d1b8f62cade3177ef00fa9bd4dc15c899a41b00d3d0"",""ghz_chain_18q:4dpu_t8"":""9f9e62a16e205e4bd5eb1d1b8f62cade3177ef00fa9bd4dc15c899a41b00d3d0"",""hs_18q_d1:1dpu_t8"":""bf83ea123bc85b30f3c7f1f8a0de47c8366352fc37c099890eab75c8cba62cb8"",""hs_18q_d1:4dpu_t8"":""bf83ea123bc85b30f3c7f1f8a0de47c8366352fc37c099890eab75c8cba62cb8"",""quantization_stress_18q_l2:1dpu_t8"":""e56fd025e7fdf900c75302bb6e7212f78d89deef09b236732a001e9f5c5001c1"",""quantization_stress_18q_l2:4dpu_t8"":""e56fd025e7fdf900c75302bb6e7212f78d89deef09b236732a001e9f5c5001c1""}"
113,4,2.2289749015549614,1.0,7,0.22063680206282787,0.7768451800394555,0.002518017897716659,0.11031840103141394,0.11031840103141394,0.7768451800394555,0.002518017897716659,0.0,0.0,"{""edc_18q:1dpu_t8"":""cf23b184355b080f3bead1d9d754a3c2c295746793109413aedfff30da27b94e"",""edc_18q:4dpu_t8"":""cf23b184355b080f3bead1d9d754a3c2c295746793109413aedfff30da27b94e"",""ghz_chain_18q:1dpu_t8"":""9f9e62a16e205e4bd5eb1d1b8f62cade3177ef00fa9bd4dc15c899a41b00d3d0"",""ghz_chain_18q:4dpu_t8"":""9f9e62a16e205e4bd5eb1d1b8f62cade3177ef00fa9bd4dc15c899a41b00d3d0"",""hs_18q_d1:1dpu_t8"":""bf83ea123bc85b30f3c7f1f8a0de47c8366352fc37c099890eab75c8cba62cb8"",""hs_18q_d1:4dpu_t8"":""0f172b4535a71fb59dd5d4f406df828c33333cda1113d1c71db08b5d0e989d1e"",""quantization_stress_18q_l2:1dpu_t8"":""9d1e1ae9a325d84cef97b0fd9beffa9d4b3d783f00a4e38f6fce3a17114d3abb"",""quantization_stress_18q_l2:4dpu_t8"":""9d1e1ae9a325d84cef97b0fd9beffa9d4b3d783f00a4e38f6fce3a17114d3abb""}"
114,3,2.2672453211058485,0.997529052435953,7,0.0,1.0,0.0,0.0,0.0,1.0,0.0,0.0,0.0,"{""edc_18q:1dpu_t8"":""cf23b184355b080f3bead1d9d754a3c2c295746793109413aedfff30da27b94e"",""edc_18q:4dpu_t8"":""cf23b184355b080f3bead1d9d754a3c2c295746793109413aedfff30da27b94e"",""ghz_chain_18q:1dpu_t8"":""9f9e62a16e205e4bd5eb1d1b8f62cade3177ef00fa9bd4dc15c899a41b00d3d0"",""ghz_chain_18q:4dpu_t8"":""9f9e62a16e205e4bd5eb1d1b8f62cade3177ef00fa9bd4dc15c899a41b00d3d0"",""hs_18q_d1:1dpu_t8"":""0f172b4535a71fb59dd5d4f406df828c33333cda1113d1c71db08b5d0e989d1e"",""hs_18q_d1:4dpu_t8"":""0f172b4535a71fb59dd5d4f406df828c33333cda1113d1c71db08b5d0e989d1e"",""quantization_stress_18q_l2:1dpu_t8"":""9d1e1ae9a325d84cef97b0fd9beffa9d4b3d783f00a4e38f6fce3a17114d3abb"",""quantization_stress_18q_l2:4dpu_t8"":""9d1e1ae9a325d84cef97b0fd9beffa9d4b3d783f00a4e38f6fce3a17114d3abb""}"
115,5,2.2356008063834603,1.0,6,0.024368166273412584,0.9754242110524387,0.00020762267414873057,0.012184083136706292,0.012184083136706292,0.9754242110524387,0.00020762267414873057,0.0,0.0,"{""edc_18q:1dpu_t8"":""cf23b184355b080f3bead1d9d754a3c2c295746793109413aedfff30da27b94e"",""edc_18q:4dpu_t8"":""cf23b184355b080f3bead1d9d754a3c2c295746793109413aedfff30da27b94e"",""ghz_chain_18q:1dpu_t8"":""9f9e62a16e205e4bd5eb1d1b8f62cade3177ef00fa9bd4dc15c899a41b00d3d0"",""ghz_chain_18q:4dpu_t8"":""9f9e62a16e205e4bd5eb1d1b8f62cade3177ef00fa9bd4dc15c899a41b00d3d0"",""hs_18q_d1:1dpu_t8"":""bf83ea123bc85b30f3c7f1f8a0de47c8366352fc37c099890eab75c8cba62cb8"",""hs_18q_d1:4dpu_t8"":""bf83ea123bc85b30f3c7f1f8a0de47c8366352fc37c099890eab75c8cba62cb8"",""quantization_stress_18q_l2:1dpu_t8"":""9d1e1ae9a325d84cef97b0fd9beffa9d4b3d783f00a4e38f6fce3a17114d3abb"",""quantization_stress_18q_l2:4dpu_t8"":""9d1e1ae9a325d84cef97b0fd9beffa9d4b3d783f00a4e38f6fce3a17114d3abb""}"
116,3,2.278846018709706,0.997529052435953,7,0.0,1.0,0.0,0.0,0.0,1.0,0.0,0.0,0.0,"{""edc_18q:1dpu_t8"":""cf23b184355b080f3bead1d9d754a3c2c295746793109413aedfff30da27b94e"",""edc_18q:4dpu_t8"":""cf23b184355b080f3bead1d9d754a3c2c295746793109413aedfff30da27b94e"",""ghz_chain_18q:1dpu_t8"":""9f9e62a16e205e4bd5eb1d1b8f62cade3177ef00fa9bd4dc15c899a41b00d3d0"",""ghz_chain_18q:4dpu_t8"":""9f9e62a16e205e4bd5eb1d1b8f62cade3177ef00fa9bd4dc15c899a41b00d3d0"",""hs_18q_d1:1dpu_t8"":""0f172b4535a71fb59dd5d4f406df828c33333cda1113d1c71db08b5d0e989d1e"",""hs_18q_d1:4dpu_t8"":""0f172b4535a71fb59dd5d4f406df828c33333cda1113d1c71db08b5d0e989d1e"",""quantization_stress_18q_l2:1dpu_t8"":""9d1e1ae9a325d84cef97b0fd9beffa9d4b3d783f00a4e38f6fce3a17114d3abb"",""quantization_stress_18q_l2:4dpu_t8"":""9d1e1ae9a325d84cef97b0fd9beffa9d4b3d783f00a4e38f6fce3a17114d3abb""}"
117,5,2.224354784205236,1.0,6,0.024368166273412584,0.9754242110524387,0.00020762267414873057,0.012184083136706292,0.012184083136706292,0.9754242110524387,0.00020762267414873057,0.0,0.0,"{""edc_18q:1dpu_t8"":""cf23b184355b080f3bead1d9d754a3c2c295746793109413aedfff30da27b94e"",""edc_18q:4dpu_t8"":""cf23b184355b080f3bead1d9d754a3c2c295746793109413aedfff30da27b94e"",""ghz_chain_18q:1dpu_t8"":""9f9e62a16e205e4bd5eb1d1b8f62cade3177ef00fa9bd4dc15c899a41b00d3d0"",""ghz_chain_18q:4dpu_t8"":""9f9e62a16e205e4bd5eb1d1b8f62cade3177ef00fa9bd4dc15c899a41b00d3d0"",""hs_18q_d1:1dpu_t8"":""bf83ea123bc85b30f3c7f1f8a0de47c8366352fc37c099890eab75c8cba62cb8"",""hs_18q_d1:4dpu_t8"":""bf83ea123bc85b30f3c7f1f8a0de47c8366352fc37c099890eab75c8cba62cb8"",""quantization_stress_18q_l2:1dpu_t8"":""9d1e1ae9a325d84cef97b0fd9beffa9d4b3d783f00a4e38f6fce3a17114d3abb"",""quantization_stress_18q_l2:4dpu_t8"":""9d1e1ae9a325d84cef97b0fd9beffa9d4b3d783f00a4e38f6fce3a17114d3abb""}"
118,9,2.235274590738935,1.0,7,0.5414741851996391,0.45232358896253566,0.006202225837825213,0.27073709259981954,0.27073709259981954,0.45232358896253566,0.006202225837825213,0.0,0.0,"{""edc_18q:1dpu_t8"":""cf23b184355b080f3bead1d9d754a3c2c295746793109413aedfff30da27b94e"",""edc_18q:4dpu_t8"":""cf23b184355b080f3bead1d9d754a3c2c295746793109413aedfff30da27b94e"",""ghz_chain_18q:1dpu_t8"":""9f9e62a16e205e4bd5eb1d1b8f62cade3177ef00fa9bd4dc15c899a41b00d3d0"",""ghz_chain_18q:4dpu_t8"":""9f9e62a16e205e4bd5eb1d1b8f62cade3177ef00fa9bd4dc15c899a41b00d3d0"",""hs_18q_d1:1dpu_t8"":""bf83ea123bc85b30f3c7f1f8a0de47c8366352fc37c099890eab75c8cba62cb8"",""hs_18q_d1:4dpu_t8"":""0f172b4535a71fb59dd5d4f406df828c33333cda1113d1c71db08b5d0e989d1e"",""quantization_stress_18q_l2:1dpu_t8"":""e56fd025e7fdf900c75302bb6e7212f78d89deef09b236732a001e9f5c5001c1"",""quantization_stress_18q_l2:4dpu_t8"":""e56fd025e7fdf900c75302bb6e7212f78d89deef09b236732a001e9f5c5001c1""}"
119,5,2.2314983150605077,1.0,6,0.024368166273412584,0.9754242110524387,0.00020762267414873057,0.012184083136706292,0.012184083136706292,0.9754242110524387,0.00020762267414873057,0.0,0.0,"{""edc_18q:1dpu_t8"":""cf23b184355b080f3bead1d9d754a3c2c295746793109413aedfff30da27b94e"",""edc_18q:4dpu_t8"":""cf23b184355b080f3bead1d9d754a3c2c295746793109413aedfff30da27b94e"",""ghz_chain_18q:1dpu_t8"":""9f9e62a16e205e4bd5eb1d1b8f62cade3177ef00fa9bd4dc15c899a41b00d3d0"",""ghz_chain_18q:4dpu_t8"":""9f9e62a16e205e4bd5eb1d1b8f62cade3177ef00fa9bd4dc15c899a41b00d3d0"",""hs_18q_d1:1dpu_t8"":""bf83ea123bc85b30f3c7f1f8a0de47c8366352fc37c099890eab75c8cba62cb8"",""hs_18q_d1:4dpu_t8"":""bf83ea123bc85b30f3c7f1f8a0de47c8366352fc37c099890eab75c8cba62cb8"",""quantization_stress_18q_l2:1dpu_t8"":""9d1e1ae9a325d84cef97b0fd9beffa9d4b3d783f00a4e38f6fce3a17114d3abb"",""quantization_stress_18q_l2:4dpu_t8"":""9d1e1ae9a325d84cef97b0fd9beffa9d4b3d783f00a4e38f6fce3a17114d3abb""}"
120,3,2.2852766164564815,1.041845644222677,8,0.0,1.0,0.0,0.0,0.0,1.0,0.0,0.0,0.0,"{""edc_18q:1dpu_t8"":""cf23b184355b080f3bead1d9d754a3c2c295746793109413aedfff30da27b94e"",""edc_18q:4dpu_t8"":""cf23b184355b080f3bead1d9d754a3c2c295746793109413aedfff30da27b94e"",""ghz_chain_18q:1dpu_t8"":""9f9e62a16e205e4bd5eb1d1b8f62cade3177ef00fa9bd4dc15c899a41b00d3d0"",""ghz_chain_18q:4dpu_t8"":""9f9e62a16e205e4bd5eb1d1b8f62cade3177ef00fa9bd4dc15c899a41b00d3d0"",""hs_18q_d1:1dpu_t8"":""0f172b4535a71fb59dd5d4f406df828c33333cda1113d1c71db08b5d0e989d1e"",""hs_18q_d1:4dpu_t8"":""0f172b4535a71fb59dd5d4f406df828c33333cda1113d1c71db08b5d0e989d1e"",""quantization_stress_18q_l2:1dpu_t8"":""9d1e1ae9a325d84cef97b0fd9beffa9d4b3d783f00a4e38f6fce3a17114d3abb"",""quantization_stress_18q_l2:4dpu_t8"":""9d1e1ae9a325d84cef97b0fd9beffa9d4b3d783f00a4e38f6fce3a17114d3abb""}"
121,5,2.234566245943185,1.0,6,0.024368166273412584,0.9754242110524387,0.00020762267414873057,0.012184083136706292,0.012184083136706292,0.9754242110524387,0.00020762267414873057,0.0,0.0,"{""edc_18q:1dpu_t8"":""cf23b184355b080f3bead1d9d754a3c2c295746793109413aedfff30da27b94e"",""edc_18q:4dpu_t8"":""cf23b184355b080f3bead1d9d754a3c2c295746793109413aedfff30da27b94e"",""ghz_chain_18q:1dpu_t8"":""9f9e62a16e205e4bd5eb1d1b8f62cade3177ef00fa9bd4dc15c899a41b00d3d0"",""ghz_chain_18q:4dpu_t8"":""9f9e62a16e205e4bd5eb1d1b8f62cade3177ef00fa9bd4dc15c899a41b00d3d0"",""hs_18q_d1:1dpu_t8"":""bf83ea123bc85b30f3c7f1f8a0de47c8366352fc37c099890eab75c8cba62cb8"",""hs_18q_d1:4dpu_t8"":""bf83ea123bc85b30f3c7f1f8a0de47c8366352fc37c099890eab75c8cba62cb8"",""quantization_stress_18q_l2:1dpu_t8"":""9d1e1ae9a325d84cef97b0fd9beffa9d4b3d783f00a4e38f6fce3a17114d3abb"",""quantization_stress_18q_l2:4dpu_t8"":""9d1e1ae9a325d84cef97b0fd9beffa9d4b3d783f00a4e38f6fce3a17114d3abb""}"
122,5,2.250743303213489,1.0,6,0.024368166273412584,0.9754242110524387,0.00020762267414873057,0.012184083136706292,0.012184083136706292,0.9754242110524387,0.00020762267414873057,0.0,0.0,"{""edc_18q:1dpu_t8"":""cf23b184355b080f3bead1d9d754a3c2c295746793109413aedfff30da27b94e"",""edc_18q:4dpu_t8"":""cf23b184355b080f3bead1d9d754a3c2c295746793109413aedfff30da27b94e"",""ghz_chain_18q:1dpu_t8"":""9f9e62a16e205e4bd5eb1d1b8f62cade3177ef00fa9bd4dc15c899a41b00d3d0"",""ghz_chain_18q:4dpu_t8"":""9f9e62a16e205e4bd5eb1d1b8f62cade3177ef00fa9bd4dc15c899a41b00d3d0"",""hs_18q_d1:1dpu_t8"":""bf83ea123bc85b30f3c7f1f8a0de47c8366352fc37c099890eab75c8cba62cb8"",""hs_18q_d1:4dpu_t8"":""bf83ea123bc85b30f3c7f1f8a0de47c8366352fc37c099890eab75c8cba62cb8"",""quantization_stress_18q_l2:1dpu_t8"":""9d1e1ae9a325d84cef97b0fd9beffa9d4b3d783f00a4e38f6fce3a17114d3abb"",""quantization_stress_18q_l2:4dpu_t8"":""9d1e1ae9a325d84cef97b0fd9beffa9d4b3d783f00a4e38f6fce3a17114d3abb""}"
123,9,2.2312867367910005,1.0,7,0.5414741851996391,0.45232358896253566,0.006202225837825213,0.27073709259981954,0.27073709259981954,0.45232358896253566,0.006202225837825213,0.0,0.0,"{""edc_18q:1dpu_t8"":""cf23b184355b080f3bead1d9d754a3c2c295746793109413aedfff30da27b94e"",""edc_18q:4dpu_t8"":""cf23b184355b080f3bead1d9d754a3c2c295746793109413aedfff30da27b94e"",""ghz_chain_18q:1dpu_t8"":""9f9e62a16e205e4bd5eb1d1b8f62cade3177ef00fa9bd4dc15c899a41b00d3d0"",""ghz_chain_18q:4dpu_t8"":""9f9e62a16e205e4bd5eb1d1b8f62cade3177ef00fa9bd4dc15c899a41b00d3d0"",""hs_18q_d1:1dpu_t8"":""bf83ea123bc85b30f3c7f1f8a0de47c8366352fc37c099890eab75c8cba62cb8"",""hs_18q_d1:4dpu_t8"":""0f172b4535a71fb59dd5d4f406df828c33333cda1113d1c71db08b5d0e989d1e"",""quantization_stress_18q_l2:1dpu_t8"":""e56fd025e7fdf900c75302bb6e7212f78d89deef09b236732a001e9f5c5001c1"",""quantization_stress_18q_l2:4dpu_t8"":""e56fd025e7fdf900c75302bb6e7212f78d89deef09b236732a001e9f5c5001c1""}"
124,10,2.231011029933355,1.0,6,0.47630996810097936,0.518889877536195,0.004800154362825642,0.23815498405048968,0.23815498405048968,0.518889877536195,0.004800154362825642,0.0,0.0,"{""edc_18q:1dpu_t8"":""cf23b184355b080f3bead1d9d754a3c2c295746793109413aedfff30da27b94e"",""edc_18q:4dpu_t8"":""cf23b184355b080f3bead1d9d754a3c2c295746793109413aedfff30da27b94e"",""ghz_chain_18q:1dpu_t8"":""9f9e62a16e205e4bd5eb1d1b8f62cade3177ef00fa9bd4dc15c899a41b00d3d0"",""ghz_chain_18q:4dpu_t8"":""9f9e62a16e205e4bd5eb1d1b8f62cade3177ef00fa9bd4dc15c899a41b00d3d0"",""hs_18q_d1:1dpu_t8"":""bf83ea123bc85b30f3c7f1f8a0de47c8366352fc37c099890eab75c8cba62cb8"",""hs_18q_d1:4dpu_t8"":""bf83ea123bc85b30f3c7f1f8a0de47c8366352fc37c099890eab75c8cba62cb8"",""quantization_stress_18q_l2:1dpu_t8"":""e56fd025e7fdf900c75302bb6e7212f78d89deef09b236732a001e9f5c5001c1"",""quantization_stress_18q_l2:4dpu_t8"":""e56fd025e7fdf900c75302bb6e7212f78d89deef09b236732a001e9f5c5001c1""}"
125,10,2.2389703753446653,1.0,6,0.47630996810097936,0.518889877536195,0.004800154362825642,0.23815498405048968,0.23815498405048968,0.518889877536195,0.004800154362825642,0.0,0.0,"{""edc_18q:1dpu_t8"":""cf23b184355b080f3bead1d9d754a3c2c295746793109413aedfff30da27b94e"",""edc_18q:4dpu_t8"":""cf23b184355b080f3bead1d9d754a3c2c295746793109413aedfff30da27b94e"",""ghz_chain_18q:1dpu_t8"":""9f9e62a16e205e4bd5eb1d1b8f62cade3177ef00fa9bd4dc15c899a41b00d3d0"",""ghz_chain_18q:4dpu_t8"":""9f9e62a16e205e4bd5eb1d1b8f62cade3177ef00fa9bd4dc15c899a41b00d3d0"",""hs_18q_d1:1dpu_t8"":""bf83ea123bc85b30f3c7f1f8a0de47c8366352fc37c099890eab75c8cba62cb8"",""hs_18q_d1:4dpu_t8"":""bf83ea123bc85b30f3c7f1f8a0de47c8366352fc37c099890eab75c8cba62cb8"",""quantization_stress_18q_l2:1dpu_t8"":""e56fd025e7fdf900c75302bb6e7212f78d89deef09b236732a001e9f5c5001c1"",""quantization_stress_18q_l2:4dpu_t8"":""e56fd025e7fdf900c75302bb6e7212f78d89deef09b236732a001e9f5c5001c1""}"
126,3,2.2952825924616644,1.041845644222677,8,0.0,1.0,0.0,0.0,0.0,1.0,0.0,0.0,0.0,"{""edc_18q:1dpu_t8"":""cf23b184355b080f3bead1d9d754a3c2c295746793109413aedfff30da27b94e"",""edc_18q:4dpu_t8"":""cf23b184355b080f3bead1d9d754a3c2c295746793109413aedfff30da27b94e"",""ghz_chain_18q:1dpu_t8"":""9f9e62a16e205e4bd5eb1d1b8f62cade3177ef00fa9bd4dc15c899a41b00d3d0"",""ghz_chain_18q:4dpu_t8"":""9f9e62a16e205e4bd5eb1d1b8f62cade3177ef00fa9bd4dc15c899a41b00d3d0"",""hs_18q_d1:1dpu_t8"":""0f172b4535a71fb59dd5d4f406df828c33333cda1113d1c71db08b5d0e989d1e"",""hs_18q_d1:4dpu_t8"":""0f172b4535a71fb59dd5d4f406df828c33333cda1113d1c71db08b5d0e989d1e"",""quantization_stress_18q_l2:1dpu_t8"":""9d1e1ae9a325d84cef97b0fd9beffa9d4b3d783f00a4e38f6fce3a17114d3abb"",""quantization_stress_18q_l2:4dpu_t8"":""9d1e1ae9a325d84cef97b0fd9beffa9d4b3d783f00a4e38f6fce3a17114d3abb""}"
127,4,2.24027355954558,1.0,7,0.22063680206282787,0.7768451800394555,0.002518017897716659,0.11031840103141394,0.11031840103141394,0.7768451800394555,0.002518017897716659,0.0,0.0,"{""edc_18q:1dpu_t8"":""cf23b184355b080f3bead1d9d754a3c2c295746793109413aedfff30da27b94e"",""edc_18q:4dpu_t8"":""cf23b184355b080f3bead1d9d754a3c2c295746793109413aedfff30da27b94e"",""ghz_chain_18q:1dpu_t8"":""9f9e62a16e205e4bd5eb1d1b8f62cade3177ef00fa9bd4dc15c899a41b00d3d0"",""ghz_chain_18q:4dpu_t8"":""9f9e62a16e205e4bd5eb1d1b8f62cade3177ef00fa9bd4dc15c899a41b00d3d0"",""hs_18q_d1:1dpu_t8"":""bf83ea123bc85b30f3c7f1f8a0de47c8366352fc37c099890eab75c8cba62cb8"",""hs_18q_d1:4dpu_t8"":""0f172b4535a71fb59dd5d4f406df828c33333cda1113d1c71db08b5d0e989d1e"",""quantization_stress_18q_l2:1dpu_t8"":""9d1e1ae9a325d84cef97b0fd9beffa9d4b3d783f00a4e38f6fce3a17114d3abb"",""quantization_stress_18q_l2:4dpu_t8"":""9d1e1ae9a325d84cef97b0fd9beffa9d4b3d783f00a4e38f6fce3a17114d3abb""}"
128,4,2.2405336210381464,1.0,7,0.22063680206282787,0.7768451800394555,0.002518017897716659,0.11031840103141394,0.11031840103141394,0.7768451800394555,0.002518017897716659,0.0,0.0,"{""edc_18q:1dpu_t8"":""cf23b184355b080f3bead1d9d754a3c2c295746793109413aedfff30da27b94e"",""edc_18q:4dpu_t8"":""cf23b184355b080f3bead1d9d754a3c2c295746793109413aedfff30da27b94e"",""ghz_chain_18q:1dpu_t8"":""9f9e62a16e205e4bd5eb1d1b8f62cade3177ef00fa9bd4dc15c899a41b00d3d0"",""ghz_chain_18q:4dpu_t8"":""9f9e62a16e205e4bd5eb1d1b8f62cade3177ef00fa9bd4dc15c899a41b00d3d0"",""hs_18q_d1:1dpu_t8"":""bf83ea123bc85b30f3c7f1f8a0de47c8366352fc37c099890eab75c8cba62cb8"",""hs_18q_d1:4dpu_t8"":""0f172b4535a71fb59dd5d4f406df828c33333cda1113d1c71db08b5d0e989d1e"",""quantization_stress_18q_l2:1dpu_t8"":""9d1e1ae9a325d84cef97b0fd9beffa9d4b3d783f00a4e38f6fce3a17114d3abb"",""quantization_stress_18q_l2:4dpu_t8"":""9d1e1ae9a325d84cef97b0fd9beffa9d4b3d783f00a4e38f6fce3a17114d3abb""}"
129,9,2.2441779723674777,1.0,7,0.5414741851996391,0.45232358896253566,0.006202225837825213,0.27073709259981954,0.27073709259981954,0.45232358896253566,0.006202225837825213,0.0,0.0,"{""edc_18q:1dpu_t8"":""cf23b184355b080f3bead1d9d754a3c2c295746793109413aedfff30da27b94e"",""edc_18q:4dpu_t8"":""cf23b184355b080f3bead1d9d754a3c2c295746793109413aedfff30da27b94e"",""ghz_chain_18q:1dpu_t8"":""9f9e62a16e205e4bd5eb1d1b8f62cade3177ef00fa9bd4dc15c899a41b00d3d0"",""ghz_chain_18q:4dpu_t8"":""9f9e62a16e205e4bd5eb1d1b8f62cade3177ef00fa9bd4dc15c899a41b00d3d0"",""hs_18q_d1:1dpu_t8"":""bf83ea123bc85b30f3c7f1f8a0de47c8366352fc37c099890eab75c8cba62cb8"",""hs_18q_d1:4dpu_t8"":""0f172b4535a71fb59dd5d4f406df828c33333cda1113d1c71db08b5d0e989d1e"",""quantization_stress_18q_l2:1dpu_t8"":""e56fd025e7fdf900c75302bb6e7212f78d89deef09b236732a001e9f5c5001c1"",""quantization_stress_18q_l2:4dpu_t8"":""e56fd025e7fdf900c75302bb6e7212f78d89deef09b236732a001e9f5c5001c1""}"
130,10,2.240684746839985,1.0,6,0.47630996810097936,0.518889877536195,0.004800154362825642,0.23815498405048968,0.23815498405048968,0.518889877536195,0.004800154362825642,0.0,0.0,"{""edc_18q:1dpu_t8"":""cf23b184355b080f3bead1d9d754a3c2c295746793109413aedfff30da27b94e"",""edc_18q:4dpu_t8"":""cf23b184355b080f3bead1d9d754a3c2c295746793109413aedfff30da27b94e"",""ghz_chain_18q:1dpu_t8"":""9f9e62a16e205e4bd5eb1d1b8f62cade3177ef00fa9bd4dc15c899a41b00d3d0"",""ghz_chain_18q:4dpu_t8"":""9f9e62a16e205e4bd5eb1d1b8f62cade3177ef00fa9bd4dc15c899a41b00d3d0"",""hs_18q_d1:1dpu_t8"":""bf83ea123bc85b30f3c7f1f8a0de47c8366352fc37c099890eab75c8cba62cb8"",""hs_18q_d1:4dpu_t8"":""bf83ea123bc85b30f3c7f1f8a0de47c8366352fc37c099890eab75c8cba62cb8"",""quantization_stress_18q_l2:1dpu_t8"":""e56fd025e7fdf900c75302bb6e7212f78d89deef09b236732a001e9f5c5001c1"",""quantization_stress_18q_l2:4dpu_t8"":""e56fd025e7fdf900c75302bb6e7212f78d89deef09b236732a001e9f5c5001c1""}"
131,3,2.2909538930100943,1.041845644222677,8,0.0,1.0,0.0,0.0,0.0,1.0,0.0,0.0,0.0,"{""edc_18q:1dpu_t8"":""cf23b184355b080f3bead1d9d754a3c2c295746793109413aedfff30da27b94e"",""edc_18q:4dpu_t8"":""cf23b184355b080f3bead1d9d754a3c2c295746793109413aedfff30da27b94e"",""ghz_chain_18q:1dpu_t8"":""9f9e62a16e205e4bd5eb1d1b8f62cade3177ef00fa9bd4dc15c899a41b00d3d0"",""ghz_chain_18q:4dpu_t8"":""9f9e62a16e205e4bd5eb1d1b8f62cade3177ef00fa9bd4dc15c899a41b00d3d0"",""hs_18q_d1:1dpu_t8"":""0f172b4535a71fb59dd5d4f406df828c33333cda1113d1c71db08b5d0e989d1e"",""hs_18q_d1:4dpu_t8"":""0f172b4535a71fb59dd5d4f406df828c33333cda1113d1c71db08b5d0e989d1e"",""quantization_stress_18q_l2:1dpu_t8"":""9d1e1ae9a325d84cef97b0fd9beffa9d4b3d783f00a4e38f6fce3a17114d3abb"",""quantization_stress_18q_l2:4dpu_t8"":""9d1e1ae9a325d84cef97b0fd9beffa9d4b3d783f00a4e38f6fce3a17114d3abb""}"
132,5,2.2440891502836906,1.0,6,0.024368166273412584,0.9754242110524387,0.00020762267414873057,0.012184083136706292,0.012184083136706292,0.9754242110524387,0.00020762267414873057,0.0,0.0,"{""edc_18q:1dpu_t8"":""cf23b184355b080f3bead1d9d754a3c2c295746793109413aedfff30da27b94e"",""edc_18q:4dpu_t8"":""cf23b184355b080f3bead1d9d754a3c2c295746793109413aedfff30da27b94e"",""ghz_chain_18q:1dpu_t8"":""9f9e62a16e205e4bd5eb1d1b8f62cade3177ef00fa9bd4dc15c899a41b00d3d0"",""ghz_chain_18q:4dpu_t8"":""9f9e62a16e205e4bd5eb1d1b8f62cade3177ef00fa9bd4dc15c899a41b00d3d0"",""hs_18q_d1:1dpu_t8"":""bf83ea123bc85b30f3c7f1f8a0de47c8366352fc37c099890eab75c8cba62cb8"",""hs_18q_d1:4dpu_t8"":""bf83ea123bc85b30f3c7f1f8a0de47c8366352fc37c099890eab75c8cba62cb8"",""quantization_stress_18q_l2:1dpu_t8"":""9d1e1ae9a325d84cef97b0fd9beffa9d4b3d783f00a4e38f6fce3a17114d3abb"",""quantization_stress_18q_l2:4dpu_t8"":""9d1e1ae9a325d84cef97b0fd9beffa9d4b3d783f00a4e38f6fce3a17114d3abb""}"
133,5,2.230276232568651,1.0,6,0.024368166273412584,0.9754242110524387,0.00020762267414873057,0.012184083136706292,0.012184083136706292,0.9754242110524387,0.00020762267414873057,0.0,0.0,"{""edc_18q:1dpu_t8"":""cf23b184355b080f3bead1d9d754a3c2c295746793109413aedfff30da27b94e"",""edc_18q:4dpu_t8"":""cf23b184355b080f3bead1d9d754a3c2c295746793109413aedfff30da27b94e"",""ghz_chain_18q:1dpu_t8"":""9f9e62a16e205e4bd5eb1d1b8f62cade3177ef00fa9bd4dc15c899a41b00d3d0"",""ghz_chain_18q:4dpu_t8"":""9f9e62a16e205e4bd5eb1d1b8f62cade3177ef00fa9bd4dc15c899a41b00d3d0"",""hs_18q_d1:1dpu_t8"":""bf83ea123bc85b30f3c7f1f8a0de47c8366352fc37c099890eab75c8cba62cb8"",""hs_18q_d1:4dpu_t8"":""bf83ea123bc85b30f3c7f1f8a0de47c8366352fc37c099890eab75c8cba62cb8"",""quantization_stress_18q_l2:1dpu_t8"":""9d1e1ae9a325d84cef97b0fd9beffa9d4b3d783f00a4e38f6fce3a17114d3abb"",""quantization_stress_18q_l2:4dpu_t8"":""9d1e1ae9a325d84cef97b0fd9beffa9d4b3d783f00a4e38f6fce3a17114d3abb""}"
134,4,2.237718746112862,1.0,7,0.22063680206282787,0.7768451800394555,0.002518017897716659,0.11031840103141394,0.11031840103141394,0.7768451800394555,0.002518017897716659,0.0,0.0,"{""edc_18q:1dpu_t8"":""cf23b184355b080f3bead1d9d754a3c2c295746793109413aedfff30da27b94e"",""edc_18q:4dpu_t8"":""cf23b184355b080f3bead1d9d754a3c2c295746793109413aedfff30da27b94e"",""ghz_chain_18q:1dpu_t8"":""9f9e62a16e205e4bd5eb1d1b8f62cade3177ef00fa9bd4dc15c899a41b00d3d0"",""ghz_chain_18q:4dpu_t8"":""9f9e62a16e205e4bd5eb1d1b8f62cade3177ef00fa9bd4dc15c899a41b00d3d0"",""hs_18q_d1:1dpu_t8"":""bf83ea123bc85b30f3c7f1f8a0de47c8366352fc37c099890eab75c8cba62cb8"",""hs_18q_d1:4dpu_t8"":""0f172b4535a71fb59dd5d4f406df828c33333cda1113d1c71db08b5d0e989d1e"",""quantization_stress_18q_l2:1dpu_t8"":""9d1e1ae9a325d84cef97b0fd9beffa9d4b3d783f00a4e38f6fce3a17114d3abb"",""quantization_stress_18q_l2:4dpu_t8"":""9d1e1ae9a325d84cef97b0fd9beffa9d4b3d783f00a4e38f6fce3a17114d3abb""}"
135,4,2.2462311959586567,1.0,7,0.22063680206282787,0.7768451800394555,0.002518017897716659,0.11031840103141394,0.11031840103141394,0.7768451800394555,0.002518017897716659,0.0,0.0,"{""edc_18q:1dpu_t8"":""cf23b184355b080f3bead1d9d754a3c2c295746793109413aedfff30da27b94e"",""edc_18q:4dpu_t8"":""cf23b184355b080f3bead1d9d754a3c2c295746793109413aedfff30da27b94e"",""ghz_chain_18q:1dpu_t8"":""9f9e62a16e205e4bd5eb1d1b8f62cade3177ef00fa9bd4dc15c899a41b00d3d0"",""ghz_chain_18q:4dpu_t8"":""9f9e62a16e205e4bd5eb1d1b8f62cade3177ef00fa9bd4dc15c899a41b00d3d0"",""hs_18q_d1:1dpu_t8"":""bf83ea123bc85b30f3c7f1f8a0de47c8366352fc37c099890eab75c8cba62cb8"",""hs_18q_d1:4dpu_t8"":""0f172b4535a71fb59dd5d4f406df828c33333cda1113d1c71db08b5d0e989d1e"",""quantization_stress_18q_l2:1dpu_t8"":""9d1e1ae9a325d84cef97b0fd9beffa9d4b3d783f00a4e38f6fce3a17114d3abb"",""quantization_stress_18q_l2:4dpu_t8"":""9d1e1ae9a325d84cef97b0fd9beffa9d4b3d783f00a4e38f6fce3a17114d3abb""}"
136,9,2.2437606033979636,1.0,7,0.5414741851996391,0.45232358896253566,0.006202225837825213,0.27073709259981954,0.27073709259981954,0.45232358896253566,0.006202225837825213,0.0,0.0,"{""edc_18q:1dpu_t8"":""cf23b184355b080f3bead1d9d754a3c2c295746793109413aedfff30da27b94e"",""edc_18q:4dpu_t8"":""cf23b184355b080f3bead1d9d754a3c2c295746793109413aedfff30da27b94e"",""ghz_chain_18q:1dpu_t8"":""9f9e62a16e205e4bd5eb1d1b8f62cade3177ef00fa9bd4dc15c899a41b00d3d0"",""ghz_chain_18q:4dpu_t8"":""9f9e62a16e205e4bd5eb1d1b8f62cade3177ef00fa9bd4dc15c899a41b00d3d0"",""hs_18q_d1:1dpu_t8"":""bf83ea123bc85b30f3c7f1f8a0de47c8366352fc37c099890eab75c8cba62cb8"",""hs_18q_d1:4dpu_t8"":""0f172b4535a71fb59dd5d4f406df828c33333cda1113d1c71db08b5d0e989d1e"",""quantization_stress_18q_l2:1dpu_t8"":""e56fd025e7fdf900c75302bb6e7212f78d89deef09b236732a001e9f5c5001c1"",""quantization_stress_18q_l2:4dpu_t8"":""e56fd025e7fdf900c75302bb6e7212f78d89deef09b236732a001e9f5c5001c1""}"
137,10,2.230422626004012,1.0,6,0.47630996810097936,0.518889877536195,0.004800154362825642,0.23815498405048968,0.23815498405048968,0.518889877536195,0.004800154362825642,0.0,0.0,"{""edc_18q:1dpu_t8"":""cf23b184355b080f3bead1d9d754a3c2c295746793109413aedfff30da27b94e"",""edc_18q:4dpu_t8"":""cf23b184355b080f3bead1d9d754a3c2c295746793109413aedfff30da27b94e"",""ghz_chain_18q:1dpu_t8"":""9f9e62a16e205e4bd5eb1d1b8f62cade3177ef00fa9bd4dc15c899a41b00d3d0"",""ghz_chain_18q:4dpu_t8"":""9f9e62a16e205e4bd5eb1d1b8f62cade3177ef00fa9bd4dc15c899a41b00d3d0"",""hs_18q_d1:1dpu_t8"":""bf83ea123bc85b30f3c7f1f8a0de47c8366352fc37c099890eab75c8cba62cb8"",""hs_18q_d1:4dpu_t8"":""bf83ea123bc85b30f3c7f1f8a0de47c8366352fc37c099890eab75c8cba62cb8"",""quantization_stress_18q_l2:1dpu_t8"":""e56fd025e7fdf900c75302bb6e7212f78d89deef09b236732a001e9f5c5001c1"",""quantization_stress_18q_l2:4dpu_t8"":""e56fd025e7fdf900c75302bb6e7212f78d89deef09b236732a001e9f5c5001c1""}"
138,10,2.216550354864545,1.0,6,0.47630996810097936,0.518889877536195,0.004800154362825642,0.23815498405048968,0.23815498405048968,0.518889877536195,0.004800154362825642,0.0,0.0,"{""edc_18q:1dpu_t8"":""cf23b184355b080f3bead1d9d754a3c2c295746793109413aedfff30da27b94e"",""edc_18q:4dpu_t8"":""cf23b184355b080f3bead1d9d754a3c2c295746793109413aedfff30da27b94e"",""ghz_chain_18q:1dpu_t8"":""9f9e62a16e205e4bd5eb1d1b8f62cade3177ef00fa9bd4dc15c899a41b00d3d0"",""ghz_chain_18q:4dpu_t8"":""9f9e62a16e205e4bd5eb1d1b8f62cade3177ef00fa9bd4dc15c899a41b00d3d0"",""hs_18q_d1:1dpu_t8"":""bf83ea123bc85b30f3c7f1f8a0de47c8366352fc37c099890eab75c8cba62cb8"",""hs_18q_d1:4dpu_t8"":""bf83ea123bc85b30f3c7f1f8a0de47c8366352fc37c099890eab75c8cba62cb8"",""quantization_stress_18q_l2:1dpu_t8"":""e56fd025e7fdf900c75302bb6e7212f78d89deef09b236732a001e9f5c5001c1"",""quantization_stress_18q_l2:4dpu_t8"":""e56fd025e7fdf900c75302bb6e7212f78d89deef09b236732a001e9f5c5001c1""}"
139,10,2.2506524661939653,1.0,6,0.47630996810097936,0.518889877536195,0.004800154362825642,0.23815498405048968,0.23815498405048968,0.518889877536195,0.004800154362825642,0.0,0.0,"{""edc_18q:1dpu_t8"":""cf23b184355b080f3bead1d9d754a3c2c295746793109413aedfff30da27b94e"",""edc_18q:4dpu_t8"":""cf23b184355b080f3bead1d9d754a3c2c295746793109413aedfff30da27b94e"",""ghz_chain_18q:1dpu_t8"":""9f9e62a16e205e4bd5eb1d1b8f62cade3177ef00fa9bd4dc15c899a41b00d3d0"",""ghz_chain_18q:4dpu_t8"":""9f9e62a16e205e4bd5eb1d1b8f62cade3177ef00fa9bd4dc15c899a41b00d3d0"",""hs_18q_d1:1dpu_t8"":""bf83ea123bc85b30f3c7f1f8a0de47c8366352fc37c099890eab75c8cba62cb8"",""hs_18q_d1:4dpu_t8"":""bf83ea123bc85b30f3c7f1f8a0de47c8366352fc37c099890eab75c8cba62cb8"",""quantization_stress_18q_l2:1dpu_t8"":""e56fd025e7fdf900c75302bb6e7212f78d89deef09b236732a001e9f5c5001c1"",""quantization_stress_18q_l2:4dpu_t8"":""e56fd025e7fdf900c75302bb6e7212f78d89deef09b236732a001e9f5c5001c1""}"
140,5,2.2356851563577265,1.0,6,0.024368166273412584,0.9754242110524387,0.00020762267414873057,0.012184083136706292,0.012184083136706292,0.9754242110524387,0.00020762267414873057,0.0,0.0,"{""edc_18q:1dpu_t8"":""cf23b184355b080f3bead1d9d754a3c2c295746793109413aedfff30da27b94e"",""edc_18q:4dpu_t8"":""cf23b184355b080f3bead1d9d754a3c2c295746793109413aedfff30da27b94e"",""ghz_chain_18q:1dpu_t8"":""9f9e62a16e205e4bd5eb1d1b8f62cade3177ef00fa9bd4dc15c899a41b00d3d0"",""ghz_chain_18q:4dpu_t8"":""9f9e62a16e205e4bd5eb1d1b8f62cade3177ef00fa9bd4dc15c899a41b00d3d0"",""hs_18q_d1:1dpu_t8"":""bf83ea123bc85b30f3c7f1f8a0de47c8366352fc37c099890eab75c8cba62cb8"",""hs_18q_d1:4dpu_t8"":""bf83ea123bc85b30f3c7f1f8a0de47c8366352fc37c099890eab75c8cba62cb8"",""quantization_stress_18q_l2:1dpu_t8"":""9d1e1ae9a325d84cef97b0fd9beffa9d4b3d783f00a4e38f6fce3a17114d3abb"",""quantization_stress_18q_l2:4dpu_t8"":""9d1e1ae9a325d84cef97b0fd9beffa9d4b3d783f00a4e38f6fce3a17114d3abb""}"
141,3,2.276394090611203,1.0163179096347865,8,0.0,1.0,0.0,0.0,0.0,1.0,0.0,0.0,0.0,"{""edc_18q:1dpu_t8"":""cf23b184355b080f3bead1d9d754a3c2c295746793109413aedfff30da27b94e"",""edc_18q:4dpu_t8"":""cf23b184355b080f3bead1d9d754a3c2c295746793109413aedfff30da27b94e"",""ghz_chain_18q:1dpu_t8"":""9f9e62a16e205e4bd5eb1d1b8f62cade3177ef00fa9bd4dc15c899a41b00d3d0"",""ghz_chain_18q:4dpu_t8"":""9f9e62a16e205e4bd5eb1d1b8f62cade3177ef00fa9bd4dc15c899a41b00d3d0"",""hs_18q_d1:1dpu_t8"":""0f172b4535a71fb59dd5d4f406df828c33333cda1113d1c71db08b5d0e989d1e"",""hs_18q_d1:4dpu_t8"":""0f172b4535a71fb59dd5d4f406df828c33333cda1113d1c71db08b5d0e989d1e"",""quantization_stress_18q_l2:1dpu_t8"":""9d1e1ae9a325d84cef97b0fd9beffa9d4b3d783f00a4e38f6fce3a17114d3abb"",""quantization_stress_18q_l2:4dpu_t8"":""9d1e1ae9a325d84cef97b0fd9beffa9d4b3d783f00a4e38f6fce3a17114d3abb""}"
142,8,2.277070705861159,1.0163179096347865,8,0.3715322706836804,0.40507521716230527,0.2233925121540143,0.1857661353418402,0.1857661353418402,0.40507521716230527,0.2233925121540143,0.0,0.0,"{""edc_18q:1dpu_t8"":""cf23b184355b080f3bead1d9d754a3c2c295746793109413aedfff30da27b94e"",""edc_18q:4dpu_t8"":""cf23b184355b080f3bead1d9d754a3c2c295746793109413aedfff30da27b94e"",""ghz_chain_18q:1dpu_t8"":""9f9e62a16e205e4bd5eb1d1b8f62cade3177ef00fa9bd4dc15c899a41b00d3d0"",""ghz_chain_18q:4dpu_t8"":""9f9e62a16e205e4bd5eb1d1b8f62cade3177ef00fa9bd4dc15c899a41b00d3d0"",""hs_18q_d1:1dpu_t8"":""0f172b4535a71fb59dd5d4f406df828c33333cda1113d1c71db08b5d0e989d1e"",""hs_18q_d1:4dpu_t8"":""0f172b4535a71fb59dd5d4f406df828c33333cda1113d1c71db08b5d0e989d1e"",""quantization_stress_18q_l2:1dpu_t8"":""e56fd025e7fdf900c75302bb6e7212f78d89deef09b236732a001e9f5c5001c1"",""quantization_stress_18q_l2:4dpu_t8"":""e56fd025e7fdf900c75302bb6e7212f78d89deef09b236732a001e9f5c5001c1""}"
143,8,2.3041396335916993,1.041845644222677,8,0.3715322706836804,0.40507521716230527,0.2233925121540143,0.1857661353418402,0.1857661353418402,0.40507521716230527,0.2233925121540143,0.0,0.0,"{""edc_18q:1dpu_t8"":""cf23b184355b080f3bead1d9d754a3c2c295746793109413aedfff30da27b94e"",""edc_18q:4dpu_t8"":""cf23b184355b080f3bead1d9d754a3c2c295746793109413aedfff30da27b94e"",""ghz_chain_18q:1dpu_t8"":""9f9e62a16e205e4bd5eb1d1b8f62cade3177ef00fa9bd4dc15c899a41b00d3d0"",""ghz_chain_18q:4dpu_t8"":""9f9e62a16e205e4bd5eb1d1b8f62cade3177ef00fa9bd4dc15c899a41b00d3d0"",""hs_18q_d1:1dpu_t8"":""0f172b4535a71fb59dd5d4f406df828c33333cda1113d1c71db08b5d0e989d1e"",""hs_18q_d1:4dpu_t8"":""0f172b4535a71fb59dd5d4f406df828c33333cda1113d1c71db08b5d0e989d1e"",""quantization_stress_18q_l2:1dpu_t8"":""e56fd025e7fdf900c75302bb6e7212f78d89deef09b236732a001e9f5c5001c1"",""quantization_stress_18q_l2:4dpu_t8"":""e56fd025e7fdf900c75302bb6e7212f78d89deef09b236732a001e9f5c5001c1""}"
144,4,2.251938570171772,1.0,7,0.22063680206282787,0.7768451800394555,0.002518017897716659,0.11031840103141394,0.11031840103141394,0.7768451800394555,0.002518017897716659,0.0,0.0,"{""edc_18q:1dpu_t8"":""cf23b184355b080f3bead1d9d754a3c2c295746793109413aedfff30da27b94e"",""edc_18q:4dpu_t8"":""cf23b184355b080f3bead1d9d754a3c2c295746793109413aedfff30da27b94e"",""ghz_chain_18q:1dpu_t8"":""9f9e62a16e205e4bd5eb1d1b8f62cade3177ef00fa9bd4dc15c899a41b00d3d0"",""ghz_chain_18q:4dpu_t8"":""9f9e62a16e205e4bd5eb1d1b8f62cade3177ef00fa9bd4dc15c899a41b00d3d0"",""hs_18q_d1:1dpu_t8"":""bf83ea123bc85b30f3c7f1f8a0de47c8366352fc37c099890eab75c8cba62cb8"",""hs_18q_d1:4dpu_t8"":""0f172b4535a71fb59dd5d4f406df828c33333cda1113d1c71db08b5d0e989d1e"",""quantization_stress_18q_l2:1dpu_t8"":""9d1e1ae9a325d84cef97b0fd9beffa9d4b3d783f00a4e38f6fce3a17114d3abb"",""quantization_stress_18q_l2:4dpu_t8"":""9d1e1ae9a325d84cef97b0fd9beffa9d4b3d783f00a4e38f6fce3a17114d3abb""}"
145,4,2.2452101263811826,1.0,7,0.22063680206282787,0.7768451800394555,0.002518017897716659,0.11031840103141394,0.11031840103141394,0.7768451800394555,0.002518017897716659,0.0,0.0,"{""edc_18q:1dpu_t8"":""cf23b184355b080f3bead1d9d754a3c2c295746793109413aedfff30da27b94e"",""edc_18q:4dpu_t8"":""cf23b184355b080f3bead1d9d754a3c2c295746793109413aedfff30da27b94e"",""ghz_chain_18q:1dpu_t8"":""9f9e62a16e205e4bd5eb1d1b8f62cade3177ef00fa9bd4dc15c899a41b00d3d0"",""ghz_chain_18q:4dpu_t8"":""9f9e62a16e205e4bd5eb1d1b8f62cade3177ef00fa9bd4dc15c899a41b00d3d0"",""hs_18q_d1:1dpu_t8"":""bf83ea123bc85b30f3c7f1f8a0de47c8366352fc37c099890eab75c8cba62cb8"",""hs_18q_d1:4dpu_t8"":""0f172b4535a71fb59dd5d4f406df828c33333cda1113d1c71db08b5d0e989d1e"",""quantization_stress_18q_l2:1dpu_t8"":""9d1e1ae9a325d84cef97b0fd9beffa9d4b3d783f00a4e38f6fce3a17114d3abb"",""quantization_stress_18q_l2:4dpu_t8"":""9d1e1ae9a325d84cef97b0fd9beffa9d4b3d783f00a4e38f6fce3a17114d3abb""}"
146,8,2.2600043017806897,0.997529052435953,7,0.3715322706836804,0.40507521716230527,0.2233925121540143,0.1857661353418402,0.1857661353418402,0.40507521716230527,0.2233925121540143,0.0,0.0,"{""edc_18q:1dpu_t8"":""cf23b184355b080f3bead1d9d754a3c2c295746793109413aedfff30da27b94e"",""edc_18q:4dpu_t8"":""cf23b184355b080f3bead1d9d754a3c2c295746793109413aedfff30da27b94e"",""ghz_chain_18q:1dpu_t8"":""9f9e62a16e205e4bd5eb1d1b8f62cade3177ef00fa9bd4dc15c899a41b00d3d0"",""ghz_chain_18q:4dpu_t8"":""9f9e62a16e205e4bd5eb1d1b8f62cade3177ef00fa9bd4dc15c899a41b00d3d0"",""hs_18q_d1:1dpu_t8"":""0f172b4535a71fb59dd5d4f406df828c33333cda1113d1c71db08b5d0e989d1e"",""hs_18q_d1:4dpu_t8"":""0f172b4535a71fb59dd5d4f406df828c33333cda1113d1c71db08b5d0e989d1e"",""quantization_stress_18q_l2:1dpu_t8"":""e56fd025e7fdf900c75302bb6e7212f78d89deef09b236732a001e9f5c5001c1"",""quantization_stress_18q_l2:4dpu_t8"":""e56fd025e7fdf900c75302bb6e7212f78d89deef09b236732a001e9f5c5001c1""}"
147,10,2.213921909485465,1.0,6,0.47630996810097936,0.518889877536195,0.004800154362825642,0.23815498405048968,0.23815498405048968,0.518889877536195,0.004800154362825642,0.0,0.0,"{""edc_18q:1dpu_t8"":""cf23b184355b080f3bead1d9d754a3c2c295746793109413aedfff30da27b94e"",""edc_18q:4dpu_t8"":""cf23b184355b080f3bead1d9d754a3c2c295746793109413aedfff30da27b94e"",""ghz_chain_18q:1dpu_t8"":""9f9e62a16e205e4bd5eb1d1b8f62cade3177ef00fa9bd4dc15c899a41b00d3d0"",""ghz_chain_18q:4dpu_t8"":""9f9e62a16e205e4bd5eb1d1b8f62cade3177ef00fa9bd4dc15c899a41b00d3d0"",""hs_18q_d1:1dpu_t8"":""bf83ea123bc85b30f3c7f1f8a0de47c8366352fc37c099890eab75c8cba62cb8"",""hs_18q_d1:4dpu_t8"":""bf83ea123bc85b30f3c7f1f8a0de47c8366352fc37c099890eab75c8cba62cb8"",""quantization_stress_18q_l2:1dpu_t8"":""e56fd025e7fdf900c75302bb6e7212f78d89deef09b236732a001e9f5c5001c1"",""quantization_stress_18q_l2:4dpu_t8"":""e56fd025e7fdf900c75302bb6e7212f78d89deef09b236732a001e9f5c5001c1""}"
148,9,2.2395762677435433,1.0,7,0.5414741851996391,0.45232358896253566,0.006202225837825213,0.27073709259981954,0.27073709259981954,0.45232358896253566,0.006202225837825213,0.0,0.0,"{""edc_18q:1dpu_t8"":""cf23b184355b080f3bead1d9d754a3c2c295746793109413aedfff30da27b94e"",""edc_18q:4dpu_t8"":""cf23b184355b080f3bead1d9d754a3c2c295746793109413aedfff30da27b94e"",""ghz_chain_18q:1dpu_t8"":""9f9e62a16e205e4bd5eb1d1b8f62cade3177ef00fa9bd4dc15c899a41b00d3d0"",""ghz_chain_18q:4dpu_t8"":""9f9e62a16e205e4bd5eb1d1b8f62cade3177ef00fa9bd4dc15c899a41b00d3d0"",""hs_18q_d1:1dpu_t8"":""bf83ea123bc85b30f3c7f1f8a0de47c8366352fc37c099890eab75c8cba62cb8"",""hs_18q_d1:4dpu_t8"":""0f172b4535a71fb59dd5d4f406df828c33333cda1113d1c71db08b5d0e989d1e"",""quantization_stress_18q_l2:1dpu_t8"":""e56fd025e7fdf900c75302bb6e7212f78d89deef09b236732a001e9f5c5001c1"",""quantization_stress_18q_l2:4dpu_t8"":""e56fd025e7fdf900c75302bb6e7212f78d89deef09b236732a001e9f5c5001c1""}"
149,10,2.239180508277601,1.0,6,0.47630996810097936,0.518889877536195,0.004800154362825642,0.23815498405048968,0.23815498405048968,0.518889877536195,0.004800154362825642,0.0,0.0,"{""edc_18q:1dpu_t8"":""cf23b184355b080f3bead1d9d754a3c2c295746793109413aedfff30da27b94e"",""edc_18q:4dpu_t8"":""cf23b184355b080f3bead1d9d754a3c2c295746793109413aedfff30da27b94e"",""ghz_chain_18q:1dpu_t8"":""9f9e62a16e205e4bd5eb1d1b8f62cade3177ef00fa9bd4dc15c899a41b00d3d0"",""ghz_chain_18q:4dpu_t8"":""9f9e62a16e205e4bd5eb1d1b8f62cade3177ef00fa9bd4dc15c899a41b00d3d0"",""hs_18q_d1:1dpu_t8"":""bf83ea123bc85b30f3c7f1f8a0de47c8366352fc37c099890eab75c8cba62cb8"",""hs_18q_d1:4dpu_t8"":""bf83ea123bc85b30f3c7f1f8a0de47c8366352fc37c099890eab75c8cba62cb8"",""quantization_stress_18q_l2:1dpu_t8"":""e56fd025e7fdf900c75302bb6e7212f78d89deef09b236732a001e9f5c5001c1"",""quantization_stress_18q_l2:4dpu_t8"":""e56fd025e7fdf900c75302bb6e7212f78d89deef09b236732a001e9f5c5001c1""}"
150,9,2.245098157286107,1.0,7,0.5414741851996391,0.45232358896253566,0.006202225837825213,0.27073709259981954,0.27073709259981954,0.45232358896253566,0.006202225837825213,0.0,0.0,"{""edc_18q:1dpu_t8"":""cf23b184355b080f3bead1d9d754a3c2c295746793109413aedfff30da27b94e"",""edc_18q:4dpu_t8"":""cf23b184355b080f3bead1d9d754a3c2c295746793109413aedfff30da27b94e"",""ghz_chain_18q:1dpu_t8"":""9f9e62a16e205e4bd5eb1d1b8f62cade3177ef00fa9bd4dc15c899a41b00d3d0"",""ghz_chain_18q:4dpu_t8"":""9f9e62a16e205e4bd5eb1d1b8f62cade3177ef00fa9bd4dc15c899a41b00d3d0"",""hs_18q_d1:1dpu_t8"":""bf83ea123bc85b30f3c7f1f8a0de47c8366352fc37c099890eab75c8cba62cb8"",""hs_18q_d1:4dpu_t8"":""0f172b4535a71fb59dd5d4f406df828c33333cda1113d1c71db08b5d0e989d1e"",""quantization_stress_18q_l2:1dpu_t8"":""e56fd025e7fdf900c75302bb6e7212f78d89deef09b236732a001e9f5c5001c1"",""quantization_stress_18q_l2:4dpu_t8"":""e56fd025e7fdf900c75302bb6e7212f78d89deef09b236732a001e9f5c5001c1""}"
151,9,2.249064431616482,1.0,7,0.5414741851996391,0.45232358896253566,0.006202225837825213,0.27073709259981954,0.27073709259981954,0.45232358896253566,0.006202225837825213,0.0,0.0,"{""edc_18q:1dpu_t8"":""cf23b184355b080f3bead1d9d754a3c2c295746793109413aedfff30da27b94e"",""edc_18q:4dpu_t8"":""cf23b184355b080f3bead1d9d754a3c2c295746793109413aedfff30da27b94e"",""ghz_chain_18q:1dpu_t8"":""9f9e62a16e205e4bd5eb1d1b8f62cade3177ef00fa9bd4dc15c899a41b00d3d0"",""ghz_chain_18q:4dpu_t8"":""9f9e62a16e205e4bd5eb1d1b8f62cade3177ef00fa9bd4dc15c899a41b00d3d0"",""hs_18q_d1:1dpu_t8"":""bf83ea123bc85b30f3c7f1f8a0de47c8366352fc37c099890eab75c8cba62cb8"",""hs_18q_d1:4dpu_t8"":""0f172b4535a71fb59dd5d4f406df828c33333cda1113d1c71db08b5d0e989d1e"",""quantization_stress_18q_l2:1dpu_t8"":""e56fd025e7fdf900c75302bb6e7212f78d89deef09b236732a001e9f5c5001c1"",""quantization_stress_18q_l2:4dpu_t8"":""e56fd025e7fdf900c75302bb6e7212f78d89deef09b236732a001e9f5c5001c1""}"
152,5,2.243143039863659,1.0,6,0.024368166273412584,0.9754242110524387,0.00020762267414873057,0.012184083136706292,0.012184083136706292,0.9754242110524387,0.00020762267414873057,0.0,0.0,"{""edc_18q:1dpu_t8"":""cf23b184355b080f3bead1d9d754a3c2c295746793109413aedfff30da27b94e"",""edc_18q:4dpu_t8"":""cf23b184355b080f3bead1d9d754a3c2c295746793109413aedfff30da27b94e"",""ghz_chain_18q:1dpu_t8"":""9f9e62a16e205e4bd5eb1d1b8f62cade3177ef00fa9bd4dc15c899a41b00d3d0"",""ghz_chain_18q:4dpu_t8"":""9f9e62a16e205e4bd5eb1d1b8f62cade3177ef00fa9bd4dc15c899a41b00d3d0"",""hs_18q_d1:1dpu_t8"":""bf83ea123bc85b30f3c7f1f8a0de47c8366352fc37c099890eab75c8cba62cb8"",""hs_18q_d1:4dpu_t8"":""bf83ea123bc85b30f3c7f1f8a0de47c8366352fc37c099890eab75c8cba62cb8"",""quantization_stress_18q_l2:1dpu_t8"":""9d1e1ae9a325d84cef97b0fd9beffa9d4b3d783f00a4e38f6fce3a17114d3abb"",""quantization_stress_18q_l2:4dpu_t8"":""9d1e1ae9a325d84cef97b0fd9beffa9d4b3d783f00a4e38f6fce3a17114d3abb""}"
153,5,2.2269675087941585,1.0,6,0.024368166273412584,0.9754242110524387,0.00020762267414873057,0.012184083136706292,0.012184083136706292,0.9754242110524387,0.00020762267414873057,0.0,0.0,"{""edc_18q:1dpu_t8"":""cf23b184355b080f3bead1d9d754a3c2c295746793109413aedfff30da27b94e"",""edc_18q:4dpu_t8"":""cf23b184355b080f3bead1d9d754a3c2c295746793109413aedfff30da27b94e"",""ghz_chain_18q:1dpu_t8"":""9f9e62a16e205e4bd5eb1d1b8f62cade3177ef00fa9bd4dc15c899a41b00d3d0"",""ghz_chain_18q:4dpu_t8"":""9f9e62a16e205e4bd5eb1d1b8f62cade3177ef00fa9bd4dc15c899a41b00d3d0"",""hs_18q_d1:1dpu_t8"":""bf83ea123bc85b30f3c7f1f8a0de47c8366352fc37c099890eab75c8cba62cb8"",""hs_18q_d1:4dpu_t8"":""bf83ea123bc85b30f3c7f1f8a0de47c8366352fc37c099890eab75c8cba62cb8"",""quantization_stress_18q_l2:1dpu_t8"":""9d1e1ae9a325d84cef97b0fd9beffa9d4b3d783f00a4e38f6fce3a17114d3abb"",""quantization_stress_18q_l2:4dpu_t8"":""9d1e1ae9a325d84cef97b0fd9beffa9d4b3d783f00a4e38f6fce3a17114d3abb""}"
154,10,2.232284708799174,1.0,6,0.47630996810097936,0.518889877536195,0.004800154362825642,0.23815498405048968,0.23815498405048968,0.518889877536195,0.004800154362825642,0.0,0.0,"{""edc_18q:1dpu_t8"":""cf23b184355b080f3bead1d9d754a3c2c295746793109413aedfff30da27b94e"",""edc_18q:4dpu_t8"":""cf23b184355b080f3bead1d9d754a3c2c295746793109413aedfff30da27b94e"",""ghz_chain_18q:1dpu_t8"":""9f9e62a16e205e4bd5eb1d1b8f62cade3177ef00fa9bd4dc15c899a41b00d3d0"",""ghz_chain_18q:4dpu_t8"":""9f9e62a16e205e4bd5eb1d1b8f62cade3177ef00fa9bd4dc15c899a41b00d3d0"",""hs_18q_d1:1dpu_t8"":""bf83ea123bc85b30f3c7f1f8a0de47c8366352fc37c099890eab75c8cba62cb8"",""hs_18q_d1:4dpu_t8"":""bf83ea123bc85b30f3c7f1f8a0de47c8366352fc37c099890eab75c8cba62cb8"",""quantization_stress_18q_l2:1dpu_t8"":""e56fd025e7fdf900c75302bb6e7212f78d89deef09b236732a001e9f5c5001c1"",""quantization_stress_18q_l2:4dpu_t8"":""e56fd025e7fdf900c75302bb6e7212f78d89deef09b236732a001e9f5c5001c1""}"
155,5,2.2558335682219792,1.0,6,0.024368166273412584,0.9754242110524387,0.00020762267414873057,0.012184083136706292,0.012184083136706292,0.9754242110524387,0.00020762267414873057,0.0,0.0,"{""edc_18q:1dpu_t8"":""cf23b184355b080f3bead1d9d754a3c2c295746793109413aedfff30da27b94e"",""edc_18q:4dpu_t8"":""cf23b184355b080f3bead1d9d754a3c2c295746793109413aedfff30da27b94e"",""ghz_chain_18q:1dpu_t8"":""9f9e62a16e205e4bd5eb1d1b8f62cade3177ef00fa9bd4dc15c899a41b00d3d0"",""ghz_chain_18q:4dpu_t8"":""9f9e62a16e205e4bd5eb1d1b8f62cade3177ef00fa9bd4dc15c899a41b00d3d0"",""hs_18q_d1:1dpu_t8"":""bf83ea123bc85b30f3c7f1f8a0de47c8366352fc37c099890eab75c8cba62cb8"",""hs_18q_d1:4dpu_t8"":""bf83ea123bc85b30f3c7f1f8a0de47c8366352fc37c099890eab75c8cba62cb8"",""quantization_stress_18q_l2:1dpu_t8"":""9d1e1ae9a325d84cef97b0fd9beffa9d4b3d783f00a4e38f6fce3a17114d3abb"",""quantization_stress_18q_l2:4dpu_t8"":""9d1e1ae9a325d84cef97b0fd9beffa9d4b3d783f00a4e38f6fce3a17114d3abb""}"
156,4,2.2614729535585845,1.0,7,0.22063680206282787,0.7768451800394555,0.002518017897716659,0.11031840103141394,0.11031840103141394,0.7768451800394555,0.002518017897716659,0.0,0.0,"{""edc_18q:1dpu_t8"":""cf23b184355b080f3bead1d9d754a3c2c295746793109413aedfff30da27b94e"",""edc_18q:4dpu_t8"":""cf23b184355b080f3bead1d9d754a3c2c295746793109413aedfff30da27b94e"",""ghz_chain_18q:1dpu_t8"":""9f9e62a16e205e4bd5eb1d1b8f62cade3177ef00fa9bd4dc15c899a41b00d3d0"",""ghz_chain_18q:4dpu_t8"":""9f9e62a16e205e4bd5eb1d1b8f62cade3177ef00fa9bd4dc15c899a41b00d3d0"",""hs_18q_d1:1dpu_t8"":""bf83ea123bc85b30f3c7f1f8a0de47c8366352fc37c099890eab75c8cba62cb8"",""hs_18q_d1:4dpu_t8"":""0f172b4535a71fb59dd5d4f406df828c33333cda1113d1c71db08b5d0e989d1e"",""quantization_stress_18q_l2:1dpu_t8"":""9d1e1ae9a325d84cef97b0fd9beffa9d4b3d783f00a4e38f6fce3a17114d3abb"",""quantization_stress_18q_l2:4dpu_t8"":""9d1e1ae9a325d84cef97b0fd9beffa9d4b3d783f00a4e38f6fce3a17114d3abb""}"
157,9,2.2443140346910515,1.0,7,0.5414741851996391,0.45232358896253566,0.006202225837825213,0.27073709259981954,0.27073709259981954,0.45232358896253566,0.006202225837825213,0.0,0.0,"{""edc_18q:1dpu_t8"":""cf23b184355b080f3bead1d9d754a3c2c295746793109413aedfff30da27b94e"",""edc_18q:4dpu_t8"":""cf23b184355b080f3bead1d9d754a3c2c295746793109413aedfff30da27b94e"",""ghz_chain_18q:1dpu_t8"":""9f9e62a16e205e4bd5eb1d1b8f62cade3177ef00fa9bd4dc15c899a41b00d3d0"",""ghz_chain_18q:4dpu_t8"":""9f9e62a16e205e4bd5eb1d1b8f62cade3177ef00fa9bd4dc15c899a41b00d3d0"",""hs_18q_d1:1dpu_t8"":""bf83ea123bc85b30f3c7f1f8a0de47c8366352fc37c099890eab75c8cba62cb8"",""hs_18q_d1:4dpu_t8"":""0f172b4535a71fb59dd5d4f406df828c33333cda1113d1c71db08b5d0e989d1e"",""quantization_stress_18q_l2:1dpu_t8"":""e56fd025e7fdf900c75302bb6e7212f78d89deef09b236732a001e9f5c5001c1"",""quantization_stress_18q_l2:4dpu_t8"":""e56fd025e7fdf900c75302bb6e7212f78d89deef09b236732a001e9f5c5001c1""}"
158,5,2.258613711089164,1.0,6,0.024368166273412584,0.9754242110524387,0.00020762267414873057,0.012184083136706292,0.012184083136706292,0.9754242110524387,0.00020762267414873057,0.0,0.0,"{""edc_18q:1dpu_t8"":""cf23b184355b080f3bead1d9d754a3c2c295746793109413aedfff30da27b94e"",""edc_18q:4dpu_t8"":""cf23b184355b080f3bead1d9d754a3c2c295746793109413aedfff30da27b94e"",""ghz_chain_18q:1dpu_t8"":""9f9e62a16e205e4bd5eb1d1b8f62cade3177ef00fa9bd4dc15c899a41b00d3d0"",""ghz_chain_18q:4dpu_t8"":""9f9e62a16e205e4bd5eb1d1b8f62cade3177ef00fa9bd4dc15c899a41b00d3d0"",""hs_18q_d1:1dpu_t8"":""bf83ea123bc85b30f3c7f1f8a0de47c8366352fc37c099890eab75c8cba62cb8"",""hs_18q_d1:4dpu_t8"":""bf83ea123bc85b30f3c7f1f8a0de47c8366352fc37c099890eab75c8cba62cb8"",""quantization_stress_18q_l2:1dpu_t8"":""9d1e1ae9a325d84cef97b0fd9beffa9d4b3d783f00a4e38f6fce3a17114d3abb"",""quantization_stress_18q_l2:4dpu_t8"":""9d1e1ae9a325d84cef97b0fd9beffa9d4b3d783f00a4e38f6fce3a17114d3abb""}"
159,5,2.2291967416300746,1.0,6,0.024368166273412584,0.9754242110524387,0.00020762267414873057,0.012184083136706292,0.012184083136706292,0.9754242110524387,0.00020762267414873057,0.0,0.0,"{""edc_18q:1dpu_t8"":""cf23b184355b080f3bead1d9d754a3c2c295746793109413aedfff30da27b94e"",""edc_18q:4dpu_t8"":""cf23b184355b080f3bead1d9d754a3c2c295746793109413aedfff30da27b94e"",""ghz_chain_18q:1dpu_t8"":""9f9e62a16e205e4bd5eb1d1b8f62cade3177ef00fa9bd4dc15c899a41b00d3d0"",""ghz_chain_18q:4dpu_t8"":""9f9e62a16e205e4bd5eb1d1b8f62cade3177ef00fa9bd4dc15c899a41b00d3d0"",""hs_18q_d1:1dpu_t8"":""bf83ea123bc85b30f3c7f1f8a0de47c8366352fc37c099890eab75c8cba62cb8"",""hs_18q_d1:4dpu_t8"":""bf83ea123bc85b30f3c7f1f8a0de47c8366352fc37c099890eab75c8cba62cb8"",""quantization_stress_18q_l2:1dpu_t8"":""9d1e1ae9a325d84cef97b0fd9beffa9d4b3d783f00a4e38f6fce3a17114d3abb"",""quantization_stress_18q_l2:4dpu_t8"":""9d1e1ae9a325d84cef97b0fd9beffa9d4b3d783f00a4e38f6fce3a17114d3abb""}"
160,4,2.2241419674058807,1.0,7,0.22063680206282787,0.7768451800394555,0.002518017897716659,0.11031840103141394,0.11031840103141394,0.7768451800394555,0.002518017897716659,0.0,0.0,"{""edc_18q:1dpu_t8"":""cf23b184355b080f3bead1d9d754a3c2c295746793109413aedfff30da27b94e"",""edc_18q:4dpu_t8"":""cf23b184355b080f3bead1d9d754a3c2c295746793109413aedfff30da27b94e"",""ghz_chain_18q:1dpu_t8"":""9f9e62a16e205e4bd5eb1d1b8f62cade3177ef00fa9bd4dc15c899a41b00d3d0"",""ghz_chain_18q:4dpu_t8"":""9f9e62a16e205e4bd5eb1d1b8f62cade3177ef00fa9bd4dc15c899a41b00d3d0"",""hs_18q_d1:1dpu_t8"":""bf83ea123bc85b30f3c7f1f8a0de47c8366352fc37c099890eab75c8cba62cb8"",""hs_18q_d1:4dpu_t8"":""0f172b4535a71fb59dd5d4f406df828c33333cda1113d1c71db08b5d0e989d1e"",""quantization_stress_18q_l2:1dpu_t8"":""9d1e1ae9a325d84cef97b0fd9beffa9d4b3d783f00a4e38f6fce3a17114d3abb"",""quantization_stress_18q_l2:4dpu_t8"":""9d1e1ae9a325d84cef97b0fd9beffa9d4b3d783f00a4e38f6fce3a17114d3abb""}"
161,4,2.225262257498439,1.0,7,0.22063680206282787,0.7768451800394555,0.002518017897716659,0.11031840103141394,0.11031840103141394,0.7768451800394555,0.002518017897716659,0.0,0.0,"{""edc_18q:1dpu_t8"":""cf23b184355b080f3bead1d9d754a3c2c295746793109413aedfff30da27b94e"",""edc_18q:4dpu_t8"":""cf23b184355b080f3bead1d9d754a3c2c295746793109413aedfff30da27b94e"",""ghz_chain_18q:1dpu_t8"":""9f9e62a16e205e4bd5eb1d1b8f62cade3177ef00fa9bd4dc15c899a41b00d3d0"",""ghz_chain_18q:4dpu_t8"":""9f9e62a16e205e4bd5eb1d1b8f62cade3177ef00fa9bd4dc15c899a41b00d3d0"",""hs_18q_d1:1dpu_t8"":""bf83ea123bc85b30f3c7f1f8a0de47c8366352fc37c099890eab75c8cba62cb8"",""hs_18q_d1:4dpu_t8"":""0f172b4535a71fb59dd5d4f406df828c33333cda1113d1c71db08b5d0e989d1e"",""quantization_stress_18q_l2:1dpu_t8"":""9d1e1ae9a325d84cef97b0fd9beffa9d4b3d783f00a4e38f6fce3a17114d3abb"",""quantization_stress_18q_l2:4dpu_t8"":""9d1e1ae9a325d84cef97b0fd9beffa9d4b3d783f00a4e38f6fce3a17114d3abb""}"
162,10,2.235752307838404,1.0,6,0.47630996810097936,0.518889877536195,0.004800154362825642,0.23815498405048968,0.23815498405048968,0.518889877536195,0.004800154362825642,0.0,0.0,"{""edc_18q:1dpu_t8"":""cf23b184355b080f3bead1d9d754a3c2c295746793109413aedfff30da27b94e"",""edc_18q:4dpu_t8"":""cf23b184355b080f3bead1d9d754a3c2c295746793109413aedfff30da27b94e"",""ghz_chain_18q:1dpu_t8"":""9f9e62a16e205e4bd5eb1d1b8f62cade3177ef00fa9bd4dc15c899a41b00d3d0"",""ghz_chain_18q:4dpu_t8"":""9f9e62a16e205e4bd5eb1d1b8f62cade3177ef00fa9bd4dc15c899a41b00d3d0"",""hs_18q_d1:1dpu_t8"":""bf83ea123bc85b30f3c7f1f8a0de47c8366352fc37c099890eab75c8cba62cb8"",""hs_18q_d1:4dpu_t8"":""bf83ea123bc85b30f3c7f1f8a0de47c8366352fc37c099890eab75c8cba62cb8"",""quantization_stress_18q_l2:1dpu_t8"":""e56fd025e7fdf900c75302bb6e7212f78d89deef09b236732a001e9f5c5001c1"",""quantization_stress_18q_l2:4dpu_t8"":""e56fd025e7fdf900c75302bb6e7212f78d89deef09b236732a001e9f5c5001c1""}"
163,4,2.2510607337733473,1.0,7,0.22063680206282787,0.7768451800394555,0.002518017897716659,0.11031840103141394,0.11031840103141394,0.7768451800394555,0.002518017897716659,0.0,0.0,"{""edc_18q:1dpu_t8"":""cf23b184355b080f3bead1d9d754a3c2c295746793109413aedfff30da27b94e"",""edc_18q:4dpu_t8"":""cf23b184355b080f3bead1d9d754a3c2c295746793109413aedfff30da27b94e"",""ghz_chain_18q:1dpu_t8"":""9f9e62a16e205e4bd5eb1d1b8f62cade3177ef00fa9bd4dc15c899a41b00d3d0"",""ghz_chain_18q:4dpu_t8"":""9f9e62a16e205e4bd5eb1d1b8f62cade3177ef00fa9bd4dc15c899a41b00d3d0"",""hs_18q_d1:1dpu_t8"":""bf83ea123bc85b30f3c7f1f8a0de47c8366352fc37c099890eab75c8cba62cb8"",""hs_18q_d1:4dpu_t8"":""0f172b4535a71fb59dd5d4f406df828c33333cda1113d1c71db08b5d0e989d1e"",""quantization_stress_18q_l2:1dpu_t8"":""9d1e1ae9a325d84cef97b0fd9beffa9d4b3d783f00a4e38f6fce3a17114d3abb"",""quantization_stress_18q_l2:4dpu_t8"":""9d1e1ae9a325d84cef97b0fd9beffa9d4b3d783f00a4e38f6fce3a17114d3abb""}"
164,5,2.2258878947578986,1.0,6,0.024368166273412584,0.9754242110524387,0.00020762267414873057,0.012184083136706292,0.012184083136706292,0.9754242110524387,0.00020762267414873057,0.0,0.0,"{""edc_18q:1dpu_t8"":""cf23b184355b080f3bead1d9d754a3c2c295746793109413aedfff30da27b94e"",""edc_18q:4dpu_t8"":""cf23b184355b080f3bead1d9d754a3c2c295746793109413aedfff30da27b94e"",""ghz_chain_18q:1dpu_t8"":""9f9e62a16e205e4bd5eb1d1b8f62cade3177ef00fa9bd4dc15c899a41b00d3d0"",""ghz_chain_18q:4dpu_t8"":""9f9e62a16e205e4bd5eb1d1b8f62cade3177ef00fa9bd4dc15c899a41b00d3d0"",""hs_18q_d1:1dpu_t8"":""bf83ea123bc85b30f3c7f1f8a0de47c8366352fc37c099890eab75c8cba62cb8"",""hs_18q_d1:4dpu_t8"":""bf83ea123bc85b30f3c7f1f8a0de47c8366352fc37c099890eab75c8cba62cb8"",""quantization_stress_18q_l2:1dpu_t8"":""9d1e1ae9a325d84cef97b0fd9beffa9d4b3d783f00a4e38f6fce3a17114d3abb"",""quantization_stress_18q_l2:4dpu_t8"":""9d1e1ae9a325d84cef97b0fd9beffa9d4b3d783f00a4e38f6fce3a17114d3abb""}"
165,8,2.294795733221452,1.041845644222677,8,0.3715322706836804,0.40507521716230527,0.2233925121540143,0.1857661353418402,0.1857661353418402,0.40507521716230527,0.2233925121540143,0.0,0.0,"{""edc_18q:1dpu_t8"":""cf23b184355b080f3bead1d9d754a3c2c295746793109413aedfff30da27b94e"",""edc_18q:4dpu_t8"":""cf23b184355b080f3bead1d9d754a3c2c295746793109413aedfff30da27b94e"",""ghz_chain_18q:1dpu_t8"":""9f9e62a16e205e4bd5eb1d1b8f62cade3177ef00fa9bd4dc15c899a41b00d3d0"",""ghz_chain_18q:4dpu_t8"":""9f9e62a16e205e4bd5eb1d1b8f62cade3177ef00fa9bd4dc15c899a41b00d3d0"",""hs_18q_d1:1dpu_t8"":""0f172b4535a71fb59dd5d4f406df828c33333cda1113d1c71db08b5d0e989d1e"",""hs_18q_d1:4dpu_t8"":""0f172b4535a71fb59dd5d4f406df828c33333cda1113d1c71db08b5d0e989d1e"",""quantization_stress_18q_l2:1dpu_t8"":""e56fd025e7fdf900c75302bb6e7212f78d89deef09b236732a001e9f5c5001c1"",""quantization_stress_18q_l2:4dpu_t8"":""e56fd025e7fdf900c75302bb6e7212f78d89deef09b236732a001e9f5c5001c1""}"
166,4,2.2377403690863713,1.0,7,0.22063680206282787,0.7768451800394555,0.002518017897716659,0.11031840103141394,0.11031840103141394,0.7768451800394555,0.002518017897716659,0.0,0.0,"{""edc_18q:1dpu_t8"":""cf23b184355b080f3bead1d9d754a3c2c295746793109413aedfff30da27b94e"",""edc_18q:4dpu_t8"":""cf23b184355b080f3bead1d9d754a3c2c295746793109413aedfff30da27b94e"",""ghz_chain_18q:1dpu_t8"":""9f9e62a16e205e4bd5eb1d1b8f62cade3177ef00fa9bd4dc15c899a41b00d3d0"",""ghz_chain_18q:4dpu_t8"":""9f9e62a16e205e4bd5eb1d1b8f62cade3177ef00fa9bd4dc15c899a41b00d3d0"",""hs_18q_d1:1dpu_t8"":""bf83ea123bc85b30f3c7f1f8a0de47c8366352fc37c099890eab75c8cba62cb8"",""hs_18q_d1:4dpu_t8"":""0f172b4535a71fb59dd5d4f406df828c33333cda1113d1c71db08b5d0e989d1e"",""quantization_stress_18q_l2:1dpu_t8"":""9d1e1ae9a325d84cef97b0fd9beffa9d4b3d783f00a4e38f6fce3a17114d3abb"",""quantization_stress_18q_l2:4dpu_t8"":""9d1e1ae9a325d84cef97b0fd9beffa9d4b3d783f00a4e38f6fce3a17114d3abb""}"
167,10,2.2279800954392655,1.0,6,0.47630996810097936,0.518889877536195,0.004800154362825642,0.23815498405048968,0.23815498405048968,0.518889877536195,0.004800154362825642,0.0,0.0,"{""edc_18q:1dpu_t8"":""cf23b184355b080f3bead1d9d754a3c2c295746793109413aedfff30da27b94e"",""edc_18q:4dpu_t8"":""cf23b184355b080f3bead1d9d754a3c2c295746793109413aedfff30da27b94e"",""ghz_chain_18q:1dpu_t8"":""9f9e62a16e205e4bd5eb1d1b8f62cade3177ef00fa9bd4dc15c899a41b00d3d0"",""ghz_chain_18q:4dpu_t8"":""9f9e62a16e205e4bd5eb1d1b8f62cade3177ef00fa9bd4dc15c899a41b00d3d0"",""hs_18q_d1:1dpu_t8"":""bf83ea123bc85b30f3c7f1f8a0de47c8366352fc37c099890eab75c8cba62cb8"",""hs_18q_d1:4dpu_t8"":""bf83ea123bc85b30f3c7f1f8a0de47c8366352fc37c099890eab75c8cba62cb8"",""quantization_stress_18q_l2:1dpu_t8"":""e56fd025e7fdf900c75302bb6e7212f78d89deef09b236732a001e9f5c5001c1"",""quantization_stress_18q_l2:4dpu_t8"":""e56fd025e7fdf900c75302bb6e7212f78d89deef09b236732a001e9f5c5001c1""}"
168,10,2.2312508227755177,1.0,6,0.47630996810097936,0.518889877536195,0.004800154362825642,0.23815498405048968,0.23815498405048968,0.518889877536195,0.004800154362825642,0.0,0.0,"{""edc_18q:1dpu_t8"":""cf23b184355b080f3bead1d9d754a3c2c295746793109413aedfff30da27b94e"",""edc_18q:4dpu_t8"":""cf23b184355b080f3bead1d9d754a3c2c295746793109413aedfff30da27b94e"",""ghz_chain_18q:1dpu_t8"":""9f9e62a16e205e4bd5eb1d1b8f62cade3177ef00fa9bd4dc15c899a41b00d3d0"",""ghz_chain_18q:4dpu_t8"":""9f9e62a16e205e4bd5eb1d1b8f62cade3177ef00fa9bd4dc15c899a41b00d3d0"",""hs_18q_d1:1dpu_t8"":""bf83ea123bc85b30f3c7f1f8a0de47c8366352fc37c099890eab75c8cba62cb8"",""hs_18q_d1:4dpu_t8"":""bf83ea123bc85b30f3c7f1f8a0de47c8366352fc37c099890eab75c8cba62cb8"",""quantization_stress_18q_l2:1dpu_t8"":""e56fd025e7fdf900c75302bb6e7212f78d89deef09b236732a001e9f5c5001c1"",""quantization_stress_18q_l2:4dpu_t8"":""e56fd025e7fdf900c75302bb6e7212f78d89deef09b236732a001e9f5c5001c1""}"
169,4,2.2408561570959615,1.0,7,0.22063680206282787,0.7768451800394555,0.002518017897716659,0.11031840103141394,0.11031840103141394,0.7768451800394555,0.002518017897716659,0.0,0.0,"{""edc_18q:1dpu_t8"":""cf23b184355b080f3bead1d9d754a3c2c295746793109413aedfff30da27b94e"",""edc_18q:4dpu_t8"":""cf23b184355b080f3bead1d9d754a3c2c295746793109413aedfff30da27b94e"",""ghz_chain_18q:1dpu_t8"":""9f9e62a16e205e4bd5eb1d1b8f62cade3177ef00fa9bd4dc15c899a41b00d3d0"",""ghz_chain_18q:4dpu_t8"":""9f9e62a16e205e4bd5eb1d1b8f62cade3177ef00fa9bd4dc15c899a41b00d3d0"",""hs_18q_d1:1dpu_t8"":""bf83ea123bc85b30f3c7f1f8a0de47c8366352fc37c099890eab75c8cba62cb8"",""hs_18q_d1:4dpu_t8"":""0f172b4535a71fb59dd5d4f406df828c33333cda1113d1c71db08b5d0e989d1e"",""quantization_stress_18q_l2:1dpu_t8"":""9d1e1ae9a325d84cef97b0fd9beffa9d4b3d783f00a4e38f6fce3a17114d3abb"",""quantization_stress_18q_l2:4dpu_t8"":""9d1e1ae9a325d84cef97b0fd9beffa9d4b3d783f00a4e38f6fce3a17114d3abb""}"
170,10,2.231011029933355,1.0,6,0.47630996810097936,0.518889877536195,0.004800154362825642,0.23815498405048968,0.23815498405048968,0.518889877536195,0.004800154362825642,0.0,0.0,"{""edc_18q:1dpu_t8"":""cf23b184355b080f3bead1d9d754a3c2c295746793109413aedfff30da27b94e"",""edc_18q:4dpu_t8"":""cf23b184355b080f3bead1d9d754a3c2c295746793109413aedfff30da27b94e"",""ghz_chain_18q:1dpu_t8"":""9f9e62a16e205e4bd5eb1d1b8f62cade3177ef00fa9bd4dc15c899a41b00d3d0"",""ghz_chain_18q:4dpu_t8"":""9f9e62a16e205e4bd5eb1d1b8f62cade3177ef00fa9bd4dc15c899a41b00d3d0"",""hs_18q_d1:1dpu_t8"":""bf83ea123bc85b30f3c7f1f8a0de47c8366352fc37c099890eab75c8cba62cb8"",""hs_18q_d1:4dpu_t8"":""bf83ea123bc85b30f3c7f1f8a0de47c8366352fc37c099890eab75c8cba62cb8"",""quantization_stress_18q_l2:1dpu_t8"":""e56fd025e7fdf900c75302bb6e7212f78d89deef09b236732a001e9f5c5001c1"",""quantization_stress_18q_l2:4dpu_t8"":""e56fd025e7fdf900c75302bb6e7212f78d89deef09b236732a001e9f5c5001c1""}"
171,4,2.2296635611159026,1.0,7,0.22063680206282787,0.7768451800394555,0.002518017897716659,0.11031840103141394,0.11031840103141394,0.7768451800394555,0.002518017897716659,0.0,0.0,"{""edc_18q:1dpu_t8"":""cf23b184355b080f3bead1d9d754a3c2c295746793109413aedfff30da27b94e"",""edc_18q:4dpu_t8"":""cf23b184355b080f3bead1d9d754a3c2c295746793109413aedfff30da27b94e"",""ghz_chain_18q:1dpu_t8"":""9f9e62a16e205e4bd5eb1d1b8f62cade3177ef00fa9bd4dc15c899a41b00d3d0"",""ghz_chain_18q:4dpu_t8"":""9f9e62a16e205e4bd5eb1d1b8f62cade3177ef00fa9bd4dc15c899a41b00d3d0"",""hs_18q_d1:1dpu_t8"":""bf83ea123bc85b30f3c7f1f8a0de47c8366352fc37c099890eab75c8cba62cb8"",""hs_18q_d1:4dpu_t8"":""0f172b4535a71fb59dd5d4f406df828c33333cda1113d1c71db08b5d0e989d1e"",""quantization_stress_18q_l2:1dpu_t8"":""9d1e1ae9a325d84cef97b0fd9beffa9d4b3d783f00a4e38f6fce3a17114d3abb"",""quantization_stress_18q_l2:4dpu_t8"":""9d1e1ae9a325d84cef97b0fd9beffa9d4b3d783f00a4e38f6fce3a17114d3abb""}"
172,5,2.2245722527601894,1.0,6,0.024368166273412584,0.9754242110524387,0.00020762267414873057,0.012184083136706292,0.012184083136706292,0.9754242110524387,0.00020762267414873057,0.0,0.0,"{""edc_18q:1dpu_t8"":""cf23b184355b080f3bead1d9d754a3c2c295746793109413aedfff30da27b94e"",""edc_18q:4dpu_t8"":""cf23b184355b080f3bead1d9d754a3c2c295746793109413aedfff30da27b94e"",""ghz_chain_18q:1dpu_t8"":""9f9e62a16e205e4bd5eb1d1b8f62cade3177ef00fa9bd4dc15c899a41b00d3d0"",""ghz_chain_18q:4dpu_t8"":""9f9e62a16e205e4bd5eb1d1b8f62cade3177ef00fa9bd4dc15c899a41b00d3d0"",""hs_18q_d1:1dpu_t8"":""bf83ea123bc85b30f3c7f1f8a0de47c8366352fc37c099890eab75c8cba62cb8"",""hs_18q_d1:4dpu_t8"":""bf83ea123bc85b30f3c7f1f8a0de47c8366352fc37c099890eab75c8cba62cb8"",""quantization_stress_18q_l2:1dpu_t8"":""9d1e1ae9a325d84cef97b0fd9beffa9d4b3d783f00a4e38f6fce3a17114d3abb"",""quantization_stress_18q_l2:4dpu_t8"":""9d1e1ae9a325d84cef97b0fd9beffa9d4b3d783f00a4e38f6fce3a17114d3abb""}"
173,9,2.234096702139318,1.0,7,0.5414741851996391,0.45232358896253566,0.006202225837825213,0.27073709259981954,0.27073709259981954,0.45232358896253566,0.006202225837825213,0.0,0.0,"{""edc_18q:1dpu_t8"":""cf23b184355b080f3bead1d9d754a3c2c295746793109413aedfff30da27b94e"",""edc_18q:4dpu_t8"":""cf23b184355b080f3bead1d9d754a3c2c295746793109413aedfff30da27b94e"",""ghz_chain_18q:1dpu_t8"":""9f9e62a16e205e4bd5eb1d1b8f62cade3177ef00fa9bd4dc15c899a41b00d3d0"",""ghz_chain_18q:4dpu_t8"":""9f9e62a16e205e4bd5eb1d1b8f62cade3177ef00fa9bd4dc15c899a41b00d3d0"",""hs_18q_d1:1dpu_t8"":""bf83ea123bc85b30f3c7f1f8a0de47c8366352fc37c099890eab75c8cba62cb8"",""hs_18q_d1:4dpu_t8"":""0f172b4535a71fb59dd5d4f406df828c33333cda1113d1c71db08b5d0e989d1e"",""quantization_stress_18q_l2:1dpu_t8"":""e56fd025e7fdf900c75302bb6e7212f78d89deef09b236732a001e9f5c5001c1"",""quantization_stress_18q_l2:4dpu_t8"":""e56fd025e7fdf900c75302bb6e7212f78d89deef09b236732a001e9f5c5001c1""}"
174,3,2.3026715037585217,1.041845644222677,8,0.0,1.0,0.0,0.0,0.0,1.0,0.0,0.0,0.0,"{""edc_18q:1dpu_t8"":""cf23b184355b080f3bead1d9d754a3c2c295746793109413aedfff30da27b94e"",""edc_18q:4dpu_t8"":""cf23b184355b080f3bead1d9d754a3c2c295746793109413aedfff30da27b94e"",""ghz_chain_18q:1dpu_t8"":""9f9e62a16e205e4bd5eb1d1b8f62cade3177ef00fa9bd4dc15c899a41b00d3d0"",""ghz_chain_18q:4dpu_t8"":""9f9e62a16e205e4bd5eb1d1b8f62cade3177ef00fa9bd4dc15c899a41b00d3d0"",""hs_18q_d1:1dpu_t8"":""0f172b4535a71fb59dd5d4f406df828c33333cda1113d1c71db08b5d0e989d1e"",""hs_18q_d1:4dpu_t8"":""0f172b4535a71fb59dd5d4f406df828c33333cda1113d1c71db08b5d0e989d1e"",""quantization_stress_18q_l2:1dpu_t8"":""9d1e1ae9a325d84cef97b0fd9beffa9d4b3d783f00a4e38f6fce3a17114d3abb"",""quantization_stress_18q_l2:4dpu_t8"":""9d1e1ae9a325d84cef97b0fd9beffa9d4b3d783f00a4e38f6fce3a17114d3abb""}"
175,3,2.3030587056210807,1.0163179096347865,8,0.0,1.0,0.0,0.0,0.0,1.0,0.0,0.0,0.0,"{""edc_18q:1dpu_t8"":""cf23b184355b080f3bead1d9d754a3c2c295746793109413aedfff30da27b94e"",""edc_18q:4dpu_t8"":""cf23b184355b080f3bead1d9d754a3c2c295746793109413aedfff30da27b94e"",""ghz_chain_18q:1dpu_t8"":""9f9e62a16e205e4bd5eb1d1b8f62cade3177ef00fa9bd4dc15c899a41b00d3d0"",""ghz_chain_18q:4dpu_t8"":""9f9e62a16e205e4bd5eb1d1b8f62cade3177ef00fa9bd4dc15c899a41b00d3d0"",""hs_18q_d1:1dpu_t8"":""0f172b4535a71fb59dd5d4f406df828c33333cda1113d1c71db08b5d0e989d1e"",""hs_18q_d1:4dpu_t8"":""0f172b4535a71fb59dd5d4f406df828c33333cda1113d1c71db08b5d0e989d1e"",""quantization_stress_18q_l2:1dpu_t8"":""9d1e1ae9a325d84cef97b0fd9beffa9d4b3d783f00a4e38f6fce3a17114d3abb"",""quantization_stress_18q_l2:4dpu_t8"":""9d1e1ae9a325d84cef97b0fd9beffa9d4b3d783f00a4e38f6fce3a17114d3abb""}"
176,5,2.2528626340998423,1.0,6,0.024368166273412584,0.9754242110524387,0.00020762267414873057,0.012184083136706292,0.012184083136706292,0.9754242110524387,0.00020762267414873057,0.0,0.0,"{""edc_18q:1dpu_t8"":""cf23b184355b080f3bead1d9d754a3c2c295746793109413aedfff30da27b94e"",""edc_18q:4dpu_t8"":""cf23b184355b080f3bead1d9d754a3c2c295746793109413aedfff30da27b94e"",""ghz_chain_18q:1dpu_t8"":""9f9e62a16e205e4bd5eb1d1b8f62cade3177ef00fa9bd4dc15c899a41b00d3d0"",""ghz_chain_18q:4dpu_t8"":""9f9e62a16e205e4bd5eb1d1b8f62cade3177ef00fa9bd4dc15c899a41b00d3d0"",""hs_18q_d1:1dpu_t8"":""bf83ea123bc85b30f3c7f1f8a0de47c8366352fc37c099890eab75c8cba62cb8"",""hs_18q_d1:4dpu_t8"":""bf83ea123bc85b30f3c7f1f8a0de47c8366352fc37c099890eab75c8cba62cb8"",""quantization_stress_18q_l2:1dpu_t8"":""9d1e1ae9a325d84cef97b0fd9beffa9d4b3d783f00a4e38f6fce3a17114d3abb"",""quantization_stress_18q_l2:4dpu_t8"":""9d1e1ae9a325d84cef97b0fd9beffa9d4b3d783f00a4e38f6fce3a17114d3abb""}"
177,4,2.255349919979227,1.0,7,0.22063680206282787,0.7768451800394555,0.002518017897716659,0.11031840103141394,0.11031840103141394,0.7768451800394555,0.002518017897716659,0.0,0.0,"{""edc_18q:1dpu_t8"":""cf23b184355b080f3bead1d9d754a3c2c295746793109413aedfff30da27b94e"",""edc_18q:4dpu_t8"":""cf23b184355b080f3bead1d9d754a3c2c295746793109413aedfff30da27b94e"",""ghz_chain_18q:1dpu_t8"":""9f9e62a16e205e4bd5eb1d1b8f62cade3177ef00fa9bd4dc15c899a41b00d3d0"",""ghz_chain_18q:4dpu_t8"":""9f9e62a16e205e4bd5eb1d1b8f62cade3177ef00fa9bd4dc15c899a41b00d3d0"",""hs_18q_d1:1dpu_t8"":""bf83ea123bc85b30f3c7f1f8a0de47c8366352fc37c099890eab75c8cba62cb8"",""hs_18q_d1:4dpu_t8"":""0f172b4535a71fb59dd5d4f406df828c33333cda1113d1c71db08b5d0e989d1e"",""quantization_stress_18q_l2:1dpu_t8"":""9d1e1ae9a325d84cef97b0fd9beffa9d4b3d783f00a4e38f6fce3a17114d3abb"",""quantization_stress_18q_l2:4dpu_t8"":""9d1e1ae9a325d84cef97b0fd9beffa9d4b3d783f00a4e38f6fce3a17114d3abb""}"
178,5,2.244425214857653,1.0,6,0.024368166273412584,0.9754242110524387,0.00020762267414873057,0.012184083136706292,0.012184083136706292,0.9754242110524387,0.00020762267414873057,0.0,0.0,"{""edc_18q:1dpu_t8"":""cf23b184355b080f3bead1d9d754a3c2c295746793109413aedfff30da27b94e"",""edc_18q:4dpu_t8"":""cf23b184355b080f3bead1d9d754a3c2c295746793109413aedfff30da27b94e"",""ghz_chain_18q:1dpu_t8"":""9f9e62a16e205e4bd5eb1d1b8f62cade3177ef00fa9bd4dc15c899a41b00d3d0"",""ghz_chain_18q:4dpu_t8"":""9f9e62a16e205e4bd5eb1d1b8f62cade3177ef00fa9bd4dc15c899a41b00d3d0"",""hs_18q_d1:1dpu_t8"":""bf83ea123bc85b30f3c7f1f8a0de47c8366352fc37c099890eab75c8cba62cb8"",""hs_18q_d1:4dpu_t8"":""bf83ea123bc85b30f3c7f1f8a0de47c8366352fc37c099890eab75c8cba62cb8"",""quantization_stress_18q_l2:1dpu_t8"":""9d1e1ae9a325d84cef97b0fd9beffa9d4b3d783f00a4e38f6fce3a17114d3abb"",""quantization_stress_18q_l2:4dpu_t8"":""9d1e1ae9a325d84cef97b0fd9beffa9d4b3d783f00a4e38f6fce3a17114d3abb""}"
179,4,2.249334040090212,1.0,7,0.22063680206282787,0.7768451800394555,0.002518017897716659,0.11031840103141394,0.11031840103141394,0.7768451800394555,0.002518017897716659,0.0,0.0,"{""edc_18q:1dpu_t8"":""cf23b184355b080f3bead1d9d754a3c2c295746793109413aedfff30da27b94e"",""edc_18q:4dpu_t8"":""cf23b184355b080f3bead1d9d754a3c2c295746793109413aedfff30da27b94e"",""ghz_chain_18q:1dpu_t8"":""9f9e62a16e205e4bd5eb1d1b8f62cade3177ef00fa9bd4dc15c899a41b00d3d0"",""ghz_chain_18q:4dpu_t8"":""9f9e62a16e205e4bd5eb1d1b8f62cade3177ef00fa9bd4dc15c899a41b00d3d0"",""hs_18q_d1:1dpu_t8"":""bf83ea123bc85b30f3c7f1f8a0de47c8366352fc37c099890eab75c8cba62cb8"",""hs_18q_d1:4dpu_t8"":""0f172b4535a71fb59dd5d4f406df828c33333cda1113d1c71db08b5d0e989d1e"",""quantization_stress_18q_l2:1dpu_t8"":""9d1e1ae9a325d84cef97b0fd9beffa9d4b3d783f00a4e38f6fce3a17114d3abb"",""quantization_stress_18q_l2:4dpu_t8"":""9d1e1ae9a325d84cef97b0fd9beffa9d4b3d783f00a4e38f6fce3a17114d3abb""}"
180,5,2.233016048765614,1.0,6,0.024368166273412584,0.9754242110524387,0.00020762267414873057,0.012184083136706292,0.012184083136706292,0.9754242110524387,0.00020762267414873057,0.0,0.0,"{""edc_18q:1dpu_t8"":""cf23b184355b080f3bead1d9d754a3c2c295746793109413aedfff30da27b94e"",""edc_18q:4dpu_t8"":""cf23b184355b080f3bead1d9d754a3c2c295746793109413aedfff30da27b94e"",""ghz_chain_18q:1dpu_t8"":""9f9e62a16e205e4bd5eb1d1b8f62cade3177ef00fa9bd4dc15c899a41b00d3d0"",""ghz_chain_18q:4dpu_t8"":""9f9e62a16e205e4bd5eb1d1b8f62cade3177ef00fa9bd4dc15c899a41b00d3d0"",""hs_18q_d1:1dpu_t8"":""bf83ea123bc85b30f3c7f1f8a0de47c8366352fc37c099890eab75c8cba62cb8"",""hs_18q_d1:4dpu_t8"":""bf83ea123bc85b30f3c7f1f8a0de47c8366352fc37c099890eab75c8cba62cb8"",""quantization_stress_18q_l2:1dpu_t8"":""9d1e1ae9a325d84cef97b0fd9beffa9d4b3d783f00a4e38f6fce3a17114d3abb"",""quantization_stress_18q_l2:4dpu_t8"":""9d1e1ae9a325d84cef97b0fd9beffa9d4b3d783f00a4e38f6fce3a17114d3abb""}"
181,9,2.224968324236266,1.0,7,0.5414741851996391,0.45232358896253566,0.006202225837825213,0.27073709259981954,0.27073709259981954,0.45232358896253566,0.006202225837825213,0.0,0.0,"{""edc_18q:1dpu_t8"":""cf23b184355b080f3bead1d9d754a3c2c295746793109413aedfff30da27b94e"",""edc_18q:4dpu_t8"":""cf23b184355b080f3bead1d9d754a3c2c295746793109413aedfff30da27b94e"",""ghz_chain_18q:1dpu_t8"":""9f9e62a16e205e4bd5eb1d1b8f62cade3177ef00fa9bd4dc15c899a41b00d3d0"",""ghz_chain_18q:4dpu_t8"":""9f9e62a16e205e4bd5eb1d1b8f62cade3177ef00fa9bd4dc15c899a41b00d3d0"",""hs_18q_d1:1dpu_t8"":""bf83ea123bc85b30f3c7f1f8a0de47c8366352fc37c099890eab75c8cba62cb8"",""hs_18q_d1:4dpu_t8"":""0f172b4535a71fb59dd5d4f406df828c33333cda1113d1c71db08b5d0e989d1e"",""quantization_stress_18q_l2:1dpu_t8"":""e56fd025e7fdf900c75302bb6e7212f78d89deef09b236732a001e9f5c5001c1"",""quantization_stress_18q_l2:4dpu_t8"":""e56fd025e7fdf900c75302bb6e7212f78d89deef09b236732a001e9f5c5001c1""}"
182,5,2.2498585335421217,1.0,6,0.024368166273412584,0.9754242110524387,0.00020762267414873057,0.012184083136706292,0.012184083136706292,0.9754242110524387,0.00020762267414873057,0.0,0.0,"{""edc_18q:1dpu_t8"":""cf23b184355b080f3bead1d9d754a3c2c295746793109413aedfff30da27b94e"",""edc_18q:4dpu_t8"":""cf23b184355b080f3bead1d9d754a3c2c295746793109413aedfff30da27b94e"",""ghz_chain_18q:1dpu_t8"":""9f9e62a16e205e4bd5eb1d1b8f62cade3177ef00fa9bd4dc15c899a41b00d3d0"",""ghz_chain_18q:4dpu_t8"":""9f9e62a16e205e4bd5eb1d1b8f62cade3177ef00fa9bd4dc15c899a41b00d3d0"",""hs_18q_d1:1dpu_t8"":""bf83ea123bc85b30f3c7f1f8a0de47c8366352fc37c099890eab75c8cba62cb8"",""hs_18q_d1:4dpu_t8"":""bf83ea123bc85b30f3c7f1f8a0de47c8366352fc37c099890eab75c8cba62cb8"",""quantization_stress_18q_l2:1dpu_t8"":""9d1e1ae9a325d84cef97b0fd9beffa9d4b3d783f00a4e38f6fce3a17114d3abb"",""quantization_stress_18q_l2:4dpu_t8"":""9d1e1ae9a325d84cef97b0fd9beffa9d4b3d783f00a4e38f6fce3a17114d3abb""}"
183,9,2.2508699609159817,1.0,7,0.5414741851996391,0.45232358896253566,0.006202225837825213,0.27073709259981954,0.27073709259981954,0.45232358896253566,0.006202225837825213,0.0,0.0,"{""edc_18q:1dpu_t8"":""cf23b184355b080f3bead1d9d754a3c2c295746793109413aedfff30da27b94e"",""edc_18q:4dpu_t8"":""cf23b184355b080f3bead1d9d754a3c2c295746793109413aedfff30da27b94e"",""ghz_chain_18q:1dpu_t8"":""9f9e62a16e205e4bd5eb1d1b8f62cade3177ef00fa9bd4dc15c899a41b00d3d0"",""ghz_chain_18q:4dpu_t8"":""9f9e62a16e205e4bd5eb1d1b8f62cade3177ef00fa9bd4dc15c899a41b00d3d0"",""hs_18q_d1:1dpu_t8"":""bf83ea123bc85b30f3c7f1f8a0de47c8366352fc37c099890eab75c8cba62cb8"",""hs_18q_d1:4dpu_t8"":""0f172b4535a71fb59dd5d4f406df828c33333cda1113d1c71db08b5d0e989d1e"",""quantization_stress_18q_l2:1dpu_t8"":""e56fd025e7fdf900c75302bb6e7212f78d89deef09b236732a001e9f5c5001c1"",""quantization_stress_18q_l2:4dpu_t8"":""e56fd025e7fdf900c75302bb6e7212f78d89deef09b236732a001e9f5c5001c1""}"
184,10,2.2417440297131073,1.0,6,0.47630996810097936,0.518889877536195,0.004800154362825642,0.23815498405048968,0.23815498405048968,0.518889877536195,0.004800154362825642,0.0,0.0,"{""edc_18q:1dpu_t8"":""cf23b184355b080f3bead1d9d754a3c2c295746793109413aedfff30da27b94e"",""edc_18q:4dpu_t8"":""cf23b184355b080f3bead1d9d754a3c2c295746793109413aedfff30da27b94e"",""ghz_chain_18q:1dpu_t8"":""9f9e62a16e205e4bd5eb1d1b8f62cade3177ef00fa9bd4dc15c899a41b00d3d0"",""ghz_chain_18q:4dpu_t8"":""9f9e62a16e205e4bd5eb1d1b8f62cade3177ef00fa9bd4dc15c899a41b00d3d0"",""hs_18q_d1:1dpu_t8"":""bf83ea123bc85b30f3c7f1f8a0de47c8366352fc37c099890eab75c8cba62cb8"",""hs_18q_d1:4dpu_t8"":""bf83ea123bc85b30f3c7f1f8a0de47c8366352fc37c099890eab75c8cba62cb8"",""quantization_stress_18q_l2:1dpu_t8"":""e56fd025e7fdf900c75302bb6e7212f78d89deef09b236732a001e9f5c5001c1"",""quantization_stress_18q_l2:4dpu_t8"":""e56fd025e7fdf900c75302bb6e7212f78d89deef09b236732a001e9f5c5001c1""}"
185,4,2.233892980190189,1.0,7,0.22063680206282787,0.7768451800394555,0.002518017897716659,0.11031840103141394,0.11031840103141394,0.7768451800394555,0.002518017897716659,0.0,0.0,"{""edc_18q:1dpu_t8"":""cf23b184355b080f3bead1d9d754a3c2c295746793109413aedfff30da27b94e"",""edc_18q:4dpu_t8"":""cf23b184355b080f3bead1d9d754a3c2c295746793109413aedfff30da27b94e"",""ghz_chain_18q:1dpu_t8"":""9f9e62a16e205e4bd5eb1d1b8f62cade3177ef00fa9bd4dc15c899a41b00d3d0"",""ghz_chain_18q:4dpu_t8"":""9f9e62a16e205e4bd5eb1d1b8f62cade3177ef00fa9bd4dc15c899a41b00d3d0"",""hs_18q_d1:1dpu_t8"":""bf83ea123bc85b30f3c7f1f8a0de47c8366352fc37c099890eab75c8cba62cb8"",""hs_18q_d1:4dpu_t8"":""0f172b4535a71fb59dd5d4f406df828c33333cda1113d1c71db08b5d0e989d1e"",""quantization_stress_18q_l2:1dpu_t8"":""9d1e1ae9a325d84cef97b0fd9beffa9d4b3d783f00a4e38f6fce3a17114d3abb"",""quantization_stress_18q_l2:4dpu_t8"":""9d1e1ae9a325d84cef97b0fd9beffa9d4b3d783f00a4e38f6fce3a17114d3abb""}"
186,4,2.2239277787246774,1.0,7,0.22063680206282787,0.7768451800394555,0.002518017897716659,0.11031840103141394,0.11031840103141394,0.7768451800394555,0.002518017897716659,0.0,0.0,"{""edc_18q:1dpu_t8"":""cf23b184355b080f3bead1d9d754a3c2c295746793109413aedfff30da27b94e"",""edc_18q:4dpu_t8"":""cf23b184355b080f3bead1d9d754a3c2c295746793109413aedfff30da27b94e"",""ghz_chain_18q:1dpu_t8"":""9f9e62a16e205e4bd5eb1d1b8f62cade3177ef00fa9bd4dc15c899a41b00d3d0"",""ghz_chain_18q:4dpu_t8"":""9f9e62a16e205e4bd5eb1d1b8f62cade3177ef00fa9bd4dc15c899a41b00d3d0"",""hs_18q_d1:1dpu_t8"":""bf83ea123bc85b30f3c7f1f8a0de47c8366352fc37c099890eab75c8cba62cb8"",""hs_18q_d1:4dpu_t8"":""0f172b4535a71fb59dd5d4f406df828c33333cda1113d1c71db08b5d0e989d1e"",""quantization_stress_18q_l2:1dpu_t8"":""9d1e1ae9a325d84cef97b0fd9beffa9d4b3d783f00a4e38f6fce3a17114d3abb"",""quantization_stress_18q_l2:4dpu_t8"":""9d1e1ae9a325d84cef97b0fd9beffa9d4b3d783f00a4e38f6fce3a17114d3abb""}"
187,4,2.254214482498952,1.0,7,0.22063680206282787,0.7768451800394555,0.002518017897716659,0.11031840103141394,0.11031840103141394,0.7768451800394555,0.002518017897716659,0.0,0.0,"{""edc_18q:1dpu_t8"":""cf23b184355b080f3bead1d9d754a3c2c295746793109413aedfff30da27b94e"",""edc_18q:4dpu_t8"":""cf23b184355b080f3bead1d9d754a3c2c295746793109413aedfff30da27b94e"",""ghz_chain_18q:1dpu_t8"":""9f9e62a16e205e4bd5eb1d1b8f62cade3177ef00fa9bd4dc15c899a41b00d3d0"",""ghz_chain_18q:4dpu_t8"":""9f9e62a16e205e4bd5eb1d1b8f62cade3177ef00fa9bd4dc15c899a41b00d3d0"",""hs_18q_d1:1dpu_t8"":""bf83ea123bc85b30f3c7f1f8a0de47c8366352fc37c099890eab75c8cba62cb8"",""hs_18q_d1:4dpu_t8"":""0f172b4535a71fb59dd5d4f406df828c33333cda1113d1c71db08b5d0e989d1e"",""quantization_stress_18q_l2:1dpu_t8"":""9d1e1ae9a325d84cef97b0fd9beffa9d4b3d783f00a4e38f6fce3a17114d3abb"",""quantization_stress_18q_l2:4dpu_t8"":""9d1e1ae9a325d84cef97b0fd9beffa9d4b3d783f00a4e38f6fce3a17114d3abb""}"
188,5,2.2452979011265985,1.0,6,0.024368166273412584,0.9754242110524387,0.00020762267414873057,0.012184083136706292,0.012184083136706292,0.9754242110524387,0.00020762267414873057,0.0,0.0,"{""edc_18q:1dpu_t8"":""cf23b184355b080f3bead1d9d754a3c2c295746793109413aedfff30da27b94e"",""edc_18q:4dpu_t8"":""cf23b184355b080f3bead1d9d754a3c2c295746793109413aedfff30da27b94e"",""ghz_chain_18q:1dpu_t8"":""9f9e62a16e205e4bd5eb1d1b8f62cade3177ef00fa9bd4dc15c899a41b00d3d0"",""ghz_chain_18q:4dpu_t8"":""9f9e62a16e205e4bd5eb1d1b8f62cade3177ef00fa9bd4dc15c899a41b00d3d0"",""hs_18q_d1:1dpu_t8"":""bf83ea123bc85b30f3c7f1f8a0de47c8366352fc37c099890eab75c8cba62cb8"",""hs_18q_d1:4dpu_t8"":""bf83ea123bc85b30f3c7f1f8a0de47c8366352fc37c099890eab75c8cba62cb8"",""quantization_stress_18q_l2:1dpu_t8"":""9d1e1ae9a325d84cef97b0fd9beffa9d4b3d783f00a4e38f6fce3a17114d3abb"",""quantization_stress_18q_l2:4dpu_t8"":""9d1e1ae9a325d84cef97b0fd9beffa9d4b3d783f00a4e38f6fce3a17114d3abb""}"
189,5,2.236560088751116,1.0,6,0.024368166273412584,0.9754242110524387,0.00020762267414873057,0.012184083136706292,0.012184083136706292,0.9754242110524387,0.00020762267414873057,0.0,0.0,"{""edc_18q:1dpu_t8"":""cf23b184355b080f3bead1d9d754a3c2c295746793109413aedfff30da27b94e"",""edc_18q:4dpu_t8"":""cf23b184355b080f3bead1d9d754a3c2c295746793109413aedfff30da27b94e"",""ghz_chain_18q:1dpu_t8"":""9f9e62a16e205e4bd5eb1d1b8f62cade3177ef00fa9bd4dc15c899a41b00d3d0"",""ghz_chain_18q:4dpu_t8"":""9f9e62a16e205e4bd5eb1d1b8f62cade3177ef00fa9bd4dc15c899a41b00d3d0"",""hs_18q_d1:1dpu_t8"":""bf83ea123bc85b30f3c7f1f8a0de47c8366352fc37c099890eab75c8cba62cb8"",""hs_18q_d1:4dpu_t8"":""bf83ea123bc85b30f3c7f1f8a0de47c8366352fc37c099890eab75c8cba62cb8"",""quantization_stress_18q_l2:1dpu_t8"":""9d1e1ae9a325d84cef97b0fd9beffa9d4b3d783f00a4e38f6fce3a17114d3abb"",""quantization_stress_18q_l2:4dpu_t8"":""9d1e1ae9a325d84cef97b0fd9beffa9d4b3d783f00a4e38f6fce3a17114d3abb""}"
190,5,2.223588432786172,1.0,6,0.024368166273412584,0.9754242110524387,0.00020762267414873057,0.012184083136706292,0.012184083136706292,0.9754242110524387,0.00020762267414873057,0.0,0.0,"{""edc_18q:1dpu_t8"":""cf23b184355b080f3bead1d9d754a3c2c295746793109413aedfff30da27b94e"",""edc_18q:4dpu_t8"":""cf23b184355b080f3bead1d9d754a3c2c295746793109413aedfff30da27b94e"",""ghz_chain_18q:1dpu_t8"":""9f9e62a16e205e4bd5eb1d1b8f62cade3177ef00fa9bd4dc15c899a41b00d3d0"",""ghz_chain_18q:4dpu_t8"":""9f9e62a16e205e4bd5eb1d1b8f62cade3177ef00fa9bd4dc15c899a41b00d3d0"",""hs_18q_d1:1dpu_t8"":""bf83ea123bc85b30f3c7f1f8a0de47c8366352fc37c099890eab75c8cba62cb8"",""hs_18q_d1:4dpu_t8"":""bf83ea123bc85b30f3c7f1f8a0de47c8366352fc37c099890eab75c8cba62cb8"",""quantization_stress_18q_l2:1dpu_t8"":""9d1e1ae9a325d84cef97b0fd9beffa9d4b3d783f00a4e38f6fce3a17114d3abb"",""quantization_stress_18q_l2:4dpu_t8"":""9d1e1ae9a325d84cef97b0fd9beffa9d4b3d783f00a4e38f6fce3a17114d3abb""}"
191,10,2.2339607009635953,1.0,6,0.47630996810097936,0.518889877536195,0.004800154362825642,0.23815498405048968,0.23815498405048968,0.518889877536195,0.004800154362825642,0.0,0.0,"{""edc_18q:1dpu_t8"":""cf23b184355b080f3bead1d9d754a3c2c295746793109413aedfff30da27b94e"",""edc_18q:4dpu_t8"":""cf23b184355b080f3bead1d9d754a3c2c295746793109413aedfff30da27b94e"",""ghz_chain_18q:1dpu_t8"":""9f9e62a16e205e4bd5eb1d1b8f62cade3177ef00fa9bd4dc15c899a41b00d3d0"",""ghz_chain_18q:4dpu_t8"":""9f9e62a16e205e4bd5eb1d1b8f62cade3177ef00fa9bd4dc15c899a41b00d3d0"",""hs_18q_d1:1dpu_t8"":""bf83ea123bc85b30f3c7f1f8a0de47c8366352fc37c099890eab75c8cba62cb8"",""hs_18q_d1:4dpu_t8"":""bf83ea123bc85b30f3c7f1f8a0de47c8366352fc37c099890eab75c8cba62cb8"",""quantization_stress_18q_l2:1dpu_t8"":""e56fd025e7fdf900c75302bb6e7212f78d89deef09b236732a001e9f5c5001c1"",""quantization_stress_18q_l2:4dpu_t8"":""e56fd025e7fdf900c75302bb6e7212f78d89deef09b236732a001e9f5c5001c1""}"
192,8,2.2882817026161604,1.041845644222677,8,0.3715322706836804,0.40507521716230527,0.2233925121540143,0.1857661353418402,0.1857661353418402,0.40507521716230527,0.2233925121540143,0.0,0.0,"{""edc_18q:1dpu_t8"":""cf23b184355b080f3bead1d9d754a3c2c295746793109413aedfff30da27b94e"",""edc_18q:4dpu_t8"":""cf23b184355b080f3bead1d9d754a3c2c295746793109413aedfff30da27b94e"",""ghz_chain_18q:1dpu_t8"":""9f9e62a16e205e4bd5eb1d1b8f62cade3177ef00fa9bd4dc15c899a41b00d3d0"",""ghz_chain_18q:4dpu_t8"":""9f9e62a16e205e4bd5eb1d1b8f62cade3177ef00fa9bd4dc15c899a41b00d3d0"",""hs_18q_d1:1dpu_t8"":""0f172b4535a71fb59dd5d4f406df828c33333cda1113d1c71db08b5d0e989d1e"",""hs_18q_d1:4dpu_t8"":""0f172b4535a71fb59dd5d4f406df828c33333cda1113d1c71db08b5d0e989d1e"",""quantization_stress_18q_l2:1dpu_t8"":""e56fd025e7fdf900c75302bb6e7212f78d89deef09b236732a001e9f5c5001c1"",""quantization_stress_18q_l2:4dpu_t8"":""e56fd025e7fdf900c75302bb6e7212f78d89deef09b236732a001e9f5c5001c1""}"
193,9,2.237449578521197,1.0,7,0.5414741851996391,0.45232358896253566,0.006202225837825213,0.27073709259981954,0.27073709259981954,0.45232358896253566,0.006202225837825213,0.0,0.0,"{""edc_18q:1dpu_t8"":""cf23b184355b080f3bead1d9d754a3c2c295746793109413aedfff30da27b94e"",""edc_18q:4dpu_t8"":""cf23b184355b080f3bead1d9d754a3c2c295746793109413aedfff30da27b94e"",""ghz_chain_18q:1dpu_t8"":""9f9e62a16e205e4bd5eb1d1b8f62cade3177ef00fa9bd4dc15c899a41b00d3d0"",""ghz_chain_18q:4dpu_t8"":""9f9e62a16e205e4bd5eb1d1b8f62cade3177ef00fa9bd4dc15c899a41b00d3d0"",""hs_18q_d1:1dpu_t8"":""bf83ea123bc85b30f3c7f1f8a0de47c8366352fc37c099890eab75c8cba62cb8"",""hs_18q_d1:4dpu_t8"":""0f172b4535a71fb59dd5d4f406df828c33333cda1113d1c71db08b5d0e989d1e"",""quantization_stress_18q_l2:1dpu_t8"":""e56fd025e7fdf900c75302bb6e7212f78d89deef09b236732a001e9f5c5001c1"",""quantization_stress_18q_l2:4dpu_t8"":""e56fd025e7fdf900c75302bb6e7212f78d89deef09b236732a001e9f5c5001c1""}"
194,9,2.2599138008448807,1.0,7,0.5414741851996391,0.45232358896253566,0.006202225837825213,0.27073709259981954,0.27073709259981954,0.45232358896253566,0.006202225837825213,0.0,0.0,"{""edc_18q:1dpu_t8"":""cf23b184355b080f3bead1d9d754a3c2c295746793109413aedfff30da27b94e"",""edc_18q:4dpu_t8"":""cf23b184355b080f3bead1d9d754a3c2c295746793109413aedfff30da27b94e"",""ghz_chain_18q:1dpu_t8"":""9f9e62a16e205e4bd5eb1d1b8f62cade3177ef00fa9bd4dc15c899a41b00d3d0"",""ghz_chain_18q:4dpu_t8"":""9f9e62a16e205e4bd5eb1d1b8f62cade3177ef00fa9bd4dc15c899a41b00d3d0"",""hs_18q_d1:1dpu_t8"":""bf83ea123bc85b30f3c7f1f8a0de47c8366352fc37c099890eab75c8cba62cb8"",""hs_18q_d1:4dpu_t8"":""0f172b4535a71fb59dd5d4f406df828c33333cda1113d1c71db08b5d0e989d1e"",""quantization_stress_18q_l2:1dpu_t8"":""e56fd025e7fdf900c75302bb6e7212f78d89deef09b236732a001e9f5c5001c1"",""quantization_stress_18q_l2:4dpu_t8"":""e56fd025e7fdf900c75302bb6e7212f78d89deef09b236732a001e9f5c5001c1""}"
195,9,2.2484695031048267,1.0,7,0.5414741851996391,0.45232358896253566,0.006202225837825213,0.27073709259981954,0.27073709259981954,0.45232358896253566,0.006202225837825213,0.0,0.0,"{""edc_18q:1dpu_t8"":""cf23b184355b080f3bead1d9d754a3c2c295746793109413aedfff30da27b94e"",""edc_18q:4dpu_t8"":""cf23b184355b080f3bead1d9d754a3c2c295746793109413aedfff30da27b94e"",""ghz_chain_18q:1dpu_t8"":""9f9e62a16e205e4bd5eb1d1b8f62cade3177ef00fa9bd4dc15c899a41b00d3d0"",""ghz_chain_18q:4dpu_t8"":""9f9e62a16e205e4bd5eb1d1b8f62cade3177ef00fa9bd4dc15c899a41b00d3d0"",""hs_18q_d1:1dpu_t8"":""bf83ea123bc85b30f3c7f1f8a0de47c8366352fc37c099890eab75c8cba62cb8"",""hs_18q_d1:4dpu_t8"":""0f172b4535a71fb59dd5d4f406df828c33333cda1113d1c71db08b5d0e989d1e"",""quantization_stress_18q_l2:1dpu_t8"":""e56fd025e7fdf900c75302bb6e7212f78d89deef09b236732a001e9f5c5001c1"",""quantization_stress_18q_l2:4dpu_t8"":""e56fd025e7fdf900c75302bb6e7212f78d89deef09b236732a001e9f5c5001c1""}"
196,3,2.2862381137984356,0.997529052435953,7,0.0,1.0,0.0,0.0,0.0,1.0,0.0,0.0,0.0,"{""edc_18q:1dpu_t8"":""cf23b184355b080f3bead1d9d754a3c2c295746793109413aedfff30da27b94e"",""edc_18q:4dpu_t8"":""cf23b184355b080f3bead1d9d754a3c2c295746793109413aedfff30da27b94e"",""ghz_chain_18q:1dpu_t8"":""9f9e62a16e205e4bd5eb1d1b8f62cade3177ef00fa9bd4dc15c899a41b00d3d0"",""ghz_chain_18q:4dpu_t8"":""9f9e62a16e205e4bd5eb1d1b8f62cade3177ef00fa9bd4dc15c899a41b00d3d0"",""hs_18q_d1:1dpu_t8"":""0f172b4535a71fb59dd5d4f406df828c33333cda1113d1c71db08b5d0e989d1e"",""hs_18q_d1:4dpu_t8"":""0f172b4535a71fb59dd5d4f406df828c33333cda1113d1c71db08b5d0e989d1e"",""quantization_stress_18q_l2:1dpu_t8"":""9d1e1ae9a325d84cef97b0fd9beffa9d4b3d783f00a4e38f6fce3a17114d3abb"",""quantization_stress_18q_l2:4dpu_t8"":""9d1e1ae9a325d84cef97b0fd9beffa9d4b3d783f00a4e38f6fce3a17114d3abb""}"
197,4,2.226980290937652,1.0,7,0.22063680206282787,0.7768451800394555,0.002518017897716659,0.11031840103141394,0.11031840103141394,0.7768451800394555,0.002518017897716659,0.0,0.0,"{""edc_18q:1dpu_t8"":""cf23b184355b080f3bead1d9d754a3c2c295746793109413aedfff30da27b94e"",""edc_18q:4dpu_t8"":""cf23b184355b080f3bead1d9d754a3c2c295746793109413aedfff30da27b94e"",""ghz_chain_18q:1dpu_t8"":""9f9e62a16e205e4bd5eb1d1b8f62cade3177ef00fa9bd4dc15c899a41b00d3d0"",""ghz_chain_18q:4dpu_t8"":""9f9e62a16e205e4bd5eb1d1b8f62cade3177ef00fa9bd4dc15c899a41b00d3d0"",""hs_18q_d1:1dpu_t8"":""bf83ea123bc85b30f3c7f1f8a0de47c8366352fc37c099890eab75c8cba62cb8"",""hs_18q_d1:4dpu_t8"":""0f172b4535a71fb59dd5d4f406df828c33333cda1113d1c71db08b5d0e989d1e"",""quantization_stress_18q_l2:1dpu_t8"":""9d1e1ae9a325d84cef97b0fd9beffa9d4b3d783f00a4e38f6fce3a17114d3abb"",""quantization_stress_18q_l2:4dpu_t8"":""9d1e1ae9a325d84cef97b0fd9beffa9d4b3d783f00a4e38f6fce3a17114d3abb""}"
198,3,2.272466038458494,1.041845644222677,8,0.0,1.0,0.0,0.0,0.0,1.0,0.0,0.0,0.0,"{""edc_18q:1dpu_t8"":""cf23b184355b080f3bead1d9d754a3c2c295746793109413aedfff30da27b94e"",""edc_18q:4dpu_t8"":""cf23b184355b080f3bead1d9d754a3c2c295746793109413aedfff30da27b94e"",""ghz_chain_18q:1dpu_t8"":""9f9e62a16e205e4bd5eb1d1b8f62cade3177ef00fa9bd4dc15c899a41b00d3d0"",""ghz_chain_18q:4dpu_t8"":""9f9e62a16e205e4bd5eb1d1b8f62cade3177ef00fa9bd4dc15c899a41b00d3d0"",""hs_18q_d1:1dpu_t8"":""0f172b4535a71fb59dd5d4f406df828c33333cda1113d1c71db08b5d0e989d1e"",""hs_18q_d1:4dpu_t8"":""0f172b4535a71fb59dd5d4f406df828c33333cda1113d1c71db08b5d0e989d1e"",""quantization_stress_18q_l2:1dpu_t8"":""9d1e1ae9a325d84cef97b0fd9beffa9d4b3d783f00a4e38f6fce3a17114d3abb"",""quantization_stress_18q_l2:4dpu_t8"":""9d1e1ae9a325d84cef97b0fd9beffa9d4b3d783f00a4e38f6fce3a17114d3abb""}"
199,4,2.234396190955416,1.0,7,0.22063680206282787,0.7768451800394555,0.002518017897716659,0.11031840103141394,0.11031840103141394,0.7768451800394555,0.002518017897716659,0.0,0.0,"{""edc_18q:1dpu_t8"":""cf23b184355b080f3bead1d9d754a3c2c295746793109413aedfff30da27b94e"",""edc_18q:4dpu_t8"":""cf23b184355b080f3bead1d9d754a3c2c295746793109413aedfff30da27b94e"",""ghz_chain_18q:1dpu_t8"":""9f9e62a16e205e4bd5eb1d1b8f62cade3177ef00fa9bd4dc15c899a41b00d3d0"",""ghz_chain_18q:4dpu_t8"":""9f9e62a16e205e4bd5eb1d1b8f62cade3177ef00fa9bd4dc15c899a41b00d3d0"",""hs_18q_d1:1dpu_t8"":""bf83ea123bc85b30f3c7f1f8a0de47c8366352fc37c099890eab75c8cba62cb8"",""hs_18q_d1:4dpu_t8"":""0f172b4535a71fb59dd5d4f406df828c33333cda1113d1c71db08b5d0e989d1e"",""quantization_stress_18q_l2:1dpu_t8"":""9d1e1ae9a325d84cef97b0fd9beffa9d4b3d783f00a4e38f6fce3a17114d3abb"",""quantization_stress_18q_l2:4dpu_t8"":""9d1e1ae9a325d84cef97b0fd9beffa9d4b3d783f00a4e38f6fce3a17114d3abb""}"
200,5,2.236153727862158,1.0,6,0.024368166273412584,0.9754242110524387,0.00020762267414873057,0.012184083136706292,0.012184083136706292,0.9754242110524387,0.00020762267414873057,0.0,0.0,"{""edc_18q:1dpu_t8"":""cf23b184355b080f3bead1d9d754a3c2c295746793109413aedfff30da27b94e"",""edc_18q:4dpu_t8"":""cf23b184355b080f3bead1d9d754a3c2c295746793109413aedfff30da27b94e"",""ghz_chain_18q:1dpu_t8"":""9f9e62a16e205e4bd5eb1d1b8f62cade3177ef00fa9bd4dc15c899a41b00d3d0"",""ghz_chain_18q:4dpu_t8"":""9f9e62a16e205e4bd5eb1d1b8f62cade3177ef00fa9bd4dc15c899a41b00d3d0"",""hs_18q_d1:1dpu_t8"":""bf83ea123bc85b30f3c7f1f8a0de47c8366352fc37c099890eab75c8cba62cb8"",""hs_18q_d1:4dpu_t8"":""bf83ea123bc85b30f3c7f1f8a0de47c8366352fc37c099890eab75c8cba62cb8"",""quantization_stress_18q_l2:1dpu_t8"":""9d1e1ae9a325d84cef97b0fd9beffa9d4b3d783f00a4e38f6fce3a17114d3abb"",""quantization_stress_18q_l2:4dpu_t8"":""9d1e1ae9a325d84cef97b0fd9beffa9d4b3d783f00a4e38f6fce3a17114d3abb""}"
201,5,2.243319860675935,1.0,6,0.024368166273412584,0.9754242110524387,0.00020762267414873057,0.012184083136706292,0.012184083136706292,0.9754242110524387,0.00020762267414873057,0.0,0.0,"{""edc_18q:1dpu_t8"":""cf23b184355b080f3bead1d9d754a3c2c295746793109413aedfff30da27b94e"",""edc_18q:4dpu_t8"":""cf23b184355b080f3bead1d9d754a3c2c295746793109413aedfff30da27b94e"",""ghz_chain_18q:1dpu_t8"":""9f9e62a16e205e4bd5eb1d1b8f62cade3177ef00fa9bd4dc15c899a41b00d3d0"",""ghz_chain_18q:4dpu_t8"":""9f9e62a16e205e4bd5eb1d1b8f62cade3177ef00fa9bd4dc15c899a41b00d3d0"",""hs_18q_d1:1dpu_t8"":""bf83ea123bc85b30f3c7f1f8a0de47c8366352fc37c099890eab75c8cba62cb8"",""hs_18q_d1:4dpu_t8"":""bf83ea123bc85b30f3c7f1f8a0de47c8366352fc37c099890eab75c8cba62cb8"",""quantization_stress_18q_l2:1dpu_t8"":""9d1e1ae9a325d84cef97b0fd9beffa9d4b3d783f00a4e38f6fce3a17114d3abb"",""quantization_stress_18q_l2:4dpu_t8"":""9d1e1ae9a325d84cef97b0fd9beffa9d4b3d783f00a4e38f6fce3a17114d3abb""}"
202,8,2.2741992828481443,1.0163179096347865,8,0.3715322706836804,0.40507521716230527,0.2233925121540143,0.1857661353418402,0.1857661353418402,0.40507521716230527,0.2233925121540143,0.0,0.0,"{""edc_18q:1dpu_t8"":""cf23b184355b080f3bead1d9d754a3c2c295746793109413aedfff30da27b94e"",""edc_18q:4dpu_t8"":""cf23b184355b080f3bead1d9d754a3c2c295746793109413aedfff30da27b94e"",""ghz_chain_18q:1dpu_t8"":""9f9e62a16e205e4bd5eb1d1b8f62cade3177ef00fa9bd4dc15c899a41b00d3d0"",""ghz_chain_18q:4dpu_t8"":""9f9e62a16e205e4bd5eb1d1b8f62cade3177ef00fa9bd4dc15c899a41b00d3d0"",""hs_18q_d1:1dpu_t8"":""0f172b4535a71fb59dd5d4f406df828c33333cda1113d1c71db08b5d0e989d1e"",""hs_18q_d1:4dpu_t8"":""0f172b4535a71fb59dd5d4f406df828c33333cda1113d1c71db08b5d0e989d1e"",""quantization_stress_18q_l2:1dpu_t8"":""e56fd025e7fdf900c75302bb6e7212f78d89deef09b236732a001e9f5c5001c1"",""quantization_stress_18q_l2:4dpu_t8"":""e56fd025e7fdf900c75302bb6e7212f78d89deef09b236732a001e9f5c5001c1""}"
203,10,2.2339111947331105,1.0,6,0.47630996810097936,0.518889877536195,0.004800154362825642,0.23815498405048968,0.23815498405048968,0.518889877536195,0.004800154362825642,0.0,0.0,"{""edc_18q:1dpu_t8"":""cf23b184355b080f3bead1d9d754a3c2c295746793109413aedfff30da27b94e"",""edc_18q:4dpu_t8"":""cf23b184355b080f3bead1d9d754a3c2c295746793109413aedfff30da27b94e"",""ghz_chain_18q:1dpu_t8"":""9f9e62a16e205e4bd5eb1d1b8f62cade3177ef00fa9bd4dc15c899a41b00d3d0"",""ghz_chain_18q:4dpu_t8"":""9f9e62a16e205e4bd5eb1d1b8f62cade3177ef00fa9bd4dc15c899a41b00d3d0"",""hs_18q_d1:1dpu_t8"":""bf83ea123bc85b30f3c7f1f8a0de47c8366352fc37c099890eab75c8cba62cb8"",""hs_18q_d1:4dpu_t8"":""bf83ea123bc85b30f3c7f1f8a0de47c8366352fc37c099890eab75c8cba62cb8"",""quantization_stress_18q_l2:1dpu_t8"":""e56fd025e7fdf900c75302bb6e7212f78d89deef09b236732a001e9f5c5001c1"",""quantization_stress_18q_l2:4dpu_t8"":""e56fd025e7fdf900c75302bb6e7212f78d89deef09b236732a001e9f5c5001c1""}"
204,8,2.27720633714752,1.0163179096347865,8,0.3715322706836804,0.40507521716230527,0.2233925121540143,0.1857661353418402,0.1857661353418402,0.40507521716230527,0.2233925121540143,0.0,0.0,"{""edc_18q:1dpu_t8"":""cf23b184355b080f3bead1d9d754a3c2c295746793109413aedfff30da27b94e"",""edc_18q:4dpu_t8"":""cf23b184355b080f3bead1d9d754a3c2c295746793109413aedfff30da27b94e"",""ghz_chain_18q:1dpu_t8"":""9f9e62a16e205e4bd5eb1d1b8f62cade3177ef00fa9bd4dc15c899a41b00d3d0"",""ghz_chain_18q:4dpu_t8"":""9f9e62a16e205e4bd5eb1d1b8f62cade3177ef00fa9bd4dc15c899a41b00d3d0"",""hs_18q_d1:1dpu_t8"":""0f172b4535a71fb59dd5d4f406df828c33333cda1113d1c71db08b5d0e989d1e"",""hs_18q_d1:4dpu_t8"":""0f172b4535a71fb59dd5d4f406df828c33333cda1113d1c71db08b5d0e989d1e"",""quantization_stress_18q_l2:1dpu_t8"":""e56fd025e7fdf900c75302bb6e7212f78d89deef09b236732a001e9f5c5001c1"",""quantization_stress_18q_l2:4dpu_t8"":""e56fd025e7fdf900c75302bb6e7212f78d89deef09b236732a001e9f5c5001c1""}"
205,5,2.2281644564135665,1.0,6,0.024368166273412584,0.9754242110524387,0.00020762267414873057,0.012184083136706292,0.012184083136706292,0.9754242110524387,0.00020762267414873057,0.0,0.0,"{""edc_18q:1dpu_t8"":""cf23b184355b080f3bead1d9d754a3c2c295746793109413aedfff30da27b94e"",""edc_18q:4dpu_t8"":""cf23b184355b080f3bead1d9d754a3c2c295746793109413aedfff30da27b94e"",""ghz_chain_18q:1dpu_t8"":""9f9e62a16e205e4bd5eb1d1b8f62cade3177ef00fa9bd4dc15c899a41b00d3d0"",""ghz_chain_18q:4dpu_t8"":""9f9e62a16e205e4bd5eb1d1b8f62cade3177ef00fa9bd4dc15c899a41b00d3d0"",""hs_18q_d1:1dpu_t8"":""bf83ea123bc85b30f3c7f1f8a0de47c8366352fc37c099890eab75c8cba62cb8"",""hs_18q_d1:4dpu_t8"":""bf83ea123bc85b30f3c7f1f8a0de47c8366352fc37c099890eab75c8cba62cb8"",""quantization_stress_18q_l2:1dpu_t8"":""9d1e1ae9a325d84cef97b0fd9beffa9d4b3d783f00a4e38f6fce3a17114d3abb"",""quantization_stress_18q_l2:4dpu_t8"":""9d1e1ae9a325d84cef97b0fd9beffa9d4b3d783f00a4e38f6fce3a17114d3abb""}"
206,5,2.2335919723873325,1.0,6,0.024368166273412584,0.9754242110524387,0.00020762267414873057,0.012184083136706292,0.012184083136706292,0.9754242110524387,0.00020762267414873057,0.0,0.0,"{""edc_18q:1dpu_t8"":""cf23b184355b080f3bead1d9d754a3c2c295746793109413aedfff30da27b94e"",""edc_18q:4dpu_t8"":""cf23b184355b080f3bead1d9d754a3c2c295746793109413aedfff30da27b94e"",""ghz_chain_18q:1dpu_t8"":""9f9e62a16e205e4bd5eb1d1b8f62cade3177ef00fa9bd4dc15c899a41b00d3d0"",""ghz_chain_18q:4dpu_t8"":""9f9e62a16e205e4bd5eb1d1b8f62cade3177ef00fa9bd4dc15c899a41b00d3d0"",""hs_18q_d1:1dpu_t8"":""bf83ea123bc85b30f3c7f1f8a0de47c8366352fc37c099890eab75c8cba62cb8"",""hs_18q_d1:4dpu_t8"":""bf83ea123bc85b30f3c7f1f8a0de47c8366352fc37c099890eab75c8cba62cb8"",""quantization_stress_18q_l2:1dpu_t8"":""9d1e1ae9a325d84cef97b0fd9beffa9d4b3d783f00a4e38f6fce3a17114d3abb"",""quantization_stress_18q_l2:4dpu_t8"":""9d1e1ae9a325d84cef97b0fd9beffa9d4b3d783f00a4e38f6fce3a17114d3abb""}"
207,4,2.2491721581540958,1.0,7,0.22063680206282787,0.7768451800394555,0.002518017897716659,0.11031840103141394,0.11031840103141394,0.7768451800394555,0.002518017897716659,0.0,0.0,"{""edc_18q:1dpu_t8"":""cf23b184355b080f3bead1d9d754a3c2c295746793109413aedfff30da27b94e"",""edc_18q:4dpu_t8"":""cf23b184355b080f3bead1d9d754a3c2c295746793109413aedfff30da27b94e"",""ghz_chain_18q:1dpu_t8"":""9f9e62a16e205e4bd5eb1d1b8f62cade3177ef00fa9bd4dc15c899a41b00d3d0"",""ghz_chain_18q:4dpu_t8"":""9f9e62a16e205e4bd5eb1d1b8f62cade3177ef00fa9bd4dc15c899a41b00d3d0"",""hs_18q_d1:1dpu_t8"":""bf83ea123bc85b30f3c7f1f8a0de47c8366352fc37c099890eab75c8cba62cb8"",""hs_18q_d1:4dpu_t8"":""0f172b4535a71fb59dd5d4f406df828c33333cda1113d1c71db08b5d0e989d1e"",""quantization_stress_18q_l2:1dpu_t8"":""9d1e1ae9a325d84cef97b0fd9beffa9d4b3d783f00a4e38f6fce3a17114d3abb"",""quantization_stress_18q_l2:4dpu_t8"":""9d1e1ae9a325d84cef97b0fd9beffa9d4b3d783f00a4e38f6fce3a17114d3abb""}"
208,10,2.233554326042461,1.0,6,0.47630996810097936,0.518889877536195,0.004800154362825642,0.23815498405048968,0.23815498405048968,0.518889877536195,0.004800154362825642,0.0,0.0,"{""edc_18q:1dpu_t8"":""cf23b184355b080f3bead1d9d754a3c2c295746793109413aedfff30da27b94e"",""edc_18q:4dpu_t8"":""cf23b184355b080f3bead1d9d754a3c2c295746793109413aedfff30da27b94e"",""ghz_chain_18q:1dpu_t8"":""9f9e62a16e205e4bd5eb1d1b8f62cade3177ef00fa9bd4dc15c899a41b00d3d0"",""ghz_chain_18q:4dpu_t8"":""9f9e62a16e205e4bd5eb1d1b8f62cade3177ef00fa9bd4dc15c899a41b00d3d0"",""hs_18q_d1:1dpu_t8"":""bf83ea123bc85b30f3c7f1f8a0de47c8366352fc37c099890eab75c8cba62cb8"",""hs_18q_d1:4dpu_t8"":""bf83ea123bc85b30f3c7f1f8a0de47c8366352fc37c099890eab75c8cba62cb8"",""quantization_stress_18q_l2:1dpu_t8"":""e56fd025e7fdf900c75302bb6e7212f78d89deef09b236732a001e9f5c5001c1"",""quantization_stress_18q_l2:4dpu_t8"":""e56fd025e7fdf900c75302bb6e7212f78d89deef09b236732a001e9f5c5001c1""}"
209,5,2.228320003181545,1.0,6,0.024368166273412584,0.9754242110524387,0.00020762267414873057,0.012184083136706292,0.012184083136706292,0.9754242110524387,0.00020762267414873057,0.0,0.0,"{""edc_18q:1dpu_t8"":""cf23b184355b080f3bead1d9d754a3c2c295746793109413aedfff30da27b94e"",""edc_18q:4dpu_t8"":""cf23b184355b080f3bead1d9d754a3c2c295746793109413aedfff30da27b94e"",""ghz_chain_18q:1dpu_t8"":""9f9e62a16e205e4bd5eb1d1b8f62cade3177ef00fa9bd4dc15c899a41b00d3d0"",""ghz_chain_18q:4dpu_t8"":""9f9e62a16e205e4bd5eb1d1b8f62cade3177ef00fa9bd4dc15c899a41b00d3d0"",""hs_18q_d1:1dpu_t8"":""bf83ea123bc85b30f3c7f1f8a0de47c8366352fc37c099890eab75c8cba62cb8"",""hs_18q_d1:4dpu_t8"":""bf83ea123bc85b30f3c7f1f8a0de47c8366352fc37c099890eab75c8cba62cb8"",""quantization_stress_18q_l2:1dpu_t8"":""9d1e1ae9a325d84cef97b0fd9beffa9d4b3d783f00a4e38f6fce3a17114d3abb"",""quantization_stress_18q_l2:4dpu_t8"":""9d1e1ae9a325d84cef97b0fd9beffa9d4b3d783f00a4e38f6fce3a17114d3abb""}"
210,8,2.2822732082729513,1.041845644222677,8,0.3715322706836804,0.40507521716230527,0.2233925121540143,0.1857661353418402,0.1857661353418402,0.40507521716230527,0.2233925121540143,0.0,0.0,"{""edc_18q:1dpu_t8"":""cf23b184355b080f3bead1d9d754a3c2c295746793109413aedfff30da27b94e"",""edc_18q:4dpu_t8"":""cf23b184355b080f3bead1d9d754a3c2c295746793109413aedfff30da27b94e"",""ghz_chain_18q:1dpu_t8"":""9f9e62a16e205e4bd5eb1d1b8f62cade3177ef00fa9bd4dc15c899a41b00d3d0"",""ghz_chain_18q:4dpu_t8"":""9f9e62a16e205e4bd5eb1d1b8f62cade3177ef00fa9bd4dc15c899a41b00d3d0"",""hs_18q_d1:1dpu_t8"":""0f172b4535a71fb59dd5d4f406df828c33333cda1113d1c71db08b5d0e989d1e"",""hs_18q_d1:4dpu_t8"":""0f172b4535a71fb59dd5d4f406df828c33333cda1113d1c71db08b5d0e989d1e"",""quantization_stress_18q_l2:1dpu_t8"":""e56fd025e7fdf900c75302bb6e7212f78d89deef09b236732a001e9f5c5001c1"",""quantization_stress_18q_l2:4dpu_t8"":""e56fd025e7fdf900c75302bb6e7212f78d89deef09b236732a001e9f5c5001c1""}"
211,4,2.227008613620614,1.0,7,0.22063680206282787,0.7768451800394555,0.002518017897716659,0.11031840103141394,0.11031840103141394,0.7768451800394555,0.002518017897716659,0.0,0.0,"{""edc_18q:1dpu_t8"":""cf23b184355b080f3bead1d9d754a3c2c295746793109413aedfff30da27b94e"",""edc_18q:4dpu_t8"":""cf23b184355b080f3bead1d9d754a3c2c295746793109413aedfff30da27b94e"",""ghz_chain_18q:1dpu_t8"":""9f9e62a16e205e4bd5eb1d1b8f62cade3177ef00fa9bd4dc15c899a41b00d3d0"",""ghz_chain_18q:4dpu_t8"":""9f9e62a16e205e4bd5eb1d1b8f62cade3177ef00fa9bd4dc15c899a41b00d3d0"",""hs_18q_d1:1dpu_t8"":""bf83ea123bc85b30f3c7f1f8a0de47c8366352fc37c099890eab75c8cba62cb8"",""hs_18q_d1:4dpu_t8"":""0f172b4535a71fb59dd5d4f406df828c33333cda1113d1c71db08b5d0e989d1e"",""quantization_stress_18q_l2:1dpu_t8"":""9d1e1ae9a325d84cef97b0fd9beffa9d4b3d783f00a4e38f6fce3a17114d3abb"",""quantization_stress_18q_l2:4dpu_t8"":""9d1e1ae9a325d84cef97b0fd9beffa9d4b3d783f00a4e38f6fce3a17114d3abb""}"
212,10,2.237966172487155,1.0,6,0.47630996810097936,0.518889877536195,0.004800154362825642,0.23815498405048968,0.23815498405048968,0.518889877536195,0.004800154362825642,0.0,0.0,"{""edc_18q:1dpu_t8"":""cf23b184355b080f3bead1d9d754a3c2c295746793109413aedfff30da27b94e"",""edc_18q:4dpu_t8"":""cf23b184355b080f3bead1d9d754a3c2c295746793109413aedfff30da27b94e"",""ghz_chain_18q:1dpu_t8"":""9f9e62a16e205e4bd5eb1d1b8f62cade3177ef00fa9bd4dc15c899a41b00d3d0"",""ghz_chain_18q:4dpu_t8"":""9f9e62a16e205e4bd5eb1d1b8f62cade3177ef00fa9bd4dc15c899a41b00d3d0"",""hs_18q_d1:1dpu_t8"":""bf83ea123bc85b30f3c7f1f8a0de47c8366352fc37c099890eab75c8cba62cb8"",""hs_18q_d1:4dpu_t8"":""bf83ea123bc85b30f3c7f1f8a0de47c8366352fc37c099890eab75c8cba62cb8"",""quantization_stress_18q_l2:1dpu_t8"":""e56fd025e7fdf900c75302bb6e7212f78d89deef09b236732a001e9f5c5001c1"",""quantization_stress_18q_l2:4dpu_t8"":""e56fd025e7fdf900c75302bb6e7212f78d89deef09b236732a001e9f5c5001c1""}"
213,5,2.2376247328641203,1.0,6,0.024368166273412584,0.9754242110524387,0.00020762267414873057,0.012184083136706292,0.012184083136706292,0.9754242110524387,0.00020762267414873057,0.0,0.0,"{""edc_18q:1dpu_t8"":""cf23b184355b080f3bead1d9d754a3c2c295746793109413aedfff30da27b94e"",""edc_18q:4dpu_t8"":""cf23b184355b080f3bead1d9d754a3c2c295746793109413aedfff30da27b94e"",""ghz_chain_18q:1dpu_t8"":""9f9e62a16e205e4bd5eb1d1b8f62cade3177ef00fa9bd4dc15c899a41b00d3d0"",""ghz_chain_18q:4dpu_t8"":""9f9e62a16e205e4bd5eb1d1b8f62cade3177ef00fa9bd4dc15c899a41b00d3d0"",""hs_18q_d1:1dpu_t8"":""bf83ea123bc85b30f3c7f1f8a0de47c8366352fc37c099890eab75c8cba62cb8"",""hs_18q_d1:4dpu_t8"":""bf83ea123bc85b30f3c7f1f8a0de47c8366352fc37c099890eab75c8cba62cb8"",""quantization_stress_18q_l2:1dpu_t8"":""9d1e1ae9a325d84cef97b0fd9beffa9d4b3d783f00a4e38f6fce3a17114d3abb"",""quantization_stress_18q_l2:4dpu_t8"":""9d1e1ae9a325d84cef97b0fd9beffa9d4b3d783f00a4e38f6fce3a17114d3abb""}"
214,4,2.2450115574176186,1.0,7,0.22063680206282787,0.7768451800394555,0.002518017897716659,0.11031840103141394,0.11031840103141394,0.7768451800394555,0.002518017897716659,0.0,0.0,"{""edc_18q:1dpu_t8"":""cf23b184355b080f3bead1d9d754a3c2c295746793109413aedfff30da27b94e"",""edc_18q:4dpu_t8"":""cf23b184355b080f3bead1d9d754a3c2c295746793109413aedfff30da27b94e"",""ghz_chain_18q:1dpu_t8"":""9f9e62a16e205e4bd5eb1d1b8f62cade3177ef00fa9bd4dc15c899a41b00d3d0"",""ghz_chain_18q:4dpu_t8"":""9f9e62a16e205e4bd5eb1d1b8f62cade3177ef00fa9bd4dc15c899a41b00d3d0"",""hs_18q_d1:1dpu_t8"":""bf83ea123bc85b30f3c7f1f8a0de47c8366352fc37c099890eab75c8cba62cb8"",""hs_18q_d1:4dpu_t8"":""0f172b4535a71fb59dd5d4f406df828c33333cda1113d1c71db08b5d0e989d1e"",""quantization_stress_18q_l2:1dpu_t8"":""9d1e1ae9a325d84cef97b0fd9beffa9d4b3d783f00a4e38f6fce3a17114d3abb"",""quantization_stress_18q_l2:4dpu_t8"":""9d1e1ae9a325d84cef97b0fd9beffa9d4b3d783f00a4e38f6fce3a17114d3abb""}"
215,9,2.245939361842744,1.0,7,0.5414741851996391,0.45232358896253566,0.006202225837825213,0.27073709259981954,0.27073709259981954,0.45232358896253566,0.006202225837825213,0.0,0.0,"{""edc_18q:1dpu_t8"":""cf23b184355b080f3bead1d9d754a3c2c295746793109413aedfff30da27b94e"",""edc_18q:4dpu_t8"":""cf23b184355b080f3bead1d9d754a3c2c295746793109413aedfff30da27b94e"",""ghz_chain_18q:1dpu_t8"":""9f9e62a16e205e4bd5eb1d1b8f62cade3177ef00fa9bd4dc15c899a41b00d3d0"",""ghz_chain_18q:4dpu_t8"":""9f9e62a16e205e4bd5eb1d1b8f62cade3177ef00fa9bd4dc15c899a41b00d3d0"",""hs_18q_d1:1dpu_t8"":""bf83ea123bc85b30f3c7f1f8a0de47c8366352fc37c099890eab75c8cba62cb8"",""hs_18q_d1:4dpu_t8"":""0f172b4535a71fb59dd5d4f406df828c33333cda1113d1c71db08b5d0e989d1e"",""quantization_stress_18q_l2:1dpu_t8"":""e56fd025e7fdf900c75302bb6e7212f78d89deef09b236732a001e9f5c5001c1"",""quantization_stress_18q_l2:4dpu_t8"":""e56fd025e7fdf900c75302bb6e7212f78d89deef09b236732a001e9f5c5001c1""}"
216,10,2.2279357509518793,1.0,6,0.47630996810097936,0.518889877536195,0.004800154362825642,0.23815498405048968,0.23815498405048968,0.518889877536195,0.004800154362825642,0.0,0.0,"{""edc_18q:1dpu_t8"":""cf23b184355b080f3bead1d9d754a3c2c295746793109413aedfff30da27b94e"",""edc_18q:4dpu_t8"":""cf23b184355b080f3bead1d9d754a3c2c295746793109413aedfff30da27b94e"",""ghz_chain_18q:1dpu_t8"":""9f9e62a16e205e4bd5eb1d1b8f62cade3177ef00fa9bd4dc15c899a41b00d3d0"",""ghz_chain_18q:4dpu_t8"":""9f9e62a16e205e4bd5eb1d1b8f62cade3177ef00fa9bd4dc15c899a41b00d3d0"",""hs_18q_d1:1dpu_t8"":""bf83ea123bc85b30f3c7f1f8a0de47c8366352fc37c099890eab75c8cba62cb8"",""hs_18q_d1:4dpu_t8"":""bf83ea123bc85b30f3c7f1f8a0de47c8366352fc37c099890eab75c8cba62cb8"",""quantization_stress_18q_l2:1dpu_t8"":""e56fd025e7fdf900c75302bb6e7212f78d89deef09b236732a001e9f5c5001c1"",""quantization_stress_18q_l2:4dpu_t8"":""e56fd025e7fdf900c75302bb6e7212f78d89deef09b236732a001e9f5c5001c1""}"
217,3,2.2795020291724977,1.0163179096347865,8,0.0,1.0,0.0,0.0,0.0,1.0,0.0,0.0,0.0,"{""edc_18q:1dpu_t8"":""cf23b184355b080f3bead1d9d754a3c2c295746793109413aedfff30da27b94e"",""edc_18q:4dpu_t8"":""cf23b184355b080f3bead1d9d754a3c2c295746793109413aedfff30da27b94e"",""ghz_chain_18q:1dpu_t8"":""9f9e62a16e205e4bd5eb1d1b8f62cade3177ef00fa9bd4dc15c899a41b00d3d0"",""ghz_chain_18q:4dpu_t8"":""9f9e62a16e205e4bd5eb1d1b8f62cade3177ef00fa9bd4dc15c899a41b00d3d0"",""hs_18q_d1:1dpu_t8"":""0f172b4535a71fb59dd5d4f406df828c33333cda1113d1c71db08b5d0e989d1e"",""hs_18q_d1:4dpu_t8"":""0f172b4535a71fb59dd5d4f406df828c33333cda1113d1c71db08b5d0e989d1e"",""quantization_stress_18q_l2:1dpu_t8"":""9d1e1ae9a325d84cef97b0fd9beffa9d4b3d783f00a4e38f6fce3a17114d3abb"",""quantization_stress_18q_l2:4dpu_t8"":""9d1e1ae9a325d84cef97b0fd9beffa9d4b3d783f00a4e38f6fce3a17114d3abb""}"
218,4,2.2417258648773797,1.0,7,0.22063680206282787,0.7768451800394555,0.002518017897716659,0.11031840103141394,0.11031840103141394,0.7768451800394555,0.002518017897716659,0.0,0.0,"{""edc_18q:1dpu_t8"":""cf23b184355b080f3bead1d9d754a3c2c295746793109413aedfff30da27b94e"",""edc_18q:4dpu_t8"":""cf23b184355b080f3bead1d9d754a3c2c295746793109413aedfff30da27b94e"",""ghz_chain_18q:1dpu_t8"":""9f9e62a16e205e4bd5eb1d1b8f62cade3177ef00fa9bd4dc15c899a41b00d3d0"",""ghz_chain_18q:4dpu_t8"":""9f9e62a16e205e4bd5eb1d1b8f62cade3177ef00fa9bd4dc15c899a41b00d3d0"",""hs_18q_d1:1dpu_t8"":""bf83ea123bc85b30f3c7f1f8a0de47c8366352fc37c099890eab75c8cba62cb8"",""hs_18q_d1:4dpu_t8"":""0f172b4535a71fb59dd5d4f406df828c33333cda1113d1c71db08b5d0e989d1e"",""quantization_stress_18q_l2:1dpu_t8"":""9d1e1ae9a325d84cef97b0fd9beffa9d4b3d783f00a4e38f6fce3a17114d3abb"",""quantization_stress_18q_l2:4dpu_t8"":""9d1e1ae9a325d84cef97b0fd9beffa9d4b3d783f00a4e38f6fce3a17114d3abb""}"
219,10,2.239072839428784,1.0,6,0.47630996810097936,0.518889877536195,0.004800154362825642,0.23815498405048968,0.23815498405048968,0.518889877536195,0.004800154362825642,0.0,0.0,"{""edc_18q:1dpu_t8"":""cf23b184355b080f3bead1d9d754a3c2c295746793109413aedfff30da27b94e"",""edc_18q:4dpu_t8"":""cf23b184355b080f3bead1d9d754a3c2c295746793109413aedfff30da27b94e"",""ghz_chain_18q:1dpu_t8"":""9f9e62a16e205e4bd5eb1d1b8f62cade3177ef00fa9bd4dc15c899a41b00d3d0"",""ghz_chain_18q:4dpu_t8"":""9f9e62a16e205e4bd5eb1d1b8f62cade3177ef00fa9bd4dc15c899a41b00d3d0"",""hs_18q_d1:1dpu_t8"":""bf83ea123bc85b30f3c7f1f8a0de47c8366352fc37c099890eab75c8cba62cb8"",""hs_18q_d1:4dpu_t8"":""bf83ea123bc85b30f3c7f1f8a0de47c8366352fc37c099890eab75c8cba62cb8"",""quantization_stress_18q_l2:1dpu_t8"":""e56fd025e7fdf900c75302bb6e7212f78d89deef09b236732a001e9f5c5001c1"",""quantization_stress_18q_l2:4dpu_t8"":""e56fd025e7fdf900c75302bb6e7212f78d89deef09b236732a001e9f5c5001c1""}"
220,3,2.2749291194629997,1.041845644222677,8,0.0,1.0,0.0,0.0,0.0,1.0,0.0,0.0,0.0,"{""edc_18q:1dpu_t8"":""cf23b184355b080f3bead1d9d754a3c2c295746793109413aedfff30da27b94e"",""edc_18q:4dpu_t8"":""cf23b184355b080f3bead1d9d754a3c2c295746793109413aedfff30da27b94e"",""ghz_chain_18q:1dpu_t8"":""9f9e62a16e205e4bd5eb1d1b8f62cade3177ef00fa9bd4dc15c899a41b00d3d0"",""ghz_chain_18q:4dpu_t8"":""9f9e62a16e205e4bd5eb1d1b8f62cade3177ef00fa9bd4dc15c899a41b00d3d0"",""hs_18q_d1:1dpu_t8"":""0f172b4535a71fb59dd5d4f406df828c33333cda1113d1c71db08b5d0e989d1e"",""hs_18q_d1:4dpu_t8"":""0f172b4535a71fb59dd5d4f406df828c33333cda1113d1c71db08b5d0e989d1e"",""quantization_stress_18q_l2:1dpu_t8"":""9d1e1ae9a325d84cef97b0fd9beffa9d4b3d783f00a4e38f6fce3a17114d3abb"",""quantization_stress_18q_l2:4dpu_t8"":""9d1e1ae9a325d84cef97b0fd9beffa9d4b3d783f00a4e38f6fce3a17114d3abb""}"
221,9,2.251050223210271,1.0,7,0.5414741851996391,0.45232358896253566,0.006202225837825213,0.27073709259981954,0.27073709259981954,0.45232358896253566,0.006202225837825213,0.0,0.0,"{""edc_18q:1dpu_t8"":""cf23b184355b080f3bead1d9d754a3c2c295746793109413aedfff30da27b94e"",""edc_18q:4dpu_t8"":""cf23b184355b080f3bead1d9d754a3c2c295746793109413aedfff30da27b94e"",""ghz_chain_18q:1dpu_t8"":""9f9e62a16e205e4bd5eb1d1b8f62cade3177ef00fa9bd4dc15c899a41b00d3d0"",""ghz_chain_18q:4dpu_t8"":""9f9e62a16e205e4bd5eb1d1b8f62cade3177ef00fa9bd4dc15c899a41b00d3d0"",""hs_18q_d1:1dpu_t8"":""bf83ea123bc85b30f3c7f1f8a0de47c8366352fc37c099890eab75c8cba62cb8"",""hs_18q_d1:4dpu_t8"":""0f172b4535a71fb59dd5d4f406df828c33333cda1113d1c71db08b5d0e989d1e"",""quantization_stress_18q_l2:1dpu_t8"":""e56fd025e7fdf900c75302bb6e7212f78d89deef09b236732a001e9f5c5001c1"",""quantization_stress_18q_l2:4dpu_t8"":""e56fd025e7fdf900c75302bb6e7212f78d89deef09b236732a001e9f5c5001c1""}"
222,4,2.251644094791406,1.0,7,0.22063680206282787,0.7768451800394555,0.002518017897716659,0.11031840103141394,0.11031840103141394,0.7768451800394555,0.002518017897716659,0.0,0.0,"{""edc_18q:1dpu_t8"":""cf23b184355b080f3bead1d9d754a3c2c295746793109413aedfff30da27b94e"",""edc_18q:4dpu_t8"":""cf23b184355b080f3bead1d9d754a3c2c295746793109413aedfff30da27b94e"",""ghz_chain_18q:1dpu_t8"":""9f9e62a16e205e4bd5eb1d1b8f62cade3177ef00fa9bd4dc15c899a41b00d3d0"",""ghz_chain_18q:4dpu_t8"":""9f9e62a16e205e4bd5eb1d1b8f62cade3177ef00fa9bd4dc15c899a41b00d3d0"",""hs_18q_d1:1dpu_t8"":""bf83ea123bc85b30f3c7f1f8a0de47c8366352fc37c099890eab75c8cba62cb8"",""hs_18q_d1:4dpu_t8"":""0f172b4535a71fb59dd5d4f406df828c33333cda1113d1c71db08b5d0e989d1e"",""quantization_stress_18q_l2:1dpu_t8"":""9d1e1ae9a325d84cef97b0fd9beffa9d4b3d783f00a4e38f6fce3a17114d3abb"",""quantization_stress_18q_l2:4dpu_t8"":""9d1e1ae9a325d84cef97b0fd9beffa9d4b3d783f00a4e38f6fce3a17114d3abb""}"
223,5,2.2518418758994554,1.0,6,0.024368166273412584,0.9754242110524387,0.00020762267414873057,0.012184083136706292,0.012184083136706292,0.9754242110524387,0.00020762267414873057,0.0,0.0,"{""edc_18q:1dpu_t8"":""cf23b184355b080f3bead1d9d754a3c2c295746793109413aedfff30da27b94e"",""edc_18q:4dpu_t8"":""cf23b184355b080f3bead1d9d754a3c2c295746793109413aedfff30da27b94e"",""ghz_chain_18q:1dpu_t8"":""9f9e62a16e205e4bd5eb1d1b8f62cade3177ef00fa9bd4dc15c899a41b00d3d0"",""ghz_chain_18q:4dpu_t8"":""9f9e62a16e205e4bd5eb1d1b8f62cade3177ef00fa9bd4dc15c899a41b00d3d0"",""hs_18q_d1:1dpu_t8"":""bf83ea123bc85b30f3c7f1f8a0de47c8366352fc37c099890eab75c8cba62cb8"",""hs_18q_d1:4dpu_t8"":""bf83ea123bc85b30f3c7f1f8a0de47c8366352fc37c099890eab75c8cba62cb8"",""quantization_stress_18q_l2:1dpu_t8"":""9d1e1ae9a325d84cef97b0fd9beffa9d4b3d783f00a4e38f6fce3a17114d3abb"",""quantization_stress_18q_l2:4dpu_t8"":""9d1e1ae9a325d84cef97b0fd9beffa9d4b3d783f00a4e38f6fce3a17114d3abb""}"
224,5,2.23538295029565,1.0,6,0.024368166273412584,0.9754242110524387,0.00020762267414873057,0.012184083136706292,0.012184083136706292,0.9754242110524387,0.00020762267414873057,0.0,0.0,"{""edc_18q:1dpu_t8"":""cf23b184355b080f3bead1d9d754a3c2c295746793109413aedfff30da27b94e"",""edc_18q:4dpu_t8"":""cf23b184355b080f3bead1d9d754a3c2c295746793109413aedfff30da27b94e"",""ghz_chain_18q:1dpu_t8"":""9f9e62a16e205e4bd5eb1d1b8f62cade3177ef00fa9bd4dc15c899a41b00d3d0"",""ghz_chain_18q:4dpu_t8"":""9f9e62a16e205e4bd5eb1d1b8f62cade3177ef00fa9bd4dc15c899a41b00d3d0"",""hs_18q_d1:1dpu_t8"":""bf83ea123bc85b30f3c7f1f8a0de47c8366352fc37c099890eab75c8cba62cb8"",""hs_18q_d1:4dpu_t8"":""bf83ea123bc85b30f3c7f1f8a0de47c8366352fc37c099890eab75c8cba62cb8"",""quantization_stress_18q_l2:1dpu_t8"":""9d1e1ae9a325d84cef97b0fd9beffa9d4b3d783f00a4e38f6fce3a17114d3abb"",""quantization_stress_18q_l2:4dpu_t8"":""9d1e1ae9a325d84cef97b0fd9beffa9d4b3d783f00a4e38f6fce3a17114d3abb""}"
225,4,2.2608725943717345,1.0,7,0.22063680206282787,0.7768451800394555,0.002518017897716659,0.11031840103141394,0.11031840103141394,0.7768451800394555,0.002518017897716659,0.0,0.0,"{""edc_18q:1dpu_t8"":""cf23b184355b080f3bead1d9d754a3c2c295746793109413aedfff30da27b94e"",""edc_18q:4dpu_t8"":""cf23b184355b080f3bead1d9d754a3c2c295746793109413aedfff30da27b94e"",""ghz_chain_18q:1dpu_t8"":""9f9e62a16e205e4bd5eb1d1b8f62cade3177ef00fa9bd4dc15c899a41b00d3d0"",""ghz_chain_18q:4dpu_t8"":""9f9e62a16e205e4bd5eb1d1b8f62cade3177ef00fa9bd4dc15c899a41b00d3d0"",""hs_18q_d1:1dpu_t8"":""bf83ea123bc85b30f3c7f1f8a0de47c8366352fc37c099890eab75c8cba62cb8"",""hs_18q_d1:4dpu_t8"":""0f172b4535a71fb59dd5d4f406df828c33333cda1113d1c71db08b5d0e989d1e"",""quantization_stress_18q_l2:1dpu_t8"":""9d1e1ae9a325d84cef97b0fd9beffa9d4b3d783f00a4e38f6fce3a17114d3abb"",""quantization_stress_18q_l2:4dpu_t8"":""9d1e1ae9a325d84cef97b0fd9beffa9d4b3d783f00a4e38f6fce3a17114d3abb""}"
226,3,2.2631074267242135,0.997529052435953,7,0.0,1.0,0.0,0.0,0.0,1.0,0.0,0.0,0.0,"{""edc_18q:1dpu_t8"":""cf23b184355b080f3bead1d9d754a3c2c295746793109413aedfff30da27b94e"",""edc_18q:4dpu_t8"":""cf23b184355b080f3bead1d9d754a3c2c295746793109413aedfff30da27b94e"",""ghz_chain_18q:1dpu_t8"":""9f9e62a16e205e4bd5eb1d1b8f62cade3177ef00fa9bd4dc15c899a41b00d3d0"",""ghz_chain_18q:4dpu_t8"":""9f9e62a16e205e4bd5eb1d1b8f62cade3177ef00fa9bd4dc15c899a41b00d3d0"",""hs_18q_d1:1dpu_t8"":""0f172b4535a71fb59dd5d4f406df828c33333cda1113d1c71db08b5d0e989d1e"",""hs_18q_d1:4dpu_t8"":""0f172b4535a71fb59dd5d4f406df828c33333cda1113d1c71db08b5d0e989d1e"",""quantization_stress_18q_l2:1dpu_t8"":""9d1e1ae9a325d84cef97b0fd9beffa9d4b3d783f00a4e38f6fce3a17114d3abb"",""quantization_stress_18q_l2:4dpu_t8"":""9d1e1ae9a325d84cef97b0fd9beffa9d4b3d783f00a4e38f6fce3a17114d3abb""}"
227,4,2.2395113175917034,1.0,7,0.22063680206282787,0.7768451800394555,0.002518017897716659,0.11031840103141394,0.11031840103141394,0.7768451800394555,0.002518017897716659,0.0,0.0,"{""edc_18q:1dpu_t8"":""cf23b184355b080f3bead1d9d754a3c2c295746793109413aedfff30da27b94e"",""edc_18q:4dpu_t8"":""cf23b184355b080f3bead1d9d754a3c2c295746793109413aedfff30da27b94e"",""ghz_chain_18q:1dpu_t8"":""9f9e62a16e205e4bd5eb1d1b8f62cade3177ef00fa9bd4dc15c899a41b00d3d0"",""ghz_chain_18q:4dpu_t8"":""9f9e62a16e205e4bd5eb1d1b8f62cade3177ef00fa9bd4dc15c899a41b00d3d0"",""hs_18q_d1:1dpu_t8"":""bf83ea123bc85b30f3c7f1f8a0de47c8366352fc37c099890eab75c8cba62cb8"",""hs_18q_d1:4dpu_t8"":""0f172b4535a71fb59dd5d4f406df828c33333cda1113d1c71db08b5d0e989d1e"",""quantization_stress_18q_l2:1dpu_t8"":""9d1e1ae9a325d84cef97b0fd9beffa9d4b3d783f00a4e38f6fce3a17114d3abb"",""quantization_stress_18q_l2:4dpu_t8"":""9d1e1ae9a325d84cef97b0fd9beffa9d4b3d783f00a4e38f6fce3a17114d3abb""}"
228,10,2.2408116803818556,1.0,6,0.47630996810097936,0.518889877536195,0.004800154362825642,0.23815498405048968,0.23815498405048968,0.518889877536195,0.004800154362825642,0.0,0.0,"{""edc_18q:1dpu_t8"":""cf23b184355b080f3bead1d9d754a3c2c295746793109413aedfff30da27b94e"",""edc_18q:4dpu_t8"":""cf23b184355b080f3bead1d9d754a3c2c295746793109413aedfff30da27b94e"",""ghz_chain_18q:1dpu_t8"":""9f9e62a16e205e4bd5eb1d1b8f62cade3177ef00fa9bd4dc15c899a41b00d3d0"",""ghz_chain_18q:4dpu_t8"":""9f9e62a16e205e4bd5eb1d1b8f62cade3177ef00fa9bd4dc15c899a41b00d3d0"",""hs_18q_d1:1dpu_t8"":""bf83ea123bc85b30f3c7f1f8a0de47c8366352fc37c099890eab75c8cba62cb8"",""hs_18q_d1:4dpu_t8"":""bf83ea123bc85b30f3c7f1f8a0de47c8366352fc37c099890eab75c8cba62cb8"",""quantization_stress_18q_l2:1dpu_t8"":""e56fd025e7fdf900c75302bb6e7212f78d89deef09b236732a001e9f5c5001c1"",""quantization_stress_18q_l2:4dpu_t8"":""e56fd025e7fdf900c75302bb6e7212f78d89deef09b236732a001e9f5c5001c1""}"
229,5,2.2259152082148783,1.0,6,0.024368166273412584,0.9754242110524387,0.00020762267414873057,0.012184083136706292,0.012184083136706292,0.9754242110524387,0.00020762267414873057,0.0,0.0,"{""edc_18q:1dpu_t8"":""cf23b184355b080f3bead1d9d754a3c2c295746793109413aedfff30da27b94e"",""edc_18q:4dpu_t8"":""cf23b184355b080f3bead1d9d754a3c2c295746793109413aedfff30da27b94e"",""ghz_chain_18q:1dpu_t8"":""9f9e62a16e205e4bd5eb1d1b8f62cade3177ef00fa9bd4dc15c899a41b00d3d0"",""ghz_chain_18q:4dpu_t8"":""9f9e62a16e205e4bd5eb1d1b8f62cade3177ef00fa9bd4dc15c899a41b00d3d0"",""hs_18q_d1:1dpu_t8"":""bf83ea123bc85b30f3c7f1f8a0de47c8366352fc37c099890eab75c8cba62cb8"",""hs_18q_d1:4dpu_t8"":""bf83ea123bc85b30f3c7f1f8a0de47c8366352fc37c099890eab75c8cba62cb8"",""quantization_stress_18q_l2:1dpu_t8"":""9d1e1ae9a325d84cef97b0fd9beffa9d4b3d783f00a4e38f6fce3a17114d3abb"",""quantization_stress_18q_l2:4dpu_t8"":""9d1e1ae9a325d84cef97b0fd9beffa9d4b3d783f00a4e38f6fce3a17114d3abb""}"
230,3,2.278202884922043,1.041845644222677,8,0.0,1.0,0.0,0.0,0.0,1.0,0.0,0.0,0.0,"{""edc_18q:1dpu_t8"":""cf23b184355b080f3bead1d9d754a3c2c295746793109413aedfff30da27b94e"",""edc_18q:4dpu_t8"":""cf23b184355b080f3bead1d9d754a3c2c295746793109413aedfff30da27b94e"",""ghz_chain_18q:1dpu_t8"":""9f9e62a16e205e4bd5eb1d1b8f62cade3177ef00fa9bd4dc15c899a41b00d3d0"",""ghz_chain_18q:4dpu_t8"":""9f9e62a16e205e4bd5eb1d1b8f62cade3177ef00fa9bd4dc15c899a41b00d3d0"",""hs_18q_d1:1dpu_t8"":""0f172b4535a71fb59dd5d4f406df828c33333cda1113d1c71db08b5d0e989d1e"",""hs_18q_d1:4dpu_t8"":""0f172b4535a71fb59dd5d4f406df828c33333cda1113d1c71db08b5d0e989d1e"",""quantization_stress_18q_l2:1dpu_t8"":""9d1e1ae9a325d84cef97b0fd9beffa9d4b3d783f00a4e38f6fce3a17114d3abb"",""quantization_stress_18q_l2:4dpu_t8"":""9d1e1ae9a325d84cef97b0fd9beffa9d4b3d783f00a4e38f6fce3a17114d3abb""}"
231,5,2.220980327074987,1.0,6,0.024368166273412584,0.9754242110524387,0.00020762267414873057,0.012184083136706292,0.012184083136706292,0.9754242110524387,0.00020762267414873057,0.0,0.0,"{""edc_18q:1dpu_t8"":""cf23b184355b080f3bead1d9d754a3c2c295746793109413aedfff30da27b94e"",""edc_18q:4dpu_t8"":""cf23b184355b080f3bead1d9d754a3c2c295746793109413aedfff30da27b94e"",""ghz_chain_18q:1dpu_t8"":""9f9e62a16e205e4bd5eb1d1b8f62cade3177ef00fa9bd4dc15c899a41b00d3d0"",""ghz_chain_18q:4dpu_t8"":""9f9e62a16e205e4bd5eb1d1b8f62cade3177ef00fa9bd4dc15c899a41b00d3d0"",""hs_18q_d1:1dpu_t8"":""bf83ea123bc85b30f3c7f1f8a0de47c8366352fc37c099890eab75c8cba62cb8"",""hs_18q_d1:4dpu_t8"":""bf83ea123bc85b30f3c7f1f8a0de47c8366352fc37c099890eab75c8cba62cb8"",""quantization_stress_18q_l2:1dpu_t8"":""9d1e1ae9a325d84cef97b0fd9beffa9d4b3d783f00a4e38f6fce3a17114d3abb"",""quantization_stress_18q_l2:4dpu_t8"":""9d1e1ae9a325d84cef97b0fd9beffa9d4b3d783f00a4e38f6fce3a17114d3abb""}"
232,10,2.242358974011968,1.0,6,0.47630996810097936,0.518889877536195,0.004800154362825642,0.23815498405048968,0.23815498405048968,0.518889877536195,0.004800154362825642,0.0,0.0,"{""edc_18q:1dpu_t8"":""cf23b184355b080f3bead1d9d754a3c2c295746793109413aedfff30da27b94e"",""edc_18q:4dpu_t8"":""cf23b184355b080f3bead1d9d754a3c2c295746793109413aedfff30da27b94e"",""ghz_chain_18q:1dpu_t8"":""9f9e62a16e205e4bd5eb1d1b8f62cade3177ef00fa9bd4dc15c899a41b00d3d0"",""ghz_chain_18q:4dpu_t8"":""9f9e62a16e205e4bd5eb1d1b8f62cade3177ef00fa9bd4dc15c899a41b00d3d0"",""hs_18q_d1:1dpu_t8"":""bf83ea123bc85b30f3c7f1f8a0de47c8366352fc37c099890eab75c8cba62cb8"",""hs_18q_d1:4dpu_t8"":""bf83ea123bc85b30f3c7f1f8a0de47c8366352fc37c099890eab75c8cba62cb8"",""quantization_stress_18q_l2:1dpu_t8"":""e56fd025e7fdf900c75302bb6e7212f78d89deef09b236732a001e9f5c5001c1"",""quantization_stress_18q_l2:4dpu_t8"":""e56fd025e7fdf900c75302bb6e7212f78d89deef09b236732a001e9f5c5001c1""}"
233,5,2.229587933808573,1.0,6,0.024368166273412584,0.9754242110524387,0.00020762267414873057,0.012184083136706292,0.012184083136706292,0.9754242110524387,0.00020762267414873057,0.0,0.0,"{""edc_18q:1dpu_t8"":""cf23b184355b080f3bead1d9d754a3c2c295746793109413aedfff30da27b94e"",""edc_18q:4dpu_t8"":""cf23b184355b080f3bead1d9d754a3c2c295746793109413aedfff30da27b94e"",""ghz_chain_18q:1dpu_t8"":""9f9e62a16e205e4bd5eb1d1b8f62cade3177ef00fa9bd4dc15c899a41b00d3d0"",""ghz_chain_18q:4dpu_t8"":""9f9e62a16e205e4bd5eb1d1b8f62cade3177ef00fa9bd4dc15c899a41b00d3d0"",""hs_18q_d1:1dpu_t8"":""bf83ea123bc85b30f3c7f1f8a0de47c8366352fc37c099890eab75c8cba62cb8"",""hs_18q_d1:4dpu_t8"":""bf83ea123bc85b30f3c7f1f8a0de47c8366352fc37c099890eab75c8cba62cb8"",""quantization_stress_18q_l2:1dpu_t8"":""9d1e1ae9a325d84cef97b0fd9beffa9d4b3d783f00a4e38f6fce3a17114d3abb"",""quantization_stress_18q_l2:4dpu_t8"":""9d1e1ae9a325d84cef97b0fd9beffa9d4b3d783f00a4e38f6fce3a17114d3abb""}"
234,4,2.240216541177652,1.0,7,0.22063680206282787,0.7768451800394555,0.002518017897716659,0.11031840103141394,0.11031840103141394,0.7768451800394555,0.002518017897716659,0.0,0.0,"{""edc_18q:1dpu_t8"":""cf23b184355b080f3bead1d9d754a3c2c295746793109413aedfff30da27b94e"",""edc_18q:4dpu_t8"":""cf23b184355b080f3bead1d9d754a3c2c295746793109413aedfff30da27b94e"",""ghz_chain_18q:1dpu_t8"":""9f9e62a16e205e4bd5eb1d1b8f62cade3177ef00fa9bd4dc15c899a41b00d3d0"",""ghz_chain_18q:4dpu_t8"":""9f9e62a16e205e4bd5eb1d1b8f62cade3177ef00fa9bd4dc15c899a41b00d3d0"",""hs_18q_d1:1dpu_t8"":""bf83ea123bc85b30f3c7f1f8a0de47c8366352fc37c099890eab75c8cba62cb8"",""hs_18q_d1:4dpu_t8"":""0f172b4535a71fb59dd5d4f406df828c33333cda1113d1c71db08b5d0e989d1e"",""quantization_stress_18q_l2:1dpu_t8"":""9d1e1ae9a325d84cef97b0fd9beffa9d4b3d783f00a4e38f6fce3a17114d3abb"",""quantization_stress_18q_l2:4dpu_t8"":""9d1e1ae9a325d84cef97b0fd9beffa9d4b3d783f00a4e38f6fce3a17114d3abb""}"
235,4,2.2453273599709505,1.0,7,0.22063680206282787,0.7768451800394555,0.002518017897716659,0.11031840103141394,0.11031840103141394,0.7768451800394555,0.002518017897716659,0.0,0.0,"{""edc_18q:1dpu_t8"":""cf23b184355b080f3bead1d9d754a3c2c295746793109413aedfff30da27b94e"",""edc_18q:4dpu_t8"":""cf23b184355b080f3bead1d9d754a3c2c295746793109413aedfff30da27b94e"",""ghz_chain_18q:1dpu_t8"":""9f9e62a16e205e4bd5eb1d1b8f62cade3177ef00fa9bd4dc15c899a41b00d3d0"",""ghz_chain_18q:4dpu_t8"":""9f9e62a16e205e4bd5eb1d1b8f62cade3177ef00fa9bd4dc15c899a41b00d3d0"",""hs_18q_d1:1dpu_t8"":""bf83ea123bc85b30f3c7f1f8a0de47c8366352fc37c099890eab75c8cba62cb8"",""hs_18q_d1:4dpu_t8"":""0f172b4535a71fb59dd5d4f406df828c33333cda1113d1c71db08b5d0e989d1e"",""quantization_stress_18q_l2:1dpu_t8"":""9d1e1ae9a325d84cef97b0fd9beffa9d4b3d783f00a4e38f6fce3a17114d3abb"",""quantization_stress_18q_l2:4dpu_t8"":""9d1e1ae9a325d84cef97b0fd9beffa9d4b3d783f00a4e38f6fce3a17114d3abb""}"
236,9,2.2343663634669286,1.0,7,0.5414741851996391,0.45232358896253566,0.006202225837825213,0.27073709259981954,0.27073709259981954,0.45232358896253566,0.006202225837825213,0.0,0.0,"{""edc_18q:1dpu_t8"":""cf23b184355b080f3bead1d9d754a3c2c295746793109413aedfff30da27b94e"",""edc_18q:4dpu_t8"":""cf23b184355b080f3bead1d9d754a3c2c295746793109413aedfff30da27b94e"",""ghz_chain_18q:1dpu_t8"":""9f9e62a16e205e4bd5eb1d1b8f62cade3177ef00fa9bd4dc15c899a41b00d3d0"",""ghz_chain_18q:4dpu_t8"":""9f9e62a16e205e4bd5eb1d1b8f62cade3177ef00fa9bd4dc15c899a41b00d3d0"",""hs_18q_d1:1dpu_t8"":""bf83ea123bc85b30f3c7f1f8a0de47c8366352fc37c099890eab75c8cba62cb8"",""hs_18q_d1:4dpu_t8"":""0f172b4535a71fb59dd5d4f406df828c33333cda1113d1c71db08b5d0e989d1e"",""quantization_stress_18q_l2:1dpu_t8"":""e56fd025e7fdf900c75302bb6e7212f78d89deef09b236732a001e9f5c5001c1"",""quantization_stress_18q_l2:4dpu_t8"":""e56fd025e7fdf900c75302bb6e7212f78d89deef09b236732a001e9f5c5001c1""}"
237,5,2.253969183015689,1.0,6,0.024368166273412584,0.9754242110524387,0.00020762267414873057,0.012184083136706292,0.012184083136706292,0.9754242110524387,0.00020762267414873057,0.0,0.0,"{""edc_18q:1dpu_t8"":""cf23b184355b080f3bead1d9d754a3c2c295746793109413aedfff30da27b94e"",""edc_18q:4dpu_t8"":""cf23b184355b080f3bead1d9d754a3c2c295746793109413aedfff30da27b94e"",""ghz_chain_18q:1dpu_t8"":""9f9e62a16e205e4bd5eb1d1b8f62cade3177ef00fa9bd4dc15c899a41b00d3d0"",""ghz_chain_18q:4dpu_t8"":""9f9e62a16e205e4bd5eb1d1b8f62cade3177ef00fa9bd4dc15c899a41b00d3d0"",""hs_18q_d1:1dpu_t8"":""bf83ea123bc85b30f3c7f1f8a0de47c8366352fc37c099890eab75c8cba62cb8"",""hs_18q_d1:4dpu_t8"":""bf83ea123bc85b30f3c7f1f8a0de47c8366352fc37c099890eab75c8cba62cb8"",""quantization_stress_18q_l2:1dpu_t8"":""9d1e1ae9a325d84cef97b0fd9beffa9d4b3d783f00a4e38f6fce3a17114d3abb"",""quantization_stress_18q_l2:4dpu_t8"":""9d1e1ae9a325d84cef97b0fd9beffa9d4b3d783f00a4e38f6fce3a17114d3abb""}"
238,5,2.2274770296231408,1.0,6,0.024368166273412584,0.9754242110524387,0.00020762267414873057,0.012184083136706292,0.012184083136706292,0.9754242110524387,0.00020762267414873057,0.0,0.0,"{""edc_18q:1dpu_t8"":""cf23b184355b080f3bead1d9d754a3c2c295746793109413aedfff30da27b94e"",""edc_18q:4dpu_t8"":""cf23b184355b080f3bead1d9d754a3c2c295746793109413aedfff30da27b94e"",""ghz_chain_18q:1dpu_t8"":""9f9e62a16e205e4bd5eb1d1b8f62cade3177ef00fa9bd4dc15c899a41b00d3d0"",""ghz_chain_18q:4dpu_t8"":""9f9e62a16e205e4bd5eb1d1b8f62cade3177ef00fa9bd4dc15c899a41b00d3d0"",""hs_18q_d1:1dpu_t8"":""bf83ea123bc85b30f3c7f1f8a0de47c8366352fc37c099890eab75c8cba62cb8"",""hs_18q_d1:4dpu_t8"":""bf83ea123bc85b30f3c7f1f8a0de47c8366352fc37c099890eab75c8cba62cb8"",""quantization_stress_18q_l2:1dpu_t8"":""9d1e1ae9a325d84cef97b0fd9beffa9d4b3d783f00a4e38f6fce3a17114d3abb"",""quantization_stress_18q_l2:4dpu_t8"":""9d1e1ae9a325d84cef97b0fd9beffa9d4b3d783f00a4e38f6fce3a17114d3abb""}"
239,5,2.2197113312050107,1.0,6,0.024368166273412584,0.9754242110524387,0.00020762267414873057,0.012184083136706292,0.012184083136706292,0.9754242110524387,0.00020762267414873057,0.0,0.0,"{""edc_18q:1dpu_t8"":""cf23b184355b080f3bead1d9d754a3c2c295746793109413aedfff30da27b94e"",""edc_18q:4dpu_t8"":""cf23b184355b080f3bead1d9d754a3c2c295746793109413aedfff30da27b94e"",""ghz_chain_18q:1dpu_t8"":""9f9e62a16e205e4bd5eb1d1b8f62cade3177ef00fa9bd4dc15c899a41b00d3d0"",""ghz_chain_18q:4dpu_t8"":""9f9e62a16e205e4bd5eb1d1b8f62cade3177ef00fa9bd4dc15c899a41b00d3d0"",""hs_18q_d1:1dpu_t8"":""bf83ea123bc85b30f3c7f1f8a0de47c8366352fc37c099890eab75c8cba62cb8"",""hs_18q_d1:4dpu_t8"":""bf83ea123bc85b30f3c7f1f8a0de47c8366352fc37c099890eab75c8cba62cb8"",""quantization_stress_18q_l2:1dpu_t8"":""9d1e1ae9a325d84cef97b0fd9beffa9d4b3d783f00a4e38f6fce3a17114d3abb"",""quantization_stress_18q_l2:4dpu_t8"":""9d1e1ae9a325d84cef97b0fd9beffa9d4b3d783f00a4e38f6fce3a17114d3abb""}"
240,8,2.2831020420037054,1.0163179096347865,8,0.3715322706836804,0.40507521716230527,0.2233925121540143,0.1857661353418402,0.1857661353418402,0.40507521716230527,0.2233925121540143,0.0,0.0,"{""edc_18q:1dpu_t8"":""cf23b184355b080f3bead1d9d754a3c2c295746793109413aedfff30da27b94e"",""edc_18q:4dpu_t8"":""cf23b184355b080f3bead1d9d754a3c2c295746793109413aedfff30da27b94e"",""ghz_chain_18q:1dpu_t8"":""9f9e62a16e205e4bd5eb1d1b8f62cade3177ef00fa9bd4dc15c899a41b00d3d0"",""ghz_chain_18q:4dpu_t8"":""9f9e62a16e205e4bd5eb1d1b8f62cade3177ef00fa9bd4dc15c899a41b00d3d0"",""hs_18q_d1:1dpu_t8"":""0f172b4535a71fb59dd5d4f406df828c33333cda1113d1c71db08b5d0e989d1e"",""hs_18q_d1:4dpu_t8"":""0f172b4535a71fb59dd5d4f406df828c33333cda1113d1c71db08b5d0e989d1e"",""quantization_stress_18q_l2:1dpu_t8"":""e56fd025e7fdf900c75302bb6e7212f78d89deef09b236732a001e9f5c5001c1"",""quantization_stress_18q_l2:4dpu_t8"":""e56fd025e7fdf900c75302bb6e7212f78d89deef09b236732a001e9f5c5001c1""}"
241,3,2.2816955451079473,0.997529052435953,7,0.0,1.0,0.0,0.0,0.0,1.0,0.0,0.0,0.0,"{""edc_18q:1dpu_t8"":""cf23b184355b080f3bead1d9d754a3c2c295746793109413aedfff30da27b94e"",""edc_18q:4dpu_t8"":""cf23b184355b080f3bead1d9d754a3c2c295746793109413aedfff30da27b94e"",""ghz_chain_18q:1dpu_t8"":""9f9e62a16e205e4bd5eb1d1b8f62cade3177ef00fa9bd4dc15c899a41b00d3d0"",""ghz_chain_18q:4dpu_t8"":""9f9e62a16e205e4bd5eb1d1b8f62cade3177ef00fa9bd4dc15c899a41b00d3d0"",""hs_18q_d1:1dpu_t8"":""0f172b4535a71fb59dd5d4f406df828c33333cda1113d1c71db08b5d0e989d1e"",""hs_18q_d1:4dpu_t8"":""0f172b4535a71fb59dd5d4f406df828c33333cda1113d1c71db08b5d0e989d1e"",""quantization_stress_18q_l2:1dpu_t8"":""9d1e1ae9a325d84cef97b0fd9beffa9d4b3d783f00a4e38f6fce3a17114d3abb"",""quantization_stress_18q_l2:4dpu_t8"":""9d1e1ae9a325d84cef97b0fd9beffa9d4b3d783f00a4e38f6fce3a17114d3abb""}"
242,3,2.301812641199996,1.041845644222677,8,0.0,1.0,0.0,0.0,0.0,1.0,0.0,0.0,0.0,"{""edc_18q:1dpu_t8"":""cf23b184355b080f3bead1d9d754a3c2c295746793109413aedfff30da27b94e"",""edc_18q:4dpu_t8"":""cf23b184355b080f3bead1d9d754a3c2c295746793109413aedfff30da27b94e"",""ghz_chain_18q:1dpu_t8"":""9f9e62a16e205e4bd5eb1d1b8f62cade3177ef00fa9bd4dc15c899a41b00d3d0"",""ghz_chain_18q:4dpu_t8"":""9f9e62a16e205e4bd5eb1d1b8f62cade3177ef00fa9bd4dc15c899a41b00d3d0"",""hs_18q_d1:1dpu_t8"":""0f172b4535a71fb59dd5d4f406df828c33333cda1113d1c71db08b5d0e989d1e"",""hs_18q_d1:4dpu_t8"":""0f172b4535a71fb59dd5d4f406df828c33333cda1113d1c71db08b5d0e989d1e"",""quantization_stress_18q_l2:1dpu_t8"":""9d1e1ae9a325d84cef97b0fd9beffa9d4b3d783f00a4e38f6fce3a17114d3abb"",""quantization_stress_18q_l2:4dpu_t8"":""9d1e1ae9a325d84cef97b0fd9beffa9d4b3d783f00a4e38f6fce3a17114d3abb""}"
243,9,2.252643521045081,1.0,7,0.5414741851996391,0.45232358896253566,0.006202225837825213,0.27073709259981954,0.27073709259981954,0.45232358896253566,0.006202225837825213,0.0,0.0,"{""edc_18q:1dpu_t8"":""cf23b184355b080f3bead1d9d754a3c2c295746793109413aedfff30da27b94e"",""edc_18q:4dpu_t8"":""cf23b184355b080f3bead1d9d754a3c2c295746793109413aedfff30da27b94e"",""ghz_chain_18q:1dpu_t8"":""9f9e62a16e205e4bd5eb1d1b8f62cade3177ef00fa9bd4dc15c899a41b00d3d0"",""ghz_chain_18q:4dpu_t8"":""9f9e62a16e205e4bd5eb1d1b8f62cade3177ef00fa9bd4dc15c899a41b00d3d0"",""hs_18q_d1:1dpu_t8"":""bf83ea123bc85b30f3c7f1f8a0de47c8366352fc37c099890eab75c8cba62cb8"",""hs_18q_d1:4dpu_t8"":""0f172b4535a71fb59dd5d4f406df828c33333cda1113d1c71db08b5d0e989d1e"",""quantization_stress_18q_l2:1dpu_t8"":""e56fd025e7fdf900c75302bb6e7212f78d89deef09b236732a001e9f5c5001c1"",""quantization_stress_18q_l2:4dpu_t8"":""e56fd025e7fdf900c75302bb6e7212f78d89deef09b236732a001e9f5c5001c1""}"
244,5,2.2380888106066408,1.0,6,0.024368166273412584,0.9754242110524387,0.00020762267414873057,0.012184083136706292,0.012184083136706292,0.9754242110524387,0.00020762267414873057,0.0,0.0,"{""edc_18q:1dpu_t8"":""cf23b184355b080f3bead1d9d754a3c2c295746793109413aedfff30da27b94e"",""edc_18q:4dpu_t8"":""cf23b184355b080f3bead1d9d754a3c2c295746793109413aedfff30da27b94e"",""ghz_chain_18q:1dpu_t8"":""9f9e62a16e205e4bd5eb1d1b8f62cade3177ef00fa9bd4dc15c899a41b00d3d0"",""ghz_chain_18q:4dpu_t8"":""9f9e62a16e205e4bd5eb1d1b8f62cade3177ef00fa9bd4dc15c899a41b00d3d0"",""hs_18q_d1:1dpu_t8"":""bf83ea123bc85b30f3c7f1f8a0de47c8366352fc37c099890eab75c8cba62cb8"",""hs_18q_d1:4dpu_t8"":""bf83ea123bc85b30f3c7f1f8a0de47c8366352fc37c099890eab75c8cba62cb8"",""quantization_stress_18q_l2:1dpu_t8"":""9d1e1ae9a325d84cef97b0fd9beffa9d4b3d783f00a4e38f6fce3a17114d3abb"",""quantization_stress_18q_l2:4dpu_t8"":""9d1e1ae9a325d84cef97b0fd9beffa9d4b3d783f00a4e38f6fce3a17114d3abb""}"
245,9,2.2493290136523316,1.0,7,0.5414741851996391,0.45232358896253566,0.006202225837825213,0.27073709259981954,0.27073709259981954,0.45232358896253566,0.006202225837825213,0.0,0.0,"{""edc_18q:1dpu_t8"":""cf23b184355b080f3bead1d9d754a3c2c295746793109413aedfff30da27b94e"",""edc_18q:4dpu_t8"":""cf23b184355b080f3bead1d9d754a3c2c295746793109413aedfff30da27b94e"",""ghz_chain_18q:1dpu_t8"":""9f9e62a16e205e4bd5eb1d1b8f62cade3177ef00fa9bd4dc15c899a41b00d3d0"",""ghz_chain_18q:4dpu_t8"":""9f9e62a16e205e4bd5eb1d1b8f62cade3177ef00fa9bd4dc15c899a41b00d3d0"",""hs_18q_d1:1dpu_t8"":""bf83ea123bc85b30f3c7f1f8a0de47c8366352fc37c099890eab75c8cba62cb8"",""hs_18q_d1:4dpu_t8"":""0f172b4535a71fb59dd5d4f406df828c33333cda1113d1c71db08b5d0e989d1e"",""quantization_stress_18q_l2:1dpu_t8"":""e56fd025e7fdf900c75302bb6e7212f78d89deef09b236732a001e9f5c5001c1"",""quantization_stress_18q_l2:4dpu_t8"":""e56fd025e7fdf900c75302bb6e7212f78d89deef09b236732a001e9f5c5001c1""}"
246,3,2.262922383866407,0.997529052435953,7,0.0,1.0,0.0,0.0,0.0,1.0,0.0,0.0,0.0,"{""edc_18q:1dpu_t8"":""cf23b184355b080f3bead1d9d754a3c2c295746793109413aedfff30da27b94e"",""edc_18q:4dpu_t8"":""cf23b184355b080f3bead1d9d754a3c2c295746793109413aedfff30da27b94e"",""ghz_chain_18q:1dpu_t8"":""9f9e62a16e205e4bd5eb1d1b8f62cade3177ef00fa9bd4dc15c899a41b00d3d0"",""ghz_chain_18q:4dpu_t8"":""9f9e62a16e205e4bd5eb1d1b8f62cade3177ef00fa9bd4dc15c899a41b00d3d0"",""hs_18q_d1:1dpu_t8"":""0f172b4535a71fb59dd5d4f406df828c33333cda1113d1c71db08b5d0e989d1e"",""hs_18q_d1:4dpu_t8"":""0f172b4535a71fb59dd5d4f406df828c33333cda1113d1c71db08b5d0e989d1e"",""quantization_stress_18q_l2:1dpu_t8"":""9d1e1ae9a325d84cef97b0fd9beffa9d4b3d783f00a4e38f6fce3a17114d3abb"",""quantization_stress_18q_l2:4dpu_t8"":""9d1e1ae9a325d84cef97b0fd9beffa9d4b3d783f00a4e38f6fce3a17114d3abb""}"
247,5,2.2302681387108865,1.0,6,0.024368166273412584,0.9754242110524387,0.00020762267414873057,0.012184083136706292,0.012184083136706292,0.9754242110524387,0.00020762267414873057,0.0,0.0,"{""edc_18q:1dpu_t8"":""cf23b184355b080f3bead1d9d754a3c2c295746793109413aedfff30da27b94e"",""edc_18q:4dpu_t8"":""cf23b184355b080f3bead1d9d754a3c2c295746793109413aedfff30da27b94e"",""ghz_chain_18q:1dpu_t8"":""9f9e62a16e205e4bd5eb1d1b8f62cade3177ef00fa9bd4dc15c899a41b00d3d0"",""ghz_chain_18q:4dpu_t8"":""9f9e62a16e205e4bd5eb1d1b8f62cade3177ef00fa9bd4dc15c899a41b00d3d0"",""hs_18q_d1:1dpu_t8"":""bf83ea123bc85b30f3c7f1f8a0de47c8366352fc37c099890eab75c8cba62cb8"",""hs_18q_d1:4dpu_t8"":""bf83ea123bc85b30f3c7f1f8a0de47c8366352fc37c099890eab75c8cba62cb8"",""quantization_stress_18q_l2:1dpu_t8"":""9d1e1ae9a325d84cef97b0fd9beffa9d4b3d783f00a4e38f6fce3a17114d3abb"",""quantization_stress_18q_l2:4dpu_t8"":""9d1e1ae9a325d84cef97b0fd9beffa9d4b3d783f00a4e38f6fce3a17114d3abb""}"
248,5,2.2511785900778944,1.0,6,0.024368166273412584,0.9754242110524387,0.00020762267414873057,0.012184083136706292,0.012184083136706292,0.9754242110524387,0.00020762267414873057,0.0,0.0,"{""edc_18q:1dpu_t8"":""cf23b184355b080f3bead1d9d754a3c2c295746793109413aedfff30da27b94e"",""edc_18q:4dpu_t8"":""cf23b184355b080f3bead1d9d754a3c2c295746793109413aedfff30da27b94e"",""ghz_chain_18q:1dpu_t8"":""9f9e62a16e205e4bd5eb1d1b8f62cade3177ef00fa9bd4dc15c899a41b00d3d0"",""ghz_chain_18q:4dpu_t8"":""9f9e62a16e205e4bd5eb1d1b8f62cade3177ef00fa9bd4dc15c899a41b00d3d0"",""hs_18q_d1:1dpu_t8"":""bf83ea123bc85b30f3c7f1f8a0de47c8366352fc37c099890eab75c8cba62cb8"",""hs_18q_d1:4dpu_t8"":""bf83ea123bc85b30f3c7f1f8a0de47c8366352fc37c099890eab75c8cba62cb8"",""quantization_stress_18q_l2:1dpu_t8"":""9d1e1ae9a325d84cef97b0fd9beffa9d4b3d783f00a4e38f6fce3a17114d3abb"",""quantization_stress_18q_l2:4dpu_t8"":""9d1e1ae9a325d84cef97b0fd9beffa9d4b3d783f00a4e38f6fce3a17114d3abb""}"
249,4,2.2534713805420568,1.0,7,0.22063680206282787,0.7768451800394555,0.002518017897716659,0.11031840103141394,0.11031840103141394,0.7768451800394555,0.002518017897716659,0.0,0.0,"{""edc_18q:1dpu_t8"":""cf23b184355b080f3bead1d9d754a3c2c295746793109413aedfff30da27b94e"",""edc_18q:4dpu_t8"":""cf23b184355b080f3bead1d9d754a3c2c295746793109413aedfff30da27b94e"",""ghz_chain_18q:1dpu_t8"":""9f9e62a16e205e4bd5eb1d1b8f62cade3177ef00fa9bd4dc15c899a41b00d3d0"",""ghz_chain_18q:4dpu_t8"":""9f9e62a16e205e4bd5eb1d1b8f62cade3177ef00fa9bd4dc15c899a41b00d3d0"",""hs_18q_d1:1dpu_t8"":""bf83ea123bc85b30f3c7f1f8a0de47c8366352fc37c099890eab75c8cba62cb8"",""hs_18q_d1:4dpu_t8"":""0f172b4535a71fb59dd5d4f406df828c33333cda1113d1c71db08b5d0e989d1e"",""quantization_stress_18q_l2:1dpu_t8"":""9d1e1ae9a325d84cef97b0fd9beffa9d4b3d783f00a4e38f6fce3a17114d3abb"",""quantization_stress_18q_l2:4dpu_t8"":""9d1e1ae9a325d84cef97b0fd9beffa9d4b3d783f00a4e38f6fce3a17114d3abb""}"
250,4,2.250650205780781,1.0,7,0.22063680206282787,0.7768451800394555,0.002518017897716659,0.11031840103141394,0.11031840103141394,0.7768451800394555,0.002518017897716659,0.0,0.0,"{""edc_18q:1dpu_t8"":""cf23b184355b080f3bead1d9d754a3c2c295746793109413aedfff30da27b94e"",""edc_18q:4dpu_t8"":""cf23b184355b080f3bead1d9d754a3c2c295746793109413aedfff30da27b94e"",""ghz_chain_18q:1dpu_t8"":""9f9e62a16e205e4bd5eb1d1b8f62cade3177ef00fa9bd4dc15c899a41b00d3d0"",""ghz_chain_18q:4dpu_t8"":""9f9e62a16e205e4bd5eb1d1b8f62cade3177ef00fa9bd4dc15c899a41b00d3d0"",""hs_18q_d1:1dpu_t8"":""bf83ea123bc85b30f3c7f1f8a0de47c8366352fc37c099890eab75c8cba62cb8"",""hs_18q_d1:4dpu_t8"":""0f172b4535a71fb59dd5d4f406df828c33333cda1113d1c71db08b5d0e989d1e"",""quantization_stress_18q_l2:1dpu_t8"":""9d1e1ae9a325d84cef97b0fd9beffa9d4b3d783f00a4e38f6fce3a17114d3abb"",""quantization_stress_18q_l2:4dpu_t8"":""9d1e1ae9a325d84cef97b0fd9beffa9d4b3d783f00a4e38f6fce3a17114d3abb""}"
251,5,2.2431613965547843,1.0,6,0.024368166273412584,0.9754242110524387,0.00020762267414873057,0.012184083136706292,0.012184083136706292,0.9754242110524387,0.00020762267414873057,0.0,0.0,"{""edc_18q:1dpu_t8"":""cf23b184355b080f3bead1d9d754a3c2c295746793109413aedfff30da27b94e"",""edc_18q:4dpu_t8"":""cf23b184355b080f3bead1d9d754a3c2c295746793109413aedfff30da27b94e"",""ghz_chain_18q:1dpu_t8"":""9f9e62a16e205e4bd5eb1d1b8f62cade3177ef00fa9bd4dc15c899a41b00d3d0"",""ghz_chain_18q:4dpu_t8"":""9f9e62a16e205e4bd5eb1d1b8f62cade3177ef00fa9bd4dc15c899a41b00d3d0"",""hs_18q_d1:1dpu_t8"":""bf83ea123bc85b30f3c7f1f8a0de47c8366352fc37c099890eab75c8cba62cb8"",""hs_18q_d1:4dpu_t8"":""bf83ea123bc85b30f3c7f1f8a0de47c8366352fc37c099890eab75c8cba62cb8"",""quantization_stress_18q_l2:1dpu_t8"":""9d1e1ae9a325d84cef97b0fd9beffa9d4b3d783f00a4e38f6fce3a17114d3abb"",""quantization_stress_18q_l2:4dpu_t8"":""9d1e1ae9a325d84cef97b0fd9beffa9d4b3d783f00a4e38f6fce3a17114d3abb""}"
252,5,2.244459976048273,1.0,6,0.024368166273412584,0.9754242110524387,0.00020762267414873057,0.012184083136706292,0.012184083136706292,0.9754242110524387,0.00020762267414873057,0.0,0.0,"{""edc_18q:1dpu_t8"":""cf23b184355b080f3bead1d9d754a3c2c295746793109413aedfff30da27b94e"",""edc_18q:4dpu_t8"":""cf23b184355b080f3bead1d9d754a3c2c295746793109413aedfff30da27b94e"",""ghz_chain_18q:1dpu_t8"":""9f9e62a16e205e4bd5eb1d1b8f62cade3177ef00fa9bd4dc15c899a41b00d3d0"",""ghz_chain_18q:4dpu_t8"":""9f9e62a16e205e4bd5eb1d1b8f62cade3177ef00fa9bd4dc15c899a41b00d3d0"",""hs_18q_d1:1dpu_t8"":""bf83ea123bc85b30f3c7f1f8a0de47c8366352fc37c099890eab75c8cba62cb8"",""hs_18q_d1:4dpu_t8"":""bf83ea123bc85b30f3c7f1f8a0de47c8366352fc37c099890eab75c8cba62cb8"",""quantization_stress_18q_l2:1dpu_t8"":""9d1e1ae9a325d84cef97b0fd9beffa9d4b3d783f00a4e38f6fce3a17114d3abb"",""quantization_stress_18q_l2:4dpu_t8"":""9d1e1ae9a325d84cef97b0fd9beffa9d4b3d783f00a4e38f6fce3a17114d3abb""}"
253,5,2.224216999786945,1.0,6,0.024368166273412584,0.9754242110524387,0.00020762267414873057,0.012184083136706292,0.012184083136706292,0.9754242110524387,0.00020762267414873057,0.0,0.0,"{""edc_18q:1dpu_t8"":""cf23b184355b080f3bead1d9d754a3c2c295746793109413aedfff30da27b94e"",""edc_18q:4dpu_t8"":""cf23b184355b080f3bead1d9d754a3c2c295746793109413aedfff30da27b94e"",""ghz_chain_18q:1dpu_t8"":""9f9e62a16e205e4bd5eb1d1b8f62cade3177ef00fa9bd4dc15c899a41b00d3d0"",""ghz_chain_18q:4dpu_t8"":""9f9e62a16e205e4bd5eb1d1b8f62cade3177ef00fa9bd4dc15c899a41b00d3d0"",""hs_18q_d1:1dpu_t8"":""bf83ea123bc85b30f3c7f1f8a0de47c8366352fc37c099890eab75c8cba62cb8"",""hs_18q_d1:4dpu_t8"":""bf83ea123bc85b30f3c7f1f8a0de47c8366352fc37c099890eab75c8cba62cb8"",""quantization_stress_18q_l2:1dpu_t8"":""9d1e1ae9a325d84cef97b0fd9beffa9d4b3d783f00a4e38f6fce3a17114d3abb"",""quantization_stress_18q_l2:4dpu_t8"":""9d1e1ae9a325d84cef97b0fd9beffa9d4b3d783f00a4e38f6fce3a17114d3abb""}"
254,8,2.271201328392367,0.997529052435953,7,0.3715322706836804,0.40507521716230527,0.2233925121540143,0.1857661353418402,0.1857661353418402,0.40507521716230527,0.2233925121540143,0.0,0.0,"{""edc_18q:1dpu_t8"":""cf23b184355b080f3bead1d9d754a3c2c295746793109413aedfff30da27b94e"",""edc_18q:4dpu_t8"":""cf23b184355b080f3bead1d9d754a3c2c295746793109413aedfff30da27b94e"",""ghz_chain_18q:1dpu_t8"":""9f9e62a16e205e4bd5eb1d1b8f62cade3177ef00fa9bd4dc15c899a41b00d3d0"",""ghz_chain_18q:4dpu_t8"":""9f9e62a16e205e4bd5eb1d1b8f62cade3177ef00fa9bd4dc15c899a41b00d3d0"",""hs_18q_d1:1dpu_t8"":""0f172b4535a71fb59dd5d4f406df828c33333cda1113d1c71db08b5d0e989d1e"",""hs_18q_d1:4dpu_t8"":""0f172b4535a71fb59dd5d4f406df828c33333cda1113d1c71db08b5d0e989d1e"",""quantization_stress_18q_l2:1dpu_t8"":""e56fd025e7fdf900c75302bb6e7212f78d89deef09b236732a001e9f5c5001c1"",""quantization_stress_18q_l2:4dpu_t8"":""e56fd025e7fdf900c75302bb6e7212f78d89deef09b236732a001e9f5c5001c1""}"
255,4,2.2607778231860274,1.0,7,0.22063680206282787,0.7768451800394555,0.002518017897716659,0.11031840103141394,0.11031840103141394,0.7768451800394555,0.002518017897716659,0.0,0.0,"{""edc_18q:1dpu_t8"":""cf23b184355b080f3bead1d9d754a3c2c295746793109413aedfff30da27b94e"",""edc_18q:4dpu_t8"":""cf23b184355b080f3bead1d9d754a3c2c295746793109413aedfff30da27b94e"",""ghz_chain_18q:1dpu_t8"":""9f9e62a16e205e4bd5eb1d1b8f62cade3177ef00fa9bd4dc15c899a41b00d3d0"",""ghz_chain_18q:4dpu_t8"":""9f9e62a16e205e4bd5eb1d1b8f62cade3177ef00fa9bd4dc15c899a41b00d3d0"",""hs_18q_d1:1dpu_t8"":""bf83ea123bc85b30f3c7f1f8a0de47c8366352fc37c099890eab75c8cba62cb8"",""hs_18q_d1:4dpu_t8"":""0f172b4535a71fb59dd5d4f406df828c33333cda1113d1c71db08b5d0e989d1e"",""quantization_stress_18q_l2:1dpu_t8"":""9d1e1ae9a325d84cef97b0fd9beffa9d4b3d783f00a4e38f6fce3a17114d3abb"",""quantization_stress_18q_l2:4dpu_t8"":""9d1e1ae9a325d84cef97b0fd9beffa9d4b3d783f00a4e38f6fce3a17114d3abb""}"
256,9,2.2357729817256002,1.0,7,0.5414741851996391,0.45232358896253566,0.006202225837825213,0.27073709259981954,0.27073709259981954,0.45232358896253566,0.006202225837825213,0.0,0.0,"{""edc_18q:1dpu_t8"":""cf23b184355b080f3bead1d9d754a3c2c295746793109413aedfff30da27b94e"",""edc_18q:4dpu_t8"":""cf23b184355b080f3bead1d9d754a3c2c295746793109413aedfff30da27b94e"",""ghz_chain_18q:1dpu_t8"":""9f9e62a16e205e4bd5eb1d1b8f62cade3177ef00fa9bd4dc15c899a41b00d3d0"",""ghz_chain_18q:4dpu_t8"":""9f9e62a16e205e4bd5eb1d1b8f62cade3177ef00fa9bd4dc15c899a41b00d3d0"",""hs_18q_d1:1dpu_t8"":""bf83ea123bc85b30f3c7f1f8a0de47c8366352fc37c099890eab75c8cba62cb8"",""hs_18q_d1:4dpu_t8"":""0f172b4535a71fb59dd5d4f406df828c33333cda1113d1c71db08b5d0e989d1e"",""quantization_stress_18q_l2:1dpu_t8"":""e56fd025e7fdf900c75302bb6e7212f78d89deef09b236732a001e9f5c5001c1"",""quantization_stress_18q_l2:4dpu_t8"":""e56fd025e7fdf900c75302bb6e7212f78d89deef09b236732a001e9f5c5001c1""}"
257,9,2.243904133399317,1.0,7,0.5414741851996391,0.45232358896253566,0.006202225837825213,0.27073709259981954,0.27073709259981954,0.45232358896253566,0.006202225837825213,0.0,0.0,"{""edc_18q:1dpu_t8"":""cf23b184355b080f3bead1d9d754a3c2c295746793109413aedfff30da27b94e"",""edc_18q:4dpu_t8"":""cf23b184355b080f3bead1d9d754a3c2c295746793109413aedfff30da27b94e"",""ghz_chain_18q:1dpu_t8"":""9f9e62a16e205e4bd5eb1d1b8f62cade3177ef00fa9bd4dc15c899a41b00d3d0"",""ghz_chain_18q:4dpu_t8"":""9f9e62a16e205e4bd5eb1d1b8f62cade3177ef00fa9bd4dc15c899a41b00d3d0"",""hs_18q_d1:1dpu_t8"":""bf83ea123bc85b30f3c7f1f8a0de47c8366352fc37c099890eab75c8cba62cb8"",""hs_18q_d1:4dpu_t8"":""0f172b4535a71fb59dd5d4f406df828c33333cda1113d1c71db08b5d0e989d1e"",""quantization_stress_18q_l2:1dpu_t8"":""e56fd025e7fdf900c75302bb6e7212f78d89deef09b236732a001e9f5c5001c1"",""quantization_stress_18q_l2:4dpu_t8"":""e56fd025e7fdf900c75302bb6e7212f78d89deef09b236732a001e9f5c5001c1""}"
258,4,2.247330928673127,1.0,7,0.22063680206282787,0.7768451800394555,0.002518017897716659,0.11031840103141394,0.11031840103141394,0.7768451800394555,0.002518017897716659,0.0,0.0,"{""edc_18q:1dpu_t8"":""cf23b184355b080f3bead1d9d754a3c2c295746793109413aedfff30da27b94e"",""edc_18q:4dpu_t8"":""cf23b184355b080f3bead1d9d754a3c2c295746793109413aedfff30da27b94e"",""ghz_chain_18q:1dpu_t8"":""9f9e62a16e205e4bd5eb1d1b8f62cade3177ef00fa9bd4dc15c899a41b00d3d0"",""ghz_chain_18q:4dpu_t8"":""9f9e62a16e205e4bd5eb1d1b8f62cade3177ef00fa9bd4dc15c899a41b00d3d0"",""hs_18q_d1:1dpu_t8"":""bf83ea123bc85b30f3c7f1f8a0de47c8366352fc37c099890eab75c8cba62cb8"",""hs_18q_d1:4dpu_t8"":""0f172b4535a71fb59dd5d4f406df828c33333cda1113d1c71db08b5d0e989d1e"",""quantization_stress_18q_l2:1dpu_t8"":""9d1e1ae9a325d84cef97b0fd9beffa9d4b3d783f00a4e38f6fce3a17114d3abb"",""quantization_stress_18q_l2:4dpu_t8"":""9d1e1ae9a325d84cef97b0fd9beffa9d4b3d783f00a4e38f6fce3a17114d3abb""}"
259,9,2.242170918115538,1.0,7,0.5414741851996391,0.45232358896253566,0.006202225837825213,0.27073709259981954,0.27073709259981954,0.45232358896253566,0.006202225837825213,0.0,0.0,"{""edc_18q:1dpu_t8"":""cf23b184355b080f3bead1d9d754a3c2c295746793109413aedfff30da27b94e"",""edc_18q:4dpu_t8"":""cf23b184355b080f3bead1d9d754a3c2c295746793109413aedfff30da27b94e"",""ghz_chain_18q:1dpu_t8"":""9f9e62a16e205e4bd5eb1d1b8f62cade3177ef00fa9bd4dc15c899a41b00d3d0"",""ghz_chain_18q:4dpu_t8"":""9f9e62a16e205e4bd5eb1d1b8f62cade3177ef00fa9bd4dc15c899a41b00d3d0"",""hs_18q_d1:1dpu_t8"":""bf83ea123bc85b30f3c7f1f8a0de47c8366352fc37c099890eab75c8cba62cb8"",""hs_18q_d1:4dpu_t8"":""0f172b4535a71fb59dd5d4f406df828c33333cda1113d1c71db08b5d0e989d1e"",""quantization_stress_18q_l2:1dpu_t8"":""e56fd025e7fdf900c75302bb6e7212f78d89deef09b236732a001e9f5c5001c1"",""quantization_stress_18q_l2:4dpu_t8"":""e56fd025e7fdf900c75302bb6e7212f78d89deef09b236732a001e9f5c5001c1""}"
260,5,2.2387204807583485,1.0,6,0.024368166273412584,0.9754242110524387,0.00020762267414873057,0.012184083136706292,0.012184083136706292,0.9754242110524387,0.00020762267414873057,0.0,0.0,"{""edc_18q:1dpu_t8"":""cf23b184355b080f3bead1d9d754a3c2c295746793109413aedfff30da27b94e"",""edc_18q:4dpu_t8"":""cf23b184355b080f3bead1d9d754a3c2c295746793109413aedfff30da27b94e"",""ghz_chain_18q:1dpu_t8"":""9f9e62a16e205e4bd5eb1d1b8f62cade3177ef00fa9bd4dc15c899a41b00d3d0"",""ghz_chain_18q:4dpu_t8"":""9f9e62a16e205e4bd5eb1d1b8f62cade3177ef00fa9bd4dc15c899a41b00d3d0"",""hs_18q_d1:1dpu_t8"":""bf83ea123bc85b30f3c7f1f8a0de47c8366352fc37c099890eab75c8cba62cb8"",""hs_18q_d1:4dpu_t8"":""bf83ea123bc85b30f3c7f1f8a0de47c8366352fc37c099890eab75c8cba62cb8"",""quantization_stress_18q_l2:1dpu_t8"":""9d1e1ae9a325d84cef97b0fd9beffa9d4b3d783f00a4e38f6fce3a17114d3abb"",""quantization_stress_18q_l2:4dpu_t8"":""9d1e1ae9a325d84cef97b0fd9beffa9d4b3d783f00a4e38f6fce3a17114d3abb""}"
261,5,2.2441611187891657,1.0,6,0.024368166273412584,0.9754242110524387,0.00020762267414873057,0.012184083136706292,0.012184083136706292,0.9754242110524387,0.00020762267414873057,0.0,0.0,"{""edc_18q:1dpu_t8"":""cf23b184355b080f3bead1d9d754a3c2c295746793109413aedfff30da27b94e"",""edc_18q:4dpu_t8"":""cf23b184355b080f3bead1d9d754a3c2c295746793109413aedfff30da27b94e"",""ghz_chain_18q:1dpu_t8"":""9f9e62a16e205e4bd5eb1d1b8f62cade3177ef00fa9bd4dc15c899a41b00d3d0"",""ghz_chain_18q:4dpu_t8"":""9f9e62a16e205e4bd5eb1d1b8f62cade3177ef00fa9bd4dc15c899a41b00d3d0"",""hs_18q_d1:1dpu_t8"":""bf83ea123bc85b30f3c7f1f8a0de47c8366352fc37c099890eab75c8cba62cb8"",""hs_18q_d1:4dpu_t8"":""bf83ea123bc85b30f3c7f1f8a0de47c8366352fc37c099890eab75c8cba62cb8"",""quantization_stress_18q_l2:1dpu_t8"":""9d1e1ae9a325d84cef97b0fd9beffa9d4b3d783f00a4e38f6fce3a17114d3abb"",""quantization_stress_18q_l2:4dpu_t8"":""9d1e1ae9a325d84cef97b0fd9beffa9d4b3d783f00a4e38f6fce3a17114d3abb""}"
262,10,2.233097453886165,1.0,6,0.47630996810097936,0.518889877536195,0.004800154362825642,0.23815498405048968,0.23815498405048968,0.518889877536195,0.004800154362825642,0.0,0.0,"{""edc_18q:1dpu_t8"":""cf23b184355b080f3bead1d9d754a3c2c295746793109413aedfff30da27b94e"",""edc_18q:4dpu_t8"":""cf23b184355b080f3bead1d9d754a3c2c295746793109413aedfff30da27b94e"",""ghz_chain_18q:1dpu_t8"":""9f9e62a16e205e4bd5eb1d1b8f62cade3177ef00fa9bd4dc15c899a41b00d3d0"",""ghz_chain_18q:4dpu_t8"":""9f9e62a16e205e4bd5eb1d1b8f62cade3177ef00fa9bd4dc15c899a41b00d3d0"",""hs_18q_d1:1dpu_t8"":""bf83ea123bc85b30f3c7f1f8a0de47c8366352fc37c099890eab75c8cba62cb8"",""hs_18q_d1:4dpu_t8"":""bf83ea123bc85b30f3c7f1f8a0de47c8366352fc37c099890eab75c8cba62cb8"",""quantization_stress_18q_l2:1dpu_t8"":""e56fd025e7fdf900c75302bb6e7212f78d89deef09b236732a001e9f5c5001c1"",""quantization_stress_18q_l2:4dpu_t8"":""e56fd025e7fdf900c75302bb6e7212f78d89deef09b236732a001e9f5c5001c1""}"
263,9,2.2461354988292634,1.0,7,0.5414741851996391,0.45232358896253566,0.006202225837825213,0.27073709259981954,0.27073709259981954,0.45232358896253566,0.006202225837825213,0.0,0.0,"{""edc_18q:1dpu_t8"":""cf23b184355b080f3bead1d9d754a3c2c295746793109413aedfff30da27b94e"",""edc_18q:4dpu_t8"":""cf23b184355b080f3bead1d9d754a3c2c295746793109413aedfff30da27b94e"",""ghz_chain_18q:1dpu_t8"":""9f9e62a16e205e4bd5eb1d1b8f62cade3177ef00fa9bd4dc15c899a41b00d3d0"",""ghz_chain_18q:4dpu_t8"":""9f9e62a16e205e4bd5eb1d1b8f62cade3177ef00fa9bd4dc15c899a41b00d3d0"",""hs_18q_d1:1dpu_t8"":""bf83ea123bc85b30f3c7f1f8a0de47c8366352fc37c099890eab75c8cba62cb8"",""hs_18q_d1:4dpu_t8"":""0f172b4535a71fb59dd5d4f406df828c33333cda1113d1c71db08b5d0e989d1e"",""quantization_stress_18q_l2:1dpu_t8"":""e56fd025e7fdf900c75302bb6e7212f78d89deef09b236732a001e9f5c5001c1"",""quantization_stress_18q_l2:4dpu_t8"":""e56fd025e7fdf900c75302bb6e7212f78d89deef09b236732a001e9f5c5001c1""}"
264,10,2.2345579299211367,1.0,6,0.47630996810097936,0.518889877536195,0.004800154362825642,0.23815498405048968,0.23815498405048968,0.518889877536195,0.004800154362825642,0.0,0.0,"{""edc_18q:1dpu_t8"":""cf23b184355b080f3bead1d9d754a3c2c295746793109413aedfff30da27b94e"",""edc_18q:4dpu_t8"":""cf23b184355b080f3bead1d9d754a3c2c295746793109413aedfff30da27b94e"",""ghz_chain_18q:1dpu_t8"":""9f9e62a16e205e4bd5eb1d1b8f62cade3177ef00fa9bd4dc15c899a41b00d3d0"",""ghz_chain_18q:4dpu_t8"":""9f9e62a16e205e4bd5eb1d1b8f62cade3177ef00fa9bd4dc15c899a41b00d3d0"",""hs_18q_d1:1dpu_t8"":""bf83ea123bc85b30f3c7f1f8a0de47c8366352fc37c099890eab75c8cba62cb8"",""hs_18q_d1:4dpu_t8"":""bf83ea123bc85b30f3c7f1f8a0de47c8366352fc37c099890eab75c8cba62cb8"",""quantization_stress_18q_l2:1dpu_t8"":""e56fd025e7fdf900c75302bb6e7212f78d89deef09b236732a001e9f5c5001c1"",""quantization_stress_18q_l2:4dpu_t8"":""e56fd025e7fdf900c75302bb6e7212f78d89deef09b236732a001e9f5c5001c1""}"
265,5,2.2342520073427963,1.0,6,0.024368166273412584,0.9754242110524387,0.00020762267414873057,0.012184083136706292,0.012184083136706292,0.9754242110524387,0.00020762267414873057,0.0,0.0,"{""edc_18q:1dpu_t8"":""cf23b184355b080f3bead1d9d754a3c2c295746793109413aedfff30da27b94e"",""edc_18q:4dpu_t8"":""cf23b184355b080f3bead1d9d754a3c2c295746793109413aedfff30da27b94e"",""ghz_chain_18q:1dpu_t8"":""9f9e62a16e205e4bd5eb1d1b8f62cade3177ef00fa9bd4dc15c899a41b00d3d0"",""ghz_chain_18q:4dpu_t8"":""9f9e62a16e205e4bd5eb1d1b8f62cade3177ef00fa9bd4dc15c899a41b00d3d0"",""hs_18q_d1:1dpu_t8"":""bf83ea123bc85b30f3c7f1f8a0de47c8366352fc37c099890eab75c8cba62cb8"",""hs_18q_d1:4dpu_t8"":""bf83ea123bc85b30f3c7f1f8a0de47c8366352fc37c099890eab75c8cba62cb8"",""quantization_stress_18q_l2:1dpu_t8"":""9d1e1ae9a325d84cef97b0fd9beffa9d4b3d783f00a4e38f6fce3a17114d3abb"",""quantization_stress_18q_l2:4dpu_t8"":""9d1e1ae9a325d84cef97b0fd9beffa9d4b3d783f00a4e38f6fce3a17114d3abb""}"
266,4,2.233673516027477,1.0,7,0.22063680206282787,0.7768451800394555,0.002518017897716659,0.11031840103141394,0.11031840103141394,0.7768451800394555,0.002518017897716659,0.0,0.0,"{""edc_18q:1dpu_t8"":""cf23b184355b080f3bead1d9d754a3c2c295746793109413aedfff30da27b94e"",""edc_18q:4dpu_t8"":""cf23b184355b080f3bead1d9d754a3c2c295746793109413aedfff30da27b94e"",""ghz_chain_18q:1dpu_t8"":""9f9e62a16e205e4bd5eb1d1b8f62cade3177ef00fa9bd4dc15c899a41b00d3d0"",""ghz_chain_18q:4dpu_t8"":""9f9e62a16e205e4bd5eb1d1b8f62cade3177ef00fa9bd4dc15c899a41b00d3d0"",""hs_18q_d1:1dpu_t8"":""bf83ea123bc85b30f3c7f1f8a0de47c8366352fc37c099890eab75c8cba62cb8"",""hs_18q_d1:4dpu_t8"":""0f172b4535a71fb59dd5d4f406df828c33333cda1113d1c71db08b5d0e989d1e"",""quantization_stress_18q_l2:1dpu_t8"":""9d1e1ae9a325d84cef97b0fd9beffa9d4b3d783f00a4e38f6fce3a17114d3abb"",""quantization_stress_18q_l2:4dpu_t8"":""9d1e1ae9a325d84cef97b0fd9beffa9d4b3d783f00a4e38f6fce3a17114d3abb""}"
267,3,2.274180701494527,0.997529052435953,7,0.0,1.0,0.0,0.0,0.0,1.0,0.0,0.0,0.0,"{""edc_18q:1dpu_t8"":""cf23b184355b080f3bead1d9d754a3c2c295746793109413aedfff30da27b94e"",""edc_18q:4dpu_t8"":""cf23b184355b080f3bead1d9d754a3c2c295746793109413aedfff30da27b94e"",""ghz_chain_18q:1dpu_t8"":""9f9e62a16e205e4bd5eb1d1b8f62cade3177ef00fa9bd4dc15c899a41b00d3d0"",""ghz_chain_18q:4dpu_t8"":""9f9e62a16e205e4bd5eb1d1b8f62cade3177ef00fa9bd4dc15c899a41b00d3d0"",""hs_18q_d1:1dpu_t8"":""0f172b4535a71fb59dd5d4f406df828c33333cda1113d1c71db08b5d0e989d1e"",""hs_18q_d1:4dpu_t8"":""0f172b4535a71fb59dd5d4f406df828c33333cda1113d1c71db08b5d0e989d1e"",""quantization_stress_18q_l2:1dpu_t8"":""9d1e1ae9a325d84cef97b0fd9beffa9d4b3d783f00a4e38f6fce3a17114d3abb"",""quantization_stress_18q_l2:4dpu_t8"":""9d1e1ae9a325d84cef97b0fd9beffa9d4b3d783f00a4e38f6fce3a17114d3abb""}"
268,5,2.2275512161838136,1.0,6,0.024368166273412584,0.9754242110524387,0.00020762267414873057,0.012184083136706292,0.012184083136706292,0.9754242110524387,0.00020762267414873057,0.0,0.0,"{""edc_18q:1dpu_t8"":""cf23b184355b080f3bead1d9d754a3c2c295746793109413aedfff30da27b94e"",""edc_18q:4dpu_t8"":""cf23b184355b080f3bead1d9d754a3c2c295746793109413aedfff30da27b94e"",""ghz_chain_18q:1dpu_t8"":""9f9e62a16e205e4bd5eb1d1b8f62cade3177ef00fa9bd4dc15c899a41b00d3d0"",""ghz_chain_18q:4dpu_t8"":""9f9e62a16e205e4bd5eb1d1b8f62cade3177ef00fa9bd4dc15c899a41b00d3d0"",""hs_18q_d1:1dpu_t8"":""bf83ea123bc85b30f3c7f1f8a0de47c8366352fc37c099890eab75c8cba62cb8"",""hs_18q_d1:4dpu_t8"":""bf83ea123bc85b30f3c7f1f8a0de47c8366352fc37c099890eab75c8cba62cb8"",""quantization_stress_18q_l2:1dpu_t8"":""9d1e1ae9a325d84cef97b0fd9beffa9d4b3d783f00a4e38f6fce3a17114d3abb"",""quantization_stress_18q_l2:4dpu_t8"":""9d1e1ae9a325d84cef97b0fd9beffa9d4b3d783f00a4e38f6fce3a17114d3abb""}"
269,5,2.23780027222193,1.0,6,0.024368166273412584,0.9754242110524387,0.00020762267414873057,0.012184083136706292,0.012184083136706292,0.9754242110524387,0.00020762267414873057,0.0,0.0,"{""edc_18q:1dpu_t8"":""cf23b184355b080f3bead1d9d754a3c2c295746793109413aedfff30da27b94e"",""edc_18q:4dpu_t8"":""cf23b184355b080f3bead1d9d754a3c2c295746793109413aedfff30da27b94e"",""ghz_chain_18q:1dpu_t8"":""9f9e62a16e205e4bd5eb1d1b8f62cade3177ef00fa9bd4dc15c899a41b00d3d0"",""ghz_chain_18q:4dpu_t8"":""9f9e62a16e205e4bd5eb1d1b8f62cade3177ef00fa9bd4dc15c899a41b00d3d0"",""hs_18q_d1:1dpu_t8"":""bf83ea123bc85b30f3c7f1f8a0de47c8366352fc37c099890eab75c8cba62cb8"",""hs_18q_d1:4dpu_t8"":""bf83ea123bc85b30f3c7f1f8a0de47c8366352fc37c099890eab75c8cba62cb8"",""quantization_stress_18q_l2:1dpu_t8"":""9d1e1ae9a325d84cef97b0fd9beffa9d4b3d783f00a4e38f6fce3a17114d3abb"",""quantization_stress_18q_l2:4dpu_t8"":""9d1e1ae9a325d84cef97b0fd9beffa9d4b3d783f00a4e38f6fce3a17114d3abb""}"
270,10,2.2342679960676786,1.0,6,0.47630996810097936,0.518889877536195,0.004800154362825642,0.23815498405048968,0.23815498405048968,0.518889877536195,0.004800154362825642,0.0,0.0,"{""edc_18q:1dpu_t8"":""cf23b184355b080f3bead1d9d754a3c2c295746793109413aedfff30da27b94e"",""edc_18q:4dpu_t8"":""cf23b184355b080f3bead1d9d754a3c2c295746793109413aedfff30da27b94e"",""ghz_chain_18q:1dpu_t8"":""9f9e62a16e205e4bd5eb1d1b8f62cade3177ef00fa9bd4dc15c899a41b00d3d0"",""ghz_chain_18q:4dpu_t8"":""9f9e62a16e205e4bd5eb1d1b8f62cade3177ef00fa9bd4dc15c899a41b00d3d0"",""hs_18q_d1:1dpu_t8"":""bf83ea123bc85b30f3c7f1f8a0de47c8366352fc37c099890eab75c8cba62cb8"",""hs_18q_d1:4dpu_t8"":""bf83ea123bc85b30f3c7f1f8a0de47c8366352fc37c099890eab75c8cba62cb8"",""quantization_stress_18q_l2:1dpu_t8"":""e56fd025e7fdf900c75302bb6e7212f78d89deef09b236732a001e9f5c5001c1"",""quantization_stress_18q_l2:4dpu_t8"":""e56fd025e7fdf900c75302bb6e7212f78d89deef09b236732a001e9f5c5001c1""}"
271,10,2.2420637809033495,1.0,6,0.47630996810097936,0.518889877536195,0.004800154362825642,0.23815498405048968,0.23815498405048968,0.518889877536195,0.004800154362825642,0.0,0.0,"{""edc_18q:1dpu_t8"":""cf23b184355b080f3bead1d9d754a3c2c295746793109413aedfff30da27b94e"",""edc_18q:4dpu_t8"":""cf23b184355b080f3bead1d9d754a3c2c295746793109413aedfff30da27b94e"",""ghz_chain_18q:1dpu_t8"":""9f9e62a16e205e4bd5eb1d1b8f62cade3177ef00fa9bd4dc15c899a41b00d3d0"",""ghz_chain_18q:4dpu_t8"":""9f9e62a16e205e4bd5eb1d1b8f62cade3177ef00fa9bd4dc15c899a41b00d3d0"",""hs_18q_d1:1dpu_t8"":""bf83ea123bc85b30f3c7f1f8a0de47c8366352fc37c099890eab75c8cba62cb8"",""hs_18q_d1:4dpu_t8"":""bf83ea123bc85b30f3c7f1f8a0de47c8366352fc37c099890eab75c8cba62cb8"",""quantization_stress_18q_l2:1dpu_t8"":""e56fd025e7fdf900c75302bb6e7212f78d89deef09b236732a001e9f5c5001c1"",""quantization_stress_18q_l2:4dpu_t8"":""e56fd025e7fdf900c75302bb6e7212f78d89deef09b236732a001e9f5c5001c1""}"
272,4,2.258524641013276,1.0,7,0.22063680206282787,0.7768451800394555,0.002518017897716659,0.11031840103141394,0.11031840103141394,0.7768451800394555,0.002518017897716659,0.0,0.0,"{""edc_18q:1dpu_t8"":""cf23b184355b080f3bead1d9d754a3c2c295746793109413aedfff30da27b94e"",""edc_18q:4dpu_t8"":""cf23b184355b080f3bead1d9d754a3c2c295746793109413aedfff30da27b94e"",""ghz_chain_18q:1dpu_t8"":""9f9e62a16e205e4bd5eb1d1b8f62cade3177ef00fa9bd4dc15c899a41b00d3d0"",""ghz_chain_18q:4dpu_t8"":""9f9e62a16e205e4bd5eb1d1b8f62cade3177ef00fa9bd4dc15c899a41b00d3d0"",""hs_18q_d1:1dpu_t8"":""bf83ea123bc85b30f3c7f1f8a0de47c8366352fc37c099890eab75c8cba62cb8"",""hs_18q_d1:4dpu_t8"":""0f172b4535a71fb59dd5d4f406df828c33333cda1113d1c71db08b5d0e989d1e"",""quantization_stress_18q_l2:1dpu_t8"":""9d1e1ae9a325d84cef97b0fd9beffa9d4b3d783f00a4e38f6fce3a17114d3abb"",""quantization_stress_18q_l2:4dpu_t8"":""9d1e1ae9a325d84cef97b0fd9beffa9d4b3d783f00a4e38f6fce3a17114d3abb""}"
273,5,2.2248307901995847,1.0,6,0.024368166273412584,0.9754242110524387,0.00020762267414873057,0.012184083136706292,0.012184083136706292,0.9754242110524387,0.00020762267414873057,0.0,0.0,"{""edc_18q:1dpu_t8"":""cf23b184355b080f3bead1d9d754a3c2c295746793109413aedfff30da27b94e"",""edc_18q:4dpu_t8"":""cf23b184355b080f3bead1d9d754a3c2c295746793109413aedfff30da27b94e"",""ghz_chain_18q:1dpu_t8"":""9f9e62a16e205e4bd5eb1d1b8f62cade3177ef00fa9bd4dc15c899a41b00d3d0"",""ghz_chain_18q:4dpu_t8"":""9f9e62a16e205e4bd5eb1d1b8f62cade3177ef00fa9bd4dc15c899a41b00d3d0"",""hs_18q_d1:1dpu_t8"":""bf83ea123bc85b30f3c7f1f8a0de47c8366352fc37c099890eab75c8cba62cb8"",""hs_18q_d1:4dpu_t8"":""bf83ea123bc85b30f3c7f1f8a0de47c8366352fc37c099890eab75c8cba62cb8"",""quantization_stress_18q_l2:1dpu_t8"":""9d1e1ae9a325d84cef97b0fd9beffa9d4b3d783f00a4e38f6fce3a17114d3abb"",""quantization_stress_18q_l2:4dpu_t8"":""9d1e1ae9a325d84cef97b0fd9beffa9d4b3d783f00a4e38f6fce3a17114d3abb""}"
274,4,2.2640237052349574,1.0,7,0.22063680206282787,0.7768451800394555,0.002518017897716659,0.11031840103141394,0.11031840103141394,0.7768451800394555,0.002518017897716659,0.0,0.0,"{""edc_18q:1dpu_t8"":""cf23b184355b080f3bead1d9d754a3c2c295746793109413aedfff30da27b94e"",""edc_18q:4dpu_t8"":""cf23b184355b080f3bead1d9d754a3c2c295746793109413aedfff30da27b94e"",""ghz_chain_18q:1dpu_t8"":""9f9e62a16e205e4bd5eb1d1b8f62cade3177ef00fa9bd4dc15c899a41b00d3d0"",""ghz_chain_18q:4dpu_t8"":""9f9e62a16e205e4bd5eb1d1b8f62cade3177ef00fa9bd4dc15c899a41b00d3d0"",""hs_18q_d1:1dpu_t8"":""bf83ea123bc85b30f3c7f1f8a0de47c8366352fc37c099890eab75c8cba62cb8"",""hs_18q_d1:4dpu_t8"":""0f172b4535a71fb59dd5d4f406df828c33333cda1113d1c71db08b5d0e989d1e"",""quantization_stress_18q_l2:1dpu_t8"":""9d1e1ae9a325d84cef97b0fd9beffa9d4b3d783f00a4e38f6fce3a17114d3abb"",""quantization_stress_18q_l2:4dpu_t8"":""9d1e1ae9a325d84cef97b0fd9beffa9d4b3d783f00a4e38f6fce3a17114d3abb""}"
275,10,2.218615428912971,1.0,6,0.47630996810097936,0.518889877536195,0.004800154362825642,0.23815498405048968,0.23815498405048968,0.518889877536195,0.004800154362825642,0.0,0.0,"{""edc_18q:1dpu_t8"":""cf23b184355b080f3bead1d9d754a3c2c295746793109413aedfff30da27b94e"",""edc_18q:4dpu_t8"":""cf23b184355b080f3bead1d9d754a3c2c295746793109413aedfff30da27b94e"",""ghz_chain_18q:1dpu_t8"":""9f9e62a16e205e4bd5eb1d1b8f62cade3177ef00fa9bd4dc15c899a41b00d3d0"",""ghz_chain_18q:4dpu_t8"":""9f9e62a16e205e4bd5eb1d1b8f62cade3177ef00fa9bd4dc15c899a41b00d3d0"",""hs_18q_d1:1dpu_t8"":""bf83ea123bc85b30f3c7f1f8a0de47c8366352fc37c099890eab75c8cba62cb8"",""hs_18q_d1:4dpu_t8"":""bf83ea123bc85b30f3c7f1f8a0de47c8366352fc37c099890eab75c8cba62cb8"",""quantization_stress_18q_l2:1dpu_t8"":""e56fd025e7fdf900c75302bb6e7212f78d89deef09b236732a001e9f5c5001c1"",""quantization_stress_18q_l2:4dpu_t8"":""e56fd025e7fdf900c75302bb6e7212f78d89deef09b236732a001e9f5c5001c1""}"
276,5,2.223278159346546,1.0,6,0.024368166273412584,0.9754242110524387,0.00020762267414873057,0.012184083136706292,0.012184083136706292,0.9754242110524387,0.00020762267414873057,0.0,0.0,"{""edc_18q:1dpu_t8"":""cf23b184355b080f3bead1d9d754a3c2c295746793109413aedfff30da27b94e"",""edc_18q:4dpu_t8"":""cf23b184355b080f3bead1d9d754a3c2c295746793109413aedfff30da27b94e"",""ghz_chain_18q:1dpu_t8"":""9f9e62a16e205e4bd5eb1d1b8f62cade3177ef00fa9bd4dc15c899a41b00d3d0"",""ghz_chain_18q:4dpu_t8"":""9f9e62a16e205e4bd5eb1d1b8f62cade3177ef00fa9bd4dc15c899a41b00d3d0"",""hs_18q_d1:1dpu_t8"":""bf83ea123bc85b30f3c7f1f8a0de47c8366352fc37c099890eab75c8cba62cb8"",""hs_18q_d1:4dpu_t8"":""bf83ea123bc85b30f3c7f1f8a0de47c8366352fc37c099890eab75c8cba62cb8"",""quantization_stress_18q_l2:1dpu_t8"":""9d1e1ae9a325d84cef97b0fd9beffa9d4b3d783f00a4e38f6fce3a17114d3abb"",""quantization_stress_18q_l2:4dpu_t8"":""9d1e1ae9a325d84cef97b0fd9beffa9d4b3d783f00a4e38f6fce3a17114d3abb""}"
277,4,2.2535162332866507,1.0,7,0.22063680206282787,0.7768451800394555,0.002518017897716659,0.11031840103141394,0.11031840103141394,0.7768451800394555,0.002518017897716659,0.0,0.0,"{""edc_18q:1dpu_t8"":""cf23b184355b080f3bead1d9d754a3c2c295746793109413aedfff30da27b94e"",""edc_18q:4dpu_t8"":""cf23b184355b080f3bead1d9d754a3c2c295746793109413aedfff30da27b94e"",""ghz_chain_18q:1dpu_t8"":""9f9e62a16e205e4bd5eb1d1b8f62cade3177ef00fa9bd4dc15c899a41b00d3d0"",""ghz_chain_18q:4dpu_t8"":""9f9e62a16e205e4bd5eb1d1b8f62cade3177ef00fa9bd4dc15c899a41b00d3d0"",""hs_18q_d1:1dpu_t8"":""bf83ea123bc85b30f3c7f1f8a0de47c8366352fc37c099890eab75c8cba62cb8"",""hs_18q_d1:4dpu_t8"":""0f172b4535a71fb59dd5d4f406df828c33333cda1113d1c71db08b5d0e989d1e"",""quantization_stress_18q_l2:1dpu_t8"":""9d1e1ae9a325d84cef97b0fd9beffa9d4b3d783f00a4e38f6fce3a17114d3abb"",""quantization_stress_18q_l2:4dpu_t8"":""9d1e1ae9a325d84cef97b0fd9beffa9d4b3d783f00a4e38f6fce3a17114d3abb""}"
278,4,2.257208016088157,1.0,7,0.22063680206282787,0.7768451800394555,0.002518017897716659,0.11031840103141394,0.11031840103141394,0.7768451800394555,0.002518017897716659,0.0,0.0,"{""edc_18q:1dpu_t8"":""cf23b184355b080f3bead1d9d754a3c2c295746793109413aedfff30da27b94e"",""edc_18q:4dpu_t8"":""cf23b184355b080f3bead1d9d754a3c2c295746793109413aedfff30da27b94e"",""ghz_chain_18q:1dpu_t8"":""9f9e62a16e205e4bd5eb1d1b8f62cade3177ef00fa9bd4dc15c899a41b00d3d0"",""ghz_chain_18q:4dpu_t8"":""9f9e62a16e205e4bd5eb1d1b8f62cade3177ef00fa9bd4dc15c899a41b00d3d0"",""hs_18q_d1:1dpu_t8"":""bf83ea123bc85b30f3c7f1f8a0de47c8366352fc37c099890eab75c8cba62cb8"",""hs_18q_d1:4dpu_t8"":""0f172b4535a71fb59dd5d4f406df828c33333cda1113d1c71db08b5d0e989d1e"",""quantization_stress_18q_l2:1dpu_t8"":""9d1e1ae9a325d84cef97b0fd9beffa9d4b3d783f00a4e38f6fce3a17114d3abb"",""quantization_stress_18q_l2:4dpu_t8"":""9d1e1ae9a325d84cef97b0fd9beffa9d4b3d783f00a4e38f6fce3a17114d3abb""}"
279,9,2.2439834485486245,1.0,7,0.5414741851996391,0.45232358896253566,0.006202225837825213,0.27073709259981954,0.27073709259981954,0.45232358896253566,0.006202225837825213,0.0,0.0,"{""edc_18q:1dpu_t8"":""cf23b184355b080f3bead1d9d754a3c2c295746793109413aedfff30da27b94e"",""edc_18q:4dpu_t8"":""cf23b184355b080f3bead1d9d754a3c2c295746793109413aedfff30da27b94e"",""ghz_chain_18q:1dpu_t8"":""9f9e62a16e205e4bd5eb1d1b8f62cade3177ef00fa9bd4dc15c899a41b00d3d0"",""ghz_chain_18q:4dpu_t8"":""9f9e62a16e205e4bd5eb1d1b8f62cade3177ef00fa9bd4dc15c899a41b00d3d0"",""hs_18q_d1:1dpu_t8"":""bf83ea123bc85b30f3c7f1f8a0de47c8366352fc37c099890eab75c8cba62cb8"",""hs_18q_d1:4dpu_t8"":""0f172b4535a71fb59dd5d4f406df828c33333cda1113d1c71db08b5d0e989d1e"",""quantization_stress_18q_l2:1dpu_t8"":""e56fd025e7fdf900c75302bb6e7212f78d89deef09b236732a001e9f5c5001c1"",""quantization_stress_18q_l2:4dpu_t8"":""e56fd025e7fdf900c75302bb6e7212f78d89deef09b236732a001e9f5c5001c1""}"
280,9,2.2277390910563684,1.0,7,0.5414741851996391,0.45232358896253566,0.006202225837825213,0.27073709259981954,0.27073709259981954,0.45232358896253566,0.006202225837825213,0.0,0.0,"{""edc_18q:1dpu_t8"":""cf23b184355b080f3bead1d9d754a3c2c295746793109413aedfff30da27b94e"",""edc_18q:4dpu_t8"":""cf23b184355b080f3bead1d9d754a3c2c295746793109413aedfff30da27b94e"",""ghz_chain_18q:1dpu_t8"":""9f9e62a16e205e4bd5eb1d1b8f62cade3177ef00fa9bd4dc15c899a41b00d3d0"",""ghz_chain_18q:4dpu_t8"":""9f9e62a16e205e4bd5eb1d1b8f62cade3177ef00fa9bd4dc15c899a41b00d3d0"",""hs_18q_d1:1dpu_t8"":""bf83ea123bc85b30f3c7f1f8a0de47c8366352fc37c099890eab75c8cba62cb8"",""hs_18q_d1:4dpu_t8"":""0f172b4535a71fb59dd5d4f406df828c33333cda1113d1c71db08b5d0e989d1e"",""quantization_stress_18q_l2:1dpu_t8"":""e56fd025e7fdf900c75302bb6e7212f78d89deef09b236732a001e9f5c5001c1"",""quantization_stress_18q_l2:4dpu_t8"":""e56fd025e7fdf900c75302bb6e7212f78d89deef09b236732a001e9f5c5001c1""}"
281,4,2.2226416080093014,1.0,7,0.22063680206282787,0.7768451800394555,0.002518017897716659,0.11031840103141394,0.11031840103141394,0.7768451800394555,0.002518017897716659,0.0,0.0,"{""edc_18q:1dpu_t8"":""cf23b184355b080f3bead1d9d754a3c2c295746793109413aedfff30da27b94e"",""edc_18q:4dpu_t8"":""cf23b184355b080f3bead1d9d754a3c2c295746793109413aedfff30da27b94e"",""ghz_chain_18q:1dpu_t8"":""9f9e62a16e205e4bd5eb1d1b8f62cade3177ef00fa9bd4dc15c899a41b00d3d0"",""ghz_chain_18q:4dpu_t8"":""9f9e62a16e205e4bd5eb1d1b8f62cade3177ef00fa9bd4dc15c899a41b00d3d0"",""hs_18q_d1:1dpu_t8"":""bf83ea123bc85b30f3c7f1f8a0de47c8366352fc37c099890eab75c8cba62cb8"",""hs_18q_d1:4dpu_t8"":""0f172b4535a71fb59dd5d4f406df828c33333cda1113d1c71db08b5d0e989d1e"",""quantization_stress_18q_l2:1dpu_t8"":""9d1e1ae9a325d84cef97b0fd9beffa9d4b3d783f00a4e38f6fce3a17114d3abb"",""quantization_stress_18q_l2:4dpu_t8"":""9d1e1ae9a325d84cef97b0fd9beffa9d4b3d783f00a4e38f6fce3a17114d3abb""}"
282,8,2.287382209441161,1.0163179096347865,8,0.3715322706836804,0.40507521716230527,0.2233925121540143,0.1857661353418402,0.1857661353418402,0.40507521716230527,0.2233925121540143,0.0,0.0,"{""edc_18q:1dpu_t8"":""cf23b184355b080f3bead1d9d754a3c2c295746793109413aedfff30da27b94e"",""edc_18q:4dpu_t8"":""cf23b184355b080f3bead1d9d754a3c2c295746793109413aedfff30da27b94e"",""ghz_chain_18q:1dpu_t8"":""9f9e62a16e205e4bd5eb1d1b8f62cade3177ef00fa9bd4dc15c899a41b00d3d0"",""ghz_chain_18q:4dpu_t8"":""9f9e62a16e205e4bd5eb1d1b8f62cade3177ef00fa9bd4dc15c899a41b00d3d0"",""hs_18q_d1:1dpu_t8"":""0f172b4535a71fb59dd5d4f406df828c33333cda1113d1c71db08b5d0e989d1e"",""hs_18q_d1:4dpu_t8"":""0f172b4535a71fb59dd5d4f406df828c33333cda1113d1c71db08b5d0e989d1e"",""quantization_stress_18q_l2:1dpu_t8"":""e56fd025e7fdf900c75302bb6e7212f78d89deef09b236732a001e9f5c5001c1"",""quantization_stress_18q_l2:4dpu_t8"":""e56fd025e7fdf900c75302bb6e7212f78d89deef09b236732a001e9f5c5001c1""}"
283,5,2.2492884006081217,1.0,6,0.024368166273412584,0.9754242110524387,0.00020762267414873057,0.012184083136706292,0.012184083136706292,0.9754242110524387,0.00020762267414873057,0.0,0.0,"{""edc_18q:1dpu_t8"":""cf23b184355b080f3bead1d9d754a3c2c295746793109413aedfff30da27b94e"",""edc_18q:4dpu_t8"":""cf23b184355b080f3bead1d9d754a3c2c295746793109413aedfff30da27b94e"",""ghz_chain_18q:1dpu_t8"":""9f9e62a16e205e4bd5eb1d1b8f62cade3177ef00fa9bd4dc15c899a41b00d3d0"",""ghz_chain_18q:4dpu_t8"":""9f9e62a16e205e4bd5eb1d1b8f62cade3177ef00fa9bd4dc15c899a41b00d3d0"",""hs_18q_d1:1dpu_t8"":""bf83ea123bc85b30f3c7f1f8a0de47c8366352fc37c099890eab75c8cba62cb8"",""hs_18q_d1:4dpu_t8"":""bf83ea123bc85b30f3c7f1f8a0de47c8366352fc37c099890eab75c8cba62cb8"",""quantization_stress_18q_l2:1dpu_t8"":""9d1e1ae9a325d84cef97b0fd9beffa9d4b3d783f00a4e38f6fce3a17114d3abb"",""quantization_stress_18q_l2:4dpu_t8"":""9d1e1ae9a325d84cef97b0fd9beffa9d4b3d783f00a4e38f6fce3a17114d3abb""}"
284,3,2.2994801239268177,1.041845644222677,8,0.0,1.0,0.0,0.0,0.0,1.0,0.0,0.0,0.0,"{""edc_18q:1dpu_t8"":""cf23b184355b080f3bead1d9d754a3c2c295746793109413aedfff30da27b94e"",""edc_18q:4dpu_t8"":""cf23b184355b080f3bead1d9d754a3c2c295746793109413aedfff30da27b94e"",""ghz_chain_18q:1dpu_t8"":""9f9e62a16e205e4bd5eb1d1b8f62cade3177ef00fa9bd4dc15c899a41b00d3d0"",""ghz_chain_18q:4dpu_t8"":""9f9e62a16e205e4bd5eb1d1b8f62cade3177ef00fa9bd4dc15c899a41b00d3d0"",""hs_18q_d1:1dpu_t8"":""0f172b4535a71fb59dd5d4f406df828c33333cda1113d1c71db08b5d0e989d1e"",""hs_18q_d1:4dpu_t8"":""0f172b4535a71fb59dd5d4f406df828c33333cda1113d1c71db08b5d0e989d1e"",""quantization_stress_18q_l2:1dpu_t8"":""9d1e1ae9a325d84cef97b0fd9beffa9d4b3d783f00a4e38f6fce3a17114d3abb"",""quantization_stress_18q_l2:4dpu_t8"":""9d1e1ae9a325d84cef97b0fd9beffa9d4b3d783f00a4e38f6fce3a17114d3abb""}"
285,5,2.236257953647742,1.0,6,0.024368166273412584,0.9754242110524387,0.00020762267414873057,0.012184083136706292,0.012184083136706292,0.9754242110524387,0.00020762267414873057,0.0,0.0,"{""edc_18q:1dpu_t8"":""cf23b184355b080f3bead1d9d754a3c2c295746793109413aedfff30da27b94e"",""edc_18q:4dpu_t8"":""cf23b184355b080f3bead1d9d754a3c2c295746793109413aedfff30da27b94e"",""ghz_chain_18q:1dpu_t8"":""9f9e62a16e205e4bd5eb1d1b8f62cade3177ef00fa9bd4dc15c899a41b00d3d0"",""ghz_chain_18q:4dpu_t8"":""9f9e62a16e205e4bd5eb1d1b8f62cade3177ef00fa9bd4dc15c899a41b00d3d0"",""hs_18q_d1:1dpu_t8"":""bf83ea123bc85b30f3c7f1f8a0de47c8366352fc37c099890eab75c8cba62cb8"",""hs_18q_d1:4dpu_t8"":""bf83ea123bc85b30f3c7f1f8a0de47c8366352fc37c099890eab75c8cba62cb8"",""quantization_stress_18q_l2:1dpu_t8"":""9d1e1ae9a325d84cef97b0fd9beffa9d4b3d783f00a4e38f6fce3a17114d3abb"",""quantization_stress_18q_l2:4dpu_t8"":""9d1e1ae9a325d84cef97b0fd9beffa9d4b3d783f00a4e38f6fce3a17114d3abb""}"
286,4,2.2508784726280093,1.0,7,0.22063680206282787,0.7768451800394555,0.002518017897716659,0.11031840103141394,0.11031840103141394,0.7768451800394555,0.002518017897716659,0.0,0.0,"{""edc_18q:1dpu_t8"":""cf23b184355b080f3bead1d9d754a3c2c295746793109413aedfff30da27b94e"",""edc_18q:4dpu_t8"":""cf23b184355b080f3bead1d9d754a3c2c295746793109413aedfff30da27b94e"",""ghz_chain_18q:1dpu_t8"":""9f9e62a16e205e4bd5eb1d1b8f62cade3177ef00fa9bd4dc15c899a41b00d3d0"",""ghz_chain_18q:4dpu_t8"":""9f9e62a16e205e4bd5eb1d1b8f62cade3177ef00fa9bd4dc15c899a41b00d3d0"",""hs_18q_d1:1dpu_t8"":""bf83ea123bc85b30f3c7f1f8a0de47c8366352fc37c099890eab75c8cba62cb8"",""hs_18q_d1:4dpu_t8"":""0f172b4535a71fb59dd5d4f406df828c33333cda1113d1c71db08b5d0e989d1e"",""quantization_stress_18q_l2:1dpu_t8"":""9d1e1ae9a325d84cef97b0fd9beffa9d4b3d783f00a4e38f6fce3a17114d3abb"",""quantization_stress_18q_l2:4dpu_t8"":""9d1e1ae9a325d84cef97b0fd9beffa9d4b3d783f00a4e38f6fce3a17114d3abb""}"
287,8,2.289356084870325,1.041845644222677,8,0.3715322706836804,0.40507521716230527,0.2233925121540143,0.1857661353418402,0.1857661353418402,0.40507521716230527,0.2233925121540143,0.0,0.0,"{""edc_18q:1dpu_t8"":""cf23b184355b080f3bead1d9d754a3c2c295746793109413aedfff30da27b94e"",""edc_18q:4dpu_t8"":""cf23b184355b080f3bead1d9d754a3c2c295746793109413aedfff30da27b94e"",""ghz_chain_18q:1dpu_t8"":""9f9e62a16e205e4bd5eb1d1b8f62cade3177ef00fa9bd4dc15c899a41b00d3d0"",""ghz_chain_18q:4dpu_t8"":""9f9e62a16e205e4bd5eb1d1b8f62cade3177ef00fa9bd4dc15c899a41b00d3d0"",""hs_18q_d1:1dpu_t8"":""0f172b4535a71fb59dd5d4f406df828c33333cda1113d1c71db08b5d0e989d1e"",""hs_18q_d1:4dpu_t8"":""0f172b4535a71fb59dd5d4f406df828c33333cda1113d1c71db08b5d0e989d1e"",""quantization_stress_18q_l2:1dpu_t8"":""e56fd025e7fdf900c75302bb6e7212f78d89deef09b236732a001e9f5c5001c1"",""quantization_stress_18q_l2:4dpu_t8"":""e56fd025e7fdf900c75302bb6e7212f78d89deef09b236732a001e9f5c5001c1""}"
288,9,2.2301820613439656,1.0,7,0.5414741851996391,0.45232358896253566,0.006202225837825213,0.27073709259981954,0.27073709259981954,0.45232358896253566,0.006202225837825213,0.0,0.0,"{""edc_18q:1dpu_t8"":""cf23b184355b080f3bead1d9d754a3c2c295746793109413aedfff30da27b94e"",""edc_18q:4dpu_t8"":""cf23b184355b080f3bead1d9d754a3c2c295746793109413aedfff30da27b94e"",""ghz_chain_18q:1dpu_t8"":""9f9e62a16e205e4bd5eb1d1b8f62cade3177ef00fa9bd4dc15c899a41b00d3d0"",""ghz_chain_18q:4dpu_t8"":""9f9e62a16e205e4bd5eb1d1b8f62cade3177ef00fa9bd4dc15c899a41b00d3d0"",""hs_18q_d1:1dpu_t8"":""bf83ea123bc85b30f3c7f1f8a0de47c8366352fc37c099890eab75c8cba62cb8"",""hs_18q_d1:4dpu_t8"":""0f172b4535a71fb59dd5d4f406df828c33333cda1113d1c71db08b5d0e989d1e"",""quantization_stress_18q_l2:1dpu_t8"":""e56fd025e7fdf900c75302bb6e7212f78d89deef09b236732a001e9f5c5001c1"",""quantization_stress_18q_l2:4dpu_t8"":""e56fd025e7fdf900c75302bb6e7212f78d89deef09b236732a001e9f5c5001c1""}"
289,5,2.2448192554037063,1.0,6,0.024368166273412584,0.9754242110524387,0.00020762267414873057,0.012184083136706292,0.012184083136706292,0.9754242110524387,0.00020762267414873057,0.0,0.0,"{""edc_18q:1dpu_t8"":""cf23b184355b080f3bead1d9d754a3c2c295746793109413aedfff30da27b94e"",""edc_18q:4dpu_t8"":""cf23b184355b080f3bead1d9d754a3c2c295746793109413aedfff30da27b94e"",""ghz_chain_18q:1dpu_t8"":""9f9e62a16e205e4bd5eb1d1b8f62cade3177ef00fa9bd4dc15c899a41b00d3d0"",""ghz_chain_18q:4dpu_t8"":""9f9e62a16e205e4bd5eb1d1b8f62cade3177ef00fa9bd4dc15c899a41b00d3d0"",""hs_18q_d1:1dpu_t8"":""bf83ea123bc85b30f3c7f1f8a0de47c8366352fc37c099890eab75c8cba62cb8"",""hs_18q_d1:4dpu_t8"":""bf83ea123bc85b30f3c7f1f8a0de47c8366352fc37c099890eab75c8cba62cb8"",""quantization_stress_18q_l2:1dpu_t8"":""9d1e1ae9a325d84cef97b0fd9beffa9d4b3d783f00a4e38f6fce3a17114d3abb"",""quantization_stress_18q_l2:4dpu_t8"":""9d1e1ae9a325d84cef97b0fd9beffa9d4b3d783f00a4e38f6fce3a17114d3abb""}"
290,3,2.289692167321976,0.997529052435953,7,0.0,1.0,0.0,0.0,0.0,1.0,0.0,0.0,0.0,"{""edc_18q:1dpu_t8"":""cf23b184355b080f3bead1d9d754a3c2c295746793109413aedfff30da27b94e"",""edc_18q:4dpu_t8"":""cf23b184355b080f3bead1d9d754a3c2c295746793109413aedfff30da27b94e"",""ghz_chain_18q:1dpu_t8"":""9f9e62a16e205e4bd5eb1d1b8f62cade3177ef00fa9bd4dc15c899a41b00d3d0"",""ghz_chain_18q:4dpu_t8"":""9f9e62a16e205e4bd5eb1d1b8f62cade3177ef00fa9bd4dc15c899a41b00d3d0"",""hs_18q_d1:1dpu_t8"":""0f172b4535a71fb59dd5d4f406df828c33333cda1113d1c71db08b5d0e989d1e"",""hs_18q_d1:4dpu_t8"":""0f172b4535a71fb59dd5d4f406df828c33333cda1113d1c71db08b5d0e989d1e"",""quantization_stress_18q_l2:1dpu_t8"":""9d1e1ae9a325d84cef97b0fd9beffa9d4b3d783f00a4e38f6fce3a17114d3abb"",""quantization_stress_18q_l2:4dpu_t8"":""9d1e1ae9a325d84cef97b0fd9beffa9d4b3d783f00a4e38f6fce3a17114d3abb""}"
291,10,2.2231889020837783,1.0,6,0.47630996810097936,0.518889877536195,0.004800154362825642,0.23815498405048968,0.23815498405048968,0.518889877536195,0.004800154362825642,0.0,0.0,"{""edc_18q:1dpu_t8"":""cf23b184355b080f3bead1d9d754a3c2c295746793109413aedfff30da27b94e"",""edc_18q:4dpu_t8"":""cf23b184355b080f3bead1d9d754a3c2c295746793109413aedfff30da27b94e"",""ghz_chain_18q:1dpu_t8"":""9f9e62a16e205e4bd5eb1d1b8f62cade3177ef00fa9bd4dc15c899a41b00d3d0"",""ghz_chain_18q:4dpu_t8"":""9f9e62a16e205e4bd5eb1d1b8f62cade3177ef00fa9bd4dc15c899a41b00d3d0"",""hs_18q_d1:1dpu_t8"":""bf83ea123bc85b30f3c7f1f8a0de47c8366352fc37c099890eab75c8cba62cb8"",""hs_18q_d1:4dpu_t8"":""bf83ea123bc85b30f3c7f1f8a0de47c8366352fc37c099890eab75c8cba62cb8"",""quantization_stress_18q_l2:1dpu_t8"":""e56fd025e7fdf900c75302bb6e7212f78d89deef09b236732a001e9f5c5001c1"",""quantization_stress_18q_l2:4dpu_t8"":""e56fd025e7fdf900c75302bb6e7212f78d89deef09b236732a001e9f5c5001c1""}"
292,5,2.237239292562005,1.0,6,0.024368166273412584,0.9754242110524387,0.00020762267414873057,0.012184083136706292,0.012184083136706292,0.9754242110524387,0.00020762267414873057,0.0,0.0,"{""edc_18q:1dpu_t8"":""cf23b184355b080f3bead1d9d754a3c2c295746793109413aedfff30da27b94e"",""edc_18q:4dpu_t8"":""cf23b184355b080f3bead1d9d754a3c2c295746793109413aedfff30da27b94e"",""ghz_chain_18q:1dpu_t8"":""9f9e62a16e205e4bd5eb1d1b8f62cade3177ef00fa9bd4dc15c899a41b00d3d0"",""ghz_chain_18q:4dpu_t8"":""9f9e62a16e205e4bd5eb1d1b8f62cade3177ef00fa9bd4dc15c899a41b00d3d0"",""hs_18q_d1:1dpu_t8"":""bf83ea123bc85b30f3c7f1f8a0de47c8366352fc37c099890eab75c8cba62cb8"",""hs_18q_d1:4dpu_t8"":""bf83ea123bc85b30f3c7f1f8a0de47c8366352fc37c099890eab75c8cba62cb8"",""quantization_stress_18q_l2:1dpu_t8"":""9d1e1ae9a325d84cef97b0fd9beffa9d4b3d783f00a4e38f6fce3a17114d3abb"",""quantization_stress_18q_l2:4dpu_t8"":""9d1e1ae9a325d84cef97b0fd9beffa9d4b3d783f00a4e38f6fce3a17114d3abb""}"
293,10,2.225357262360358,1.0,6,0.47630996810097936,0.518889877536195,0.004800154362825642,0.23815498405048968,0.23815498405048968,0.518889877536195,0.004800154362825642,0.0,0.0,"{""edc_18q:1dpu_t8"":""cf23b184355b080f3bead1d9d754a3c2c295746793109413aedfff30da27b94e"",""edc_18q:4dpu_t8"":""cf23b184355b080f3bead1d9d754a3c2c295746793109413aedfff30da27b94e"",""ghz_chain_18q:1dpu_t8"":""9f9e62a16e205e4bd5eb1d1b8f62cade3177ef00fa9bd4dc15c899a41b00d3d0"",""ghz_chain_18q:4dpu_t8"":""9f9e62a16e205e4bd5eb1d1b8f62cade3177ef00fa9bd4dc15c899a41b00d3d0"",""hs_18q_d1:1dpu_t8"":""bf83ea123bc85b30f3c7f1f8a0de47c8366352fc37c099890eab75c8cba62cb8"",""hs_18q_d1:4dpu_t8"":""bf83ea123bc85b30f3c7f1f8a0de47c8366352fc37c099890eab75c8cba62cb8"",""quantization_stress_18q_l2:1dpu_t8"":""e56fd025e7fdf900c75302bb6e7212f78d89deef09b236732a001e9f5c5001c1"",""quantization_stress_18q_l2:4dpu_t8"":""e56fd025e7fdf900c75302bb6e7212f78d89deef09b236732a001e9f5c5001c1""}"
294,5,2.2424807792396146,1.0,6,0.024368166273412584,0.9754242110524387,0.00020762267414873057,0.012184083136706292,0.012184083136706292,0.9754242110524387,0.00020762267414873057,0.0,0.0,"{""edc_18q:1dpu_t8"":""cf23b184355b080f3bead1d9d754a3c2c295746793109413aedfff30da27b94e"",""edc_18q:4dpu_t8"":""cf23b184355b080f3bead1d9d754a3c2c295746793109413aedfff30da27b94e"",""ghz_chain_18q:1dpu_t8"":""9f9e62a16e205e4bd5eb1d1b8f62cade3177ef00fa9bd4dc15c899a41b00d3d0"",""ghz_chain_18q:4dpu_t8"":""9f9e62a16e205e4bd5eb1d1b8f62cade3177ef00fa9bd4dc15c899a41b00d3d0"",""hs_18q_d1:1dpu_t8"":""bf83ea123bc85b30f3c7f1f8a0de47c8366352fc37c099890eab75c8cba62cb8"",""hs_18q_d1:4dpu_t8"":""bf83ea123bc85b30f3c7f1f8a0de47c8366352fc37c099890eab75c8cba62cb8"",""quantization_stress_18q_l2:1dpu_t8"":""9d1e1ae9a325d84cef97b0fd9beffa9d4b3d783f00a4e38f6fce3a17114d3abb"",""quantization_stress_18q_l2:4dpu_t8"":""9d1e1ae9a325d84cef97b0fd9beffa9d4b3d783f00a4e38f6fce3a17114d3abb""}"
295,5,2.2294066826656316,1.0,6,0.024368166273412584,0.9754242110524387,0.00020762267414873057,0.012184083136706292,0.012184083136706292,0.9754242110524387,0.00020762267414873057,0.0,0.0,"{""edc_18q:1dpu_t8"":""cf23b184355b080f3bead1d9d754a3c2c295746793109413aedfff30da27b94e"",""edc_18q:4dpu_t8"":""cf23b184355b080f3bead1d9d754a3c2c295746793109413aedfff30da27b94e"",""ghz_chain_18q:1dpu_t8"":""9f9e62a16e205e4bd5eb1d1b8f62cade3177ef00fa9bd4dc15c899a41b00d3d0"",""ghz_chain_18q:4dpu_t8"":""9f9e62a16e205e4bd5eb1d1b8f62cade3177ef00fa9bd4dc15c899a41b00d3d0"",""hs_18q_d1:1dpu_t8"":""bf83ea123bc85b30f3c7f1f8a0de47c8366352fc37c099890eab75c8cba62cb8"",""hs_18q_d1:4dpu_t8"":""bf83ea123bc85b30f3c7f1f8a0de47c8366352fc37c099890eab75c8cba62cb8"",""quantization_stress_18q_l2:1dpu_t8"":""9d1e1ae9a325d84cef97b0fd9beffa9d4b3d783f00a4e38f6fce3a17114d3abb"",""quantization_stress_18q_l2:4dpu_t8"":""9d1e1ae9a325d84cef97b0fd9beffa9d4b3d783f00a4e38f6fce3a17114d3abb""}"
296,5,2.2567311471581757,1.0,6,0.024368166273412584,0.9754242110524387,0.00020762267414873057,0.012184083136706292,0.012184083136706292,0.9754242110524387,0.00020762267414873057,0.0,0.0,"{""edc_18q:1dpu_t8"":""cf23b184355b080f3bead1d9d754a3c2c295746793109413aedfff30da27b94e"",""edc_18q:4dpu_t8"":""cf23b184355b080f3bead1d9d754a3c2c295746793109413aedfff30da27b94e"",""ghz_chain_18q:1dpu_t8"":""9f9e62a16e205e4bd5eb1d1b8f62cade3177ef00fa9bd4dc15c899a41b00d3d0"",""ghz_chain_18q:4dpu_t8"":""9f9e62a16e205e4bd5eb1d1b8f62cade3177ef00fa9bd4dc15c899a41b00d3d0"",""hs_18q_d1:1dpu_t8"":""bf83ea123bc85b30f3c7f1f8a0de47c8366352fc37c099890eab75c8cba62cb8"",""hs_18q_d1:4dpu_t8"":""bf83ea123bc85b30f3c7f1f8a0de47c8366352fc37c099890eab75c8cba62cb8"",""quantization_stress_18q_l2:1dpu_t8"":""9d1e1ae9a325d84cef97b0fd9beffa9d4b3d783f00a4e38f6fce3a17114d3abb"",""quantization_stress_18q_l2:4dpu_t8"":""9d1e1ae9a325d84cef97b0fd9beffa9d4b3d783f00a4e38f6fce3a17114d3abb""}"
297,5,2.2406455912794967,1.0,6,0.024368166273412584,0.9754242110524387,0.00020762267414873057,0.012184083136706292,0.012184083136706292,0.9754242110524387,0.00020762267414873057,0.0,0.0,"{""edc_18q:1dpu_t8"":""cf23b184355b080f3bead1d9d754a3c2c295746793109413aedfff30da27b94e"",""edc_18q:4dpu_t8"":""cf23b184355b080f3bead1d9d754a3c2c295746793109413aedfff30da27b94e"",""ghz_chain_18q:1dpu_t8"":""9f9e62a16e205e4bd5eb1d1b8f62cade3177ef00fa9bd4dc15c899a41b00d3d0"",""ghz_chain_18q:4dpu_t8"":""9f9e62a16e205e4bd5eb1d1b8f62cade3177ef00fa9bd4dc15c899a41b00d3d0"",""hs_18q_d1:1dpu_t8"":""bf83ea123bc85b30f3c7f1f8a0de47c8366352fc37c099890eab75c8cba62cb8"",""hs_18q_d1:4dpu_t8"":""bf83ea123bc85b30f3c7f1f8a0de47c8366352fc37c099890eab75c8cba62cb8"",""quantization_stress_18q_l2:1dpu_t8"":""9d1e1ae9a325d84cef97b0fd9beffa9d4b3d783f00a4e38f6fce3a17114d3abb"",""quantization_stress_18q_l2:4dpu_t8"":""9d1e1ae9a325d84cef97b0fd9beffa9d4b3d783f00a4e38f6fce3a17114d3abb""}"
298,5,2.2230640538515383,1.0,6,0.024368166273412584,0.9754242110524387,0.00020762267414873057,0.012184083136706292,0.012184083136706292,0.9754242110524387,0.00020762267414873057,0.0,0.0,"{""edc_18q:1dpu_t8"":""cf23b184355b080f3bead1d9d754a3c2c295746793109413aedfff30da27b94e"",""edc_18q:4dpu_t8"":""cf23b184355b080f3bead1d9d754a3c2c295746793109413aedfff30da27b94e"",""ghz_chain_18q:1dpu_t8"":""9f9e62a16e205e4bd5eb1d1b8f62cade3177ef00fa9bd4dc15c899a41b00d3d0"",""ghz_chain_18q:4dpu_t8"":""9f9e62a16e205e4bd5eb1d1b8f62cade3177ef00fa9bd4dc15c899a41b00d3d0"",""hs_18q_d1:1dpu_t8"":""bf83ea123bc85b30f3c7f1f8a0de47c8366352fc37c099890eab75c8cba62cb8"",""hs_18q_d1:4dpu_t8"":""bf83ea123bc85b30f3c7f1f8a0de47c8366352fc37c099890eab75c8cba62cb8"",""quantization_stress_18q_l2:1dpu_t8"":""9d1e1ae9a325d84cef97b0fd9beffa9d4b3d783f00a4e38f6fce3a17114d3abb"",""quantization_stress_18q_l2:4dpu_t8"":""9d1e1ae9a325d84cef97b0fd9beffa9d4b3d783f00a4e38f6fce3a17114d3abb""}"
299,10,2.221707992161076,1.0,6,0.47630996810097936,0.518889877536195,0.004800154362825642,0.23815498405048968,0.23815498405048968,0.518889877536195,0.004800154362825642,0.0,0.0,"{""edc_18q:1dpu_t8"":""cf23b184355b080f3bead1d9d754a3c2c295746793109413aedfff30da27b94e"",""edc_18q:4dpu_t8"":""cf23b184355b080f3bead1d9d754a3c2c295746793109413aedfff30da27b94e"",""ghz_chain_18q:1dpu_t8"":""9f9e62a16e205e4bd5eb1d1b8f62cade3177ef00fa9bd4dc15c899a41b00d3d0"",""ghz_chain_18q:4dpu_t8"":""9f9e62a16e205e4bd5eb1d1b8f62cade3177ef00fa9bd4dc15c899a41b00d3d0"",""hs_18q_d1:1dpu_t8"":""bf83ea123bc85b30f3c7f1f8a0de47c8366352fc37c099890eab75c8cba62cb8"",""hs_18q_d1:4dpu_t8"":""bf83ea123bc85b30f3c7f1f8a0de47c8366352fc37c099890eab75c8cba62cb8"",""quantization_stress_18q_l2:1dpu_t8"":""e56fd025e7fdf900c75302bb6e7212f78d89deef09b236732a001e9f5c5001c1"",""quantization_stress_18q_l2:4dpu_t8"":""e56fd025e7fdf900c75302bb6e7212f78d89deef09b236732a001e9f5c5001c1""}"
300,5,2.2461011563937543,1.0,6,0.024368166273412584,0.9754242110524387,0.00020762267414873057,0.012184083136706292,0.012184083136706292,0.9754242110524387,0.00020762267414873057,0.0,0.0,"{""edc_18q:1dpu_t8"":""cf23b184355b080f3bead1d9d754a3c2c295746793109413aedfff30da27b94e"",""edc_18q:4dpu_t8"":""cf23b184355b080f3bead1d9d754a3c2c295746793109413aedfff30da27b94e"",""ghz_chain_18q:1dpu_t8"":""9f9e62a16e205e4bd5eb1d1b8f62cade3177ef00fa9bd4dc15c899a41b00d3d0"",""ghz_chain_18q:4dpu_t8"":""9f9e62a16e205e4bd5eb1d1b8f62cade3177ef00fa9bd4dc15c899a41b00d3d0"",""hs_18q_d1:1dpu_t8"":""bf83ea123bc85b30f3c7f1f8a0de47c8366352fc37c099890eab75c8cba62cb8"",""hs_18q_d1:4dpu_t8"":""bf83ea123bc85b30f3c7f1f8a0de47c8366352fc37c099890eab75c8cba62cb8"",""quantization_stress_18q_l2:1dpu_t8"":""9d1e1ae9a325d84cef97b0fd9beffa9d4b3d783f00a4e38f6fce3a17114d3abb"",""quantization_stress_18q_l2:4dpu_t8"":""9d1e1ae9a325d84cef97b0fd9beffa9d4b3d783f00a4e38f6fce3a17114d3abb""}"
301,4,2.247689751275402,1.0,7,0.22063680206282787,0.7768451800394555,0.002518017897716659,0.11031840103141394,0.11031840103141394,0.7768451800394555,0.002518017897716659,0.0,0.0,"{""edc_18q:1dpu_t8"":""cf23b184355b080f3bead1d9d754a3c2c295746793109413aedfff30da27b94e"",""edc_18q:4dpu_t8"":""cf23b184355b080f3bead1d9d754a3c2c295746793109413aedfff30da27b94e"",""ghz_chain_18q:1dpu_t8"":""9f9e62a16e205e4bd5eb1d1b8f62cade3177ef00fa9bd4dc15c899a41b00d3d0"",""ghz_chain_18q:4dpu_t8"":""9f9e62a16e205e4bd5eb1d1b8f62cade3177ef00fa9bd4dc15c899a41b00d3d0"",""hs_18q_d1:1dpu_t8"":""bf83ea123bc85b30f3c7f1f8a0de47c8366352fc37c099890eab75c8cba62cb8"",""hs_18q_d1:4dpu_t8"":""0f172b4535a71fb59dd5d4f406df828c33333cda1113d1c71db08b5d0e989d1e"",""quantization_stress_18q_l2:1dpu_t8"":""9d1e1ae9a325d84cef97b0fd9beffa9d4b3d783f00a4e38f6fce3a17114d3abb"",""quantization_stress_18q_l2:4dpu_t8"":""9d1e1ae9a325d84cef97b0fd9beffa9d4b3d783f00a4e38f6fce3a17114d3abb""}"
302,5,2.227837105820732,1.0,6,0.024368166273412584,0.9754242110524387,0.00020762267414873057,0.012184083136706292,0.012184083136706292,0.9754242110524387,0.00020762267414873057,0.0,0.0,"{""edc_18q:1dpu_t8"":""cf23b184355b080f3bead1d9d754a3c2c295746793109413aedfff30da27b94e"",""edc_18q:4dpu_t8"":""cf23b184355b080f3bead1d9d754a3c2c295746793109413aedfff30da27b94e"",""ghz_chain_18q:1dpu_t8"":""9f9e62a16e205e4bd5eb1d1b8f62cade3177ef00fa9bd4dc15c899a41b00d3d0"",""ghz_chain_18q:4dpu_t8"":""9f9e62a16e205e4bd5eb1d1b8f62cade3177ef00fa9bd4dc15c899a41b00d3d0"",""hs_18q_d1:1dpu_t8"":""bf83ea123bc85b30f3c7f1f8a0de47c8366352fc37c099890eab75c8cba62cb8"",""hs_18q_d1:4dpu_t8"":""bf83ea123bc85b30f3c7f1f8a0de47c8366352fc37c099890eab75c8cba62cb8"",""quantization_stress_18q_l2:1dpu_t8"":""9d1e1ae9a325d84cef97b0fd9beffa9d4b3d783f00a4e38f6fce3a17114d3abb"",""quantization_stress_18q_l2:4dpu_t8"":""9d1e1ae9a325d84cef97b0fd9beffa9d4b3d783f00a4e38f6fce3a17114d3abb""}"
303,4,2.2462532246911677,1.0,7,0.22063680206282787,0.7768451800394555,0.002518017897716659,0.11031840103141394,0.11031840103141394,0.7768451800394555,0.002518017897716659,0.0,0.0,"{""edc_18q:1dpu_t8"":""cf23b184355b080f3bead1d9d754a3c2c295746793109413aedfff30da27b94e"",""edc_18q:4dpu_t8"":""cf23b184355b080f3bead1d9d754a3c2c295746793109413aedfff30da27b94e"",""ghz_chain_18q:1dpu_t8"":""9f9e62a16e205e4bd5eb1d1b8f62cade3177ef00fa9bd4dc15c899a41b00d3d0"",""ghz_chain_18q:4dpu_t8"":""9f9e62a16e205e4bd5eb1d1b8f62cade3177ef00fa9bd4dc15c899a41b00d3d0"",""hs_18q_d1:1dpu_t8"":""bf83ea123bc85b30f3c7f1f8a0de47c8366352fc37c099890eab75c8cba62cb8"",""hs_18q_d1:4dpu_t8"":""0f172b4535a71fb59dd5d4f406df828c33333cda1113d1c71db08b5d0e989d1e"",""quantization_stress_18q_l2:1dpu_t8"":""9d1e1ae9a325d84cef97b0fd9beffa9d4b3d783f00a4e38f6fce3a17114d3abb"",""quantization_stress_18q_l2:4dpu_t8"":""9d1e1ae9a325d84cef97b0fd9beffa9d4b3d783f00a4e38f6fce3a17114d3abb""}"
304,5,2.220976534905626,1.0,6,0.024368166273412584,0.9754242110524387,0.00020762267414873057,0.012184083136706292,0.012184083136706292,0.9754242110524387,0.00020762267414873057,0.0,0.0,"{""edc_18q:1dpu_t8"":""cf23b184355b080f3bead1d9d754a3c2c295746793109413aedfff30da27b94e"",""edc_18q:4dpu_t8"":""cf23b184355b080f3bead1d9d754a3c2c295746793109413aedfff30da27b94e"",""ghz_chain_18q:1dpu_t8"":""9f9e62a16e205e4bd5eb1d1b8f62cade3177ef00fa9bd4dc15c899a41b00d3d0"",""ghz_chain_18q:4dpu_t8"":""9f9e62a16e205e4bd5eb1d1b8f62cade3177ef00fa9bd4dc15c899a41b00d3d0"",""hs_18q_d1:1dpu_t8"":""bf83ea123bc85b30f3c7f1f8a0de47c8366352fc37c099890eab75c8cba62cb8"",""hs_18q_d1:4dpu_t8"":""bf83ea123bc85b30f3c7f1f8a0de47c8366352fc37c099890eab75c8cba62cb8"",""quantization_stress_18q_l2:1dpu_t8"":""9d1e1ae9a325d84cef97b0fd9beffa9d4b3d783f00a4e38f6fce3a17114d3abb"",""quantization_stress_18q_l2:4dpu_t8"":""9d1e1ae9a325d84cef97b0fd9beffa9d4b3d783f00a4e38f6fce3a17114d3abb""}"
305,4,2.2420111135675556,1.0,7,0.22063680206282787,0.7768451800394555,0.002518017897716659,0.11031840103141394,0.11031840103141394,0.7768451800394555,0.002518017897716659,0.0,0.0,"{""edc_18q:1dpu_t8"":""cf23b184355b080f3bead1d9d754a3c2c295746793109413aedfff30da27b94e"",""edc_18q:4dpu_t8"":""cf23b184355b080f3bead1d9d754a3c2c295746793109413aedfff30da27b94e"",""ghz_chain_18q:1dpu_t8"":""9f9e62a16e205e4bd5eb1d1b8f62cade3177ef00fa9bd4dc15c899a41b00d3d0"",""ghz_chain_18q:4dpu_t8"":""9f9e62a16e205e4bd5eb1d1b8f62cade3177ef00fa9bd4dc15c899a41b00d3d0"",""hs_18q_d1:1dpu_t8"":""bf83ea123bc85b30f3c7f1f8a0de47c8366352fc37c099890eab75c8cba62cb8"",""hs_18q_d1:4dpu_t8"":""0f172b4535a71fb59dd5d4f406df828c33333cda1113d1c71db08b5d0e989d1e"",""quantization_stress_18q_l2:1dpu_t8"":""9d1e1ae9a325d84cef97b0fd9beffa9d4b3d783f00a4e38f6fce3a17114d3abb"",""quantization_stress_18q_l2:4dpu_t8"":""9d1e1ae9a325d84cef97b0fd9beffa9d4b3d783f00a4e38f6fce3a17114d3abb""}"
306,10,2.232284763353945,1.0,6,0.47630996810097936,0.518889877536195,0.004800154362825642,0.23815498405048968,0.23815498405048968,0.518889877536195,0.004800154362825642,0.0,0.0,"{""edc_18q:1dpu_t8"":""cf23b184355b080f3bead1d9d754a3c2c295746793109413aedfff30da27b94e"",""edc_18q:4dpu_t8"":""cf23b184355b080f3bead1d9d754a3c2c295746793109413aedfff30da27b94e"",""ghz_chain_18q:1dpu_t8"":""9f9e62a16e205e4bd5eb1d1b8f62cade3177ef00fa9bd4dc15c899a41b00d3d0"",""ghz_chain_18q:4dpu_t8"":""9f9e62a16e205e4bd5eb1d1b8f62cade3177ef00fa9bd4dc15c899a41b00d3d0"",""hs_18q_d1:1dpu_t8"":""bf83ea123bc85b30f3c7f1f8a0de47c8366352fc37c099890eab75c8cba62cb8"",""hs_18q_d1:4dpu_t8"":""bf83ea123bc85b30f3c7f1f8a0de47c8366352fc37c099890eab75c8cba62cb8"",""quantization_stress_18q_l2:1dpu_t8"":""e56fd025e7fdf900c75302bb6e7212f78d89deef09b236732a001e9f5c5001c1"",""quantization_stress_18q_l2:4dpu_t8"":""e56fd025e7fdf900c75302bb6e7212f78d89deef09b236732a001e9f5c5001c1""}"
307,5,2.212557242888638,1.0,6,0.024368166273412584,0.9754242110524387,0.00020762267414873057,0.012184083136706292,0.012184083136706292,0.9754242110524387,0.00020762267414873057,0.0,0.0,"{""edc_18q:1dpu_t8"":""cf23b184355b080f3bead1d9d754a3c2c295746793109413aedfff30da27b94e"",""edc_18q:4dpu_t8"":""cf23b184355b080f3bead1d9d754a3c2c295746793109413aedfff30da27b94e"",""ghz_chain_18q:1dpu_t8"":""9f9e62a16e205e4bd5eb1d1b8f62cade3177ef00fa9bd4dc15c899a41b00d3d0"",""ghz_chain_18q:4dpu_t8"":""9f9e62a16e205e4bd5eb1d1b8f62cade3177ef00fa9bd4dc15c899a41b00d3d0"",""hs_18q_d1:1dpu_t8"":""bf83ea123bc85b30f3c7f1f8a0de47c8366352fc37c099890eab75c8cba62cb8"",""hs_18q_d1:4dpu_t8"":""bf83ea123bc85b30f3c7f1f8a0de47c8366352fc37c099890eab75c8cba62cb8"",""quantization_stress_18q_l2:1dpu_t8"":""9d1e1ae9a325d84cef97b0fd9beffa9d4b3d783f00a4e38f6fce3a17114d3abb"",""quantization_stress_18q_l2:4dpu_t8"":""9d1e1ae9a325d84cef97b0fd9beffa9d4b3d783f00a4e38f6fce3a17114d3abb""}"
308,10,2.244522738872001,1.0,6,0.47630996810097936,0.518889877536195,0.004800154362825642,0.23815498405048968,0.23815498405048968,0.518889877536195,0.004800154362825642,0.0,0.0,"{""edc_18q:1dpu_t8"":""cf23b184355b080f3bead1d9d754a3c2c295746793109413aedfff30da27b94e"",""edc_18q:4dpu_t8"":""cf23b184355b080f3bead1d9d754a3c2c295746793109413aedfff30da27b94e"",""ghz_chain_18q:1dpu_t8"":""9f9e62a16e205e4bd5eb1d1b8f62cade3177ef00fa9bd4dc15c899a41b00d3d0"",""ghz_chain_18q:4dpu_t8"":""9f9e62a16e205e4bd5eb1d1b8f62cade3177ef00fa9bd4dc15c899a41b00d3d0"",""hs_18q_d1:1dpu_t8"":""bf83ea123bc85b30f3c7f1f8a0de47c8366352fc37c099890eab75c8cba62cb8"",""hs_18q_d1:4dpu_t8"":""bf83ea123bc85b30f3c7f1f8a0de47c8366352fc37c099890eab75c8cba62cb8"",""quantization_stress_18q_l2:1dpu_t8"":""e56fd025e7fdf900c75302bb6e7212f78d89deef09b236732a001e9f5c5001c1"",""quantization_stress_18q_l2:4dpu_t8"":""e56fd025e7fdf900c75302bb6e7212f78d89deef09b236732a001e9f5c5001c1""}"
309,4,2.255945709790155,1.0,7,0.22063680206282787,0.7768451800394555,0.002518017897716659,0.11031840103141394,0.11031840103141394,0.7768451800394555,0.002518017897716659,0.0,0.0,"{""edc_18q:1dpu_t8"":""cf23b184355b080f3bead1d9d754a3c2c295746793109413aedfff30da27b94e"",""edc_18q:4dpu_t8"":""cf23b184355b080f3bead1d9d754a3c2c295746793109413aedfff30da27b94e"",""ghz_chain_18q:1dpu_t8"":""9f9e62a16e205e4bd5eb1d1b8f62cade3177ef00fa9bd4dc15c899a41b00d3d0"",""ghz_chain_18q:4dpu_t8"":""9f9e62a16e205e4bd5eb1d1b8f62cade3177ef00fa9bd4dc15c899a41b00d3d0"",""hs_18q_d1:1dpu_t8"":""bf83ea123bc85b30f3c7f1f8a0de47c8366352fc37c099890eab75c8cba62cb8"",""hs_18q_d1:4dpu_t8"":""0f172b4535a71fb59dd5d4f406df828c33333cda1113d1c71db08b5d0e989d1e"",""quantization_stress_18q_l2:1dpu_t8"":""9d1e1ae9a325d84cef97b0fd9beffa9d4b3d783f00a4e38f6fce3a17114d3abb"",""quantization_stress_18q_l2:4dpu_t8"":""9d1e1ae9a325d84cef97b0fd9beffa9d4b3d783f00a4e38f6fce3a17114d3abb""}"
310,4,2.25244701979303,1.0,7,0.22063680206282787,0.7768451800394555,0.002518017897716659,0.11031840103141394,0.11031840103141394,0.7768451800394555,0.002518017897716659,0.0,0.0,"{""edc_18q:1dpu_t8"":""cf23b184355b080f3bead1d9d754a3c2c295746793109413aedfff30da27b94e"",""edc_18q:4dpu_t8"":""cf23b184355b080f3bead1d9d754a3c2c295746793109413aedfff30da27b94e"",""ghz_chain_18q:1dpu_t8"":""9f9e62a16e205e4bd5eb1d1b8f62cade3177ef00fa9bd4dc15c899a41b00d3d0"",""ghz_chain_18q:4dpu_t8"":""9f9e62a16e205e4bd5eb1d1b8f62cade3177ef00fa9bd4dc15c899a41b00d3d0"",""hs_18q_d1:1dpu_t8"":""bf83ea123bc85b30f3c7f1f8a0de47c8366352fc37c099890eab75c8cba62cb8"",""hs_18q_d1:4dpu_t8"":""0f172b4535a71fb59dd5d4f406df828c33333cda1113d1c71db08b5d0e989d1e"",""quantization_stress_18q_l2:1dpu_t8"":""9d1e1ae9a325d84cef97b0fd9beffa9d4b3d783f00a4e38f6fce3a17114d3abb"",""quantization_stress_18q_l2:4dpu_t8"":""9d1e1ae9a325d84cef97b0fd9beffa9d4b3d783f00a4e38f6fce3a17114d3abb""}"
311,10,2.219019882436918,1.0,6,0.47630996810097936,0.518889877536195,0.004800154362825642,0.23815498405048968,0.23815498405048968,0.518889877536195,0.004800154362825642,0.0,0.0,"{""edc_18q:1dpu_t8"":""cf23b184355b080f3bead1d9d754a3c2c295746793109413aedfff30da27b94e"",""edc_18q:4dpu_t8"":""cf23b184355b080f3bead1d9d754a3c2c295746793109413aedfff30da27b94e"",""ghz_chain_18q:1dpu_t8"":""9f9e62a16e205e4bd5eb1d1b8f62cade3177ef00fa9bd4dc15c899a41b00d3d0"",""ghz_chain_18q:4dpu_t8"":""9f9e62a16e205e4bd5eb1d1b8f62cade3177ef00fa9bd4dc15c899a41b00d3d0"",""hs_18q_d1:1dpu_t8"":""bf83ea123bc85b30f3c7f1f8a0de47c8366352fc37c099890eab75c8cba62cb8"",""hs_18q_d1:4dpu_t8"":""bf83ea123bc85b30f3c7f1f8a0de47c8366352fc37c099890eab75c8cba62cb8"",""quantization_stress_18q_l2:1dpu_t8"":""e56fd025e7fdf900c75302bb6e7212f78d89deef09b236732a001e9f5c5001c1"",""quantization_stress_18q_l2:4dpu_t8"":""e56fd025e7fdf900c75302bb6e7212f78d89deef09b236732a001e9f5c5001c1""}"
312,10,2.2413065519354087,1.0,6,0.47630996810097936,0.518889877536195,0.004800154362825642,0.23815498405048968,0.23815498405048968,0.518889877536195,0.004800154362825642,0.0,0.0,"{""edc_18q:1dpu_t8"":""cf23b184355b080f3bead1d9d754a3c2c295746793109413aedfff30da27b94e"",""edc_18q:4dpu_t8"":""cf23b184355b080f3bead1d9d754a3c2c295746793109413aedfff30da27b94e"",""ghz_chain_18q:1dpu_t8"":""9f9e62a16e205e4bd5eb1d1b8f62cade3177ef00fa9bd4dc15c899a41b00d3d0"",""ghz_chain_18q:4dpu_t8"":""9f9e62a16e205e4bd5eb1d1b8f62cade3177ef00fa9bd4dc15c899a41b00d3d0"",""hs_18q_d1:1dpu_t8"":""bf83ea123bc85b30f3c7f1f8a0de47c8366352fc37c099890eab75c8cba62cb8"",""hs_18q_d1:4dpu_t8"":""bf83ea123bc85b30f3c7f1f8a0de47c8366352fc37c099890eab75c8cba62cb8"",""quantization_stress_18q_l2:1dpu_t8"":""e56fd025e7fdf900c75302bb6e7212f78d89deef09b236732a001e9f5c5001c1"",""quantization_stress_18q_l2:4dpu_t8"":""e56fd025e7fdf900c75302bb6e7212f78d89deef09b236732a001e9f5c5001c1""}"
313,4,2.2419226129332728,1.0,7,0.22063680206282787,0.7768451800394555,0.002518017897716659,0.11031840103141394,0.11031840103141394,0.7768451800394555,0.002518017897716659,0.0,0.0,"{""edc_18q:1dpu_t8"":""cf23b184355b080f3bead1d9d754a3c2c295746793109413aedfff30da27b94e"",""edc_18q:4dpu_t8"":""cf23b184355b080f3bead1d9d754a3c2c295746793109413aedfff30da27b94e"",""ghz_chain_18q:1dpu_t8"":""9f9e62a16e205e4bd5eb1d1b8f62cade3177ef00fa9bd4dc15c899a41b00d3d0"",""ghz_chain_18q:4dpu_t8"":""9f9e62a16e205e4bd5eb1d1b8f62cade3177ef00fa9bd4dc15c899a41b00d3d0"",""hs_18q_d1:1dpu_t8"":""bf83ea123bc85b30f3c7f1f8a0de47c8366352fc37c099890eab75c8cba62cb8"",""hs_18q_d1:4dpu_t8"":""0f172b4535a71fb59dd5d4f406df828c33333cda1113d1c71db08b5d0e989d1e"",""quantization_stress_18q_l2:1dpu_t8"":""9d1e1ae9a325d84cef97b0fd9beffa9d4b3d783f00a4e38f6fce3a17114d3abb"",""quantization_stress_18q_l2:4dpu_t8"":""9d1e1ae9a325d84cef97b0fd9beffa9d4b3d783f00a4e38f6fce3a17114d3abb""}"
314,9,2.2517937449378467,1.0,7,0.5414741851996391,0.45232358896253566,0.006202225837825213,0.27073709259981954,0.27073709259981954,0.45232358896253566,0.006202225837825213,0.0,0.0,"{""edc_18q:1dpu_t8"":""cf23b184355b080f3bead1d9d754a3c2c295746793109413aedfff30da27b94e"",""edc_18q:4dpu_t8"":""cf23b184355b080f3bead1d9d754a3c2c295746793109413aedfff30da27b94e"",""ghz_chain_18q:1dpu_t8"":""9f9e62a16e205e4bd5eb1d1b8f62cade3177ef00fa9bd4dc15c899a41b00d3d0"",""ghz_chain_18q:4dpu_t8"":""9f9e62a16e205e4bd5eb1d1b8f62cade3177ef00fa9bd4dc15c899a41b00d3d0"",""hs_18q_d1:1dpu_t8"":""bf83ea123bc85b30f3c7f1f8a0de47c8366352fc37c099890eab75c8cba62cb8"",""hs_18q_d1:4dpu_t8"":""0f172b4535a71fb59dd5d4f406df828c33333cda1113d1c71db08b5d0e989d1e"",""quantization_stress_18q_l2:1dpu_t8"":""e56fd025e7fdf900c75302bb6e7212f78d89deef09b236732a001e9f5c5001c1"",""quantization_stress_18q_l2:4dpu_t8"":""e56fd025e7fdf900c75302bb6e7212f78d89deef09b236732a001e9f5c5001c1""}"
315,10,2.2409005494013403,1.0,6,0.47630996810097936,0.518889877536195,0.004800154362825642,0.23815498405048968,0.23815498405048968,0.518889877536195,0.004800154362825642,0.0,0.0,"{""edc_18q:1dpu_t8"":""cf23b184355b080f3bead1d9d754a3c2c295746793109413aedfff30da27b94e"",""edc_18q:4dpu_t8"":""cf23b184355b080f3bead1d9d754a3c2c295746793109413aedfff30da27b94e"",""ghz_chain_18q:1dpu_t8"":""9f9e62a16e205e4bd5eb1d1b8f62cade3177ef00fa9bd4dc15c899a41b00d3d0"",""ghz_chain_18q:4dpu_t8"":""9f9e62a16e205e4bd5eb1d1b8f62cade3177ef00fa9bd4dc15c899a41b00d3d0"",""hs_18q_d1:1dpu_t8"":""bf83ea123bc85b30f3c7f1f8a0de47c8366352fc37c099890eab75c8cba62cb8"",""hs_18q_d1:4dpu_t8"":""bf83ea123bc85b30f3c7f1f8a0de47c8366352fc37c099890eab75c8cba62cb8"",""quantization_stress_18q_l2:1dpu_t8"":""e56fd025e7fdf900c75302bb6e7212f78d89deef09b236732a001e9f5c5001c1"",""quantization_stress_18q_l2:4dpu_t8"":""e56fd025e7fdf900c75302bb6e7212f78d89deef09b236732a001e9f5c5001c1""}"
316,8,2.284438079936968,1.041845644222677,8,0.3715322706836804,0.40507521716230527,0.2233925121540143,0.1857661353418402,0.1857661353418402,0.40507521716230527,0.2233925121540143,0.0,0.0,"{""edc_18q:1dpu_t8"":""cf23b184355b080f3bead1d9d754a3c2c295746793109413aedfff30da27b94e"",""edc_18q:4dpu_t8"":""cf23b184355b080f3bead1d9d754a3c2c295746793109413aedfff30da27b94e"",""ghz_chain_18q:1dpu_t8"":""9f9e62a16e205e4bd5eb1d1b8f62cade3177ef00fa9bd4dc15c899a41b00d3d0"",""ghz_chain_18q:4dpu_t8"":""9f9e62a16e205e4bd5eb1d1b8f62cade3177ef00fa9bd4dc15c899a41b00d3d0"",""hs_18q_d1:1dpu_t8"":""0f172b4535a71fb59dd5d4f406df828c33333cda1113d1c71db08b5d0e989d1e"",""hs_18q_d1:4dpu_t8"":""0f172b4535a71fb59dd5d4f406df828c33333cda1113d1c71db08b5d0e989d1e"",""quantization_stress_18q_l2:1dpu_t8"":""e56fd025e7fdf900c75302bb6e7212f78d89deef09b236732a001e9f5c5001c1"",""quantization_stress_18q_l2:4dpu_t8"":""e56fd025e7fdf900c75302bb6e7212f78d89deef09b236732a001e9f5c5001c1""}"
317,3,2.285311724431062,1.041845644222677,8,0.0,1.0,0.0,0.0,0.0,1.0,0.0,0.0,0.0,"{""edc_18q:1dpu_t8"":""cf23b184355b080f3bead1d9d754a3c2c295746793109413aedfff30da27b94e"",""edc_18q:4dpu_t8"":""cf23b184355b080f3bead1d9d754a3c2c295746793109413aedfff30da27b94e"",""ghz_chain_18q:1dpu_t8"":""9f9e62a16e205e4bd5eb1d1b8f62cade3177ef00fa9bd4dc15c899a41b00d3d0"",""ghz_chain_18q:4dpu_t8"":""9f9e62a16e205e4bd5eb1d1b8f62cade3177ef00fa9bd4dc15c899a41b00d3d0"",""hs_18q_d1:1dpu_t8"":""0f172b4535a71fb59dd5d4f406df828c33333cda1113d1c71db08b5d0e989d1e"",""hs_18q_d1:4dpu_t8"":""0f172b4535a71fb59dd5d4f406df828c33333cda1113d1c71db08b5d0e989d1e"",""quantization_stress_18q_l2:1dpu_t8"":""9d1e1ae9a325d84cef97b0fd9beffa9d4b3d783f00a4e38f6fce3a17114d3abb"",""quantization_stress_18q_l2:4dpu_t8"":""9d1e1ae9a325d84cef97b0fd9beffa9d4b3d783f00a4e38f6fce3a17114d3abb""}"
318,5,2.2343248981818653,1.0,6,0.024368166273412584,0.9754242110524387,0.00020762267414873057,0.012184083136706292,0.012184083136706292,0.9754242110524387,0.00020762267414873057,0.0,0.0,"{""edc_18q:1dpu_t8"":""cf23b184355b080f3bead1d9d754a3c2c295746793109413aedfff30da27b94e"",""edc_18q:4dpu_t8"":""cf23b184355b080f3bead1d9d754a3c2c295746793109413aedfff30da27b94e"",""ghz_chain_18q:1dpu_t8"":""9f9e62a16e205e4bd5eb1d1b8f62cade3177ef00fa9bd4dc15c899a41b00d3d0"",""ghz_chain_18q:4dpu_t8"":""9f9e62a16e205e4bd5eb1d1b8f62cade3177ef00fa9bd4dc15c899a41b00d3d0"",""hs_18q_d1:1dpu_t8"":""bf83ea123bc85b30f3c7f1f8a0de47c8366352fc37c099890eab75c8cba62cb8"",""hs_18q_d1:4dpu_t8"":""bf83ea123bc85b30f3c7f1f8a0de47c8366352fc37c099890eab75c8cba62cb8"",""quantization_stress_18q_l2:1dpu_t8"":""9d1e1ae9a325d84cef97b0fd9beffa9d4b3d783f00a4e38f6fce3a17114d3abb"",""quantization_stress_18q_l2:4dpu_t8"":""9d1e1ae9a325d84cef97b0fd9beffa9d4b3d783f00a4e38f6fce3a17114d3abb""}"
319,8,2.2566786496924713,1.0163179096347865,8,0.3715322706836804,0.40507521716230527,0.2233925121540143,0.1857661353418402,0.1857661353418402,0.40507521716230527,0.2233925121540143,0.0,0.0,"{""edc_18q:1dpu_t8"":""cf23b184355b080f3bead1d9d754a3c2c295746793109413aedfff30da27b94e"",""edc_18q:4dpu_t8"":""cf23b184355b080f3bead1d9d754a3c2c295746793109413aedfff30da27b94e"",""ghz_chain_18q:1dpu_t8"":""9f9e62a16e205e4bd5eb1d1b8f62cade3177ef00fa9bd4dc15c899a41b00d3d0"",""ghz_chain_18q:4dpu_t8"":""9f9e62a16e205e4bd5eb1d1b8f62cade3177ef00fa9bd4dc15c899a41b00d3d0"",""hs_18q_d1:1dpu_t8"":""0f172b4535a71fb59dd5d4f406df828c33333cda1113d1c71db08b5d0e989d1e"",""hs_18q_d1:4dpu_t8"":""0f172b4535a71fb59dd5d4f406df828c33333cda1113d1c71db08b5d0e989d1e"",""quantization_stress_18q_l2:1dpu_t8"":""e56fd025e7fdf900c75302bb6e7212f78d89deef09b236732a001e9f5c5001c1"",""quantization_stress_18q_l2:4dpu_t8"":""e56fd025e7fdf900c75302bb6e7212f78d89deef09b236732a001e9f5c5001c1""}"
320,4,2.251127735679846,1.0,7,0.22063680206282787,0.7768451800394555,0.002518017897716659,0.11031840103141394,0.11031840103141394,0.7768451800394555,0.002518017897716659,0.0,0.0,"{""edc_18q:1dpu_t8"":""cf23b184355b080f3bead1d9d754a3c2c295746793109413aedfff30da27b94e"",""edc_18q:4dpu_t8"":""cf23b184355b080f3bead1d9d754a3c2c295746793109413aedfff30da27b94e"",""ghz_chain_18q:1dpu_t8"":""9f9e62a16e205e4bd5eb1d1b8f62cade3177ef00fa9bd4dc15c899a41b00d3d0"",""ghz_chain_18q:4dpu_t8"":""9f9e62a16e205e4bd5eb1d1b8f62cade3177ef00fa9bd4dc15c899a41b00d3d0"",""hs_18q_d1:1dpu_t8"":""bf83ea123bc85b30f3c7f1f8a0de47c8366352fc37c099890eab75c8cba62cb8"",""hs_18q_d1:4dpu_t8"":""0f172b4535a71fb59dd5d4f406df828c33333cda1113d1c71db08b5d0e989d1e"",""quantization_stress_18q_l2:1dpu_t8"":""9d1e1ae9a325d84cef97b0fd9beffa9d4b3d783f00a4e38f6fce3a17114d3abb"",""quantization_stress_18q_l2:4dpu_t8"":""9d1e1ae9a325d84cef97b0fd9beffa9d4b3d783f00a4e38f6fce3a17114d3abb""}"
321,5,2.2245439610624134,1.0,6,0.024368166273412584,0.9754242110524387,0.00020762267414873057,0.012184083136706292,0.012184083136706292,0.9754242110524387,0.00020762267414873057,0.0,0.0,"{""edc_18q:1dpu_t8"":""cf23b184355b080f3bead1d9d754a3c2c295746793109413aedfff30da27b94e"",""edc_18q:4dpu_t8"":""cf23b184355b080f3bead1d9d754a3c2c295746793109413aedfff30da27b94e"",""ghz_chain_18q:1dpu_t8"":""9f9e62a16e205e4bd5eb1d1b8f62cade3177ef00fa9bd4dc15c899a41b00d3d0"",""ghz_chain_18q:4dpu_t8"":""9f9e62a16e205e4bd5eb1d1b8f62cade3177ef00fa9bd4dc15c899a41b00d3d0"",""hs_18q_d1:1dpu_t8"":""bf83ea123bc85b30f3c7f1f8a0de47c8366352fc37c099890eab75c8cba62cb8"",""hs_18q_d1:4dpu_t8"":""bf83ea123bc85b30f3c7f1f8a0de47c8366352fc37c099890eab75c8cba62cb8"",""quantization_stress_18q_l2:1dpu_t8"":""9d1e1ae9a325d84cef97b0fd9beffa9d4b3d783f00a4e38f6fce3a17114d3abb"",""quantization_stress_18q_l2:4dpu_t8"":""9d1e1ae9a325d84cef97b0fd9beffa9d4b3d783f00a4e38f6fce3a17114d3abb""}"
322,8,2.2727871578552095,0.997529052435953,7,0.3715322706836804,0.40507521716230527,0.2233925121540143,0.1857661353418402,0.1857661353418402,0.40507521716230527,0.2233925121540143,0.0,0.0,"{""edc_18q:1dpu_t8"":""cf23b184355b080f3bead1d9d754a3c2c295746793109413aedfff30da27b94e"",""edc_18q:4dpu_t8"":""cf23b184355b080f3bead1d9d754a3c2c295746793109413aedfff30da27b94e"",""ghz_chain_18q:1dpu_t8"":""9f9e62a16e205e4bd5eb1d1b8f62cade3177ef00fa9bd4dc15c899a41b00d3d0"",""ghz_chain_18q:4dpu_t8"":""9f9e62a16e205e4bd5eb1d1b8f62cade3177ef00fa9bd4dc15c899a41b00d3d0"",""hs_18q_d1:1dpu_t8"":""0f172b4535a71fb59dd5d4f406df828c33333cda1113d1c71db08b5d0e989d1e"",""hs_18q_d1:4dpu_t8"":""0f172b4535a71fb59dd5d4f406df828c33333cda1113d1c71db08b5d0e989d1e"",""quantization_stress_18q_l2:1dpu_t8"":""e56fd025e7fdf900c75302bb6e7212f78d89deef09b236732a001e9f5c5001c1"",""quantization_stress_18q_l2:4dpu_t8"":""e56fd025e7fdf900c75302bb6e7212f78d89deef09b236732a001e9f5c5001c1""}"
323,3,2.2675477821144954,0.997529052435953,7,0.0,1.0,0.0,0.0,0.0,1.0,0.0,0.0,0.0,"{""edc_18q:1dpu_t8"":""cf23b184355b080f3bead1d9d754a3c2c295746793109413aedfff30da27b94e"",""edc_18q:4dpu_t8"":""cf23b184355b080f3bead1d9d754a3c2c295746793109413aedfff30da27b94e"",""ghz_chain_18q:1dpu_t8"":""9f9e62a16e205e4bd5eb1d1b8f62cade3177ef00fa9bd4dc15c899a41b00d3d0"",""ghz_chain_18q:4dpu_t8"":""9f9e62a16e205e4bd5eb1d1b8f62cade3177ef00fa9bd4dc15c899a41b00d3d0"",""hs_18q_d1:1dpu_t8"":""0f172b4535a71fb59dd5d4f406df828c33333cda1113d1c71db08b5d0e989d1e"",""hs_18q_d1:4dpu_t8"":""0f172b4535a71fb59dd5d4f406df828c33333cda1113d1c71db08b5d0e989d1e"",""quantization_stress_18q_l2:1dpu_t8"":""9d1e1ae9a325d84cef97b0fd9beffa9d4b3d783f00a4e38f6fce3a17114d3abb"",""quantization_stress_18q_l2:4dpu_t8"":""9d1e1ae9a325d84cef97b0fd9beffa9d4b3d783f00a4e38f6fce3a17114d3abb""}"
324,10,2.2361171242557543,1.0,6,0.47630996810097936,0.518889877536195,0.004800154362825642,0.23815498405048968,0.23815498405048968,0.518889877536195,0.004800154362825642,0.0,0.0,"{""edc_18q:1dpu_t8"":""cf23b184355b080f3bead1d9d754a3c2c295746793109413aedfff30da27b94e"",""edc_18q:4dpu_t8"":""cf23b184355b080f3bead1d9d754a3c2c295746793109413aedfff30da27b94e"",""ghz_chain_18q:1dpu_t8"":""9f9e62a16e205e4bd5eb1d1b8f62cade3177ef00fa9bd4dc15c899a41b00d3d0"",""ghz_chain_18q:4dpu_t8"":""9f9e62a16e205e4bd5eb1d1b8f62cade3177ef00fa9bd4dc15c899a41b00d3d0"",""hs_18q_d1:1dpu_t8"":""bf83ea123bc85b30f3c7f1f8a0de47c8366352fc37c099890eab75c8cba62cb8"",""hs_18q_d1:4dpu_t8"":""bf83ea123bc85b30f3c7f1f8a0de47c8366352fc37c099890eab75c8cba62cb8"",""quantization_stress_18q_l2:1dpu_t8"":""e56fd025e7fdf900c75302bb6e7212f78d89deef09b236732a001e9f5c5001c1"",""quantization_stress_18q_l2:4dpu_t8"":""e56fd025e7fdf900c75302bb6e7212f78d89deef09b236732a001e9f5c5001c1""}"
325,5,2.2359991263526124,1.0,6,0.024368166273412584,0.9754242110524387,0.00020762267414873057,0.012184083136706292,0.012184083136706292,0.9754242110524387,0.00020762267414873057,0.0,0.0,"{""edc_18q:1dpu_t8"":""cf23b184355b080f3bead1d9d754a3c2c295746793109413aedfff30da27b94e"",""edc_18q:4dpu_t8"":""cf23b184355b080f3bead1d9d754a3c2c295746793109413aedfff30da27b94e"",""ghz_chain_18q:1dpu_t8"":""9f9e62a16e205e4bd5eb1d1b8f62cade3177ef00fa9bd4dc15c899a41b00d3d0"",""ghz_chain_18q:4dpu_t8"":""9f9e62a16e205e4bd5eb1d1b8f62cade3177ef00fa9bd4dc15c899a41b00d3d0"",""hs_18q_d1:1dpu_t8"":""bf83ea123bc85b30f3c7f1f8a0de47c8366352fc37c099890eab75c8cba62cb8"",""hs_18q_d1:4dpu_t8"":""bf83ea123bc85b30f3c7f1f8a0de47c8366352fc37c099890eab75c8cba62cb8"",""quantization_stress_18q_l2:1dpu_t8"":""9d1e1ae9a325d84cef97b0fd9beffa9d4b3d783f00a4e38f6fce3a17114d3abb"",""quantization_stress_18q_l2:4dpu_t8"":""9d1e1ae9a325d84cef97b0fd9beffa9d4b3d783f00a4e38f6fce3a17114d3abb""}"
326,8,2.27971381176649,0.997529052435953,7,0.3715322706836804,0.40507521716230527,0.2233925121540143,0.1857661353418402,0.1857661353418402,0.40507521716230527,0.2233925121540143,0.0,0.0,"{""edc_18q:1dpu_t8"":""cf23b184355b080f3bead1d9d754a3c2c295746793109413aedfff30da27b94e"",""edc_18q:4dpu_t8"":""cf23b184355b080f3bead1d9d754a3c2c295746793109413aedfff30da27b94e"",""ghz_chain_18q:1dpu_t8"":""9f9e62a16e205e4bd5eb1d1b8f62cade3177ef00fa9bd4dc15c899a41b00d3d0"",""ghz_chain_18q:4dpu_t8"":""9f9e62a16e205e4bd5eb1d1b8f62cade3177ef00fa9bd4dc15c899a41b00d3d0"",""hs_18q_d1:1dpu_t8"":""0f172b4535a71fb59dd5d4f406df828c33333cda1113d1c71db08b5d0e989d1e"",""hs_18q_d1:4dpu_t8"":""0f172b4535a71fb59dd5d4f406df828c33333cda1113d1c71db08b5d0e989d1e"",""quantization_stress_18q_l2:1dpu_t8"":""e56fd025e7fdf900c75302bb6e7212f78d89deef09b236732a001e9f5c5001c1"",""quantization_stress_18q_l2:4dpu_t8"":""e56fd025e7fdf900c75302bb6e7212f78d89deef09b236732a001e9f5c5001c1""}"
327,4,2.2680357610809017,1.0,7,0.22063680206282787,0.7768451800394555,0.002518017897716659,0.11031840103141394,0.11031840103141394,0.7768451800394555,0.002518017897716659,0.0,0.0,"{""edc_18q:1dpu_t8"":""cf23b184355b080f3bead1d9d754a3c2c295746793109413aedfff30da27b94e"",""edc_18q:4dpu_t8"":""cf23b184355b080f3bead1d9d754a3c2c295746793109413aedfff30da27b94e"",""ghz_chain_18q:1dpu_t8"":""9f9e62a16e205e4bd5eb1d1b8f62cade3177ef00fa9bd4dc15c899a41b00d3d0"",""ghz_chain_18q:4dpu_t8"":""9f9e62a16e205e4bd5eb1d1b8f62cade3177ef00fa9bd4dc15c899a41b00d3d0"",""hs_18q_d1:1dpu_t8"":""bf83ea123bc85b30f3c7f1f8a0de47c8366352fc37c099890eab75c8cba62cb8"",""hs_18q_d1:4dpu_t8"":""0f172b4535a71fb59dd5d4f406df828c33333cda1113d1c71db08b5d0e989d1e"",""quantization_stress_18q_l2:1dpu_t8"":""9d1e1ae9a325d84cef97b0fd9beffa9d4b3d783f00a4e38f6fce3a17114d3abb"",""quantization_stress_18q_l2:4dpu_t8"":""9d1e1ae9a325d84cef97b0fd9beffa9d4b3d783f00a4e38f6fce3a17114d3abb""}"
328,5,2.228817901747641,1.0,6,0.024368166273412584,0.9754242110524387,0.00020762267414873057,0.012184083136706292,0.012184083136706292,0.9754242110524387,0.00020762267414873057,0.0,0.0,"{""edc_18q:1dpu_t8"":""cf23b184355b080f3bead1d9d754a3c2c295746793109413aedfff30da27b94e"",""edc_18q:4dpu_t8"":""cf23b184355b080f3bead1d9d754a3c2c295746793109413aedfff30da27b94e"",""ghz_chain_18q:1dpu_t8"":""9f9e62a16e205e4bd5eb1d1b8f62cade3177ef00fa9bd4dc15c899a41b00d3d0"",""ghz_chain_18q:4dpu_t8"":""9f9e62a16e205e4bd5eb1d1b8f62cade3177ef00fa9bd4dc15c899a41b00d3d0"",""hs_18q_d1:1dpu_t8"":""bf83ea123bc85b30f3c7f1f8a0de47c8366352fc37c099890eab75c8cba62cb8"",""hs_18q_d1:4dpu_t8"":""bf83ea123bc85b30f3c7f1f8a0de47c8366352fc37c099890eab75c8cba62cb8"",""quantization_stress_18q_l2:1dpu_t8"":""9d1e1ae9a325d84cef97b0fd9beffa9d4b3d783f00a4e38f6fce3a17114d3abb"",""quantization_stress_18q_l2:4dpu_t8"":""9d1e1ae9a325d84cef97b0fd9beffa9d4b3d783f00a4e38f6fce3a17114d3abb""}"
329,9,2.24311992837861,1.0,7,0.5414741851996391,0.45232358896253566,0.006202225837825213,0.27073709259981954,0.27073709259981954,0.45232358896253566,0.006202225837825213,0.0,0.0,"{""edc_18q:1dpu_t8"":""cf23b184355b080f3bead1d9d754a3c2c295746793109413aedfff30da27b94e"",""edc_18q:4dpu_t8"":""cf23b184355b080f3bead1d9d754a3c2c295746793109413aedfff30da27b94e"",""ghz_chain_18q:1dpu_t8"":""9f9e62a16e205e4bd5eb1d1b8f62cade3177ef00fa9bd4dc15c899a41b00d3d0"",""ghz_chain_18q:4dpu_t8"":""9f9e62a16e205e4bd5eb1d1b8f62cade3177ef00fa9bd4dc15c899a41b00d3d0"",""hs_18q_d1:1dpu_t8"":""bf83ea123bc85b30f3c7f1f8a0de47c8366352fc37c099890eab75c8cba62cb8"",""hs_18q_d1:4dpu_t8"":""0f172b4535a71fb59dd5d4f406df828c33333cda1113d1c71db08b5d0e989d1e"",""quantization_stress_18q_l2:1dpu_t8"":""e56fd025e7fdf900c75302bb6e7212f78d89deef09b236732a001e9f5c5001c1"",""quantization_stress_18q_l2:4dpu_t8"":""e56fd025e7fdf900c75302bb6e7212f78d89deef09b236732a001e9f5c5001c1""}"
330,5,2.2397979549505553,1.0,6,0.024368166273412584,0.9754242110524387,0.00020762267414873057,0.012184083136706292,0.012184083136706292,0.9754242110524387,0.00020762267414873057,0.0,0.0,"{""edc_18q:1dpu_t8"":""cf23b184355b080f3bead1d9d754a3c2c295746793109413aedfff30da27b94e"",""edc_18q:4dpu_t8"":""cf23b184355b080f3bead1d9d754a3c2c295746793109413aedfff30da27b94e"",""ghz_chain_18q:1dpu_t8"":""9f9e62a16e205e4bd5eb1d1b8f62cade3177ef00fa9bd4dc15c899a41b00d3d0"",""ghz_chain_18q:4dpu_t8"":""9f9e62a16e205e4bd5eb1d1b8f62cade3177ef00fa9bd4dc15c899a41b00d3d0"",""hs_18q_d1:1dpu_t8"":""bf83ea123bc85b30f3c7f1f8a0de47c8366352fc37c099890eab75c8cba62cb8"",""hs_18q_d1:4dpu_t8"":""bf83ea123bc85b30f3c7f1f8a0de47c8366352fc37c099890eab75c8cba62cb8"",""quantization_stress_18q_l2:1dpu_t8"":""9d1e1ae9a325d84cef97b0fd9beffa9d4b3d783f00a4e38f6fce3a17114d3abb"",""quantization_stress_18q_l2:4dpu_t8"":""9d1e1ae9a325d84cef97b0fd9beffa9d4b3d783f00a4e38f6fce3a17114d3abb""}"
331,10,2.2170176658566856,1.0,6,0.47630996810097936,0.518889877536195,0.004800154362825642,0.23815498405048968,0.23815498405048968,0.518889877536195,0.004800154362825642,0.0,0.0,"{""edc_18q:1dpu_t8"":""cf23b184355b080f3bead1d9d754a3c2c295746793109413aedfff30da27b94e"",""edc_18q:4dpu_t8"":""cf23b184355b080f3bead1d9d754a3c2c295746793109413aedfff30da27b94e"",""ghz_chain_18q:1dpu_t8"":""9f9e62a16e205e4bd5eb1d1b8f62cade3177ef00fa9bd4dc15c899a41b00d3d0"",""ghz_chain_18q:4dpu_t8"":""9f9e62a16e205e4bd5eb1d1b8f62cade3177ef00fa9bd4dc15c899a41b00d3d0"",""hs_18q_d1:1dpu_t8"":""bf83ea123bc85b30f3c7f1f8a0de47c8366352fc37c099890eab75c8cba62cb8"",""hs_18q_d1:4dpu_t8"":""bf83ea123bc85b30f3c7f1f8a0de47c8366352fc37c099890eab75c8cba62cb8"",""quantization_stress_18q_l2:1dpu_t8"":""e56fd025e7fdf900c75302bb6e7212f78d89deef09b236732a001e9f5c5001c1"",""quantization_stress_18q_l2:4dpu_t8"":""e56fd025e7fdf900c75302bb6e7212f78d89deef09b236732a001e9f5c5001c1""}"
332,4,2.2561329707505746,1.0,7,0.22063680206282787,0.7768451800394555,0.002518017897716659,0.11031840103141394,0.11031840103141394,0.7768451800394555,0.002518017897716659,0.0,0.0,"{""edc_18q:1dpu_t8"":""cf23b184355b080f3bead1d9d754a3c2c295746793109413aedfff30da27b94e"",""edc_18q:4dpu_t8"":""cf23b184355b080f3bead1d9d754a3c2c295746793109413aedfff30da27b94e"",""ghz_chain_18q:1dpu_t8"":""9f9e62a16e205e4bd5eb1d1b8f62cade3177ef00fa9bd4dc15c899a41b00d3d0"",""ghz_chain_18q:4dpu_t8"":""9f9e62a16e205e4bd5eb1d1b8f62cade3177ef00fa9bd4dc15c899a41b00d3d0"",""hs_18q_d1:1dpu_t8"":""bf83ea123bc85b30f3c7f1f8a0de47c8366352fc37c099890eab75c8cba62cb8"",""hs_18q_d1:4dpu_t8"":""0f172b4535a71fb59dd5d4f406df828c33333cda1113d1c71db08b5d0e989d1e"",""quantization_stress_18q_l2:1dpu_t8"":""9d1e1ae9a325d84cef97b0fd9beffa9d4b3d783f00a4e38f6fce3a17114d3abb"",""quantization_stress_18q_l2:4dpu_t8"":""9d1e1ae9a325d84cef97b0fd9beffa9d4b3d783f00a4e38f6fce3a17114d3abb""}"
333,3,2.3069730044728396,1.041845644222677,8,0.0,1.0,0.0,0.0,0.0,1.0,0.0,0.0,0.0,"{""edc_18q:1dpu_t8"":""cf23b184355b080f3bead1d9d754a3c2c295746793109413aedfff30da27b94e"",""edc_18q:4dpu_t8"":""cf23b184355b080f3bead1d9d754a3c2c295746793109413aedfff30da27b94e"",""ghz_chain_18q:1dpu_t8"":""9f9e62a16e205e4bd5eb1d1b8f62cade3177ef00fa9bd4dc15c899a41b00d3d0"",""ghz_chain_18q:4dpu_t8"":""9f9e62a16e205e4bd5eb1d1b8f62cade3177ef00fa9bd4dc15c899a41b00d3d0"",""hs_18q_d1:1dpu_t8"":""0f172b4535a71fb59dd5d4f406df828c33333cda1113d1c71db08b5d0e989d1e"",""hs_18q_d1:4dpu_t8"":""0f172b4535a71fb59dd5d4f406df828c33333cda1113d1c71db08b5d0e989d1e"",""quantization_stress_18q_l2:1dpu_t8"":""9d1e1ae9a325d84cef97b0fd9beffa9d4b3d783f00a4e38f6fce3a17114d3abb"",""quantization_stress_18q_l2:4dpu_t8"":""9d1e1ae9a325d84cef97b0fd9beffa9d4b3d783f00a4e38f6fce3a17114d3abb""}"
334,10,2.217499819820261,1.0,6,0.47630996810097936,0.518889877536195,0.004800154362825642,0.23815498405048968,0.23815498405048968,0.518889877536195,0.004800154362825642,0.0,0.0,"{""edc_18q:1dpu_t8"":""cf23b184355b080f3bead1d9d754a3c2c295746793109413aedfff30da27b94e"",""edc_18q:4dpu_t8"":""cf23b184355b080f3bead1d9d754a3c2c295746793109413aedfff30da27b94e"",""ghz_chain_18q:1dpu_t8"":""9f9e62a16e205e4bd5eb1d1b8f62cade3177ef00fa9bd4dc15c899a41b00d3d0"",""ghz_chain_18q:4dpu_t8"":""9f9e62a16e205e4bd5eb1d1b8f62cade3177ef00fa9bd4dc15c899a41b00d3d0"",""hs_18q_d1:1dpu_t8"":""bf83ea123bc85b30f3c7f1f8a0de47c8366352fc37c099890eab75c8cba62cb8"",""hs_18q_d1:4dpu_t8"":""bf83ea123bc85b30f3c7f1f8a0de47c8366352fc37c099890eab75c8cba62cb8"",""quantization_stress_18q_l2:1dpu_t8"":""e56fd025e7fdf900c75302bb6e7212f78d89deef09b236732a001e9f5c5001c1"",""quantization_stress_18q_l2:4dpu_t8"":""e56fd025e7fdf900c75302bb6e7212f78d89deef09b236732a001e9f5c5001c1""}"
335,10,2.21923110962416,1.0,6,0.47630996810097936,0.518889877536195,0.004800154362825642,0.23815498405048968,0.23815498405048968,0.518889877536195,0.004800154362825642,0.0,0.0,"{""edc_18q:1dpu_t8"":""cf23b184355b080f3bead1d9d754a3c2c295746793109413aedfff30da27b94e"",""edc_18q:4dpu_t8"":""cf23b184355b080f3bead1d9d754a3c2c295746793109413aedfff30da27b94e"",""ghz_chain_18q:1dpu_t8"":""9f9e62a16e205e4bd5eb1d1b8f62cade3177ef00fa9bd4dc15c899a41b00d3d0"",""ghz_chain_18q:4dpu_t8"":""9f9e62a16e205e4bd5eb1d1b8f62cade3177ef00fa9bd4dc15c899a41b00d3d0"",""hs_18q_d1:1dpu_t8"":""bf83ea123bc85b30f3c7f1f8a0de47c8366352fc37c099890eab75c8cba62cb8"",""hs_18q_d1:4dpu_t8"":""bf83ea123bc85b30f3c7f1f8a0de47c8366352fc37c099890eab75c8cba62cb8"",""quantization_stress_18q_l2:1dpu_t8"":""e56fd025e7fdf900c75302bb6e7212f78d89deef09b236732a001e9f5c5001c1"",""quantization_stress_18q_l2:4dpu_t8"":""e56fd025e7fdf900c75302bb6e7212f78d89deef09b236732a001e9f5c5001c1""}"
336,5,2.2272625197697336,1.0,6,0.024368166273412584,0.9754242110524387,0.00020762267414873057,0.012184083136706292,0.012184083136706292,0.9754242110524387,0.00020762267414873057,0.0,0.0,"{""edc_18q:1dpu_t8"":""cf23b184355b080f3bead1d9d754a3c2c295746793109413aedfff30da27b94e"",""edc_18q:4dpu_t8"":""cf23b184355b080f3bead1d9d754a3c2c295746793109413aedfff30da27b94e"",""ghz_chain_18q:1dpu_t8"":""9f9e62a16e205e4bd5eb1d1b8f62cade3177ef00fa9bd4dc15c899a41b00d3d0"",""ghz_chain_18q:4dpu_t8"":""9f9e62a16e205e4bd5eb1d1b8f62cade3177ef00fa9bd4dc15c899a41b00d3d0"",""hs_18q_d1:1dpu_t8"":""bf83ea123bc85b30f3c7f1f8a0de47c8366352fc37c099890eab75c8cba62cb8"",""hs_18q_d1:4dpu_t8"":""bf83ea123bc85b30f3c7f1f8a0de47c8366352fc37c099890eab75c8cba62cb8"",""quantization_stress_18q_l2:1dpu_t8"":""9d1e1ae9a325d84cef97b0fd9beffa9d4b3d783f00a4e38f6fce3a17114d3abb"",""quantization_stress_18q_l2:4dpu_t8"":""9d1e1ae9a325d84cef97b0fd9beffa9d4b3d783f00a4e38f6fce3a17114d3abb""}"
337,10,2.2378163165824625,1.0,6,0.47630996810097936,0.518889877536195,0.004800154362825642,0.23815498405048968,0.23815498405048968,0.518889877536195,0.004800154362825642,0.0,0.0,"{""edc_18q:1dpu_t8"":""cf23b184355b080f3bead1d9d754a3c2c295746793109413aedfff30da27b94e"",""edc_18q:4dpu_t8"":""cf23b184355b080f3bead1d9d754a3c2c295746793109413aedfff30da27b94e"",""ghz_chain_18q:1dpu_t8"":""9f9e62a16e205e4bd5eb1d1b8f62cade3177ef00fa9bd4dc15c899a41b00d3d0"",""ghz_chain_18q:4dpu_t8"":""9f9e62a16e205e4bd5eb1d1b8f62cade3177ef00fa9bd4dc15c899a41b00d3d0"",""hs_18q_d1:1dpu_t8"":""bf83ea123bc85b30f3c7f1f8a0de47c8366352fc37c099890eab75c8cba62cb8"",""hs_18q_d1:4dpu_t8"":""bf83ea123bc85b30f3c7f1f8a0de47c8366352fc37c099890eab75c8cba62cb8"",""quantization_stress_18q_l2:1dpu_t8"":""e56fd025e7fdf900c75302bb6e7212f78d89deef09b236732a001e9f5c5001c1"",""quantization_stress_18q_l2:4dpu_t8"":""e56fd025e7fdf900c75302bb6e7212f78d89deef09b236732a001e9f5c5001c1""}"
338,10,2.2136233968785035,1.0,6,0.47630996810097936,0.518889877536195,0.004800154362825642,0.23815498405048968,0.23815498405048968,0.518889877536195,0.004800154362825642,0.0,0.0,"{""edc_18q:1dpu_t8"":""cf23b184355b080f3bead1d9d754a3c2c295746793109413aedfff30da27b94e"",""edc_18q:4dpu_t8"":""cf23b184355b080f3bead1d9d754a3c2c295746793109413aedfff30da27b94e"",""ghz_chain_18q:1dpu_t8"":""9f9e62a16e205e4bd5eb1d1b8f62cade3177ef00fa9bd4dc15c899a41b00d3d0"",""ghz_chain_18q:4dpu_t8"":""9f9e62a16e205e4bd5eb1d1b8f62cade3177ef00fa9bd4dc15c899a41b00d3d0"",""hs_18q_d1:1dpu_t8"":""bf83ea123bc85b30f3c7f1f8a0de47c8366352fc37c099890eab75c8cba62cb8"",""hs_18q_d1:4dpu_t8"":""bf83ea123bc85b30f3c7f1f8a0de47c8366352fc37c099890eab75c8cba62cb8"",""quantization_stress_18q_l2:1dpu_t8"":""e56fd025e7fdf900c75302bb6e7212f78d89deef09b236732a001e9f5c5001c1"",""quantization_stress_18q_l2:4dpu_t8"":""e56fd025e7fdf900c75302bb6e7212f78d89deef09b236732a001e9f5c5001c1""}"
339,9,2.227691579095267,1.0,7,0.5414741851996391,0.45232358896253566,0.006202225837825213,0.27073709259981954,0.27073709259981954,0.45232358896253566,0.006202225837825213,0.0,0.0,"{""edc_18q:1dpu_t8"":""cf23b184355b080f3bead1d9d754a3c2c295746793109413aedfff30da27b94e"",""edc_18q:4dpu_t8"":""cf23b184355b080f3bead1d9d754a3c2c295746793109413aedfff30da27b94e"",""ghz_chain_18q:1dpu_t8"":""9f9e62a16e205e4bd5eb1d1b8f62cade3177ef00fa9bd4dc15c899a41b00d3d0"",""ghz_chain_18q:4dpu_t8"":""9f9e62a16e205e4bd5eb1d1b8f62cade3177ef00fa9bd4dc15c899a41b00d3d0"",""hs_18q_d1:1dpu_t8"":""bf83ea123bc85b30f3c7f1f8a0de47c8366352fc37c099890eab75c8cba62cb8"",""hs_18q_d1:4dpu_t8"":""0f172b4535a71fb59dd5d4f406df828c33333cda1113d1c71db08b5d0e989d1e"",""quantization_stress_18q_l2:1dpu_t8"":""e56fd025e7fdf900c75302bb6e7212f78d89deef09b236732a001e9f5c5001c1"",""quantization_stress_18q_l2:4dpu_t8"":""e56fd025e7fdf900c75302bb6e7212f78d89deef09b236732a001e9f5c5001c1""}"
340,9,2.2456211917834232,1.0,7,0.5414741851996391,0.45232358896253566,0.006202225837825213,0.27073709259981954,0.27073709259981954,0.45232358896253566,0.006202225837825213,0.0,0.0,"{""edc_18q:1dpu_t8"":""cf23b184355b080f3bead1d9d754a3c2c295746793109413aedfff30da27b94e"",""edc_18q:4dpu_t8"":""cf23b184355b080f3bead1d9d754a3c2c295746793109413aedfff30da27b94e"",""ghz_chain_18q:1dpu_t8"":""9f9e62a16e205e4bd5eb1d1b8f62cade3177ef00fa9bd4dc15c899a41b00d3d0"",""ghz_chain_18q:4dpu_t8"":""9f9e62a16e205e4bd5eb1d1b8f62cade3177ef00fa9bd4dc15c899a41b00d3d0"",""hs_18q_d1:1dpu_t8"":""bf83ea123bc85b30f3c7f1f8a0de47c8366352fc37c099890eab75c8cba62cb8"",""hs_18q_d1:4dpu_t8"":""0f172b4535a71fb59dd5d4f406df828c33333cda1113d1c71db08b5d0e989d1e"",""quantization_stress_18q_l2:1dpu_t8"":""e56fd025e7fdf900c75302bb6e7212f78d89deef09b236732a001e9f5c5001c1"",""quantization_stress_18q_l2:4dpu_t8"":""e56fd025e7fdf900c75302bb6e7212f78d89deef09b236732a001e9f5c5001c1""}"
341,10,2.2472445422146072,1.0,6,0.47630996810097936,0.518889877536195,0.004800154362825642,0.23815498405048968,0.23815498405048968,0.518889877536195,0.004800154362825642,0.0,0.0,"{""edc_18q:1dpu_t8"":""cf23b184355b080f3bead1d9d754a3c2c295746793109413aedfff30da27b94e"",""edc_18q:4dpu_t8"":""cf23b184355b080f3bead1d9d754a3c2c295746793109413aedfff30da27b94e"",""ghz_chain_18q:1dpu_t8"":""9f9e62a16e205e4bd5eb1d1b8f62cade3177ef00fa9bd4dc15c899a41b00d3d0"",""ghz_chain_18q:4dpu_t8"":""9f9e62a16e205e4bd5eb1d1b8f62cade3177ef00fa9bd4dc15c899a41b00d3d0"",""hs_18q_d1:1dpu_t8"":""bf83ea123bc85b30f3c7f1f8a0de47c8366352fc37c099890eab75c8cba62cb8"",""hs_18q_d1:4dpu_t8"":""bf83ea123bc85b30f3c7f1f8a0de47c8366352fc37c099890eab75c8cba62cb8"",""quantization_stress_18q_l2:1dpu_t8"":""e56fd025e7fdf900c75302bb6e7212f78d89deef09b236732a001e9f5c5001c1"",""quantization_stress_18q_l2:4dpu_t8"":""e56fd025e7fdf900c75302bb6e7212f78d89deef09b236732a001e9f5c5001c1""}"
342,10,2.229115447332228,1.0,6,0.47630996810097936,0.518889877536195,0.004800154362825642,0.23815498405048968,0.23815498405048968,0.518889877536195,0.004800154362825642,0.0,0.0,"{""edc_18q:1dpu_t8"":""cf23b184355b080f3bead1d9d754a3c2c295746793109413aedfff30da27b94e"",""edc_18q:4dpu_t8"":""cf23b184355b080f3bead1d9d754a3c2c295746793109413aedfff30da27b94e"",""ghz_chain_18q:1dpu_t8"":""9f9e62a16e205e4bd5eb1d1b8f62cade3177ef00fa9bd4dc15c899a41b00d3d0"",""ghz_chain_18q:4dpu_t8"":""9f9e62a16e205e4bd5eb1d1b8f62cade3177ef00fa9bd4dc15c899a41b00d3d0"",""hs_18q_d1:1dpu_t8"":""bf83ea123bc85b30f3c7f1f8a0de47c8366352fc37c099890eab75c8cba62cb8"",""hs_18q_d1:4dpu_t8"":""bf83ea123bc85b30f3c7f1f8a0de47c8366352fc37c099890eab75c8cba62cb8"",""quantization_stress_18q_l2:1dpu_t8"":""e56fd025e7fdf900c75302bb6e7212f78d89deef09b236732a001e9f5c5001c1"",""quantization_stress_18q_l2:4dpu_t8"":""e56fd025e7fdf900c75302bb6e7212f78d89deef09b236732a001e9f5c5001c1""}"
343,5,2.264626360041608,1.0,6,0.024368166273412584,0.9754242110524387,0.00020762267414873057,0.012184083136706292,0.012184083136706292,0.9754242110524387,0.00020762267414873057,0.0,0.0,"{""edc_18q:1dpu_t8"":""cf23b184355b080f3bead1d9d754a3c2c295746793109413aedfff30da27b94e"",""edc_18q:4dpu_t8"":""cf23b184355b080f3bead1d9d754a3c2c295746793109413aedfff30da27b94e"",""ghz_chain_18q:1dpu_t8"":""9f9e62a16e205e4bd5eb1d1b8f62cade3177ef00fa9bd4dc15c899a41b00d3d0"",""ghz_chain_18q:4dpu_t8"":""9f9e62a16e205e4bd5eb1d1b8f62cade3177ef00fa9bd4dc15c899a41b00d3d0"",""hs_18q_d1:1dpu_t8"":""bf83ea123bc85b30f3c7f1f8a0de47c8366352fc37c099890eab75c8cba62cb8"",""hs_18q_d1:4dpu_t8"":""bf83ea123bc85b30f3c7f1f8a0de47c8366352fc37c099890eab75c8cba62cb8"",""quantization_stress_18q_l2:1dpu_t8"":""9d1e1ae9a325d84cef97b0fd9beffa9d4b3d783f00a4e38f6fce3a17114d3abb"",""quantization_stress_18q_l2:4dpu_t8"":""9d1e1ae9a325d84cef97b0fd9beffa9d4b3d783f00a4e38f6fce3a17114d3abb""}"
344,5,2.2389567313867276,1.0,6,0.024368166273412584,0.9754242110524387,0.00020762267414873057,0.012184083136706292,0.012184083136706292,0.9754242110524387,0.00020762267414873057,0.0,0.0,"{""edc_18q:1dpu_t8"":""cf23b184355b080f3bead1d9d754a3c2c295746793109413aedfff30da27b94e"",""edc_18q:4dpu_t8"":""cf23b184355b080f3bead1d9d754a3c2c295746793109413aedfff30da27b94e"",""ghz_chain_18q:1dpu_t8"":""9f9e62a16e205e4bd5eb1d1b8f62cade3177ef00fa9bd4dc15c899a41b00d3d0"",""ghz_chain_18q:4dpu_t8"":""9f9e62a16e205e4bd5eb1d1b8f62cade3177ef00fa9bd4dc15c899a41b00d3d0"",""hs_18q_d1:1dpu_t8"":""bf83ea123bc85b30f3c7f1f8a0de47c8366352fc37c099890eab75c8cba62cb8"",""hs_18q_d1:4dpu_t8"":""bf83ea123bc85b30f3c7f1f8a0de47c8366352fc37c099890eab75c8cba62cb8"",""quantization_stress_18q_l2:1dpu_t8"":""9d1e1ae9a325d84cef97b0fd9beffa9d4b3d783f00a4e38f6fce3a17114d3abb"",""quantization_stress_18q_l2:4dpu_t8"":""9d1e1ae9a325d84cef97b0fd9beffa9d4b3d783f00a4e38f6fce3a17114d3abb""}"
345,4,2.2449255181368972,1.0,7,0.22063680206282787,0.7768451800394555,0.002518017897716659,0.11031840103141394,0.11031840103141394,0.7768451800394555,0.002518017897716659,0.0,0.0,"{""edc_18q:1dpu_t8"":""cf23b184355b080f3bead1d9d754a3c2c295746793109413aedfff30da27b94e"",""edc_18q:4dpu_t8"":""cf23b184355b080f3bead1d9d754a3c2c295746793109413aedfff30da27b94e"",""ghz_chain_18q:1dpu_t8"":""9f9e62a16e205e4bd5eb1d1b8f62cade3177ef00fa9bd4dc15c899a41b00d3d0"",""ghz_chain_18q:4dpu_t8"":""9f9e62a16e205e4bd5eb1d1b8f62cade3177ef00fa9bd4dc15c899a41b00d3d0"",""hs_18q_d1:1dpu_t8"":""bf83ea123bc85b30f3c7f1f8a0de47c8366352fc37c099890eab75c8cba62cb8"",""hs_18q_d1:4dpu_t8"":""0f172b4535a71fb59dd5d4f406df828c33333cda1113d1c71db08b5d0e989d1e"",""quantization_stress_18q_l2:1dpu_t8"":""9d1e1ae9a325d84cef97b0fd9beffa9d4b3d783f00a4e38f6fce3a17114d3abb"",""quantization_stress_18q_l2:4dpu_t8"":""9d1e1ae9a325d84cef97b0fd9beffa9d4b3d783f00a4e38f6fce3a17114d3abb""}"
346,4,2.258107960489347,1.0,7,0.22063680206282787,0.7768451800394555,0.002518017897716659,0.11031840103141394,0.11031840103141394,0.7768451800394555,0.002518017897716659,0.0,0.0,"{""edc_18q:1dpu_t8"":""cf23b184355b080f3bead1d9d754a3c2c295746793109413aedfff30da27b94e"",""edc_18q:4dpu_t8"":""cf23b184355b080f3bead1d9d754a3c2c295746793109413aedfff30da27b94e"",""ghz_chain_18q:1dpu_t8"":""9f9e62a16e205e4bd5eb1d1b8f62cade3177ef00fa9bd4dc15c899a41b00d3d0"",""ghz_chain_18q:4dpu_t8"":""9f9e62a16e205e4bd5eb1d1b8f62cade3177ef00fa9bd4dc15c899a41b00d3d0"",""hs_18q_d1:1dpu_t8"":""bf83ea123bc85b30f3c7f1f8a0de47c8366352fc37c099890eab75c8cba62cb8"",""hs_18q_d1:4dpu_t8"":""0f172b4535a71fb59dd5d4f406df828c33333cda1113d1c71db08b5d0e989d1e"",""quantization_stress_18q_l2:1dpu_t8"":""9d1e1ae9a325d84cef97b0fd9beffa9d4b3d783f00a4e38f6fce3a17114d3abb"",""quantization_stress_18q_l2:4dpu_t8"":""9d1e1ae9a325d84cef97b0fd9beffa9d4b3d783f00a4e38f6fce3a17114d3abb""}"
347,5,2.242658531205756,1.0,6,0.024368166273412584,0.9754242110524387,0.00020762267414873057,0.012184083136706292,0.012184083136706292,0.9754242110524387,0.00020762267414873057,0.0,0.0,"{""edc_18q:1dpu_t8"":""cf23b184355b080f3bead1d9d754a3c2c295746793109413aedfff30da27b94e"",""edc_18q:4dpu_t8"":""cf23b184355b080f3bead1d9d754a3c2c295746793109413aedfff30da27b94e"",""ghz_chain_18q:1dpu_t8"":""9f9e62a16e205e4bd5eb1d1b8f62cade3177ef00fa9bd4dc15c899a41b00d3d0"",""ghz_chain_18q:4dpu_t8"":""9f9e62a16e205e4bd5eb1d1b8f62cade3177ef00fa9bd4dc15c899a41b00d3d0"",""hs_18q_d1:1dpu_t8"":""bf83ea123bc85b30f3c7f1f8a0de47c8366352fc37c099890eab75c8cba62cb8"",""hs_18q_d1:4dpu_t8"":""bf83ea123bc85b30f3c7f1f8a0de47c8366352fc37c099890eab75c8cba62cb8"",""quantization_stress_18q_l2:1dpu_t8"":""9d1e1ae9a325d84cef97b0fd9beffa9d4b3d783f00a4e38f6fce3a17114d3abb"",""quantization_stress_18q_l2:4dpu_t8"":""9d1e1ae9a325d84cef97b0fd9beffa9d4b3d783f00a4e38f6fce3a17114d3abb""}"
348,9,2.2201371433038486,1.0,7,0.5414741851996391,0.45232358896253566,0.006202225837825213,0.27073709259981954,0.27073709259981954,0.45232358896253566,0.006202225837825213,0.0,0.0,"{""edc_18q:1dpu_t8"":""cf23b184355b080f3bead1d9d754a3c2c295746793109413aedfff30da27b94e"",""edc_18q:4dpu_t8"":""cf23b184355b080f3bead1d9d754a3c2c295746793109413aedfff30da27b94e"",""ghz_chain_18q:1dpu_t8"":""9f9e62a16e205e4bd5eb1d1b8f62cade3177ef00fa9bd4dc15c899a41b00d3d0"",""ghz_chain_18q:4dpu_t8"":""9f9e62a16e205e4bd5eb1d1b8f62cade3177ef00fa9bd4dc15c899a41b00d3d0"",""hs_18q_d1:1dpu_t8"":""bf83ea123bc85b30f3c7f1f8a0de47c8366352fc37c099890eab75c8cba62cb8"",""hs_18q_d1:4dpu_t8"":""0f172b4535a71fb59dd5d4f406df828c33333cda1113d1c71db08b5d0e989d1e"",""quantization_stress_18q_l2:1dpu_t8"":""e56fd025e7fdf900c75302bb6e7212f78d89deef09b236732a001e9f5c5001c1"",""quantization_stress_18q_l2:4dpu_t8"":""e56fd025e7fdf900c75302bb6e7212f78d89deef09b236732a001e9f5c5001c1""}"
349,4,2.247422883538305,1.0,7,0.22063680206282787,0.7768451800394555,0.002518017897716659,0.11031840103141394,0.11031840103141394,0.7768451800394555,0.002518017897716659,0.0,0.0,"{""edc_18q:1dpu_t8"":""cf23b184355b080f3bead1d9d754a3c2c295746793109413aedfff30da27b94e"",""edc_18q:4dpu_t8"":""cf23b184355b080f3bead1d9d754a3c2c295746793109413aedfff30da27b94e"",""ghz_chain_18q:1dpu_t8"":""9f9e62a16e205e4bd5eb1d1b8f62cade3177ef00fa9bd4dc15c899a41b00d3d0"",""ghz_chain_18q:4dpu_t8"":""9f9e62a16e205e4bd5eb1d1b8f62cade3177ef00fa9bd4dc15c899a41b00d3d0"",""hs_18q_d1:1dpu_t8"":""bf83ea123bc85b30f3c7f1f8a0de47c8366352fc37c099890eab75c8cba62cb8"",""hs_18q_d1:4dpu_t8"":""0f172b4535a71fb59dd5d4f406df828c33333cda1113d1c71db08b5d0e989d1e"",""quantization_stress_18q_l2:1dpu_t8"":""9d1e1ae9a325d84cef97b0fd9beffa9d4b3d783f00a4e38f6fce3a17114d3abb"",""quantization_stress_18q_l2:4dpu_t8"":""9d1e1ae9a325d84cef97b0fd9beffa9d4b3d783f00a4e38f6fce3a17114d3abb""}"
350,4,2.239363934102279,1.0,7,0.22063680206282787,0.7768451800394555,0.002518017897716659,0.11031840103141394,0.11031840103141394,0.7768451800394555,0.002518017897716659,0.0,0.0,"{""edc_18q:1dpu_t8"":""cf23b184355b080f3bead1d9d754a3c2c295746793109413aedfff30da27b94e"",""edc_18q:4dpu_t8"":""cf23b184355b080f3bead1d9d754a3c2c295746793109413aedfff30da27b94e"",""ghz_chain_18q:1dpu_t8"":""9f9e62a16e205e4bd5eb1d1b8f62cade3177ef00fa9bd4dc15c899a41b00d3d0"",""ghz_chain_18q:4dpu_t8"":""9f9e62a16e205e4bd5eb1d1b8f62cade3177ef00fa9bd4dc15c899a41b00d3d0"",""hs_18q_d1:1dpu_t8"":""bf83ea123bc85b30f3c7f1f8a0de47c8366352fc37c099890eab75c8cba62cb8"",""hs_18q_d1:4dpu_t8"":""0f172b4535a71fb59dd5d4f406df828c33333cda1113d1c71db08b5d0e989d1e"",""quantization_stress_18q_l2:1dpu_t8"":""9d1e1ae9a325d84cef97b0fd9beffa9d4b3d783f00a4e38f6fce3a17114d3abb"",""quantization_stress_18q_l2:4dpu_t8"":""9d1e1ae9a325d84cef97b0fd9beffa9d4b3d783f00a4e38f6fce3a17114d3abb""}"
351,5,2.2429168509062185,1.0,6,0.024368166273412584,0.9754242110524387,0.00020762267414873057,0.012184083136706292,0.012184083136706292,0.9754242110524387,0.00020762267414873057,0.0,0.0,"{""edc_18q:1dpu_t8"":""cf23b184355b080f3bead1d9d754a3c2c295746793109413aedfff30da27b94e"",""edc_18q:4dpu_t8"":""cf23b184355b080f3bead1d9d754a3c2c295746793109413aedfff30da27b94e"",""ghz_chain_18q:1dpu_t8"":""9f9e62a16e205e4bd5eb1d1b8f62cade3177ef00fa9bd4dc15c899a41b00d3d0"",""ghz_chain_18q:4dpu_t8"":""9f9e62a16e205e4bd5eb1d1b8f62cade3177ef00fa9bd4dc15c899a41b00d3d0"",""hs_18q_d1:1dpu_t8"":""bf83ea123bc85b30f3c7f1f8a0de47c8366352fc37c099890eab75c8cba62cb8"",""hs_18q_d1:4dpu_t8"":""bf83ea123bc85b30f3c7f1f8a0de47c8366352fc37c099890eab75c8cba62cb8"",""quantization_stress_18q_l2:1dpu_t8"":""9d1e1ae9a325d84cef97b0fd9beffa9d4b3d783f00a4e38f6fce3a17114d3abb"",""quantization_stress_18q_l2:4dpu_t8"":""9d1e1ae9a325d84cef97b0fd9beffa9d4b3d783f00a4e38f6fce3a17114d3abb""}"
352,4,2.2538024453771506,1.0,7,0.22063680206282787,0.7768451800394555,0.002518017897716659,0.11031840103141394,0.11031840103141394,0.7768451800394555,0.002518017897716659,0.0,0.0,"{""edc_18q:1dpu_t8"":""cf23b184355b080f3bead1d9d754a3c2c295746793109413aedfff30da27b94e"",""edc_18q:4dpu_t8"":""cf23b184355b080f3bead1d9d754a3c2c295746793109413aedfff30da27b94e"",""ghz_chain_18q:1dpu_t8"":""9f9e62a16e205e4bd5eb1d1b8f62cade3177ef00fa9bd4dc15c899a41b00d3d0"",""ghz_chain_18q:4dpu_t8"":""9f9e62a16e205e4bd5eb1d1b8f62cade3177ef00fa9bd4dc15c899a41b00d3d0"",""hs_18q_d1:1dpu_t8"":""bf83ea123bc85b30f3c7f1f8a0de47c8366352fc37c099890eab75c8cba62cb8"",""hs_18q_d1:4dpu_t8"":""0f172b4535a71fb59dd5d4f406df828c33333cda1113d1c71db08b5d0e989d1e"",""quantization_stress_18q_l2:1dpu_t8"":""9d1e1ae9a325d84cef97b0fd9beffa9d4b3d783f00a4e38f6fce3a17114d3abb"",""quantization_stress_18q_l2:4dpu_t8"":""9d1e1ae9a325d84cef97b0fd9beffa9d4b3d783f00a4e38f6fce3a17114d3abb""}"
353,5,2.2564999530222734,1.0,6,0.024368166273412584,0.9754242110524387,0.00020762267414873057,0.012184083136706292,0.012184083136706292,0.9754242110524387,0.00020762267414873057,0.0,0.0,"{""edc_18q:1dpu_t8"":""cf23b184355b080f3bead1d9d754a3c2c295746793109413aedfff30da27b94e"",""edc_18q:4dpu_t8"":""cf23b184355b080f3bead1d9d754a3c2c295746793109413aedfff30da27b94e"",""ghz_chain_18q:1dpu_t8"":""9f9e62a16e205e4bd5eb1d1b8f62cade3177ef00fa9bd4dc15c899a41b00d3d0"",""ghz_chain_18q:4dpu_t8"":""9f9e62a16e205e4bd5eb1d1b8f62cade3177ef00fa9bd4dc15c899a41b00d3d0"",""hs_18q_d1:1dpu_t8"":""bf83ea123bc85b30f3c7f1f8a0de47c8366352fc37c099890eab75c8cba62cb8"",""hs_18q_d1:4dpu_t8"":""bf83ea123bc85b30f3c7f1f8a0de47c8366352fc37c099890eab75c8cba62cb8"",""quantization_stress_18q_l2:1dpu_t8"":""9d1e1ae9a325d84cef97b0fd9beffa9d4b3d783f00a4e38f6fce3a17114d3abb"",""quantization_stress_18q_l2:4dpu_t8"":""9d1e1ae9a325d84cef97b0fd9beffa9d4b3d783f00a4e38f6fce3a17114d3abb""}"
354,5,2.2492265606039745,1.0,6,0.024368166273412584,0.9754242110524387,0.00020762267414873057,0.012184083136706292,0.012184083136706292,0.9754242110524387,0.00020762267414873057,0.0,0.0,"{""edc_18q:1dpu_t8"":""cf23b184355b080f3bead1d9d754a3c2c295746793109413aedfff30da27b94e"",""edc_18q:4dpu_t8"":""cf23b184355b080f3bead1d9d754a3c2c295746793109413aedfff30da27b94e"",""ghz_chain_18q:1dpu_t8"":""9f9e62a16e205e4bd5eb1d1b8f62cade3177ef00fa9bd4dc15c899a41b00d3d0"",""ghz_chain_18q:4dpu_t8"":""9f9e62a16e205e4bd5eb1d1b8f62cade3177ef00fa9bd4dc15c899a41b00d3d0"",""hs_18q_d1:1dpu_t8"":""bf83ea123bc85b30f3c7f1f8a0de47c8366352fc37c099890eab75c8cba62cb8"",""hs_18q_d1:4dpu_t8"":""bf83ea123bc85b30f3c7f1f8a0de47c8366352fc37c099890eab75c8cba62cb8"",""quantization_stress_18q_l2:1dpu_t8"":""9d1e1ae9a325d84cef97b0fd9beffa9d4b3d783f00a4e38f6fce3a17114d3abb"",""quantization_stress_18q_l2:4dpu_t8"":""9d1e1ae9a325d84cef97b0fd9beffa9d4b3d783f00a4e38f6fce3a17114d3abb""}"
355,4,2.2404322986456573,1.0,7,0.22063680206282787,0.7768451800394555,0.002518017897716659,0.11031840103141394,0.11031840103141394,0.7768451800394555,0.002518017897716659,0.0,0.0,"{""edc_18q:1dpu_t8"":""cf23b184355b080f3bead1d9d754a3c2c295746793109413aedfff30da27b94e"",""edc_18q:4dpu_t8"":""cf23b184355b080f3bead1d9d754a3c2c295746793109413aedfff30da27b94e"",""ghz_chain_18q:1dpu_t8"":""9f9e62a16e205e4bd5eb1d1b8f62cade3177ef00fa9bd4dc15c899a41b00d3d0"",""ghz_chain_18q:4dpu_t8"":""9f9e62a16e205e4bd5eb1d1b8f62cade3177ef00fa9bd4dc15c899a41b00d3d0"",""hs_18q_d1:1dpu_t8"":""bf83ea123bc85b30f3c7f1f8a0de47c8366352fc37c099890eab75c8cba62cb8"",""hs_18q_d1:4dpu_t8"":""0f172b4535a71fb59dd5d4f406df828c33333cda1113d1c71db08b5d0e989d1e"",""quantization_stress_18q_l2:1dpu_t8"":""9d1e1ae9a325d84cef97b0fd9beffa9d4b3d783f00a4e38f6fce3a17114d3abb"",""quantization_stress_18q_l2:4dpu_t8"":""9d1e1ae9a325d84cef97b0fd9beffa9d4b3d783f00a4e38f6fce3a17114d3abb""}"
356,10,2.2535174528085204,1.0,6,0.47630996810097936,0.518889877536195,0.004800154362825642,0.23815498405048968,0.23815498405048968,0.518889877536195,0.004800154362825642,0.0,0.0,"{""edc_18q:1dpu_t8"":""cf23b184355b080f3bead1d9d754a3c2c295746793109413aedfff30da27b94e"",""edc_18q:4dpu_t8"":""cf23b184355b080f3bead1d9d754a3c2c295746793109413aedfff30da27b94e"",""ghz_chain_18q:1dpu_t8"":""9f9e62a16e205e4bd5eb1d1b8f62cade3177ef00fa9bd4dc15c899a41b00d3d0"",""ghz_chain_18q:4dpu_t8"":""9f9e62a16e205e4bd5eb1d1b8f62cade3177ef00fa9bd4dc15c899a41b00d3d0"",""hs_18q_d1:1dpu_t8"":""bf83ea123bc85b30f3c7f1f8a0de47c8366352fc37c099890eab75c8cba62cb8"",""hs_18q_d1:4dpu_t8"":""bf83ea123bc85b30f3c7f1f8a0de47c8366352fc37c099890eab75c8cba62cb8"",""quantization_stress_18q_l2:1dpu_t8"":""e56fd025e7fdf900c75302bb6e7212f78d89deef09b236732a001e9f5c5001c1"",""quantization_stress_18q_l2:4dpu_t8"":""e56fd025e7fdf900c75302bb6e7212f78d89deef09b236732a001e9f5c5001c1""}"
357,10,2.238960524652706,1.0,6,0.47630996810097936,0.518889877536195,0.004800154362825642,0.23815498405048968,0.23815498405048968,0.518889877536195,0.004800154362825642,0.0,0.0,"{""edc_18q:1dpu_t8"":""cf23b184355b080f3bead1d9d754a3c2c295746793109413aedfff30da27b94e"",""edc_18q:4dpu_t8"":""cf23b184355b080f3bead1d9d754a3c2c295746793109413aedfff30da27b94e"",""ghz_chain_18q:1dpu_t8"":""9f9e62a16e205e4bd5eb1d1b8f62cade3177ef00fa9bd4dc15c899a41b00d3d0"",""ghz_chain_18q:4dpu_t8"":""9f9e62a16e205e4bd5eb1d1b8f62cade3177ef00fa9bd4dc15c899a41b00d3d0"",""hs_18q_d1:1dpu_t8"":""bf83ea123bc85b30f3c7f1f8a0de47c8366352fc37c099890eab75c8cba62cb8"",""hs_18q_d1:4dpu_t8"":""bf83ea123bc85b30f3c7f1f8a0de47c8366352fc37c099890eab75c8cba62cb8"",""quantization_stress_18q_l2:1dpu_t8"":""e56fd025e7fdf900c75302bb6e7212f78d89deef09b236732a001e9f5c5001c1"",""quantization_stress_18q_l2:4dpu_t8"":""e56fd025e7fdf900c75302bb6e7212f78d89deef09b236732a001e9f5c5001c1""}"
358,4,2.2586687048484935,1.0,7,0.22063680206282787,0.7768451800394555,0.002518017897716659,0.11031840103141394,0.11031840103141394,0.7768451800394555,0.002518017897716659,0.0,0.0,"{""edc_18q:1dpu_t8"":""cf23b184355b080f3bead1d9d754a3c2c295746793109413aedfff30da27b94e"",""edc_18q:4dpu_t8"":""cf23b184355b080f3bead1d9d754a3c2c295746793109413aedfff30da27b94e"",""ghz_chain_18q:1dpu_t8"":""9f9e62a16e205e4bd5eb1d1b8f62cade3177ef00fa9bd4dc15c899a41b00d3d0"",""ghz_chain_18q:4dpu_t8"":""9f9e62a16e205e4bd5eb1d1b8f62cade3177ef00fa9bd4dc15c899a41b00d3d0"",""hs_18q_d1:1dpu_t8"":""bf83ea123bc85b30f3c7f1f8a0de47c8366352fc37c099890eab75c8cba62cb8"",""hs_18q_d1:4dpu_t8"":""0f172b4535a71fb59dd5d4f406df828c33333cda1113d1c71db08b5d0e989d1e"",""quantization_stress_18q_l2:1dpu_t8"":""9d1e1ae9a325d84cef97b0fd9beffa9d4b3d783f00a4e38f6fce3a17114d3abb"",""quantization_stress_18q_l2:4dpu_t8"":""9d1e1ae9a325d84cef97b0fd9beffa9d4b3d783f00a4e38f6fce3a17114d3abb""}"
359,5,2.2281054121483397,1.0,6,0.024368166273412584,0.9754242110524387,0.00020762267414873057,0.012184083136706292,0.012184083136706292,0.9754242110524387,0.00020762267414873057,0.0,0.0,"{""edc_18q:1dpu_t8"":""cf23b184355b080f3bead1d9d754a3c2c295746793109413aedfff30da27b94e"",""edc_18q:4dpu_t8"":""cf23b184355b080f3bead1d9d754a3c2c295746793109413aedfff30da27b94e"",""ghz_chain_18q:1dpu_t8"":""9f9e62a16e205e4bd5eb1d1b8f62cade3177ef00fa9bd4dc15c899a41b00d3d0"",""ghz_chain_18q:4dpu_t8"":""9f9e62a16e205e4bd5eb1d1b8f62cade3177ef00fa9bd4dc15c899a41b00d3d0"",""hs_18q_d1:1dpu_t8"":""bf83ea123bc85b30f3c7f1f8a0de47c8366352fc37c099890eab75c8cba62cb8"",""hs_18q_d1:4dpu_t8"":""bf83ea123bc85b30f3c7f1f8a0de47c8366352fc37c099890eab75c8cba62cb8"",""quantization_stress_18q_l2:1dpu_t8"":""9d1e1ae9a325d84cef97b0fd9beffa9d4b3d783f00a4e38f6fce3a17114d3abb"",""quantization_stress_18q_l2:4dpu_t8"":""9d1e1ae9a325d84cef97b0fd9beffa9d4b3d783f00a4e38f6fce3a17114d3abb""}"
360,5,2.224452692286891,1.0,6,0.024368166273412584,0.9754242110524387,0.00020762267414873057,0.012184083136706292,0.012184083136706292,0.9754242110524387,0.00020762267414873057,0.0,0.0,"{""edc_18q:1dpu_t8"":""cf23b184355b080f3bead1d9d754a3c2c295746793109413aedfff30da27b94e"",""edc_18q:4dpu_t8"":""cf23b184355b080f3bead1d9d754a3c2c295746793109413aedfff30da27b94e"",""ghz_chain_18q:1dpu_t8"":""9f9e62a16e205e4bd5eb1d1b8f62cade3177ef00fa9bd4dc15c899a41b00d3d0"",""ghz_chain_18q:4dpu_t8"":""9f9e62a16e205e4bd5eb1d1b8f62cade3177ef00fa9bd4dc15c899a41b00d3d0"",""hs_18q_d1:1dpu_t8"":""bf83ea123bc85b30f3c7f1f8a0de47c8366352fc37c099890eab75c8cba62cb8"",""hs_18q_d1:4dpu_t8"":""bf83ea123bc85b30f3c7f1f8a0de47c8366352fc37c099890eab75c8cba62cb8"",""quantization_stress_18q_l2:1dpu_t8"":""9d1e1ae9a325d84cef97b0fd9beffa9d4b3d783f00a4e38f6fce3a17114d3abb"",""quantization_stress_18q_l2:4dpu_t8"":""9d1e1ae9a325d84cef97b0fd9beffa9d4b3d783f00a4e38f6fce3a17114d3abb""}"
361,5,2.2438355970520782,1.0,6,0.024368166273412584,0.9754242110524387,0.00020762267414873057,0.012184083136706292,0.012184083136706292,0.9754242110524387,0.00020762267414873057,0.0,0.0,"{""edc_18q:1dpu_t8"":""cf23b184355b080f3bead1d9d754a3c2c295746793109413aedfff30da27b94e"",""edc_18q:4dpu_t8"":""cf23b184355b080f3bead1d9d754a3c2c295746793109413aedfff30da27b94e"",""ghz_chain_18q:1dpu_t8"":""9f9e62a16e205e4bd5eb1d1b8f62cade3177ef00fa9bd4dc15c899a41b00d3d0"",""ghz_chain_18q:4dpu_t8"":""9f9e62a16e205e4bd5eb1d1b8f62cade3177ef00fa9bd4dc15c899a41b00d3d0"",""hs_18q_d1:1dpu_t8"":""bf83ea123bc85b30f3c7f1f8a0de47c8366352fc37c099890eab75c8cba62cb8"",""hs_18q_d1:4dpu_t8"":""bf83ea123bc85b30f3c7f1f8a0de47c8366352fc37c099890eab75c8cba62cb8"",""quantization_stress_18q_l2:1dpu_t8"":""9d1e1ae9a325d84cef97b0fd9beffa9d4b3d783f00a4e38f6fce3a17114d3abb"",""quantization_stress_18q_l2:4dpu_t8"":""9d1e1ae9a325d84cef97b0fd9beffa9d4b3d783f00a4e38f6fce3a17114d3abb""}"
362,10,2.236676399495945,1.0,6,0.47630996810097936,0.518889877536195,0.004800154362825642,0.23815498405048968,0.23815498405048968,0.518889877536195,0.004800154362825642,0.0,0.0,"{""edc_18q:1dpu_t8"":""cf23b184355b080f3bead1d9d754a3c2c295746793109413aedfff30da27b94e"",""edc_18q:4dpu_t8"":""cf23b184355b080f3bead1d9d754a3c2c295746793109413aedfff30da27b94e"",""ghz_chain_18q:1dpu_t8"":""9f9e62a16e205e4bd5eb1d1b8f62cade3177ef00fa9bd4dc15c899a41b00d3d0"",""ghz_chain_18q:4dpu_t8"":""9f9e62a16e205e4bd5eb1d1b8f62cade3177ef00fa9bd4dc15c899a41b00d3d0"",""hs_18q_d1:1dpu_t8"":""bf83ea123bc85b30f3c7f1f8a0de47c8366352fc37c099890eab75c8cba62cb8"",""hs_18q_d1:4dpu_t8"":""bf83ea123bc85b30f3c7f1f8a0de47c8366352fc37c099890eab75c8cba62cb8"",""quantization_stress_18q_l2:1dpu_t8"":""e56fd025e7fdf900c75302bb6e7212f78d89deef09b236732a001e9f5c5001c1"",""quantization_stress_18q_l2:4dpu_t8"":""e56fd025e7fdf900c75302bb6e7212f78d89deef09b236732a001e9f5c5001c1""}"
363,9,2.243161309272567,1.0,7,0.5414741851996391,0.45232358896253566,0.006202225837825213,0.27073709259981954,0.27073709259981954,0.45232358896253566,0.006202225837825213,0.0,0.0,"{""edc_18q:1dpu_t8"":""cf23b184355b080f3bead1d9d754a3c2c295746793109413aedfff30da27b94e"",""edc_18q:4dpu_t8"":""cf23b184355b080f3bead1d9d754a3c2c295746793109413aedfff30da27b94e"",""ghz_chain_18q:1dpu_t8"":""9f9e62a16e205e4bd5eb1d1b8f62cade3177ef00fa9bd4dc15c899a41b00d3d0"",""ghz_chain_18q:4dpu_t8"":""9f9e62a16e205e4bd5eb1d1b8f62cade3177ef00fa9bd4dc15c899a41b00d3d0"",""hs_18q_d1:1dpu_t8"":""bf83ea123bc85b30f3c7f1f8a0de47c8366352fc37c099890eab75c8cba62cb8"",""hs_18q_d1:4dpu_t8"":""0f172b4535a71fb59dd5d4f406df828c33333cda1113d1c71db08b5d0e989d1e"",""quantization_stress_18q_l2:1dpu_t8"":""e56fd025e7fdf900c75302bb6e7212f78d89deef09b236732a001e9f5c5001c1"",""quantization_stress_18q_l2:4dpu_t8"":""e56fd025e7fdf900c75302bb6e7212f78d89deef09b236732a001e9f5c5001c1""}"
364,3,2.2671399710903684,0.997529052435953,7,0.0,1.0,0.0,0.0,0.0,1.0,0.0,0.0,0.0,"{""edc_18q:1dpu_t8"":""cf23b184355b080f3bead1d9d754a3c2c295746793109413aedfff30da27b94e"",""edc_18q:4dpu_t8"":""cf23b184355b080f3bead1d9d754a3c2c295746793109413aedfff30da27b94e"",""ghz_chain_18q:1dpu_t8"":""9f9e62a16e205e4bd5eb1d1b8f62cade3177ef00fa9bd4dc15c899a41b00d3d0"",""ghz_chain_18q:4dpu_t8"":""9f9e62a16e205e4bd5eb1d1b8f62cade3177ef00fa9bd4dc15c899a41b00d3d0"",""hs_18q_d1:1dpu_t8"":""0f172b4535a71fb59dd5d4f406df828c33333cda1113d1c71db08b5d0e989d1e"",""hs_18q_d1:4dpu_t8"":""0f172b4535a71fb59dd5d4f406df828c33333cda1113d1c71db08b5d0e989d1e"",""quantization_stress_18q_l2:1dpu_t8"":""9d1e1ae9a325d84cef97b0fd9beffa9d4b3d783f00a4e38f6fce3a17114d3abb"",""quantization_stress_18q_l2:4dpu_t8"":""9d1e1ae9a325d84cef97b0fd9beffa9d4b3d783f00a4e38f6fce3a17114d3abb""}"
365,10,2.234143556140166,1.0,6,0.47630996810097936,0.518889877536195,0.004800154362825642,0.23815498405048968,0.23815498405048968,0.518889877536195,0.004800154362825642,0.0,0.0,"{""edc_18q:1dpu_t8"":""cf23b184355b080f3bead1d9d754a3c2c295746793109413aedfff30da27b94e"",""edc_18q:4dpu_t8"":""cf23b184355b080f3bead1d9d754a3c2c295746793109413aedfff30da27b94e"",""ghz_chain_18q:1dpu_t8"":""9f9e62a16e205e4bd5eb1d1b8f62cade3177ef00fa9bd4dc15c899a41b00d3d0"",""ghz_chain_18q:4dpu_t8"":""9f9e62a16e205e4bd5eb1d1b8f62cade3177ef00fa9bd4dc15c899a41b00d3d0"",""hs_18q_d1:1dpu_t8"":""bf83ea123bc85b30f3c7f1f8a0de47c8366352fc37c099890eab75c8cba62cb8"",""hs_18q_d1:4dpu_t8"":""bf83ea123bc85b30f3c7f1f8a0de47c8366352fc37c099890eab75c8cba62cb8"",""quantization_stress_18q_l2:1dpu_t8"":""e56fd025e7fdf900c75302bb6e7212f78d89deef09b236732a001e9f5c5001c1"",""quantization_stress_18q_l2:4dpu_t8"":""e56fd025e7fdf900c75302bb6e7212f78d89deef09b236732a001e9f5c5001c1""}"
366,4,2.2699984333294387,1.0,7,0.22063680206282787,0.7768451800394555,0.002518017897716659,0.11031840103141394,0.11031840103141394,0.7768451800394555,0.002518017897716659,0.0,0.0,"{""edc_18q:1dpu_t8"":""cf23b184355b080f3bead1d9d754a3c2c295746793109413aedfff30da27b94e"",""edc_18q:4dpu_t8"":""cf23b184355b080f3bead1d9d754a3c2c295746793109413aedfff30da27b94e"",""ghz_chain_18q:1dpu_t8"":""9f9e62a16e205e4bd5eb1d1b8f62cade3177ef00fa9bd4dc15c899a41b00d3d0"",""ghz_chain_18q:4dpu_t8"":""9f9e62a16e205e4bd5eb1d1b8f62cade3177ef00fa9bd4dc15c899a41b00d3d0"",""hs_18q_d1:1dpu_t8"":""bf83ea123bc85b30f3c7f1f8a0de47c8366352fc37c099890eab75c8cba62cb8"",""hs_18q_d1:4dpu_t8"":""0f172b4535a71fb59dd5d4f406df828c33333cda1113d1c71db08b5d0e989d1e"",""quantization_stress_18q_l2:1dpu_t8"":""9d1e1ae9a325d84cef97b0fd9beffa9d4b3d783f00a4e38f6fce3a17114d3abb"",""quantization_stress_18q_l2:4dpu_t8"":""9d1e1ae9a325d84cef97b0fd9beffa9d4b3d783f00a4e38f6fce3a17114d3abb""}"
367,5,2.2430987219845897,1.0,6,0.024368166273412584,0.9754242110524387,0.00020762267414873057,0.012184083136706292,0.012184083136706292,0.9754242110524387,0.00020762267414873057,0.0,0.0,"{""edc_18q:1dpu_t8"":""cf23b184355b080f3bead1d9d754a3c2c295746793109413aedfff30da27b94e"",""edc_18q:4dpu_t8"":""cf23b184355b080f3bead1d9d754a3c2c295746793109413aedfff30da27b94e"",""ghz_chain_18q:1dpu_t8"":""9f9e62a16e205e4bd5eb1d1b8f62cade3177ef00fa9bd4dc15c899a41b00d3d0"",""ghz_chain_18q:4dpu_t8"":""9f9e62a16e205e4bd5eb1d1b8f62cade3177ef00fa9bd4dc15c899a41b00d3d0"",""hs_18q_d1:1dpu_t8"":""bf83ea123bc85b30f3c7f1f8a0de47c8366352fc37c099890eab75c8cba62cb8"",""hs_18q_d1:4dpu_t8"":""bf83ea123bc85b30f3c7f1f8a0de47c8366352fc37c099890eab75c8cba62cb8"",""quantization_stress_18q_l2:1dpu_t8"":""9d1e1ae9a325d84cef97b0fd9beffa9d4b3d783f00a4e38f6fce3a17114d3abb"",""quantization_stress_18q_l2:4dpu_t8"":""9d1e1ae9a325d84cef97b0fd9beffa9d4b3d783f00a4e38f6fce3a17114d3abb""}"
368,9,2.2334306802382873,1.0,7,0.5414741851996391,0.45232358896253566,0.006202225837825213,0.27073709259981954,0.27073709259981954,0.45232358896253566,0.006202225837825213,0.0,0.0,"{""edc_18q:1dpu_t8"":""cf23b184355b080f3bead1d9d754a3c2c295746793109413aedfff30da27b94e"",""edc_18q:4dpu_t8"":""cf23b184355b080f3bead1d9d754a3c2c295746793109413aedfff30da27b94e"",""ghz_chain_18q:1dpu_t8"":""9f9e62a16e205e4bd5eb1d1b8f62cade3177ef00fa9bd4dc15c899a41b00d3d0"",""ghz_chain_18q:4dpu_t8"":""9f9e62a16e205e4bd5eb1d1b8f62cade3177ef00fa9bd4dc15c899a41b00d3d0"",""hs_18q_d1:1dpu_t8"":""bf83ea123bc85b30f3c7f1f8a0de47c8366352fc37c099890eab75c8cba62cb8"",""hs_18q_d1:4dpu_t8"":""0f172b4535a71fb59dd5d4f406df828c33333cda1113d1c71db08b5d0e989d1e"",""quantization_stress_18q_l2:1dpu_t8"":""e56fd025e7fdf900c75302bb6e7212f78d89deef09b236732a001e9f5c5001c1"",""quantization_stress_18q_l2:4dpu_t8"":""e56fd025e7fdf900c75302bb6e7212f78d89deef09b236732a001e9f5c5001c1""}"
369,10,2.215680078532373,1.0,6,0.47630996810097936,0.518889877536195,0.004800154362825642,0.23815498405048968,0.23815498405048968,0.518889877536195,0.004800154362825642,0.0,0.0,"{""edc_18q:1dpu_t8"":""cf23b184355b080f3bead1d9d754a3c2c295746793109413aedfff30da27b94e"",""edc_18q:4dpu_t8"":""cf23b184355b080f3bead1d9d754a3c2c295746793109413aedfff30da27b94e"",""ghz_chain_18q:1dpu_t8"":""9f9e62a16e205e4bd5eb1d1b8f62cade3177ef00fa9bd4dc15c899a41b00d3d0"",""ghz_chain_18q:4dpu_t8"":""9f9e62a16e205e4bd5eb1d1b8f62cade3177ef00fa9bd4dc15c899a41b00d3d0"",""hs_18q_d1:1dpu_t8"":""bf83ea123bc85b30f3c7f1f8a0de47c8366352fc37c099890eab75c8cba62cb8"",""hs_18q_d1:4dpu_t8"":""bf83ea123bc85b30f3c7f1f8a0de47c8366352fc37c099890eab75c8cba62cb8"",""quantization_stress_18q_l2:1dpu_t8"":""e56fd025e7fdf900c75302bb6e7212f78d89deef09b236732a001e9f5c5001c1"",""quantization_stress_18q_l2:4dpu_t8"":""e56fd025e7fdf900c75302bb6e7212f78d89deef09b236732a001e9f5c5001c1""}"
370,8,2.2631768226174924,0.997529052435953,7,0.3715322706836804,0.40507521716230527,0.2233925121540143,0.1857661353418402,0.1857661353418402,0.40507521716230527,0.2233925121540143,0.0,0.0,"{""edc_18q:1dpu_t8"":""cf23b184355b080f3bead1d9d754a3c2c295746793109413aedfff30da27b94e"",""edc_18q:4dpu_t8"":""cf23b184355b080f3bead1d9d754a3c2c295746793109413aedfff30da27b94e"",""ghz_chain_18q:1dpu_t8"":""9f9e62a16e205e4bd5eb1d1b8f62cade3177ef00fa9bd4dc15c899a41b00d3d0"",""ghz_chain_18q:4dpu_t8"":""9f9e62a16e205e4bd5eb1d1b8f62cade3177ef00fa9bd4dc15c899a41b00d3d0"",""hs_18q_d1:1dpu_t8"":""0f172b4535a71fb59dd5d4f406df828c33333cda1113d1c71db08b5d0e989d1e"",""hs_18q_d1:4dpu_t8"":""0f172b4535a71fb59dd5d4f406df828c33333cda1113d1c71db08b5d0e989d1e"",""quantization_stress_18q_l2:1dpu_t8"":""e56fd025e7fdf900c75302bb6e7212f78d89deef09b236732a001e9f5c5001c1"",""quantization_stress_18q_l2:4dpu_t8"":""e56fd025e7fdf900c75302bb6e7212f78d89deef09b236732a001e9f5c5001c1""}"
371,3,2.2986191142314847,1.0163179096347865,8,0.0,1.0,0.0,0.0,0.0,1.0,0.0,0.0,0.0,"{""edc_18q:1dpu_t8"":""cf23b184355b080f3bead1d9d754a3c2c295746793109413aedfff30da27b94e"",""edc_18q:4dpu_t8"":""cf23b184355b080f3bead1d9d754a3c2c295746793109413aedfff30da27b94e"",""ghz_chain_18q:1dpu_t8"":""9f9e62a16e205e4bd5eb1d1b8f62cade3177ef00fa9bd4dc15c899a41b00d3d0"",""ghz_chain_18q:4dpu_t8"":""9f9e62a16e205e4bd5eb1d1b8f62cade3177ef00fa9bd4dc15c899a41b00d3d0"",""hs_18q_d1:1dpu_t8"":""0f172b4535a71fb59dd5d4f406df828c33333cda1113d1c71db08b5d0e989d1e"",""hs_18q_d1:4dpu_t8"":""0f172b4535a71fb59dd5d4f406df828c33333cda1113d1c71db08b5d0e989d1e"",""quantization_stress_18q_l2:1dpu_t8"":""9d1e1ae9a325d84cef97b0fd9beffa9d4b3d783f00a4e38f6fce3a17114d3abb"",""quantization_stress_18q_l2:4dpu_t8"":""9d1e1ae9a325d84cef97b0fd9beffa9d4b3d783f00a4e38f6fce3a17114d3abb""}"
372,9,2.24409823675554,1.0,7,0.5414741851996391,0.45232358896253566,0.006202225837825213,0.27073709259981954,0.27073709259981954,0.45232358896253566,0.006202225837825213,0.0,0.0,"{""edc_18q:1dpu_t8"":""cf23b184355b080f3bead1d9d754a3c2c295746793109413aedfff30da27b94e"",""edc_18q:4dpu_t8"":""cf23b184355b080f3bead1d9d754a3c2c295746793109413aedfff30da27b94e"",""ghz_chain_18q:1dpu_t8"":""9f9e62a16e205e4bd5eb1d1b8f62cade3177ef00fa9bd4dc15c899a41b00d3d0"",""ghz_chain_18q:4dpu_t8"":""9f9e62a16e205e4bd5eb1d1b8f62cade3177ef00fa9bd4dc15c899a41b00d3d0"",""hs_18q_d1:1dpu_t8"":""bf83ea123bc85b30f3c7f1f8a0de47c8366352fc37c099890eab75c8cba62cb8"",""hs_18q_d1:4dpu_t8"":""0f172b4535a71fb59dd5d4f406df828c33333cda1113d1c71db08b5d0e989d1e"",""quantization_stress_18q_l2:1dpu_t8"":""e56fd025e7fdf900c75302bb6e7212f78d89deef09b236732a001e9f5c5001c1"",""quantization_stress_18q_l2:4dpu_t8"":""e56fd025e7fdf900c75302bb6e7212f78d89deef09b236732a001e9f5c5001c1""}"
373,5,2.248072460669854,1.0,6,0.024368166273412584,0.9754242110524387,0.00020762267414873057,0.012184083136706292,0.012184083136706292,0.9754242110524387,0.00020762267414873057,0.0,0.0,"{""edc_18q:1dpu_t8"":""cf23b184355b080f3bead1d9d754a3c2c295746793109413aedfff30da27b94e"",""edc_18q:4dpu_t8"":""cf23b184355b080f3bead1d9d754a3c2c295746793109413aedfff30da27b94e"",""ghz_chain_18q:1dpu_t8"":""9f9e62a16e205e4bd5eb1d1b8f62cade3177ef00fa9bd4dc15c899a41b00d3d0"",""ghz_chain_18q:4dpu_t8"":""9f9e62a16e205e4bd5eb1d1b8f62cade3177ef00fa9bd4dc15c899a41b00d3d0"",""hs_18q_d1:1dpu_t8"":""bf83ea123bc85b30f3c7f1f8a0de47c8366352fc37c099890eab75c8cba62cb8"",""hs_18q_d1:4dpu_t8"":""bf83ea123bc85b30f3c7f1f8a0de47c8366352fc37c099890eab75c8cba62cb8"",""quantization_stress_18q_l2:1dpu_t8"":""9d1e1ae9a325d84cef97b0fd9beffa9d4b3d783f00a4e38f6fce3a17114d3abb"",""quantization_stress_18q_l2:4dpu_t8"":""9d1e1ae9a325d84cef97b0fd9beffa9d4b3d783f00a4e38f6fce3a17114d3abb""}"
374,10,2.2386586359816403,1.0,6,0.47630996810097936,0.518889877536195,0.004800154362825642,0.23815498405048968,0.23815498405048968,0.518889877536195,0.004800154362825642,0.0,0.0,"{""edc_18q:1dpu_t8"":""cf23b184355b080f3bead1d9d754a3c2c295746793109413aedfff30da27b94e"",""edc_18q:4dpu_t8"":""cf23b184355b080f3bead1d9d754a3c2c295746793109413aedfff30da27b94e"",""ghz_chain_18q:1dpu_t8"":""9f9e62a16e205e4bd5eb1d1b8f62cade3177ef00fa9bd4dc15c899a41b00d3d0"",""ghz_chain_18q:4dpu_t8"":""9f9e62a16e205e4bd5eb1d1b8f62cade3177ef00fa9bd4dc15c899a41b00d3d0"",""hs_18q_d1:1dpu_t8"":""bf83ea123bc85b30f3c7f1f8a0de47c8366352fc37c099890eab75c8cba62cb8"",""hs_18q_d1:4dpu_t8"":""bf83ea123bc85b30f3c7f1f8a0de47c8366352fc37c099890eab75c8cba62cb8"",""quantization_stress_18q_l2:1dpu_t8"":""e56fd025e7fdf900c75302bb6e7212f78d89deef09b236732a001e9f5c5001c1"",""quantization_stress_18q_l2:4dpu_t8"":""e56fd025e7fdf900c75302bb6e7212f78d89deef09b236732a001e9f5c5001c1""}"
375,5,2.2475661698572402,1.0,6,0.024368166273412584,0.9754242110524387,0.00020762267414873057,0.012184083136706292,0.012184083136706292,0.9754242110524387,0.00020762267414873057,0.0,0.0,"{""edc_18q:1dpu_t8"":""cf23b184355b080f3bead1d9d754a3c2c295746793109413aedfff30da27b94e"",""edc_18q:4dpu_t8"":""cf23b184355b080f3bead1d9d754a3c2c295746793109413aedfff30da27b94e"",""ghz_chain_18q:1dpu_t8"":""9f9e62a16e205e4bd5eb1d1b8f62cade3177ef00fa9bd4dc15c899a41b00d3d0"",""ghz_chain_18q:4dpu_t8"":""9f9e62a16e205e4bd5eb1d1b8f62cade3177ef00fa9bd4dc15c899a41b00d3d0"",""hs_18q_d1:1dpu_t8"":""bf83ea123bc85b30f3c7f1f8a0de47c8366352fc37c099890eab75c8cba62cb8"",""hs_18q_d1:4dpu_t8"":""bf83ea123bc85b30f3c7f1f8a0de47c8366352fc37c099890eab75c8cba62cb8"",""quantization_stress_18q_l2:1dpu_t8"":""9d1e1ae9a325d84cef97b0fd9beffa9d4b3d783f00a4e38f6fce3a17114d3abb"",""quantization_stress_18q_l2:4dpu_t8"":""9d1e1ae9a325d84cef97b0fd9beffa9d4b3d783f00a4e38f6fce3a17114d3abb""}"
376,4,2.2493657408808425,1.0,7,0.22063680206282787,0.7768451800394555,0.002518017897716659,0.11031840103141394,0.11031840103141394,0.7768451800394555,0.002518017897716659,0.0,0.0,"{""edc_18q:1dpu_t8"":""cf23b184355b080f3bead1d9d754a3c2c295746793109413aedfff30da27b94e"",""edc_18q:4dpu_t8"":""cf23b184355b080f3bead1d9d754a3c2c295746793109413aedfff30da27b94e"",""ghz_chain_18q:1dpu_t8"":""9f9e62a16e205e4bd5eb1d1b8f62cade3177ef00fa9bd4dc15c899a41b00d3d0"",""ghz_chain_18q:4dpu_t8"":""9f9e62a16e205e4bd5eb1d1b8f62cade3177ef00fa9bd4dc15c899a41b00d3d0"",""hs_18q_d1:1dpu_t8"":""bf83ea123bc85b30f3c7f1f8a0de47c8366352fc37c099890eab75c8cba62cb8"",""hs_18q_d1:4dpu_t8"":""0f172b4535a71fb59dd5d4f406df828c33333cda1113d1c71db08b5d0e989d1e"",""quantization_stress_18q_l2:1dpu_t8"":""9d1e1ae9a325d84cef97b0fd9beffa9d4b3d783f00a4e38f6fce3a17114d3abb"",""quantization_stress_18q_l2:4dpu_t8"":""9d1e1ae9a325d84cef97b0fd9beffa9d4b3d783f00a4e38f6fce3a17114d3abb""}"
377,9,2.22227152498429,1.0,7,0.5414741851996391,0.45232358896253566,0.006202225837825213,0.27073709259981954,0.27073709259981954,0.45232358896253566,0.006202225837825213,0.0,0.0,"{""edc_18q:1dpu_t8"":""cf23b184355b080f3bead1d9d754a3c2c295746793109413aedfff30da27b94e"",""edc_18q:4dpu_t8"":""cf23b184355b080f3bead1d9d754a3c2c295746793109413aedfff30da27b94e"",""ghz_chain_18q:1dpu_t8"":""9f9e62a16e205e4bd5eb1d1b8f62cade3177ef00fa9bd4dc15c899a41b00d3d0"",""ghz_chain_18q:4dpu_t8"":""9f9e62a16e205e4bd5eb1d1b8f62cade3177ef00fa9bd4dc15c899a41b00d3d0"",""hs_18q_d1:1dpu_t8"":""bf83ea123bc85b30f3c7f1f8a0de47c8366352fc37c099890eab75c8cba62cb8"",""hs_18q_d1:4dpu_t8"":""0f172b4535a71fb59dd5d4f406df828c33333cda1113d1c71db08b5d0e989d1e"",""quantization_stress_18q_l2:1dpu_t8"":""e56fd025e7fdf900c75302bb6e7212f78d89deef09b236732a001e9f5c5001c1"",""quantization_stress_18q_l2:4dpu_t8"":""e56fd025e7fdf900c75302bb6e7212f78d89deef09b236732a001e9f5c5001c1""}"
378,9,2.2454145767033014,1.0,7,0.5414741851996391,0.45232358896253566,0.006202225837825213,0.27073709259981954,0.27073709259981954,0.45232358896253566,0.006202225837825213,0.0,0.0,"{""edc_18q:1dpu_t8"":""cf23b184355b080f3bead1d9d754a3c2c295746793109413aedfff30da27b94e"",""edc_18q:4dpu_t8"":""cf23b184355b080f3bead1d9d754a3c2c295746793109413aedfff30da27b94e"",""ghz_chain_18q:1dpu_t8"":""9f9e62a16e205e4bd5eb1d1b8f62cade3177ef00fa9bd4dc15c899a41b00d3d0"",""ghz_chain_18q:4dpu_t8"":""9f9e62a16e205e4bd5eb1d1b8f62cade3177ef00fa9bd4dc15c899a41b00d3d0"",""hs_18q_d1:1dpu_t8"":""bf83ea123bc85b30f3c7f1f8a0de47c8366352fc37c099890eab75c8cba62cb8"",""hs_18q_d1:4dpu_t8"":""0f172b4535a71fb59dd5d4f406df828c33333cda1113d1c71db08b5d0e989d1e"",""quantization_stress_18q_l2:1dpu_t8"":""e56fd025e7fdf900c75302bb6e7212f78d89deef09b236732a001e9f5c5001c1"",""quantization_stress_18q_l2:4dpu_t8"":""e56fd025e7fdf900c75302bb6e7212f78d89deef09b236732a001e9f5c5001c1""}"
379,3,2.2831878578141427,1.0163179096347865,8,0.0,1.0,0.0,0.0,0.0,1.0,0.0,0.0,0.0,"{""edc_18q:1dpu_t8"":""cf23b184355b080f3bead1d9d754a3c2c295746793109413aedfff30da27b94e"",""edc_18q:4dpu_t8"":""cf23b184355b080f3bead1d9d754a3c2c295746793109413aedfff30da27b94e"",""ghz_chain_18q:1dpu_t8"":""9f9e62a16e205e4bd5eb1d1b8f62cade3177ef00fa9bd4dc15c899a41b00d3d0"",""ghz_chain_18q:4dpu_t8"":""9f9e62a16e205e4bd5eb1d1b8f62cade3177ef00fa9bd4dc15c899a41b00d3d0"",""hs_18q_d1:1dpu_t8"":""0f172b4535a71fb59dd5d4f406df828c33333cda1113d1c71db08b5d0e989d1e"",""hs_18q_d1:4dpu_t8"":""0f172b4535a71fb59dd5d4f406df828c33333cda1113d1c71db08b5d0e989d1e"",""quantization_stress_18q_l2:1dpu_t8"":""9d1e1ae9a325d84cef97b0fd9beffa9d4b3d783f00a4e38f6fce3a17114d3abb"",""quantization_stress_18q_l2:4dpu_t8"":""9d1e1ae9a325d84cef97b0fd9beffa9d4b3d783f00a4e38f6fce3a17114d3abb""}"
380,9,2.2327458998472367,1.0,7,0.5414741851996391,0.45232358896253566,0.006202225837825213,0.27073709259981954,0.27073709259981954,0.45232358896253566,0.006202225837825213,0.0,0.0,"{""edc_18q:1dpu_t8"":""cf23b184355b080f3bead1d9d754a3c2c295746793109413aedfff30da27b94e"",""edc_18q:4dpu_t8"":""cf23b184355b080f3bead1d9d754a3c2c295746793109413aedfff30da27b94e"",""ghz_chain_18q:1dpu_t8"":""9f9e62a16e205e4bd5eb1d1b8f62cade3177ef00fa9bd4dc15c899a41b00d3d0"",""ghz_chain_18q:4dpu_t8"":""9f9e62a16e205e4bd5eb1d1b8f62cade3177ef00fa9bd4dc15c899a41b00d3d0"",""hs_18q_d1:1dpu_t8"":""bf83ea123bc85b30f3c7f1f8a0de47c8366352fc37c099890eab75c8cba62cb8"",""hs_18q_d1:4dpu_t8"":""0f172b4535a71fb59dd5d4f406df828c33333cda1113d1c71db08b5d0e989d1e"",""quantization_stress_18q_l2:1dpu_t8"":""e56fd025e7fdf900c75302bb6e7212f78d89deef09b236732a001e9f5c5001c1"",""quantization_stress_18q_l2:4dpu_t8"":""e56fd025e7fdf900c75302bb6e7212f78d89deef09b236732a001e9f5c5001c1""}"
381,4,2.22674558548332,1.0,7,0.22063680206282787,0.7768451800394555,0.002518017897716659,0.11031840103141394,0.11031840103141394,0.7768451800394555,0.002518017897716659,0.0,0.0,"{""edc_18q:1dpu_t8"":""cf23b184355b080f3bead1d9d754a3c2c295746793109413aedfff30da27b94e"",""edc_18q:4dpu_t8"":""cf23b184355b080f3bead1d9d754a3c2c295746793109413aedfff30da27b94e"",""ghz_chain_18q:1dpu_t8"":""9f9e62a16e205e4bd5eb1d1b8f62cade3177ef00fa9bd4dc15c899a41b00d3d0"",""ghz_chain_18q:4dpu_t8"":""9f9e62a16e205e4bd5eb1d1b8f62cade3177ef00fa9bd4dc15c899a41b00d3d0"",""hs_18q_d1:1dpu_t8"":""bf83ea123bc85b30f3c7f1f8a0de47c8366352fc37c099890eab75c8cba62cb8"",""hs_18q_d1:4dpu_t8"":""0f172b4535a71fb59dd5d4f406df828c33333cda1113d1c71db08b5d0e989d1e"",""quantization_stress_18q_l2:1dpu_t8"":""9d1e1ae9a325d84cef97b0fd9beffa9d4b3d783f00a4e38f6fce3a17114d3abb"",""quantization_stress_18q_l2:4dpu_t8"":""9d1e1ae9a325d84cef97b0fd9beffa9d4b3d783f00a4e38f6fce3a17114d3abb""}"
382,9,2.228009325914024,1.0,7,0.5414741851996391,0.45232358896253566,0.006202225837825213,0.27073709259981954,0.27073709259981954,0.45232358896253566,0.006202225837825213,0.0,0.0,"{""edc_18q:1dpu_t8"":""cf23b184355b080f3bead1d9d754a3c2c295746793109413aedfff30da27b94e"",""edc_18q:4dpu_t8"":""cf23b184355b080f3bead1d9d754a3c2c295746793109413aedfff30da27b94e"",""ghz_chain_18q:1dpu_t8"":""9f9e62a16e205e4bd5eb1d1b8f62cade3177ef00fa9bd4dc15c899a41b00d3d0"",""ghz_chain_18q:4dpu_t8"":""9f9e62a16e205e4bd5eb1d1b8f62cade3177ef00fa9bd4dc15c899a41b00d3d0"",""hs_18q_d1:1dpu_t8"":""bf83ea123bc85b30f3c7f1f8a0de47c8366352fc37c099890eab75c8cba62cb8"",""hs_18q_d1:4dpu_t8"":""0f172b4535a71fb59dd5d4f406df828c33333cda1113d1c71db08b5d0e989d1e"",""quantization_stress_18q_l2:1dpu_t8"":""e56fd025e7fdf900c75302bb6e7212f78d89deef09b236732a001e9f5c5001c1"",""quantization_stress_18q_l2:4dpu_t8"":""e56fd025e7fdf900c75302bb6e7212f78d89deef09b236732a001e9f5c5001c1""}"
383,9,2.24089028807496,1.0,7,0.5414741851996391,0.45232358896253566,0.006202225837825213,0.27073709259981954,0.27073709259981954,0.45232358896253566,0.006202225837825213,0.0,0.0,"{""edc_18q:1dpu_t8"":""cf23b184355b080f3bead1d9d754a3c2c295746793109413aedfff30da27b94e"",""edc_18q:4dpu_t8"":""cf23b184355b080f3bead1d9d754a3c2c295746793109413aedfff30da27b94e"",""ghz_chain_18q:1dpu_t8"":""9f9e62a16e205e4bd5eb1d1b8f62cade3177ef00fa9bd4dc15c899a41b00d3d0"",""ghz_chain_18q:4dpu_t8"":""9f9e62a16e205e4bd5eb1d1b8f62cade3177ef00fa9bd4dc15c899a41b00d3d0"",""hs_18q_d1:1dpu_t8"":""bf83ea123bc85b30f3c7f1f8a0de47c8366352fc37c099890eab75c8cba62cb8"",""hs_18q_d1:4dpu_t8"":""0f172b4535a71fb59dd5d4f406df828c33333cda1113d1c71db08b5d0e989d1e"",""quantization_stress_18q_l2:1dpu_t8"":""e56fd025e7fdf900c75302bb6e7212f78d89deef09b236732a001e9f5c5001c1"",""quantization_stress_18q_l2:4dpu_t8"":""e56fd025e7fdf900c75302bb6e7212f78d89deef09b236732a001e9f5c5001c1""}"
384,4,2.255518997147537,1.0,7,0.22063680206282787,0.7768451800394555,0.002518017897716659,0.11031840103141394,0.11031840103141394,0.7768451800394555,0.002518017897716659,0.0,0.0,"{""edc_18q:1dpu_t8"":""cf23b184355b080f3bead1d9d754a3c2c295746793109413aedfff30da27b94e"",""edc_18q:4dpu_t8"":""cf23b184355b080f3bead1d9d754a3c2c295746793109413aedfff30da27b94e"",""ghz_chain_18q:1dpu_t8"":""9f9e62a16e205e4bd5eb1d1b8f62cade3177ef00fa9bd4dc15c899a41b00d3d0"",""ghz_chain_18q:4dpu_t8"":""9f9e62a16e205e4bd5eb1d1b8f62cade3177ef00fa9bd4dc15c899a41b00d3d0"",""hs_18q_d1:1dpu_t8"":""bf83ea123bc85b30f3c7f1f8a0de47c8366352fc37c099890eab75c8cba62cb8"",""hs_18q_d1:4dpu_t8"":""0f172b4535a71fb59dd5d4f406df828c33333cda1113d1c71db08b5d0e989d1e"",""quantization_stress_18q_l2:1dpu_t8"":""9d1e1ae9a325d84cef97b0fd9beffa9d4b3d783f00a4e38f6fce3a17114d3abb"",""quantization_stress_18q_l2:4dpu_t8"":""9d1e1ae9a325d84cef97b0fd9beffa9d4b3d783f00a4e38f6fce3a17114d3abb""}"
385,3,2.271967594380779,0.997529052435953,7,0.0,1.0,0.0,0.0,0.0,1.0,0.0,0.0,0.0,"{""edc_18q:1dpu_t8"":""cf23b184355b080f3bead1d9d754a3c2c295746793109413aedfff30da27b94e"",""edc_18q:4dpu_t8"":""cf23b184355b080f3bead1d9d754a3c2c295746793109413aedfff30da27b94e"",""ghz_chain_18q:1dpu_t8"":""9f9e62a16e205e4bd5eb1d1b8f62cade3177ef00fa9bd4dc15c899a41b00d3d0"",""ghz_chain_18q:4dpu_t8"":""9f9e62a16e205e4bd5eb1d1b8f62cade3177ef00fa9bd4dc15c899a41b00d3d0"",""hs_18q_d1:1dpu_t8"":""0f172b4535a71fb59dd5d4f406df828c33333cda1113d1c71db08b5d0e989d1e"",""hs_18q_d1:4dpu_t8"":""0f172b4535a71fb59dd5d4f406df828c33333cda1113d1c71db08b5d0e989d1e"",""quantization_stress_18q_l2:1dpu_t8"":""9d1e1ae9a325d84cef97b0fd9beffa9d4b3d783f00a4e38f6fce3a17114d3abb"",""quantization_stress_18q_l2:4dpu_t8"":""9d1e1ae9a325d84cef97b0fd9beffa9d4b3d783f00a4e38f6fce3a17114d3abb""}"
386,8,2.2978339923844584,1.041845644222677,8,0.3715322706836804,0.40507521716230527,0.2233925121540143,0.1857661353418402,0.1857661353418402,0.40507521716230527,0.2233925121540143,0.0,0.0,"{""edc_18q:1dpu_t8"":""cf23b184355b080f3bead1d9d754a3c2c295746793109413aedfff30da27b94e"",""edc_18q:4dpu_t8"":""cf23b184355b080f3bead1d9d754a3c2c295746793109413aedfff30da27b94e"",""ghz_chain_18q:1dpu_t8"":""9f9e62a16e205e4bd5eb1d1b8f62cade3177ef00fa9bd4dc15c899a41b00d3d0"",""ghz_chain_18q:4dpu_t8"":""9f9e62a16e205e4bd5eb1d1b8f62cade3177ef00fa9bd4dc15c899a41b00d3d0"",""hs_18q_d1:1dpu_t8"":""0f172b4535a71fb59dd5d4f406df828c33333cda1113d1c71db08b5d0e989d1e"",""hs_18q_d1:4dpu_t8"":""0f172b4535a71fb59dd5d4f406df828c33333cda1113d1c71db08b5d0e989d1e"",""quantization_stress_18q_l2:1dpu_t8"":""e56fd025e7fdf900c75302bb6e7212f78d89deef09b236732a001e9f5c5001c1"",""quantization_stress_18q_l2:4dpu_t8"":""e56fd025e7fdf900c75302bb6e7212f78d89deef09b236732a001e9f5c5001c1""}"
387,5,2.2157321756950834,1.0,6,0.024368166273412584,0.9754242110524387,0.00020762267414873057,0.012184083136706292,0.012184083136706292,0.9754242110524387,0.00020762267414873057,0.0,0.0,"{""edc_18q:1dpu_t8"":""cf23b184355b080f3bead1d9d754a3c2c295746793109413aedfff30da27b94e"",""edc_18q:4dpu_t8"":""cf23b184355b080f3bead1d9d754a3c2c295746793109413aedfff30da27b94e"",""ghz_chain_18q:1dpu_t8"":""9f9e62a16e205e4bd5eb1d1b8f62cade3177ef00fa9bd4dc15c899a41b00d3d0"",""ghz_chain_18q:4dpu_t8"":""9f9e62a16e205e4bd5eb1d1b8f62cade3177ef00fa9bd4dc15c899a41b00d3d0"",""hs_18q_d1:1dpu_t8"":""bf83ea123bc85b30f3c7f1f8a0de47c8366352fc37c099890eab75c8cba62cb8"",""hs_18q_d1:4dpu_t8"":""bf83ea123bc85b30f3c7f1f8a0de47c8366352fc37c099890eab75c8cba62cb8"",""quantization_stress_18q_l2:1dpu_t8"":""9d1e1ae9a325d84cef97b0fd9beffa9d4b3d783f00a4e38f6fce3a17114d3abb"",""quantization_stress_18q_l2:4dpu_t8"":""9d1e1ae9a325d84cef97b0fd9beffa9d4b3d783f00a4e38f6fce3a17114d3abb""}"
388,4,2.2643115281643276,1.0,7,0.22063680206282787,0.7768451800394555,0.002518017897716659,0.11031840103141394,0.11031840103141394,0.7768451800394555,0.002518017897716659,0.0,0.0,"{""edc_18q:1dpu_t8"":""cf23b184355b080f3bead1d9d754a3c2c295746793109413aedfff30da27b94e"",""edc_18q:4dpu_t8"":""cf23b184355b080f3bead1d9d754a3c2c295746793109413aedfff30da27b94e"",""ghz_chain_18q:1dpu_t8"":""9f9e62a16e205e4bd5eb1d1b8f62cade3177ef00fa9bd4dc15c899a41b00d3d0"",""ghz_chain_18q:4dpu_t8"":""9f9e62a16e205e4bd5eb1d1b8f62cade3177ef00fa9bd4dc15c899a41b00d3d0"",""hs_18q_d1:1dpu_t8"":""bf83ea123bc85b30f3c7f1f8a0de47c8366352fc37c099890eab75c8cba62cb8"",""hs_18q_d1:4dpu_t8"":""0f172b4535a71fb59dd5d4f406df828c33333cda1113d1c71db08b5d0e989d1e"",""quantization_stress_18q_l2:1dpu_t8"":""9d1e1ae9a325d84cef97b0fd9beffa9d4b3d783f00a4e38f6fce3a17114d3abb"",""quantization_stress_18q_l2:4dpu_t8"":""9d1e1ae9a325d84cef97b0fd9beffa9d4b3d783f00a4e38f6fce3a17114d3abb""}"
389,3,2.2845333858240204,1.0163179096347865,8,0.0,1.0,0.0,0.0,0.0,1.0,0.0,0.0,0.0,"{""edc_18q:1dpu_t8"":""cf23b184355b080f3bead1d9d754a3c2c295746793109413aedfff30da27b94e"",""edc_18q:4dpu_t8"":""cf23b184355b080f3bead1d9d754a3c2c295746793109413aedfff30da27b94e"",""ghz_chain_18q:1dpu_t8"":""9f9e62a16e205e4bd5eb1d1b8f62cade3177ef00fa9bd4dc15c899a41b00d3d0"",""ghz_chain_18q:4dpu_t8"":""9f9e62a16e205e4bd5eb1d1b8f62cade3177ef00fa9bd4dc15c899a41b00d3d0"",""hs_18q_d1:1dpu_t8"":""0f172b4535a71fb59dd5d4f406df828c33333cda1113d1c71db08b5d0e989d1e"",""hs_18q_d1:4dpu_t8"":""0f172b4535a71fb59dd5d4f406df828c33333cda1113d1c71db08b5d0e989d1e"",""quantization_stress_18q_l2:1dpu_t8"":""9d1e1ae9a325d84cef97b0fd9beffa9d4b3d783f00a4e38f6fce3a17114d3abb"",""quantization_stress_18q_l2:4dpu_t8"":""9d1e1ae9a325d84cef97b0fd9beffa9d4b3d783f00a4e38f6fce3a17114d3abb""}"
390,3,2.289302200007227,0.997529052435953,7,0.0,1.0,0.0,0.0,0.0,1.0,0.0,0.0,0.0,"{""edc_18q:1dpu_t8"":""cf23b184355b080f3bead1d9d754a3c2c295746793109413aedfff30da27b94e"",""edc_18q:4dpu_t8"":""cf23b184355b080f3bead1d9d754a3c2c295746793109413aedfff30da27b94e"",""ghz_chain_18q:1dpu_t8"":""9f9e62a16e205e4bd5eb1d1b8f62cade3177ef00fa9bd4dc15c899a41b00d3d0"",""ghz_chain_18q:4dpu_t8"":""9f9e62a16e205e4bd5eb1d1b8f62cade3177ef00fa9bd4dc15c899a41b00d3d0"",""hs_18q_d1:1dpu_t8"":""0f172b4535a71fb59dd5d4f406df828c33333cda1113d1c71db08b5d0e989d1e"",""hs_18q_d1:4dpu_t8"":""0f172b4535a71fb59dd5d4f406df828c33333cda1113d1c71db08b5d0e989d1e"",""quantization_stress_18q_l2:1dpu_t8"":""9d1e1ae9a325d84cef97b0fd9beffa9d4b3d783f00a4e38f6fce3a17114d3abb"",""quantization_stress_18q_l2:4dpu_t8"":""9d1e1ae9a325d84cef97b0fd9beffa9d4b3d783f00a4e38f6fce3a17114d3abb""}"
391,5,2.2515728071455277,1.0,6,0.024368166273412584,0.9754242110524387,0.00020762267414873057,0.012184083136706292,0.012184083136706292,0.9754242110524387,0.00020762267414873057,0.0,0.0,"{""edc_18q:1dpu_t8"":""cf23b184355b080f3bead1d9d754a3c2c295746793109413aedfff30da27b94e"",""edc_18q:4dpu_t8"":""cf23b184355b080f3bead1d9d754a3c2c295746793109413aedfff30da27b94e"",""ghz_chain_18q:1dpu_t8"":""9f9e62a16e205e4bd5eb1d1b8f62cade3177ef00fa9bd4dc15c899a41b00d3d0"",""ghz_chain_18q:4dpu_t8"":""9f9e62a16e205e4bd5eb1d1b8f62cade3177ef00fa9bd4dc15c899a41b00d3d0"",""hs_18q_d1:1dpu_t8"":""bf83ea123bc85b30f3c7f1f8a0de47c8366352fc37c099890eab75c8cba62cb8"",""hs_18q_d1:4dpu_t8"":""bf83ea123bc85b30f3c7f1f8a0de47c8366352fc37c099890eab75c8cba62cb8"",""quantization_stress_18q_l2:1dpu_t8"":""9d1e1ae9a325d84cef97b0fd9beffa9d4b3d783f00a4e38f6fce3a17114d3abb"",""quantization_stress_18q_l2:4dpu_t8"":""9d1e1ae9a325d84cef97b0fd9beffa9d4b3d783f00a4e38f6fce3a17114d3abb""}"
392,5,2.2359004774035838,1.0,6,0.024368166273412584,0.9754242110524387,0.00020762267414873057,0.012184083136706292,0.012184083136706292,0.9754242110524387,0.00020762267414873057,0.0,0.0,"{""edc_18q:1dpu_t8"":""cf23b184355b080f3bead1d9d754a3c2c295746793109413aedfff30da27b94e"",""edc_18q:4dpu_t8"":""cf23b184355b080f3bead1d9d754a3c2c295746793109413aedfff30da27b94e"",""ghz_chain_18q:1dpu_t8"":""9f9e62a16e205e4bd5eb1d1b8f62cade3177ef00fa9bd4dc15c899a41b00d3d0"",""ghz_chain_18q:4dpu_t8"":""9f9e62a16e205e4bd5eb1d1b8f62cade3177ef00fa9bd4dc15c899a41b00d3d0"",""hs_18q_d1:1dpu_t8"":""bf83ea123bc85b30f3c7f1f8a0de47c8366352fc37c099890eab75c8cba62cb8"",""hs_18q_d1:4dpu_t8"":""bf83ea123bc85b30f3c7f1f8a0de47c8366352fc37c099890eab75c8cba62cb8"",""quantization_stress_18q_l2:1dpu_t8"":""9d1e1ae9a325d84cef97b0fd9beffa9d4b3d783f00a4e38f6fce3a17114d3abb"",""quantization_stress_18q_l2:4dpu_t8"":""9d1e1ae9a325d84cef97b0fd9beffa9d4b3d783f00a4e38f6fce3a17114d3abb""}"
393,5,2.2406720403566696,1.0,6,0.024368166273412584,0.9754242110524387,0.00020762267414873057,0.012184083136706292,0.012184083136706292,0.9754242110524387,0.00020762267414873057,0.0,0.0,"{""edc_18q:1dpu_t8"":""cf23b184355b080f3bead1d9d754a3c2c295746793109413aedfff30da27b94e"",""edc_18q:4dpu_t8"":""cf23b184355b080f3bead1d9d754a3c2c295746793109413aedfff30da27b94e"",""ghz_chain_18q:1dpu_t8"":""9f9e62a16e205e4bd5eb1d1b8f62cade3177ef00fa9bd4dc15c899a41b00d3d0"",""ghz_chain_18q:4dpu_t8"":""9f9e62a16e205e4bd5eb1d1b8f62cade3177ef00fa9bd4dc15c899a41b00d3d0"",""hs_18q_d1:1dpu_t8"":""bf83ea123bc85b30f3c7f1f8a0de47c8366352fc37c099890eab75c8cba62cb8"",""hs_18q_d1:4dpu_t8"":""bf83ea123bc85b30f3c7f1f8a0de47c8366352fc37c099890eab75c8cba62cb8"",""quantization_stress_18q_l2:1dpu_t8"":""9d1e1ae9a325d84cef97b0fd9beffa9d4b3d783f00a4e38f6fce3a17114d3abb"",""quantization_stress_18q_l2:4dpu_t8"":""9d1e1ae9a325d84cef97b0fd9beffa9d4b3d783f00a4e38f6fce3a17114d3abb""}"
394,10,2.2188365732362865,1.0,6,0.47630996810097936,0.518889877536195,0.004800154362825642,0.23815498405048968,0.23815498405048968,0.518889877536195,0.004800154362825642,0.0,0.0,"{""edc_18q:1dpu_t8"":""cf23b184355b080f3bead1d9d754a3c2c295746793109413aedfff30da27b94e"",""edc_18q:4dpu_t8"":""cf23b184355b080f3bead1d9d754a3c2c295746793109413aedfff30da27b94e"",""ghz_chain_18q:1dpu_t8"":""9f9e62a16e205e4bd5eb1d1b8f62cade3177ef00fa9bd4dc15c899a41b00d3d0"",""ghz_chain_18q:4dpu_t8"":""9f9e62a16e205e4bd5eb1d1b8f62cade3177ef00fa9bd4dc15c899a41b00d3d0"",""hs_18q_d1:1dpu_t8"":""bf83ea123bc85b30f3c7f1f8a0de47c8366352fc37c099890eab75c8cba62cb8"",""hs_18q_d1:4dpu_t8"":""bf83ea123bc85b30f3c7f1f8a0de47c8366352fc37c099890eab75c8cba62cb8"",""quantization_stress_18q_l2:1dpu_t8"":""e56fd025e7fdf900c75302bb6e7212f78d89deef09b236732a001e9f5c5001c1"",""quantization_stress_18q_l2:4dpu_t8"":""e56fd025e7fdf900c75302bb6e7212f78d89deef09b236732a001e9f5c5001c1""}"
395,5,2.2350561580118886,1.0,6,0.024368166273412584,0.9754242110524387,0.00020762267414873057,0.012184083136706292,0.012184083136706292,0.9754242110524387,0.00020762267414873057,0.0,0.0,"{""edc_18q:1dpu_t8"":""cf23b184355b080f3bead1d9d754a3c2c295746793109413aedfff30da27b94e"",""edc_18q:4dpu_t8"":""cf23b184355b080f3bead1d9d754a3c2c295746793109413aedfff30da27b94e"",""ghz_chain_18q:1dpu_t8"":""9f9e62a16e205e4bd5eb1d1b8f62cade3177ef00fa9bd4dc15c899a41b00d3d0"",""ghz_chain_18q:4dpu_t8"":""9f9e62a16e205e4bd5eb1d1b8f62cade3177ef00fa9bd4dc15c899a41b00d3d0"",""hs_18q_d1:1dpu_t8"":""bf83ea123bc85b30f3c7f1f8a0de47c8366352fc37c099890eab75c8cba62cb8"",""hs_18q_d1:4dpu_t8"":""bf83ea123bc85b30f3c7f1f8a0de47c8366352fc37c099890eab75c8cba62cb8"",""quantization_stress_18q_l2:1dpu_t8"":""9d1e1ae9a325d84cef97b0fd9beffa9d4b3d783f00a4e38f6fce3a17114d3abb"",""quantization_stress_18q_l2:4dpu_t8"":""9d1e1ae9a325d84cef97b0fd9beffa9d4b3d783f00a4e38f6fce3a17114d3abb""}"
396,5,2.2356167453640974,1.0,6,0.024368166273412584,0.9754242110524387,0.00020762267414873057,0.012184083136706292,0.012184083136706292,0.9754242110524387,0.00020762267414873057,0.0,0.0,"{""edc_18q:1dpu_t8"":""cf23b184355b080f3bead1d9d754a3c2c295746793109413aedfff30da27b94e"",""edc_18q:4dpu_t8"":""cf23b184355b080f3bead1d9d754a3c2c295746793109413aedfff30da27b94e"",""ghz_chain_18q:1dpu_t8"":""9f9e62a16e205e4bd5eb1d1b8f62cade3177ef00fa9bd4dc15c899a41b00d3d0"",""ghz_chain_18q:4dpu_t8"":""9f9e62a16e205e4bd5eb1d1b8f62cade3177ef00fa9bd4dc15c899a41b00d3d0"",""hs_18q_d1:1dpu_t8"":""bf83ea123bc85b30f3c7f1f8a0de47c8366352fc37c099890eab75c8cba62cb8"",""hs_18q_d1:4dpu_t8"":""bf83ea123bc85b30f3c7f1f8a0de47c8366352fc37c099890eab75c8cba62cb8"",""quantization_stress_18q_l2:1dpu_t8"":""9d1e1ae9a325d84cef97b0fd9beffa9d4b3d783f00a4e38f6fce3a17114d3abb"",""quantization_stress_18q_l2:4dpu_t8"":""9d1e1ae9a325d84cef97b0fd9beffa9d4b3d783f00a4e38f6fce3a17114d3abb""}"
397,10,2.2339607009635953,1.0,6,0.47630996810097936,0.518889877536195,0.004800154362825642,0.23815498405048968,0.23815498405048968,0.518889877536195,0.004800154362825642,0.0,0.0,"{""edc_18q:1dpu_t8"":""cf23b184355b080f3bead1d9d754a3c2c295746793109413aedfff30da27b94e"",""edc_18q:4dpu_t8"":""cf23b184355b080f3bead1d9d754a3c2c295746793109413aedfff30da27b94e"",""ghz_chain_18q:1dpu_t8"":""9f9e62a16e205e4bd5eb1d1b8f62cade3177ef00fa9bd4dc15c899a41b00d3d0"",""ghz_chain_18q:4dpu_t8"":""9f9e62a16e205e4bd5eb1d1b8f62cade3177ef00fa9bd4dc15c899a41b00d3d0"",""hs_18q_d1:1dpu_t8"":""bf83ea123bc85b30f3c7f1f8a0de47c8366352fc37c099890eab75c8cba62cb8"",""hs_18q_d1:4dpu_t8"":""bf83ea123bc85b30f3c7f1f8a0de47c8366352fc37c099890eab75c8cba62cb8"",""quantization_stress_18q_l2:1dpu_t8"":""e56fd025e7fdf900c75302bb6e7212f78d89deef09b236732a001e9f5c5001c1"",""quantization_stress_18q_l2:4dpu_t8"":""e56fd025e7fdf900c75302bb6e7212f78d89deef09b236732a001e9f5c5001c1""}"
398,5,2.242658531205756,1.0,6,0.024368166273412584,0.9754242110524387,0.00020762267414873057,0.012184083136706292,0.012184083136706292,0.9754242110524387,0.00020762267414873057,0.0,0.0,"{""edc_18q:1dpu_t8"":""cf23b184355b080f3bead1d9d754a3c2c295746793109413aedfff30da27b94e"",""edc_18q:4dpu_t8"":""cf23b184355b080f3bead1d9d754a3c2c295746793109413aedfff30da27b94e"",""ghz_chain_18q:1dpu_t8"":""9f9e62a16e205e4bd5eb1d1b8f62cade3177ef00fa9bd4dc15c899a41b00d3d0"",""ghz_chain_18q:4dpu_t8"":""9f9e62a16e205e4bd5eb1d1b8f62cade3177ef00fa9bd4dc15c899a41b00d3d0"",""hs_18q_d1:1dpu_t8"":""bf83ea123bc85b30f3c7f1f8a0de47c8366352fc37c099890eab75c8cba62cb8"",""hs_18q_d1:4dpu_t8"":""bf83ea123bc85b30f3c7f1f8a0de47c8366352fc37c099890eab75c8cba62cb8"",""quantization_stress_18q_l2:1dpu_t8"":""9d1e1ae9a325d84cef97b0fd9beffa9d4b3d783f00a4e38f6fce3a17114d3abb"",""quantization_stress_18q_l2:4dpu_t8"":""9d1e1ae9a325d84cef97b0fd9beffa9d4b3d783f00a4e38f6fce3a17114d3abb""}"
399,3,2.2973181621183234,0.997529052435953,7,0.0,1.0,0.0,0.0,0.0,1.0,0.0,0.0,0.0,"{""edc_18q:1dpu_t8"":""cf23b184355b080f3bead1d9d754a3c2c295746793109413aedfff30da27b94e"",""edc_18q:4dpu_t8"":""cf23b184355b080f3bead1d9d754a3c2c295746793109413aedfff30da27b94e"",""ghz_chain_18q:1dpu_t8"":""9f9e62a16e205e4bd5eb1d1b8f62cade3177ef00fa9bd4dc15c899a41b00d3d0"",""ghz_chain_18q:4dpu_t8"":""9f9e62a16e205e4bd5eb1d1b8f62cade3177ef00fa9bd4dc15c899a41b00d3d0"",""hs_18q_d1:1dpu_t8"":""0f172b4535a71fb59dd5d4f406df828c33333cda1113d1c71db08b5d0e989d1e"",""hs_18q_d1:4dpu_t8"":""0f172b4535a71fb59dd5d4f406df828c33333cda1113d1c71db08b5d0e989d1e"",""quantization_stress_18q_l2:1dpu_t8"":""9d1e1ae9a325d84cef97b0fd9beffa9d4b3d783f00a4e38f6fce3a17114d3abb"",""quantization_stress_18q_l2:4dpu_t8"":""9d1e1ae9a325d84cef97b0fd9beffa9d4b3d783f00a4e38f6fce3a17114d3abb""}"
400,5,2.2397324316185183,1.0,6,0.024368166273412584,0.9754242110524387,0.00020762267414873057,0.012184083136706292,0.012184083136706292,0.9754242110524387,0.00020762267414873057,0.0,0.0,"{""edc_18q:1dpu_t8"":""cf23b184355b080f3bead1d9d754a3c2c295746793109413aedfff30da27b94e"",""edc_18q:4dpu_t8"":""cf23b184355b080f3bead1d9d754a3c2c295746793109413aedfff30da27b94e"",""ghz_chain_18q:1dpu_t8"":""9f9e62a16e205e4bd5eb1d1b8f62cade3177ef00fa9bd4dc15c899a41b00d3d0"",""ghz_chain_18q:4dpu_t8"":""9f9e62a16e205e4bd5eb1d1b8f62cade3177ef00fa9bd4dc15c899a41b00d3d0"",""hs_18q_d1:1dpu_t8"":""bf83ea123bc85b30f3c7f1f8a0de47c8366352fc37c099890eab75c8cba62cb8"",""hs_18q_d1:4dpu_t8"":""bf83ea123bc85b30f3c7f1f8a0de47c8366352fc37c099890eab75c8cba62cb8"",""quantization_stress_18q_l2:1dpu_t8"":""9d1e1ae9a325d84cef97b0fd9beffa9d4b3d783f00a4e38f6fce3a17114d3abb"",""quantization_stress_18q_l2:4dpu_t8"":""9d1e1ae9a325d84cef97b0fd9beffa9d4b3d783f00a4e38f6fce3a17114d3abb""}"
401,3,2.2914212002161523,1.041845644222677,8,0.0,1.0,0.0,0.0,0.0,1.0,0.0,0.0,0.0,"{""edc_18q:1dpu_t8"":""cf23b184355b080f3bead1d9d754a3c2c295746793109413aedfff30da27b94e"",""edc_18q:4dpu_t8"":""cf23b184355b080f3bead1d9d754a3c2c295746793109413aedfff30da27b94e"",""ghz_chain_18q:1dpu_t8"":""9f9e62a16e205e4bd5eb1d1b8f62cade3177ef00fa9bd4dc15c899a41b00d3d0"",""ghz_chain_18q:4dpu_t8"":""9f9e62a16e205e4bd5eb1d1b8f62cade3177ef00fa9bd4dc15c899a41b00d3d0"",""hs_18q_d1:1dpu_t8"":""0f172b4535a71fb59dd5d4f406df828c33333cda1113d1c71db08b5d0e989d1e"",""hs_18q_d1:4dpu_t8"":""0f172b4535a71fb59dd5d4f406df828c33333cda1113d1c71db08b5d0e989d1e"",""quantization_stress_18q_l2:1dpu_t8"":""9d1e1ae9a325d84cef97b0fd9beffa9d4b3d783f00a4e38f6fce3a17114d3abb"",""quantization_stress_18q_l2:4dpu_t8"":""9d1e1ae9a325d84cef97b0fd9beffa9d4b3d783f00a4e38f6fce3a17114d3abb""}"
402,9,2.2430931000373113,1.0,7,0.5414741851996391,0.45232358896253566,0.006202225837825213,0.27073709259981954,0.27073709259981954,0.45232358896253566,0.006202225837825213,0.0,0.0,"{""edc_18q:1dpu_t8"":""cf23b184355b080f3bead1d9d754a3c2c295746793109413aedfff30da27b94e"",""edc_18q:4dpu_t8"":""cf23b184355b080f3bead1d9d754a3c2c295746793109413aedfff30da27b94e"",""ghz_chain_18q:1dpu_t8"":""9f9e62a16e205e4bd5eb1d1b8f62cade3177ef00fa9bd4dc15c899a41b00d3d0"",""ghz_chain_18q:4dpu_t8"":""9f9e62a16e205e4bd5eb1d1b8f62cade3177ef00fa9bd4dc15c899a41b00d3d0"",""hs_18q_d1:1dpu_t8"":""bf83ea123bc85b30f3c7f1f8a0de47c8366352fc37c099890eab75c8cba62cb8"",""hs_18q_d1:4dpu_t8"":""0f172b4535a71fb59dd5d4f406df828c33333cda1113d1c71db08b5d0e989d1e"",""quantization_stress_18q_l2:1dpu_t8"":""e56fd025e7fdf900c75302bb6e7212f78d89deef09b236732a001e9f5c5001c1"",""quantization_stress_18q_l2:4dpu_t8"":""e56fd025e7fdf900c75302bb6e7212f78d89deef09b236732a001e9f5c5001c1""}"
403,10,2.230981181181036,1.0,6,0.47630996810097936,0.518889877536195,0.004800154362825642,0.23815498405048968,0.23815498405048968,0.518889877536195,0.004800154362825642,0.0,0.0,"{""edc_18q:1dpu_t8"":""cf23b184355b080f3bead1d9d754a3c2c295746793109413aedfff30da27b94e"",""edc_18q:4dpu_t8"":""cf23b184355b080f3bead1d9d754a3c2c295746793109413aedfff30da27b94e"",""ghz_chain_18q:1dpu_t8"":""9f9e62a16e205e4bd5eb1d1b8f62cade3177ef00fa9bd4dc15c899a41b00d3d0"",""ghz_chain_18q:4dpu_t8"":""9f9e62a16e205e4bd5eb1d1b8f62cade3177ef00fa9bd4dc15c899a41b00d3d0"",""hs_18q_d1:1dpu_t8"":""bf83ea123bc85b30f3c7f1f8a0de47c8366352fc37c099890eab75c8cba62cb8"",""hs_18q_d1:4dpu_t8"":""bf83ea123bc85b30f3c7f1f8a0de47c8366352fc37c099890eab75c8cba62cb8"",""quantization_stress_18q_l2:1dpu_t8"":""e56fd025e7fdf900c75302bb6e7212f78d89deef09b236732a001e9f5c5001c1"",""quantization_stress_18q_l2:4dpu_t8"":""e56fd025e7fdf900c75302bb6e7212f78d89deef09b236732a001e9f5c5001c1""}"
404,10,2.2319937402926926,1.0,6,0.47630996810097936,0.518889877536195,0.004800154362825642,0.23815498405048968,0.23815498405048968,0.518889877536195,0.004800154362825642,0.0,0.0,"{""edc_18q:1dpu_t8"":""cf23b184355b080f3bead1d9d754a3c2c295746793109413aedfff30da27b94e"",""edc_18q:4dpu_t8"":""cf23b184355b080f3bead1d9d754a3c2c295746793109413aedfff30da27b94e"",""ghz_chain_18q:1dpu_t8"":""9f9e62a16e205e4bd5eb1d1b8f62cade3177ef00fa9bd4dc15c899a41b00d3d0"",""ghz_chain_18q:4dpu_t8"":""9f9e62a16e205e4bd5eb1d1b8f62cade3177ef00fa9bd4dc15c899a41b00d3d0"",""hs_18q_d1:1dpu_t8"":""bf83ea123bc85b30f3c7f1f8a0de47c8366352fc37c099890eab75c8cba62cb8"",""hs_18q_d1:4dpu_t8"":""bf83ea123bc85b30f3c7f1f8a0de47c8366352fc37c099890eab75c8cba62cb8"",""quantization_stress_18q_l2:1dpu_t8"":""e56fd025e7fdf900c75302bb6e7212f78d89deef09b236732a001e9f5c5001c1"",""quantization_stress_18q_l2:4dpu_t8"":""e56fd025e7fdf900c75302bb6e7212f78d89deef09b236732a001e9f5c5001c1""}"
405,10,2.236728051175326,1.0,6,0.47630996810097936,0.518889877536195,0.004800154362825642,0.23815498405048968,0.23815498405048968,0.518889877536195,0.004800154362825642,0.0,0.0,"{""edc_18q:1dpu_t8"":""cf23b184355b080f3bead1d9d754a3c2c295746793109413aedfff30da27b94e"",""edc_18q:4dpu_t8"":""cf23b184355b080f3bead1d9d754a3c2c295746793109413aedfff30da27b94e"",""ghz_chain_18q:1dpu_t8"":""9f9e62a16e205e4bd5eb1d1b8f62cade3177ef00fa9bd4dc15c899a41b00d3d0"",""ghz_chain_18q:4dpu_t8"":""9f9e62a16e205e4bd5eb1d1b8f62cade3177ef00fa9bd4dc15c899a41b00d3d0"",""hs_18q_d1:1dpu_t8"":""bf83ea123bc85b30f3c7f1f8a0de47c8366352fc37c099890eab75c8cba62cb8"",""hs_18q_d1:4dpu_t8"":""bf83ea123bc85b30f3c7f1f8a0de47c8366352fc37c099890eab75c8cba62cb8"",""quantization_stress_18q_l2:1dpu_t8"":""e56fd025e7fdf900c75302bb6e7212f78d89deef09b236732a001e9f5c5001c1"",""quantization_stress_18q_l2:4dpu_t8"":""e56fd025e7fdf900c75302bb6e7212f78d89deef09b236732a001e9f5c5001c1""}"
406,5,2.234911132376394,1.0,6,0.024368166273412584,0.9754242110524387,0.00020762267414873057,0.012184083136706292,0.012184083136706292,0.9754242110524387,0.00020762267414873057,0.0,0.0,"{""edc_18q:1dpu_t8"":""cf23b184355b080f3bead1d9d754a3c2c295746793109413aedfff30da27b94e"",""edc_18q:4dpu_t8"":""cf23b184355b080f3bead1d9d754a3c2c295746793109413aedfff30da27b94e"",""ghz_chain_18q:1dpu_t8"":""9f9e62a16e205e4bd5eb1d1b8f62cade3177ef00fa9bd4dc15c899a41b00d3d0"",""ghz_chain_18q:4dpu_t8"":""9f9e62a16e205e4bd5eb1d1b8f62cade3177ef00fa9bd4dc15c899a41b00d3d0"",""hs_18q_d1:1dpu_t8"":""bf83ea123bc85b30f3c7f1f8a0de47c8366352fc37c099890eab75c8cba62cb8"",""hs_18q_d1:4dpu_t8"":""bf83ea123bc85b30f3c7f1f8a0de47c8366352fc37c099890eab75c8cba62cb8"",""quantization_stress_18q_l2:1dpu_t8"":""9d1e1ae9a325d84cef97b0fd9beffa9d4b3d783f00a4e38f6fce3a17114d3abb"",""quantization_stress_18q_l2:4dpu_t8"":""9d1e1ae9a325d84cef97b0fd9beffa9d4b3d783f00a4e38f6fce3a17114d3abb""}"
407,5,2.2368114824444767,1.0,6,0.024368166273412584,0.9754242110524387,0.00020762267414873057,0.012184083136706292,0.012184083136706292,0.9754242110524387,0.00020762267414873057,0.0,0.0,"{""edc_18q:1dpu_t8"":""cf23b184355b080f3bead1d9d754a3c2c295746793109413aedfff30da27b94e"",""edc_18q:4dpu_t8"":""cf23b184355b080f3bead1d9d754a3c2c295746793109413aedfff30da27b94e"",""ghz_chain_18q:1dpu_t8"":""9f9e62a16e205e4bd5eb1d1b8f62cade3177ef00fa9bd4dc15c899a41b00d3d0"",""ghz_chain_18q:4dpu_t8"":""9f9e62a16e205e4bd5eb1d1b8f62cade3177ef00fa9bd4dc15c899a41b00d3d0"",""hs_18q_d1:1dpu_t8"":""bf83ea123bc85b30f3c7f1f8a0de47c8366352fc37c099890eab75c8cba62cb8"",""hs_18q_d1:4dpu_t8"":""bf83ea123bc85b30f3c7f1f8a0de47c8366352fc37c099890eab75c8cba62cb8"",""quantization_stress_18q_l2:1dpu_t8"":""9d1e1ae9a325d84cef97b0fd9beffa9d4b3d783f00a4e38f6fce3a17114d3abb"",""quantization_stress_18q_l2:4dpu_t8"":""9d1e1ae9a325d84cef97b0fd9beffa9d4b3d783f00a4e38f6fce3a17114d3abb""}"
408,4,2.233739115655774,1.0,7,0.22063680206282787,0.7768451800394555,0.002518017897716659,0.11031840103141394,0.11031840103141394,0.7768451800394555,0.002518017897716659,0.0,0.0,"{""edc_18q:1dpu_t8"":""cf23b184355b080f3bead1d9d754a3c2c295746793109413aedfff30da27b94e"",""edc_18q:4dpu_t8"":""cf23b184355b080f3bead1d9d754a3c2c295746793109413aedfff30da27b94e"",""ghz_chain_18q:1dpu_t8"":""9f9e62a16e205e4bd5eb1d1b8f62cade3177ef00fa9bd4dc15c899a41b00d3d0"",""ghz_chain_18q:4dpu_t8"":""9f9e62a16e205e4bd5eb1d1b8f62cade3177ef00fa9bd4dc15c899a41b00d3d0"",""hs_18q_d1:1dpu_t8"":""bf83ea123bc85b30f3c7f1f8a0de47c8366352fc37c099890eab75c8cba62cb8"",""hs_18q_d1:4dpu_t8"":""0f172b4535a71fb59dd5d4f406df828c33333cda1113d1c71db08b5d0e989d1e"",""quantization_stress_18q_l2:1dpu_t8"":""9d1e1ae9a325d84cef97b0fd9beffa9d4b3d783f00a4e38f6fce3a17114d3abb"",""quantization_stress_18q_l2:4dpu_t8"":""9d1e1ae9a325d84cef97b0fd9beffa9d4b3d783f00a4e38f6fce3a17114d3abb""}"
409,4,2.2422462994970322,1.0,7,0.22063680206282787,0.7768451800394555,0.002518017897716659,0.11031840103141394,0.11031840103141394,0.7768451800394555,0.002518017897716659,0.0,0.0,"{""edc_18q:1dpu_t8"":""cf23b184355b080f3bead1d9d754a3c2c295746793109413aedfff30da27b94e"",""edc_18q:4dpu_t8"":""cf23b184355b080f3bead1d9d754a3c2c295746793109413aedfff30da27b94e"",""ghz_chain_18q:1dpu_t8"":""9f9e62a16e205e4bd5eb1d1b8f62cade3177ef00fa9bd4dc15c899a41b00d3d0"",""ghz_chain_18q:4dpu_t8"":""9f9e62a16e205e4bd5eb1d1b8f62cade3177ef00fa9bd4dc15c899a41b00d3d0"",""hs_18q_d1:1dpu_t8"":""bf83ea123bc85b30f3c7f1f8a0de47c8366352fc37c099890eab75c8cba62cb8"",""hs_18q_d1:4dpu_t8"":""0f172b4535a71fb59dd5d4f406df828c33333cda1113d1c71db08b5d0e989d1e"",""quantization_stress_18q_l2:1dpu_t8"":""9d1e1ae9a325d84cef97b0fd9beffa9d4b3d783f00a4e38f6fce3a17114d3abb"",""quantization_stress_18q_l2:4dpu_t8"":""9d1e1ae9a325d84cef97b0fd9beffa9d4b3d783f00a4e38f6fce3a17114d3abb""}"
410,3,2.277329213827609,1.0163179096347865,8,0.0,1.0,0.0,0.0,0.0,1.0,0.0,0.0,0.0,"{""edc_18q:1dpu_t8"":""cf23b184355b080f3bead1d9d754a3c2c295746793109413aedfff30da27b94e"",""edc_18q:4dpu_t8"":""cf23b184355b080f3bead1d9d754a3c2c295746793109413aedfff30da27b94e"",""ghz_chain_18q:1dpu_t8"":""9f9e62a16e205e4bd5eb1d1b8f62cade3177ef00fa9bd4dc15c899a41b00d3d0"",""ghz_chain_18q:4dpu_t8"":""9f9e62a16e205e4bd5eb1d1b8f62cade3177ef00fa9bd4dc15c899a41b00d3d0"",""hs_18q_d1:1dpu_t8"":""0f172b4535a71fb59dd5d4f406df828c33333cda1113d1c71db08b5d0e989d1e"",""hs_18q_d1:4dpu_t8"":""0f172b4535a71fb59dd5d4f406df828c33333cda1113d1c71db08b5d0e989d1e"",""quantization_stress_18q_l2:1dpu_t8"":""9d1e1ae9a325d84cef97b0fd9beffa9d4b3d783f00a4e38f6fce3a17114d3abb"",""quantization_stress_18q_l2:4dpu_t8"":""9d1e1ae9a325d84cef97b0fd9beffa9d4b3d783f00a4e38f6fce3a17114d3abb""}"
411,5,2.22689515803444,1.0,6,0.024368166273412584,0.9754242110524387,0.00020762267414873057,0.012184083136706292,0.012184083136706292,0.9754242110524387,0.00020762267414873057,0.0,0.0,"{""edc_18q:1dpu_t8"":""cf23b184355b080f3bead1d9d754a3c2c295746793109413aedfff30da27b94e"",""edc_18q:4dpu_t8"":""cf23b184355b080f3bead1d9d754a3c2c295746793109413aedfff30da27b94e"",""ghz_chain_18q:1dpu_t8"":""9f9e62a16e205e4bd5eb1d1b8f62cade3177ef00fa9bd4dc15c899a41b00d3d0"",""ghz_chain_18q:4dpu_t8"":""9f9e62a16e205e4bd5eb1d1b8f62cade3177ef00fa9bd4dc15c899a41b00d3d0"",""hs_18q_d1:1dpu_t8"":""bf83ea123bc85b30f3c7f1f8a0de47c8366352fc37c099890eab75c8cba62cb8"",""hs_18q_d1:4dpu_t8"":""bf83ea123bc85b30f3c7f1f8a0de47c8366352fc37c099890eab75c8cba62cb8"",""quantization_stress_18q_l2:1dpu_t8"":""9d1e1ae9a325d84cef97b0fd9beffa9d4b3d783f00a4e38f6fce3a17114d3abb"",""quantization_stress_18q_l2:4dpu_t8"":""9d1e1ae9a325d84cef97b0fd9beffa9d4b3d783f00a4e38f6fce3a17114d3abb""}"
412,4,2.2404982134652145,1.0,7,0.22063680206282787,0.7768451800394555,0.002518017897716659,0.11031840103141394,0.11031840103141394,0.7768451800394555,0.002518017897716659,0.0,0.0,"{""edc_18q:1dpu_t8"":""cf23b184355b080f3bead1d9d754a3c2c295746793109413aedfff30da27b94e"",""edc_18q:4dpu_t8"":""cf23b184355b080f3bead1d9d754a3c2c295746793109413aedfff30da27b94e"",""ghz_chain_18q:1dpu_t8"":""9f9e62a16e205e4bd5eb1d1b8f62cade3177ef00fa9bd4dc15c899a41b00d3d0"",""ghz_chain_18q:4dpu_t8"":""9f9e62a16e205e4bd5eb1d1b8f62cade3177ef00fa9bd4dc15c899a41b00d3d0"",""hs_18q_d1:1dpu_t8"":""bf83ea123bc85b30f3c7f1f8a0de47c8366352fc37c099890eab75c8cba62cb8"",""hs_18q_d1:4dpu_t8"":""0f172b4535a71fb59dd5d4f406df828c33333cda1113d1c71db08b5d0e989d1e"",""quantization_stress_18q_l2:1dpu_t8"":""9d1e1ae9a325d84cef97b0fd9beffa9d4b3d783f00a4e38f6fce3a17114d3abb"",""quantization_stress_18q_l2:4dpu_t8"":""9d1e1ae9a325d84cef97b0fd9beffa9d4b3d783f00a4e38f6fce3a17114d3abb""}"
413,4,2.2417220695125804,1.0,7,0.22063680206282787,0.7768451800394555,0.002518017897716659,0.11031840103141394,0.11031840103141394,0.7768451800394555,0.002518017897716659,0.0,0.0,"{""edc_18q:1dpu_t8"":""cf23b184355b080f3bead1d9d754a3c2c295746793109413aedfff30da27b94e"",""edc_18q:4dpu_t8"":""cf23b184355b080f3bead1d9d754a3c2c295746793109413aedfff30da27b94e"",""ghz_chain_18q:1dpu_t8"":""9f9e62a16e205e4bd5eb1d1b8f62cade3177ef00fa9bd4dc15c899a41b00d3d0"",""ghz_chain_18q:4dpu_t8"":""9f9e62a16e205e4bd5eb1d1b8f62cade3177ef00fa9bd4dc15c899a41b00d3d0"",""hs_18q_d1:1dpu_t8"":""bf83ea123bc85b30f3c7f1f8a0de47c8366352fc37c099890eab75c8cba62cb8"",""hs_18q_d1:4dpu_t8"":""0f172b4535a71fb59dd5d4f406df828c33333cda1113d1c71db08b5d0e989d1e"",""quantization_stress_18q_l2:1dpu_t8"":""9d1e1ae9a325d84cef97b0fd9beffa9d4b3d783f00a4e38f6fce3a17114d3abb"",""quantization_stress_18q_l2:4dpu_t8"":""9d1e1ae9a325d84cef97b0fd9beffa9d4b3d783f00a4e38f6fce3a17114d3abb""}"
414,3,2.285884526020283,1.041845644222677,8,0.0,1.0,0.0,0.0,0.0,1.0,0.0,0.0,0.0,"{""edc_18q:1dpu_t8"":""cf23b184355b080f3bead1d9d754a3c2c295746793109413aedfff30da27b94e"",""edc_18q:4dpu_t8"":""cf23b184355b080f3bead1d9d754a3c2c295746793109413aedfff30da27b94e"",""ghz_chain_18q:1dpu_t8"":""9f9e62a16e205e4bd5eb1d1b8f62cade3177ef00fa9bd4dc15c899a41b00d3d0"",""ghz_chain_18q:4dpu_t8"":""9f9e62a16e205e4bd5eb1d1b8f62cade3177ef00fa9bd4dc15c899a41b00d3d0"",""hs_18q_d1:1dpu_t8"":""0f172b4535a71fb59dd5d4f406df828c33333cda1113d1c71db08b5d0e989d1e"",""hs_18q_d1:4dpu_t8"":""0f172b4535a71fb59dd5d4f406df828c33333cda1113d1c71db08b5d0e989d1e"",""quantization_stress_18q_l2:1dpu_t8"":""9d1e1ae9a325d84cef97b0fd9beffa9d4b3d783f00a4e38f6fce3a17114d3abb"",""quantization_stress_18q_l2:4dpu_t8"":""9d1e1ae9a325d84cef97b0fd9beffa9d4b3d783f00a4e38f6fce3a17114d3abb""}"
415,5,2.24266236039568,1.0,6,0.024368166273412584,0.9754242110524387,0.00020762267414873057,0.012184083136706292,0.012184083136706292,0.9754242110524387,0.00020762267414873057,0.0,0.0,"{""edc_18q:1dpu_t8"":""cf23b184355b080f3bead1d9d754a3c2c295746793109413aedfff30da27b94e"",""edc_18q:4dpu_t8"":""cf23b184355b080f3bead1d9d754a3c2c295746793109413aedfff30da27b94e"",""ghz_chain_18q:1dpu_t8"":""9f9e62a16e205e4bd5eb1d1b8f62cade3177ef00fa9bd4dc15c899a41b00d3d0"",""ghz_chain_18q:4dpu_t8"":""9f9e62a16e205e4bd5eb1d1b8f62cade3177ef00fa9bd4dc15c899a41b00d3d0"",""hs_18q_d1:1dpu_t8"":""bf83ea123bc85b30f3c7f1f8a0de47c8366352fc37c099890eab75c8cba62cb8"",""hs_18q_d1:4dpu_t8"":""bf83ea123bc85b30f3c7f1f8a0de47c8366352fc37c099890eab75c8cba62cb8"",""quantization_stress_18q_l2:1dpu_t8"":""9d1e1ae9a325d84cef97b0fd9beffa9d4b3d783f00a4e38f6fce3a17114d3abb"",""quantization_stress_18q_l2:4dpu_t8"":""9d1e1ae9a325d84cef97b0fd9beffa9d4b3d783f00a4e38f6fce3a17114d3abb""}"
416,10,2.2156497355444826,1.0,6,0.47630996810097936,0.518889877536195,0.004800154362825642,0.23815498405048968,0.23815498405048968,0.518889877536195,0.004800154362825642,0.0,0.0,"{""edc_18q:1dpu_t8"":""cf23b184355b080f3bead1d9d754a3c2c295746793109413aedfff30da27b94e"",""edc_18q:4dpu_t8"":""cf23b184355b080f3bead1d9d754a3c2c295746793109413aedfff30da27b94e"",""ghz_chain_18q:1dpu_t8"":""9f9e62a16e205e4bd5eb1d1b8f62cade3177ef00fa9bd4dc15c899a41b00d3d0"",""ghz_chain_18q:4dpu_t8"":""9f9e62a16e205e4bd5eb1d1b8f62cade3177ef00fa9bd4dc15c899a41b00d3d0"",""hs_18q_d1:1dpu_t8"":""bf83ea123bc85b30f3c7f1f8a0de47c8366352fc37c099890eab75c8cba62cb8"",""hs_18q_d1:4dpu_t8"":""bf83ea123bc85b30f3c7f1f8a0de47c8366352fc37c099890eab75c8cba62cb8"",""quantization_stress_18q_l2:1dpu_t8"":""e56fd025e7fdf900c75302bb6e7212f78d89deef09b236732a001e9f5c5001c1"",""quantization_stress_18q_l2:4dpu_t8"":""e56fd025e7fdf900c75302bb6e7212f78d89deef09b236732a001e9f5c5001c1""}"
417,5,2.2365231087351813,1.0,6,0.024368166273412584,0.9754242110524387,0.00020762267414873057,0.012184083136706292,0.012184083136706292,0.9754242110524387,0.00020762267414873057,0.0,0.0,"{""edc_18q:1dpu_t8"":""cf23b184355b080f3bead1d9d754a3c2c295746793109413aedfff30da27b94e"",""edc_18q:4dpu_t8"":""cf23b184355b080f3bead1d9d754a3c2c295746793109413aedfff30da27b94e"",""ghz_chain_18q:1dpu_t8"":""9f9e62a16e205e4bd5eb1d1b8f62cade3177ef00fa9bd4dc15c899a41b00d3d0"",""ghz_chain_18q:4dpu_t8"":""9f9e62a16e205e4bd5eb1d1b8f62cade3177ef00fa9bd4dc15c899a41b00d3d0"",""hs_18q_d1:1dpu_t8"":""bf83ea123bc85b30f3c7f1f8a0de47c8366352fc37c099890eab75c8cba62cb8"",""hs_18q_d1:4dpu_t8"":""bf83ea123bc85b30f3c7f1f8a0de47c8366352fc37c099890eab75c8cba62cb8"",""quantization_stress_18q_l2:1dpu_t8"":""9d1e1ae9a325d84cef97b0fd9beffa9d4b3d783f00a4e38f6fce3a17114d3abb"",""quantization_stress_18q_l2:4dpu_t8"":""9d1e1ae9a325d84cef97b0fd9beffa9d4b3d783f00a4e38f6fce3a17114d3abb""}"
418,5,2.2149022644147633,1.0,6,0.024368166273412584,0.9754242110524387,0.00020762267414873057,0.012184083136706292,0.012184083136706292,0.9754242110524387,0.00020762267414873057,0.0,0.0,"{""edc_18q:1dpu_t8"":""cf23b184355b080f3bead1d9d754a3c2c295746793109413aedfff30da27b94e"",""edc_18q:4dpu_t8"":""cf23b184355b080f3bead1d9d754a3c2c295746793109413aedfff30da27b94e"",""ghz_chain_18q:1dpu_t8"":""9f9e62a16e205e4bd5eb1d1b8f62cade3177ef00fa9bd4dc15c899a41b00d3d0"",""ghz_chain_18q:4dpu_t8"":""9f9e62a16e205e4bd5eb1d1b8f62cade3177ef00fa9bd4dc15c899a41b00d3d0"",""hs_18q_d1:1dpu_t8"":""bf83ea123bc85b30f3c7f1f8a0de47c8366352fc37c099890eab75c8cba62cb8"",""hs_18q_d1:4dpu_t8"":""bf83ea123bc85b30f3c7f1f8a0de47c8366352fc37c099890eab75c8cba62cb8"",""quantization_stress_18q_l2:1dpu_t8"":""9d1e1ae9a325d84cef97b0fd9beffa9d4b3d783f00a4e38f6fce3a17114d3abb"",""quantization_stress_18q_l2:4dpu_t8"":""9d1e1ae9a325d84cef97b0fd9beffa9d4b3d783f00a4e38f6fce3a17114d3abb""}"
419,5,2.2309644713897487,1.0,6,0.024368166273412584,0.9754242110524387,0.00020762267414873057,0.012184083136706292,0.012184083136706292,0.9754242110524387,0.00020762267414873057,0.0,0.0,"{""edc_18q:1dpu_t8"":""cf23b184355b080f3bead1d9d754a3c2c295746793109413aedfff30da27b94e"",""edc_18q:4dpu_t8"":""cf23b184355b080f3bead1d9d754a3c2c295746793109413aedfff30da27b94e"",""ghz_chain_18q:1dpu_t8"":""9f9e62a16e205e4bd5eb1d1b8f62cade3177ef00fa9bd4dc15c899a41b00d3d0"",""ghz_chain_18q:4dpu_t8"":""9f9e62a16e205e4bd5eb1d1b8f62cade3177ef00fa9bd4dc15c899a41b00d3d0"",""hs_18q_d1:1dpu_t8"":""bf83ea123bc85b30f3c7f1f8a0de47c8366352fc37c099890eab75c8cba62cb8"",""hs_18q_d1:4dpu_t8"":""bf83ea123bc85b30f3c7f1f8a0de47c8366352fc37c099890eab75c8cba62cb8"",""quantization_stress_18q_l2:1dpu_t8"":""9d1e1ae9a325d84cef97b0fd9beffa9d4b3d783f00a4e38f6fce3a17114d3abb"",""quantization_stress_18q_l2:4dpu_t8"":""9d1e1ae9a325d84cef97b0fd9beffa9d4b3d783f00a4e38f6fce3a17114d3abb""}"
420,9,2.2526273041087097,1.0,7,0.5414741851996391,0.45232358896253566,0.006202225837825213,0.27073709259981954,0.27073709259981954,0.45232358896253566,0.006202225837825213,0.0,0.0,"{""edc_18q:1dpu_t8"":""cf23b184355b080f3bead1d9d754a3c2c295746793109413aedfff30da27b94e"",""edc_18q:4dpu_t8"":""cf23b184355b080f3bead1d9d754a3c2c295746793109413aedfff30da27b94e"",""ghz_chain_18q:1dpu_t8"":""9f9e62a16e205e4bd5eb1d1b8f62cade3177ef00fa9bd4dc15c899a41b00d3d0"",""ghz_chain_18q:4dpu_t8"":""9f9e62a16e205e4bd5eb1d1b8f62cade3177ef00fa9bd4dc15c899a41b00d3d0"",""hs_18q_d1:1dpu_t8"":""bf83ea123bc85b30f3c7f1f8a0de47c8366352fc37c099890eab75c8cba62cb8"",""hs_18q_d1:4dpu_t8"":""0f172b4535a71fb59dd5d4f406df828c33333cda1113d1c71db08b5d0e989d1e"",""quantization_stress_18q_l2:1dpu_t8"":""e56fd025e7fdf900c75302bb6e7212f78d89deef09b236732a001e9f5c5001c1"",""quantization_stress_18q_l2:4dpu_t8"":""e56fd025e7fdf900c75302bb6e7212f78d89deef09b236732a001e9f5c5001c1""}"
421,5,2.2365905037735314,1.0,6,0.024368166273412584,0.9754242110524387,0.00020762267414873057,0.012184083136706292,0.012184083136706292,0.9754242110524387,0.00020762267414873057,0.0,0.0,"{""edc_18q:1dpu_t8"":""cf23b184355b080f3bead1d9d754a3c2c295746793109413aedfff30da27b94e"",""edc_18q:4dpu_t8"":""cf23b184355b080f3bead1d9d754a3c2c295746793109413aedfff30da27b94e"",""ghz_chain_18q:1dpu_t8"":""9f9e62a16e205e4bd5eb1d1b8f62cade3177ef00fa9bd4dc15c899a41b00d3d0"",""ghz_chain_18q:4dpu_t8"":""9f9e62a16e205e4bd5eb1d1b8f62cade3177ef00fa9bd4dc15c899a41b00d3d0"",""hs_18q_d1:1dpu_t8"":""bf83ea123bc85b30f3c7f1f8a0de47c8366352fc37c099890eab75c8cba62cb8"",""hs_18q_d1:4dpu_t8"":""bf83ea123bc85b30f3c7f1f8a0de47c8366352fc37c099890eab75c8cba62cb8"",""quantization_stress_18q_l2:1dpu_t8"":""9d1e1ae9a325d84cef97b0fd9beffa9d4b3d783f00a4e38f6fce3a17114d3abb"",""quantization_stress_18q_l2:4dpu_t8"":""9d1e1ae9a325d84cef97b0fd9beffa9d4b3d783f00a4e38f6fce3a17114d3abb""}"
422,4,2.223627930637719,1.0,7,0.22063680206282787,0.7768451800394555,0.002518017897716659,0.11031840103141394,0.11031840103141394,0.7768451800394555,0.002518017897716659,0.0,0.0,"{""edc_18q:1dpu_t8"":""cf23b184355b080f3bead1d9d754a3c2c295746793109413aedfff30da27b94e"",""edc_18q:4dpu_t8"":""cf23b184355b080f3bead1d9d754a3c2c295746793109413aedfff30da27b94e"",""ghz_chain_18q:1dpu_t8"":""9f9e62a16e205e4bd5eb1d1b8f62cade3177ef00fa9bd4dc15c899a41b00d3d0"",""ghz_chain_18q:4dpu_t8"":""9f9e62a16e205e4bd5eb1d1b8f62cade3177ef00fa9bd4dc15c899a41b00d3d0"",""hs_18q_d1:1dpu_t8"":""bf83ea123bc85b30f3c7f1f8a0de47c8366352fc37c099890eab75c8cba62cb8"",""hs_18q_d1:4dpu_t8"":""0f172b4535a71fb59dd5d4f406df828c33333cda1113d1c71db08b5d0e989d1e"",""quantization_stress_18q_l2:1dpu_t8"":""9d1e1ae9a325d84cef97b0fd9beffa9d4b3d783f00a4e38f6fce3a17114d3abb"",""quantization_stress_18q_l2:4dpu_t8"":""9d1e1ae9a325d84cef97b0fd9beffa9d4b3d783f00a4e38f6fce3a17114d3abb""}"
423,5,2.2388215707322665,1.0,6,0.024368166273412584,0.9754242110524387,0.00020762267414873057,0.012184083136706292,0.012184083136706292,0.9754242110524387,0.00020762267414873057,0.0,0.0,"{""edc_18q:1dpu_t8"":""cf23b184355b080f3bead1d9d754a3c2c295746793109413aedfff30da27b94e"",""edc_18q:4dpu_t8"":""cf23b184355b080f3bead1d9d754a3c2c295746793109413aedfff30da27b94e"",""ghz_chain_18q:1dpu_t8"":""9f9e62a16e205e4bd5eb1d1b8f62cade3177ef00fa9bd4dc15c899a41b00d3d0"",""ghz_chain_18q:4dpu_t8"":""9f9e62a16e205e4bd5eb1d1b8f62cade3177ef00fa9bd4dc15c899a41b00d3d0"",""hs_18q_d1:1dpu_t8"":""bf83ea123bc85b30f3c7f1f8a0de47c8366352fc37c099890eab75c8cba62cb8"",""hs_18q_d1:4dpu_t8"":""bf83ea123bc85b30f3c7f1f8a0de47c8366352fc37c099890eab75c8cba62cb8"",""quantization_stress_18q_l2:1dpu_t8"":""9d1e1ae9a325d84cef97b0fd9beffa9d4b3d783f00a4e38f6fce3a17114d3abb"",""quantization_stress_18q_l2:4dpu_t8"":""9d1e1ae9a325d84cef97b0fd9beffa9d4b3d783f00a4e38f6fce3a17114d3abb""}"
424,5,2.2148984826232714,1.0,6,0.024368166273412584,0.9754242110524387,0.00020762267414873057,0.012184083136706292,0.012184083136706292,0.9754242110524387,0.00020762267414873057,0.0,0.0,"{""edc_18q:1dpu_t8"":""cf23b184355b080f3bead1d9d754a3c2c295746793109413aedfff30da27b94e"",""edc_18q:4dpu_t8"":""cf23b184355b080f3bead1d9d754a3c2c295746793109413aedfff30da27b94e"",""ghz_chain_18q:1dpu_t8"":""9f9e62a16e205e4bd5eb1d1b8f62cade3177ef00fa9bd4dc15c899a41b00d3d0"",""ghz_chain_18q:4dpu_t8"":""9f9e62a16e205e4bd5eb1d1b8f62cade3177ef00fa9bd4dc15c899a41b00d3d0"",""hs_18q_d1:1dpu_t8"":""bf83ea123bc85b30f3c7f1f8a0de47c8366352fc37c099890eab75c8cba62cb8"",""hs_18q_d1:4dpu_t8"":""bf83ea123bc85b30f3c7f1f8a0de47c8366352fc37c099890eab75c8cba62cb8"",""quantization_stress_18q_l2:1dpu_t8"":""9d1e1ae9a325d84cef97b0fd9beffa9d4b3d783f00a4e38f6fce3a17114d3abb"",""quantization_stress_18q_l2:4dpu_t8"":""9d1e1ae9a325d84cef97b0fd9beffa9d4b3d783f00a4e38f6fce3a17114d3abb""}"
425,9,2.2500546027345534,1.0,7,0.5414741851996391,0.45232358896253566,0.006202225837825213,0.27073709259981954,0.27073709259981954,0.45232358896253566,0.006202225837825213,0.0,0.0,"{""edc_18q:1dpu_t8"":""cf23b184355b080f3bead1d9d754a3c2c295746793109413aedfff30da27b94e"",""edc_18q:4dpu_t8"":""cf23b184355b080f3bead1d9d754a3c2c295746793109413aedfff30da27b94e"",""ghz_chain_18q:1dpu_t8"":""9f9e62a16e205e4bd5eb1d1b8f62cade3177ef00fa9bd4dc15c899a41b00d3d0"",""ghz_chain_18q:4dpu_t8"":""9f9e62a16e205e4bd5eb1d1b8f62cade3177ef00fa9bd4dc15c899a41b00d3d0"",""hs_18q_d1:1dpu_t8"":""bf83ea123bc85b30f3c7f1f8a0de47c8366352fc37c099890eab75c8cba62cb8"",""hs_18q_d1:4dpu_t8"":""0f172b4535a71fb59dd5d4f406df828c33333cda1113d1c71db08b5d0e989d1e"",""quantization_stress_18q_l2:1dpu_t8"":""e56fd025e7fdf900c75302bb6e7212f78d89deef09b236732a001e9f5c5001c1"",""quantization_stress_18q_l2:4dpu_t8"":""e56fd025e7fdf900c75302bb6e7212f78d89deef09b236732a001e9f5c5001c1""}"
426,4,2.263883699152218,1.0,7,0.22063680206282787,0.7768451800394555,0.002518017897716659,0.11031840103141394,0.11031840103141394,0.7768451800394555,0.002518017897716659,0.0,0.0,"{""edc_18q:1dpu_t8"":""cf23b184355b080f3bead1d9d754a3c2c295746793109413aedfff30da27b94e"",""edc_18q:4dpu_t8"":""cf23b184355b080f3bead1d9d754a3c2c295746793109413aedfff30da27b94e"",""ghz_chain_18q:1dpu_t8"":""9f9e62a16e205e4bd5eb1d1b8f62cade3177ef00fa9bd4dc15c899a41b00d3d0"",""ghz_chain_18q:4dpu_t8"":""9f9e62a16e205e4bd5eb1d1b8f62cade3177ef00fa9bd4dc15c899a41b00d3d0"",""hs_18q_d1:1dpu_t8"":""bf83ea123bc85b30f3c7f1f8a0de47c8366352fc37c099890eab75c8cba62cb8"",""hs_18q_d1:4dpu_t8"":""0f172b4535a71fb59dd5d4f406df828c33333cda1113d1c71db08b5d0e989d1e"",""quantization_stress_18q_l2:1dpu_t8"":""9d1e1ae9a325d84cef97b0fd9beffa9d4b3d783f00a4e38f6fce3a17114d3abb"",""quantization_stress_18q_l2:4dpu_t8"":""9d1e1ae9a325d84cef97b0fd9beffa9d4b3d783f00a4e38f6fce3a17114d3abb""}"
427,3,2.2824283781053762,1.0163179096347865,8,0.0,1.0,0.0,0.0,0.0,1.0,0.0,0.0,0.0,"{""edc_18q:1dpu_t8"":""cf23b184355b080f3bead1d9d754a3c2c295746793109413aedfff30da27b94e"",""edc_18q:4dpu_t8"":""cf23b184355b080f3bead1d9d754a3c2c295746793109413aedfff30da27b94e"",""ghz_chain_18q:1dpu_t8"":""9f9e62a16e205e4bd5eb1d1b8f62cade3177ef00fa9bd4dc15c899a41b00d3d0"",""ghz_chain_18q:4dpu_t8"":""9f9e62a16e205e4bd5eb1d1b8f62cade3177ef00fa9bd4dc15c899a41b00d3d0"",""hs_18q_d1:1dpu_t8"":""0f172b4535a71fb59dd5d4f406df828c33333cda1113d1c71db08b5d0e989d1e"",""hs_18q_d1:4dpu_t8"":""0f172b4535a71fb59dd5d4f406df828c33333cda1113d1c71db08b5d0e989d1e"",""quantization_stress_18q_l2:1dpu_t8"":""9d1e1ae9a325d84cef97b0fd9beffa9d4b3d783f00a4e38f6fce3a17114d3abb"",""quantization_stress_18q_l2:4dpu_t8"":""9d1e1ae9a325d84cef97b0fd9beffa9d4b3d783f00a4e38f6fce3a17114d3abb""}"
428,5,2.2317822302615853,1.0,6,0.024368166273412584,0.9754242110524387,0.00020762267414873057,0.012184083136706292,0.012184083136706292,0.9754242110524387,0.00020762267414873057,0.0,0.0,"{""edc_18q:1dpu_t8"":""cf23b184355b080f3bead1d9d754a3c2c295746793109413aedfff30da27b94e"",""edc_18q:4dpu_t8"":""cf23b184355b080f3bead1d9d754a3c2c295746793109413aedfff30da27b94e"",""ghz_chain_18q:1dpu_t8"":""9f9e62a16e205e4bd5eb1d1b8f62cade3177ef00fa9bd4dc15c899a41b00d3d0"",""ghz_chain_18q:4dpu_t8"":""9f9e62a16e205e4bd5eb1d1b8f62cade3177ef00fa9bd4dc15c899a41b00d3d0"",""hs_18q_d1:1dpu_t8"":""bf83ea123bc85b30f3c7f1f8a0de47c8366352fc37c099890eab75c8cba62cb8"",""hs_18q_d1:4dpu_t8"":""bf83ea123bc85b30f3c7f1f8a0de47c8366352fc37c099890eab75c8cba62cb8"",""quantization_stress_18q_l2:1dpu_t8"":""9d1e1ae9a325d84cef97b0fd9beffa9d4b3d783f00a4e38f6fce3a17114d3abb"",""quantization_stress_18q_l2:4dpu_t8"":""9d1e1ae9a325d84cef97b0fd9beffa9d4b3d783f00a4e38f6fce3a17114d3abb""}"
429,10,2.2251092445304175,1.0,6,0.47630996810097936,0.518889877536195,0.004800154362825642,0.23815498405048968,0.23815498405048968,0.518889877536195,0.004800154362825642,0.0,0.0,"{""edc_18q:1dpu_t8"":""cf23b184355b080f3bead1d9d754a3c2c295746793109413aedfff30da27b94e"",""edc_18q:4dpu_t8"":""cf23b184355b080f3bead1d9d754a3c2c295746793109413aedfff30da27b94e"",""ghz_chain_18q:1dpu_t8"":""9f9e62a16e205e4bd5eb1d1b8f62cade3177ef00fa9bd4dc15c899a41b00d3d0"",""ghz_chain_18q:4dpu_t8"":""9f9e62a16e205e4bd5eb1d1b8f62cade3177ef00fa9bd4dc15c899a41b00d3d0"",""hs_18q_d1:1dpu_t8"":""bf83ea123bc85b30f3c7f1f8a0de47c8366352fc37c099890eab75c8cba62cb8"",""hs_18q_d1:4dpu_t8"":""bf83ea123bc85b30f3c7f1f8a0de47c8366352fc37c099890eab75c8cba62cb8"",""quantization_stress_18q_l2:1dpu_t8"":""e56fd025e7fdf900c75302bb6e7212f78d89deef09b236732a001e9f5c5001c1"",""quantization_stress_18q_l2:4dpu_t8"":""e56fd025e7fdf900c75302bb6e7212f78d89deef09b236732a001e9f5c5001c1""}"
430,4,2.252201456898497,1.0,7,0.22063680206282787,0.7768451800394555,0.002518017897716659,0.11031840103141394,0.11031840103141394,0.7768451800394555,0.002518017897716659,0.0,0.0,"{""edc_18q:1dpu_t8"":""cf23b184355b080f3bead1d9d754a3c2c295746793109413aedfff30da27b94e"",""edc_18q:4dpu_t8"":""cf23b184355b080f3bead1d9d754a3c2c295746793109413aedfff30da27b94e"",""ghz_chain_18q:1dpu_t8"":""9f9e62a16e205e4bd5eb1d1b8f62cade3177ef00fa9bd4dc15c899a41b00d3d0"",""ghz_chain_18q:4dpu_t8"":""9f9e62a16e205e4bd5eb1d1b8f62cade3177ef00fa9bd4dc15c899a41b00d3d0"",""hs_18q_d1:1dpu_t8"":""bf83ea123bc85b30f3c7f1f8a0de47c8366352fc37c099890eab75c8cba62cb8"",""hs_18q_d1:4dpu_t8"":""0f172b4535a71fb59dd5d4f406df828c33333cda1113d1c71db08b5d0e989d1e"",""quantization_stress_18q_l2:1dpu_t8"":""9d1e1ae9a325d84cef97b0fd9beffa9d4b3d783f00a4e38f6fce3a17114d3abb"",""quantization_stress_18q_l2:4dpu_t8"":""9d1e1ae9a325d84cef97b0fd9beffa9d4b3d783f00a4e38f6fce3a17114d3abb""}"
431,5,2.2562262625414875,1.0,6,0.024368166273412584,0.9754242110524387,0.00020762267414873057,0.012184083136706292,0.012184083136706292,0.9754242110524387,0.00020762267414873057,0.0,0.0,"{""edc_18q:1dpu_t8"":""cf23b184355b080f3bead1d9d754a3c2c295746793109413aedfff30da27b94e"",""edc_18q:4dpu_t8"":""cf23b184355b080f3bead1d9d754a3c2c295746793109413aedfff30da27b94e"",""ghz_chain_18q:1dpu_t8"":""9f9e62a16e205e4bd5eb1d1b8f62cade3177ef00fa9bd4dc15c899a41b00d3d0"",""ghz_chain_18q:4dpu_t8"":""9f9e62a16e205e4bd5eb1d1b8f62cade3177ef00fa9bd4dc15c899a41b00d3d0"",""hs_18q_d1:1dpu_t8"":""bf83ea123bc85b30f3c7f1f8a0de47c8366352fc37c099890eab75c8cba62cb8"",""hs_18q_d1:4dpu_t8"":""bf83ea123bc85b30f3c7f1f8a0de47c8366352fc37c099890eab75c8cba62cb8"",""quantization_stress_18q_l2:1dpu_t8"":""9d1e1ae9a325d84cef97b0fd9beffa9d4b3d783f00a4e38f6fce3a17114d3abb"",""quantization_stress_18q_l2:4dpu_t8"":""9d1e1ae9a325d84cef97b0fd9beffa9d4b3d783f00a4e38f6fce3a17114d3abb""}"
432,8,2.2569832825976444,0.997529052435953,7,0.3715322706836804,0.40507521716230527,0.2233925121540143,0.1857661353418402,0.1857661353418402,0.40507521716230527,0.2233925121540143,0.0,0.0,"{""edc_18q:1dpu_t8"":""cf23b184355b080f3bead1d9d754a3c2c295746793109413aedfff30da27b94e"",""edc_18q:4dpu_t8"":""cf23b184355b080f3bead1d9d754a3c2c295746793109413aedfff30da27b94e"",""ghz_chain_18q:1dpu_t8"":""9f9e62a16e205e4bd5eb1d1b8f62cade3177ef00fa9bd4dc15c899a41b00d3d0"",""ghz_chain_18q:4dpu_t8"":""9f9e62a16e205e4bd5eb1d1b8f62cade3177ef00fa9bd4dc15c899a41b00d3d0"",""hs_18q_d1:1dpu_t8"":""0f172b4535a71fb59dd5d4f406df828c33333cda1113d1c71db08b5d0e989d1e"",""hs_18q_d1:4dpu_t8"":""0f172b4535a71fb59dd5d4f406df828c33333cda1113d1c71db08b5d0e989d1e"",""quantization_stress_18q_l2:1dpu_t8"":""e56fd025e7fdf900c75302bb6e7212f78d89deef09b236732a001e9f5c5001c1"",""quantization_stress_18q_l2:4dpu_t8"":""e56fd025e7fdf900c75302bb6e7212f78d89deef09b236732a001e9f5c5001c1""}"
433,4,2.2496478592350346,1.0,7,0.22063680206282787,0.7768451800394555,0.002518017897716659,0.11031840103141394,0.11031840103141394,0.7768451800394555,0.002518017897716659,0.0,0.0,"{""edc_18q:1dpu_t8"":""cf23b184355b080f3bead1d9d754a3c2c295746793109413aedfff30da27b94e"",""edc_18q:4dpu_t8"":""cf23b184355b080f3bead1d9d754a3c2c295746793109413aedfff30da27b94e"",""ghz_chain_18q:1dpu_t8"":""9f9e62a16e205e4bd5eb1d1b8f62cade3177ef00fa9bd4dc15c899a41b00d3d0"",""ghz_chain_18q:4dpu_t8"":""9f9e62a16e205e4bd5eb1d1b8f62cade3177ef00fa9bd4dc15c899a41b00d3d0"",""hs_18q_d1:1dpu_t8"":""bf83ea123bc85b30f3c7f1f8a0de47c8366352fc37c099890eab75c8cba62cb8"",""hs_18q_d1:4dpu_t8"":""0f172b4535a71fb59dd5d4f406df828c33333cda1113d1c71db08b5d0e989d1e"",""quantization_stress_18q_l2:1dpu_t8"":""9d1e1ae9a325d84cef97b0fd9beffa9d4b3d783f00a4e38f6fce3a17114d3abb"",""quantization_stress_18q_l2:4dpu_t8"":""9d1e1ae9a325d84cef97b0fd9beffa9d4b3d783f00a4e38f6fce3a17114d3abb""}"
434,9,2.2485903656912916,1.0,7,0.5414741851996391,0.45232358896253566,0.006202225837825213,0.27073709259981954,0.27073709259981954,0.45232358896253566,0.006202225837825213,0.0,0.0,"{""edc_18q:1dpu_t8"":""cf23b184355b080f3bead1d9d754a3c2c295746793109413aedfff30da27b94e"",""edc_18q:4dpu_t8"":""cf23b184355b080f3bead1d9d754a3c2c295746793109413aedfff30da27b94e"",""ghz_chain_18q:1dpu_t8"":""9f9e62a16e205e4bd5eb1d1b8f62cade3177ef00fa9bd4dc15c899a41b00d3d0"",""ghz_chain_18q:4dpu_t8"":""9f9e62a16e205e4bd5eb1d1b8f62cade3177ef00fa9bd4dc15c899a41b00d3d0"",""hs_18q_d1:1dpu_t8"":""bf83ea123bc85b30f3c7f1f8a0de47c8366352fc37c099890eab75c8cba62cb8"",""hs_18q_d1:4dpu_t8"":""0f172b4535a71fb59dd5d4f406df828c33333cda1113d1c71db08b5d0e989d1e"",""quantization_stress_18q_l2:1dpu_t8"":""e56fd025e7fdf900c75302bb6e7212f78d89deef09b236732a001e9f5c5001c1"",""quantization_stress_18q_l2:4dpu_t8"":""e56fd025e7fdf900c75302bb6e7212f78d89deef09b236732a001e9f5c5001c1""}"
435,4,2.2304234068785895,1.0,7,0.22063680206282787,0.7768451800394555,0.002518017897716659,0.11031840103141394,0.11031840103141394,0.7768451800394555,0.002518017897716659,0.0,0.0,"{""edc_18q:1dpu_t8"":""cf23b184355b080f3bead1d9d754a3c2c295746793109413aedfff30da27b94e"",""edc_18q:4dpu_t8"":""cf23b184355b080f3bead1d9d754a3c2c295746793109413aedfff30da27b94e"",""ghz_chain_18q:1dpu_t8"":""9f9e62a16e205e4bd5eb1d1b8f62cade3177ef00fa9bd4dc15c899a41b00d3d0"",""ghz_chain_18q:4dpu_t8"":""9f9e62a16e205e4bd5eb1d1b8f62cade3177ef00fa9bd4dc15c899a41b00d3d0"",""hs_18q_d1:1dpu_t8"":""bf83ea123bc85b30f3c7f1f8a0de47c8366352fc37c099890eab75c8cba62cb8"",""hs_18q_d1:4dpu_t8"":""0f172b4535a71fb59dd5d4f406df828c33333cda1113d1c71db08b5d0e989d1e"",""quantization_stress_18q_l2:1dpu_t8"":""9d1e1ae9a325d84cef97b0fd9beffa9d4b3d783f00a4e38f6fce3a17114d3abb"",""quantization_stress_18q_l2:4dpu_t8"":""9d1e1ae9a325d84cef97b0fd9beffa9d4b3d783f00a4e38f6fce3a17114d3abb""}"
436,4,2.2723635590779256,1.0,7,0.22063680206282787,0.7768451800394555,0.002518017897716659,0.11031840103141394,0.11031840103141394,0.7768451800394555,0.002518017897716659,0.0,0.0,"{""edc_18q:1dpu_t8"":""cf23b184355b080f3bead1d9d754a3c2c295746793109413aedfff30da27b94e"",""edc_18q:4dpu_t8"":""cf23b184355b080f3bead1d9d754a3c2c295746793109413aedfff30da27b94e"",""ghz_chain_18q:1dpu_t8"":""9f9e62a16e205e4bd5eb1d1b8f62cade3177ef00fa9bd4dc15c899a41b00d3d0"",""ghz_chain_18q:4dpu_t8"":""9f9e62a16e205e4bd5eb1d1b8f62cade3177ef00fa9bd4dc15c899a41b00d3d0"",""hs_18q_d1:1dpu_t8"":""bf83ea123bc85b30f3c7f1f8a0de47c8366352fc37c099890eab75c8cba62cb8"",""hs_18q_d1:4dpu_t8"":""0f172b4535a71fb59dd5d4f406df828c33333cda1113d1c71db08b5d0e989d1e"",""quantization_stress_18q_l2:1dpu_t8"":""9d1e1ae9a325d84cef97b0fd9beffa9d4b3d783f00a4e38f6fce3a17114d3abb"",""quantization_stress_18q_l2:4dpu_t8"":""9d1e1ae9a325d84cef97b0fd9beffa9d4b3d783f00a4e38f6fce3a17114d3abb""}"
437,4,2.2315151537961206,1.0,7,0.22063680206282787,0.7768451800394555,0.002518017897716659,0.11031840103141394,0.11031840103141394,0.7768451800394555,0.002518017897716659,0.0,0.0,"{""edc_18q:1dpu_t8"":""cf23b184355b080f3bead1d9d754a3c2c295746793109413aedfff30da27b94e"",""edc_18q:4dpu_t8"":""cf23b184355b080f3bead1d9d754a3c2c295746793109413aedfff30da27b94e"",""ghz_chain_18q:1dpu_t8"":""9f9e62a16e205e4bd5eb1d1b8f62cade3177ef00fa9bd4dc15c899a41b00d3d0"",""ghz_chain_18q:4dpu_t8"":""9f9e62a16e205e4bd5eb1d1b8f62cade3177ef00fa9bd4dc15c899a41b00d3d0"",""hs_18q_d1:1dpu_t8"":""bf83ea123bc85b30f3c7f1f8a0de47c8366352fc37c099890eab75c8cba62cb8"",""hs_18q_d1:4dpu_t8"":""0f172b4535a71fb59dd5d4f406df828c33333cda1113d1c71db08b5d0e989d1e"",""quantization_stress_18q_l2:1dpu_t8"":""9d1e1ae9a325d84cef97b0fd9beffa9d4b3d783f00a4e38f6fce3a17114d3abb"",""quantization_stress_18q_l2:4dpu_t8"":""9d1e1ae9a325d84cef97b0fd9beffa9d4b3d783f00a4e38f6fce3a17114d3abb""}"
438,10,2.2316948301791286,1.0,6,0.47630996810097936,0.518889877536195,0.004800154362825642,0.23815498405048968,0.23815498405048968,0.518889877536195,0.004800154362825642,0.0,0.0,"{""edc_18q:1dpu_t8"":""cf23b184355b080f3bead1d9d754a3c2c295746793109413aedfff30da27b94e"",""edc_18q:4dpu_t8"":""cf23b184355b080f3bead1d9d754a3c2c295746793109413aedfff30da27b94e"",""ghz_chain_18q:1dpu_t8"":""9f9e62a16e205e4bd5eb1d1b8f62cade3177ef00fa9bd4dc15c899a41b00d3d0"",""ghz_chain_18q:4dpu_t8"":""9f9e62a16e205e4bd5eb1d1b8f62cade3177ef00fa9bd4dc15c899a41b00d3d0"",""hs_18q_d1:1dpu_t8"":""bf83ea123bc85b30f3c7f1f8a0de47c8366352fc37c099890eab75c8cba62cb8"",""hs_18q_d1:4dpu_t8"":""bf83ea123bc85b30f3c7f1f8a0de47c8366352fc37c099890eab75c8cba62cb8"",""quantization_stress_18q_l2:1dpu_t8"":""e56fd025e7fdf900c75302bb6e7212f78d89deef09b236732a001e9f5c5001c1"",""quantization_stress_18q_l2:4dpu_t8"":""e56fd025e7fdf900c75302bb6e7212f78d89deef09b236732a001e9f5c5001c1""}"
439,5,2.2442262071838863,1.0,6,0.024368166273412584,0.9754242110524387,0.00020762267414873057,0.012184083136706292,0.012184083136706292,0.9754242110524387,0.00020762267414873057,0.0,0.0,"{""edc_18q:1dpu_t8"":""cf23b184355b080f3bead1d9d754a3c2c295746793109413aedfff30da27b94e"",""edc_18q:4dpu_t8"":""cf23b184355b080f3bead1d9d754a3c2c295746793109413aedfff30da27b94e"",""ghz_chain_18q:1dpu_t8"":""9f9e62a16e205e4bd5eb1d1b8f62cade3177ef00fa9bd4dc15c899a41b00d3d0"",""ghz_chain_18q:4dpu_t8"":""9f9e62a16e205e4bd5eb1d1b8f62cade3177ef00fa9bd4dc15c899a41b00d3d0"",""hs_18q_d1:1dpu_t8"":""bf83ea123bc85b30f3c7f1f8a0de47c8366352fc37c099890eab75c8cba62cb8"",""hs_18q_d1:4dpu_t8"":""bf83ea123bc85b30f3c7f1f8a0de47c8366352fc37c099890eab75c8cba62cb8"",""quantization_stress_18q_l2:1dpu_t8"":""9d1e1ae9a325d84cef97b0fd9beffa9d4b3d783f00a4e38f6fce3a17114d3abb"",""quantization_stress_18q_l2:4dpu_t8"":""9d1e1ae9a325d84cef97b0fd9beffa9d4b3d783f00a4e38f6fce3a17114d3abb""}"
440,3,2.2866969677652547,0.997529052435953,7,0.0,1.0,0.0,0.0,0.0,1.0,0.0,0.0,0.0,"{""edc_18q:1dpu_t8"":""cf23b184355b080f3bead1d9d754a3c2c295746793109413aedfff30da27b94e"",""edc_18q:4dpu_t8"":""cf23b184355b080f3bead1d9d754a3c2c295746793109413aedfff30da27b94e"",""ghz_chain_18q:1dpu_t8"":""9f9e62a16e205e4bd5eb1d1b8f62cade3177ef00fa9bd4dc15c899a41b00d3d0"",""ghz_chain_18q:4dpu_t8"":""9f9e62a16e205e4bd5eb1d1b8f62cade3177ef00fa9bd4dc15c899a41b00d3d0"",""hs_18q_d1:1dpu_t8"":""0f172b4535a71fb59dd5d4f406df828c33333cda1113d1c71db08b5d0e989d1e"",""hs_18q_d1:4dpu_t8"":""0f172b4535a71fb59dd5d4f406df828c33333cda1113d1c71db08b5d0e989d1e"",""quantization_stress_18q_l2:1dpu_t8"":""9d1e1ae9a325d84cef97b0fd9beffa9d4b3d783f00a4e38f6fce3a17114d3abb"",""quantization_stress_18q_l2:4dpu_t8"":""9d1e1ae9a325d84cef97b0fd9beffa9d4b3d783f00a4e38f6fce3a17114d3abb""}"
441,5,2.220980327074987,1.0,6,0.024368166273412584,0.9754242110524387,0.00020762267414873057,0.012184083136706292,0.012184083136706292,0.9754242110524387,0.00020762267414873057,0.0,0.0,"{""edc_18q:1dpu_t8"":""cf23b184355b080f3bead1d9d754a3c2c295746793109413aedfff30da27b94e"",""edc_18q:4dpu_t8"":""cf23b184355b080f3bead1d9d754a3c2c295746793109413aedfff30da27b94e"",""ghz_chain_18q:1dpu_t8"":""9f9e62a16e205e4bd5eb1d1b8f62cade3177ef00fa9bd4dc15c899a41b00d3d0"",""ghz_chain_18q:4dpu_t8"":""9f9e62a16e205e4bd5eb1d1b8f62cade3177ef00fa9bd4dc15c899a41b00d3d0"",""hs_18q_d1:1dpu_t8"":""bf83ea123bc85b30f3c7f1f8a0de47c8366352fc37c099890eab75c8cba62cb8"",""hs_18q_d1:4dpu_t8"":""bf83ea123bc85b30f3c7f1f8a0de47c8366352fc37c099890eab75c8cba62cb8"",""quantization_stress_18q_l2:1dpu_t8"":""9d1e1ae9a325d84cef97b0fd9beffa9d4b3d783f00a4e38f6fce3a17114d3abb"",""quantization_stress_18q_l2:4dpu_t8"":""9d1e1ae9a325d84cef97b0fd9beffa9d4b3d783f00a4e38f6fce3a17114d3abb""}"
442,10,2.2407769391418904,1.0,6,0.47630996810097936,0.518889877536195,0.004800154362825642,0.23815498405048968,0.23815498405048968,0.518889877536195,0.004800154362825642,0.0,0.0,"{""edc_18q:1dpu_t8"":""cf23b184355b080f3bead1d9d754a3c2c295746793109413aedfff30da27b94e"",""edc_18q:4dpu_t8"":""cf23b184355b080f3bead1d9d754a3c2c295746793109413aedfff30da27b94e"",""ghz_chain_18q:1dpu_t8"":""9f9e62a16e205e4bd5eb1d1b8f62cade3177ef00fa9bd4dc15c899a41b00d3d0"",""ghz_chain_18q:4dpu_t8"":""9f9e62a16e205e4bd5eb1d1b8f62cade3177ef00fa9bd4dc15c899a41b00d3d0"",""hs_18q_d1:1dpu_t8"":""bf83ea123bc85b30f3c7f1f8a0de47c8366352fc37c099890eab75c8cba62cb8"",""hs_18q_d1:4dpu_t8"":""bf83ea123bc85b30f3c7f1f8a0de47c8366352fc37c099890eab75c8cba62cb8"",""quantization_stress_18q_l2:1dpu_t8"":""e56fd025e7fdf900c75302bb6e7212f78d89deef09b236732a001e9f5c5001c1"",""quantization_stress_18q_l2:4dpu_t8"":""e56fd025e7fdf900c75302bb6e7212f78d89deef09b236732a001e9f5c5001c1""}"
443,5,2.240021219132769,1.0,6,0.024368166273412584,0.9754242110524387,0.00020762267414873057,0.012184083136706292,0.012184083136706292,0.9754242110524387,0.00020762267414873057,0.0,0.0,"{""edc_18q:1dpu_t8"":""cf23b184355b080f3bead1d9d754a3c2c295746793109413aedfff30da27b94e"",""edc_18q:4dpu_t8"":""cf23b184355b080f3bead1d9d754a3c2c295746793109413aedfff30da27b94e"",""ghz_chain_18q:1dpu_t8"":""9f9e62a16e205e4bd5eb1d1b8f62cade3177ef00fa9bd4dc15c899a41b00d3d0"",""ghz_chain_18q:4dpu_t8"":""9f9e62a16e205e4bd5eb1d1b8f62cade3177ef00fa9bd4dc15c899a41b00d3d0"",""hs_18q_d1:1dpu_t8"":""bf83ea123bc85b30f3c7f1f8a0de47c8366352fc37c099890eab75c8cba62cb8"",""hs_18q_d1:4dpu_t8"":""bf83ea123bc85b30f3c7f1f8a0de47c8366352fc37c099890eab75c8cba62cb8"",""quantization_stress_18q_l2:1dpu_t8"":""9d1e1ae9a325d84cef97b0fd9beffa9d4b3d783f00a4e38f6fce3a17114d3abb"",""quantization_stress_18q_l2:4dpu_t8"":""9d1e1ae9a325d84cef97b0fd9beffa9d4b3d783f00a4e38f6fce3a17114d3abb""}"
444,8,2.290453372953047,1.0163179096347865,8,0.3715322706836804,0.40507521716230527,0.2233925121540143,0.1857661353418402,0.1857661353418402,0.40507521716230527,0.2233925121540143,0.0,0.0,"{""edc_18q:1dpu_t8"":""cf23b184355b080f3bead1d9d754a3c2c295746793109413aedfff30da27b94e"",""edc_18q:4dpu_t8"":""cf23b184355b080f3bead1d9d754a3c2c295746793109413aedfff30da27b94e"",""ghz_chain_18q:1dpu_t8"":""9f9e62a16e205e4bd5eb1d1b8f62cade3177ef00fa9bd4dc15c899a41b00d3d0"",""ghz_chain_18q:4dpu_t8"":""9f9e62a16e205e4bd5eb1d1b8f62cade3177ef00fa9bd4dc15c899a41b00d3d0"",""hs_18q_d1:1dpu_t8"":""0f172b4535a71fb59dd5d4f406df828c33333cda1113d1c71db08b5d0e989d1e"",""hs_18q_d1:4dpu_t8"":""0f172b4535a71fb59dd5d4f406df828c33333cda1113d1c71db08b5d0e989d1e"",""quantization_stress_18q_l2:1dpu_t8"":""e56fd025e7fdf900c75302bb6e7212f78d89deef09b236732a001e9f5c5001c1"",""quantization_stress_18q_l2:4dpu_t8"":""e56fd025e7fdf900c75302bb6e7212f78d89deef09b236732a001e9f5c5001c1""}"
445,10,2.2423925981534354,1.0,6,0.47630996810097936,0.518889877536195,0.004800154362825642,0.23815498405048968,0.23815498405048968,0.518889877536195,0.004800154362825642,0.0,0.0,"{""edc_18q:1dpu_t8"":""cf23b184355b080f3bead1d9d754a3c2c295746793109413aedfff30da27b94e"",""edc_18q:4dpu_t8"":""cf23b184355b080f3bead1d9d754a3c2c295746793109413aedfff30da27b94e"",""ghz_chain_18q:1dpu_t8"":""9f9e62a16e205e4bd5eb1d1b8f62cade3177ef00fa9bd4dc15c899a41b00d3d0"",""ghz_chain_18q:4dpu_t8"":""9f9e62a16e205e4bd5eb1d1b8f62cade3177ef00fa9bd4dc15c899a41b00d3d0"",""hs_18q_d1:1dpu_t8"":""bf83ea123bc85b30f3c7f1f8a0de47c8366352fc37c099890eab75c8cba62cb8"",""hs_18q_d1:4dpu_t8"":""bf83ea123bc85b30f3c7f1f8a0de47c8366352fc37c099890eab75c8cba62cb8"",""quantization_stress_18q_l2:1dpu_t8"":""e56fd025e7fdf900c75302bb6e7212f78d89deef09b236732a001e9f5c5001c1"",""quantization_stress_18q_l2:4dpu_t8"":""e56fd025e7fdf900c75302bb6e7212f78d89deef09b236732a001e9f5c5001c1""}"
446,8,2.2703029910522012,1.0163179096347865,8,0.3715322706836804,0.40507521716230527,0.2233925121540143,0.1857661353418402,0.1857661353418402,0.40507521716230527,0.2233925121540143,0.0,0.0,"{""edc_18q:1dpu_t8"":""cf23b184355b080f3bead1d9d754a3c2c295746793109413aedfff30da27b94e"",""edc_18q:4dpu_t8"":""cf23b184355b080f3bead1d9d754a3c2c295746793109413aedfff30da27b94e"",""ghz_chain_18q:1dpu_t8"":""9f9e62a16e205e4bd5eb1d1b8f62cade3177ef00fa9bd4dc15c899a41b00d3d0"",""ghz_chain_18q:4dpu_t8"":""9f9e62a16e205e4bd5eb1d1b8f62cade3177ef00fa9bd4dc15c899a41b00d3d0"",""hs_18q_d1:1dpu_t8"":""0f172b4535a71fb59dd5d4f406df828c33333cda1113d1c71db08b5d0e989d1e"",""hs_18q_d1:4dpu_t8"":""0f172b4535a71fb59dd5d4f406df828c33333cda1113d1c71db08b5d0e989d1e"",""quantization_stress_18q_l2:1dpu_t8"":""e56fd025e7fdf900c75302bb6e7212f78d89deef09b236732a001e9f5c5001c1"",""quantization_stress_18q_l2:4dpu_t8"":""e56fd025e7fdf900c75302bb6e7212f78d89deef09b236732a001e9f5c5001c1""}"
447,10,2.231354173342441,1.0,6,0.47630996810097936,0.518889877536195,0.004800154362825642,0.23815498405048968,0.23815498405048968,0.518889877536195,0.004800154362825642,0.0,0.0,"{""edc_18q:1dpu_t8"":""cf23b184355b080f3bead1d9d754a3c2c295746793109413aedfff30da27b94e"",""edc_18q:4dpu_t8"":""cf23b184355b080f3bead1d9d754a3c2c295746793109413aedfff30da27b94e"",""ghz_chain_18q:1dpu_t8"":""9f9e62a16e205e4bd5eb1d1b8f62cade3177ef00fa9bd4dc15c899a41b00d3d0"",""ghz_chain_18q:4dpu_t8"":""9f9e62a16e205e4bd5eb1d1b8f62cade3177ef00fa9bd4dc15c899a41b00d3d0"",""hs_18q_d1:1dpu_t8"":""bf83ea123bc85b30f3c7f1f8a0de47c8366352fc37c099890eab75c8cba62cb8"",""hs_18q_d1:4dpu_t8"":""bf83ea123bc85b30f3c7f1f8a0de47c8366352fc37c099890eab75c8cba62cb8"",""quantization_stress_18q_l2:1dpu_t8"":""e56fd025e7fdf900c75302bb6e7212f78d89deef09b236732a001e9f5c5001c1"",""quantization_stress_18q_l2:4dpu_t8"":""e56fd025e7fdf900c75302bb6e7212f78d89deef09b236732a001e9f5c5001c1""}"
448,5,2.2486678627849144,1.0,6,0.024368166273412584,0.9754242110524387,0.00020762267414873057,0.012184083136706292,0.012184083136706292,0.9754242110524387,0.00020762267414873057,0.0,0.0,"{""edc_18q:1dpu_t8"":""cf23b184355b080f3bead1d9d754a3c2c295746793109413aedfff30da27b94e"",""edc_18q:4dpu_t8"":""cf23b184355b080f3bead1d9d754a3c2c295746793109413aedfff30da27b94e"",""ghz_chain_18q:1dpu_t8"":""9f9e62a16e205e4bd5eb1d1b8f62cade3177ef00fa9bd4dc15c899a41b00d3d0"",""ghz_chain_18q:4dpu_t8"":""9f9e62a16e205e4bd5eb1d1b8f62cade3177ef00fa9bd4dc15c899a41b00d3d0"",""hs_18q_d1:1dpu_t8"":""bf83ea123bc85b30f3c7f1f8a0de47c8366352fc37c099890eab75c8cba62cb8"",""hs_18q_d1:4dpu_t8"":""bf83ea123bc85b30f3c7f1f8a0de47c8366352fc37c099890eab75c8cba62cb8"",""quantization_stress_18q_l2:1dpu_t8"":""9d1e1ae9a325d84cef97b0fd9beffa9d4b3d783f00a4e38f6fce3a17114d3abb"",""quantization_stress_18q_l2:4dpu_t8"":""9d1e1ae9a325d84cef97b0fd9beffa9d4b3d783f00a4e38f6fce3a17114d3abb""}"
449,10,2.22831674878241,1.0,6,0.47630996810097936,0.518889877536195,0.004800154362825642,0.23815498405048968,0.23815498405048968,0.518889877536195,0.004800154362825642,0.0,0.0,"{""edc_18q:1dpu_t8"":""cf23b184355b080f3bead1d9d754a3c2c295746793109413aedfff30da27b94e"",""edc_18q:4dpu_t8"":""cf23b184355b080f3bead1d9d754a3c2c295746793109413aedfff30da27b94e"",""ghz_chain_18q:1dpu_t8"":""9f9e62a16e205e4bd5eb1d1b8f62cade3177ef00fa9bd4dc15c899a41b00d3d0"",""ghz_chain_18q:4dpu_t8"":""9f9e62a16e205e4bd5eb1d1b8f62cade3177ef00fa9bd4dc15c899a41b00d3d0"",""hs_18q_d1:1dpu_t8"":""bf83ea123bc85b30f3c7f1f8a0de47c8366352fc37c099890eab75c8cba62cb8"",""hs_18q_d1:4dpu_t8"":""bf83ea123bc85b30f3c7f1f8a0de47c8366352fc37c099890eab75c8cba62cb8"",""quantization_stress_18q_l2:1dpu_t8"":""e56fd025e7fdf900c75302bb6e7212f78d89deef09b236732a001e9f5c5001c1"",""quantization_stress_18q_l2:4dpu_t8"":""e56fd025e7fdf900c75302bb6e7212f78d89deef09b236732a001e9f5c5001c1""}"
450,5,2.2336472807776873,1.0,6,0.024368166273412584,0.9754242110524387,0.00020762267414873057,0.012184083136706292,0.012184083136706292,0.9754242110524387,0.00020762267414873057,0.0,0.0,"{""edc_18q:1dpu_t8"":""cf23b184355b080f3bead1d9d754a3c2c295746793109413aedfff30da27b94e"",""edc_18q:4dpu_t8"":""cf23b184355b080f3bead1d9d754a3c2c295746793109413aedfff30da27b94e"",""ghz_chain_18q:1dpu_t8"":""9f9e62a16e205e4bd5eb1d1b8f62cade3177ef00fa9bd4dc15c899a41b00d3d0"",""ghz_chain_18q:4dpu_t8"":""9f9e62a16e205e4bd5eb1d1b8f62cade3177ef00fa9bd4dc15c899a41b00d3d0"",""hs_18q_d1:1dpu_t8"":""bf83ea123bc85b30f3c7f1f8a0de47c8366352fc37c099890eab75c8cba62cb8"",""hs_18q_d1:4dpu_t8"":""bf83ea123bc85b30f3c7f1f8a0de47c8366352fc37c099890eab75c8cba62cb8"",""quantization_stress_18q_l2:1dpu_t8"":""9d1e1ae9a325d84cef97b0fd9beffa9d4b3d783f00a4e38f6fce3a17114d3abb"",""quantization_stress_18q_l2:4dpu_t8"":""9d1e1ae9a325d84cef97b0fd9beffa9d4b3d783f00a4e38f6fce3a17114d3abb""}"
451,5,2.2408145156668384,1.0,6,0.024368166273412584,0.9754242110524387,0.00020762267414873057,0.012184083136706292,0.012184083136706292,0.9754242110524387,0.00020762267414873057,0.0,0.0,"{""edc_18q:1dpu_t8"":""cf23b184355b080f3bead1d9d754a3c2c295746793109413aedfff30da27b94e"",""edc_18q:4dpu_t8"":""cf23b184355b080f3bead1d9d754a3c2c295746793109413aedfff30da27b94e"",""ghz_chain_18q:1dpu_t8"":""9f9e62a16e205e4bd5eb1d1b8f62cade3177ef00fa9bd4dc15c899a41b00d3d0"",""ghz_chain_18q:4dpu_t8"":""9f9e62a16e205e4bd5eb1d1b8f62cade3177ef00fa9bd4dc15c899a41b00d3d0"",""hs_18q_d1:1dpu_t8"":""bf83ea123bc85b30f3c7f1f8a0de47c8366352fc37c099890eab75c8cba62cb8"",""hs_18q_d1:4dpu_t8"":""bf83ea123bc85b30f3c7f1f8a0de47c8366352fc37c099890eab75c8cba62cb8"",""quantization_stress_18q_l2:1dpu_t8"":""9d1e1ae9a325d84cef97b0fd9beffa9d4b3d783f00a4e38f6fce3a17114d3abb"",""quantization_stress_18q_l2:4dpu_t8"":""9d1e1ae9a325d84cef97b0fd9beffa9d4b3d783f00a4e38f6fce3a17114d3abb""}"
452,4,2.2191744274219456,1.0,7,0.22063680206282787,0.7768451800394555,0.002518017897716659,0.11031840103141394,0.11031840103141394,0.7768451800394555,0.002518017897716659,0.0,0.0,"{""edc_18q:1dpu_t8"":""cf23b184355b080f3bead1d9d754a3c2c295746793109413aedfff30da27b94e"",""edc_18q:4dpu_t8"":""cf23b184355b080f3bead1d9d754a3c2c295746793109413aedfff30da27b94e"",""ghz_chain_18q:1dpu_t8"":""9f9e62a16e205e4bd5eb1d1b8f62cade3177ef00fa9bd4dc15c899a41b00d3d0"",""ghz_chain_18q:4dpu_t8"":""9f9e62a16e205e4bd5eb1d1b8f62cade3177ef00fa9bd4dc15c899a41b00d3d0"",""hs_18q_d1:1dpu_t8"":""bf83ea123bc85b30f3c7f1f8a0de47c8366352fc37c099890eab75c8cba62cb8"",""hs_18q_d1:4dpu_t8"":""0f172b4535a71fb59dd5d4f406df828c33333cda1113d1c71db08b5d0e989d1e"",""quantization_stress_18q_l2:1dpu_t8"":""9d1e1ae9a325d84cef97b0fd9beffa9d4b3d783f00a4e38f6fce3a17114d3abb"",""quantization_stress_18q_l2:4dpu_t8"":""9d1e1ae9a325d84cef97b0fd9beffa9d4b3d783f00a4e38f6fce3a17114d3abb""}"
453,10,2.230422626004012,1.0,6,0.47630996810097936,0.518889877536195,0.004800154362825642,0.23815498405048968,0.23815498405048968,0.518889877536195,0.004800154362825642,0.0,0.0,"{""edc_18q:1dpu_t8"":""cf23b184355b080f3bead1d9d754a3c2c295746793109413aedfff30da27b94e"",""edc_18q:4dpu_t8"":""cf23b184355b080f3bead1d9d754a3c2c295746793109413aedfff30da27b94e"",""ghz_chain_18q:1dpu_t8"":""9f9e62a16e205e4bd5eb1d1b8f62cade3177ef00fa9bd4dc15c899a41b00d3d0"",""ghz_chain_18q:4dpu_t8"":""9f9e62a16e205e4bd5eb1d1b8f62cade3177ef00fa9bd4dc15c899a41b00d3d0"",""hs_18q_d1:1dpu_t8"":""bf83ea123bc85b30f3c7f1f8a0de47c8366352fc37c099890eab75c8cba62cb8"",""hs_18q_d1:4dpu_t8"":""bf83ea123bc85b30f3c7f1f8a0de47c8366352fc37c099890eab75c8cba62cb8"",""quantization_stress_18q_l2:1dpu_t8"":""e56fd025e7fdf900c75302bb6e7212f78d89deef09b236732a001e9f5c5001c1"",""quantization_stress_18q_l2:4dpu_t8"":""e56fd025e7fdf900c75302bb6e7212f78d89deef09b236732a001e9f5c5001c1""}"
454,3,2.281026345716066,0.997529052435953,7,0.0,1.0,0.0,0.0,0.0,1.0,0.0,0.0,0.0,"{""edc_18q:1dpu_t8"":""cf23b184355b080f3bead1d9d754a3c2c295746793109413aedfff30da27b94e"",""edc_18q:4dpu_t8"":""cf23b184355b080f3bead1d9d754a3c2c295746793109413aedfff30da27b94e"",""ghz_chain_18q:1dpu_t8"":""9f9e62a16e205e4bd5eb1d1b8f62cade3177ef00fa9bd4dc15c899a41b00d3d0"",""ghz_chain_18q:4dpu_t8"":""9f9e62a16e205e4bd5eb1d1b8f62cade3177ef00fa9bd4dc15c899a41b00d3d0"",""hs_18q_d1:1dpu_t8"":""0f172b4535a71fb59dd5d4f406df828c33333cda1113d1c71db08b5d0e989d1e"",""hs_18q_d1:4dpu_t8"":""0f172b4535a71fb59dd5d4f406df828c33333cda1113d1c71db08b5d0e989d1e"",""quantization_stress_18q_l2:1dpu_t8"":""9d1e1ae9a325d84cef97b0fd9beffa9d4b3d783f00a4e38f6fce3a17114d3abb"",""quantization_stress_18q_l2:4dpu_t8"":""9d1e1ae9a325d84cef97b0fd9beffa9d4b3d783f00a4e38f6fce3a17114d3abb""}"
455,9,2.2334052855180766,1.0,7,0.5414741851996391,0.45232358896253566,0.006202225837825213,0.27073709259981954,0.27073709259981954,0.45232358896253566,0.006202225837825213,0.0,0.0,"{""edc_18q:1dpu_t8"":""cf23b184355b080f3bead1d9d754a3c2c295746793109413aedfff30da27b94e"",""edc_18q:4dpu_t8"":""cf23b184355b080f3bead1d9d754a3c2c295746793109413aedfff30da27b94e"",""ghz_chain_18q:1dpu_t8"":""9f9e62a16e205e4bd5eb1d1b8f62cade3177ef00fa9bd4dc15c899a41b00d3d0"",""ghz_chain_18q:4dpu_t8"":""9f9e62a16e205e4bd5eb1d1b8f62cade3177ef00fa9bd4dc15c899a41b00d3d0"",""hs_18q_d1:1dpu_t8"":""bf83ea123bc85b30f3c7f1f8a0de47c8366352fc37c099890eab75c8cba62cb8"",""hs_18q_d1:4dpu_t8"":""0f172b4535a71fb59dd5d4f406df828c33333cda1113d1c71db08b5d0e989d1e"",""quantization_stress_18q_l2:1dpu_t8"":""e56fd025e7fdf900c75302bb6e7212f78d89deef09b236732a001e9f5c5001c1"",""quantization_stress_18q_l2:4dpu_t8"":""e56fd025e7fdf900c75302bb6e7212f78d89deef09b236732a001e9f5c5001c1""}"
456,8,2.296596492366506,1.0163179096347865,8,0.3715322706836804,0.40507521716230527,0.2233925121540143,0.1857661353418402,0.1857661353418402,0.40507521716230527,0.2233925121540143,0.0,0.0,"{""edc_18q:1dpu_t8"":""cf23b184355b080f3bead1d9d754a3c2c295746793109413aedfff30da27b94e"",""edc_18q:4dpu_t8"":""cf23b184355b080f3bead1d9d754a3c2c295746793109413aedfff30da27b94e"",""ghz_chain_18q:1dpu_t8"":""9f9e62a16e205e4bd5eb1d1b8f62cade3177ef00fa9bd4dc15c899a41b00d3d0"",""ghz_chain_18q:4dpu_t8"":""9f9e62a16e205e4bd5eb1d1b8f62cade3177ef00fa9bd4dc15c899a41b00d3d0"",""hs_18q_d1:1dpu_t8"":""0f172b4535a71fb59dd5d4f406df828c33333cda1113d1c71db08b5d0e989d1e"",""hs_18q_d1:4dpu_t8"":""0f172b4535a71fb59dd5d4f406df828c33333cda1113d1c71db08b5d0e989d1e"",""quantization_stress_18q_l2:1dpu_t8"":""e56fd025e7fdf900c75302bb6e7212f78d89deef09b236732a001e9f5c5001c1"",""quantization_stress_18q_l2:4dpu_t8"":""e56fd025e7fdf900c75302bb6e7212f78d89deef09b236732a001e9f5c5001c1""}"
457,4,2.235537304730323,1.0,7,0.22063680206282787,0.7768451800394555,0.002518017897716659,0.11031840103141394,0.11031840103141394,0.7768451800394555,0.002518017897716659,0.0,0.0,"{""edc_18q:1dpu_t8"":""cf23b184355b080f3bead1d9d754a3c2c295746793109413aedfff30da27b94e"",""edc_18q:4dpu_t8"":""cf23b184355b080f3bead1d9d754a3c2c295746793109413aedfff30da27b94e"",""ghz_chain_18q:1dpu_t8"":""9f9e62a16e205e4bd5eb1d1b8f62cade3177ef00fa9bd4dc15c899a41b00d3d0"",""ghz_chain_18q:4dpu_t8"":""9f9e62a16e205e4bd5eb1d1b8f62cade3177ef00fa9bd4dc15c899a41b00d3d0"",""hs_18q_d1:1dpu_t8"":""bf83ea123bc85b30f3c7f1f8a0de47c8366352fc37c099890eab75c8cba62cb8"",""hs_18q_d1:4dpu_t8"":""0f172b4535a71fb59dd5d4f406df828c33333cda1113d1c71db08b5d0e989d1e"",""quantization_stress_18q_l2:1dpu_t8"":""9d1e1ae9a325d84cef97b0fd9beffa9d4b3d783f00a4e38f6fce3a17114d3abb"",""quantization_stress_18q_l2:4dpu_t8"":""9d1e1ae9a325d84cef97b0fd9beffa9d4b3d783f00a4e38f6fce3a17114d3abb""}"
458,3,2.272116285320556,1.041845644222677,8,0.0,1.0,0.0,0.0,0.0,1.0,0.0,0.0,0.0,"{""edc_18q:1dpu_t8"":""cf23b184355b080f3bead1d9d754a3c2c295746793109413aedfff30da27b94e"",""edc_18q:4dpu_t8"":""cf23b184355b080f3bead1d9d754a3c2c295746793109413aedfff30da27b94e"",""ghz_chain_18q:1dpu_t8"":""9f9e62a16e205e4bd5eb1d1b8f62cade3177ef00fa9bd4dc15c899a41b00d3d0"",""ghz_chain_18q:4dpu_t8"":""9f9e62a16e205e4bd5eb1d1b8f62cade3177ef00fa9bd4dc15c899a41b00d3d0"",""hs_18q_d1:1dpu_t8"":""0f172b4535a71fb59dd5d4f406df828c33333cda1113d1c71db08b5d0e989d1e"",""hs_18q_d1:4dpu_t8"":""0f172b4535a71fb59dd5d4f406df828c33333cda1113d1c71db08b5d0e989d1e"",""quantization_stress_18q_l2:1dpu_t8"":""9d1e1ae9a325d84cef97b0fd9beffa9d4b3d783f00a4e38f6fce3a17114d3abb"",""quantization_stress_18q_l2:4dpu_t8"":""9d1e1ae9a325d84cef97b0fd9beffa9d4b3d783f00a4e38f6fce3a17114d3abb""}"
459,4,2.238375497805173,1.0,7,0.22063680206282787,0.7768451800394555,0.002518017897716659,0.11031840103141394,0.11031840103141394,0.7768451800394555,0.002518017897716659,0.0,0.0,"{""edc_18q:1dpu_t8"":""cf23b184355b080f3bead1d9d754a3c2c295746793109413aedfff30da27b94e"",""edc_18q:4dpu_t8"":""cf23b184355b080f3bead1d9d754a3c2c295746793109413aedfff30da27b94e"",""ghz_chain_18q:1dpu_t8"":""9f9e62a16e205e4bd5eb1d1b8f62cade3177ef00fa9bd4dc15c899a41b00d3d0"",""ghz_chain_18q:4dpu_t8"":""9f9e62a16e205e4bd5eb1d1b8f62cade3177ef00fa9bd4dc15c899a41b00d3d0"",""hs_18q_d1:1dpu_t8"":""bf83ea123bc85b30f3c7f1f8a0de47c8366352fc37c099890eab75c8cba62cb8"",""hs_18q_d1:4dpu_t8"":""0f172b4535a71fb59dd5d4f406df828c33333cda1113d1c71db08b5d0e989d1e"",""quantization_stress_18q_l2:1dpu_t8"":""9d1e1ae9a325d84cef97b0fd9beffa9d4b3d783f00a4e38f6fce3a17114d3abb"",""quantization_stress_18q_l2:4dpu_t8"":""9d1e1ae9a325d84cef97b0fd9beffa9d4b3d783f00a4e38f6fce3a17114d3abb""}"
460,4,2.236063544554997,1.0,7,0.22063680206282787,0.7768451800394555,0.002518017897716659,0.11031840103141394,0.11031840103141394,0.7768451800394555,0.002518017897716659,0.0,0.0,"{""edc_18q:1dpu_t8"":""cf23b184355b080f3bead1d9d754a3c2c295746793109413aedfff30da27b94e"",""edc_18q:4dpu_t8"":""cf23b184355b080f3bead1d9d754a3c2c295746793109413aedfff30da27b94e"",""ghz_chain_18q:1dpu_t8"":""9f9e62a16e205e4bd5eb1d1b8f62cade3177ef00fa9bd4dc15c899a41b00d3d0"",""ghz_chain_18q:4dpu_t8"":""9f9e62a16e205e4bd5eb1d1b8f62cade3177ef00fa9bd4dc15c899a41b00d3d0"",""hs_18q_d1:1dpu_t8"":""bf83ea123bc85b30f3c7f1f8a0de47c8366352fc37c099890eab75c8cba62cb8"",""hs_18q_d1:4dpu_t8"":""0f172b4535a71fb59dd5d4f406df828c33333cda1113d1c71db08b5d0e989d1e"",""quantization_stress_18q_l2:1dpu_t8"":""9d1e1ae9a325d84cef97b0fd9beffa9d4b3d783f00a4e38f6fce3a17114d3abb"",""quantization_stress_18q_l2:4dpu_t8"":""9d1e1ae9a325d84cef97b0fd9beffa9d4b3d783f00a4e38f6fce3a17114d3abb""}"
461,4,2.2329059168806724,1.0,7,0.22063680206282787,0.7768451800394555,0.002518017897716659,0.11031840103141394,0.11031840103141394,0.7768451800394555,0.002518017897716659,0.0,0.0,"{""edc_18q:1dpu_t8"":""cf23b184355b080f3bead1d9d754a3c2c295746793109413aedfff30da27b94e"",""edc_18q:4dpu_t8"":""cf23b184355b080f3bead1d9d754a3c2c295746793109413aedfff30da27b94e"",""ghz_chain_18q:1dpu_t8"":""9f9e62a16e205e4bd5eb1d1b8f62cade3177ef00fa9bd4dc15c899a41b00d3d0"",""ghz_chain_18q:4dpu_t8"":""9f9e62a16e205e4bd5eb1d1b8f62cade3177ef00fa9bd4dc15c899a41b00d3d0"",""hs_18q_d1:1dpu_t8"":""bf83ea123bc85b30f3c7f1f8a0de47c8366352fc37c099890eab75c8cba62cb8"",""hs_18q_d1:4dpu_t8"":""0f172b4535a71fb59dd5d4f406df828c33333cda1113d1c71db08b5d0e989d1e"",""quantization_stress_18q_l2:1dpu_t8"":""9d1e1ae9a325d84cef97b0fd9beffa9d4b3d783f00a4e38f6fce3a17114d3abb"",""quantization_stress_18q_l2:4dpu_t8"":""9d1e1ae9a325d84cef97b0fd9beffa9d4b3d783f00a4e38f6fce3a17114d3abb""}"
462,4,2.2525256882259703,1.0,7,0.22063680206282787,0.7768451800394555,0.002518017897716659,0.11031840103141394,0.11031840103141394,0.7768451800394555,0.002518017897716659,0.0,0.0,"{""edc_18q:1dpu_t8"":""cf23b184355b080f3bead1d9d754a3c2c295746793109413aedfff30da27b94e"",""edc_18q:4dpu_t8"":""cf23b184355b080f3bead1d9d754a3c2c295746793109413aedfff30da27b94e"",""ghz_chain_18q:1dpu_t8"":""9f9e62a16e205e4bd5eb1d1b8f62cade3177ef00fa9bd4dc15c899a41b00d3d0"",""ghz_chain_18q:4dpu_t8"":""9f9e62a16e205e4bd5eb1d1b8f62cade3177ef00fa9bd4dc15c899a41b00d3d0"",""hs_18q_d1:1dpu_t8"":""bf83ea123bc85b30f3c7f1f8a0de47c8366352fc37c099890eab75c8cba62cb8"",""hs_18q_d1:4dpu_t8"":""0f172b4535a71fb59dd5d4f406df828c33333cda1113d1c71db08b5d0e989d1e"",""quantization_stress_18q_l2:1dpu_t8"":""9d1e1ae9a325d84cef97b0fd9beffa9d4b3d783f00a4e38f6fce3a17114d3abb"",""quantization_stress_18q_l2:4dpu_t8"":""9d1e1ae9a325d84cef97b0fd9beffa9d4b3d783f00a4e38f6fce3a17114d3abb""}"
463,5,2.25473349212326,1.0,6,0.024368166273412584,0.9754242110524387,0.00020762267414873057,0.012184083136706292,0.012184083136706292,0.9754242110524387,0.00020762267414873057,0.0,0.0,"{""edc_18q:1dpu_t8"":""cf23b184355b080f3bead1d9d754a3c2c295746793109413aedfff30da27b94e"",""edc_18q:4dpu_t8"":""cf23b184355b080f3bead1d9d754a3c2c295746793109413aedfff30da27b94e"",""ghz_chain_18q:1dpu_t8"":""9f9e62a16e205e4bd5eb1d1b8f62cade3177ef00fa9bd4dc15c899a41b00d3d0"",""ghz_chain_18q:4dpu_t8"":""9f9e62a16e205e4bd5eb1d1b8f62cade3177ef00fa9bd4dc15c899a41b00d3d0"",""hs_18q_d1:1dpu_t8"":""bf83ea123bc85b30f3c7f1f8a0de47c8366352fc37c099890eab75c8cba62cb8"",""hs_18q_d1:4dpu_t8"":""bf83ea123bc85b30f3c7f1f8a0de47c8366352fc37c099890eab75c8cba62cb8"",""quantization_stress_18q_l2:1dpu_t8"":""9d1e1ae9a325d84cef97b0fd9beffa9d4b3d783f00a4e38f6fce3a17114d3abb"",""quantization_stress_18q_l2:4dpu_t8"":""9d1e1ae9a325d84cef97b0fd9beffa9d4b3d783f00a4e38f6fce3a17114d3abb""}"
464,4,2.238876337366356,1.0,7,0.22063680206282787,0.7768451800394555,0.002518017897716659,0.11031840103141394,0.11031840103141394,0.7768451800394555,0.002518017897716659,0.0,0.0,"{""edc_18q:1dpu_t8"":""cf23b184355b080f3bead1d9d754a3c2c295746793109413aedfff30da27b94e"",""edc_18q:4dpu_t8"":""cf23b184355b080f3bead1d9d754a3c2c295746793109413aedfff30da27b94e"",""ghz_chain_18q:1dpu_t8"":""9f9e62a16e205e4bd5eb1d1b8f62cade3177ef00fa9bd4dc15c899a41b00d3d0"",""ghz_chain_18q:4dpu_t8"":""9f9e62a16e205e4bd5eb1d1b8f62cade3177ef00fa9bd4dc15c899a41b00d3d0"",""hs_18q_d1:1dpu_t8"":""bf83ea123bc85b30f3c7f1f8a0de47c8366352fc37c099890eab75c8cba62cb8"",""hs_18q_d1:4dpu_t8"":""0f172b4535a71fb59dd5d4f406df828c33333cda1113d1c71db08b5d0e989d1e"",""quantization_stress_18q_l2:1dpu_t8"":""9d1e1ae9a325d84cef97b0fd9beffa9d4b3d783f00a4e38f6fce3a17114d3abb"",""quantization_stress_18q_l2:4dpu_t8"":""9d1e1ae9a325d84cef97b0fd9beffa9d4b3d783f00a4e38f6fce3a17114d3abb""}"
465,5,2.2212288283783543,1.0,6,0.024368166273412584,0.9754242110524387,0.00020762267414873057,0.012184083136706292,0.012184083136706292,0.9754242110524387,0.00020762267414873057,0.0,0.0,"{""edc_18q:1dpu_t8"":""cf23b184355b080f3bead1d9d754a3c2c295746793109413aedfff30da27b94e"",""edc_18q:4dpu_t8"":""cf23b184355b080f3bead1d9d754a3c2c295746793109413aedfff30da27b94e"",""ghz_chain_18q:1dpu_t8"":""9f9e62a16e205e4bd5eb1d1b8f62cade3177ef00fa9bd4dc15c899a41b00d3d0"",""ghz_chain_18q:4dpu_t8"":""9f9e62a16e205e4bd5eb1d1b8f62cade3177ef00fa9bd4dc15c899a41b00d3d0"",""hs_18q_d1:1dpu_t8"":""bf83ea123bc85b30f3c7f1f8a0de47c8366352fc37c099890eab75c8cba62cb8"",""hs_18q_d1:4dpu_t8"":""bf83ea123bc85b30f3c7f1f8a0de47c8366352fc37c099890eab75c8cba62cb8"",""quantization_stress_18q_l2:1dpu_t8"":""9d1e1ae9a325d84cef97b0fd9beffa9d4b3d783f00a4e38f6fce3a17114d3abb"",""quantization_stress_18q_l2:4dpu_t8"":""9d1e1ae9a325d84cef97b0fd9beffa9d4b3d783f00a4e38f6fce3a17114d3abb""}"
466,4,2.254166117688196,1.0,7,0.22063680206282787,0.7768451800394555,0.002518017897716659,0.11031840103141394,0.11031840103141394,0.7768451800394555,0.002518017897716659,0.0,0.0,"{""edc_18q:1dpu_t8"":""cf23b184355b080f3bead1d9d754a3c2c295746793109413aedfff30da27b94e"",""edc_18q:4dpu_t8"":""cf23b184355b080f3bead1d9d754a3c2c295746793109413aedfff30da27b94e"",""ghz_chain_18q:1dpu_t8"":""9f9e62a16e205e4bd5eb1d1b8f62cade3177ef00fa9bd4dc15c899a41b00d3d0"",""ghz_chain_18q:4dpu_t8"":""9f9e62a16e205e4bd5eb1d1b8f62cade3177ef00fa9bd4dc15c899a41b00d3d0"",""hs_18q_d1:1dpu_t8"":""bf83ea123bc85b30f3c7f1f8a0de47c8366352fc37c099890eab75c8cba62cb8"",""hs_18q_d1:4dpu_t8"":""0f172b4535a71fb59dd5d4f406df828c33333cda1113d1c71db08b5d0e989d1e"",""quantization_stress_18q_l2:1dpu_t8"":""9d1e1ae9a325d84cef97b0fd9beffa9d4b3d783f00a4e38f6fce3a17114d3abb"",""quantization_stress_18q_l2:4dpu_t8"":""9d1e1ae9a325d84cef97b0fd9beffa9d4b3d783f00a4e38f6fce3a17114d3abb""}"
467,10,2.2329338700503794,1.0,6,0.47630996810097936,0.518889877536195,0.004800154362825642,0.23815498405048968,0.23815498405048968,0.518889877536195,0.004800154362825642,0.0,0.0,"{""edc_18q:1dpu_t8"":""cf23b184355b080f3bead1d9d754a3c2c295746793109413aedfff30da27b94e"",""edc_18q:4dpu_t8"":""cf23b184355b080f3bead1d9d754a3c2c295746793109413aedfff30da27b94e"",""ghz_chain_18q:1dpu_t8"":""9f9e62a16e205e4bd5eb1d1b8f62cade3177ef00fa9bd4dc15c899a41b00d3d0"",""ghz_chain_18q:4dpu_t8"":""9f9e62a16e205e4bd5eb1d1b8f62cade3177ef00fa9bd4dc15c899a41b00d3d0"",""hs_18q_d1:1dpu_t8"":""bf83ea123bc85b30f3c7f1f8a0de47c8366352fc37c099890eab75c8cba62cb8"",""hs_18q_d1:4dpu_t8"":""bf83ea123bc85b30f3c7f1f8a0de47c8366352fc37c099890eab75c8cba62cb8"",""quantization_stress_18q_l2:1dpu_t8"":""e56fd025e7fdf900c75302bb6e7212f78d89deef09b236732a001e9f5c5001c1"",""quantization_stress_18q_l2:4dpu_t8"":""e56fd025e7fdf900c75302bb6e7212f78d89deef09b236732a001e9f5c5001c1""}"
468,10,2.2159657647747206,1.0,6,0.47630996810097936,0.518889877536195,0.004800154362825642,0.23815498405048968,0.23815498405048968,0.518889877536195,0.004800154362825642,0.0,0.0,"{""edc_18q:1dpu_t8"":""cf23b184355b080f3bead1d9d754a3c2c295746793109413aedfff30da27b94e"",""edc_18q:4dpu_t8"":""cf23b184355b080f3bead1d9d754a3c2c295746793109413aedfff30da27b94e"",""ghz_chain_18q:1dpu_t8"":""9f9e62a16e205e4bd5eb1d1b8f62cade3177ef00fa9bd4dc15c899a41b00d3d0"",""ghz_chain_18q:4dpu_t8"":""9f9e62a16e205e4bd5eb1d1b8f62cade3177ef00fa9bd4dc15c899a41b00d3d0"",""hs_18q_d1:1dpu_t8"":""bf83ea123bc85b30f3c7f1f8a0de47c8366352fc37c099890eab75c8cba62cb8"",""hs_18q_d1:4dpu_t8"":""bf83ea123bc85b30f3c7f1f8a0de47c8366352fc37c099890eab75c8cba62cb8"",""quantization_stress_18q_l2:1dpu_t8"":""e56fd025e7fdf900c75302bb6e7212f78d89deef09b236732a001e9f5c5001c1"",""quantization_stress_18q_l2:4dpu_t8"":""e56fd025e7fdf900c75302bb6e7212f78d89deef09b236732a001e9f5c5001c1""}"
469,3,2.3058013059364724,0.997529052435953,7,0.0,1.0,0.0,0.0,0.0,1.0,0.0,0.0,0.0,"{""edc_18q:1dpu_t8"":""cf23b184355b080f3bead1d9d754a3c2c295746793109413aedfff30da27b94e"",""edc_18q:4dpu_t8"":""cf23b184355b080f3bead1d9d754a3c2c295746793109413aedfff30da27b94e"",""ghz_chain_18q:1dpu_t8"":""9f9e62a16e205e4bd5eb1d1b8f62cade3177ef00fa9bd4dc15c899a41b00d3d0"",""ghz_chain_18q:4dpu_t8"":""9f9e62a16e205e4bd5eb1d1b8f62cade3177ef00fa9bd4dc15c899a41b00d3d0"",""hs_18q_d1:1dpu_t8"":""0f172b4535a71fb59dd5d4f406df828c33333cda1113d1c71db08b5d0e989d1e"",""hs_18q_d1:4dpu_t8"":""0f172b4535a71fb59dd5d4f406df828c33333cda1113d1c71db08b5d0e989d1e"",""quantization_stress_18q_l2:1dpu_t8"":""9d1e1ae9a325d84cef97b0fd9beffa9d4b3d783f00a4e38f6fce3a17114d3abb"",""quantization_stress_18q_l2:4dpu_t8"":""9d1e1ae9a325d84cef97b0fd9beffa9d4b3d783f00a4e38f6fce3a17114d3abb""}"
470,5,2.2301038795738934,1.0,6,0.024368166273412584,0.9754242110524387,0.00020762267414873057,0.012184083136706292,0.012184083136706292,0.9754242110524387,0.00020762267414873057,0.0,0.0,"{""edc_18q:1dpu_t8"":""cf23b184355b080f3bead1d9d754a3c2c295746793109413aedfff30da27b94e"",""edc_18q:4dpu_t8"":""cf23b184355b080f3bead1d9d754a3c2c295746793109413aedfff30da27b94e"",""ghz_chain_18q:1dpu_t8"":""9f9e62a16e205e4bd5eb1d1b8f62cade3177ef00fa9bd4dc15c899a41b00d3d0"",""ghz_chain_18q:4dpu_t8"":""9f9e62a16e205e4bd5eb1d1b8f62cade3177ef00fa9bd4dc15c899a41b00d3d0"",""hs_18q_d1:1dpu_t8"":""bf83ea123bc85b30f3c7f1f8a0de47c8366352fc37c099890eab75c8cba62cb8"",""hs_18q_d1:4dpu_t8"":""bf83ea123bc85b30f3c7f1f8a0de47c8366352fc37c099890eab75c8cba62cb8"",""quantization_stress_18q_l2:1dpu_t8"":""9d1e1ae9a325d84cef97b0fd9beffa9d4b3d783f00a4e38f6fce3a17114d3abb"",""quantization_stress_18q_l2:4dpu_t8"":""9d1e1ae9a325d84cef97b0fd9beffa9d4b3d783f00a4e38f6fce3a17114d3abb""}"
471,5,2.220978894349011,1.0,6,0.024368166273412584,0.9754242110524387,0.00020762267414873057,0.012184083136706292,0.012184083136706292,0.9754242110524387,0.00020762267414873057,0.0,0.0,"{""edc_18q:1dpu_t8"":""cf23b184355b080f3bead1d9d754a3c2c295746793109413aedfff30da27b94e"",""edc_18q:4dpu_t8"":""cf23b184355b080f3bead1d9d754a3c2c295746793109413aedfff30da27b94e"",""ghz_chain_18q:1dpu_t8"":""9f9e62a16e205e4bd5eb1d1b8f62cade3177ef00fa9bd4dc15c899a41b00d3d0"",""ghz_chain_18q:4dpu_t8"":""9f9e62a16e205e4bd5eb1d1b8f62cade3177ef00fa9bd4dc15c899a41b00d3d0"",""hs_18q_d1:1dpu_t8"":""bf83ea123bc85b30f3c7f1f8a0de47c8366352fc37c099890eab75c8cba62cb8"",""hs_18q_d1:4dpu_t8"":""bf83ea123bc85b30f3c7f1f8a0de47c8366352fc37c099890eab75c8cba62cb8"",""quantization_stress_18q_l2:1dpu_t8"":""9d1e1ae9a325d84cef97b0fd9beffa9d4b3d783f00a4e38f6fce3a17114d3abb"",""quantization_stress_18q_l2:4dpu_t8"":""9d1e1ae9a325d84cef97b0fd9beffa9d4b3d783f00a4e38f6fce3a17114d3abb""}"
472,10,2.22558885791783,1.0,6,0.47630996810097936,0.518889877536195,0.004800154362825642,0.23815498405048968,0.23815498405048968,0.518889877536195,0.004800154362825642,0.0,0.0,"{""edc_18q:1dpu_t8"":""cf23b184355b080f3bead1d9d754a3c2c295746793109413aedfff30da27b94e"",""edc_18q:4dpu_t8"":""cf23b184355b080f3bead1d9d754a3c2c295746793109413aedfff30da27b94e"",""ghz_chain_18q:1dpu_t8"":""9f9e62a16e205e4bd5eb1d1b8f62cade3177ef00fa9bd4dc15c899a41b00d3d0"",""ghz_chain_18q:4dpu_t8"":""9f9e62a16e205e4bd5eb1d1b8f62cade3177ef00fa9bd4dc15c899a41b00d3d0"",""hs_18q_d1:1dpu_t8"":""bf83ea123bc85b30f3c7f1f8a0de47c8366352fc37c099890eab75c8cba62cb8"",""hs_18q_d1:4dpu_t8"":""bf83ea123bc85b30f3c7f1f8a0de47c8366352fc37c099890eab75c8cba62cb8"",""quantization_stress_18q_l2:1dpu_t8"":""e56fd025e7fdf900c75302bb6e7212f78d89deef09b236732a001e9f5c5001c1"",""quantization_stress_18q_l2:4dpu_t8"":""e56fd025e7fdf900c75302bb6e7212f78d89deef09b236732a001e9f5c5001c1""}"
473,5,2.232482858238314,1.0,6,0.024368166273412584,0.9754242110524387,0.00020762267414873057,0.012184083136706292,0.012184083136706292,0.9754242110524387,0.00020762267414873057,0.0,0.0,"{""edc_18q:1dpu_t8"":""cf23b184355b080f3bead1d9d754a3c2c295746793109413aedfff30da27b94e"",""edc_18q:4dpu_t8"":""cf23b184355b080f3bead1d9d754a3c2c295746793109413aedfff30da27b94e"",""ghz_chain_18q:1dpu_t8"":""9f9e62a16e205e4bd5eb1d1b8f62cade3177ef00fa9bd4dc15c899a41b00d3d0"",""ghz_chain_18q:4dpu_t8"":""9f9e62a16e205e4bd5eb1d1b8f62cade3177ef00fa9bd4dc15c899a41b00d3d0"",""hs_18q_d1:1dpu_t8"":""bf83ea123bc85b30f3c7f1f8a0de47c8366352fc37c099890eab75c8cba62cb8"",""hs_18q_d1:4dpu_t8"":""bf83ea123bc85b30f3c7f1f8a0de47c8366352fc37c099890eab75c8cba62cb8"",""quantization_stress_18q_l2:1dpu_t8"":""9d1e1ae9a325d84cef97b0fd9beffa9d4b3d783f00a4e38f6fce3a17114d3abb"",""quantization_stress_18q_l2:4dpu_t8"":""9d1e1ae9a325d84cef97b0fd9beffa9d4b3d783f00a4e38f6fce3a17114d3abb""}"
474,9,2.2422805847754126,1.0,7,0.5414741851996391,0.45232358896253566,0.006202225837825213,0.27073709259981954,0.27073709259981954,0.45232358896253566,0.006202225837825213,0.0,0.0,"{""edc_18q:1dpu_t8"":""cf23b184355b080f3bead1d9d754a3c2c295746793109413aedfff30da27b94e"",""edc_18q:4dpu_t8"":""cf23b184355b080f3bead1d9d754a3c2c295746793109413aedfff30da27b94e"",""ghz_chain_18q:1dpu_t8"":""9f9e62a16e205e4bd5eb1d1b8f62cade3177ef00fa9bd4dc15c899a41b00d3d0"",""ghz_chain_18q:4dpu_t8"":""9f9e62a16e205e4bd5eb1d1b8f62cade3177ef00fa9bd4dc15c899a41b00d3d0"",""hs_18q_d1:1dpu_t8"":""bf83ea123bc85b30f3c7f1f8a0de47c8366352fc37c099890eab75c8cba62cb8"",""hs_18q_d1:4dpu_t8"":""0f172b4535a71fb59dd5d4f406df828c33333cda1113d1c71db08b5d0e989d1e"",""quantization_stress_18q_l2:1dpu_t8"":""e56fd025e7fdf900c75302bb6e7212f78d89deef09b236732a001e9f5c5001c1"",""quantization_stress_18q_l2:4dpu_t8"":""e56fd025e7fdf900c75302bb6e7212f78d89deef09b236732a001e9f5c5001c1""}"
475,5,2.223707726937786,1.0,6,0.024368166273412584,0.9754242110524387,0.00020762267414873057,0.012184083136706292,0.012184083136706292,0.9754242110524387,0.00020762267414873057,0.0,0.0,"{""edc_18q:1dpu_t8"":""cf23b184355b080f3bead1d9d754a3c2c295746793109413aedfff30da27b94e"",""edc_18q:4dpu_t8"":""cf23b184355b080f3bead1d9d754a3c2c295746793109413aedfff30da27b94e"",""ghz_chain_18q:1dpu_t8"":""9f9e62a16e205e4bd5eb1d1b8f62cade3177ef00fa9bd4dc15c899a41b00d3d0"",""ghz_chain_18q:4dpu_t8"":""9f9e62a16e205e4bd5eb1d1b8f62cade3177ef00fa9bd4dc15c899a41b00d3d0"",""hs_18q_d1:1dpu_t8"":""bf83ea123bc85b30f3c7f1f8a0de47c8366352fc37c099890eab75c8cba62cb8"",""hs_18q_d1:4dpu_t8"":""bf83ea123bc85b30f3c7f1f8a0de47c8366352fc37c099890eab75c8cba62cb8"",""quantization_stress_18q_l2:1dpu_t8"":""9d1e1ae9a325d84cef97b0fd9beffa9d4b3d783f00a4e38f6fce3a17114d3abb"",""quantization_stress_18q_l2:4dpu_t8"":""9d1e1ae9a325d84cef97b0fd9beffa9d4b3d783f00a4e38f6fce3a17114d3abb""}"
476,4,2.2593000571382706,1.0,7,0.22063680206282787,0.7768451800394555,0.002518017897716659,0.11031840103141394,0.11031840103141394,0.7768451800394555,0.002518017897716659,0.0,0.0,"{""edc_18q:1dpu_t8"":""cf23b184355b080f3bead1d9d754a3c2c295746793109413aedfff30da27b94e"",""edc_18q:4dpu_t8"":""cf23b184355b080f3bead1d9d754a3c2c295746793109413aedfff30da27b94e"",""ghz_chain_18q:1dpu_t8"":""9f9e62a16e205e4bd5eb1d1b8f62cade3177ef00fa9bd4dc15c899a41b00d3d0"",""ghz_chain_18q:4dpu_t8"":""9f9e62a16e205e4bd5eb1d1b8f62cade3177ef00fa9bd4dc15c899a41b00d3d0"",""hs_18q_d1:1dpu_t8"":""bf83ea123bc85b30f3c7f1f8a0de47c8366352fc37c099890eab75c8cba62cb8"",""hs_18q_d1:4dpu_t8"":""0f172b4535a71fb59dd5d4f406df828c33333cda1113d1c71db08b5d0e989d1e"",""quantization_stress_18q_l2:1dpu_t8"":""9d1e1ae9a325d84cef97b0fd9beffa9d4b3d783f00a4e38f6fce3a17114d3abb"",""quantization_stress_18q_l2:4dpu_t8"":""9d1e1ae9a325d84cef97b0fd9beffa9d4b3d783f00a4e38f6fce3a17114d3abb""}"
477,5,2.2241697095097837,1.0,6,0.024368166273412584,0.9754242110524387,0.00020762267414873057,0.012184083136706292,0.012184083136706292,0.9754242110524387,0.00020762267414873057,0.0,0.0,"{""edc_18q:1dpu_t8"":""cf23b184355b080f3bead1d9d754a3c2c295746793109413aedfff30da27b94e"",""edc_18q:4dpu_t8"":""cf23b184355b080f3bead1d9d754a3c2c295746793109413aedfff30da27b94e"",""ghz_chain_18q:1dpu_t8"":""9f9e62a16e205e4bd5eb1d1b8f62cade3177ef00fa9bd4dc15c899a41b00d3d0"",""ghz_chain_18q:4dpu_t8"":""9f9e62a16e205e4bd5eb1d1b8f62cade3177ef00fa9bd4dc15c899a41b00d3d0"",""hs_18q_d1:1dpu_t8"":""bf83ea123bc85b30f3c7f1f8a0de47c8366352fc37c099890eab75c8cba62cb8"",""hs_18q_d1:4dpu_t8"":""bf83ea123bc85b30f3c7f1f8a0de47c8366352fc37c099890eab75c8cba62cb8"",""quantization_stress_18q_l2:1dpu_t8"":""9d1e1ae9a325d84cef97b0fd9beffa9d4b3d783f00a4e38f6fce3a17114d3abb"",""quantization_stress_18q_l2:4dpu_t8"":""9d1e1ae9a325d84cef97b0fd9beffa9d4b3d783f00a4e38f6fce3a17114d3abb""}"
478,4,2.239363934102279,1.0,7,0.22063680206282787,0.7768451800394555,0.002518017897716659,0.11031840103141394,0.11031840103141394,0.7768451800394555,0.002518017897716659,0.0,0.0,"{""edc_18q:1dpu_t8"":""cf23b184355b080f3bead1d9d754a3c2c295746793109413aedfff30da27b94e"",""edc_18q:4dpu_t8"":""cf23b184355b080f3bead1d9d754a3c2c295746793109413aedfff30da27b94e"",""ghz_chain_18q:1dpu_t8"":""9f9e62a16e205e4bd5eb1d1b8f62cade3177ef00fa9bd4dc15c899a41b00d3d0"",""ghz_chain_18q:4dpu_t8"":""9f9e62a16e205e4bd5eb1d1b8f62cade3177ef00fa9bd4dc15c899a41b00d3d0"",""hs_18q_d1:1dpu_t8"":""bf83ea123bc85b30f3c7f1f8a0de47c8366352fc37c099890eab75c8cba62cb8"",""hs_18q_d1:4dpu_t8"":""0f172b4535a71fb59dd5d4f406df828c33333cda1113d1c71db08b5d0e989d1e"",""quantization_stress_18q_l2:1dpu_t8"":""9d1e1ae9a325d84cef97b0fd9beffa9d4b3d783f00a4e38f6fce3a17114d3abb"",""quantization_stress_18q_l2:4dpu_t8"":""9d1e1ae9a325d84cef97b0fd9beffa9d4b3d783f00a4e38f6fce3a17114d3abb""}"
479,9,2.2551007470925986,1.0,7,0.5414741851996391,0.45232358896253566,0.006202225837825213,0.27073709259981954,0.27073709259981954,0.45232358896253566,0.006202225837825213,0.0,0.0,"{""edc_18q:1dpu_t8"":""cf23b184355b080f3bead1d9d754a3c2c295746793109413aedfff30da27b94e"",""edc_18q:4dpu_t8"":""cf23b184355b080f3bead1d9d754a3c2c295746793109413aedfff30da27b94e"",""ghz_chain_18q:1dpu_t8"":""9f9e62a16e205e4bd5eb1d1b8f62cade3177ef00fa9bd4dc15c899a41b00d3d0"",""ghz_chain_18q:4dpu_t8"":""9f9e62a16e205e4bd5eb1d1b8f62cade3177ef00fa9bd4dc15c899a41b00d3d0"",""hs_18q_d1:1dpu_t8"":""bf83ea123bc85b30f3c7f1f8a0de47c8366352fc37c099890eab75c8cba62cb8"",""hs_18q_d1:4dpu_t8"":""0f172b4535a71fb59dd5d4f406df828c33333cda1113d1c71db08b5d0e989d1e"",""quantization_stress_18q_l2:1dpu_t8"":""e56fd025e7fdf900c75302bb6e7212f78d89deef09b236732a001e9f5c5001c1"",""quantization_stress_18q_l2:4dpu_t8"":""e56fd025e7fdf900c75302bb6e7212f78d89deef09b236732a001e9f5c5001c1""}"
480,5,2.2521283794270075,1.0,6,0.024368166273412584,0.9754242110524387,0.00020762267414873057,0.012184083136706292,0.012184083136706292,0.9754242110524387,0.00020762267414873057,0.0,0.0,"{""edc_18q:1dpu_t8"":""cf23b184355b080f3bead1d9d754a3c2c295746793109413aedfff30da27b94e"",""edc_18q:4dpu_t8"":""cf23b184355b080f3bead1d9d754a3c2c295746793109413aedfff30da27b94e"",""ghz_chain_18q:1dpu_t8"":""9f9e62a16e205e4bd5eb1d1b8f62cade3177ef00fa9bd4dc15c899a41b00d3d0"",""ghz_chain_18q:4dpu_t8"":""9f9e62a16e205e4bd5eb1d1b8f62cade3177ef00fa9bd4dc15c899a41b00d3d0"",""hs_18q_d1:1dpu_t8"":""bf83ea123bc85b30f3c7f1f8a0de47c8366352fc37c099890eab75c8cba62cb8"",""hs_18q_d1:4dpu_t8"":""bf83ea123bc85b30f3c7f1f8a0de47c8366352fc37c099890eab75c8cba62cb8"",""quantization_stress_18q_l2:1dpu_t8"":""9d1e1ae9a325d84cef97b0fd9beffa9d4b3d783f00a4e38f6fce3a17114d3abb"",""quantization_stress_18q_l2:4dpu_t8"":""9d1e1ae9a325d84cef97b0fd9beffa9d4b3d783f00a4e38f6fce3a17114d3abb""}"
481,5,2.241932956784298,1.0,6,0.024368166273412584,0.9754242110524387,0.00020762267414873057,0.012184083136706292,0.012184083136706292,0.9754242110524387,0.00020762267414873057,0.0,0.0,"{""edc_18q:1dpu_t8"":""cf23b184355b080f3bead1d9d754a3c2c295746793109413aedfff30da27b94e"",""edc_18q:4dpu_t8"":""cf23b184355b080f3bead1d9d754a3c2c295746793109413aedfff30da27b94e"",""ghz_chain_18q:1dpu_t8"":""9f9e62a16e205e4bd5eb1d1b8f62cade3177ef00fa9bd4dc15c899a41b00d3d0"",""ghz_chain_18q:4dpu_t8"":""9f9e62a16e205e4bd5eb1d1b8f62cade3177ef00fa9bd4dc15c899a41b00d3d0"",""hs_18q_d1:1dpu_t8"":""bf83ea123bc85b30f3c7f1f8a0de47c8366352fc37c099890eab75c8cba62cb8"",""hs_18q_d1:4dpu_t8"":""bf83ea123bc85b30f3c7f1f8a0de47c8366352fc37c099890eab75c8cba62cb8"",""quantization_stress_18q_l2:1dpu_t8"":""9d1e1ae9a325d84cef97b0fd9beffa9d4b3d783f00a4e38f6fce3a17114d3abb"",""quantization_stress_18q_l2:4dpu_t8"":""9d1e1ae9a325d84cef97b0fd9beffa9d4b3d783f00a4e38f6fce3a17114d3abb""}"
482,5,2.23538295029565,1.0,6,0.024368166273412584,0.9754242110524387,0.00020762267414873057,0.012184083136706292,0.012184083136706292,0.9754242110524387,0.00020762267414873057,0.0,0.0,"{""edc_18q:1dpu_t8"":""cf23b184355b080f3bead1d9d754a3c2c295746793109413aedfff30da27b94e"",""edc_18q:4dpu_t8"":""cf23b184355b080f3bead1d9d754a3c2c295746793109413aedfff30da27b94e"",""ghz_chain_18q:1dpu_t8"":""9f9e62a16e205e4bd5eb1d1b8f62cade3177ef00fa9bd4dc15c899a41b00d3d0"",""ghz_chain_18q:4dpu_t8"":""9f9e62a16e205e4bd5eb1d1b8f62cade3177ef00fa9bd4dc15c899a41b00d3d0"",""hs_18q_d1:1dpu_t8"":""bf83ea123bc85b30f3c7f1f8a0de47c8366352fc37c099890eab75c8cba62cb8"",""hs_18q_d1:4dpu_t8"":""bf83ea123bc85b30f3c7f1f8a0de47c8366352fc37c099890eab75c8cba62cb8"",""quantization_stress_18q_l2:1dpu_t8"":""9d1e1ae9a325d84cef97b0fd9beffa9d4b3d783f00a4e38f6fce3a17114d3abb"",""quantization_stress_18q_l2:4dpu_t8"":""9d1e1ae9a325d84cef97b0fd9beffa9d4b3d783f00a4e38f6fce3a17114d3abb""}"
483,4,2.241117469033557,1.0,7,0.22063680206282787,0.7768451800394555,0.002518017897716659,0.11031840103141394,0.11031840103141394,0.7768451800394555,0.002518017897716659,0.0,0.0,"{""edc_18q:1dpu_t8"":""cf23b184355b080f3bead1d9d754a3c2c295746793109413aedfff30da27b94e"",""edc_18q:4dpu_t8"":""cf23b184355b080f3bead1d9d754a3c2c295746793109413aedfff30da27b94e"",""ghz_chain_18q:1dpu_t8"":""9f9e62a16e205e4bd5eb1d1b8f62cade3177ef00fa9bd4dc15c899a41b00d3d0"",""ghz_chain_18q:4dpu_t8"":""9f9e62a16e205e4bd5eb1d1b8f62cade3177ef00fa9bd4dc15c899a41b00d3d0"",""hs_18q_d1:1dpu_t8"":""bf83ea123bc85b30f3c7f1f8a0de47c8366352fc37c099890eab75c8cba62cb8"",""hs_18q_d1:4dpu_t8"":""0f172b4535a71fb59dd5d4f406df828c33333cda1113d1c71db08b5d0e989d1e"",""quantization_stress_18q_l2:1dpu_t8"":""9d1e1ae9a325d84cef97b0fd9beffa9d4b3d783f00a4e38f6fce3a17114d3abb"",""quantization_stress_18q_l2:4dpu_t8"":""9d1e1ae9a325d84cef97b0fd9beffa9d4b3d783f00a4e38f6fce3a17114d3abb""}"
484,4,2.24021314232825,1.0,7,0.22063680206282787,0.7768451800394555,0.002518017897716659,0.11031840103141394,0.11031840103141394,0.7768451800394555,0.002518017897716659,0.0,0.0,"{""edc_18q:1dpu_t8"":""cf23b184355b080f3bead1d9d754a3c2c295746793109413aedfff30da27b94e"",""edc_18q:4dpu_t8"":""cf23b184355b080f3bead1d9d754a3c2c295746793109413aedfff30da27b94e"",""ghz_chain_18q:1dpu_t8"":""9f9e62a16e205e4bd5eb1d1b8f62cade3177ef00fa9bd4dc15c899a41b00d3d0"",""ghz_chain_18q:4dpu_t8"":""9f9e62a16e205e4bd5eb1d1b8f62cade3177ef00fa9bd4dc15c899a41b00d3d0"",""hs_18q_d1:1dpu_t8"":""bf83ea123bc85b30f3c7f1f8a0de47c8366352fc37c099890eab75c8cba62cb8"",""hs_18q_d1:4dpu_t8"":""0f172b4535a71fb59dd5d4f406df828c33333cda1113d1c71db08b5d0e989d1e"",""quantization_stress_18q_l2:1dpu_t8"":""9d1e1ae9a325d84cef97b0fd9beffa9d4b3d783f00a4e38f6fce3a17114d3abb"",""quantization_stress_18q_l2:4dpu_t8"":""9d1e1ae9a325d84cef97b0fd9beffa9d4b3d783f00a4e38f6fce3a17114d3abb""}"
485,4,2.242305027078026,1.0,7,0.22063680206282787,0.7768451800394555,0.002518017897716659,0.11031840103141394,0.11031840103141394,0.7768451800394555,0.002518017897716659,0.0,0.0,"{""edc_18q:1dpu_t8"":""cf23b184355b080f3bead1d9d754a3c2c295746793109413aedfff30da27b94e"",""edc_18q:4dpu_t8"":""cf23b184355b080f3bead1d9d754a3c2c295746793109413aedfff30da27b94e"",""ghz_chain_18q:1dpu_t8"":""9f9e62a16e205e4bd5eb1d1b8f62cade3177ef00fa9bd4dc15c899a41b00d3d0"",""ghz_chain_18q:4dpu_t8"":""9f9e62a16e205e4bd5eb1d1b8f62cade3177ef00fa9bd4dc15c899a41b00d3d0"",""hs_18q_d1:1dpu_t8"":""bf83ea123bc85b30f3c7f1f8a0de47c8366352fc37c099890eab75c8cba62cb8"",""hs_18q_d1:4dpu_t8"":""0f172b4535a71fb59dd5d4f406df828c33333cda1113d1c71db08b5d0e989d1e"",""quantization_stress_18q_l2:1dpu_t8"":""9d1e1ae9a325d84cef97b0fd9beffa9d4b3d783f00a4e38f6fce3a17114d3abb"",""quantization_stress_18q_l2:4dpu_t8"":""9d1e1ae9a325d84cef97b0fd9beffa9d4b3d783f00a4e38f6fce3a17114d3abb""}"
486,5,2.2398307885594293,1.0,6,0.024368166273412584,0.9754242110524387,0.00020762267414873057,0.012184083136706292,0.012184083136706292,0.9754242110524387,0.00020762267414873057,0.0,0.0,"{""edc_18q:1dpu_t8"":""cf23b184355b080f3bead1d9d754a3c2c295746793109413aedfff30da27b94e"",""edc_18q:4dpu_t8"":""cf23b184355b080f3bead1d9d754a3c2c295746793109413aedfff30da27b94e"",""ghz_chain_18q:1dpu_t8"":""9f9e62a16e205e4bd5eb1d1b8f62cade3177ef00fa9bd4dc15c899a41b00d3d0"",""ghz_chain_18q:4dpu_t8"":""9f9e62a16e205e4bd5eb1d1b8f62cade3177ef00fa9bd4dc15c899a41b00d3d0"",""hs_18q_d1:1dpu_t8"":""bf83ea123bc85b30f3c7f1f8a0de47c8366352fc37c099890eab75c8cba62cb8"",""hs_18q_d1:4dpu_t8"":""bf83ea123bc85b30f3c7f1f8a0de47c8366352fc37c099890eab75c8cba62cb8"",""quantization_stress_18q_l2:1dpu_t8"":""9d1e1ae9a325d84cef97b0fd9beffa9d4b3d783f00a4e38f6fce3a17114d3abb"",""quantization_stress_18q_l2:4dpu_t8"":""9d1e1ae9a325d84cef97b0fd9beffa9d4b3d783f00a4e38f6fce3a17114d3abb""}"
487,5,2.2308940601552725,1.0,6,0.024368166273412584,0.9754242110524387,0.00020762267414873057,0.012184083136706292,0.012184083136706292,0.9754242110524387,0.00020762267414873057,0.0,0.0,"{""edc_18q:1dpu_t8"":""cf23b184355b080f3bead1d9d754a3c2c295746793109413aedfff30da27b94e"",""edc_18q:4dpu_t8"":""cf23b184355b080f3bead1d9d754a3c2c295746793109413aedfff30da27b94e"",""ghz_chain_18q:1dpu_t8"":""9f9e62a16e205e4bd5eb1d1b8f62cade3177ef00fa9bd4dc15c899a41b00d3d0"",""ghz_chain_18q:4dpu_t8"":""9f9e62a16e205e4bd5eb1d1b8f62cade3177ef00fa9bd4dc15c899a41b00d3d0"",""hs_18q_d1:1dpu_t8"":""bf83ea123bc85b30f3c7f1f8a0de47c8366352fc37c099890eab75c8cba62cb8"",""hs_18q_d1:4dpu_t8"":""bf83ea123bc85b30f3c7f1f8a0de47c8366352fc37c099890eab75c8cba62cb8"",""quantization_stress_18q_l2:1dpu_t8"":""9d1e1ae9a325d84cef97b0fd9beffa9d4b3d783f00a4e38f6fce3a17114d3abb"",""quantization_stress_18q_l2:4dpu_t8"":""9d1e1ae9a325d84cef97b0fd9beffa9d4b3d783f00a4e38f6fce3a17114d3abb""}"
488,9,2.2410627747106324,1.0,7,0.5414741851996391,0.45232358896253566,0.006202225837825213,0.27073709259981954,0.27073709259981954,0.45232358896253566,0.006202225837825213,0.0,0.0,"{""edc_18q:1dpu_t8"":""cf23b184355b080f3bead1d9d754a3c2c295746793109413aedfff30da27b94e"",""edc_18q:4dpu_t8"":""cf23b184355b080f3bead1d9d754a3c2c295746793109413aedfff30da27b94e"",""ghz_chain_18q:1dpu_t8"":""9f9e62a16e205e4bd5eb1d1b8f62cade3177ef00fa9bd4dc15c899a41b00d3d0"",""ghz_chain_18q:4dpu_t8"":""9f9e62a16e205e4bd5eb1d1b8f62cade3177ef00fa9bd4dc15c899a41b00d3d0"",""hs_18q_d1:1dpu_t8"":""bf83ea123bc85b30f3c7f1f8a0de47c8366352fc37c099890eab75c8cba62cb8"",""hs_18q_d1:4dpu_t8"":""0f172b4535a71fb59dd5d4f406df828c33333cda1113d1c71db08b5d0e989d1e"",""quantization_stress_18q_l2:1dpu_t8"":""e56fd025e7fdf900c75302bb6e7212f78d89deef09b236732a001e9f5c5001c1"",""quantization_stress_18q_l2:4dpu_t8"":""e56fd025e7fdf900c75302bb6e7212f78d89deef09b236732a001e9f5c5001c1""}"
489,4,2.2333124228690995,1.0,7,0.22063680206282787,0.7768451800394555,0.002518017897716659,0.11031840103141394,0.11031840103141394,0.7768451800394555,0.002518017897716659,0.0,0.0,"{""edc_18q:1dpu_t8"":""cf23b184355b080f3bead1d9d754a3c2c295746793109413aedfff30da27b94e"",""edc_18q:4dpu_t8"":""cf23b184355b080f3bead1d9d754a3c2c295746793109413aedfff30da27b94e"",""ghz_chain_18q:1dpu_t8"":""9f9e62a16e205e4bd5eb1d1b8f62cade3177ef00fa9bd4dc15c899a41b00d3d0"",""ghz_chain_18q:4dpu_t8"":""9f9e62a16e205e4bd5eb1d1b8f62cade3177ef00fa9bd4dc15c899a41b00d3d0"",""hs_18q_d1:1dpu_t8"":""bf83ea123bc85b30f3c7f1f8a0de47c8366352fc37c099890eab75c8cba62cb8"",""hs_18q_d1:4dpu_t8"":""0f172b4535a71fb59dd5d4f406df828c33333cda1113d1c71db08b5d0e989d1e"",""quantization_stress_18q_l2:1dpu_t8"":""9d1e1ae9a325d84cef97b0fd9beffa9d4b3d783f00a4e38f6fce3a17114d3abb"",""quantization_stress_18q_l2:4dpu_t8"":""9d1e1ae9a325d84cef97b0fd9beffa9d4b3d783f00a4e38f6fce3a17114d3abb""}"
490,10,2.214135134491518,1.0,6,0.47630996810097936,0.518889877536195,0.004800154362825642,0.23815498405048968,0.23815498405048968,0.518889877536195,0.004800154362825642,0.0,0.0,"{""edc_18q:1dpu_t8"":""cf23b184355b080f3bead1d9d754a3c2c295746793109413aedfff30da27b94e"",""edc_18q:4dpu_t8"":""cf23b184355b080f3bead1d9d754a3c2c295746793109413aedfff30da27b94e"",""ghz_chain_18q:1dpu_t8"":""9f9e62a16e205e4bd5eb1d1b8f62cade3177ef00fa9bd4dc15c899a41b00d3d0"",""ghz_chain_18q:4dpu_t8"":""9f9e62a16e205e4bd5eb1d1b8f62cade3177ef00fa9bd4dc15c899a41b00d3d0"",""hs_18q_d1:1dpu_t8"":""bf83ea123bc85b30f3c7f1f8a0de47c8366352fc37c099890eab75c8cba62cb8"",""hs_18q_d1:4dpu_t8"":""bf83ea123bc85b30f3c7f1f8a0de47c8366352fc37c099890eab75c8cba62cb8"",""quantization_stress_18q_l2:1dpu_t8"":""e56fd025e7fdf900c75302bb6e7212f78d89deef09b236732a001e9f5c5001c1"",""quantization_stress_18q_l2:4dpu_t8"":""e56fd025e7fdf900c75302bb6e7212f78d89deef09b236732a001e9f5c5001c1""}"
491,5,2.243384113114124,1.0,6,0.024368166273412584,0.9754242110524387,0.00020762267414873057,0.012184083136706292,0.012184083136706292,0.9754242110524387,0.00020762267414873057,0.0,0.0,"{""edc_18q:1dpu_t8"":""cf23b184355b080f3bead1d9d754a3c2c295746793109413aedfff30da27b94e"",""edc_18q:4dpu_t8"":""cf23b184355b080f3bead1d9d754a3c2c295746793109413aedfff30da27b94e"",""ghz_chain_18q:1dpu_t8"":""9f9e62a16e205e4bd5eb1d1b8f62cade3177ef00fa9bd4dc15c899a41b00d3d0"",""ghz_chain_18q:4dpu_t8"":""9f9e62a16e205e4bd5eb1d1b8f62cade3177ef00fa9bd4dc15c899a41b00d3d0"",""hs_18q_d1:1dpu_t8"":""bf83ea123bc85b30f3c7f1f8a0de47c8366352fc37c099890eab75c8cba62cb8"",""hs_18q_d1:4dpu_t8"":""bf83ea123bc85b30f3c7f1f8a0de47c8366352fc37c099890eab75c8cba62cb8"",""quantization_stress_18q_l2:1dpu_t8"":""9d1e1ae9a325d84cef97b0fd9beffa9d4b3d783f00a4e38f6fce3a17114d3abb"",""quantization_stress_18q_l2:4dpu_t8"":""9d1e1ae9a325d84cef97b0fd9beffa9d4b3d783f00a4e38f6fce3a17114d3abb""}"
492,4,2.265974743497653,1.0,7,0.22063680206282787,0.7768451800394555,0.002518017897716659,0.11031840103141394,0.11031840103141394,0.7768451800394555,0.002518017897716659,0.0,0.0,"{""edc_18q:1dpu_t8"":""cf23b184355b080f3bead1d9d754a3c2c295746793109413aedfff30da27b94e"",""edc_18q:4dpu_t8"":""cf23b184355b080f3bead1d9d754a3c2c295746793109413aedfff30da27b94e"",""ghz_chain_18q:1dpu_t8"":""9f9e62a16e205e4bd5eb1d1b8f62cade3177ef00fa9bd4dc15c899a41b00d3d0"",""ghz_chain_18q:4dpu_t8"":""9f9e62a16e205e4bd5eb1d1b8f62cade3177ef00fa9bd4dc15c899a41b00d3d0"",""hs_18q_d1:1dpu_t8"":""bf83ea123bc85b30f3c7f1f8a0de47c8366352fc37c099890eab75c8cba62cb8"",""hs_18q_d1:4dpu_t8"":""0f172b4535a71fb59dd5d4f406df828c33333cda1113d1c71db08b5d0e989d1e"",""quantization_stress_18q_l2:1dpu_t8"":""9d1e1ae9a325d84cef97b0fd9beffa9d4b3d783f00a4e38f6fce3a17114d3abb"",""quantization_stress_18q_l2:4dpu_t8"":""9d1e1ae9a325d84cef97b0fd9beffa9d4b3d783f00a4e38f6fce3a17114d3abb""}"
493,5,2.2328010054951752,1.0,6,0.024368166273412584,0.9754242110524387,0.00020762267414873057,0.012184083136706292,0.012184083136706292,0.9754242110524387,0.00020762267414873057,0.0,0.0,"{""edc_18q:1dpu_t8"":""cf23b184355b080f3bead1d9d754a3c2c295746793109413aedfff30da27b94e"",""edc_18q:4dpu_t8"":""cf23b184355b080f3bead1d9d754a3c2c295746793109413aedfff30da27b94e"",""ghz_chain_18q:1dpu_t8"":""9f9e62a16e205e4bd5eb1d1b8f62cade3177ef00fa9bd4dc15c899a41b00d3d0"",""ghz_chain_18q:4dpu_t8"":""9f9e62a16e205e4bd5eb1d1b8f62cade3177ef00fa9bd4dc15c899a41b00d3d0"",""hs_18q_d1:1dpu_t8"":""bf83ea123bc85b30f3c7f1f8a0de47c8366352fc37c099890eab75c8cba62cb8"",""hs_18q_d1:4dpu_t8"":""bf83ea123bc85b30f3c7f1f8a0de47c8366352fc37c099890eab75c8cba62cb8"",""quantization_stress_18q_l2:1dpu_t8"":""9d1e1ae9a325d84cef97b0fd9beffa9d4b3d783f00a4e38f6fce3a17114d3abb"",""quantization_stress_18q_l2:4dpu_t8"":""9d1e1ae9a325d84cef97b0fd9beffa9d4b3d783f00a4e38f6fce3a17114d3abb""}"
494,4,2.242391374540002,1.0,7,0.22063680206282787,0.7768451800394555,0.002518017897716659,0.11031840103141394,0.11031840103141394,0.7768451800394555,0.002518017897716659,0.0,0.0,"{""edc_18q:1dpu_t8"":""cf23b184355b080f3bead1d9d754a3c2c295746793109413aedfff30da27b94e"",""edc_18q:4dpu_t8"":""cf23b184355b080f3bead1d9d754a3c2c295746793109413aedfff30da27b94e"",""ghz_chain_18q:1dpu_t8"":""9f9e62a16e205e4bd5eb1d1b8f62cade3177ef00fa9bd4dc15c899a41b00d3d0"",""ghz_chain_18q:4dpu_t8"":""9f9e62a16e205e4bd5eb1d1b8f62cade3177ef00fa9bd4dc15c899a41b00d3d0"",""hs_18q_d1:1dpu_t8"":""bf83ea123bc85b30f3c7f1f8a0de47c8366352fc37c099890eab75c8cba62cb8"",""hs_18q_d1:4dpu_t8"":""0f172b4535a71fb59dd5d4f406df828c33333cda1113d1c71db08b5d0e989d1e"",""quantization_stress_18q_l2:1dpu_t8"":""9d1e1ae9a325d84cef97b0fd9beffa9d4b3d783f00a4e38f6fce3a17114d3abb"",""quantization_stress_18q_l2:4dpu_t8"":""9d1e1ae9a325d84cef97b0fd9beffa9d4b3d783f00a4e38f6fce3a17114d3abb""}"
495,3,2.296985812961719,1.041845644222677,8,0.0,1.0,0.0,0.0,0.0,1.0,0.0,0.0,0.0,"{""edc_18q:1dpu_t8"":""cf23b184355b080f3bead1d9d754a3c2c295746793109413aedfff30da27b94e"",""edc_18q:4dpu_t8"":""cf23b184355b080f3bead1d9d754a3c2c295746793109413aedfff30da27b94e"",""ghz_chain_18q:1dpu_t8"":""9f9e62a16e205e4bd5eb1d1b8f62cade3177ef00fa9bd4dc15c899a41b00d3d0"",""ghz_chain_18q:4dpu_t8"":""9f9e62a16e205e4bd5eb1d1b8f62cade3177ef00fa9bd4dc15c899a41b00d3d0"",""hs_18q_d1:1dpu_t8"":""0f172b4535a71fb59dd5d4f406df828c33333cda1113d1c71db08b5d0e989d1e"",""hs_18q_d1:4dpu_t8"":""0f172b4535a71fb59dd5d4f406df828c33333cda1113d1c71db08b5d0e989d1e"",""quantization_stress_18q_l2:1dpu_t8"":""9d1e1ae9a325d84cef97b0fd9beffa9d4b3d783f00a4e38f6fce3a17114d3abb"",""quantization_stress_18q_l2:4dpu_t8"":""9d1e1ae9a325d84cef97b0fd9beffa9d4b3d783f00a4e38f6fce3a17114d3abb""}"
496,10,2.216731844001382,1.0,6,0.47630996810097936,0.518889877536195,0.004800154362825642,0.23815498405048968,0.23815498405048968,0.518889877536195,0.004800154362825642,0.0,0.0,"{""edc_18q:1dpu_t8"":""cf23b184355b080f3bead1d9d754a3c2c295746793109413aedfff30da27b94e"",""edc_18q:4dpu_t8"":""cf23b184355b080f3bead1d9d754a3c2c295746793109413aedfff30da27b94e"",""ghz_chain_18q:1dpu_t8"":""9f9e62a16e205e4bd5eb1d1b8f62cade3177ef00fa9bd4dc15c899a41b00d3d0"",""ghz_chain_18q:4dpu_t8"":""9f9e62a16e205e4bd5eb1d1b8f62cade3177ef00fa9bd4dc15c899a41b00d3d0"",""hs_18q_d1:1dpu_t8"":""bf83ea123bc85b30f3c7f1f8a0de47c8366352fc37c099890eab75c8cba62cb8"",""hs_18q_d1:4dpu_t8"":""bf83ea123bc85b30f3c7f1f8a0de47c8366352fc37c099890eab75c8cba62cb8"",""quantization_stress_18q_l2:1dpu_t8"":""e56fd025e7fdf900c75302bb6e7212f78d89deef09b236732a001e9f5c5001c1"",""quantization_stress_18q_l2:4dpu_t8"":""e56fd025e7fdf900c75302bb6e7212f78d89deef09b236732a001e9f5c5001c1""}"
497,5,2.257202550595175,1.0,6,0.024368166273412584,0.9754242110524387,0.00020762267414873057,0.012184083136706292,0.012184083136706292,0.9754242110524387,0.00020762267414873057,0.0,0.0,"{""edc_18q:1dpu_t8"":""cf23b184355b080f3bead1d9d754a3c2c295746793109413aedfff30da27b94e"",""edc_18q:4dpu_t8"":""cf23b184355b080f3bead1d9d754a3c2c295746793109413aedfff30da27b94e"",""ghz_chain_18q:1dpu_t8"":""9f9e62a16e205e4bd5eb1d1b8f62cade3177ef00fa9bd4dc15c899a41b00d3d0"",""ghz_chain_18q:4dpu_t8"":""9f9e62a16e205e4bd5eb1d1b8f62cade3177ef00fa9bd4dc15c899a41b00d3d0"",""hs_18q_d1:1dpu_t8"":""bf83ea123bc85b30f3c7f1f8a0de47c8366352fc37c099890eab75c8cba62cb8"",""hs_18q_d1:4dpu_t8"":""bf83ea123bc85b30f3c7f1f8a0de47c8366352fc37c099890eab75c8cba62cb8"",""quantization_stress_18q_l2:1dpu_t8"":""9d1e1ae9a325d84cef97b0fd9beffa9d4b3d783f00a4e38f6fce3a17114d3abb"",""quantization_stress_18q_l2:4dpu_t8"":""9d1e1ae9a325d84cef97b0fd9beffa9d4b3d783f00a4e38f6fce3a17114d3abb""}"
498,4,2.2531788001803723,1.0,7,0.22063680206282787,0.7768451800394555,0.002518017897716659,0.11031840103141394,0.11031840103141394,0.7768451800394555,0.002518017897716659,0.0,0.0,"{""edc_18q:1dpu_t8"":""cf23b184355b080f3bead1d9d754a3c2c295746793109413aedfff30da27b94e"",""edc_18q:4dpu_t8"":""cf23b184355b080f3bead1d9d754a3c2c295746793109413aedfff30da27b94e"",""ghz_chain_18q:1dpu_t8"":""9f9e62a16e205e4bd5eb1d1b8f62cade3177ef00fa9bd4dc15c899a41b00d3d0"",""ghz_chain_18q:4dpu_t8"":""9f9e62a16e205e4bd5eb1d1b8f62cade3177ef00fa9bd4dc15c899a41b00d3d0"",""hs_18q_d1:1dpu_t8"":""bf83ea123bc85b30f3c7f1f8a0de47c8366352fc37c099890eab75c8cba62cb8"",""hs_18q_d1:4dpu_t8"":""0f172b4535a71fb59dd5d4f406df828c33333cda1113d1c71db08b5d0e989d1e"",""quantization_stress_18q_l2:1dpu_t8"":""9d1e1ae9a325d84cef97b0fd9beffa9d4b3d783f00a4e38f6fce3a17114d3abb"",""quantization_stress_18q_l2:4dpu_t8"":""9d1e1ae9a325d84cef97b0fd9beffa9d4b3d783f00a4e38f6fce3a17114d3abb""}"
499,4,2.2409616612791887,1.0,7,0.22063680206282787,0.7768451800394555,0.002518017897716659,0.11031840103141394,0.11031840103141394,0.7768451800394555,0.002518017897716659,0.0,0.0,"{""edc_18q:1dpu_t8"":""cf23b184355b080f3bead1d9d754a3c2c295746793109413aedfff30da27b94e"",""edc_18q:4dpu_t8"":""cf23b184355b080f3bead1d9d754a3c2c295746793109413aedfff30da27b94e"",""ghz_chain_18q:1dpu_t8"":""9f9e62a16e205e4bd5eb1d1b8f62cade3177ef00fa9bd4dc15c899a41b00d3d0"",""ghz_chain_18q:4dpu_t8"":""9f9e62a16e205e4bd5eb1d1b8f62cade3177ef00fa9bd4dc15c899a41b00d3d0"",""hs_18q_d1:1dpu_t8"":""bf83ea123bc85b30f3c7f1f8a0de47c8366352fc37c099890eab75c8cba62cb8"",""hs_18q_d1:4dpu_t8"":""0f172b4535a71fb59dd5d4f406df828c33333cda1113d1c71db08b5d0e989d1e"",""quantization_stress_18q_l2:1dpu_t8"":""9d1e1ae9a325d84cef97b0fd9beffa9d4b3d783f00a4e38f6fce3a17114d3abb"",""quantization_stress_18q_l2:4dpu_t8"":""9d1e1ae9a325d84cef97b0fd9beffa9d4b3d783f00a4e38f6fce3a17114d3abb""}"
500,8,2.2689057009523617,1.0163179096347865,8,0.3715322706836804,0.40507521716230527,0.2233925121540143,0.1857661353418402,0.1857661353418402,0.40507521716230527,0.2233925121540143,0.0,0.0,"{""edc_18q:1dpu_t8"":""cf23b184355b080f3bead1d9d754a3c2c295746793109413aedfff30da27b94e"",""edc_18q:4dpu_t8"":""cf23b184355b080f3bead1d9d754a3c2c295746793109413aedfff30da27b94e"",""ghz_chain_18q:1dpu_t8"":""9f9e62a16e205e4bd5eb1d1b8f62cade3177ef00fa9bd4dc15c899a41b00d3d0"",""ghz_chain_18q:4dpu_t8"":""9f9e62a16e205e4bd5eb1d1b8f62cade3177ef00fa9bd4dc15c899a41b00d3d0"",""hs_18q_d1:1dpu_t8"":""0f172b4535a71fb59dd5d4f406df828c33333cda1113d1c71db08b5d0e989d1e"",""hs_18q_d1:4dpu_t8"":""0f172b4535a71fb59dd5d4f406df828c33333cda1113d1c71db08b5d0e989d1e"",""quantization_stress_18q_l2:1dpu_t8"":""e56fd025e7fdf900c75302bb6e7212f78d89deef09b236732a001e9f5c5001c1"",""quantization_stress_18q_l2:4dpu_t8"":""e56fd025e7fdf900c75302bb6e7212f78d89deef09b236732a001e9f5c5001c1""}"
501,9,2.2346405794997573,1.0,7,0.5414741851996391,0.45232358896253566,0.006202225837825213,0.27073709259981954,0.27073709259981954,0.45232358896253566,0.006202225837825213,0.0,0.0,"{""edc_18q:1dpu_t8"":""cf23b184355b080f3bead1d9d754a3c2c295746793109413aedfff30da27b94e"",""edc_18q:4dpu_t8"":""cf23b184355b080f3bead1d9d754a3c2c295746793109413aedfff30da27b94e"",""ghz_chain_18q:1dpu_t8"":""9f9e62a16e205e4bd5eb1d1b8f62cade3177ef00fa9bd4dc15c899a41b00d3d0"",""ghz_chain_18q:4dpu_t8"":""9f9e62a16e205e4bd5eb1d1b8f62cade3177ef00fa9bd4dc15c899a41b00d3d0"",""hs_18q_d1:1dpu_t8"":""bf83ea123bc85b30f3c7f1f8a0de47c8366352fc37c099890eab75c8cba62cb8"",""hs_18q_d1:4dpu_t8"":""0f172b4535a71fb59dd5d4f406df828c33333cda1113d1c71db08b5d0e989d1e"",""quantization_stress_18q_l2:1dpu_t8"":""e56fd025e7fdf900c75302bb6e7212f78d89deef09b236732a001e9f5c5001c1"",""quantization_stress_18q_l2:4dpu_t8"":""e56fd025e7fdf900c75302bb6e7212f78d89deef09b236732a001e9f5c5001c1""}"
502,5,2.2199289041701182,1.0,6,0.024368166273412584,0.9754242110524387,0.00020762267414873057,0.012184083136706292,0.012184083136706292,0.9754242110524387,0.00020762267414873057,0.0,0.0,"{""edc_18q:1dpu_t8"":""cf23b184355b080f3bead1d9d754a3c2c295746793109413aedfff30da27b94e"",""edc_18q:4dpu_t8"":""cf23b184355b080f3bead1d9d754a3c2c295746793109413aedfff30da27b94e"",""ghz_chain_18q:1dpu_t8"":""9f9e62a16e205e4bd5eb1d1b8f62cade3177ef00fa9bd4dc15c899a41b00d3d0"",""ghz_chain_18q:4dpu_t8"":""9f9e62a16e205e4bd5eb1d1b8f62cade3177ef00fa9bd4dc15c899a41b00d3d0"",""hs_18q_d1:1dpu_t8"":""bf83ea123bc85b30f3c7f1f8a0de47c8366352fc37c099890eab75c8cba62cb8"",""hs_18q_d1:4dpu_t8"":""bf83ea123bc85b30f3c7f1f8a0de47c8366352fc37c099890eab75c8cba62cb8"",""quantization_stress_18q_l2:1dpu_t8"":""9d1e1ae9a325d84cef97b0fd9beffa9d4b3d783f00a4e38f6fce3a17114d3abb"",""quantization_stress_18q_l2:4dpu_t8"":""9d1e1ae9a325d84cef97b0fd9beffa9d4b3d783f00a4e38f6fce3a17114d3abb""}"
503,3,2.27990198004415,1.041845644222677,8,0.0,1.0,0.0,0.0,0.0,1.0,0.0,0.0,0.0,"{""edc_18q:1dpu_t8"":""cf23b184355b080f3bead1d9d754a3c2c295746793109413aedfff30da27b94e"",""edc_18q:4dpu_t8"":""cf23b184355b080f3bead1d9d754a3c2c295746793109413aedfff30da27b94e"",""ghz_chain_18q:1dpu_t8"":""9f9e62a16e205e4bd5eb1d1b8f62cade3177ef00fa9bd4dc15c899a41b00d3d0"",""ghz_chain_18q:4dpu_t8"":""9f9e62a16e205e4bd5eb1d1b8f62cade3177ef00fa9bd4dc15c899a41b00d3d0"",""hs_18q_d1:1dpu_t8"":""0f172b4535a71fb59dd5d4f406df828c33333cda1113d1c71db08b5d0e989d1e"",""hs_18q_d1:4dpu_t8"":""0f172b4535a71fb59dd5d4f406df828c33333cda1113d1c71db08b5d0e989d1e"",""quantization_stress_18q_l2:1dpu_t8"":""9d1e1ae9a325d84cef97b0fd9beffa9d4b3d783f00a4e38f6fce3a17114d3abb"",""quantization_stress_18q_l2:4dpu_t8"":""9d1e1ae9a325d84cef97b0fd9beffa9d4b3d783f00a4e38f6fce3a17114d3abb""}"
504,5,2.2329503272248115,1.0,6,0.024368166273412584,0.9754242110524387,0.00020762267414873057,0.012184083136706292,0.012184083136706292,0.9754242110524387,0.00020762267414873057,0.0,0.0,"{""edc_18q:1dpu_t8"":""cf23b184355b080f3bead1d9d754a3c2c295746793109413aedfff30da27b94e"",""edc_18q:4dpu_t8"":""cf23b184355b080f3bead1d9d754a3c2c295746793109413aedfff30da27b94e"",""ghz_chain_18q:1dpu_t8"":""9f9e62a16e205e4bd5eb1d1b8f62cade3177ef00fa9bd4dc15c899a41b00d3d0"",""ghz_chain_18q:4dpu_t8"":""9f9e62a16e205e4bd5eb1d1b8f62cade3177ef00fa9bd4dc15c899a41b00d3d0"",""hs_18q_d1:1dpu_t8"":""bf83ea123bc85b30f3c7f1f8a0de47c8366352fc37c099890eab75c8cba62cb8"",""hs_18q_d1:4dpu_t8"":""bf83ea123bc85b30f3c7f1f8a0de47c8366352fc37c099890eab75c8cba62cb8"",""quantization_stress_18q_l2:1dpu_t8"":""9d1e1ae9a325d84cef97b0fd9beffa9d4b3d783f00a4e38f6fce3a17114d3abb"",""quantization_stress_18q_l2:4dpu_t8"":""9d1e1ae9a325d84cef97b0fd9beffa9d4b3d783f00a4e38f6fce3a17114d3abb""}"
505,4,2.2423993051006836,1.0,7,0.22063680206282787,0.7768451800394555,0.002518017897716659,0.11031840103141394,0.11031840103141394,0.7768451800394555,0.002518017897716659,0.0,0.0,"{""edc_18q:1dpu_t8"":""cf23b184355b080f3bead1d9d754a3c2c295746793109413aedfff30da27b94e"",""edc_18q:4dpu_t8"":""cf23b184355b080f3bead1d9d754a3c2c295746793109413aedfff30da27b94e"",""ghz_chain_18q:1dpu_t8"":""9f9e62a16e205e4bd5eb1d1b8f62cade3177ef00fa9bd4dc15c899a41b00d3d0"",""ghz_chain_18q:4dpu_t8"":""9f9e62a16e205e4bd5eb1d1b8f62cade3177ef00fa9bd4dc15c899a41b00d3d0"",""hs_18q_d1:1dpu_t8"":""bf83ea123bc85b30f3c7f1f8a0de47c8366352fc37c099890eab75c8cba62cb8"",""hs_18q_d1:4dpu_t8"":""0f172b4535a71fb59dd5d4f406df828c33333cda1113d1c71db08b5d0e989d1e"",""quantization_stress_18q_l2:1dpu_t8"":""9d1e1ae9a325d84cef97b0fd9beffa9d4b3d783f00a4e38f6fce3a17114d3abb"",""quantization_stress_18q_l2:4dpu_t8"":""9d1e1ae9a325d84cef97b0fd9beffa9d4b3d783f00a4e38f6fce3a17114d3abb""}"
506,5,2.2389208698684344,1.0,6,0.024368166273412584,0.9754242110524387,0.00020762267414873057,0.012184083136706292,0.012184083136706292,0.9754242110524387,0.00020762267414873057,0.0,0.0,"{""edc_18q:1dpu_t8"":""cf23b184355b080f3bead1d9d754a3c2c295746793109413aedfff30da27b94e"",""edc_18q:4dpu_t8"":""cf23b184355b080f3bead1d9d754a3c2c295746793109413aedfff30da27b94e"",""ghz_chain_18q:1dpu_t8"":""9f9e62a16e205e4bd5eb1d1b8f62cade3177ef00fa9bd4dc15c899a41b00d3d0"",""ghz_chain_18q:4dpu_t8"":""9f9e62a16e205e4bd5eb1d1b8f62cade3177ef00fa9bd4dc15c899a41b00d3d0"",""hs_18q_d1:1dpu_t8"":""bf83ea123bc85b30f3c7f1f8a0de47c8366352fc37c099890eab75c8cba62cb8"",""hs_18q_d1:4dpu_t8"":""bf83ea123bc85b30f3c7f1f8a0de47c8366352fc37c099890eab75c8cba62cb8"",""quantization_stress_18q_l2:1dpu_t8"":""9d1e1ae9a325d84cef97b0fd9beffa9d4b3d783f00a4e38f6fce3a17114d3abb"",""quantization_stress_18q_l2:4dpu_t8"":""9d1e1ae9a325d84cef97b0fd9beffa9d4b3d783f00a4e38f6fce3a17114d3abb""}"
507,4,2.2658224344875717,1.0,7,0.22063680206282787,0.7768451800394555,0.002518017897716659,0.11031840103141394,0.11031840103141394,0.7768451800394555,0.002518017897716659,0.0,0.0,"{""edc_18q:1dpu_t8"":""cf23b184355b080f3bead1d9d754a3c2c295746793109413aedfff30da27b94e"",""edc_18q:4dpu_t8"":""cf23b184355b080f3bead1d9d754a3c2c295746793109413aedfff30da27b94e"",""ghz_chain_18q:1dpu_t8"":""9f9e62a16e205e4bd5eb1d1b8f62cade3177ef00fa9bd4dc15c899a41b00d3d0"",""ghz_chain_18q:4dpu_t8"":""9f9e62a16e205e4bd5eb1d1b8f62cade3177ef00fa9bd4dc15c899a41b00d3d0"",""hs_18q_d1:1dpu_t8"":""bf83ea123bc85b30f3c7f1f8a0de47c8366352fc37c099890eab75c8cba62cb8"",""hs_18q_d1:4dpu_t8"":""0f172b4535a71fb59dd5d4f406df828c33333cda1113d1c71db08b5d0e989d1e"",""quantization_stress_18q_l2:1dpu_t8"":""9d1e1ae9a325d84cef97b0fd9beffa9d4b3d783f00a4e38f6fce3a17114d3abb"",""quantization_stress_18q_l2:4dpu_t8"":""9d1e1ae9a325d84cef97b0fd9beffa9d4b3d783f00a4e38f6fce3a17114d3abb""}"
508,5,2.225336797587033,1.0,6,0.024368166273412584,0.9754242110524387,0.00020762267414873057,0.012184083136706292,0.012184083136706292,0.9754242110524387,0.00020762267414873057,0.0,0.0,"{""edc_18q:1dpu_t8"":""cf23b184355b080f3bead1d9d754a3c2c295746793109413aedfff30da27b94e"",""edc_18q:4dpu_t8"":""cf23b184355b080f3bead1d9d754a3c2c295746793109413aedfff30da27b94e"",""ghz_chain_18q:1dpu_t8"":""9f9e62a16e205e4bd5eb1d1b8f62cade3177ef00fa9bd4dc15c899a41b00d3d0"",""ghz_chain_18q:4dpu_t8"":""9f9e62a16e205e4bd5eb1d1b8f62cade3177ef00fa9bd4dc15c899a41b00d3d0"",""hs_18q_d1:1dpu_t8"":""bf83ea123bc85b30f3c7f1f8a0de47c8366352fc37c099890eab75c8cba62cb8"",""hs_18q_d1:4dpu_t8"":""bf83ea123bc85b30f3c7f1f8a0de47c8366352fc37c099890eab75c8cba62cb8"",""quantization_stress_18q_l2:1dpu_t8"":""9d1e1ae9a325d84cef97b0fd9beffa9d4b3d783f00a4e38f6fce3a17114d3abb"",""quantization_stress_18q_l2:4dpu_t8"":""9d1e1ae9a325d84cef97b0fd9beffa9d4b3d783f00a4e38f6fce3a17114d3abb""}"
509,10,2.2223634165940256,1.0,6,0.47630996810097936,0.518889877536195,0.004800154362825642,0.23815498405048968,0.23815498405048968,0.518889877536195,0.004800154362825642,0.0,0.0,"{""edc_18q:1dpu_t8"":""cf23b184355b080f3bead1d9d754a3c2c295746793109413aedfff30da27b94e"",""edc_18q:4dpu_t8"":""cf23b184355b080f3bead1d9d754a3c2c295746793109413aedfff30da27b94e"",""ghz_chain_18q:1dpu_t8"":""9f9e62a16e205e4bd5eb1d1b8f62cade3177ef00fa9bd4dc15c899a41b00d3d0"",""ghz_chain_18q:4dpu_t8"":""9f9e62a16e205e4bd5eb1d1b8f62cade3177ef00fa9bd4dc15c899a41b00d3d0"",""hs_18q_d1:1dpu_t8"":""bf83ea123bc85b30f3c7f1f8a0de47c8366352fc37c099890eab75c8cba62cb8"",""hs_18q_d1:4dpu_t8"":""bf83ea123bc85b30f3c7f1f8a0de47c8366352fc37c099890eab75c8cba62cb8"",""quantization_stress_18q_l2:1dpu_t8"":""e56fd025e7fdf900c75302bb6e7212f78d89deef09b236732a001e9f5c5001c1"",""quantization_stress_18q_l2:4dpu_t8"":""e56fd025e7fdf900c75302bb6e7212f78d89deef09b236732a001e9f5c5001c1""}"
510,3,2.2999550171077883,1.041845644222677,8,0.0,1.0,0.0,0.0,0.0,1.0,0.0,0.0,0.0,"{""edc_18q:1dpu_t8"":""cf23b184355b080f3bead1d9d754a3c2c295746793109413aedfff30da27b94e"",""edc_18q:4dpu_t8"":""cf23b184355b080f3bead1d9d754a3c2c295746793109413aedfff30da27b94e"",""ghz_chain_18q:1dpu_t8"":""9f9e62a16e205e4bd5eb1d1b8f62cade3177ef00fa9bd4dc15c899a41b00d3d0"",""ghz_chain_18q:4dpu_t8"":""9f9e62a16e205e4bd5eb1d1b8f62cade3177ef00fa9bd4dc15c899a41b00d3d0"",""hs_18q_d1:1dpu_t8"":""0f172b4535a71fb59dd5d4f406df828c33333cda1113d1c71db08b5d0e989d1e"",""hs_18q_d1:4dpu_t8"":""0f172b4535a71fb59dd5d4f406df828c33333cda1113d1c71db08b5d0e989d1e"",""quantization_stress_18q_l2:1dpu_t8"":""9d1e1ae9a325d84cef97b0fd9beffa9d4b3d783f00a4e38f6fce3a17114d3abb"",""quantization_stress_18q_l2:4dpu_t8"":""9d1e1ae9a325d84cef97b0fd9beffa9d4b3d783f00a4e38f6fce3a17114d3abb""}"
511,5,2.2365231087351813,1.0,6,0.024368166273412584,0.9754242110524387,0.00020762267414873057,0.012184083136706292,0.012184083136706292,0.9754242110524387,0.00020762267414873057,0.0,0.0,"{""edc_18q:1dpu_t8"":""cf23b184355b080f3bead1d9d754a3c2c295746793109413aedfff30da27b94e"",""edc_18q:4dpu_t8"":""cf23b184355b080f3bead1d9d754a3c2c295746793109413aedfff30da27b94e"",""ghz_chain_18q:1dpu_t8"":""9f9e62a16e205e4bd5eb1d1b8f62cade3177ef00fa9bd4dc15c899a41b00d3d0"",""ghz_chain_18q:4dpu_t8"":""9f9e62a16e205e4bd5eb1d1b8f62cade3177ef00fa9bd4dc15c899a41b00d3d0"",""hs_18q_d1:1dpu_t8"":""bf83ea123bc85b30f3c7f1f8a0de47c8366352fc37c099890eab75c8cba62cb8"",""hs_18q_d1:4dpu_t8"":""bf83ea123bc85b30f3c7f1f8a0de47c8366352fc37c099890eab75c8cba62cb8"",""quantization_stress_18q_l2:1dpu_t8"":""9d1e1ae9a325d84cef97b0fd9beffa9d4b3d783f00a4e38f6fce3a17114d3abb"",""quantization_stress_18q_l2:4dpu_t8"":""9d1e1ae9a325d84cef97b0fd9beffa9d4b3d783f00a4e38f6fce3a17114d3abb""}"
512,4,2.2465804199943684,1.0,7,0.22063680206282787,0.7768451800394555,0.002518017897716659,0.11031840103141394,0.11031840103141394,0.7768451800394555,0.002518017897716659,0.0,0.0,"{""edc_18q:1dpu_t8"":""cf23b184355b080f3bead1d9d754a3c2c295746793109413aedfff30da27b94e"",""edc_18q:4dpu_t8"":""cf23b184355b080f3bead1d9d754a3c2c295746793109413aedfff30da27b94e"",""ghz_chain_18q:1dpu_t8"":""9f9e62a16e205e4bd5eb1d1b8f62cade3177ef00fa9bd4dc15c899a41b00d3d0"",""ghz_chain_18q:4dpu_t8"":""9f9e62a16e205e4bd5eb1d1b8f62cade3177ef00fa9bd4dc15c899a41b00d3d0"",""hs_18q_d1:1dpu_t8"":""bf83ea123bc85b30f3c7f1f8a0de47c8366352fc37c099890eab75c8cba62cb8"",""hs_18q_d1:4dpu_t8"":""0f172b4535a71fb59dd5d4f406df828c33333cda1113d1c71db08b5d0e989d1e"",""quantization_stress_18q_l2:1dpu_t8"":""9d1e1ae9a325d84cef97b0fd9beffa9d4b3d783f00a4e38f6fce3a17114d3abb"",""quantization_stress_18q_l2:4dpu_t8"":""9d1e1ae9a325d84cef97b0fd9beffa9d4b3d783f00a4e38f6fce3a17114d3abb""}"
513,3,2.277020922377514,0.997529052435953,7,0.0,1.0,0.0,0.0,0.0,1.0,0.0,0.0,0.0,"{""edc_18q:1dpu_t8"":""cf23b184355b080f3bead1d9d754a3c2c295746793109413aedfff30da27b94e"",""edc_18q:4dpu_t8"":""cf23b184355b080f3bead1d9d754a3c2c295746793109413aedfff30da27b94e"",""ghz_chain_18q:1dpu_t8"":""9f9e62a16e205e4bd5eb1d1b8f62cade3177ef00fa9bd4dc15c899a41b00d3d0"",""ghz_chain_18q:4dpu_t8"":""9f9e62a16e205e4bd5eb1d1b8f62cade3177ef00fa9bd4dc15c899a41b00d3d0"",""hs_18q_d1:1dpu_t8"":""0f172b4535a71fb59dd5d4f406df828c33333cda1113d1c71db08b5d0e989d1e"",""hs_18q_d1:4dpu_t8"":""0f172b4535a71fb59dd5d4f406df828c33333cda1113d1c71db08b5d0e989d1e"",""quantization_stress_18q_l2:1dpu_t8"":""9d1e1ae9a325d84cef97b0fd9beffa9d4b3d783f00a4e38f6fce3a17114d3abb"",""quantization_stress_18q_l2:4dpu_t8"":""9d1e1ae9a325d84cef97b0fd9beffa9d4b3d783f00a4e38f6fce3a17114d3abb""}"
514,3,2.2856827956723627,1.0163179096347865,8,0.0,1.0,0.0,0.0,0.0,1.0,0.0,0.0,0.0,"{""edc_18q:1dpu_t8"":""cf23b184355b080f3bead1d9d754a3c2c295746793109413aedfff30da27b94e"",""edc_18q:4dpu_t8"":""cf23b184355b080f3bead1d9d754a3c2c295746793109413aedfff30da27b94e"",""ghz_chain_18q:1dpu_t8"":""9f9e62a16e205e4bd5eb1d1b8f62cade3177ef00fa9bd4dc15c899a41b00d3d0"",""ghz_chain_18q:4dpu_t8"":""9f9e62a16e205e4bd5eb1d1b8f62cade3177ef00fa9bd4dc15c899a41b00d3d0"",""hs_18q_d1:1dpu_t8"":""0f172b4535a71fb59dd5d4f406df828c33333cda1113d1c71db08b5d0e989d1e"",""hs_18q_d1:4dpu_t8"":""0f172b4535a71fb59dd5d4f406df828c33333cda1113d1c71db08b5d0e989d1e"",""quantization_stress_18q_l2:1dpu_t8"":""9d1e1ae9a325d84cef97b0fd9beffa9d4b3d783f00a4e38f6fce3a17114d3abb"",""quantization_stress_18q_l2:4dpu_t8"":""9d1e1ae9a325d84cef97b0fd9beffa9d4b3d783f00a4e38f6fce3a17114d3abb""}"
515,5,2.227799685829809,1.0,6,0.024368166273412584,0.9754242110524387,0.00020762267414873057,0.012184083136706292,0.012184083136706292,0.9754242110524387,0.00020762267414873057,0.0,0.0,"{""edc_18q:1dpu_t8"":""cf23b184355b080f3bead1d9d754a3c2c295746793109413aedfff30da27b94e"",""edc_18q:4dpu_t8"":""cf23b184355b080f3bead1d9d754a3c2c295746793109413aedfff30da27b94e"",""ghz_chain_18q:1dpu_t8"":""9f9e62a16e205e4bd5eb1d1b8f62cade3177ef00fa9bd4dc15c899a41b00d3d0"",""ghz_chain_18q:4dpu_t8"":""9f9e62a16e205e4bd5eb1d1b8f62cade3177ef00fa9bd4dc15c899a41b00d3d0"",""hs_18q_d1:1dpu_t8"":""bf83ea123bc85b30f3c7f1f8a0de47c8366352fc37c099890eab75c8cba62cb8"",""hs_18q_d1:4dpu_t8"":""bf83ea123bc85b30f3c7f1f8a0de47c8366352fc37c099890eab75c8cba62cb8"",""quantization_stress_18q_l2:1dpu_t8"":""9d1e1ae9a325d84cef97b0fd9beffa9d4b3d783f00a4e38f6fce3a17114d3abb"",""quantization_stress_18q_l2:4dpu_t8"":""9d1e1ae9a325d84cef97b0fd9beffa9d4b3d783f00a4e38f6fce3a17114d3abb""}"
516,5,2.244714607451862,1.0,6,0.024368166273412584,0.9754242110524387,0.00020762267414873057,0.012184083136706292,0.012184083136706292,0.9754242110524387,0.00020762267414873057,0.0,0.0,"{""edc_18q:1dpu_t8"":""cf23b184355b080f3bead1d9d754a3c2c295746793109413aedfff30da27b94e"",""edc_18q:4dpu_t8"":""cf23b184355b080f3bead1d9d754a3c2c295746793109413aedfff30da27b94e"",""ghz_chain_18q:1dpu_t8"":""9f9e62a16e205e4bd5eb1d1b8f62cade3177ef00fa9bd4dc15c899a41b00d3d0"",""ghz_chain_18q:4dpu_t8"":""9f9e62a16e205e4bd5eb1d1b8f62cade3177ef00fa9bd4dc15c899a41b00d3d0"",""hs_18q_d1:1dpu_t8"":""bf83ea123bc85b30f3c7f1f8a0de47c8366352fc37c099890eab75c8cba62cb8"",""hs_18q_d1:4dpu_t8"":""bf83ea123bc85b30f3c7f1f8a0de47c8366352fc37c099890eab75c8cba62cb8"",""quantization_stress_18q_l2:1dpu_t8"":""9d1e1ae9a325d84cef97b0fd9beffa9d4b3d783f00a4e38f6fce3a17114d3abb"",""quantization_stress_18q_l2:4dpu_t8"":""9d1e1ae9a325d84cef97b0fd9beffa9d4b3d783f00a4e38f6fce3a17114d3abb""}"
517,4,2.2343687734311493,1.0,7,0.22063680206282787,0.7768451800394555,0.002518017897716659,0.11031840103141394,0.11031840103141394,0.7768451800394555,0.002518017897716659,0.0,0.0,"{""edc_18q:1dpu_t8"":""cf23b184355b080f3bead1d9d754a3c2c295746793109413aedfff30da27b94e"",""edc_18q:4dpu_t8"":""cf23b184355b080f3bead1d9d754a3c2c295746793109413aedfff30da27b94e"",""ghz_chain_18q:1dpu_t8"":""9f9e62a16e205e4bd5eb1d1b8f62cade3177ef00fa9bd4dc15c899a41b00d3d0"",""ghz_chain_18q:4dpu_t8"":""9f9e62a16e205e4bd5eb1d1b8f62cade3177ef00fa9bd4dc15c899a41b00d3d0"",""hs_18q_d1:1dpu_t8"":""bf83ea123bc85b30f3c7f1f8a0de47c8366352fc37c099890eab75c8cba62cb8"",""hs_18q_d1:4dpu_t8"":""0f172b4535a71fb59dd5d4f406df828c33333cda1113d1c71db08b5d0e989d1e"",""quantization_stress_18q_l2:1dpu_t8"":""9d1e1ae9a325d84cef97b0fd9beffa9d4b3d783f00a4e38f6fce3a17114d3abb"",""quantization_stress_18q_l2:4dpu_t8"":""9d1e1ae9a325d84cef97b0fd9beffa9d4b3d783f00a4e38f6fce3a17114d3abb""}"
518,3,2.264199256847839,1.0163179096347865,8,0.0,1.0,0.0,0.0,0.0,1.0,0.0,0.0,0.0,"{""edc_18q:1dpu_t8"":""cf23b184355b080f3bead1d9d754a3c2c295746793109413aedfff30da27b94e"",""edc_18q:4dpu_t8"":""cf23b184355b080f3bead1d9d754a3c2c295746793109413aedfff30da27b94e"",""ghz_chain_18q:1dpu_t8"":""9f9e62a16e205e4bd5eb1d1b8f62cade3177ef00fa9bd4dc15c899a41b00d3d0"",""ghz_chain_18q:4dpu_t8"":""9f9e62a16e205e4bd5eb1d1b8f62cade3177ef00fa9bd4dc15c899a41b00d3d0"",""hs_18q_d1:1dpu_t8"":""0f172b4535a71fb59dd5d4f406df828c33333cda1113d1c71db08b5d0e989d1e"",""hs_18q_d1:4dpu_t8"":""0f172b4535a71fb59dd5d4f406df828c33333cda1113d1c71db08b5d0e989d1e"",""quantization_stress_18q_l2:1dpu_t8"":""9d1e1ae9a325d84cef97b0fd9beffa9d4b3d783f00a4e38f6fce3a17114d3abb"",""quantization_stress_18q_l2:4dpu_t8"":""9d1e1ae9a325d84cef97b0fd9beffa9d4b3d783f00a4e38f6fce3a17114d3abb""}"
519,9,2.2484877146454934,1.0,7,0.5414741851996391,0.45232358896253566,0.006202225837825213,0.27073709259981954,0.27073709259981954,0.45232358896253566,0.006202225837825213,0.0,0.0,"{""edc_18q:1dpu_t8"":""cf23b184355b080f3bead1d9d754a3c2c295746793109413aedfff30da27b94e"",""edc_18q:4dpu_t8"":""cf23b184355b080f3bead1d9d754a3c2c295746793109413aedfff30da27b94e"",""ghz_chain_18q:1dpu_t8"":""9f9e62a16e205e4bd5eb1d1b8f62cade3177ef00fa9bd4dc15c899a41b00d3d0"",""ghz_chain_18q:4dpu_t8"":""9f9e62a16e205e4bd5eb1d1b8f62cade3177ef00fa9bd4dc15c899a41b00d3d0"",""hs_18q_d1:1dpu_t8"":""bf83ea123bc85b30f3c7f1f8a0de47c8366352fc37c099890eab75c8cba62cb8"",""hs_18q_d1:4dpu_t8"":""0f172b4535a71fb59dd5d4f406df828c33333cda1113d1c71db08b5d0e989d1e"",""quantization_stress_18q_l2:1dpu_t8"":""e56fd025e7fdf900c75302bb6e7212f78d89deef09b236732a001e9f5c5001c1"",""quantization_stress_18q_l2:4dpu_t8"":""e56fd025e7fdf900c75302bb6e7212f78d89deef09b236732a001e9f5c5001c1""}"
520,10,2.2341859012052003,1.0,6,0.47630996810097936,0.518889877536195,0.004800154362825642,0.23815498405048968,0.23815498405048968,0.518889877536195,0.004800154362825642,0.0,0.0,"{""edc_18q:1dpu_t8"":""cf23b184355b080f3bead1d9d754a3c2c295746793109413aedfff30da27b94e"",""edc_18q:4dpu_t8"":""cf23b184355b080f3bead1d9d754a3c2c295746793109413aedfff30da27b94e"",""ghz_chain_18q:1dpu_t8"":""9f9e62a16e205e4bd5eb1d1b8f62cade3177ef00fa9bd4dc15c899a41b00d3d0"",""ghz_chain_18q:4dpu_t8"":""9f9e62a16e205e4bd5eb1d1b8f62cade3177ef00fa9bd4dc15c899a41b00d3d0"",""hs_18q_d1:1dpu_t8"":""bf83ea123bc85b30f3c7f1f8a0de47c8366352fc37c099890eab75c8cba62cb8"",""hs_18q_d1:4dpu_t8"":""bf83ea123bc85b30f3c7f1f8a0de47c8366352fc37c099890eab75c8cba62cb8"",""quantization_stress_18q_l2:1dpu_t8"":""e56fd025e7fdf900c75302bb6e7212f78d89deef09b236732a001e9f5c5001c1"",""quantization_stress_18q_l2:4dpu_t8"":""e56fd025e7fdf900c75302bb6e7212f78d89deef09b236732a001e9f5c5001c1""}"
521,10,2.2471205820143276,1.0,6,0.47630996810097936,0.518889877536195,0.004800154362825642,0.23815498405048968,0.23815498405048968,0.518889877536195,0.004800154362825642,0.0,0.0,"{""edc_18q:1dpu_t8"":""cf23b184355b080f3bead1d9d754a3c2c295746793109413aedfff30da27b94e"",""edc_18q:4dpu_t8"":""cf23b184355b080f3bead1d9d754a3c2c295746793109413aedfff30da27b94e"",""ghz_chain_18q:1dpu_t8"":""9f9e62a16e205e4bd5eb1d1b8f62cade3177ef00fa9bd4dc15c899a41b00d3d0"",""ghz_chain_18q:4dpu_t8"":""9f9e62a16e205e4bd5eb1d1b8f62cade3177ef00fa9bd4dc15c899a41b00d3d0"",""hs_18q_d1:1dpu_t8"":""bf83ea123bc85b30f3c7f1f8a0de47c8366352fc37c099890eab75c8cba62cb8"",""hs_18q_d1:4dpu_t8"":""bf83ea123bc85b30f3c7f1f8a0de47c8366352fc37c099890eab75c8cba62cb8"",""quantization_stress_18q_l2:1dpu_t8"":""e56fd025e7fdf900c75302bb6e7212f78d89deef09b236732a001e9f5c5001c1"",""quantization_stress_18q_l2:4dpu_t8"":""e56fd025e7fdf900c75302bb6e7212f78d89deef09b236732a001e9f5c5001c1""}"
522,4,2.2334955923062565,1.0,7,0.22063680206282787,0.7768451800394555,0.002518017897716659,0.11031840103141394,0.11031840103141394,0.7768451800394555,0.002518017897716659,0.0,0.0,"{""edc_18q:1dpu_t8"":""cf23b184355b080f3bead1d9d754a3c2c295746793109413aedfff30da27b94e"",""edc_18q:4dpu_t8"":""cf23b184355b080f3bead1d9d754a3c2c295746793109413aedfff30da27b94e"",""ghz_chain_18q:1dpu_t8"":""9f9e62a16e205e4bd5eb1d1b8f62cade3177ef00fa9bd4dc15c899a41b00d3d0"",""ghz_chain_18q:4dpu_t8"":""9f9e62a16e205e4bd5eb1d1b8f62cade3177ef00fa9bd4dc15c899a41b00d3d0"",""hs_18q_d1:1dpu_t8"":""bf83ea123bc85b30f3c7f1f8a0de47c8366352fc37c099890eab75c8cba62cb8"",""hs_18q_d1:4dpu_t8"":""0f172b4535a71fb59dd5d4f406df828c33333cda1113d1c71db08b5d0e989d1e"",""quantization_stress_18q_l2:1dpu_t8"":""9d1e1ae9a325d84cef97b0fd9beffa9d4b3d783f00a4e38f6fce3a17114d3abb"",""quantization_stress_18q_l2:4dpu_t8"":""9d1e1ae9a325d84cef97b0fd9beffa9d4b3d783f00a4e38f6fce3a17114d3abb""}"
523,9,2.221003224106601,1.0,7,0.5414741851996391,0.45232358896253566,0.006202225837825213,0.27073709259981954,0.27073709259981954,0.45232358896253566,0.006202225837825213,0.0,0.0,"{""edc_18q:1dpu_t8"":""cf23b184355b080f3bead1d9d754a3c2c295746793109413aedfff30da27b94e"",""edc_18q:4dpu_t8"":""cf23b184355b080f3bead1d9d754a3c2c295746793109413aedfff30da27b94e"",""ghz_chain_18q:1dpu_t8"":""9f9e62a16e205e4bd5eb1d1b8f62cade3177ef00fa9bd4dc15c899a41b00d3d0"",""ghz_chain_18q:4dpu_t8"":""9f9e62a16e205e4bd5eb1d1b8f62cade3177ef00fa9bd4dc15c899a41b00d3d0"",""hs_18q_d1:1dpu_t8"":""bf83ea123bc85b30f3c7f1f8a0de47c8366352fc37c099890eab75c8cba62cb8"",""hs_18q_d1:4dpu_t8"":""0f172b4535a71fb59dd5d4f406df828c33333cda1113d1c71db08b5d0e989d1e"",""quantization_stress_18q_l2:1dpu_t8"":""e56fd025e7fdf900c75302bb6e7212f78d89deef09b236732a001e9f5c5001c1"",""quantization_stress_18q_l2:4dpu_t8"":""e56fd025e7fdf900c75302bb6e7212f78d89deef09b236732a001e9f5c5001c1""}"
524,5,2.238122149371021,1.0,6,0.024368166273412584,0.9754242110524387,0.00020762267414873057,0.012184083136706292,0.012184083136706292,0.9754242110524387,0.00020762267414873057,0.0,0.0,"{""edc_18q:1dpu_t8"":""cf23b184355b080f3bead1d9d754a3c2c295746793109413aedfff30da27b94e"",""edc_18q:4dpu_t8"":""cf23b184355b080f3bead1d9d754a3c2c295746793109413aedfff30da27b94e"",""ghz_chain_18q:1dpu_t8"":""9f9e62a16e205e4bd5eb1d1b8f62cade3177ef00fa9bd4dc15c899a41b00d3d0"",""ghz_chain_18q:4dpu_t8"":""9f9e62a16e205e4bd5eb1d1b8f62cade3177ef00fa9bd4dc15c899a41b00d3d0"",""hs_18q_d1:1dpu_t8"":""bf83ea123bc85b30f3c7f1f8a0de47c8366352fc37c099890eab75c8cba62cb8"",""hs_18q_d1:4dpu_t8"":""bf83ea123bc85b30f3c7f1f8a0de47c8366352fc37c099890eab75c8cba62cb8"",""quantization_stress_18q_l2:1dpu_t8"":""9d1e1ae9a325d84cef97b0fd9beffa9d4b3d783f00a4e38f6fce3a17114d3abb"",""quantization_stress_18q_l2:4dpu_t8"":""9d1e1ae9a325d84cef97b0fd9beffa9d4b3d783f00a4e38f6fce3a17114d3abb""}"
525,4,2.2484808087935906,1.0,7,0.22063680206282787,0.7768451800394555,0.002518017897716659,0.11031840103141394,0.11031840103141394,0.7768451800394555,0.002518017897716659,0.0,0.0,"{""edc_18q:1dpu_t8"":""cf23b184355b080f3bead1d9d754a3c2c295746793109413aedfff30da27b94e"",""edc_18q:4dpu_t8"":""cf23b184355b080f3bead1d9d754a3c2c295746793109413aedfff30da27b94e"",""ghz_chain_18q:1dpu_t8"":""9f9e62a16e205e4bd5eb1d1b8f62cade3177ef00fa9bd4dc15c899a41b00d3d0"",""ghz_chain_18q:4dpu_t8"":""9f9e62a16e205e4bd5eb1d1b8f62cade3177ef00fa9bd4dc15c899a41b00d3d0"",""hs_18q_d1:1dpu_t8"":""bf83ea123bc85b30f3c7f1f8a0de47c8366352fc37c099890eab75c8cba62cb8"",""hs_18q_d1:4dpu_t8"":""0f172b4535a71fb59dd5d4f406df828c33333cda1113d1c71db08b5d0e989d1e"",""quantization_stress_18q_l2:1dpu_t8"":""9d1e1ae9a325d84cef97b0fd9beffa9d4b3d783f00a4e38f6fce3a17114d3abb"",""quantization_stress_18q_l2:4dpu_t8"":""9d1e1ae9a325d84cef97b0fd9beffa9d4b3d783f00a4e38f6fce3a17114d3abb""}"
526,5,2.2259645763419598,1.0,6,0.024368166273412584,0.9754242110524387,0.00020762267414873057,0.012184083136706292,0.012184083136706292,0.9754242110524387,0.00020762267414873057,0.0,0.0,"{""edc_18q:1dpu_t8"":""cf23b184355b080f3bead1d9d754a3c2c295746793109413aedfff30da27b94e"",""edc_18q:4dpu_t8"":""cf23b184355b080f3bead1d9d754a3c2c295746793109413aedfff30da27b94e"",""ghz_chain_18q:1dpu_t8"":""9f9e62a16e205e4bd5eb1d1b8f62cade3177ef00fa9bd4dc15c899a41b00d3d0"",""ghz_chain_18q:4dpu_t8"":""9f9e62a16e205e4bd5eb1d1b8f62cade3177ef00fa9bd4dc15c899a41b00d3d0"",""hs_18q_d1:1dpu_t8"":""bf83ea123bc85b30f3c7f1f8a0de47c8366352fc37c099890eab75c8cba62cb8"",""hs_18q_d1:4dpu_t8"":""bf83ea123bc85b30f3c7f1f8a0de47c8366352fc37c099890eab75c8cba62cb8"",""quantization_stress_18q_l2:1dpu_t8"":""9d1e1ae9a325d84cef97b0fd9beffa9d4b3d783f00a4e38f6fce3a17114d3abb"",""quantization_stress_18q_l2:4dpu_t8"":""9d1e1ae9a325d84cef97b0fd9beffa9d4b3d783f00a4e38f6fce3a17114d3abb""}"
527,8,2.264358407165609,1.041845644222677,8,0.3715322706836804,0.40507521716230527,0.2233925121540143,0.1857661353418402,0.1857661353418402,0.40507521716230527,0.2233925121540143,0.0,0.0,"{""edc_18q:1dpu_t8"":""cf23b184355b080f3bead1d9d754a3c2c295746793109413aedfff30da27b94e"",""edc_18q:4dpu_t8"":""cf23b184355b080f3bead1d9d754a3c2c295746793109413aedfff30da27b94e"",""ghz_chain_18q:1dpu_t8"":""9f9e62a16e205e4bd5eb1d1b8f62cade3177ef00fa9bd4dc15c899a41b00d3d0"",""ghz_chain_18q:4dpu_t8"":""9f9e62a16e205e4bd5eb1d1b8f62cade3177ef00fa9bd4dc15c899a41b00d3d0"",""hs_18q_d1:1dpu_t8"":""0f172b4535a71fb59dd5d4f406df828c33333cda1113d1c71db08b5d0e989d1e"",""hs_18q_d1:4dpu_t8"":""0f172b4535a71fb59dd5d4f406df828c33333cda1113d1c71db08b5d0e989d1e"",""quantization_stress_18q_l2:1dpu_t8"":""e56fd025e7fdf900c75302bb6e7212f78d89deef09b236732a001e9f5c5001c1"",""quantization_stress_18q_l2:4dpu_t8"":""e56fd025e7fdf900c75302bb6e7212f78d89deef09b236732a001e9f5c5001c1""}"
528,5,2.2562875576287853,1.0,6,0.024368166273412584,0.9754242110524387,0.00020762267414873057,0.012184083136706292,0.012184083136706292,0.9754242110524387,0.00020762267414873057,0.0,0.0,"{""edc_18q:1dpu_t8"":""cf23b184355b080f3bead1d9d754a3c2c295746793109413aedfff30da27b94e"",""edc_18q:4dpu_t8"":""cf23b184355b080f3bead1d9d754a3c2c295746793109413aedfff30da27b94e"",""ghz_chain_18q:1dpu_t8"":""9f9e62a16e205e4bd5eb1d1b8f62cade3177ef00fa9bd4dc15c899a41b00d3d0"",""ghz_chain_18q:4dpu_t8"":""9f9e62a16e205e4bd5eb1d1b8f62cade3177ef00fa9bd4dc15c899a41b00d3d0"",""hs_18q_d1:1dpu_t8"":""bf83ea123bc85b30f3c7f1f8a0de47c8366352fc37c099890eab75c8cba62cb8"",""hs_18q_d1:4dpu_t8"":""bf83ea123bc85b30f3c7f1f8a0de47c8366352fc37c099890eab75c8cba62cb8"",""quantization_stress_18q_l2:1dpu_t8"":""9d1e1ae9a325d84cef97b0fd9beffa9d4b3d783f00a4e38f6fce3a17114d3abb"",""quantization_stress_18q_l2:4dpu_t8"":""9d1e1ae9a325d84cef97b0fd9beffa9d4b3d783f00a4e38f6fce3a17114d3abb""}"
529,3,2.2848264247610763,1.0163179096347865,8,0.0,1.0,0.0,0.0,0.0,1.0,0.0,0.0,0.0,"{""edc_18q:1dpu_t8"":""cf23b184355b080f3bead1d9d754a3c2c295746793109413aedfff30da27b94e"",""edc_18q:4dpu_t8"":""cf23b184355b080f3bead1d9d754a3c2c295746793109413aedfff30da27b94e"",""ghz_chain_18q:1dpu_t8"":""9f9e62a16e205e4bd5eb1d1b8f62cade3177ef00fa9bd4dc15c899a41b00d3d0"",""ghz_chain_18q:4dpu_t8"":""9f9e62a16e205e4bd5eb1d1b8f62cade3177ef00fa9bd4dc15c899a41b00d3d0"",""hs_18q_d1:1dpu_t8"":""0f172b4535a71fb59dd5d4f406df828c33333cda1113d1c71db08b5d0e989d1e"",""hs_18q_d1:4dpu_t8"":""0f172b4535a71fb59dd5d4f406df828c33333cda1113d1c71db08b5d0e989d1e"",""quantization_stress_18q_l2:1dpu_t8"":""9d1e1ae9a325d84cef97b0fd9beffa9d4b3d783f00a4e38f6fce3a17114d3abb"",""quantization_stress_18q_l2:4dpu_t8"":""9d1e1ae9a325d84cef97b0fd9beffa9d4b3d783f00a4e38f6fce3a17114d3abb""}"
530,4,2.2257640448336344,1.0,7,0.22063680206282787,0.7768451800394555,0.002518017897716659,0.11031840103141394,0.11031840103141394,0.7768451800394555,0.002518017897716659,0.0,0.0,"{""edc_18q:1dpu_t8"":""cf23b184355b080f3bead1d9d754a3c2c295746793109413aedfff30da27b94e"",""edc_18q:4dpu_t8"":""cf23b184355b080f3bead1d9d754a3c2c295746793109413aedfff30da27b94e"",""ghz_chain_18q:1dpu_t8"":""9f9e62a16e205e4bd5eb1d1b8f62cade3177ef00fa9bd4dc15c899a41b00d3d0"",""ghz_chain_18q:4dpu_t8"":""9f9e62a16e205e4bd5eb1d1b8f62cade3177ef00fa9bd4dc15c899a41b00d3d0"",""hs_18q_d1:1dpu_t8"":""bf83ea123bc85b30f3c7f1f8a0de47c8366352fc37c099890eab75c8cba62cb8"",""hs_18q_d1:4dpu_t8"":""0f172b4535a71fb59dd5d4f406df828c33333cda1113d1c71db08b5d0e989d1e"",""quantization_stress_18q_l2:1dpu_t8"":""9d1e1ae9a325d84cef97b0fd9beffa9d4b3d783f00a4e38f6fce3a17114d3abb"",""quantization_stress_18q_l2:4dpu_t8"":""9d1e1ae9a325d84cef97b0fd9beffa9d4b3d783f00a4e38f6fce3a17114d3abb""}"
531,5,2.2409252361066443,1.0,6,0.024368166273412584,0.9754242110524387,0.00020762267414873057,0.012184083136706292,0.012184083136706292,0.9754242110524387,0.00020762267414873057,0.0,0.0,"{""edc_18q:1dpu_t8"":""cf23b184355b080f3bead1d9d754a3c2c295746793109413aedfff30da27b94e"",""edc_18q:4dpu_t8"":""cf23b184355b080f3bead1d9d754a3c2c295746793109413aedfff30da27b94e"",""ghz_chain_18q:1dpu_t8"":""9f9e62a16e205e4bd5eb1d1b8f62cade3177ef00fa9bd4dc15c899a41b00d3d0"",""ghz_chain_18q:4dpu_t8"":""9f9e62a16e205e4bd5eb1d1b8f62cade3177ef00fa9bd4dc15c899a41b00d3d0"",""hs_18q_d1:1dpu_t8"":""bf83ea123bc85b30f3c7f1f8a0de47c8366352fc37c099890eab75c8cba62cb8"",""hs_18q_d1:4dpu_t8"":""bf83ea123bc85b30f3c7f1f8a0de47c8366352fc37c099890eab75c8cba62cb8"",""quantization_stress_18q_l2:1dpu_t8"":""9d1e1ae9a325d84cef97b0fd9beffa9d4b3d783f00a4e38f6fce3a17114d3abb"",""quantization_stress_18q_l2:4dpu_t8"":""9d1e1ae9a325d84cef97b0fd9beffa9d4b3d783f00a4e38f6fce3a17114d3abb""}"
532,10,2.2284970244117925,1.0,6,0.47630996810097936,0.518889877536195,0.004800154362825642,0.23815498405048968,0.23815498405048968,0.518889877536195,0.004800154362825642,0.0,0.0,"{""edc_18q:1dpu_t8"":""cf23b184355b080f3bead1d9d754a3c2c295746793109413aedfff30da27b94e"",""edc_18q:4dpu_t8"":""cf23b184355b080f3bead1d9d754a3c2c295746793109413aedfff30da27b94e"",""ghz_chain_18q:1dpu_t8"":""9f9e62a16e205e4bd5eb1d1b8f62cade3177ef00fa9bd4dc15c899a41b00d3d0"",""ghz_chain_18q:4dpu_t8"":""9f9e62a16e205e4bd5eb1d1b8f62cade3177ef00fa9bd4dc15c899a41b00d3d0"",""hs_18q_d1:1dpu_t8"":""bf83ea123bc85b30f3c7f1f8a0de47c8366352fc37c099890eab75c8cba62cb8"",""hs_18q_d1:4dpu_t8"":""bf83ea123bc85b30f3c7f1f8a0de47c8366352fc37c099890eab75c8cba62cb8"",""quantization_stress_18q_l2:1dpu_t8"":""e56fd025e7fdf900c75302bb6e7212f78d89deef09b236732a001e9f5c5001c1"",""quantization_stress_18q_l2:4dpu_t8"":""e56fd025e7fdf900c75302bb6e7212f78d89deef09b236732a001e9f5c5001c1""}"
533,5,2.233047458601896,1.0,6,0.024368166273412584,0.9754242110524387,0.00020762267414873057,0.012184083136706292,0.012184083136706292,0.9754242110524387,0.00020762267414873057,0.0,0.0,"{""edc_18q:1dpu_t8"":""cf23b184355b080f3bead1d9d754a3c2c295746793109413aedfff30da27b94e"",""edc_18q:4dpu_t8"":""cf23b184355b080f3bead1d9d754a3c2c295746793109413aedfff30da27b94e"",""ghz_chain_18q:1dpu_t8"":""9f9e62a16e205e4bd5eb1d1b8f62cade3177ef00fa9bd4dc15c899a41b00d3d0"",""ghz_chain_18q:4dpu_t8"":""9f9e62a16e205e4bd5eb1d1b8f62cade3177ef00fa9bd4dc15c899a41b00d3d0"",""hs_18q_d1:1dpu_t8"":""bf83ea123bc85b30f3c7f1f8a0de47c8366352fc37c099890eab75c8cba62cb8"",""hs_18q_d1:4dpu_t8"":""bf83ea123bc85b30f3c7f1f8a0de47c8366352fc37c099890eab75c8cba62cb8"",""quantization_stress_18q_l2:1dpu_t8"":""9d1e1ae9a325d84cef97b0fd9beffa9d4b3d783f00a4e38f6fce3a17114d3abb"",""quantization_stress_18q_l2:4dpu_t8"":""9d1e1ae9a325d84cef97b0fd9beffa9d4b3d783f00a4e38f6fce3a17114d3abb""}"
534,3,2.27343949882124,0.997529052435953,7,0.0,1.0,0.0,0.0,0.0,1.0,0.0,0.0,0.0,"{""edc_18q:1dpu_t8"":""cf23b184355b080f3bead1d9d754a3c2c295746793109413aedfff30da27b94e"",""edc_18q:4dpu_t8"":""cf23b184355b080f3bead1d9d754a3c2c295746793109413aedfff30da27b94e"",""ghz_chain_18q:1dpu_t8"":""9f9e62a16e205e4bd5eb1d1b8f62cade3177ef00fa9bd4dc15c899a41b00d3d0"",""ghz_chain_18q:4dpu_t8"":""9f9e62a16e205e4bd5eb1d1b8f62cade3177ef00fa9bd4dc15c899a41b00d3d0"",""hs_18q_d1:1dpu_t8"":""0f172b4535a71fb59dd5d4f406df828c33333cda1113d1c71db08b5d0e989d1e"",""hs_18q_d1:4dpu_t8"":""0f172b4535a71fb59dd5d4f406df828c33333cda1113d1c71db08b5d0e989d1e"",""quantization_stress_18q_l2:1dpu_t8"":""9d1e1ae9a325d84cef97b0fd9beffa9d4b3d783f00a4e38f6fce3a17114d3abb"",""quantization_stress_18q_l2:4dpu_t8"":""9d1e1ae9a325d84cef97b0fd9beffa9d4b3d783f00a4e38f6fce3a17114d3abb""}"
535,8,2.2726415128648503,1.041845644222677,8,0.3715322706836804,0.40507521716230527,0.2233925121540143,0.1857661353418402,0.1857661353418402,0.40507521716230527,0.2233925121540143,0.0,0.0,"{""edc_18q:1dpu_t8"":""cf23b184355b080f3bead1d9d754a3c2c295746793109413aedfff30da27b94e"",""edc_18q:4dpu_t8"":""cf23b184355b080f3bead1d9d754a3c2c295746793109413aedfff30da27b94e"",""ghz_chain_18q:1dpu_t8"":""9f9e62a16e205e4bd5eb1d1b8f62cade3177ef00fa9bd4dc15c899a41b00d3d0"",""ghz_chain_18q:4dpu_t8"":""9f9e62a16e205e4bd5eb1d1b8f62cade3177ef00fa9bd4dc15c899a41b00d3d0"",""hs_18q_d1:1dpu_t8"":""0f172b4535a71fb59dd5d4f406df828c33333cda1113d1c71db08b5d0e989d1e"",""hs_18q_d1:4dpu_t8"":""0f172b4535a71fb59dd5d4f406df828c33333cda1113d1c71db08b5d0e989d1e"",""quantization_stress_18q_l2:1dpu_t8"":""e56fd025e7fdf900c75302bb6e7212f78d89deef09b236732a001e9f5c5001c1"",""quantization_stress_18q_l2:4dpu_t8"":""e56fd025e7fdf900c75302bb6e7212f78d89deef09b236732a001e9f5c5001c1""}"
536,10,2.247370463709595,1.0,6,0.47630996810097936,0.518889877536195,0.004800154362825642,0.23815498405048968,0.23815498405048968,0.518889877536195,0.004800154362825642,0.0,0.0,"{""edc_18q:1dpu_t8"":""cf23b184355b080f3bead1d9d754a3c2c295746793109413aedfff30da27b94e"",""edc_18q:4dpu_t8"":""cf23b184355b080f3bead1d9d754a3c2c295746793109413aedfff30da27b94e"",""ghz_chain_18q:1dpu_t8"":""9f9e62a16e205e4bd5eb1d1b8f62cade3177ef00fa9bd4dc15c899a41b00d3d0"",""ghz_chain_18q:4dpu_t8"":""9f9e62a16e205e4bd5eb1d1b8f62cade3177ef00fa9bd4dc15c899a41b00d3d0"",""hs_18q_d1:1dpu_t8"":""bf83ea123bc85b30f3c7f1f8a0de47c8366352fc37c099890eab75c8cba62cb8"",""hs_18q_d1:4dpu_t8"":""bf83ea123bc85b30f3c7f1f8a0de47c8366352fc37c099890eab75c8cba62cb8"",""quantization_stress_18q_l2:1dpu_t8"":""e56fd025e7fdf900c75302bb6e7212f78d89deef09b236732a001e9f5c5001c1"",""quantization_stress_18q_l2:4dpu_t8"":""e56fd025e7fdf900c75302bb6e7212f78d89deef09b236732a001e9f5c5001c1""}"
537,4,2.266217459310423,1.0,7,0.22063680206282787,0.7768451800394555,0.002518017897716659,0.11031840103141394,0.11031840103141394,0.7768451800394555,0.002518017897716659,0.0,0.0,"{""edc_18q:1dpu_t8"":""cf23b184355b080f3bead1d9d754a3c2c295746793109413aedfff30da27b94e"",""edc_18q:4dpu_t8"":""cf23b184355b080f3bead1d9d754a3c2c295746793109413aedfff30da27b94e"",""ghz_chain_18q:1dpu_t8"":""9f9e62a16e205e4bd5eb1d1b8f62cade3177ef00fa9bd4dc15c899a41b00d3d0"",""ghz_chain_18q:4dpu_t8"":""9f9e62a16e205e4bd5eb1d1b8f62cade3177ef00fa9bd4dc15c899a41b00d3d0"",""hs_18q_d1:1dpu_t8"":""bf83ea123bc85b30f3c7f1f8a0de47c8366352fc37c099890eab75c8cba62cb8"",""hs_18q_d1:4dpu_t8"":""0f172b4535a71fb59dd5d4f406df828c33333cda1113d1c71db08b5d0e989d1e"",""quantization_stress_18q_l2:1dpu_t8"":""9d1e1ae9a325d84cef97b0fd9beffa9d4b3d783f00a4e38f6fce3a17114d3abb"",""quantization_stress_18q_l2:4dpu_t8"":""9d1e1ae9a325d84cef97b0fd9beffa9d4b3d783f00a4e38f6fce3a17114d3abb""}"
538,9,2.2426131573842043,1.0,7,0.5414741851996391,0.45232358896253566,0.006202225837825213,0.27073709259981954,0.27073709259981954,0.45232358896253566,0.006202225837825213,0.0,0.0,"{""edc_18q:1dpu_t8"":""cf23b184355b080f3bead1d9d754a3c2c295746793109413aedfff30da27b94e"",""edc_18q:4dpu_t8"":""cf23b184355b080f3bead1d9d754a3c2c295746793109413aedfff30da27b94e"",""ghz_chain_18q:1dpu_t8"":""9f9e62a16e205e4bd5eb1d1b8f62cade3177ef00fa9bd4dc15c899a41b00d3d0"",""ghz_chain_18q:4dpu_t8"":""9f9e62a16e205e4bd5eb1d1b8f62cade3177ef00fa9bd4dc15c899a41b00d3d0"",""hs_18q_d1:1dpu_t8"":""bf83ea123bc85b30f3c7f1f8a0de47c8366352fc37c099890eab75c8cba62cb8"",""hs_18q_d1:4dpu_t8"":""0f172b4535a71fb59dd5d4f406df828c33333cda1113d1c71db08b5d0e989d1e"",""quantization_stress_18q_l2:1dpu_t8"":""e56fd025e7fdf900c75302bb6e7212f78d89deef09b236732a001e9f5c5001c1"",""quantization_stress_18q_l2:4dpu_t8"":""e56fd025e7fdf900c75302bb6e7212f78d89deef09b236732a001e9f5c5001c1""}"
539,5,2.219388575501519,1.0,6,0.024368166273412584,0.9754242110524387,0.00020762267414873057,0.012184083136706292,0.012184083136706292,0.9754242110524387,0.00020762267414873057,0.0,0.0,"{""edc_18q:1dpu_t8"":""cf23b184355b080f3bead1d9d754a3c2c295746793109413aedfff30da27b94e"",""edc_18q:4dpu_t8"":""cf23b184355b080f3bead1d9d754a3c2c295746793109413aedfff30da27b94e"",""ghz_chain_18q:1dpu_t8"":""9f9e62a16e205e4bd5eb1d1b8f62cade3177ef00fa9bd4dc15c899a41b00d3d0"",""ghz_chain_18q:4dpu_t8"":""9f9e62a16e205e4bd5eb1d1b8f62cade3177ef00fa9bd4dc15c899a41b00d3d0"",""hs_18q_d1:1dpu_t8"":""bf83ea123bc85b30f3c7f1f8a0de47c8366352fc37c099890eab75c8cba62cb8"",""hs_18q_d1:4dpu_t8"":""bf83ea123bc85b30f3c7f1f8a0de47c8366352fc37c099890eab75c8cba62cb8"",""quantization_stress_18q_l2:1dpu_t8"":""9d1e1ae9a325d84cef97b0fd9beffa9d4b3d783f00a4e38f6fce3a17114d3abb"",""quantization_stress_18q_l2:4dpu_t8"":""9d1e1ae9a325d84cef97b0fd9beffa9d4b3d783f00a4e38f6fce3a17114d3abb""}"
540,4,2.2431975022818067,1.0,7,0.22063680206282787,0.7768451800394555,0.002518017897716659,0.11031840103141394,0.11031840103141394,0.7768451800394555,0.002518017897716659,0.0,0.0,"{""edc_18q:1dpu_t8"":""cf23b184355b080f3bead1d9d754a3c2c295746793109413aedfff30da27b94e"",""edc_18q:4dpu_t8"":""cf23b184355b080f3bead1d9d754a3c2c295746793109413aedfff30da27b94e"",""ghz_chain_18q:1dpu_t8"":""9f9e62a16e205e4bd5eb1d1b8f62cade3177ef00fa9bd4dc15c899a41b00d3d0"",""ghz_chain_18q:4dpu_t8"":""9f9e62a16e205e4bd5eb1d1b8f62cade3177ef00fa9bd4dc15c899a41b00d3d0"",""hs_18q_d1:1dpu_t8"":""bf83ea123bc85b30f3c7f1f8a0de47c8366352fc37c099890eab75c8cba62cb8"",""hs_18q_d1:4dpu_t8"":""0f172b4535a71fb59dd5d4f406df828c33333cda1113d1c71db08b5d0e989d1e"",""quantization_stress_18q_l2:1dpu_t8"":""9d1e1ae9a325d84cef97b0fd9beffa9d4b3d783f00a4e38f6fce3a17114d3abb"",""quantization_stress_18q_l2:4dpu_t8"":""9d1e1ae9a325d84cef97b0fd9beffa9d4b3d783f00a4e38f6fce3a17114d3abb""}"
541,9,2.2359288860836637,1.0,7,0.5414741851996391,0.45232358896253566,0.006202225837825213,0.27073709259981954,0.27073709259981954,0.45232358896253566,0.006202225837825213,0.0,0.0,"{""edc_18q:1dpu_t8"":""cf23b184355b080f3bead1d9d754a3c2c295746793109413aedfff30da27b94e"",""edc_18q:4dpu_t8"":""cf23b184355b080f3bead1d9d754a3c2c295746793109413aedfff30da27b94e"",""ghz_chain_18q:1dpu_t8"":""9f9e62a16e205e4bd5eb1d1b8f62cade3177ef00fa9bd4dc15c899a41b00d3d0"",""ghz_chain_18q:4dpu_t8"":""9f9e62a16e205e4bd5eb1d1b8f62cade3177ef00fa9bd4dc15c899a41b00d3d0"",""hs_18q_d1:1dpu_t8"":""bf83ea123bc85b30f3c7f1f8a0de47c8366352fc37c099890eab75c8cba62cb8"",""hs_18q_d1:4dpu_t8"":""0f172b4535a71fb59dd5d4f406df828c33333cda1113d1c71db08b5d0e989d1e"",""quantization_stress_18q_l2:1dpu_t8"":""e56fd025e7fdf900c75302bb6e7212f78d89deef09b236732a001e9f5c5001c1"",""quantization_stress_18q_l2:4dpu_t8"":""e56fd025e7fdf900c75302bb6e7212f78d89deef09b236732a001e9f5c5001c1""}"
542,4,2.2381157189829044,1.0,7,0.22063680206282787,0.7768451800394555,0.002518017897716659,0.11031840103141394,0.11031840103141394,0.7768451800394555,0.002518017897716659,0.0,0.0,"{""edc_18q:1dpu_t8"":""cf23b184355b080f3bead1d9d754a3c2c295746793109413aedfff30da27b94e"",""edc_18q:4dpu_t8"":""cf23b184355b080f3bead1d9d754a3c2c295746793109413aedfff30da27b94e"",""ghz_chain_18q:1dpu_t8"":""9f9e62a16e205e4bd5eb1d1b8f62cade3177ef00fa9bd4dc15c899a41b00d3d0"",""ghz_chain_18q:4dpu_t8"":""9f9e62a16e205e4bd5eb1d1b8f62cade3177ef00fa9bd4dc15c899a41b00d3d0"",""hs_18q_d1:1dpu_t8"":""bf83ea123bc85b30f3c7f1f8a0de47c8366352fc37c099890eab75c8cba62cb8"",""hs_18q_d1:4dpu_t8"":""0f172b4535a71fb59dd5d4f406df828c33333cda1113d1c71db08b5d0e989d1e"",""quantization_stress_18q_l2:1dpu_t8"":""9d1e1ae9a325d84cef97b0fd9beffa9d4b3d783f00a4e38f6fce3a17114d3abb"",""quantization_stress_18q_l2:4dpu_t8"":""9d1e1ae9a325d84cef97b0fd9beffa9d4b3d783f00a4e38f6fce3a17114d3abb""}"
543,5,2.2286073191955422,1.0,6,0.024368166273412584,0.9754242110524387,0.00020762267414873057,0.012184083136706292,0.012184083136706292,0.9754242110524387,0.00020762267414873057,0.0,0.0,"{""edc_18q:1dpu_t8"":""cf23b184355b080f3bead1d9d754a3c2c295746793109413aedfff30da27b94e"",""edc_18q:4dpu_t8"":""cf23b184355b080f3bead1d9d754a3c2c295746793109413aedfff30da27b94e"",""ghz_chain_18q:1dpu_t8"":""9f9e62a16e205e4bd5eb1d1b8f62cade3177ef00fa9bd4dc15c899a41b00d3d0"",""ghz_chain_18q:4dpu_t8"":""9f9e62a16e205e4bd5eb1d1b8f62cade3177ef00fa9bd4dc15c899a41b00d3d0"",""hs_18q_d1:1dpu_t8"":""bf83ea123bc85b30f3c7f1f8a0de47c8366352fc37c099890eab75c8cba62cb8"",""hs_18q_d1:4dpu_t8"":""bf83ea123bc85b30f3c7f1f8a0de47c8366352fc37c099890eab75c8cba62cb8"",""quantization_stress_18q_l2:1dpu_t8"":""9d1e1ae9a325d84cef97b0fd9beffa9d4b3d783f00a4e38f6fce3a17114d3abb"",""quantization_stress_18q_l2:4dpu_t8"":""9d1e1ae9a325d84cef97b0fd9beffa9d4b3d783f00a4e38f6fce3a17114d3abb""}"
544,5,2.252273870572271,1.0,6,0.024368166273412584,0.9754242110524387,0.00020762267414873057,0.012184083136706292,0.012184083136706292,0.9754242110524387,0.00020762267414873057,0.0,0.0,"{""edc_18q:1dpu_t8"":""cf23b184355b080f3bead1d9d754a3c2c295746793109413aedfff30da27b94e"",""edc_18q:4dpu_t8"":""cf23b184355b080f3bead1d9d754a3c2c295746793109413aedfff30da27b94e"",""ghz_chain_18q:1dpu_t8"":""9f9e62a16e205e4bd5eb1d1b8f62cade3177ef00fa9bd4dc15c899a41b00d3d0"",""ghz_chain_18q:4dpu_t8"":""9f9e62a16e205e4bd5eb1d1b8f62cade3177ef00fa9bd4dc15c899a41b00d3d0"",""hs_18q_d1:1dpu_t8"":""bf83ea123bc85b30f3c7f1f8a0de47c8366352fc37c099890eab75c8cba62cb8"",""hs_18q_d1:4dpu_t8"":""bf83ea123bc85b30f3c7f1f8a0de47c8366352fc37c099890eab75c8cba62cb8"",""quantization_stress_18q_l2:1dpu_t8"":""9d1e1ae9a325d84cef97b0fd9beffa9d4b3d783f00a4e38f6fce3a17114d3abb"",""quantization_stress_18q_l2:4dpu_t8"":""9d1e1ae9a325d84cef97b0fd9beffa9d4b3d783f00a4e38f6fce3a17114d3abb""}"
545,8,2.2677519306832443,0.997529052435953,7,0.3715322706836804,0.40507521716230527,0.2233925121540143,0.1857661353418402,0.1857661353418402,0.40507521716230527,0.2233925121540143,0.0,0.0,"{""edc_18q:1dpu_t8"":""cf23b184355b080f3bead1d9d754a3c2c295746793109413aedfff30da27b94e"",""edc_18q:4dpu_t8"":""cf23b184355b080f3bead1d9d754a3c2c295746793109413aedfff30da27b94e"",""ghz_chain_18q:1dpu_t8"":""9f9e62a16e205e4bd5eb1d1b8f62cade3177ef00fa9bd4dc15c899a41b00d3d0"",""ghz_chain_18q:4dpu_t8"":""9f9e62a16e205e4bd5eb1d1b8f62cade3177ef00fa9bd4dc15c899a41b00d3d0"",""hs_18q_d1:1dpu_t8"":""0f172b4535a71fb59dd5d4f406df828c33333cda1113d1c71db08b5d0e989d1e"",""hs_18q_d1:4dpu_t8"":""0f172b4535a71fb59dd5d4f406df828c33333cda1113d1c71db08b5d0e989d1e"",""quantization_stress_18q_l2:1dpu_t8"":""e56fd025e7fdf900c75302bb6e7212f78d89deef09b236732a001e9f5c5001c1"",""quantization_stress_18q_l2:4dpu_t8"":""e56fd025e7fdf900c75302bb6e7212f78d89deef09b236732a001e9f5c5001c1""}"
546,5,2.2287490273586865,1.0,6,0.024368166273412584,0.9754242110524387,0.00020762267414873057,0.012184083136706292,0.012184083136706292,0.9754242110524387,0.00020762267414873057,0.0,0.0,"{""edc_18q:1dpu_t8"":""cf23b184355b080f3bead1d9d754a3c2c295746793109413aedfff30da27b94e"",""edc_18q:4dpu_t8"":""cf23b184355b080f3bead1d9d754a3c2c295746793109413aedfff30da27b94e"",""ghz_chain_18q:1dpu_t8"":""9f9e62a16e205e4bd5eb1d1b8f62cade3177ef00fa9bd4dc15c899a41b00d3d0"",""ghz_chain_18q:4dpu_t8"":""9f9e62a16e205e4bd5eb1d1b8f62cade3177ef00fa9bd4dc15c899a41b00d3d0"",""hs_18q_d1:1dpu_t8"":""bf83ea123bc85b30f3c7f1f8a0de47c8366352fc37c099890eab75c8cba62cb8"",""hs_18q_d1:4dpu_t8"":""bf83ea123bc85b30f3c7f1f8a0de47c8366352fc37c099890eab75c8cba62cb8"",""quantization_stress_18q_l2:1dpu_t8"":""9d1e1ae9a325d84cef97b0fd9beffa9d4b3d783f00a4e38f6fce3a17114d3abb"",""quantization_stress_18q_l2:4dpu_t8"":""9d1e1ae9a325d84cef97b0fd9beffa9d4b3d783f00a4e38f6fce3a17114d3abb""}"
547,8,2.2913113239500653,1.041845644222677,8,0.3715322706836804,0.40507521716230527,0.2233925121540143,0.1857661353418402,0.1857661353418402,0.40507521716230527,0.2233925121540143,0.0,0.0,"{""edc_18q:1dpu_t8"":""cf23b184355b080f3bead1d9d754a3c2c295746793109413aedfff30da27b94e"",""edc_18q:4dpu_t8"":""cf23b184355b080f3bead1d9d754a3c2c295746793109413aedfff30da27b94e"",""ghz_chain_18q:1dpu_t8"":""9f9e62a16e205e4bd5eb1d1b8f62cade3177ef00fa9bd4dc15c899a41b00d3d0"",""ghz_chain_18q:4dpu_t8"":""9f9e62a16e205e4bd5eb1d1b8f62cade3177ef00fa9bd4dc15c899a41b00d3d0"",""hs_18q_d1:1dpu_t8"":""0f172b4535a71fb59dd5d4f406df828c33333cda1113d1c71db08b5d0e989d1e"",""hs_18q_d1:4dpu_t8"":""0f172b4535a71fb59dd5d4f406df828c33333cda1113d1c71db08b5d0e989d1e"",""quantization_stress_18q_l2:1dpu_t8"":""e56fd025e7fdf900c75302bb6e7212f78d89deef09b236732a001e9f5c5001c1"",""quantization_stress_18q_l2:4dpu_t8"":""e56fd025e7fdf900c75302bb6e7212f78d89deef09b236732a001e9f5c5001c1""}"
548,5,2.246570791688422,1.0,6,0.024368166273412584,0.9754242110524387,0.00020762267414873057,0.012184083136706292,0.012184083136706292,0.9754242110524387,0.00020762267414873057,0.0,0.0,"{""edc_18q:1dpu_t8"":""cf23b184355b080f3bead1d9d754a3c2c295746793109413aedfff30da27b94e"",""edc_18q:4dpu_t8"":""cf23b184355b080f3bead1d9d754a3c2c295746793109413aedfff30da27b94e"",""ghz_chain_18q:1dpu_t8"":""9f9e62a16e205e4bd5eb1d1b8f62cade3177ef00fa9bd4dc15c899a41b00d3d0"",""ghz_chain_18q:4dpu_t8"":""9f9e62a16e205e4bd5eb1d1b8f62cade3177ef00fa9bd4dc15c899a41b00d3d0"",""hs_18q_d1:1dpu_t8"":""bf83ea123bc85b30f3c7f1f8a0de47c8366352fc37c099890eab75c8cba62cb8"",""hs_18q_d1:4dpu_t8"":""bf83ea123bc85b30f3c7f1f8a0de47c8366352fc37c099890eab75c8cba62cb8"",""quantization_stress_18q_l2:1dpu_t8"":""9d1e1ae9a325d84cef97b0fd9beffa9d4b3d783f00a4e38f6fce3a17114d3abb"",""quantization_stress_18q_l2:4dpu_t8"":""9d1e1ae9a325d84cef97b0fd9beffa9d4b3d783f00a4e38f6fce3a17114d3abb""}"
549,4,2.25262553494048,1.0,7,0.22063680206282787,0.7768451800394555,0.002518017897716659,0.11031840103141394,0.11031840103141394,0.7768451800394555,0.002518017897716659,0.0,0.0,"{""edc_18q:1dpu_t8"":""cf23b184355b080f3bead1d9d754a3c2c295746793109413aedfff30da27b94e"",""edc_18q:4dpu_t8"":""cf23b184355b080f3bead1d9d754a3c2c295746793109413aedfff30da27b94e"",""ghz_chain_18q:1dpu_t8"":""9f9e62a16e205e4bd5eb1d1b8f62cade3177ef00fa9bd4dc15c899a41b00d3d0"",""ghz_chain_18q:4dpu_t8"":""9f9e62a16e205e4bd5eb1d1b8f62cade3177ef00fa9bd4dc15c899a41b00d3d0"",""hs_18q_d1:1dpu_t8"":""bf83ea123bc85b30f3c7f1f8a0de47c8366352fc37c099890eab75c8cba62cb8"",""hs_18q_d1:4dpu_t8"":""0f172b4535a71fb59dd5d4f406df828c33333cda1113d1c71db08b5d0e989d1e"",""quantization_stress_18q_l2:1dpu_t8"":""9d1e1ae9a325d84cef97b0fd9beffa9d4b3d783f00a4e38f6fce3a17114d3abb"",""quantization_stress_18q_l2:4dpu_t8"":""9d1e1ae9a325d84cef97b0fd9beffa9d4b3d783f00a4e38f6fce3a17114d3abb""}"
550,10,2.249659047234287,1.0,6,0.47630996810097936,0.518889877536195,0.004800154362825642,0.23815498405048968,0.23815498405048968,0.518889877536195,0.004800154362825642,0.0,0.0,"{""edc_18q:1dpu_t8"":""cf23b184355b080f3bead1d9d754a3c2c295746793109413aedfff30da27b94e"",""edc_18q:4dpu_t8"":""cf23b184355b080f3bead1d9d754a3c2c295746793109413aedfff30da27b94e"",""ghz_chain_18q:1dpu_t8"":""9f9e62a16e205e4bd5eb1d1b8f62cade3177ef00fa9bd4dc15c899a41b00d3d0"",""ghz_chain_18q:4dpu_t8"":""9f9e62a16e205e4bd5eb1d1b8f62cade3177ef00fa9bd4dc15c899a41b00d3d0"",""hs_18q_d1:1dpu_t8"":""bf83ea123bc85b30f3c7f1f8a0de47c8366352fc37c099890eab75c8cba62cb8"",""hs_18q_d1:4dpu_t8"":""bf83ea123bc85b30f3c7f1f8a0de47c8366352fc37c099890eab75c8cba62cb8"",""quantization_stress_18q_l2:1dpu_t8"":""e56fd025e7fdf900c75302bb6e7212f78d89deef09b236732a001e9f5c5001c1"",""quantization_stress_18q_l2:4dpu_t8"":""e56fd025e7fdf900c75302bb6e7212f78d89deef09b236732a001e9f5c5001c1""}"
551,10,2.231811061069433,1.0,6,0.47630996810097936,0.518889877536195,0.004800154362825642,0.23815498405048968,0.23815498405048968,0.518889877536195,0.004800154362825642,0.0,0.0,"{""edc_18q:1dpu_t8"":""cf23b184355b080f3bead1d9d754a3c2c295746793109413aedfff30da27b94e"",""edc_18q:4dpu_t8"":""cf23b184355b080f3bead1d9d754a3c2c295746793109413aedfff30da27b94e"",""ghz_chain_18q:1dpu_t8"":""9f9e62a16e205e4bd5eb1d1b8f62cade3177ef00fa9bd4dc15c899a41b00d3d0"",""ghz_chain_18q:4dpu_t8"":""9f9e62a16e205e4bd5eb1d1b8f62cade3177ef00fa9bd4dc15c899a41b00d3d0"",""hs_18q_d1:1dpu_t8"":""bf83ea123bc85b30f3c7f1f8a0de47c8366352fc37c099890eab75c8cba62cb8"",""hs_18q_d1:4dpu_t8"":""bf83ea123bc85b30f3c7f1f8a0de47c8366352fc37c099890eab75c8cba62cb8"",""quantization_stress_18q_l2:1dpu_t8"":""e56fd025e7fdf900c75302bb6e7212f78d89deef09b236732a001e9f5c5001c1"",""quantization_stress_18q_l2:4dpu_t8"":""e56fd025e7fdf900c75302bb6e7212f78d89deef09b236732a001e9f5c5001c1""}"
552,10,2.244869111350869,1.0,6,0.47630996810097936,0.518889877536195,0.004800154362825642,0.23815498405048968,0.23815498405048968,0.518889877536195,0.004800154362825642,0.0,0.0,"{""edc_18q:1dpu_t8"":""cf23b184355b080f3bead1d9d754a3c2c295746793109413aedfff30da27b94e"",""edc_18q:4dpu_t8"":""cf23b184355b080f3bead1d9d754a3c2c295746793109413aedfff30da27b94e"",""ghz_chain_18q:1dpu_t8"":""9f9e62a16e205e4bd5eb1d1b8f62cade3177ef00fa9bd4dc15c899a41b00d3d0"",""ghz_chain_18q:4dpu_t8"":""9f9e62a16e205e4bd5eb1d1b8f62cade3177ef00fa9bd4dc15c899a41b00d3d0"",""hs_18q_d1:1dpu_t8"":""bf83ea123bc85b30f3c7f1f8a0de47c8366352fc37c099890eab75c8cba62cb8"",""hs_18q_d1:4dpu_t8"":""bf83ea123bc85b30f3c7f1f8a0de47c8366352fc37c099890eab75c8cba62cb8"",""quantization_stress_18q_l2:1dpu_t8"":""e56fd025e7fdf900c75302bb6e7212f78d89deef09b236732a001e9f5c5001c1"",""quantization_stress_18q_l2:4dpu_t8"":""e56fd025e7fdf900c75302bb6e7212f78d89deef09b236732a001e9f5c5001c1""}"
553,9,2.265280023009268,1.0,7,0.5414741851996391,0.45232358896253566,0.006202225837825213,0.27073709259981954,0.27073709259981954,0.45232358896253566,0.006202225837825213,0.0,0.0,"{""edc_18q:1dpu_t8"":""cf23b184355b080f3bead1d9d754a3c2c295746793109413aedfff30da27b94e"",""edc_18q:4dpu_t8"":""cf23b184355b080f3bead1d9d754a3c2c295746793109413aedfff30da27b94e"",""ghz_chain_18q:1dpu_t8"":""9f9e62a16e205e4bd5eb1d1b8f62cade3177ef00fa9bd4dc15c899a41b00d3d0"",""ghz_chain_18q:4dpu_t8"":""9f9e62a16e205e4bd5eb1d1b8f62cade3177ef00fa9bd4dc15c899a41b00d3d0"",""hs_18q_d1:1dpu_t8"":""bf83ea123bc85b30f3c7f1f8a0de47c8366352fc37c099890eab75c8cba62cb8"",""hs_18q_d1:4dpu_t8"":""0f172b4535a71fb59dd5d4f406df828c33333cda1113d1c71db08b5d0e989d1e"",""quantization_stress_18q_l2:1dpu_t8"":""e56fd025e7fdf900c75302bb6e7212f78d89deef09b236732a001e9f5c5001c1"",""quantization_stress_18q_l2:4dpu_t8"":""e56fd025e7fdf900c75302bb6e7212f78d89deef09b236732a001e9f5c5001c1""}"
554,9,2.2366501798745433,1.0,7,0.5414741851996391,0.45232358896253566,0.006202225837825213,0.27073709259981954,0.27073709259981954,0.45232358896253566,0.006202225837825213,0.0,0.0,"{""edc_18q:1dpu_t8"":""cf23b184355b080f3bead1d9d754a3c2c295746793109413aedfff30da27b94e"",""edc_18q:4dpu_t8"":""cf23b184355b080f3bead1d9d754a3c2c295746793109413aedfff30da27b94e"",""ghz_chain_18q:1dpu_t8"":""9f9e62a16e205e4bd5eb1d1b8f62cade3177ef00fa9bd4dc15c899a41b00d3d0"",""ghz_chain_18q:4dpu_t8"":""9f9e62a16e205e4bd5eb1d1b8f62cade3177ef00fa9bd4dc15c899a41b00d3d0"",""hs_18q_d1:1dpu_t8"":""bf83ea123bc85b30f3c7f1f8a0de47c8366352fc37c099890eab75c8cba62cb8"",""hs_18q_d1:4dpu_t8"":""0f172b4535a71fb59dd5d4f406df828c33333cda1113d1c71db08b5d0e989d1e"",""quantization_stress_18q_l2:1dpu_t8"":""e56fd025e7fdf900c75302bb6e7212f78d89deef09b236732a001e9f5c5001c1"",""quantization_stress_18q_l2:4dpu_t8"":""e56fd025e7fdf900c75302bb6e7212f78d89deef09b236732a001e9f5c5001c1""}"
555,5,2.2616185945926452,1.0,6,0.024368166273412584,0.9754242110524387,0.00020762267414873057,0.012184083136706292,0.012184083136706292,0.9754242110524387,0.00020762267414873057,0.0,0.0,"{""edc_18q:1dpu_t8"":""cf23b184355b080f3bead1d9d754a3c2c295746793109413aedfff30da27b94e"",""edc_18q:4dpu_t8"":""cf23b184355b080f3bead1d9d754a3c2c295746793109413aedfff30da27b94e"",""ghz_chain_18q:1dpu_t8"":""9f9e62a16e205e4bd5eb1d1b8f62cade3177ef00fa9bd4dc15c899a41b00d3d0"",""ghz_chain_18q:4dpu_t8"":""9f9e62a16e205e4bd5eb1d1b8f62cade3177ef00fa9bd4dc15c899a41b00d3d0"",""hs_18q_d1:1dpu_t8"":""bf83ea123bc85b30f3c7f1f8a0de47c8366352fc37c099890eab75c8cba62cb8"",""hs_18q_d1:4dpu_t8"":""bf83ea123bc85b30f3c7f1f8a0de47c8366352fc37c099890eab75c8cba62cb8"",""quantization_stress_18q_l2:1dpu_t8"":""9d1e1ae9a325d84cef97b0fd9beffa9d4b3d783f00a4e38f6fce3a17114d3abb"",""quantization_stress_18q_l2:4dpu_t8"":""9d1e1ae9a325d84cef97b0fd9beffa9d4b3d783f00a4e38f6fce3a17114d3abb""}"
556,9,2.232326953343782,1.0,7,0.5414741851996391,0.45232358896253566,0.006202225837825213,0.27073709259981954,0.27073709259981954,0.45232358896253566,0.006202225837825213,0.0,0.0,"{""edc_18q:1dpu_t8"":""cf23b184355b080f3bead1d9d754a3c2c295746793109413aedfff30da27b94e"",""edc_18q:4dpu_t8"":""cf23b184355b080f3bead1d9d754a3c2c295746793109413aedfff30da27b94e"",""ghz_chain_18q:1dpu_t8"":""9f9e62a16e205e4bd5eb1d1b8f62cade3177ef00fa9bd4dc15c899a41b00d3d0"",""ghz_chain_18q:4dpu_t8"":""9f9e62a16e205e4bd5eb1d1b8f62cade3177ef00fa9bd4dc15c899a41b00d3d0"",""hs_18q_d1:1dpu_t8"":""bf83ea123bc85b30f3c7f1f8a0de47c8366352fc37c099890eab75c8cba62cb8"",""hs_18q_d1:4dpu_t8"":""0f172b4535a71fb59dd5d4f406df828c33333cda1113d1c71db08b5d0e989d1e"",""quantization_stress_18q_l2:1dpu_t8"":""e56fd025e7fdf900c75302bb6e7212f78d89deef09b236732a001e9f5c5001c1"",""quantization_stress_18q_l2:4dpu_t8"":""e56fd025e7fdf900c75302bb6e7212f78d89deef09b236732a001e9f5c5001c1""}"
557,5,2.2256864544251918,1.0,6,0.024368166273412584,0.9754242110524387,0.00020762267414873057,0.012184083136706292,0.012184083136706292,0.9754242110524387,0.00020762267414873057,0.0,0.0,"{""edc_18q:1dpu_t8"":""cf23b184355b080f3bead1d9d754a3c2c295746793109413aedfff30da27b94e"",""edc_18q:4dpu_t8"":""cf23b184355b080f3bead1d9d754a3c2c295746793109413aedfff30da27b94e"",""ghz_chain_18q:1dpu_t8"":""9f9e62a16e205e4bd5eb1d1b8f62cade3177ef00fa9bd4dc15c899a41b00d3d0"",""ghz_chain_18q:4dpu_t8"":""9f9e62a16e205e4bd5eb1d1b8f62cade3177ef00fa9bd4dc15c899a41b00d3d0"",""hs_18q_d1:1dpu_t8"":""bf83ea123bc85b30f3c7f1f8a0de47c8366352fc37c099890eab75c8cba62cb8"",""hs_18q_d1:4dpu_t8"":""bf83ea123bc85b30f3c7f1f8a0de47c8366352fc37c099890eab75c8cba62cb8"",""quantization_stress_18q_l2:1dpu_t8"":""9d1e1ae9a325d84cef97b0fd9beffa9d4b3d783f00a4e38f6fce3a17114d3abb"",""quantization_stress_18q_l2:4dpu_t8"":""9d1e1ae9a325d84cef97b0fd9beffa9d4b3d783f00a4e38f6fce3a17114d3abb""}"
558,5,2.2293792068648592,1.0,6,0.024368166273412584,0.9754242110524387,0.00020762267414873057,0.012184083136706292,0.012184083136706292,0.9754242110524387,0.00020762267414873057,0.0,0.0,"{""edc_18q:1dpu_t8"":""cf23b184355b080f3bead1d9d754a3c2c295746793109413aedfff30da27b94e"",""edc_18q:4dpu_t8"":""cf23b184355b080f3bead1d9d754a3c2c295746793109413aedfff30da27b94e"",""ghz_chain_18q:1dpu_t8"":""9f9e62a16e205e4bd5eb1d1b8f62cade3177ef00fa9bd4dc15c899a41b00d3d0"",""ghz_chain_18q:4dpu_t8"":""9f9e62a16e205e4bd5eb1d1b8f62cade3177ef00fa9bd4dc15c899a41b00d3d0"",""hs_18q_d1:1dpu_t8"":""bf83ea123bc85b30f3c7f1f8a0de47c8366352fc37c099890eab75c8cba62cb8"",""hs_18q_d1:4dpu_t8"":""bf83ea123bc85b30f3c7f1f8a0de47c8366352fc37c099890eab75c8cba62cb8"",""quantization_stress_18q_l2:1dpu_t8"":""9d1e1ae9a325d84cef97b0fd9beffa9d4b3d783f00a4e38f6fce3a17114d3abb"",""quantization_stress_18q_l2:4dpu_t8"":""9d1e1ae9a325d84cef97b0fd9beffa9d4b3d783f00a4e38f6fce3a17114d3abb""}"
559,5,2.2388932768122896,1.0,6,0.024368166273412584,0.9754242110524387,0.00020762267414873057,0.012184083136706292,0.012184083136706292,0.9754242110524387,0.00020762267414873057,0.0,0.0,"{""edc_18q:1dpu_t8"":""cf23b184355b080f3bead1d9d754a3c2c295746793109413aedfff30da27b94e"",""edc_18q:4dpu_t8"":""cf23b184355b080f3bead1d9d754a3c2c295746793109413aedfff30da27b94e"",""ghz_chain_18q:1dpu_t8"":""9f9e62a16e205e4bd5eb1d1b8f62cade3177ef00fa9bd4dc15c899a41b00d3d0"",""ghz_chain_18q:4dpu_t8"":""9f9e62a16e205e4bd5eb1d1b8f62cade3177ef00fa9bd4dc15c899a41b00d3d0"",""hs_18q_d1:1dpu_t8"":""bf83ea123bc85b30f3c7f1f8a0de47c8366352fc37c099890eab75c8cba62cb8"",""hs_18q_d1:4dpu_t8"":""bf83ea123bc85b30f3c7f1f8a0de47c8366352fc37c099890eab75c8cba62cb8"",""quantization_stress_18q_l2:1dpu_t8"":""9d1e1ae9a325d84cef97b0fd9beffa9d4b3d783f00a4e38f6fce3a17114d3abb"",""quantization_stress_18q_l2:4dpu_t8"":""9d1e1ae9a325d84cef97b0fd9beffa9d4b3d783f00a4e38f6fce3a17114d3abb""}"
560,3,2.284677815549974,1.0163179096347865,8,0.0,1.0,0.0,0.0,0.0,1.0,0.0,0.0,0.0,"{""edc_18q:1dpu_t8"":""cf23b184355b080f3bead1d9d754a3c2c295746793109413aedfff30da27b94e"",""edc_18q:4dpu_t8"":""cf23b184355b080f3bead1d9d754a3c2c295746793109413aedfff30da27b94e"",""ghz_chain_18q:1dpu_t8"":""9f9e62a16e205e4bd5eb1d1b8f62cade3177ef00fa9bd4dc15c899a41b00d3d0"",""ghz_chain_18q:4dpu_t8"":""9f9e62a16e205e4bd5eb1d1b8f62cade3177ef00fa9bd4dc15c899a41b00d3d0"",""hs_18q_d1:1dpu_t8"":""0f172b4535a71fb59dd5d4f406df828c33333cda1113d1c71db08b5d0e989d1e"",""hs_18q_d1:4dpu_t8"":""0f172b4535a71fb59dd5d4f406df828c33333cda1113d1c71db08b5d0e989d1e"",""quantization_stress_18q_l2:1dpu_t8"":""9d1e1ae9a325d84cef97b0fd9beffa9d4b3d783f00a4e38f6fce3a17114d3abb"",""quantization_stress_18q_l2:4dpu_t8"":""9d1e1ae9a325d84cef97b0fd9beffa9d4b3d783f00a4e38f6fce3a17114d3abb""}"
561,4,2.23392520506041,1.0,7,0.22063680206282787,0.7768451800394555,0.002518017897716659,0.11031840103141394,0.11031840103141394,0.7768451800394555,0.002518017897716659,0.0,0.0,"{""edc_18q:1dpu_t8"":""cf23b184355b080f3bead1d9d754a3c2c295746793109413aedfff30da27b94e"",""edc_18q:4dpu_t8"":""cf23b184355b080f3bead1d9d754a3c2c295746793109413aedfff30da27b94e"",""ghz_chain_18q:1dpu_t8"":""9f9e62a16e205e4bd5eb1d1b8f62cade3177ef00fa9bd4dc15c899a41b00d3d0"",""ghz_chain_18q:4dpu_t8"":""9f9e62a16e205e4bd5eb1d1b8f62cade3177ef00fa9bd4dc15c899a41b00d3d0"",""hs_18q_d1:1dpu_t8"":""bf83ea123bc85b30f3c7f1f8a0de47c8366352fc37c099890eab75c8cba62cb8"",""hs_18q_d1:4dpu_t8"":""0f172b4535a71fb59dd5d4f406df828c33333cda1113d1c71db08b5d0e989d1e"",""quantization_stress_18q_l2:1dpu_t8"":""9d1e1ae9a325d84cef97b0fd9beffa9d4b3d783f00a4e38f6fce3a17114d3abb"",""quantization_stress_18q_l2:4dpu_t8"":""9d1e1ae9a325d84cef97b0fd9beffa9d4b3d783f00a4e38f6fce3a17114d3abb""}"
562,9,2.220167547746109,1.0,7,0.5414741851996391,0.45232358896253566,0.006202225837825213,0.27073709259981954,0.27073709259981954,0.45232358896253566,0.006202225837825213,0.0,0.0,"{""edc_18q:1dpu_t8"":""cf23b184355b080f3bead1d9d754a3c2c295746793109413aedfff30da27b94e"",""edc_18q:4dpu_t8"":""cf23b184355b080f3bead1d9d754a3c2c295746793109413aedfff30da27b94e"",""ghz_chain_18q:1dpu_t8"":""9f9e62a16e205e4bd5eb1d1b8f62cade3177ef00fa9bd4dc15c899a41b00d3d0"",""ghz_chain_18q:4dpu_t8"":""9f9e62a16e205e4bd5eb1d1b8f62cade3177ef00fa9bd4dc15c899a41b00d3d0"",""hs_18q_d1:1dpu_t8"":""bf83ea123bc85b30f3c7f1f8a0de47c8366352fc37c099890eab75c8cba62cb8"",""hs_18q_d1:4dpu_t8"":""0f172b4535a71fb59dd5d4f406df828c33333cda1113d1c71db08b5d0e989d1e"",""quantization_stress_18q_l2:1dpu_t8"":""e56fd025e7fdf900c75302bb6e7212f78d89deef09b236732a001e9f5c5001c1"",""quantization_stress_18q_l2:4dpu_t8"":""e56fd025e7fdf900c75302bb6e7212f78d89deef09b236732a001e9f5c5001c1""}"
563,5,2.2356851563577265,1.0,6,0.024368166273412584,0.9754242110524387,0.00020762267414873057,0.012184083136706292,0.012184083136706292,0.9754242110524387,0.00020762267414873057,0.0,0.0,"{""edc_18q:1dpu_t8"":""cf23b184355b080f3bead1d9d754a3c2c295746793109413aedfff30da27b94e"",""edc_18q:4dpu_t8"":""cf23b184355b080f3bead1d9d754a3c2c295746793109413aedfff30da27b94e"",""ghz_chain_18q:1dpu_t8"":""9f9e62a16e205e4bd5eb1d1b8f62cade3177ef00fa9bd4dc15c899a41b00d3d0"",""ghz_chain_18q:4dpu_t8"":""9f9e62a16e205e4bd5eb1d1b8f62cade3177ef00fa9bd4dc15c899a41b00d3d0"",""hs_18q_d1:1dpu_t8"":""bf83ea123bc85b30f3c7f1f8a0de47c8366352fc37c099890eab75c8cba62cb8"",""hs_18q_d1:4dpu_t8"":""bf83ea123bc85b30f3c7f1f8a0de47c8366352fc37c099890eab75c8cba62cb8"",""quantization_stress_18q_l2:1dpu_t8"":""9d1e1ae9a325d84cef97b0fd9beffa9d4b3d783f00a4e38f6fce3a17114d3abb"",""quantization_stress_18q_l2:4dpu_t8"":""9d1e1ae9a325d84cef97b0fd9beffa9d4b3d783f00a4e38f6fce3a17114d3abb""}"
564,9,2.2376398690640382,1.0,7,0.5414741851996391,0.45232358896253566,0.006202225837825213,0.27073709259981954,0.27073709259981954,0.45232358896253566,0.006202225837825213,0.0,0.0,"{""edc_18q:1dpu_t8"":""cf23b184355b080f3bead1d9d754a3c2c295746793109413aedfff30da27b94e"",""edc_18q:4dpu_t8"":""cf23b184355b080f3bead1d9d754a3c2c295746793109413aedfff30da27b94e"",""ghz_chain_18q:1dpu_t8"":""9f9e62a16e205e4bd5eb1d1b8f62cade3177ef00fa9bd4dc15c899a41b00d3d0"",""ghz_chain_18q:4dpu_t8"":""9f9e62a16e205e4bd5eb1d1b8f62cade3177ef00fa9bd4dc15c899a41b00d3d0"",""hs_18q_d1:1dpu_t8"":""bf83ea123bc85b30f3c7f1f8a0de47c8366352fc37c099890eab75c8cba62cb8"",""hs_18q_d1:4dpu_t8"":""0f172b4535a71fb59dd5d4f406df828c33333cda1113d1c71db08b5d0e989d1e"",""quantization_stress_18q_l2:1dpu_t8"":""e56fd025e7fdf900c75302bb6e7212f78d89deef09b236732a001e9f5c5001c1"",""quantization_stress_18q_l2:4dpu_t8"":""e56fd025e7fdf900c75302bb6e7212f78d89deef09b236732a001e9f5c5001c1""}"
565,9,2.243161309272567,1.0,7,0.5414741851996391,0.45232358896253566,0.006202225837825213,0.27073709259981954,0.27073709259981954,0.45232358896253566,0.006202225837825213,0.0,0.0,"{""edc_18q:1dpu_t8"":""cf23b184355b080f3bead1d9d754a3c2c295746793109413aedfff30da27b94e"",""edc_18q:4dpu_t8"":""cf23b184355b080f3bead1d9d754a3c2c295746793109413aedfff30da27b94e"",""ghz_chain_18q:1dpu_t8"":""9f9e62a16e205e4bd5eb1d1b8f62cade3177ef00fa9bd4dc15c899a41b00d3d0"",""ghz_chain_18q:4dpu_t8"":""9f9e62a16e205e4bd5eb1d1b8f62cade3177ef00fa9bd4dc15c899a41b00d3d0"",""hs_18q_d1:1dpu_t8"":""bf83ea123bc85b30f3c7f1f8a0de47c8366352fc37c099890eab75c8cba62cb8"",""hs_18q_d1:4dpu_t8"":""0f172b4535a71fb59dd5d4f406df828c33333cda1113d1c71db08b5d0e989d1e"",""quantization_stress_18q_l2:1dpu_t8"":""e56fd025e7fdf900c75302bb6e7212f78d89deef09b236732a001e9f5c5001c1"",""quantization_stress_18q_l2:4dpu_t8"":""e56fd025e7fdf900c75302bb6e7212f78d89deef09b236732a001e9f5c5001c1""}"
566,8,2.276529999159317,1.041845644222677,8,0.3715322706836804,0.40507521716230527,0.2233925121540143,0.1857661353418402,0.1857661353418402,0.40507521716230527,0.2233925121540143,0.0,0.0,"{""edc_18q:1dpu_t8"":""cf23b184355b080f3bead1d9d754a3c2c295746793109413aedfff30da27b94e"",""edc_18q:4dpu_t8"":""cf23b184355b080f3bead1d9d754a3c2c295746793109413aedfff30da27b94e"",""ghz_chain_18q:1dpu_t8"":""9f9e62a16e205e4bd5eb1d1b8f62cade3177ef00fa9bd4dc15c899a41b00d3d0"",""ghz_chain_18q:4dpu_t8"":""9f9e62a16e205e4bd5eb1d1b8f62cade3177ef00fa9bd4dc15c899a41b00d3d0"",""hs_18q_d1:1dpu_t8"":""0f172b4535a71fb59dd5d4f406df828c33333cda1113d1c71db08b5d0e989d1e"",""hs_18q_d1:4dpu_t8"":""0f172b4535a71fb59dd5d4f406df828c33333cda1113d1c71db08b5d0e989d1e"",""quantization_stress_18q_l2:1dpu_t8"":""e56fd025e7fdf900c75302bb6e7212f78d89deef09b236732a001e9f5c5001c1"",""quantization_stress_18q_l2:4dpu_t8"":""e56fd025e7fdf900c75302bb6e7212f78d89deef09b236732a001e9f5c5001c1""}"
567,4,2.231689244785646,1.0,7,0.22063680206282787,0.7768451800394555,0.002518017897716659,0.11031840103141394,0.11031840103141394,0.7768451800394555,0.002518017897716659,0.0,0.0,"{""edc_18q:1dpu_t8"":""cf23b184355b080f3bead1d9d754a3c2c295746793109413aedfff30da27b94e"",""edc_18q:4dpu_t8"":""cf23b184355b080f3bead1d9d754a3c2c295746793109413aedfff30da27b94e"",""ghz_chain_18q:1dpu_t8"":""9f9e62a16e205e4bd5eb1d1b8f62cade3177ef00fa9bd4dc15c899a41b00d3d0"",""ghz_chain_18q:4dpu_t8"":""9f9e62a16e205e4bd5eb1d1b8f62cade3177ef00fa9bd4dc15c899a41b00d3d0"",""hs_18q_d1:1dpu_t8"":""bf83ea123bc85b30f3c7f1f8a0de47c8366352fc37c099890eab75c8cba62cb8"",""hs_18q_d1:4dpu_t8"":""0f172b4535a71fb59dd5d4f406df828c33333cda1113d1c71db08b5d0e989d1e"",""quantization_stress_18q_l2:1dpu_t8"":""9d1e1ae9a325d84cef97b0fd9beffa9d4b3d783f00a4e38f6fce3a17114d3abb"",""quantization_stress_18q_l2:4dpu_t8"":""9d1e1ae9a325d84cef97b0fd9beffa9d4b3d783f00a4e38f6fce3a17114d3abb""}"
568,5,2.236934392326407,1.0,6,0.024368166273412584,0.9754242110524387,0.00020762267414873057,0.012184083136706292,0.012184083136706292,0.9754242110524387,0.00020762267414873057,0.0,0.0,"{""edc_18q:1dpu_t8"":""cf23b184355b080f3bead1d9d754a3c2c295746793109413aedfff30da27b94e"",""edc_18q:4dpu_t8"":""cf23b184355b080f3bead1d9d754a3c2c295746793109413aedfff30da27b94e"",""ghz_chain_18q:1dpu_t8"":""9f9e62a16e205e4bd5eb1d1b8f62cade3177ef00fa9bd4dc15c899a41b00d3d0"",""ghz_chain_18q:4dpu_t8"":""9f9e62a16e205e4bd5eb1d1b8f62cade3177ef00fa9bd4dc15c899a41b00d3d0"",""hs_18q_d1:1dpu_t8"":""bf83ea123bc85b30f3c7f1f8a0de47c8366352fc37c099890eab75c8cba62cb8"",""hs_18q_d1:4dpu_t8"":""bf83ea123bc85b30f3c7f1f8a0de47c8366352fc37c099890eab75c8cba62cb8"",""quantization_stress_18q_l2:1dpu_t8"":""9d1e1ae9a325d84cef97b0fd9beffa9d4b3d783f00a4e38f6fce3a17114d3abb"",""quantization_stress_18q_l2:4dpu_t8"":""9d1e1ae9a325d84cef97b0fd9beffa9d4b3d783f00a4e38f6fce3a17114d3abb""}"
569,5,2.2481506535822358,1.0,6,0.024368166273412584,0.9754242110524387,0.00020762267414873057,0.012184083136706292,0.012184083136706292,0.9754242110524387,0.00020762267414873057,0.0,0.0,"{""edc_18q:1dpu_t8"":""cf23b184355b080f3bead1d9d754a3c2c295746793109413aedfff30da27b94e"",""edc_18q:4dpu_t8"":""cf23b184355b080f3bead1d9d754a3c2c295746793109413aedfff30da27b94e"",""ghz_chain_18q:1dpu_t8"":""9f9e62a16e205e4bd5eb1d1b8f62cade3177ef00fa9bd4dc15c899a41b00d3d0"",""ghz_chain_18q:4dpu_t8"":""9f9e62a16e205e4bd5eb1d1b8f62cade3177ef00fa9bd4dc15c899a41b00d3d0"",""hs_18q_d1:1dpu_t8"":""bf83ea123bc85b30f3c7f1f8a0de47c8366352fc37c099890eab75c8cba62cb8"",""hs_18q_d1:4dpu_t8"":""bf83ea123bc85b30f3c7f1f8a0de47c8366352fc37c099890eab75c8cba62cb8"",""quantization_stress_18q_l2:1dpu_t8"":""9d1e1ae9a325d84cef97b0fd9beffa9d4b3d783f00a4e38f6fce3a17114d3abb"",""quantization_stress_18q_l2:4dpu_t8"":""9d1e1ae9a325d84cef97b0fd9beffa9d4b3d783f00a4e38f6fce3a17114d3abb""}"
570,4,2.2500527426978256,1.0,7,0.22063680206282787,0.7768451800394555,0.002518017897716659,0.11031840103141394,0.11031840103141394,0.7768451800394555,0.002518017897716659,0.0,0.0,"{""edc_18q:1dpu_t8"":""cf23b184355b080f3bead1d9d754a3c2c295746793109413aedfff30da27b94e"",""edc_18q:4dpu_t8"":""cf23b184355b080f3bead1d9d754a3c2c295746793109413aedfff30da27b94e"",""ghz_chain_18q:1dpu_t8"":""9f9e62a16e205e4bd5eb1d1b8f62cade3177ef00fa9bd4dc15c899a41b00d3d0"",""ghz_chain_18q:4dpu_t8"":""9f9e62a16e205e4bd5eb1d1b8f62cade3177ef00fa9bd4dc15c899a41b00d3d0"",""hs_18q_d1:1dpu_t8"":""bf83ea123bc85b30f3c7f1f8a0de47c8366352fc37c099890eab75c8cba62cb8"",""hs_18q_d1:4dpu_t8"":""0f172b4535a71fb59dd5d4f406df828c33333cda1113d1c71db08b5d0e989d1e"",""quantization_stress_18q_l2:1dpu_t8"":""9d1e1ae9a325d84cef97b0fd9beffa9d4b3d783f00a4e38f6fce3a17114d3abb"",""quantization_stress_18q_l2:4dpu_t8"":""9d1e1ae9a325d84cef97b0fd9beffa9d4b3d783f00a4e38f6fce3a17114d3abb""}"
571,9,2.24687687522961,1.0,7,0.5414741851996391,0.45232358896253566,0.006202225837825213,0.27073709259981954,0.27073709259981954,0.45232358896253566,0.006202225837825213,0.0,0.0,"{""edc_18q:1dpu_t8"":""cf23b184355b080f3bead1d9d754a3c2c295746793109413aedfff30da27b94e"",""edc_18q:4dpu_t8"":""cf23b184355b080f3bead1d9d754a3c2c295746793109413aedfff30da27b94e"",""ghz_chain_18q:1dpu_t8"":""9f9e62a16e205e4bd5eb1d1b8f62cade3177ef00fa9bd4dc15c899a41b00d3d0"",""ghz_chain_18q:4dpu_t8"":""9f9e62a16e205e4bd5eb1d1b8f62cade3177ef00fa9bd4dc15c899a41b00d3d0"",""hs_18q_d1:1dpu_t8"":""bf83ea123bc85b30f3c7f1f8a0de47c8366352fc37c099890eab75c8cba62cb8"",""hs_18q_d1:4dpu_t8"":""0f172b4535a71fb59dd5d4f406df828c33333cda1113d1c71db08b5d0e989d1e"",""quantization_stress_18q_l2:1dpu_t8"":""e56fd025e7fdf900c75302bb6e7212f78d89deef09b236732a001e9f5c5001c1"",""quantization_stress_18q_l2:4dpu_t8"":""e56fd025e7fdf900c75302bb6e7212f78d89deef09b236732a001e9f5c5001c1""}"
572,9,2.2433398563287166,1.0,7,0.5414741851996391,0.45232358896253566,0.006202225837825213,0.27073709259981954,0.27073709259981954,0.45232358896253566,0.006202225837825213,0.0,0.0,"{""edc_18q:1dpu_t8"":""cf23b184355b080f3bead1d9d754a3c2c295746793109413aedfff30da27b94e"",""edc_18q:4dpu_t8"":""cf23b184355b080f3bead1d9d754a3c2c295746793109413aedfff30da27b94e"",""ghz_chain_18q:1dpu_t8"":""9f9e62a16e205e4bd5eb1d1b8f62cade3177ef00fa9bd4dc15c899a41b00d3d0"",""ghz_chain_18q:4dpu_t8"":""9f9e62a16e205e4bd5eb1d1b8f62cade3177ef00fa9bd4dc15c899a41b00d3d0"",""hs_18q_d1:1dpu_t8"":""bf83ea123bc85b30f3c7f1f8a0de47c8366352fc37c099890eab75c8cba62cb8"",""hs_18q_d1:4dpu_t8"":""0f172b4535a71fb59dd5d4f406df828c33333cda1113d1c71db08b5d0e989d1e"",""quantization_stress_18q_l2:1dpu_t8"":""e56fd025e7fdf900c75302bb6e7212f78d89deef09b236732a001e9f5c5001c1"",""quantization_stress_18q_l2:4dpu_t8"":""e56fd025e7fdf900c75302bb6e7212f78d89deef09b236732a001e9f5c5001c1""}"
573,9,2.2374689437159727,1.0,7,0.5414741851996391,0.45232358896253566,0.006202225837825213,0.27073709259981954,0.27073709259981954,0.45232358896253566,0.006202225837825213,0.0,0.0,"{""edc_18q:1dpu_t8"":""cf23b184355b080f3bead1d9d754a3c2c295746793109413aedfff30da27b94e"",""edc_18q:4dpu_t8"":""cf23b184355b080f3bead1d9d754a3c2c295746793109413aedfff30da27b94e"",""ghz_chain_18q:1dpu_t8"":""9f9e62a16e205e4bd5eb1d1b8f62cade3177ef00fa9bd4dc15c899a41b00d3d0"",""ghz_chain_18q:4dpu_t8"":""9f9e62a16e205e4bd5eb1d1b8f62cade3177ef00fa9bd4dc15c899a41b00d3d0"",""hs_18q_d1:1dpu_t8"":""bf83ea123bc85b30f3c7f1f8a0de47c8366352fc37c099890eab75c8cba62cb8"",""hs_18q_d1:4dpu_t8"":""0f172b4535a71fb59dd5d4f406df828c33333cda1113d1c71db08b5d0e989d1e"",""quantization_stress_18q_l2:1dpu_t8"":""e56fd025e7fdf900c75302bb6e7212f78d89deef09b236732a001e9f5c5001c1"",""quantization_stress_18q_l2:4dpu_t8"":""e56fd025e7fdf900c75302bb6e7212f78d89deef09b236732a001e9f5c5001c1""}"
574,3,2.285722082706814,1.041845644222677,8,0.0,1.0,0.0,0.0,0.0,1.0,0.0,0.0,0.0,"{""edc_18q:1dpu_t8"":""cf23b184355b080f3bead1d9d754a3c2c295746793109413aedfff30da27b94e"",""edc_18q:4dpu_t8"":""cf23b184355b080f3bead1d9d754a3c2c295746793109413aedfff30da27b94e"",""ghz_chain_18q:1dpu_t8"":""9f9e62a16e205e4bd5eb1d1b8f62cade3177ef00fa9bd4dc15c899a41b00d3d0"",""ghz_chain_18q:4dpu_t8"":""9f9e62a16e205e4bd5eb1d1b8f62cade3177ef00fa9bd4dc15c899a41b00d3d0"",""hs_18q_d1:1dpu_t8"":""0f172b4535a71fb59dd5d4f406df828c33333cda1113d1c71db08b5d0e989d1e"",""hs_18q_d1:4dpu_t8"":""0f172b4535a71fb59dd5d4f406df828c33333cda1113d1c71db08b5d0e989d1e"",""quantization_stress_18q_l2:1dpu_t8"":""9d1e1ae9a325d84cef97b0fd9beffa9d4b3d783f00a4e38f6fce3a17114d3abb"",""quantization_stress_18q_l2:4dpu_t8"":""9d1e1ae9a325d84cef97b0fd9beffa9d4b3d783f00a4e38f6fce3a17114d3abb""}"
575,5,2.2378374276399047,1.0,6,0.024368166273412584,0.9754242110524387,0.00020762267414873057,0.012184083136706292,0.012184083136706292,0.9754242110524387,0.00020762267414873057,0.0,0.0,"{""edc_18q:1dpu_t8"":""cf23b184355b080f3bead1d9d754a3c2c295746793109413aedfff30da27b94e"",""edc_18q:4dpu_t8"":""cf23b184355b080f3bead1d9d754a3c2c295746793109413aedfff30da27b94e"",""ghz_chain_18q:1dpu_t8"":""9f9e62a16e205e4bd5eb1d1b8f62cade3177ef00fa9bd4dc15c899a41b00d3d0"",""ghz_chain_18q:4dpu_t8"":""9f9e62a16e205e4bd5eb1d1b8f62cade3177ef00fa9bd4dc15c899a41b00d3d0"",""hs_18q_d1:1dpu_t8"":""bf83ea123bc85b30f3c7f1f8a0de47c8366352fc37c099890eab75c8cba62cb8"",""hs_18q_d1:4dpu_t8"":""bf83ea123bc85b30f3c7f1f8a0de47c8366352fc37c099890eab75c8cba62cb8"",""quantization_stress_18q_l2:1dpu_t8"":""9d1e1ae9a325d84cef97b0fd9beffa9d4b3d783f00a4e38f6fce3a17114d3abb"",""quantization_stress_18q_l2:4dpu_t8"":""9d1e1ae9a325d84cef97b0fd9beffa9d4b3d783f00a4e38f6fce3a17114d3abb""}"
576,5,2.250141492989362,1.0,6,0.024368166273412584,0.9754242110524387,0.00020762267414873057,0.012184083136706292,0.012184083136706292,0.9754242110524387,0.00020762267414873057,0.0,0.0,"{""edc_18q:1dpu_t8"":""cf23b184355b080f3bead1d9d754a3c2c295746793109413aedfff30da27b94e"",""edc_18q:4dpu_t8"":""cf23b184355b080f3bead1d9d754a3c2c295746793109413aedfff30da27b94e"",""ghz_chain_18q:1dpu_t8"":""9f9e62a16e205e4bd5eb1d1b8f62cade3177ef00fa9bd4dc15c899a41b00d3d0"",""ghz_chain_18q:4dpu_t8"":""9f9e62a16e205e4bd5eb1d1b8f62cade3177ef00fa9bd4dc15c899a41b00d3d0"",""hs_18q_d1:1dpu_t8"":""bf83ea123bc85b30f3c7f1f8a0de47c8366352fc37c099890eab75c8cba62cb8"",""hs_18q_d1:4dpu_t8"":""bf83ea123bc85b30f3c7f1f8a0de47c8366352fc37c099890eab75c8cba62cb8"",""quantization_stress_18q_l2:1dpu_t8"":""9d1e1ae9a325d84cef97b0fd9beffa9d4b3d783f00a4e38f6fce3a17114d3abb"",""quantization_stress_18q_l2:4dpu_t8"":""9d1e1ae9a325d84cef97b0fd9beffa9d4b3d783f00a4e38f6fce3a17114d3abb""}"
577,5,2.24064941703246,1.0,6,0.024368166273412584,0.9754242110524387,0.00020762267414873057,0.012184083136706292,0.012184083136706292,0.9754242110524387,0.00020762267414873057,0.0,0.0,"{""edc_18q:1dpu_t8"":""cf23b184355b080f3bead1d9d754a3c2c295746793109413aedfff30da27b94e"",""edc_18q:4dpu_t8"":""cf23b184355b080f3bead1d9d754a3c2c295746793109413aedfff30da27b94e"",""ghz_chain_18q:1dpu_t8"":""9f9e62a16e205e4bd5eb1d1b8f62cade3177ef00fa9bd4dc15c899a41b00d3d0"",""ghz_chain_18q:4dpu_t8"":""9f9e62a16e205e4bd5eb1d1b8f62cade3177ef00fa9bd4dc15c899a41b00d3d0"",""hs_18q_d1:1dpu_t8"":""bf83ea123bc85b30f3c7f1f8a0de47c8366352fc37c099890eab75c8cba62cb8"",""hs_18q_d1:4dpu_t8"":""bf83ea123bc85b30f3c7f1f8a0de47c8366352fc37c099890eab75c8cba62cb8"",""quantization_stress_18q_l2:1dpu_t8"":""9d1e1ae9a325d84cef97b0fd9beffa9d4b3d783f00a4e38f6fce3a17114d3abb"",""quantization_stress_18q_l2:4dpu_t8"":""9d1e1ae9a325d84cef97b0fd9beffa9d4b3d783f00a4e38f6fce3a17114d3abb""}"
578,8,2.2726991864096426,1.041845644222677,8,0.3715322706836804,0.40507521716230527,0.2233925121540143,0.1857661353418402,0.1857661353418402,0.40507521716230527,0.2233925121540143,0.0,0.0,"{""edc_18q:1dpu_t8"":""cf23b184355b080f3bead1d9d754a3c2c295746793109413aedfff30da27b94e"",""edc_18q:4dpu_t8"":""cf23b184355b080f3bead1d9d754a3c2c295746793109413aedfff30da27b94e"",""ghz_chain_18q:1dpu_t8"":""9f9e62a16e205e4bd5eb1d1b8f62cade3177ef00fa9bd4dc15c899a41b00d3d0"",""ghz_chain_18q:4dpu_t8"":""9f9e62a16e205e4bd5eb1d1b8f62cade3177ef00fa9bd4dc15c899a41b00d3d0"",""hs_18q_d1:1dpu_t8"":""0f172b4535a71fb59dd5d4f406df828c33333cda1113d1c71db08b5d0e989d1e"",""hs_18q_d1:4dpu_t8"":""0f172b4535a71fb59dd5d4f406df828c33333cda1113d1c71db08b5d0e989d1e"",""quantization_stress_18q_l2:1dpu_t8"":""e56fd025e7fdf900c75302bb6e7212f78d89deef09b236732a001e9f5c5001c1"",""quantization_stress_18q_l2:4dpu_t8"":""e56fd025e7fdf900c75302bb6e7212f78d89deef09b236732a001e9f5c5001c1""}"
579,5,2.24072384753853,1.0,6,0.024368166273412584,0.9754242110524387,0.00020762267414873057,0.012184083136706292,0.012184083136706292,0.9754242110524387,0.00020762267414873057,0.0,0.0,"{""edc_18q:1dpu_t8"":""cf23b184355b080f3bead1d9d754a3c2c295746793109413aedfff30da27b94e"",""edc_18q:4dpu_t8"":""cf23b184355b080f3bead1d9d754a3c2c295746793109413aedfff30da27b94e"",""ghz_chain_18q:1dpu_t8"":""9f9e62a16e205e4bd5eb1d1b8f62cade3177ef00fa9bd4dc15c899a41b00d3d0"",""ghz_chain_18q:4dpu_t8"":""9f9e62a16e205e4bd5eb1d1b8f62cade3177ef00fa9bd4dc15c899a41b00d3d0"",""hs_18q_d1:1dpu_t8"":""bf83ea123bc85b30f3c7f1f8a0de47c8366352fc37c099890eab75c8cba62cb8"",""hs_18q_d1:4dpu_t8"":""bf83ea123bc85b30f3c7f1f8a0de47c8366352fc37c099890eab75c8cba62cb8"",""quantization_stress_18q_l2:1dpu_t8"":""9d1e1ae9a325d84cef97b0fd9beffa9d4b3d783f00a4e38f6fce3a17114d3abb"",""quantization_stress_18q_l2:4dpu_t8"":""9d1e1ae9a325d84cef97b0fd9beffa9d4b3d783f00a4e38f6fce3a17114d3abb""}"
580,5,2.234812495982674,1.0,6,0.024368166273412584,0.9754242110524387,0.00020762267414873057,0.012184083136706292,0.012184083136706292,0.9754242110524387,0.00020762267414873057,0.0,0.0,"{""edc_18q:1dpu_t8"":""cf23b184355b080f3bead1d9d754a3c2c295746793109413aedfff30da27b94e"",""edc_18q:4dpu_t8"":""cf23b184355b080f3bead1d9d754a3c2c295746793109413aedfff30da27b94e"",""ghz_chain_18q:1dpu_t8"":""9f9e62a16e205e4bd5eb1d1b8f62cade3177ef00fa9bd4dc15c899a41b00d3d0"",""ghz_chain_18q:4dpu_t8"":""9f9e62a16e205e4bd5eb1d1b8f62cade3177ef00fa9bd4dc15c899a41b00d3d0"",""hs_18q_d1:1dpu_t8"":""bf83ea123bc85b30f3c7f1f8a0de47c8366352fc37c099890eab75c8cba62cb8"",""hs_18q_d1:4dpu_t8"":""bf83ea123bc85b30f3c7f1f8a0de47c8366352fc37c099890eab75c8cba62cb8"",""quantization_stress_18q_l2:1dpu_t8"":""9d1e1ae9a325d84cef97b0fd9beffa9d4b3d783f00a4e38f6fce3a17114d3abb"",""quantization_stress_18q_l2:4dpu_t8"":""9d1e1ae9a325d84cef97b0fd9beffa9d4b3d783f00a4e38f6fce3a17114d3abb""}"
581,3,2.2923605968772334,1.0163179096347865,8,0.0,1.0,0.0,0.0,0.0,1.0,0.0,0.0,0.0,"{""edc_18q:1dpu_t8"":""cf23b184355b080f3bead1d9d754a3c2c295746793109413aedfff30da27b94e"",""edc_18q:4dpu_t8"":""cf23b184355b080f3bead1d9d754a3c2c295746793109413aedfff30da27b94e"",""ghz_chain_18q:1dpu_t8"":""9f9e62a16e205e4bd5eb1d1b8f62cade3177ef00fa9bd4dc15c899a41b00d3d0"",""ghz_chain_18q:4dpu_t8"":""9f9e62a16e205e4bd5eb1d1b8f62cade3177ef00fa9bd4dc15c899a41b00d3d0"",""hs_18q_d1:1dpu_t8"":""0f172b4535a71fb59dd5d4f406df828c33333cda1113d1c71db08b5d0e989d1e"",""hs_18q_d1:4dpu_t8"":""0f172b4535a71fb59dd5d4f406df828c33333cda1113d1c71db08b5d0e989d1e"",""quantization_stress_18q_l2:1dpu_t8"":""9d1e1ae9a325d84cef97b0fd9beffa9d4b3d783f00a4e38f6fce3a17114d3abb"",""quantization_stress_18q_l2:4dpu_t8"":""9d1e1ae9a325d84cef97b0fd9beffa9d4b3d783f00a4e38f6fce3a17114d3abb""}"
582,5,2.2306806602195084,1.0,6,0.024368166273412584,0.9754242110524387,0.00020762267414873057,0.012184083136706292,0.012184083136706292,0.9754242110524387,0.00020762267414873057,0.0,0.0,"{""edc_18q:1dpu_t8"":""cf23b184355b080f3bead1d9d754a3c2c295746793109413aedfff30da27b94e"",""edc_18q:4dpu_t8"":""cf23b184355b080f3bead1d9d754a3c2c295746793109413aedfff30da27b94e"",""ghz_chain_18q:1dpu_t8"":""9f9e62a16e205e4bd5eb1d1b8f62cade3177ef00fa9bd4dc15c899a41b00d3d0"",""ghz_chain_18q:4dpu_t8"":""9f9e62a16e205e4bd5eb1d1b8f62cade3177ef00fa9bd4dc15c899a41b00d3d0"",""hs_18q_d1:1dpu_t8"":""bf83ea123bc85b30f3c7f1f8a0de47c8366352fc37c099890eab75c8cba62cb8"",""hs_18q_d1:4dpu_t8"":""bf83ea123bc85b30f3c7f1f8a0de47c8366352fc37c099890eab75c8cba62cb8"",""quantization_stress_18q_l2:1dpu_t8"":""9d1e1ae9a325d84cef97b0fd9beffa9d4b3d783f00a4e38f6fce3a17114d3abb"",""quantization_stress_18q_l2:4dpu_t8"":""9d1e1ae9a325d84cef97b0fd9beffa9d4b3d783f00a4e38f6fce3a17114d3abb""}"
583,10,2.2369509039410906,1.0,6,0.47630996810097936,0.518889877536195,0.004800154362825642,0.23815498405048968,0.23815498405048968,0.518889877536195,0.004800154362825642,0.0,0.0,"{""edc_18q:1dpu_t8"":""cf23b184355b080f3bead1d9d754a3c2c295746793109413aedfff30da27b94e"",""edc_18q:4dpu_t8"":""cf23b184355b080f3bead1d9d754a3c2c295746793109413aedfff30da27b94e"",""ghz_chain_18q:1dpu_t8"":""9f9e62a16e205e4bd5eb1d1b8f62cade3177ef00fa9bd4dc15c899a41b00d3d0"",""ghz_chain_18q:4dpu_t8"":""9f9e62a16e205e4bd5eb1d1b8f62cade3177ef00fa9bd4dc15c899a41b00d3d0"",""hs_18q_d1:1dpu_t8"":""bf83ea123bc85b30f3c7f1f8a0de47c8366352fc37c099890eab75c8cba62cb8"",""hs_18q_d1:4dpu_t8"":""bf83ea123bc85b30f3c7f1f8a0de47c8366352fc37c099890eab75c8cba62cb8"",""quantization_stress_18q_l2:1dpu_t8"":""e56fd025e7fdf900c75302bb6e7212f78d89deef09b236732a001e9f5c5001c1"",""quantization_stress_18q_l2:4dpu_t8"":""e56fd025e7fdf900c75302bb6e7212f78d89deef09b236732a001e9f5c5001c1""}"
584,5,2.2504215799357317,1.0,6,0.024368166273412584,0.9754242110524387,0.00020762267414873057,0.012184083136706292,0.012184083136706292,0.9754242110524387,0.00020762267414873057,0.0,0.0,"{""edc_18q:1dpu_t8"":""cf23b184355b080f3bead1d9d754a3c2c295746793109413aedfff30da27b94e"",""edc_18q:4dpu_t8"":""cf23b184355b080f3bead1d9d754a3c2c295746793109413aedfff30da27b94e"",""ghz_chain_18q:1dpu_t8"":""9f9e62a16e205e4bd5eb1d1b8f62cade3177ef00fa9bd4dc15c899a41b00d3d0"",""ghz_chain_18q:4dpu_t8"":""9f9e62a16e205e4bd5eb1d1b8f62cade3177ef00fa9bd4dc15c899a41b00d3d0"",""hs_18q_d1:1dpu_t8"":""bf83ea123bc85b30f3c7f1f8a0de47c8366352fc37c099890eab75c8cba62cb8"",""hs_18q_d1:4dpu_t8"":""bf83ea123bc85b30f3c7f1f8a0de47c8366352fc37c099890eab75c8cba62cb8"",""quantization_stress_18q_l2:1dpu_t8"":""9d1e1ae9a325d84cef97b0fd9beffa9d4b3d783f00a4e38f6fce3a17114d3abb"",""quantization_stress_18q_l2:4dpu_t8"":""9d1e1ae9a325d84cef97b0fd9beffa9d4b3d783f00a4e38f6fce3a17114d3abb""}"
585,5,2.2410152541623503,1.0,6,0.024368166273412584,0.9754242110524387,0.00020762267414873057,0.012184083136706292,0.012184083136706292,0.9754242110524387,0.00020762267414873057,0.0,0.0,"{""edc_18q:1dpu_t8"":""cf23b184355b080f3bead1d9d754a3c2c295746793109413aedfff30da27b94e"",""edc_18q:4dpu_t8"":""cf23b184355b080f3bead1d9d754a3c2c295746793109413aedfff30da27b94e"",""ghz_chain_18q:1dpu_t8"":""9f9e62a16e205e4bd5eb1d1b8f62cade3177ef00fa9bd4dc15c899a41b00d3d0"",""ghz_chain_18q:4dpu_t8"":""9f9e62a16e205e4bd5eb1d1b8f62cade3177ef00fa9bd4dc15c899a41b00d3d0"",""hs_18q_d1:1dpu_t8"":""bf83ea123bc85b30f3c7f1f8a0de47c8366352fc37c099890eab75c8cba62cb8"",""hs_18q_d1:4dpu_t8"":""bf83ea123bc85b30f3c7f1f8a0de47c8366352fc37c099890eab75c8cba62cb8"",""quantization_stress_18q_l2:1dpu_t8"":""9d1e1ae9a325d84cef97b0fd9beffa9d4b3d783f00a4e38f6fce3a17114d3abb"",""quantization_stress_18q_l2:4dpu_t8"":""9d1e1ae9a325d84cef97b0fd9beffa9d4b3d783f00a4e38f6fce3a17114d3abb""}"
586,5,2.2365616116366382,1.0,6,0.024368166273412584,0.9754242110524387,0.00020762267414873057,0.012184083136706292,0.012184083136706292,0.9754242110524387,0.00020762267414873057,0.0,0.0,"{""edc_18q:1dpu_t8"":""cf23b184355b080f3bead1d9d754a3c2c295746793109413aedfff30da27b94e"",""edc_18q:4dpu_t8"":""cf23b184355b080f3bead1d9d754a3c2c295746793109413aedfff30da27b94e"",""ghz_chain_18q:1dpu_t8"":""9f9e62a16e205e4bd5eb1d1b8f62cade3177ef00fa9bd4dc15c899a41b00d3d0"",""ghz_chain_18q:4dpu_t8"":""9f9e62a16e205e4bd5eb1d1b8f62cade3177ef00fa9bd4dc15c899a41b00d3d0"",""hs_18q_d1:1dpu_t8"":""bf83ea123bc85b30f3c7f1f8a0de47c8366352fc37c099890eab75c8cba62cb8"",""hs_18q_d1:4dpu_t8"":""bf83ea123bc85b30f3c7f1f8a0de47c8366352fc37c099890eab75c8cba62cb8"",""quantization_stress_18q_l2:1dpu_t8"":""9d1e1ae9a325d84cef97b0fd9beffa9d4b3d783f00a4e38f6fce3a17114d3abb"",""quantization_stress_18q_l2:4dpu_t8"":""9d1e1ae9a325d84cef97b0fd9beffa9d4b3d783f00a4e38f6fce3a17114d3abb""}"
587,9,2.2315463324380813,1.0,7,0.5414741851996391,0.45232358896253566,0.006202225837825213,0.27073709259981954,0.27073709259981954,0.45232358896253566,0.006202225837825213,0.0,0.0,"{""edc_18q:1dpu_t8"":""cf23b184355b080f3bead1d9d754a3c2c295746793109413aedfff30da27b94e"",""edc_18q:4dpu_t8"":""cf23b184355b080f3bead1d9d754a3c2c295746793109413aedfff30da27b94e"",""ghz_chain_18q:1dpu_t8"":""9f9e62a16e205e4bd5eb1d1b8f62cade3177ef00fa9bd4dc15c899a41b00d3d0"",""ghz_chain_18q:4dpu_t8"":""9f9e62a16e205e4bd5eb1d1b8f62cade3177ef00fa9bd4dc15c899a41b00d3d0"",""hs_18q_d1:1dpu_t8"":""bf83ea123bc85b30f3c7f1f8a0de47c8366352fc37c099890eab75c8cba62cb8"",""hs_18q_d1:4dpu_t8"":""0f172b4535a71fb59dd5d4f406df828c33333cda1113d1c71db08b5d0e989d1e"",""quantization_stress_18q_l2:1dpu_t8"":""e56fd025e7fdf900c75302bb6e7212f78d89deef09b236732a001e9f5c5001c1"",""quantization_stress_18q_l2:4dpu_t8"":""e56fd025e7fdf900c75302bb6e7212f78d89deef09b236732a001e9f5c5001c1""}"
588,5,2.231494504932414,1.0,6,0.024368166273412584,0.9754242110524387,0.00020762267414873057,0.012184083136706292,0.012184083136706292,0.9754242110524387,0.00020762267414873057,0.0,0.0,"{""edc_18q:1dpu_t8"":""cf23b184355b080f3bead1d9d754a3c2c295746793109413aedfff30da27b94e"",""edc_18q:4dpu_t8"":""cf23b184355b080f3bead1d9d754a3c2c295746793109413aedfff30da27b94e"",""ghz_chain_18q:1dpu_t8"":""9f9e62a16e205e4bd5eb1d1b8f62cade3177ef00fa9bd4dc15c899a41b00d3d0"",""ghz_chain_18q:4dpu_t8"":""9f9e62a16e205e4bd5eb1d1b8f62cade3177ef00fa9bd4dc15c899a41b00d3d0"",""hs_18q_d1:1dpu_t8"":""bf83ea123bc85b30f3c7f1f8a0de47c8366352fc37c099890eab75c8cba62cb8"",""hs_18q_d1:4dpu_t8"":""bf83ea123bc85b30f3c7f1f8a0de47c8366352fc37c099890eab75c8cba62cb8"",""quantization_stress_18q_l2:1dpu_t8"":""9d1e1ae9a325d84cef97b0fd9beffa9d4b3d783f00a4e38f6fce3a17114d3abb"",""quantization_stress_18q_l2:4dpu_t8"":""9d1e1ae9a325d84cef97b0fd9beffa9d4b3d783f00a4e38f6fce3a17114d3abb""}"
589,4,2.2672018683801403,1.0,7,0.22063680206282787,0.7768451800394555,0.002518017897716659,0.11031840103141394,0.11031840103141394,0.7768451800394555,0.002518017897716659,0.0,0.0,"{""edc_18q:1dpu_t8"":""cf23b184355b080f3bead1d9d754a3c2c295746793109413aedfff30da27b94e"",""edc_18q:4dpu_t8"":""cf23b184355b080f3bead1d9d754a3c2c295746793109413aedfff30da27b94e"",""ghz_chain_18q:1dpu_t8"":""9f9e62a16e205e4bd5eb1d1b8f62cade3177ef00fa9bd4dc15c899a41b00d3d0"",""ghz_chain_18q:4dpu_t8"":""9f9e62a16e205e4bd5eb1d1b8f62cade3177ef00fa9bd4dc15c899a41b00d3d0"",""hs_18q_d1:1dpu_t8"":""bf83ea123bc85b30f3c7f1f8a0de47c8366352fc37c099890eab75c8cba62cb8"",""hs_18q_d1:4dpu_t8"":""0f172b4535a71fb59dd5d4f406df828c33333cda1113d1c71db08b5d0e989d1e"",""quantization_stress_18q_l2:1dpu_t8"":""9d1e1ae9a325d84cef97b0fd9beffa9d4b3d783f00a4e38f6fce3a17114d3abb"",""quantization_stress_18q_l2:4dpu_t8"":""9d1e1ae9a325d84cef97b0fd9beffa9d4b3d783f00a4e38f6fce3a17114d3abb""}"
590,5,2.233012236046095,1.0,6,0.024368166273412584,0.9754242110524387,0.00020762267414873057,0.012184083136706292,0.012184083136706292,0.9754242110524387,0.00020762267414873057,0.0,0.0,"{""edc_18q:1dpu_t8"":""cf23b184355b080f3bead1d9d754a3c2c295746793109413aedfff30da27b94e"",""edc_18q:4dpu_t8"":""cf23b184355b080f3bead1d9d754a3c2c295746793109413aedfff30da27b94e"",""ghz_chain_18q:1dpu_t8"":""9f9e62a16e205e4bd5eb1d1b8f62cade3177ef00fa9bd4dc15c899a41b00d3d0"",""ghz_chain_18q:4dpu_t8"":""9f9e62a16e205e4bd5eb1d1b8f62cade3177ef00fa9bd4dc15c899a41b00d3d0"",""hs_18q_d1:1dpu_t8"":""bf83ea123bc85b30f3c7f1f8a0de47c8366352fc37c099890eab75c8cba62cb8"",""hs_18q_d1:4dpu_t8"":""bf83ea123bc85b30f3c7f1f8a0de47c8366352fc37c099890eab75c8cba62cb8"",""quantization_stress_18q_l2:1dpu_t8"":""9d1e1ae9a325d84cef97b0fd9beffa9d4b3d783f00a4e38f6fce3a17114d3abb"",""quantization_stress_18q_l2:4dpu_t8"":""9d1e1ae9a325d84cef97b0fd9beffa9d4b3d783f00a4e38f6fce3a17114d3abb""}"
591,5,2.258613711089164,1.0,6,0.024368166273412584,0.9754242110524387,0.00020762267414873057,0.012184083136706292,0.012184083136706292,0.9754242110524387,0.00020762267414873057,0.0,0.0,"{""edc_18q:1dpu_t8"":""cf23b184355b080f3bead1d9d754a3c2c295746793109413aedfff30da27b94e"",""edc_18q:4dpu_t8"":""cf23b184355b080f3bead1d9d754a3c2c295746793109413aedfff30da27b94e"",""ghz_chain_18q:1dpu_t8"":""9f9e62a16e205e4bd5eb1d1b8f62cade3177ef00fa9bd4dc15c899a41b00d3d0"",""ghz_chain_18q:4dpu_t8"":""9f9e62a16e205e4bd5eb1d1b8f62cade3177ef00fa9bd4dc15c899a41b00d3d0"",""hs_18q_d1:1dpu_t8"":""bf83ea123bc85b30f3c7f1f8a0de47c8366352fc37c099890eab75c8cba62cb8"",""hs_18q_d1:4dpu_t8"":""bf83ea123bc85b30f3c7f1f8a0de47c8366352fc37c099890eab75c8cba62cb8"",""quantization_stress_18q_l2:1dpu_t8"":""9d1e1ae9a325d84cef97b0fd9beffa9d4b3d783f00a4e38f6fce3a17114d3abb"",""quantization_stress_18q_l2:4dpu_t8"":""9d1e1ae9a325d84cef97b0fd9beffa9d4b3d783f00a4e38f6fce3a17114d3abb""}"
592,5,2.252492769343113,1.0,6,0.024368166273412584,0.9754242110524387,0.00020762267414873057,0.012184083136706292,0.012184083136706292,0.9754242110524387,0.00020762267414873057,0.0,0.0,"{""edc_18q:1dpu_t8"":""cf23b184355b080f3bead1d9d754a3c2c295746793109413aedfff30da27b94e"",""edc_18q:4dpu_t8"":""cf23b184355b080f3bead1d9d754a3c2c295746793109413aedfff30da27b94e"",""ghz_chain_18q:1dpu_t8"":""9f9e62a16e205e4bd5eb1d1b8f62cade3177ef00fa9bd4dc15c899a41b00d3d0"",""ghz_chain_18q:4dpu_t8"":""9f9e62a16e205e4bd5eb1d1b8f62cade3177ef00fa9bd4dc15c899a41b00d3d0"",""hs_18q_d1:1dpu_t8"":""bf83ea123bc85b30f3c7f1f8a0de47c8366352fc37c099890eab75c8cba62cb8"",""hs_18q_d1:4dpu_t8"":""bf83ea123bc85b30f3c7f1f8a0de47c8366352fc37c099890eab75c8cba62cb8"",""quantization_stress_18q_l2:1dpu_t8"":""9d1e1ae9a325d84cef97b0fd9beffa9d4b3d783f00a4e38f6fce3a17114d3abb"",""quantization_stress_18q_l2:4dpu_t8"":""9d1e1ae9a325d84cef97b0fd9beffa9d4b3d783f00a4e38f6fce3a17114d3abb""}"
593,10,2.2562429165563813,1.0,6,0.47630996810097936,0.518889877536195,0.004800154362825642,0.23815498405048968,0.23815498405048968,0.518889877536195,0.004800154362825642,0.0,0.0,"{""edc_18q:1dpu_t8"":""cf23b184355b080f3bead1d9d754a3c2c295746793109413aedfff30da27b94e"",""edc_18q:4dpu_t8"":""cf23b184355b080f3bead1d9d754a3c2c295746793109413aedfff30da27b94e"",""ghz_chain_18q:1dpu_t8"":""9f9e62a16e205e4bd5eb1d1b8f62cade3177ef00fa9bd4dc15c899a41b00d3d0"",""ghz_chain_18q:4dpu_t8"":""9f9e62a16e205e4bd5eb1d1b8f62cade3177ef00fa9bd4dc15c899a41b00d3d0"",""hs_18q_d1:1dpu_t8"":""bf83ea123bc85b30f3c7f1f8a0de47c8366352fc37c099890eab75c8cba62cb8"",""hs_18q_d1:4dpu_t8"":""bf83ea123bc85b30f3c7f1f8a0de47c8366352fc37c099890eab75c8cba62cb8"",""quantization_stress_18q_l2:1dpu_t8"":""e56fd025e7fdf900c75302bb6e7212f78d89deef09b236732a001e9f5c5001c1"",""quantization_stress_18q_l2:4dpu_t8"":""e56fd025e7fdf900c75302bb6e7212f78d89deef09b236732a001e9f5c5001c1""}"
594,3,2.29239067838014,1.0163179096347865,8,0.0,1.0,0.0,0.0,0.0,1.0,0.0,0.0,0.0,"{""edc_18q:1dpu_t8"":""cf23b184355b080f3bead1d9d754a3c2c295746793109413aedfff30da27b94e"",""edc_18q:4dpu_t8"":""cf23b184355b080f3bead1d9d754a3c2c295746793109413aedfff30da27b94e"",""ghz_chain_18q:1dpu_t8"":""9f9e62a16e205e4bd5eb1d1b8f62cade3177ef00fa9bd4dc15c899a41b00d3d0"",""ghz_chain_18q:4dpu_t8"":""9f9e62a16e205e4bd5eb1d1b8f62cade3177ef00fa9bd4dc15c899a41b00d3d0"",""hs_18q_d1:1dpu_t8"":""0f172b4535a71fb59dd5d4f406df828c33333cda1113d1c71db08b5d0e989d1e"",""hs_18q_d1:4dpu_t8"":""0f172b4535a71fb59dd5d4f406df828c33333cda1113d1c71db08b5d0e989d1e"",""quantization_stress_18q_l2:1dpu_t8"":""9d1e1ae9a325d84cef97b0fd9beffa9d4b3d783f00a4e38f6fce3a17114d3abb"",""quantization_stress_18q_l2:4dpu_t8"":""9d1e1ae9a325d84cef97b0fd9beffa9d4b3d783f00a4e38f6fce3a17114d3abb""}"
595,5,2.227575306925811,1.0,6,0.024368166273412584,0.9754242110524387,0.00020762267414873057,0.012184083136706292,0.012184083136706292,0.9754242110524387,0.00020762267414873057,0.0,0.0,"{""edc_18q:1dpu_t8"":""cf23b184355b080f3bead1d9d754a3c2c295746793109413aedfff30da27b94e"",""edc_18q:4dpu_t8"":""cf23b184355b080f3bead1d9d754a3c2c295746793109413aedfff30da27b94e"",""ghz_chain_18q:1dpu_t8"":""9f9e62a16e205e4bd5eb1d1b8f62cade3177ef00fa9bd4dc15c899a41b00d3d0"",""ghz_chain_18q:4dpu_t8"":""9f9e62a16e205e4bd5eb1d1b8f62cade3177ef00fa9bd4dc15c899a41b00d3d0"",""hs_18q_d1:1dpu_t8"":""bf83ea123bc85b30f3c7f1f8a0de47c8366352fc37c099890eab75c8cba62cb8"",""hs_18q_d1:4dpu_t8"":""bf83ea123bc85b30f3c7f1f8a0de47c8366352fc37c099890eab75c8cba62cb8"",""quantization_stress_18q_l2:1dpu_t8"":""9d1e1ae9a325d84cef97b0fd9beffa9d4b3d783f00a4e38f6fce3a17114d3abb"",""quantization_stress_18q_l2:4dpu_t8"":""9d1e1ae9a325d84cef97b0fd9beffa9d4b3d783f00a4e38f6fce3a17114d3abb""}"
596,5,2.242697584107543,1.0,6,0.024368166273412584,0.9754242110524387,0.00020762267414873057,0.012184083136706292,0.012184083136706292,0.9754242110524387,0.00020762267414873057,0.0,0.0,"{""edc_18q:1dpu_t8"":""cf23b184355b080f3bead1d9d754a3c2c295746793109413aedfff30da27b94e"",""edc_18q:4dpu_t8"":""cf23b184355b080f3bead1d9d754a3c2c295746793109413aedfff30da27b94e"",""ghz_chain_18q:1dpu_t8"":""9f9e62a16e205e4bd5eb1d1b8f62cade3177ef00fa9bd4dc15c899a41b00d3d0"",""ghz_chain_18q:4dpu_t8"":""9f9e62a16e205e4bd5eb1d1b8f62cade3177ef00fa9bd4dc15c899a41b00d3d0"",""hs_18q_d1:1dpu_t8"":""bf83ea123bc85b30f3c7f1f8a0de47c8366352fc37c099890eab75c8cba62cb8"",""hs_18q_d1:4dpu_t8"":""bf83ea123bc85b30f3c7f1f8a0de47c8366352fc37c099890eab75c8cba62cb8"",""quantization_stress_18q_l2:1dpu_t8"":""9d1e1ae9a325d84cef97b0fd9beffa9d4b3d783f00a4e38f6fce3a17114d3abb"",""quantization_stress_18q_l2:4dpu_t8"":""9d1e1ae9a325d84cef97b0fd9beffa9d4b3d783f00a4e38f6fce3a17114d3abb""}"
597,4,2.242186244198798,1.0,7,0.22063680206282787,0.7768451800394555,0.002518017897716659,0.11031840103141394,0.11031840103141394,0.7768451800394555,0.002518017897716659,0.0,0.0,"{""edc_18q:1dpu_t8"":""cf23b184355b080f3bead1d9d754a3c2c295746793109413aedfff30da27b94e"",""edc_18q:4dpu_t8"":""cf23b184355b080f3bead1d9d754a3c2c295746793109413aedfff30da27b94e"",""ghz_chain_18q:1dpu_t8"":""9f9e62a16e205e4bd5eb1d1b8f62cade3177ef00fa9bd4dc15c899a41b00d3d0"",""ghz_chain_18q:4dpu_t8"":""9f9e62a16e205e4bd5eb1d1b8f62cade3177ef00fa9bd4dc15c899a41b00d3d0"",""hs_18q_d1:1dpu_t8"":""bf83ea123bc85b30f3c7f1f8a0de47c8366352fc37c099890eab75c8cba62cb8"",""hs_18q_d1:4dpu_t8"":""0f172b4535a71fb59dd5d4f406df828c33333cda1113d1c71db08b5d0e989d1e"",""quantization_stress_18q_l2:1dpu_t8"":""9d1e1ae9a325d84cef97b0fd9beffa9d4b3d783f00a4e38f6fce3a17114d3abb"",""quantization_stress_18q_l2:4dpu_t8"":""9d1e1ae9a325d84cef97b0fd9beffa9d4b3d783f00a4e38f6fce3a17114d3abb""}"
598,5,2.258642441042436,1.0,6,0.024368166273412584,0.9754242110524387,0.00020762267414873057,0.012184083136706292,0.012184083136706292,0.9754242110524387,0.00020762267414873057,0.0,0.0,"{""edc_18q:1dpu_t8"":""cf23b184355b080f3bead1d9d754a3c2c295746793109413aedfff30da27b94e"",""edc_18q:4dpu_t8"":""cf23b184355b080f3bead1d9d754a3c2c295746793109413aedfff30da27b94e"",""ghz_chain_18q:1dpu_t8"":""9f9e62a16e205e4bd5eb1d1b8f62cade3177ef00fa9bd4dc15c899a41b00d3d0"",""ghz_chain_18q:4dpu_t8"":""9f9e62a16e205e4bd5eb1d1b8f62cade3177ef00fa9bd4dc15c899a41b00d3d0"",""hs_18q_d1:1dpu_t8"":""bf83ea123bc85b30f3c7f1f8a0de47c8366352fc37c099890eab75c8cba62cb8"",""hs_18q_d1:4dpu_t8"":""bf83ea123bc85b30f3c7f1f8a0de47c8366352fc37c099890eab75c8cba62cb8"",""quantization_stress_18q_l2:1dpu_t8"":""9d1e1ae9a325d84cef97b0fd9beffa9d4b3d783f00a4e38f6fce3a17114d3abb"",""quantization_stress_18q_l2:4dpu_t8"":""9d1e1ae9a325d84cef97b0fd9beffa9d4b3d783f00a4e38f6fce3a17114d3abb""}"
599,5,2.234812495982674,1.0,6,0.024368166273412584,0.9754242110524387,0.00020762267414873057,0.012184083136706292,0.012184083136706292,0.9754242110524387,0.00020762267414873057,0.0,0.0,"{""edc_18q:1dpu_t8"":""cf23b184355b080f3bead1d9d754a3c2c295746793109413aedfff30da27b94e"",""edc_18q:4dpu_t8"":""cf23b184355b080f3bead1d9d754a3c2c295746793109413aedfff30da27b94e"",""ghz_chain_18q:1dpu_t8"":""9f9e62a16e205e4bd5eb1d1b8f62cade3177ef00fa9bd4dc15c899a41b00d3d0"",""ghz_chain_18q:4dpu_t8"":""9f9e62a16e205e4bd5eb1d1b8f62cade3177ef00fa9bd4dc15c899a41b00d3d0"",""hs_18q_d1:1dpu_t8"":""bf83ea123bc85b30f3c7f1f8a0de47c8366352fc37c099890eab75c8cba62cb8"",""hs_18q_d1:4dpu_t8"":""bf83ea123bc85b30f3c7f1f8a0de47c8366352fc37c099890eab75c8cba62cb8"",""quantization_stress_18q_l2:1dpu_t8"":""9d1e1ae9a325d84cef97b0fd9beffa9d4b3d783f00a4e38f6fce3a17114d3abb"",""quantization_stress_18q_l2:4dpu_t8"":""9d1e1ae9a325d84cef97b0fd9beffa9d4b3d783f00a4e38f6fce3a17114d3abb""}"
600,3,2.279243435812118,1.041845644222677,8,0.0,1.0,0.0,0.0,0.0,1.0,0.0,0.0,0.0,"{""edc_18q:1dpu_t8"":""cf23b184355b080f3bead1d9d754a3c2c295746793109413aedfff30da27b94e"",""edc_18q:4dpu_t8"":""cf23b184355b080f3bead1d9d754a3c2c295746793109413aedfff30da27b94e"",""ghz_chain_18q:1dpu_t8"":""9f9e62a16e205e4bd5eb1d1b8f62cade3177ef00fa9bd4dc15c899a41b00d3d0"",""ghz_chain_18q:4dpu_t8"":""9f9e62a16e205e4bd5eb1d1b8f62cade3177ef00fa9bd4dc15c899a41b00d3d0"",""hs_18q_d1:1dpu_t8"":""0f172b4535a71fb59dd5d4f406df828c33333cda1113d1c71db08b5d0e989d1e"",""hs_18q_d1:4dpu_t8"":""0f172b4535a71fb59dd5d4f406df828c33333cda1113d1c71db08b5d0e989d1e"",""quantization_stress_18q_l2:1dpu_t8"":""9d1e1ae9a325d84cef97b0fd9beffa9d4b3d783f00a4e38f6fce3a17114d3abb"",""quantization_stress_18q_l2:4dpu_t8"":""9d1e1ae9a325d84cef97b0fd9beffa9d4b3d783f00a4e38f6fce3a17114d3abb""}"
601,5,2.2299233152376163,1.0,6,0.024368166273412584,0.9754242110524387,0.00020762267414873057,0.012184083136706292,0.012184083136706292,0.9754242110524387,0.00020762267414873057,0.0,0.0,"{""edc_18q:1dpu_t8"":""cf23b184355b080f3bead1d9d754a3c2c295746793109413aedfff30da27b94e"",""edc_18q:4dpu_t8"":""cf23b184355b080f3bead1d9d754a3c2c295746793109413aedfff30da27b94e"",""ghz_chain_18q:1dpu_t8"":""9f9e62a16e205e4bd5eb1d1b8f62cade3177ef00fa9bd4dc15c899a41b00d3d0"",""ghz_chain_18q:4dpu_t8"":""9f9e62a16e205e4bd5eb1d1b8f62cade3177ef00fa9bd4dc15c899a41b00d3d0"",""hs_18q_d1:1dpu_t8"":""bf83ea123bc85b30f3c7f1f8a0de47c8366352fc37c099890eab75c8cba62cb8"",""hs_18q_d1:4dpu_t8"":""bf83ea123bc85b30f3c7f1f8a0de47c8366352fc37c099890eab75c8cba62cb8"",""quantization_stress_18q_l2:1dpu_t8"":""9d1e1ae9a325d84cef97b0fd9beffa9d4b3d783f00a4e38f6fce3a17114d3abb"",""quantization_stress_18q_l2:4dpu_t8"":""9d1e1ae9a325d84cef97b0fd9beffa9d4b3d783f00a4e38f6fce3a17114d3abb""}"
602,5,2.228320003181545,1.0,6,0.024368166273412584,0.9754242110524387,0.00020762267414873057,0.012184083136706292,0.012184083136706292,0.9754242110524387,0.00020762267414873057,0.0,0.0,"{""edc_18q:1dpu_t8"":""cf23b184355b080f3bead1d9d754a3c2c295746793109413aedfff30da27b94e"",""edc_18q:4dpu_t8"":""cf23b184355b080f3bead1d9d754a3c2c295746793109413aedfff30da27b94e"",""ghz_chain_18q:1dpu_t8"":""9f9e62a16e205e4bd5eb1d1b8f62cade3177ef00fa9bd4dc15c899a41b00d3d0"",""ghz_chain_18q:4dpu_t8"":""9f9e62a16e205e4bd5eb1d1b8f62cade3177ef00fa9bd4dc15c899a41b00d3d0"",""hs_18q_d1:1dpu_t8"":""bf83ea123bc85b30f3c7f1f8a0de47c8366352fc37c099890eab75c8cba62cb8"",""hs_18q_d1:4dpu_t8"":""bf83ea123bc85b30f3c7f1f8a0de47c8366352fc37c099890eab75c8cba62cb8"",""quantization_stress_18q_l2:1dpu_t8"":""9d1e1ae9a325d84cef97b0fd9beffa9d4b3d783f00a4e38f6fce3a17114d3abb"",""quantization_stress_18q_l2:4dpu_t8"":""9d1e1ae9a325d84cef97b0fd9beffa9d4b3d783f00a4e38f6fce3a17114d3abb""}"
603,8,2.2931516876715206,1.041845644222677,8,0.3715322706836804,0.40507521716230527,0.2233925121540143,0.1857661353418402,0.1857661353418402,0.40507521716230527,0.2233925121540143,0.0,0.0,"{""edc_18q:1dpu_t8"":""cf23b184355b080f3bead1d9d754a3c2c295746793109413aedfff30da27b94e"",""edc_18q:4dpu_t8"":""cf23b184355b080f3bead1d9d754a3c2c295746793109413aedfff30da27b94e"",""ghz_chain_18q:1dpu_t8"":""9f9e62a16e205e4bd5eb1d1b8f62cade3177ef00fa9bd4dc15c899a41b00d3d0"",""ghz_chain_18q:4dpu_t8"":""9f9e62a16e205e4bd5eb1d1b8f62cade3177ef00fa9bd4dc15c899a41b00d3d0"",""hs_18q_d1:1dpu_t8"":""0f172b4535a71fb59dd5d4f406df828c33333cda1113d1c71db08b5d0e989d1e"",""hs_18q_d1:4dpu_t8"":""0f172b4535a71fb59dd5d4f406df828c33333cda1113d1c71db08b5d0e989d1e"",""quantization_stress_18q_l2:1dpu_t8"":""e56fd025e7fdf900c75302bb6e7212f78d89deef09b236732a001e9f5c5001c1"",""quantization_stress_18q_l2:4dpu_t8"":""e56fd025e7fdf900c75302bb6e7212f78d89deef09b236732a001e9f5c5001c1""}"
604,5,2.2384970473482912,1.0,6,0.024368166273412584,0.9754242110524387,0.00020762267414873057,0.012184083136706292,0.012184083136706292,0.9754242110524387,0.00020762267414873057,0.0,0.0,"{""edc_18q:1dpu_t8"":""cf23b184355b080f3bead1d9d754a3c2c295746793109413aedfff30da27b94e"",""edc_18q:4dpu_t8"":""cf23b184355b080f3bead1d9d754a3c2c295746793109413aedfff30da27b94e"",""ghz_chain_18q:1dpu_t8"":""9f9e62a16e205e4bd5eb1d1b8f62cade3177ef00fa9bd4dc15c899a41b00d3d0"",""ghz_chain_18q:4dpu_t8"":""9f9e62a16e205e4bd5eb1d1b8f62cade3177ef00fa9bd4dc15c899a41b00d3d0"",""hs_18q_d1:1dpu_t8"":""bf83ea123bc85b30f3c7f1f8a0de47c8366352fc37c099890eab75c8cba62cb8"",""hs_18q_d1:4dpu_t8"":""bf83ea123bc85b30f3c7f1f8a0de47c8366352fc37c099890eab75c8cba62cb8"",""quantization_stress_18q_l2:1dpu_t8"":""9d1e1ae9a325d84cef97b0fd9beffa9d4b3d783f00a4e38f6fce3a17114d3abb"",""quantization_stress_18q_l2:4dpu_t8"":""9d1e1ae9a325d84cef97b0fd9beffa9d4b3d783f00a4e38f6fce3a17114d3abb""}"
605,8,2.289233803113417,1.041845644222677,8,0.3715322706836804,0.40507521716230527,0.2233925121540143,0.1857661353418402,0.1857661353418402,0.40507521716230527,0.2233925121540143,0.0,0.0,"{""edc_18q:1dpu_t8"":""cf23b184355b080f3bead1d9d754a3c2c295746793109413aedfff30da27b94e"",""edc_18q:4dpu_t8"":""cf23b184355b080f3bead1d9d754a3c2c295746793109413aedfff30da27b94e"",""ghz_chain_18q:1dpu_t8"":""9f9e62a16e205e4bd5eb1d1b8f62cade3177ef00fa9bd4dc15c899a41b00d3d0"",""ghz_chain_18q:4dpu_t8"":""9f9e62a16e205e4bd5eb1d1b8f62cade3177ef00fa9bd4dc15c899a41b00d3d0"",""hs_18q_d1:1dpu_t8"":""0f172b4535a71fb59dd5d4f406df828c33333cda1113d1c71db08b5d0e989d1e"",""hs_18q_d1:4dpu_t8"":""0f172b4535a71fb59dd5d4f406df828c33333cda1113d1c71db08b5d0e989d1e"",""quantization_stress_18q_l2:1dpu_t8"":""e56fd025e7fdf900c75302bb6e7212f78d89deef09b236732a001e9f5c5001c1"",""quantization_stress_18q_l2:4dpu_t8"":""e56fd025e7fdf900c75302bb6e7212f78d89deef09b236732a001e9f5c5001c1""}"
606,4,2.2499698848942544,1.0,7,0.22063680206282787,0.7768451800394555,0.002518017897716659,0.11031840103141394,0.11031840103141394,0.7768451800394555,0.002518017897716659,0.0,0.0,"{""edc_18q:1dpu_t8"":""cf23b184355b080f3bead1d9d754a3c2c295746793109413aedfff30da27b94e"",""edc_18q:4dpu_t8"":""cf23b184355b080f3bead1d9d754a3c2c295746793109413aedfff30da27b94e"",""ghz_chain_18q:1dpu_t8"":""9f9e62a16e205e4bd5eb1d1b8f62cade3177ef00fa9bd4dc15c899a41b00d3d0"",""ghz_chain_18q:4dpu_t8"":""9f9e62a16e205e4bd5eb1d1b8f62cade3177ef00fa9bd4dc15c899a41b00d3d0"",""hs_18q_d1:1dpu_t8"":""bf83ea123bc85b30f3c7f1f8a0de47c8366352fc37c099890eab75c8cba62cb8"",""hs_18q_d1:4dpu_t8"":""0f172b4535a71fb59dd5d4f406df828c33333cda1113d1c71db08b5d0e989d1e"",""quantization_stress_18q_l2:1dpu_t8"":""9d1e1ae9a325d84cef97b0fd9beffa9d4b3d783f00a4e38f6fce3a17114d3abb"",""quantization_stress_18q_l2:4dpu_t8"":""9d1e1ae9a325d84cef97b0fd9beffa9d4b3d783f00a4e38f6fce3a17114d3abb""}"
607,10,2.2450853169125033,1.0,6,0.47630996810097936,0.518889877536195,0.004800154362825642,0.23815498405048968,0.23815498405048968,0.518889877536195,0.004800154362825642,0.0,0.0,"{""edc_18q:1dpu_t8"":""cf23b184355b080f3bead1d9d754a3c2c295746793109413aedfff30da27b94e"",""edc_18q:4dpu_t8"":""cf23b184355b080f3bead1d9d754a3c2c295746793109413aedfff30da27b94e"",""ghz_chain_18q:1dpu_t8"":""9f9e62a16e205e4bd5eb1d1b8f62cade3177ef00fa9bd4dc15c899a41b00d3d0"",""ghz_chain_18q:4dpu_t8"":""9f9e62a16e205e4bd5eb1d1b8f62cade3177ef00fa9bd4dc15c899a41b00d3d0"",""hs_18q_d1:1dpu_t8"":""bf83ea123bc85b30f3c7f1f8a0de47c8366352fc37c099890eab75c8cba62cb8"",""hs_18q_d1:4dpu_t8"":""bf83ea123bc85b30f3c7f1f8a0de47c8366352fc37c099890eab75c8cba62cb8"",""quantization_stress_18q_l2:1dpu_t8"":""e56fd025e7fdf900c75302bb6e7212f78d89deef09b236732a001e9f5c5001c1"",""quantization_stress_18q_l2:4dpu_t8"":""e56fd025e7fdf900c75302bb6e7212f78d89deef09b236732a001e9f5c5001c1""}"
608,9,2.244488932310969,1.0,7,0.5414741851996391,0.45232358896253566,0.006202225837825213,0.27073709259981954,0.27073709259981954,0.45232358896253566,0.006202225837825213,0.0,0.0,"{""edc_18q:1dpu_t8"":""cf23b184355b080f3bead1d9d754a3c2c295746793109413aedfff30da27b94e"",""edc_18q:4dpu_t8"":""cf23b184355b080f3bead1d9d754a3c2c295746793109413aedfff30da27b94e"",""ghz_chain_18q:1dpu_t8"":""9f9e62a16e205e4bd5eb1d1b8f62cade3177ef00fa9bd4dc15c899a41b00d3d0"",""ghz_chain_18q:4dpu_t8"":""9f9e62a16e205e4bd5eb1d1b8f62cade3177ef00fa9bd4dc15c899a41b00d3d0"",""hs_18q_d1:1dpu_t8"":""bf83ea123bc85b30f3c7f1f8a0de47c8366352fc37c099890eab75c8cba62cb8"",""hs_18q_d1:4dpu_t8"":""0f172b4535a71fb59dd5d4f406df828c33333cda1113d1c71db08b5d0e989d1e"",""quantization_stress_18q_l2:1dpu_t8"":""e56fd025e7fdf900c75302bb6e7212f78d89deef09b236732a001e9f5c5001c1"",""quantization_stress_18q_l2:4dpu_t8"":""e56fd025e7fdf900c75302bb6e7212f78d89deef09b236732a001e9f5c5001c1""}"
609,5,2.2388932768122896,1.0,6,0.024368166273412584,0.9754242110524387,0.00020762267414873057,0.012184083136706292,0.012184083136706292,0.9754242110524387,0.00020762267414873057,0.0,0.0,"{""edc_18q:1dpu_t8"":""cf23b184355b080f3bead1d9d754a3c2c295746793109413aedfff30da27b94e"",""edc_18q:4dpu_t8"":""cf23b184355b080f3bead1d9d754a3c2c295746793109413aedfff30da27b94e"",""ghz_chain_18q:1dpu_t8"":""9f9e62a16e205e4bd5eb1d1b8f62cade3177ef00fa9bd4dc15c899a41b00d3d0"",""ghz_chain_18q:4dpu_t8"":""9f9e62a16e205e4bd5eb1d1b8f62cade3177ef00fa9bd4dc15c899a41b00d3d0"",""hs_18q_d1:1dpu_t8"":""bf83ea123bc85b30f3c7f1f8a0de47c8366352fc37c099890eab75c8cba62cb8"",""hs_18q_d1:4dpu_t8"":""bf83ea123bc85b30f3c7f1f8a0de47c8366352fc37c099890eab75c8cba62cb8"",""quantization_stress_18q_l2:1dpu_t8"":""9d1e1ae9a325d84cef97b0fd9beffa9d4b3d783f00a4e38f6fce3a17114d3abb"",""quantization_stress_18q_l2:4dpu_t8"":""9d1e1ae9a325d84cef97b0fd9beffa9d4b3d783f00a4e38f6fce3a17114d3abb""}"
610,10,2.2246845661116192,1.0,6,0.47630996810097936,0.518889877536195,0.004800154362825642,0.23815498405048968,0.23815498405048968,0.518889877536195,0.004800154362825642,0.0,0.0,"{""edc_18q:1dpu_t8"":""cf23b184355b080f3bead1d9d754a3c2c295746793109413aedfff30da27b94e"",""edc_18q:4dpu_t8"":""cf23b184355b080f3bead1d9d754a3c2c295746793109413aedfff30da27b94e"",""ghz_chain_18q:1dpu_t8"":""9f9e62a16e205e4bd5eb1d1b8f62cade3177ef00fa9bd4dc15c899a41b00d3d0"",""ghz_chain_18q:4dpu_t8"":""9f9e62a16e205e4bd5eb1d1b8f62cade3177ef00fa9bd4dc15c899a41b00d3d0"",""hs_18q_d1:1dpu_t8"":""bf83ea123bc85b30f3c7f1f8a0de47c8366352fc37c099890eab75c8cba62cb8"",""hs_18q_d1:4dpu_t8"":""bf83ea123bc85b30f3c7f1f8a0de47c8366352fc37c099890eab75c8cba62cb8"",""quantization_stress_18q_l2:1dpu_t8"":""e56fd025e7fdf900c75302bb6e7212f78d89deef09b236732a001e9f5c5001c1"",""quantization_stress_18q_l2:4dpu_t8"":""e56fd025e7fdf900c75302bb6e7212f78d89deef09b236732a001e9f5c5001c1""}"
611,3,2.274253010540228,0.997529052435953,7,0.0,1.0,0.0,0.0,0.0,1.0,0.0,0.0,0.0,"{""edc_18q:1dpu_t8"":""cf23b184355b080f3bead1d9d754a3c2c295746793109413aedfff30da27b94e"",""edc_18q:4dpu_t8"":""cf23b184355b080f3bead1d9d754a3c2c295746793109413aedfff30da27b94e"",""ghz_chain_18q:1dpu_t8"":""9f9e62a16e205e4bd5eb1d1b8f62cade3177ef00fa9bd4dc15c899a41b00d3d0"",""ghz_chain_18q:4dpu_t8"":""9f9e62a16e205e4bd5eb1d1b8f62cade3177ef00fa9bd4dc15c899a41b00d3d0"",""hs_18q_d1:1dpu_t8"":""0f172b4535a71fb59dd5d4f406df828c33333cda1113d1c71db08b5d0e989d1e"",""hs_18q_d1:4dpu_t8"":""0f172b4535a71fb59dd5d4f406df828c33333cda1113d1c71db08b5d0e989d1e"",""quantization_stress_18q_l2:1dpu_t8"":""9d1e1ae9a325d84cef97b0fd9beffa9d4b3d783f00a4e38f6fce3a17114d3abb"",""quantization_stress_18q_l2:4dpu_t8"":""9d1e1ae9a325d84cef97b0fd9beffa9d4b3d783f00a4e38f6fce3a17114d3abb""}"
612,4,2.2381673178691717,1.0,7,0.22063680206282787,0.7768451800394555,0.002518017897716659,0.11031840103141394,0.11031840103141394,0.7768451800394555,0.002518017897716659,0.0,0.0,"{""edc_18q:1dpu_t8"":""cf23b184355b080f3bead1d9d754a3c2c295746793109413aedfff30da27b94e"",""edc_18q:4dpu_t8"":""cf23b184355b080f3bead1d9d754a3c2c295746793109413aedfff30da27b94e"",""ghz_chain_18q:1dpu_t8"":""9f9e62a16e205e4bd5eb1d1b8f62cade3177ef00fa9bd4dc15c899a41b00d3d0"",""ghz_chain_18q:4dpu_t8"":""9f9e62a16e205e4bd5eb1d1b8f62cade3177ef00fa9bd4dc15c899a41b00d3d0"",""hs_18q_d1:1dpu_t8"":""bf83ea123bc85b30f3c7f1f8a0de47c8366352fc37c099890eab75c8cba62cb8"",""hs_18q_d1:4dpu_t8"":""0f172b4535a71fb59dd5d4f406df828c33333cda1113d1c71db08b5d0e989d1e"",""quantization_stress_18q_l2:1dpu_t8"":""9d1e1ae9a325d84cef97b0fd9beffa9d4b3d783f00a4e38f6fce3a17114d3abb"",""quantization_stress_18q_l2:4dpu_t8"":""9d1e1ae9a325d84cef97b0fd9beffa9d4b3d783f00a4e38f6fce3a17114d3abb""}"
613,10,2.241595542414213,1.0,6,0.47630996810097936,0.518889877536195,0.004800154362825642,0.23815498405048968,0.23815498405048968,0.518889877536195,0.004800154362825642,0.0,0.0,"{""edc_18q:1dpu_t8"":""cf23b184355b080f3bead1d9d754a3c2c295746793109413aedfff30da27b94e"",""edc_18q:4dpu_t8"":""cf23b184355b080f3bead1d9d754a3c2c295746793109413aedfff30da27b94e"",""ghz_chain_18q:1dpu_t8"":""9f9e62a16e205e4bd5eb1d1b8f62cade3177ef00fa9bd4dc15c899a41b00d3d0"",""ghz_chain_18q:4dpu_t8"":""9f9e62a16e205e4bd5eb1d1b8f62cade3177ef00fa9bd4dc15c899a41b00d3d0"",""hs_18q_d1:1dpu_t8"":""bf83ea123bc85b30f3c7f1f8a0de47c8366352fc37c099890eab75c8cba62cb8"",""hs_18q_d1:4dpu_t8"":""bf83ea123bc85b30f3c7f1f8a0de47c8366352fc37c099890eab75c8cba62cb8"",""quantization_stress_18q_l2:1dpu_t8"":""e56fd025e7fdf900c75302bb6e7212f78d89deef09b236732a001e9f5c5001c1"",""quantization_stress_18q_l2:4dpu_t8"":""e56fd025e7fdf900c75302bb6e7212f78d89deef09b236732a001e9f5c5001c1""}"
614,9,2.2415260675590467,1.0,7,0.5414741851996391,0.45232358896253566,0.006202225837825213,0.27073709259981954,0.27073709259981954,0.45232358896253566,0.006202225837825213,0.0,0.0,"{""edc_18q:1dpu_t8"":""cf23b184355b080f3bead1d9d754a3c2c295746793109413aedfff30da27b94e"",""edc_18q:4dpu_t8"":""cf23b184355b080f3bead1d9d754a3c2c295746793109413aedfff30da27b94e"",""ghz_chain_18q:1dpu_t8"":""9f9e62a16e205e4bd5eb1d1b8f62cade3177ef00fa9bd4dc15c899a41b00d3d0"",""ghz_chain_18q:4dpu_t8"":""9f9e62a16e205e4bd5eb1d1b8f62cade3177ef00fa9bd4dc15c899a41b00d3d0"",""hs_18q_d1:1dpu_t8"":""bf83ea123bc85b30f3c7f1f8a0de47c8366352fc37c099890eab75c8cba62cb8"",""hs_18q_d1:4dpu_t8"":""0f172b4535a71fb59dd5d4f406df828c33333cda1113d1c71db08b5d0e989d1e"",""quantization_stress_18q_l2:1dpu_t8"":""e56fd025e7fdf900c75302bb6e7212f78d89deef09b236732a001e9f5c5001c1"",""quantization_stress_18q_l2:4dpu_t8"":""e56fd025e7fdf900c75302bb6e7212f78d89deef09b236732a001e9f5c5001c1""}"
615,4,2.2455502011786352,1.0,7,0.22063680206282787,0.7768451800394555,0.002518017897716659,0.11031840103141394,0.11031840103141394,0.7768451800394555,0.002518017897716659,0.0,0.0,"{""edc_18q:1dpu_t8"":""cf23b184355b080f3bead1d9d754a3c2c295746793109413aedfff30da27b94e"",""edc_18q:4dpu_t8"":""cf23b184355b080f3bead1d9d754a3c2c295746793109413aedfff30da27b94e"",""ghz_chain_18q:1dpu_t8"":""9f9e62a16e205e4bd5eb1d1b8f62cade3177ef00fa9bd4dc15c899a41b00d3d0"",""ghz_chain_18q:4dpu_t8"":""9f9e62a16e205e4bd5eb1d1b8f62cade3177ef00fa9bd4dc15c899a41b00d3d0"",""hs_18q_d1:1dpu_t8"":""bf83ea123bc85b30f3c7f1f8a0de47c8366352fc37c099890eab75c8cba62cb8"",""hs_18q_d1:4dpu_t8"":""0f172b4535a71fb59dd5d4f406df828c33333cda1113d1c71db08b5d0e989d1e"",""quantization_stress_18q_l2:1dpu_t8"":""9d1e1ae9a325d84cef97b0fd9beffa9d4b3d783f00a4e38f6fce3a17114d3abb"",""quantization_stress_18q_l2:4dpu_t8"":""9d1e1ae9a325d84cef97b0fd9beffa9d4b3d783f00a4e38f6fce3a17114d3abb""}"
616,5,2.215184068087894,1.0,6,0.024368166273412584,0.9754242110524387,0.00020762267414873057,0.012184083136706292,0.012184083136706292,0.9754242110524387,0.00020762267414873057,0.0,0.0,"{""edc_18q:1dpu_t8"":""cf23b184355b080f3bead1d9d754a3c2c295746793109413aedfff30da27b94e"",""edc_18q:4dpu_t8"":""cf23b184355b080f3bead1d9d754a3c2c295746793109413aedfff30da27b94e"",""ghz_chain_18q:1dpu_t8"":""9f9e62a16e205e4bd5eb1d1b8f62cade3177ef00fa9bd4dc15c899a41b00d3d0"",""ghz_chain_18q:4dpu_t8"":""9f9e62a16e205e4bd5eb1d1b8f62cade3177ef00fa9bd4dc15c899a41b00d3d0"",""hs_18q_d1:1dpu_t8"":""bf83ea123bc85b30f3c7f1f8a0de47c8366352fc37c099890eab75c8cba62cb8"",""hs_18q_d1:4dpu_t8"":""bf83ea123bc85b30f3c7f1f8a0de47c8366352fc37c099890eab75c8cba62cb8"",""quantization_stress_18q_l2:1dpu_t8"":""9d1e1ae9a325d84cef97b0fd9beffa9d4b3d783f00a4e38f6fce3a17114d3abb"",""quantization_stress_18q_l2:4dpu_t8"":""9d1e1ae9a325d84cef97b0fd9beffa9d4b3d783f00a4e38f6fce3a17114d3abb""}"
617,3,2.2804214341112354,0.997529052435953,7,0.0,1.0,0.0,0.0,0.0,1.0,0.0,0.0,0.0,"{""edc_18q:1dpu_t8"":""cf23b184355b080f3bead1d9d754a3c2c295746793109413aedfff30da27b94e"",""edc_18q:4dpu_t8"":""cf23b184355b080f3bead1d9d754a3c2c295746793109413aedfff30da27b94e"",""ghz_chain_18q:1dpu_t8"":""9f9e62a16e205e4bd5eb1d1b8f62cade3177ef00fa9bd4dc15c899a41b00d3d0"",""ghz_chain_18q:4dpu_t8"":""9f9e62a16e205e4bd5eb1d1b8f62cade3177ef00fa9bd4dc15c899a41b00d3d0"",""hs_18q_d1:1dpu_t8"":""0f172b4535a71fb59dd5d4f406df828c33333cda1113d1c71db08b5d0e989d1e"",""hs_18q_d1:4dpu_t8"":""0f172b4535a71fb59dd5d4f406df828c33333cda1113d1c71db08b5d0e989d1e"",""quantization_stress_18q_l2:1dpu_t8"":""9d1e1ae9a325d84cef97b0fd9beffa9d4b3d783f00a4e38f6fce3a17114d3abb"",""quantization_stress_18q_l2:4dpu_t8"":""9d1e1ae9a325d84cef97b0fd9beffa9d4b3d783f00a4e38f6fce3a17114d3abb""}"
618,10,2.2256438706390265,1.0,6,0.47630996810097936,0.518889877536195,0.004800154362825642,0.23815498405048968,0.23815498405048968,0.518889877536195,0.004800154362825642,0.0,0.0,"{""edc_18q:1dpu_t8"":""cf23b184355b080f3bead1d9d754a3c2c295746793109413aedfff30da27b94e"",""edc_18q:4dpu_t8"":""cf23b184355b080f3bead1d9d754a3c2c295746793109413aedfff30da27b94e"",""ghz_chain_18q:1dpu_t8"":""9f9e62a16e205e4bd5eb1d1b8f62cade3177ef00fa9bd4dc15c899a41b00d3d0"",""ghz_chain_18q:4dpu_t8"":""9f9e62a16e205e4bd5eb1d1b8f62cade3177ef00fa9bd4dc15c899a41b00d3d0"",""hs_18q_d1:1dpu_t8"":""bf83ea123bc85b30f3c7f1f8a0de47c8366352fc37c099890eab75c8cba62cb8"",""hs_18q_d1:4dpu_t8"":""bf83ea123bc85b30f3c7f1f8a0de47c8366352fc37c099890eab75c8cba62cb8"",""quantization_stress_18q_l2:1dpu_t8"":""e56fd025e7fdf900c75302bb6e7212f78d89deef09b236732a001e9f5c5001c1"",""quantization_stress_18q_l2:4dpu_t8"":""e56fd025e7fdf900c75302bb6e7212f78d89deef09b236732a001e9f5c5001c1""}"
619,5,2.2588599731270587,1.0,6,0.024368166273412584,0.9754242110524387,0.00020762267414873057,0.012184083136706292,0.012184083136706292,0.9754242110524387,0.00020762267414873057,0.0,0.0,"{""edc_18q:1dpu_t8"":""cf23b184355b080f3bead1d9d754a3c2c295746793109413aedfff30da27b94e"",""edc_18q:4dpu_t8"":""cf23b184355b080f3bead1d9d754a3c2c295746793109413aedfff30da27b94e"",""ghz_chain_18q:1dpu_t8"":""9f9e62a16e205e4bd5eb1d1b8f62cade3177ef00fa9bd4dc15c899a41b00d3d0"",""ghz_chain_18q:4dpu_t8"":""9f9e62a16e205e4bd5eb1d1b8f62cade3177ef00fa9bd4dc15c899a41b00d3d0"",""hs_18q_d1:1dpu_t8"":""bf83ea123bc85b30f3c7f1f8a0de47c8366352fc37c099890eab75c8cba62cb8"",""hs_18q_d1:4dpu_t8"":""bf83ea123bc85b30f3c7f1f8a0de47c8366352fc37c099890eab75c8cba62cb8"",""quantization_stress_18q_l2:1dpu_t8"":""9d1e1ae9a325d84cef97b0fd9beffa9d4b3d783f00a4e38f6fce3a17114d3abb"",""quantization_stress_18q_l2:4dpu_t8"":""9d1e1ae9a325d84cef97b0fd9beffa9d4b3d783f00a4e38f6fce3a17114d3abb""}"
620,5,2.2398819417535907,1.0,6,0.024368166273412584,0.9754242110524387,0.00020762267414873057,0.012184083136706292,0.012184083136706292,0.9754242110524387,0.00020762267414873057,0.0,0.0,"{""edc_18q:1dpu_t8"":""cf23b184355b080f3bead1d9d754a3c2c295746793109413aedfff30da27b94e"",""edc_18q:4dpu_t8"":""cf23b184355b080f3bead1d9d754a3c2c295746793109413aedfff30da27b94e"",""ghz_chain_18q:1dpu_t8"":""9f9e62a16e205e4bd5eb1d1b8f62cade3177ef00fa9bd4dc15c899a41b00d3d0"",""ghz_chain_18q:4dpu_t8"":""9f9e62a16e205e4bd5eb1d1b8f62cade3177ef00fa9bd4dc15c899a41b00d3d0"",""hs_18q_d1:1dpu_t8"":""bf83ea123bc85b30f3c7f1f8a0de47c8366352fc37c099890eab75c8cba62cb8"",""hs_18q_d1:4dpu_t8"":""bf83ea123bc85b30f3c7f1f8a0de47c8366352fc37c099890eab75c8cba62cb8"",""quantization_stress_18q_l2:1dpu_t8"":""9d1e1ae9a325d84cef97b0fd9beffa9d4b3d783f00a4e38f6fce3a17114d3abb"",""quantization_stress_18q_l2:4dpu_t8"":""9d1e1ae9a325d84cef97b0fd9beffa9d4b3d783f00a4e38f6fce3a17114d3abb""}"
621,9,2.2563712827195084,1.0,7,0.5414741851996391,0.45232358896253566,0.006202225837825213,0.27073709259981954,0.27073709259981954,0.45232358896253566,0.006202225837825213,0.0,0.0,"{""edc_18q:1dpu_t8"":""cf23b184355b080f3bead1d9d754a3c2c295746793109413aedfff30da27b94e"",""edc_18q:4dpu_t8"":""cf23b184355b080f3bead1d9d754a3c2c295746793109413aedfff30da27b94e"",""ghz_chain_18q:1dpu_t8"":""9f9e62a16e205e4bd5eb1d1b8f62cade3177ef00fa9bd4dc15c899a41b00d3d0"",""ghz_chain_18q:4dpu_t8"":""9f9e62a16e205e4bd5eb1d1b8f62cade3177ef00fa9bd4dc15c899a41b00d3d0"",""hs_18q_d1:1dpu_t8"":""bf83ea123bc85b30f3c7f1f8a0de47c8366352fc37c099890eab75c8cba62cb8"",""hs_18q_d1:4dpu_t8"":""0f172b4535a71fb59dd5d4f406df828c33333cda1113d1c71db08b5d0e989d1e"",""quantization_stress_18q_l2:1dpu_t8"":""e56fd025e7fdf900c75302bb6e7212f78d89deef09b236732a001e9f5c5001c1"",""quantization_stress_18q_l2:4dpu_t8"":""e56fd025e7fdf900c75302bb6e7212f78d89deef09b236732a001e9f5c5001c1""}"
622,3,2.289469913364157,0.997529052435953,7,0.0,1.0,0.0,0.0,0.0,1.0,0.0,0.0,0.0,"{""edc_18q:1dpu_t8"":""cf23b184355b080f3bead1d9d754a3c2c295746793109413aedfff30da27b94e"",""edc_18q:4dpu_t8"":""cf23b184355b080f3bead1d9d754a3c2c295746793109413aedfff30da27b94e"",""ghz_chain_18q:1dpu_t8"":""9f9e62a16e205e4bd5eb1d1b8f62cade3177ef00fa9bd4dc15c899a41b00d3d0"",""ghz_chain_18q:4dpu_t8"":""9f9e62a16e205e4bd5eb1d1b8f62cade3177ef00fa9bd4dc15c899a41b00d3d0"",""hs_18q_d1:1dpu_t8"":""0f172b4535a71fb59dd5d4f406df828c33333cda1113d1c71db08b5d0e989d1e"",""hs_18q_d1:4dpu_t8"":""0f172b4535a71fb59dd5d4f406df828c33333cda1113d1c71db08b5d0e989d1e"",""quantization_stress_18q_l2:1dpu_t8"":""9d1e1ae9a325d84cef97b0fd9beffa9d4b3d783f00a4e38f6fce3a17114d3abb"",""quantization_stress_18q_l2:4dpu_t8"":""9d1e1ae9a325d84cef97b0fd9beffa9d4b3d783f00a4e38f6fce3a17114d3abb""}"
623,4,2.247198406851764,1.0,7,0.22063680206282787,0.7768451800394555,0.002518017897716659,0.11031840103141394,0.11031840103141394,0.7768451800394555,0.002518017897716659,0.0,0.0,"{""edc_18q:1dpu_t8"":""cf23b184355b080f3bead1d9d754a3c2c295746793109413aedfff30da27b94e"",""edc_18q:4dpu_t8"":""cf23b184355b080f3bead1d9d754a3c2c295746793109413aedfff30da27b94e"",""ghz_chain_18q:1dpu_t8"":""9f9e62a16e205e4bd5eb1d1b8f62cade3177ef00fa9bd4dc15c899a41b00d3d0"",""ghz_chain_18q:4dpu_t8"":""9f9e62a16e205e4bd5eb1d1b8f62cade3177ef00fa9bd4dc15c899a41b00d3d0"",""hs_18q_d1:1dpu_t8"":""bf83ea123bc85b30f3c7f1f8a0de47c8366352fc37c099890eab75c8cba62cb8"",""hs_18q_d1:4dpu_t8"":""0f172b4535a71fb59dd5d4f406df828c33333cda1113d1c71db08b5d0e989d1e"",""quantization_stress_18q_l2:1dpu_t8"":""9d1e1ae9a325d84cef97b0fd9beffa9d4b3d783f00a4e38f6fce3a17114d3abb"",""quantization_stress_18q_l2:4dpu_t8"":""9d1e1ae9a325d84cef97b0fd9beffa9d4b3d783f00a4e38f6fce3a17114d3abb""}"
624,9,2.244917391259848,1.0,7,0.5414741851996391,0.45232358896253566,0.006202225837825213,0.27073709259981954,0.27073709259981954,0.45232358896253566,0.006202225837825213,0.0,0.0,"{""edc_18q:1dpu_t8"":""cf23b184355b080f3bead1d9d754a3c2c295746793109413aedfff30da27b94e"",""edc_18q:4dpu_t8"":""cf23b184355b080f3bead1d9d754a3c2c295746793109413aedfff30da27b94e"",""ghz_chain_18q:1dpu_t8"":""9f9e62a16e205e4bd5eb1d1b8f62cade3177ef00fa9bd4dc15c899a41b00d3d0"",""ghz_chain_18q:4dpu_t8"":""9f9e62a16e205e4bd5eb1d1b8f62cade3177ef00fa9bd4dc15c899a41b00d3d0"",""hs_18q_d1:1dpu_t8"":""bf83ea123bc85b30f3c7f1f8a0de47c8366352fc37c099890eab75c8cba62cb8"",""hs_18q_d1:4dpu_t8"":""0f172b4535a71fb59dd5d4f406df828c33333cda1113d1c71db08b5d0e989d1e"",""quantization_stress_18q_l2:1dpu_t8"":""e56fd025e7fdf900c75302bb6e7212f78d89deef09b236732a001e9f5c5001c1"",""quantization_stress_18q_l2:4dpu_t8"":""e56fd025e7fdf900c75302bb6e7212f78d89deef09b236732a001e9f5c5001c1""}"
625,5,2.2215230867966227,1.0,6,0.024368166273412584,0.9754242110524387,0.00020762267414873057,0.012184083136706292,0.012184083136706292,0.9754242110524387,0.00020762267414873057,0.0,0.0,"{""edc_18q:1dpu_t8"":""cf23b184355b080f3bead1d9d754a3c2c295746793109413aedfff30da27b94e"",""edc_18q:4dpu_t8"":""cf23b184355b080f3bead1d9d754a3c2c295746793109413aedfff30da27b94e"",""ghz_chain_18q:1dpu_t8"":""9f9e62a16e205e4bd5eb1d1b8f62cade3177ef00fa9bd4dc15c899a41b00d3d0"",""ghz_chain_18q:4dpu_t8"":""9f9e62a16e205e4bd5eb1d1b8f62cade3177ef00fa9bd4dc15c899a41b00d3d0"",""hs_18q_d1:1dpu_t8"":""bf83ea123bc85b30f3c7f1f8a0de47c8366352fc37c099890eab75c8cba62cb8"",""hs_18q_d1:4dpu_t8"":""bf83ea123bc85b30f3c7f1f8a0de47c8366352fc37c099890eab75c8cba62cb8"",""quantization_stress_18q_l2:1dpu_t8"":""9d1e1ae9a325d84cef97b0fd9beffa9d4b3d783f00a4e38f6fce3a17114d3abb"",""quantization_stress_18q_l2:4dpu_t8"":""9d1e1ae9a325d84cef97b0fd9beffa9d4b3d783f00a4e38f6fce3a17114d3abb""}"
626,4,2.237288499468154,1.0,7,0.22063680206282787,0.7768451800394555,0.002518017897716659,0.11031840103141394,0.11031840103141394,0.7768451800394555,0.002518017897716659,0.0,0.0,"{""edc_18q:1dpu_t8"":""cf23b184355b080f3bead1d9d754a3c2c295746793109413aedfff30da27b94e"",""edc_18q:4dpu_t8"":""cf23b184355b080f3bead1d9d754a3c2c295746793109413aedfff30da27b94e"",""ghz_chain_18q:1dpu_t8"":""9f9e62a16e205e4bd5eb1d1b8f62cade3177ef00fa9bd4dc15c899a41b00d3d0"",""ghz_chain_18q:4dpu_t8"":""9f9e62a16e205e4bd5eb1d1b8f62cade3177ef00fa9bd4dc15c899a41b00d3d0"",""hs_18q_d1:1dpu_t8"":""bf83ea123bc85b30f3c7f1f8a0de47c8366352fc37c099890eab75c8cba62cb8"",""hs_18q_d1:4dpu_t8"":""0f172b4535a71fb59dd5d4f406df828c33333cda1113d1c71db08b5d0e989d1e"",""quantization_stress_18q_l2:1dpu_t8"":""9d1e1ae9a325d84cef97b0fd9beffa9d4b3d783f00a4e38f6fce3a17114d3abb"",""quantization_stress_18q_l2:4dpu_t8"":""9d1e1ae9a325d84cef97b0fd9beffa9d4b3d783f00a4e38f6fce3a17114d3abb""}"
627,4,2.248482551351597,1.0,7,0.22063680206282787,0.7768451800394555,0.002518017897716659,0.11031840103141394,0.11031840103141394,0.7768451800394555,0.002518017897716659,0.0,0.0,"{""edc_18q:1dpu_t8"":""cf23b184355b080f3bead1d9d754a3c2c295746793109413aedfff30da27b94e"",""edc_18q:4dpu_t8"":""cf23b184355b080f3bead1d9d754a3c2c295746793109413aedfff30da27b94e"",""ghz_chain_18q:1dpu_t8"":""9f9e62a16e205e4bd5eb1d1b8f62cade3177ef00fa9bd4dc15c899a41b00d3d0"",""ghz_chain_18q:4dpu_t8"":""9f9e62a16e205e4bd5eb1d1b8f62cade3177ef00fa9bd4dc15c899a41b00d3d0"",""hs_18q_d1:1dpu_t8"":""bf83ea123bc85b30f3c7f1f8a0de47c8366352fc37c099890eab75c8cba62cb8"",""hs_18q_d1:4dpu_t8"":""0f172b4535a71fb59dd5d4f406df828c33333cda1113d1c71db08b5d0e989d1e"",""quantization_stress_18q_l2:1dpu_t8"":""9d1e1ae9a325d84cef97b0fd9beffa9d4b3d783f00a4e38f6fce3a17114d3abb"",""quantization_stress_18q_l2:4dpu_t8"":""9d1e1ae9a325d84cef97b0fd9beffa9d4b3d783f00a4e38f6fce3a17114d3abb""}"
628,3,2.268073969227253,0.997529052435953,7,0.0,1.0,0.0,0.0,0.0,1.0,0.0,0.0,0.0,"{""edc_18q:1dpu_t8"":""cf23b184355b080f3bead1d9d754a3c2c295746793109413aedfff30da27b94e"",""edc_18q:4dpu_t8"":""cf23b184355b080f3bead1d9d754a3c2c295746793109413aedfff30da27b94e"",""ghz_chain_18q:1dpu_t8"":""9f9e62a16e205e4bd5eb1d1b8f62cade3177ef00fa9bd4dc15c899a41b00d3d0"",""ghz_chain_18q:4dpu_t8"":""9f9e62a16e205e4bd5eb1d1b8f62cade3177ef00fa9bd4dc15c899a41b00d3d0"",""hs_18q_d1:1dpu_t8"":""0f172b4535a71fb59dd5d4f406df828c33333cda1113d1c71db08b5d0e989d1e"",""hs_18q_d1:4dpu_t8"":""0f172b4535a71fb59dd5d4f406df828c33333cda1113d1c71db08b5d0e989d1e"",""quantization_stress_18q_l2:1dpu_t8"":""9d1e1ae9a325d84cef97b0fd9beffa9d4b3d783f00a4e38f6fce3a17114d3abb"",""quantization_stress_18q_l2:4dpu_t8"":""9d1e1ae9a325d84cef97b0fd9beffa9d4b3d783f00a4e38f6fce3a17114d3abb""}"
629,5,2.237938968563465,1.0,6,0.024368166273412584,0.9754242110524387,0.00020762267414873057,0.012184083136706292,0.012184083136706292,0.9754242110524387,0.00020762267414873057,0.0,0.0,"{""edc_18q:1dpu_t8"":""cf23b184355b080f3bead1d9d754a3c2c295746793109413aedfff30da27b94e"",""edc_18q:4dpu_t8"":""cf23b184355b080f3bead1d9d754a3c2c295746793109413aedfff30da27b94e"",""ghz_chain_18q:1dpu_t8"":""9f9e62a16e205e4bd5eb1d1b8f62cade3177ef00fa9bd4dc15c899a41b00d3d0"",""ghz_chain_18q:4dpu_t8"":""9f9e62a16e205e4bd5eb1d1b8f62cade3177ef00fa9bd4dc15c899a41b00d3d0"",""hs_18q_d1:1dpu_t8"":""bf83ea123bc85b30f3c7f1f8a0de47c8366352fc37c099890eab75c8cba62cb8"",""hs_18q_d1:4dpu_t8"":""bf83ea123bc85b30f3c7f1f8a0de47c8366352fc37c099890eab75c8cba62cb8"",""quantization_stress_18q_l2:1dpu_t8"":""9d1e1ae9a325d84cef97b0fd9beffa9d4b3d783f00a4e38f6fce3a17114d3abb"",""quantization_stress_18q_l2:4dpu_t8"":""9d1e1ae9a325d84cef97b0fd9beffa9d4b3d783f00a4e38f6fce3a17114d3abb""}"
630,9,2.2222410917287743,1.0,7,0.5414741851996391,0.45232358896253566,0.006202225837825213,0.27073709259981954,0.27073709259981954,0.45232358896253566,0.006202225837825213,0.0,0.0,"{""edc_18q:1dpu_t8"":""cf23b184355b080f3bead1d9d754a3c2c295746793109413aedfff30da27b94e"",""edc_18q:4dpu_t8"":""cf23b184355b080f3bead1d9d754a3c2c295746793109413aedfff30da27b94e"",""ghz_chain_18q:1dpu_t8"":""9f9e62a16e205e4bd5eb1d1b8f62cade3177ef00fa9bd4dc15c899a41b00d3d0"",""ghz_chain_18q:4dpu_t8"":""9f9e62a16e205e4bd5eb1d1b8f62cade3177ef00fa9bd4dc15c899a41b00d3d0"",""hs_18q_d1:1dpu_t8"":""bf83ea123bc85b30f3c7f1f8a0de47c8366352fc37c099890eab75c8cba62cb8"",""hs_18q_d1:4dpu_t8"":""0f172b4535a71fb59dd5d4f406df828c33333cda1113d1c71db08b5d0e989d1e"",""quantization_stress_18q_l2:1dpu_t8"":""e56fd025e7fdf900c75302bb6e7212f78d89deef09b236732a001e9f5c5001c1"",""quantization_stress_18q_l2:4dpu_t8"":""e56fd025e7fdf900c75302bb6e7212f78d89deef09b236732a001e9f5c5001c1""}"
631,5,2.2363447041835562,1.0,6,0.024368166273412584,0.9754242110524387,0.00020762267414873057,0.012184083136706292,0.012184083136706292,0.9754242110524387,0.00020762267414873057,0.0,0.0,"{""edc_18q:1dpu_t8"":""cf23b184355b080f3bead1d9d754a3c2c295746793109413aedfff30da27b94e"",""edc_18q:4dpu_t8"":""cf23b184355b080f3bead1d9d754a3c2c295746793109413aedfff30da27b94e"",""ghz_chain_18q:1dpu_t8"":""9f9e62a16e205e4bd5eb1d1b8f62cade3177ef00fa9bd4dc15c899a41b00d3d0"",""ghz_chain_18q:4dpu_t8"":""9f9e62a16e205e4bd5eb1d1b8f62cade3177ef00fa9bd4dc15c899a41b00d3d0"",""hs_18q_d1:1dpu_t8"":""bf83ea123bc85b30f3c7f1f8a0de47c8366352fc37c099890eab75c8cba62cb8"",""hs_18q_d1:4dpu_t8"":""bf83ea123bc85b30f3c7f1f8a0de47c8366352fc37c099890eab75c8cba62cb8"",""quantization_stress_18q_l2:1dpu_t8"":""9d1e1ae9a325d84cef97b0fd9beffa9d4b3d783f00a4e38f6fce3a17114d3abb"",""quantization_stress_18q_l2:4dpu_t8"":""9d1e1ae9a325d84cef97b0fd9beffa9d4b3d783f00a4e38f6fce3a17114d3abb""}"
632,10,2.2183344920415986,1.0,6,0.47630996810097936,0.518889877536195,0.004800154362825642,0.23815498405048968,0.23815498405048968,0.518889877536195,0.004800154362825642,0.0,0.0,"{""edc_18q:1dpu_t8"":""cf23b184355b080f3bead1d9d754a3c2c295746793109413aedfff30da27b94e"",""edc_18q:4dpu_t8"":""cf23b184355b080f3bead1d9d754a3c2c295746793109413aedfff30da27b94e"",""ghz_chain_18q:1dpu_t8"":""9f9e62a16e205e4bd5eb1d1b8f62cade3177ef00fa9bd4dc15c899a41b00d3d0"",""ghz_chain_18q:4dpu_t8"":""9f9e62a16e205e4bd5eb1d1b8f62cade3177ef00fa9bd4dc15c899a41b00d3d0"",""hs_18q_d1:1dpu_t8"":""bf83ea123bc85b30f3c7f1f8a0de47c8366352fc37c099890eab75c8cba62cb8"",""hs_18q_d1:4dpu_t8"":""bf83ea123bc85b30f3c7f1f8a0de47c8366352fc37c099890eab75c8cba62cb8"",""quantization_stress_18q_l2:1dpu_t8"":""e56fd025e7fdf900c75302bb6e7212f78d89deef09b236732a001e9f5c5001c1"",""quantization_stress_18q_l2:4dpu_t8"":""e56fd025e7fdf900c75302bb6e7212f78d89deef09b236732a001e9f5c5001c1""}"
633,3,2.265139070338693,1.041845644222677,8,0.0,1.0,0.0,0.0,0.0,1.0,0.0,0.0,0.0,"{""edc_18q:1dpu_t8"":""cf23b184355b080f3bead1d9d754a3c2c295746793109413aedfff30da27b94e"",""edc_18q:4dpu_t8"":""cf23b184355b080f3bead1d9d754a3c2c295746793109413aedfff30da27b94e"",""ghz_chain_18q:1dpu_t8"":""9f9e62a16e205e4bd5eb1d1b8f62cade3177ef00fa9bd4dc15c899a41b00d3d0"",""ghz_chain_18q:4dpu_t8"":""9f9e62a16e205e4bd5eb1d1b8f62cade3177ef00fa9bd4dc15c899a41b00d3d0"",""hs_18q_d1:1dpu_t8"":""0f172b4535a71fb59dd5d4f406df828c33333cda1113d1c71db08b5d0e989d1e"",""hs_18q_d1:4dpu_t8"":""0f172b4535a71fb59dd5d4f406df828c33333cda1113d1c71db08b5d0e989d1e"",""quantization_stress_18q_l2:1dpu_t8"":""9d1e1ae9a325d84cef97b0fd9beffa9d4b3d783f00a4e38f6fce3a17114d3abb"",""quantization_stress_18q_l2:4dpu_t8"":""9d1e1ae9a325d84cef97b0fd9beffa9d4b3d783f00a4e38f6fce3a17114d3abb""}"
634,4,2.2645269866942126,1.0,7,0.22063680206282787,0.7768451800394555,0.002518017897716659,0.11031840103141394,0.11031840103141394,0.7768451800394555,0.002518017897716659,0.0,0.0,"{""edc_18q:1dpu_t8"":""cf23b184355b080f3bead1d9d754a3c2c295746793109413aedfff30da27b94e"",""edc_18q:4dpu_t8"":""cf23b184355b080f3bead1d9d754a3c2c295746793109413aedfff30da27b94e"",""ghz_chain_18q:1dpu_t8"":""9f9e62a16e205e4bd5eb1d1b8f62cade3177ef00fa9bd4dc15c899a41b00d3d0"",""ghz_chain_18q:4dpu_t8"":""9f9e62a16e205e4bd5eb1d1b8f62cade3177ef00fa9bd4dc15c899a41b00d3d0"",""hs_18q_d1:1dpu_t8"":""bf83ea123bc85b30f3c7f1f8a0de47c8366352fc37c099890eab75c8cba62cb8"",""hs_18q_d1:4dpu_t8"":""0f172b4535a71fb59dd5d4f406df828c33333cda1113d1c71db08b5d0e989d1e"",""quantization_stress_18q_l2:1dpu_t8"":""9d1e1ae9a325d84cef97b0fd9beffa9d4b3d783f00a4e38f6fce3a17114d3abb"",""quantization_stress_18q_l2:4dpu_t8"":""9d1e1ae9a325d84cef97b0fd9beffa9d4b3d783f00a4e38f6fce3a17114d3abb""}"
635,4,2.242688436477332,1.0,7,0.22063680206282787,0.7768451800394555,0.002518017897716659,0.11031840103141394,0.11031840103141394,0.7768451800394555,0.002518017897716659,0.0,0.0,"{""edc_18q:1dpu_t8"":""cf23b184355b080f3bead1d9d754a3c2c295746793109413aedfff30da27b94e"",""edc_18q:4dpu_t8"":""cf23b184355b080f3bead1d9d754a3c2c295746793109413aedfff30da27b94e"",""ghz_chain_18q:1dpu_t8"":""9f9e62a16e205e4bd5eb1d1b8f62cade3177ef00fa9bd4dc15c899a41b00d3d0"",""ghz_chain_18q:4dpu_t8"":""9f9e62a16e205e4bd5eb1d1b8f62cade3177ef00fa9bd4dc15c899a41b00d3d0"",""hs_18q_d1:1dpu_t8"":""bf83ea123bc85b30f3c7f1f8a0de47c8366352fc37c099890eab75c8cba62cb8"",""hs_18q_d1:4dpu_t8"":""0f172b4535a71fb59dd5d4f406df828c33333cda1113d1c71db08b5d0e989d1e"",""quantization_stress_18q_l2:1dpu_t8"":""9d1e1ae9a325d84cef97b0fd9beffa9d4b3d783f00a4e38f6fce3a17114d3abb"",""quantization_stress_18q_l2:4dpu_t8"":""9d1e1ae9a325d84cef97b0fd9beffa9d4b3d783f00a4e38f6fce3a17114d3abb""}"
636,5,2.230563800815734,1.0,6,0.024368166273412584,0.9754242110524387,0.00020762267414873057,0.012184083136706292,0.012184083136706292,0.9754242110524387,0.00020762267414873057,0.0,0.0,"{""edc_18q:1dpu_t8"":""cf23b184355b080f3bead1d9d754a3c2c295746793109413aedfff30da27b94e"",""edc_18q:4dpu_t8"":""cf23b184355b080f3bead1d9d754a3c2c295746793109413aedfff30da27b94e"",""ghz_chain_18q:1dpu_t8"":""9f9e62a16e205e4bd5eb1d1b8f62cade3177ef00fa9bd4dc15c899a41b00d3d0"",""ghz_chain_18q:4dpu_t8"":""9f9e62a16e205e4bd5eb1d1b8f62cade3177ef00fa9bd4dc15c899a41b00d3d0"",""hs_18q_d1:1dpu_t8"":""bf83ea123bc85b30f3c7f1f8a0de47c8366352fc37c099890eab75c8cba62cb8"",""hs_18q_d1:4dpu_t8"":""bf83ea123bc85b30f3c7f1f8a0de47c8366352fc37c099890eab75c8cba62cb8"",""quantization_stress_18q_l2:1dpu_t8"":""9d1e1ae9a325d84cef97b0fd9beffa9d4b3d783f00a4e38f6fce3a17114d3abb"",""quantization_stress_18q_l2:4dpu_t8"":""9d1e1ae9a325d84cef97b0fd9beffa9d4b3d783f00a4e38f6fce3a17114d3abb""}"
637,9,2.261812919369565,1.0,7,0.5414741851996391,0.45232358896253566,0.006202225837825213,0.27073709259981954,0.27073709259981954,0.45232358896253566,0.006202225837825213,0.0,0.0,"{""edc_18q:1dpu_t8"":""cf23b184355b080f3bead1d9d754a3c2c295746793109413aedfff30da27b94e"",""edc_18q:4dpu_t8"":""cf23b184355b080f3bead1d9d754a3c2c295746793109413aedfff30da27b94e"",""ghz_chain_18q:1dpu_t8"":""9f9e62a16e205e4bd5eb1d1b8f62cade3177ef00fa9bd4dc15c899a41b00d3d0"",""ghz_chain_18q:4dpu_t8"":""9f9e62a16e205e4bd5eb1d1b8f62cade3177ef00fa9bd4dc15c899a41b00d3d0"",""hs_18q_d1:1dpu_t8"":""bf83ea123bc85b30f3c7f1f8a0de47c8366352fc37c099890eab75c8cba62cb8"",""hs_18q_d1:4dpu_t8"":""0f172b4535a71fb59dd5d4f406df828c33333cda1113d1c71db08b5d0e989d1e"",""quantization_stress_18q_l2:1dpu_t8"":""e56fd025e7fdf900c75302bb6e7212f78d89deef09b236732a001e9f5c5001c1"",""quantization_stress_18q_l2:4dpu_t8"":""e56fd025e7fdf900c75302bb6e7212f78d89deef09b236732a001e9f5c5001c1""}"
638,4,2.2330478983743296,1.0,7,0.22063680206282787,0.7768451800394555,0.002518017897716659,0.11031840103141394,0.11031840103141394,0.7768451800394555,0.002518017897716659,0.0,0.0,"{""edc_18q:1dpu_t8"":""cf23b184355b080f3bead1d9d754a3c2c295746793109413aedfff30da27b94e"",""edc_18q:4dpu_t8"":""cf23b184355b080f3bead1d9d754a3c2c295746793109413aedfff30da27b94e"",""ghz_chain_18q:1dpu_t8"":""9f9e62a16e205e4bd5eb1d1b8f62cade3177ef00fa9bd4dc15c899a41b00d3d0"",""ghz_chain_18q:4dpu_t8"":""9f9e62a16e205e4bd5eb1d1b8f62cade3177ef00fa9bd4dc15c899a41b00d3d0"",""hs_18q_d1:1dpu_t8"":""bf83ea123bc85b30f3c7f1f8a0de47c8366352fc37c099890eab75c8cba62cb8"",""hs_18q_d1:4dpu_t8"":""0f172b4535a71fb59dd5d4f406df828c33333cda1113d1c71db08b5d0e989d1e"",""quantization_stress_18q_l2:1dpu_t8"":""9d1e1ae9a325d84cef97b0fd9beffa9d4b3d783f00a4e38f6fce3a17114d3abb"",""quantization_stress_18q_l2:4dpu_t8"":""9d1e1ae9a325d84cef97b0fd9beffa9d4b3d783f00a4e38f6fce3a17114d3abb""}"
639,9,2.2340504722814147,1.0,7,0.5414741851996391,0.45232358896253566,0.006202225837825213,0.27073709259981954,0.27073709259981954,0.45232358896253566,0.006202225837825213,0.0,0.0,"{""edc_18q:1dpu_t8"":""cf23b184355b080f3bead1d9d754a3c2c295746793109413aedfff30da27b94e"",""edc_18q:4dpu_t8"":""cf23b184355b080f3bead1d9d754a3c2c295746793109413aedfff30da27b94e"",""ghz_chain_18q:1dpu_t8"":""9f9e62a16e205e4bd5eb1d1b8f62cade3177ef00fa9bd4dc15c899a41b00d3d0"",""ghz_chain_18q:4dpu_t8"":""9f9e62a16e205e4bd5eb1d1b8f62cade3177ef00fa9bd4dc15c899a41b00d3d0"",""hs_18q_d1:1dpu_t8"":""bf83ea123bc85b30f3c7f1f8a0de47c8366352fc37c099890eab75c8cba62cb8"",""hs_18q_d1:4dpu_t8"":""0f172b4535a71fb59dd5d4f406df828c33333cda1113d1c71db08b5d0e989d1e"",""quantization_stress_18q_l2:1dpu_t8"":""e56fd025e7fdf900c75302bb6e7212f78d89deef09b236732a001e9f5c5001c1"",""quantization_stress_18q_l2:4dpu_t8"":""e56fd025e7fdf900c75302bb6e7212f78d89deef09b236732a001e9f5c5001c1""}"
640,4,2.281613227929907,1.0,7,0.22063680206282787,0.7768451800394555,0.002518017897716659,0.11031840103141394,0.11031840103141394,0.7768451800394555,0.002518017897716659,0.0,0.0,"{""edc_18q:1dpu_t8"":""cf23b184355b080f3bead1d9d754a3c2c295746793109413aedfff30da27b94e"",""edc_18q:4dpu_t8"":""cf23b184355b080f3bead1d9d754a3c2c295746793109413aedfff30da27b94e"",""ghz_chain_18q:1dpu_t8"":""9f9e62a16e205e4bd5eb1d1b8f62cade3177ef00fa9bd4dc15c899a41b00d3d0"",""ghz_chain_18q:4dpu_t8"":""9f9e62a16e205e4bd5eb1d1b8f62cade3177ef00fa9bd4dc15c899a41b00d3d0"",""hs_18q_d1:1dpu_t8"":""bf83ea123bc85b30f3c7f1f8a0de47c8366352fc37c099890eab75c8cba62cb8"",""hs_18q_d1:4dpu_t8"":""0f172b4535a71fb59dd5d4f406df828c33333cda1113d1c71db08b5d0e989d1e"",""quantization_stress_18q_l2:1dpu_t8"":""9d1e1ae9a325d84cef97b0fd9beffa9d4b3d783f00a4e38f6fce3a17114d3abb"",""quantization_stress_18q_l2:4dpu_t8"":""9d1e1ae9a325d84cef97b0fd9beffa9d4b3d783f00a4e38f6fce3a17114d3abb""}"
641,5,2.2372426002399544,1.0,6,0.024368166273412584,0.9754242110524387,0.00020762267414873057,0.012184083136706292,0.012184083136706292,0.9754242110524387,0.00020762267414873057,0.0,0.0,"{""edc_18q:1dpu_t8"":""cf23b184355b080f3bead1d9d754a3c2c295746793109413aedfff30da27b94e"",""edc_18q:4dpu_t8"":""cf23b184355b080f3bead1d9d754a3c2c295746793109413aedfff30da27b94e"",""ghz_chain_18q:1dpu_t8"":""9f9e62a16e205e4bd5eb1d1b8f62cade3177ef00fa9bd4dc15c899a41b00d3d0"",""ghz_chain_18q:4dpu_t8"":""9f9e62a16e205e4bd5eb1d1b8f62cade3177ef00fa9bd4dc15c899a41b00d3d0"",""hs_18q_d1:1dpu_t8"":""bf83ea123bc85b30f3c7f1f8a0de47c8366352fc37c099890eab75c8cba62cb8"",""hs_18q_d1:4dpu_t8"":""bf83ea123bc85b30f3c7f1f8a0de47c8366352fc37c099890eab75c8cba62cb8"",""quantization_stress_18q_l2:1dpu_t8"":""9d1e1ae9a325d84cef97b0fd9beffa9d4b3d783f00a4e38f6fce3a17114d3abb"",""quantization_stress_18q_l2:4dpu_t8"":""9d1e1ae9a325d84cef97b0fd9beffa9d4b3d783f00a4e38f6fce3a17114d3abb""}"
642,9,2.2491621966797273,1.0,7,0.5414741851996391,0.45232358896253566,0.006202225837825213,0.27073709259981954,0.27073709259981954,0.45232358896253566,0.006202225837825213,0.0,0.0,"{""edc_18q:1dpu_t8"":""cf23b184355b080f3bead1d9d754a3c2c295746793109413aedfff30da27b94e"",""edc_18q:4dpu_t8"":""cf23b184355b080f3bead1d9d754a3c2c295746793109413aedfff30da27b94e"",""ghz_chain_18q:1dpu_t8"":""9f9e62a16e205e4bd5eb1d1b8f62cade3177ef00fa9bd4dc15c899a41b00d3d0"",""ghz_chain_18q:4dpu_t8"":""9f9e62a16e205e4bd5eb1d1b8f62cade3177ef00fa9bd4dc15c899a41b00d3d0"",""hs_18q_d1:1dpu_t8"":""bf83ea123bc85b30f3c7f1f8a0de47c8366352fc37c099890eab75c8cba62cb8"",""hs_18q_d1:4dpu_t8"":""0f172b4535a71fb59dd5d4f406df828c33333cda1113d1c71db08b5d0e989d1e"",""quantization_stress_18q_l2:1dpu_t8"":""e56fd025e7fdf900c75302bb6e7212f78d89deef09b236732a001e9f5c5001c1"",""quantization_stress_18q_l2:4dpu_t8"":""e56fd025e7fdf900c75302bb6e7212f78d89deef09b236732a001e9f5c5001c1""}"
643,9,2.2353075436730134,1.0,7,0.5414741851996391,0.45232358896253566,0.006202225837825213,0.27073709259981954,0.27073709259981954,0.45232358896253566,0.006202225837825213,0.0,0.0,"{""edc_18q:1dpu_t8"":""cf23b184355b080f3bead1d9d754a3c2c295746793109413aedfff30da27b94e"",""edc_18q:4dpu_t8"":""cf23b184355b080f3bead1d9d754a3c2c295746793109413aedfff30da27b94e"",""ghz_chain_18q:1dpu_t8"":""9f9e62a16e205e4bd5eb1d1b8f62cade3177ef00fa9bd4dc15c899a41b00d3d0"",""ghz_chain_18q:4dpu_t8"":""9f9e62a16e205e4bd5eb1d1b8f62cade3177ef00fa9bd4dc15c899a41b00d3d0"",""hs_18q_d1:1dpu_t8"":""bf83ea123bc85b30f3c7f1f8a0de47c8366352fc37c099890eab75c8cba62cb8"",""hs_18q_d1:4dpu_t8"":""0f172b4535a71fb59dd5d4f406df828c33333cda1113d1c71db08b5d0e989d1e"",""quantization_stress_18q_l2:1dpu_t8"":""e56fd025e7fdf900c75302bb6e7212f78d89deef09b236732a001e9f5c5001c1"",""quantization_stress_18q_l2:4dpu_t8"":""e56fd025e7fdf900c75302bb6e7212f78d89deef09b236732a001e9f5c5001c1""}"
644,9,2.2512020539681856,1.0,7,0.5414741851996391,0.45232358896253566,0.006202225837825213,0.27073709259981954,0.27073709259981954,0.45232358896253566,0.006202225837825213,0.0,0.0,"{""edc_18q:1dpu_t8"":""cf23b184355b080f3bead1d9d754a3c2c295746793109413aedfff30da27b94e"",""edc_18q:4dpu_t8"":""cf23b184355b080f3bead1d9d754a3c2c295746793109413aedfff30da27b94e"",""ghz_chain_18q:1dpu_t8"":""9f9e62a16e205e4bd5eb1d1b8f62cade3177ef00fa9bd4dc15c899a41b00d3d0"",""ghz_chain_18q:4dpu_t8"":""9f9e62a16e205e4bd5eb1d1b8f62cade3177ef00fa9bd4dc15c899a41b00d3d0"",""hs_18q_d1:1dpu_t8"":""bf83ea123bc85b30f3c7f1f8a0de47c8366352fc37c099890eab75c8cba62cb8"",""hs_18q_d1:4dpu_t8"":""0f172b4535a71fb59dd5d4f406df828c33333cda1113d1c71db08b5d0e989d1e"",""quantization_stress_18q_l2:1dpu_t8"":""e56fd025e7fdf900c75302bb6e7212f78d89deef09b236732a001e9f5c5001c1"",""quantization_stress_18q_l2:4dpu_t8"":""e56fd025e7fdf900c75302bb6e7212f78d89deef09b236732a001e9f5c5001c1""}"
645,10,2.2530318208216022,1.0,6,0.47630996810097936,0.518889877536195,0.004800154362825642,0.23815498405048968,0.23815498405048968,0.518889877536195,0.004800154362825642,0.0,0.0,"{""edc_18q:1dpu_t8"":""cf23b184355b080f3bead1d9d754a3c2c295746793109413aedfff30da27b94e"",""edc_18q:4dpu_t8"":""cf23b184355b080f3bead1d9d754a3c2c295746793109413aedfff30da27b94e"",""ghz_chain_18q:1dpu_t8"":""9f9e62a16e205e4bd5eb1d1b8f62cade3177ef00fa9bd4dc15c899a41b00d3d0"",""ghz_chain_18q:4dpu_t8"":""9f9e62a16e205e4bd5eb1d1b8f62cade3177ef00fa9bd4dc15c899a41b00d3d0"",""hs_18q_d1:1dpu_t8"":""bf83ea123bc85b30f3c7f1f8a0de47c8366352fc37c099890eab75c8cba62cb8"",""hs_18q_d1:4dpu_t8"":""bf83ea123bc85b30f3c7f1f8a0de47c8366352fc37c099890eab75c8cba62cb8"",""quantization_stress_18q_l2:1dpu_t8"":""e56fd025e7fdf900c75302bb6e7212f78d89deef09b236732a001e9f5c5001c1"",""quantization_stress_18q_l2:4dpu_t8"":""e56fd025e7fdf900c75302bb6e7212f78d89deef09b236732a001e9f5c5001c1""}"
646,4,2.2417220695125804,1.0,7,0.22063680206282787,0.7768451800394555,0.002518017897716659,0.11031840103141394,0.11031840103141394,0.7768451800394555,0.002518017897716659,0.0,0.0,"{""edc_18q:1dpu_t8"":""cf23b184355b080f3bead1d9d754a3c2c295746793109413aedfff30da27b94e"",""edc_18q:4dpu_t8"":""cf23b184355b080f3bead1d9d754a3c2c295746793109413aedfff30da27b94e"",""ghz_chain_18q:1dpu_t8"":""9f9e62a16e205e4bd5eb1d1b8f62cade3177ef00fa9bd4dc15c899a41b00d3d0"",""ghz_chain_18q:4dpu_t8"":""9f9e62a16e205e4bd5eb1d1b8f62cade3177ef00fa9bd4dc15c899a41b00d3d0"",""hs_18q_d1:1dpu_t8"":""bf83ea123bc85b30f3c7f1f8a0de47c8366352fc37c099890eab75c8cba62cb8"",""hs_18q_d1:4dpu_t8"":""0f172b4535a71fb59dd5d4f406df828c33333cda1113d1c71db08b5d0e989d1e"",""quantization_stress_18q_l2:1dpu_t8"":""9d1e1ae9a325d84cef97b0fd9beffa9d4b3d783f00a4e38f6fce3a17114d3abb"",""quantization_stress_18q_l2:4dpu_t8"":""9d1e1ae9a325d84cef97b0fd9beffa9d4b3d783f00a4e38f6fce3a17114d3abb""}"
647,10,2.238960524652706,1.0,6,0.47630996810097936,0.518889877536195,0.004800154362825642,0.23815498405048968,0.23815498405048968,0.518889877536195,0.004800154362825642,0.0,0.0,"{""edc_18q:1dpu_t8"":""cf23b184355b080f3bead1d9d754a3c2c295746793109413aedfff30da27b94e"",""edc_18q:4dpu_t8"":""cf23b184355b080f3bead1d9d754a3c2c295746793109413aedfff30da27b94e"",""ghz_chain_18q:1dpu_t8"":""9f9e62a16e205e4bd5eb1d1b8f62cade3177ef00fa9bd4dc15c899a41b00d3d0"",""ghz_chain_18q:4dpu_t8"":""9f9e62a16e205e4bd5eb1d1b8f62cade3177ef00fa9bd4dc15c899a41b00d3d0"",""hs_18q_d1:1dpu_t8"":""bf83ea123bc85b30f3c7f1f8a0de47c8366352fc37c099890eab75c8cba62cb8"",""hs_18q_d1:4dpu_t8"":""bf83ea123bc85b30f3c7f1f8a0de47c8366352fc37c099890eab75c8cba62cb8"",""quantization_stress_18q_l2:1dpu_t8"":""e56fd025e7fdf900c75302bb6e7212f78d89deef09b236732a001e9f5c5001c1"",""quantization_stress_18q_l2:4dpu_t8"":""e56fd025e7fdf900c75302bb6e7212f78d89deef09b236732a001e9f5c5001c1""}"
648,3,2.2866437403215105,1.041845644222677,8,0.0,1.0,0.0,0.0,0.0,1.0,0.0,0.0,0.0,"{""edc_18q:1dpu_t8"":""cf23b184355b080f3bead1d9d754a3c2c295746793109413aedfff30da27b94e"",""edc_18q:4dpu_t8"":""cf23b184355b080f3bead1d9d754a3c2c295746793109413aedfff30da27b94e"",""ghz_chain_18q:1dpu_t8"":""9f9e62a16e205e4bd5eb1d1b8f62cade3177ef00fa9bd4dc15c899a41b00d3d0"",""ghz_chain_18q:4dpu_t8"":""9f9e62a16e205e4bd5eb1d1b8f62cade3177ef00fa9bd4dc15c899a41b00d3d0"",""hs_18q_d1:1dpu_t8"":""0f172b4535a71fb59dd5d4f406df828c33333cda1113d1c71db08b5d0e989d1e"",""hs_18q_d1:4dpu_t8"":""0f172b4535a71fb59dd5d4f406df828c33333cda1113d1c71db08b5d0e989d1e"",""quantization_stress_18q_l2:1dpu_t8"":""9d1e1ae9a325d84cef97b0fd9beffa9d4b3d783f00a4e38f6fce3a17114d3abb"",""quantization_stress_18q_l2:4dpu_t8"":""9d1e1ae9a325d84cef97b0fd9beffa9d4b3d783f00a4e38f6fce3a17114d3abb""}"
649,4,2.2651262744741665,1.0,7,0.22063680206282787,0.7768451800394555,0.002518017897716659,0.11031840103141394,0.11031840103141394,0.7768451800394555,0.002518017897716659,0.0,0.0,"{""edc_18q:1dpu_t8"":""cf23b184355b080f3bead1d9d754a3c2c295746793109413aedfff30da27b94e"",""edc_18q:4dpu_t8"":""cf23b184355b080f3bead1d9d754a3c2c295746793109413aedfff30da27b94e"",""ghz_chain_18q:1dpu_t8"":""9f9e62a16e205e4bd5eb1d1b8f62cade3177ef00fa9bd4dc15c899a41b00d3d0"",""ghz_chain_18q:4dpu_t8"":""9f9e62a16e205e4bd5eb1d1b8f62cade3177ef00fa9bd4dc15c899a41b00d3d0"",""hs_18q_d1:1dpu_t8"":""bf83ea123bc85b30f3c7f1f8a0de47c8366352fc37c099890eab75c8cba62cb8"",""hs_18q_d1:4dpu_t8"":""0f172b4535a71fb59dd5d4f406df828c33333cda1113d1c71db08b5d0e989d1e"",""quantization_stress_18q_l2:1dpu_t8"":""9d1e1ae9a325d84cef97b0fd9beffa9d4b3d783f00a4e38f6fce3a17114d3abb"",""quantization_stress_18q_l2:4dpu_t8"":""9d1e1ae9a325d84cef97b0fd9beffa9d4b3d783f00a4e38f6fce3a17114d3abb""}"
650,4,2.266440056526964,1.0,7,0.22063680206282787,0.7768451800394555,0.002518017897716659,0.11031840103141394,0.11031840103141394,0.7768451800394555,0.002518017897716659,0.0,0.0,"{""edc_18q:1dpu_t8"":""cf23b184355b080f3bead1d9d754a3c2c295746793109413aedfff30da27b94e"",""edc_18q:4dpu_t8"":""cf23b184355b080f3bead1d9d754a3c2c295746793109413aedfff30da27b94e"",""ghz_chain_18q:1dpu_t8"":""9f9e62a16e205e4bd5eb1d1b8f62cade3177ef00fa9bd4dc15c899a41b00d3d0"",""ghz_chain_18q:4dpu_t8"":""9f9e62a16e205e4bd5eb1d1b8f62cade3177ef00fa9bd4dc15c899a41b00d3d0"",""hs_18q_d1:1dpu_t8"":""bf83ea123bc85b30f3c7f1f8a0de47c8366352fc37c099890eab75c8cba62cb8"",""hs_18q_d1:4dpu_t8"":""0f172b4535a71fb59dd5d4f406df828c33333cda1113d1c71db08b5d0e989d1e"",""quantization_stress_18q_l2:1dpu_t8"":""9d1e1ae9a325d84cef97b0fd9beffa9d4b3d783f00a4e38f6fce3a17114d3abb"",""quantization_stress_18q_l2:4dpu_t8"":""9d1e1ae9a325d84cef97b0fd9beffa9d4b3d783f00a4e38f6fce3a17114d3abb""}"
651,9,2.229344912001524,1.0,7,0.5414741851996391,0.45232358896253566,0.006202225837825213,0.27073709259981954,0.27073709259981954,0.45232358896253566,0.006202225837825213,0.0,0.0,"{""edc_18q:1dpu_t8"":""cf23b184355b080f3bead1d9d754a3c2c295746793109413aedfff30da27b94e"",""edc_18q:4dpu_t8"":""cf23b184355b080f3bead1d9d754a3c2c295746793109413aedfff30da27b94e"",""ghz_chain_18q:1dpu_t8"":""9f9e62a16e205e4bd5eb1d1b8f62cade3177ef00fa9bd4dc15c899a41b00d3d0"",""ghz_chain_18q:4dpu_t8"":""9f9e62a16e205e4bd5eb1d1b8f62cade3177ef00fa9bd4dc15c899a41b00d3d0"",""hs_18q_d1:1dpu_t8"":""bf83ea123bc85b30f3c7f1f8a0de47c8366352fc37c099890eab75c8cba62cb8"",""hs_18q_d1:4dpu_t8"":""0f172b4535a71fb59dd5d4f406df828c33333cda1113d1c71db08b5d0e989d1e"",""quantization_stress_18q_l2:1dpu_t8"":""e56fd025e7fdf900c75302bb6e7212f78d89deef09b236732a001e9f5c5001c1"",""quantization_stress_18q_l2:4dpu_t8"":""e56fd025e7fdf900c75302bb6e7212f78d89deef09b236732a001e9f5c5001c1""}"
652,10,2.225769952123645,1.0,6,0.47630996810097936,0.518889877536195,0.004800154362825642,0.23815498405048968,0.23815498405048968,0.518889877536195,0.004800154362825642,0.0,0.0,"{""edc_18q:1dpu_t8"":""cf23b184355b080f3bead1d9d754a3c2c295746793109413aedfff30da27b94e"",""edc_18q:4dpu_t8"":""cf23b184355b080f3bead1d9d754a3c2c295746793109413aedfff30da27b94e"",""ghz_chain_18q:1dpu_t8"":""9f9e62a16e205e4bd5eb1d1b8f62cade3177ef00fa9bd4dc15c899a41b00d3d0"",""ghz_chain_18q:4dpu_t8"":""9f9e62a16e205e4bd5eb1d1b8f62cade3177ef00fa9bd4dc15c899a41b00d3d0"",""hs_18q_d1:1dpu_t8"":""bf83ea123bc85b30f3c7f1f8a0de47c8366352fc37c099890eab75c8cba62cb8"",""hs_18q_d1:4dpu_t8"":""bf83ea123bc85b30f3c7f1f8a0de47c8366352fc37c099890eab75c8cba62cb8"",""quantization_stress_18q_l2:1dpu_t8"":""e56fd025e7fdf900c75302bb6e7212f78d89deef09b236732a001e9f5c5001c1"",""quantization_stress_18q_l2:4dpu_t8"":""e56fd025e7fdf900c75302bb6e7212f78d89deef09b236732a001e9f5c5001c1""}"
653,3,2.260748094786534,0.997529052435953,7,0.0,1.0,0.0,0.0,0.0,1.0,0.0,0.0,0.0,"{""edc_18q:1dpu_t8"":""cf23b184355b080f3bead1d9d754a3c2c295746793109413aedfff30da27b94e"",""edc_18q:4dpu_t8"":""cf23b184355b080f3bead1d9d754a3c2c295746793109413aedfff30da27b94e"",""ghz_chain_18q:1dpu_t8"":""9f9e62a16e205e4bd5eb1d1b8f62cade3177ef00fa9bd4dc15c899a41b00d3d0"",""ghz_chain_18q:4dpu_t8"":""9f9e62a16e205e4bd5eb1d1b8f62cade3177ef00fa9bd4dc15c899a41b00d3d0"",""hs_18q_d1:1dpu_t8"":""0f172b4535a71fb59dd5d4f406df828c33333cda1113d1c71db08b5d0e989d1e"",""hs_18q_d1:4dpu_t8"":""0f172b4535a71fb59dd5d4f406df828c33333cda1113d1c71db08b5d0e989d1e"",""quantization_stress_18q_l2:1dpu_t8"":""9d1e1ae9a325d84cef97b0fd9beffa9d4b3d783f00a4e38f6fce3a17114d3abb"",""quantization_stress_18q_l2:4dpu_t8"":""9d1e1ae9a325d84cef97b0fd9beffa9d4b3d783f00a4e38f6fce3a17114d3abb""}"
654,9,2.2624583472233506,1.0,7,0.5414741851996391,0.45232358896253566,0.006202225837825213,0.27073709259981954,0.27073709259981954,0.45232358896253566,0.006202225837825213,0.0,0.0,"{""edc_18q:1dpu_t8"":""cf23b184355b080f3bead1d9d754a3c2c295746793109413aedfff30da27b94e"",""edc_18q:4dpu_t8"":""cf23b184355b080f3bead1d9d754a3c2c295746793109413aedfff30da27b94e"",""ghz_chain_18q:1dpu_t8"":""9f9e62a16e205e4bd5eb1d1b8f62cade3177ef00fa9bd4dc15c899a41b00d3d0"",""ghz_chain_18q:4dpu_t8"":""9f9e62a16e205e4bd5eb1d1b8f62cade3177ef00fa9bd4dc15c899a41b00d3d0"",""hs_18q_d1:1dpu_t8"":""bf83ea123bc85b30f3c7f1f8a0de47c8366352fc37c099890eab75c8cba62cb8"",""hs_18q_d1:4dpu_t8"":""0f172b4535a71fb59dd5d4f406df828c33333cda1113d1c71db08b5d0e989d1e"",""quantization_stress_18q_l2:1dpu_t8"":""e56fd025e7fdf900c75302bb6e7212f78d89deef09b236732a001e9f5c5001c1"",""quantization_stress_18q_l2:4dpu_t8"":""e56fd025e7fdf900c75302bb6e7212f78d89deef09b236732a001e9f5c5001c1""}"
655,3,2.2655617138393462,0.997529052435953,7,0.0,1.0,0.0,0.0,0.0,1.0,0.0,0.0,0.0,"{""edc_18q:1dpu_t8"":""cf23b184355b080f3bead1d9d754a3c2c295746793109413aedfff30da27b94e"",""edc_18q:4dpu_t8"":""cf23b184355b080f3bead1d9d754a3c2c295746793109413aedfff30da27b94e"",""ghz_chain_18q:1dpu_t8"":""9f9e62a16e205e4bd5eb1d1b8f62cade3177ef00fa9bd4dc15c899a41b00d3d0"",""ghz_chain_18q:4dpu_t8"":""9f9e62a16e205e4bd5eb1d1b8f62cade3177ef00fa9bd4dc15c899a41b00d3d0"",""hs_18q_d1:1dpu_t8"":""0f172b4535a71fb59dd5d4f406df828c33333cda1113d1c71db08b5d0e989d1e"",""hs_18q_d1:4dpu_t8"":""0f172b4535a71fb59dd5d4f406df828c33333cda1113d1c71db08b5d0e989d1e"",""quantization_stress_18q_l2:1dpu_t8"":""9d1e1ae9a325d84cef97b0fd9beffa9d4b3d783f00a4e38f6fce3a17114d3abb"",""quantization_stress_18q_l2:4dpu_t8"":""9d1e1ae9a325d84cef97b0fd9beffa9d4b3d783f00a4e38f6fce3a17114d3abb""}"
656,3,2.302936111610941,1.041845644222677,8,0.0,1.0,0.0,0.0,0.0,1.0,0.0,0.0,0.0,"{""edc_18q:1dpu_t8"":""cf23b184355b080f3bead1d9d754a3c2c295746793109413aedfff30da27b94e"",""edc_18q:4dpu_t8"":""cf23b184355b080f3bead1d9d754a3c2c295746793109413aedfff30da27b94e"",""ghz_chain_18q:1dpu_t8"":""9f9e62a16e205e4bd5eb1d1b8f62cade3177ef00fa9bd4dc15c899a41b00d3d0"",""ghz_chain_18q:4dpu_t8"":""9f9e62a16e205e4bd5eb1d1b8f62cade3177ef00fa9bd4dc15c899a41b00d3d0"",""hs_18q_d1:1dpu_t8"":""0f172b4535a71fb59dd5d4f406df828c33333cda1113d1c71db08b5d0e989d1e"",""hs_18q_d1:4dpu_t8"":""0f172b4535a71fb59dd5d4f406df828c33333cda1113d1c71db08b5d0e989d1e"",""quantization_stress_18q_l2:1dpu_t8"":""9d1e1ae9a325d84cef97b0fd9beffa9d4b3d783f00a4e38f6fce3a17114d3abb"",""quantization_stress_18q_l2:4dpu_t8"":""9d1e1ae9a325d84cef97b0fd9beffa9d4b3d783f00a4e38f6fce3a17114d3abb""}"
657,4,2.254915909984617,1.0,7,0.22063680206282787,0.7768451800394555,0.002518017897716659,0.11031840103141394,0.11031840103141394,0.7768451800394555,0.002518017897716659,0.0,0.0,"{""edc_18q:1dpu_t8"":""cf23b184355b080f3bead1d9d754a3c2c295746793109413aedfff30da27b94e"",""edc_18q:4dpu_t8"":""cf23b184355b080f3bead1d9d754a3c2c295746793109413aedfff30da27b94e"",""ghz_chain_18q:1dpu_t8"":""9f9e62a16e205e4bd5eb1d1b8f62cade3177ef00fa9bd4dc15c899a41b00d3d0"",""ghz_chain_18q:4dpu_t8"":""9f9e62a16e205e4bd5eb1d1b8f62cade3177ef00fa9bd4dc15c899a41b00d3d0"",""hs_18q_d1:1dpu_t8"":""bf83ea123bc85b30f3c7f1f8a0de47c8366352fc37c099890eab75c8cba62cb8"",""hs_18q_d1:4dpu_t8"":""0f172b4535a71fb59dd5d4f406df828c33333cda1113d1c71db08b5d0e989d1e"",""quantization_stress_18q_l2:1dpu_t8"":""9d1e1ae9a325d84cef97b0fd9beffa9d4b3d783f00a4e38f6fce3a17114d3abb"",""quantization_stress_18q_l2:4dpu_t8"":""9d1e1ae9a325d84cef97b0fd9beffa9d4b3d783f00a4e38f6fce3a17114d3abb""}"
658,8,2.2877428847296506,1.041845644222677,8,0.3715322706836804,0.40507521716230527,0.2233925121540143,0.1857661353418402,0.1857661353418402,0.40507521716230527,0.2233925121540143,0.0,0.0,"{""edc_18q:1dpu_t8"":""cf23b184355b080f3bead1d9d754a3c2c295746793109413aedfff30da27b94e"",""edc_18q:4dpu_t8"":""cf23b184355b080f3bead1d9d754a3c2c295746793109413aedfff30da27b94e"",""ghz_chain_18q:1dpu_t8"":""9f9e62a16e205e4bd5eb1d1b8f62cade3177ef00fa9bd4dc15c899a41b00d3d0"",""ghz_chain_18q:4dpu_t8"":""9f9e62a16e205e4bd5eb1d1b8f62cade3177ef00fa9bd4dc15c899a41b00d3d0"",""hs_18q_d1:1dpu_t8"":""0f172b4535a71fb59dd5d4f406df828c33333cda1113d1c71db08b5d0e989d1e"",""hs_18q_d1:4dpu_t8"":""0f172b4535a71fb59dd5d4f406df828c33333cda1113d1c71db08b5d0e989d1e"",""quantization_stress_18q_l2:1dpu_t8"":""e56fd025e7fdf900c75302bb6e7212f78d89deef09b236732a001e9f5c5001c1"",""quantization_stress_18q_l2:4dpu_t8"":""e56fd025e7fdf900c75302bb6e7212f78d89deef09b236732a001e9f5c5001c1""}"
659,4,2.2329612757256294,1.0,7,0.22063680206282787,0.7768451800394555,0.002518017897716659,0.11031840103141394,0.11031840103141394,0.7768451800394555,0.002518017897716659,0.0,0.0,"{""edc_18q:1dpu_t8"":""cf23b184355b080f3bead1d9d754a3c2c295746793109413aedfff30da27b94e"",""edc_18q:4dpu_t8"":""cf23b184355b080f3bead1d9d754a3c2c295746793109413aedfff30da27b94e"",""ghz_chain_18q:1dpu_t8"":""9f9e62a16e205e4bd5eb1d1b8f62cade3177ef00fa9bd4dc15c899a41b00d3d0"",""ghz_chain_18q:4dpu_t8"":""9f9e62a16e205e4bd5eb1d1b8f62cade3177ef00fa9bd4dc15c899a41b00d3d0"",""hs_18q_d1:1dpu_t8"":""bf83ea123bc85b30f3c7f1f8a0de47c8366352fc37c099890eab75c8cba62cb8"",""hs_18q_d1:4dpu_t8"":""0f172b4535a71fb59dd5d4f406df828c33333cda1113d1c71db08b5d0e989d1e"",""quantization_stress_18q_l2:1dpu_t8"":""9d1e1ae9a325d84cef97b0fd9beffa9d4b3d783f00a4e38f6fce3a17114d3abb"",""quantization_stress_18q_l2:4dpu_t8"":""9d1e1ae9a325d84cef97b0fd9beffa9d4b3d783f00a4e38f6fce3a17114d3abb""}"
660,8,2.266478543348438,1.0163179096347865,8,0.3715322706836804,0.40507521716230527,0.2233925121540143,0.1857661353418402,0.1857661353418402,0.40507521716230527,0.2233925121540143,0.0,0.0,"{""edc_18q:1dpu_t8"":""cf23b184355b080f3bead1d9d754a3c2c295746793109413aedfff30da27b94e"",""edc_18q:4dpu_t8"":""cf23b184355b080f3bead1d9d754a3c2c295746793109413aedfff30da27b94e"",""ghz_chain_18q:1dpu_t8"":""9f9e62a16e205e4bd5eb1d1b8f62cade3177ef00fa9bd4dc15c899a41b00d3d0"",""ghz_chain_18q:4dpu_t8"":""9f9e62a16e205e4bd5eb1d1b8f62cade3177ef00fa9bd4dc15c899a41b00d3d0"",""hs_18q_d1:1dpu_t8"":""0f172b4535a71fb59dd5d4f406df828c33333cda1113d1c71db08b5d0e989d1e"",""hs_18q_d1:4dpu_t8"":""0f172b4535a71fb59dd5d4f406df828c33333cda1113d1c71db08b5d0e989d1e"",""quantization_stress_18q_l2:1dpu_t8"":""e56fd025e7fdf900c75302bb6e7212f78d89deef09b236732a001e9f5c5001c1"",""quantization_stress_18q_l2:4dpu_t8"":""e56fd025e7fdf900c75302bb6e7212f78d89deef09b236732a001e9f5c5001c1""}"
661,10,2.2370290311603465,1.0,6,0.47630996810097936,0.518889877536195,0.004800154362825642,0.23815498405048968,0.23815498405048968,0.518889877536195,0.004800154362825642,0.0,0.0,"{""edc_18q:1dpu_t8"":""cf23b184355b080f3bead1d9d754a3c2c295746793109413aedfff30da27b94e"",""edc_18q:4dpu_t8"":""cf23b184355b080f3bead1d9d754a3c2c295746793109413aedfff30da27b94e"",""ghz_chain_18q:1dpu_t8"":""9f9e62a16e205e4bd5eb1d1b8f62cade3177ef00fa9bd4dc15c899a41b00d3d0"",""ghz_chain_18q:4dpu_t8"":""9f9e62a16e205e4bd5eb1d1b8f62cade3177ef00fa9bd4dc15c899a41b00d3d0"",""hs_18q_d1:1dpu_t8"":""bf83ea123bc85b30f3c7f1f8a0de47c8366352fc37c099890eab75c8cba62cb8"",""hs_18q_d1:4dpu_t8"":""bf83ea123bc85b30f3c7f1f8a0de47c8366352fc37c099890eab75c8cba62cb8"",""quantization_stress_18q_l2:1dpu_t8"":""e56fd025e7fdf900c75302bb6e7212f78d89deef09b236732a001e9f5c5001c1"",""quantization_stress_18q_l2:4dpu_t8"":""e56fd025e7fdf900c75302bb6e7212f78d89deef09b236732a001e9f5c5001c1""}"
662,4,2.234152268877787,1.0,7,0.22063680206282787,0.7768451800394555,0.002518017897716659,0.11031840103141394,0.11031840103141394,0.7768451800394555,0.002518017897716659,0.0,0.0,"{""edc_18q:1dpu_t8"":""cf23b184355b080f3bead1d9d754a3c2c295746793109413aedfff30da27b94e"",""edc_18q:4dpu_t8"":""cf23b184355b080f3bead1d9d754a3c2c295746793109413aedfff30da27b94e"",""ghz_chain_18q:1dpu_t8"":""9f9e62a16e205e4bd5eb1d1b8f62cade3177ef00fa9bd4dc15c899a41b00d3d0"",""ghz_chain_18q:4dpu_t8"":""9f9e62a16e205e4bd5eb1d1b8f62cade3177ef00fa9bd4dc15c899a41b00d3d0"",""hs_18q_d1:1dpu_t8"":""bf83ea123bc85b30f3c7f1f8a0de47c8366352fc37c099890eab75c8cba62cb8"",""hs_18q_d1:4dpu_t8"":""0f172b4535a71fb59dd5d4f406df828c33333cda1113d1c71db08b5d0e989d1e"",""quantization_stress_18q_l2:1dpu_t8"":""9d1e1ae9a325d84cef97b0fd9beffa9d4b3d783f00a4e38f6fce3a17114d3abb"",""quantization_stress_18q_l2:4dpu_t8"":""9d1e1ae9a325d84cef97b0fd9beffa9d4b3d783f00a4e38f6fce3a17114d3abb""}"
663,4,2.2537737819352,1.0,7,0.22063680206282787,0.7768451800394555,0.002518017897716659,0.11031840103141394,0.11031840103141394,0.7768451800394555,0.002518017897716659,0.0,0.0,"{""edc_18q:1dpu_t8"":""cf23b184355b080f3bead1d9d754a3c2c295746793109413aedfff30da27b94e"",""edc_18q:4dpu_t8"":""cf23b184355b080f3bead1d9d754a3c2c295746793109413aedfff30da27b94e"",""ghz_chain_18q:1dpu_t8"":""9f9e62a16e205e4bd5eb1d1b8f62cade3177ef00fa9bd4dc15c899a41b00d3d0"",""ghz_chain_18q:4dpu_t8"":""9f9e62a16e205e4bd5eb1d1b8f62cade3177ef00fa9bd4dc15c899a41b00d3d0"",""hs_18q_d1:1dpu_t8"":""bf83ea123bc85b30f3c7f1f8a0de47c8366352fc37c099890eab75c8cba62cb8"",""hs_18q_d1:4dpu_t8"":""0f172b4535a71fb59dd5d4f406df828c33333cda1113d1c71db08b5d0e989d1e"",""quantization_stress_18q_l2:1dpu_t8"":""9d1e1ae9a325d84cef97b0fd9beffa9d4b3d783f00a4e38f6fce3a17114d3abb"",""quantization_stress_18q_l2:4dpu_t8"":""9d1e1ae9a325d84cef97b0fd9beffa9d4b3d783f00a4e38f6fce3a17114d3abb""}"
664,3,2.283060356699467,1.0163179096347865,8,0.0,1.0,0.0,0.0,0.0,1.0,0.0,0.0,0.0,"{""edc_18q:1dpu_t8"":""cf23b184355b080f3bead1d9d754a3c2c295746793109413aedfff30da27b94e"",""edc_18q:4dpu_t8"":""cf23b184355b080f3bead1d9d754a3c2c295746793109413aedfff30da27b94e"",""ghz_chain_18q:1dpu_t8"":""9f9e62a16e205e4bd5eb1d1b8f62cade3177ef00fa9bd4dc15c899a41b00d3d0"",""ghz_chain_18q:4dpu_t8"":""9f9e62a16e205e4bd5eb1d1b8f62cade3177ef00fa9bd4dc15c899a41b00d3d0"",""hs_18q_d1:1dpu_t8"":""0f172b4535a71fb59dd5d4f406df828c33333cda1113d1c71db08b5d0e989d1e"",""hs_18q_d1:4dpu_t8"":""0f172b4535a71fb59dd5d4f406df828c33333cda1113d1c71db08b5d0e989d1e"",""quantization_stress_18q_l2:1dpu_t8"":""9d1e1ae9a325d84cef97b0fd9beffa9d4b3d783f00a4e38f6fce3a17114d3abb"",""quantization_stress_18q_l2:4dpu_t8"":""9d1e1ae9a325d84cef97b0fd9beffa9d4b3d783f00a4e38f6fce3a17114d3abb""}"
665,5,2.248510523718641,1.0,6,0.024368166273412584,0.9754242110524387,0.00020762267414873057,0.012184083136706292,0.012184083136706292,0.9754242110524387,0.00020762267414873057,0.0,0.0,"{""edc_18q:1dpu_t8"":""cf23b184355b080f3bead1d9d754a3c2c295746793109413aedfff30da27b94e"",""edc_18q:4dpu_t8"":""cf23b184355b080f3bead1d9d754a3c2c295746793109413aedfff30da27b94e"",""ghz_chain_18q:1dpu_t8"":""9f9e62a16e205e4bd5eb1d1b8f62cade3177ef00fa9bd4dc15c899a41b00d3d0"",""ghz_chain_18q:4dpu_t8"":""9f9e62a16e205e4bd5eb1d1b8f62cade3177ef00fa9bd4dc15c899a41b00d3d0"",""hs_18q_d1:1dpu_t8"":""bf83ea123bc85b30f3c7f1f8a0de47c8366352fc37c099890eab75c8cba62cb8"",""hs_18q_d1:4dpu_t8"":""bf83ea123bc85b30f3c7f1f8a0de47c8366352fc37c099890eab75c8cba62cb8"",""quantization_stress_18q_l2:1dpu_t8"":""9d1e1ae9a325d84cef97b0fd9beffa9d4b3d783f00a4e38f6fce3a17114d3abb"",""quantization_stress_18q_l2:4dpu_t8"":""9d1e1ae9a325d84cef97b0fd9beffa9d4b3d783f00a4e38f6fce3a17114d3abb""}"
666,4,2.2292770226306464,1.0,7,0.22063680206282787,0.7768451800394555,0.002518017897716659,0.11031840103141394,0.11031840103141394,0.7768451800394555,0.002518017897716659,0.0,0.0,"{""edc_18q:1dpu_t8"":""cf23b184355b080f3bead1d9d754a3c2c295746793109413aedfff30da27b94e"",""edc_18q:4dpu_t8"":""cf23b184355b080f3bead1d9d754a3c2c295746793109413aedfff30da27b94e"",""ghz_chain_18q:1dpu_t8"":""9f9e62a16e205e4bd5eb1d1b8f62cade3177ef00fa9bd4dc15c899a41b00d3d0"",""ghz_chain_18q:4dpu_t8"":""9f9e62a16e205e4bd5eb1d1b8f62cade3177ef00fa9bd4dc15c899a41b00d3d0"",""hs_18q_d1:1dpu_t8"":""bf83ea123bc85b30f3c7f1f8a0de47c8366352fc37c099890eab75c8cba62cb8"",""hs_18q_d1:4dpu_t8"":""0f172b4535a71fb59dd5d4f406df828c33333cda1113d1c71db08b5d0e989d1e"",""quantization_stress_18q_l2:1dpu_t8"":""9d1e1ae9a325d84cef97b0fd9beffa9d4b3d783f00a4e38f6fce3a17114d3abb"",""quantization_stress_18q_l2:4dpu_t8"":""9d1e1ae9a325d84cef97b0fd9beffa9d4b3d783f00a4e38f6fce3a17114d3abb""}"
667,10,2.2409005494013403,1.0,6,0.47630996810097936,0.518889877536195,0.004800154362825642,0.23815498405048968,0.23815498405048968,0.518889877536195,0.004800154362825642,0.0,0.0,"{""edc_18q:1dpu_t8"":""cf23b184355b080f3bead1d9d754a3c2c295746793109413aedfff30da27b94e"",""edc_18q:4dpu_t8"":""cf23b184355b080f3bead1d9d754a3c2c295746793109413aedfff30da27b94e"",""ghz_chain_18q:1dpu_t8"":""9f9e62a16e205e4bd5eb1d1b8f62cade3177ef00fa9bd4dc15c899a41b00d3d0"",""ghz_chain_18q:4dpu_t8"":""9f9e62a16e205e4bd5eb1d1b8f62cade3177ef00fa9bd4dc15c899a41b00d3d0"",""hs_18q_d1:1dpu_t8"":""bf83ea123bc85b30f3c7f1f8a0de47c8366352fc37c099890eab75c8cba62cb8"",""hs_18q_d1:4dpu_t8"":""bf83ea123bc85b30f3c7f1f8a0de47c8366352fc37c099890eab75c8cba62cb8"",""quantization_stress_18q_l2:1dpu_t8"":""e56fd025e7fdf900c75302bb6e7212f78d89deef09b236732a001e9f5c5001c1"",""quantization_stress_18q_l2:4dpu_t8"":""e56fd025e7fdf900c75302bb6e7212f78d89deef09b236732a001e9f5c5001c1""}"
668,8,2.2916540980993343,0.997529052435953,7,0.3715322706836804,0.40507521716230527,0.2233925121540143,0.1857661353418402,0.1857661353418402,0.40507521716230527,0.2233925121540143,0.0,0.0,"{""edc_18q:1dpu_t8"":""cf23b184355b080f3bead1d9d754a3c2c295746793109413aedfff30da27b94e"",""edc_18q:4dpu_t8"":""cf23b184355b080f3bead1d9d754a3c2c295746793109413aedfff30da27b94e"",""ghz_chain_18q:1dpu_t8"":""9f9e62a16e205e4bd5eb1d1b8f62cade3177ef00fa9bd4dc15c899a41b00d3d0"",""ghz_chain_18q:4dpu_t8"":""9f9e62a16e205e4bd5eb1d1b8f62cade3177ef00fa9bd4dc15c899a41b00d3d0"",""hs_18q_d1:1dpu_t8"":""0f172b4535a71fb59dd5d4f406df828c33333cda1113d1c71db08b5d0e989d1e"",""hs_18q_d1:4dpu_t8"":""0f172b4535a71fb59dd5d4f406df828c33333cda1113d1c71db08b5d0e989d1e"",""quantization_stress_18q_l2:1dpu_t8"":""e56fd025e7fdf900c75302bb6e7212f78d89deef09b236732a001e9f5c5001c1"",""quantization_stress_18q_l2:4dpu_t8"":""e56fd025e7fdf900c75302bb6e7212f78d89deef09b236732a001e9f5c5001c1""}"
669,5,2.2397979549505553,1.0,6,0.024368166273412584,0.9754242110524387,0.00020762267414873057,0.012184083136706292,0.012184083136706292,0.9754242110524387,0.00020762267414873057,0.0,0.0,"{""edc_18q:1dpu_t8"":""cf23b184355b080f3bead1d9d754a3c2c295746793109413aedfff30da27b94e"",""edc_18q:4dpu_t8"":""cf23b184355b080f3bead1d9d754a3c2c295746793109413aedfff30da27b94e"",""ghz_chain_18q:1dpu_t8"":""9f9e62a16e205e4bd5eb1d1b8f62cade3177ef00fa9bd4dc15c899a41b00d3d0"",""ghz_chain_18q:4dpu_t8"":""9f9e62a16e205e4bd5eb1d1b8f62cade3177ef00fa9bd4dc15c899a41b00d3d0"",""hs_18q_d1:1dpu_t8"":""bf83ea123bc85b30f3c7f1f8a0de47c8366352fc37c099890eab75c8cba62cb8"",""hs_18q_d1:4dpu_t8"":""bf83ea123bc85b30f3c7f1f8a0de47c8366352fc37c099890eab75c8cba62cb8"",""quantization_stress_18q_l2:1dpu_t8"":""9d1e1ae9a325d84cef97b0fd9beffa9d4b3d783f00a4e38f6fce3a17114d3abb"",""quantization_stress_18q_l2:4dpu_t8"":""9d1e1ae9a325d84cef97b0fd9beffa9d4b3d783f00a4e38f6fce3a17114d3abb""}"
670,4,2.2570132498391433,1.0,7,0.22063680206282787,0.7768451800394555,0.002518017897716659,0.11031840103141394,0.11031840103141394,0.7768451800394555,0.002518017897716659,0.0,0.0,"{""edc_18q:1dpu_t8"":""cf23b184355b080f3bead1d9d754a3c2c295746793109413aedfff30da27b94e"",""edc_18q:4dpu_t8"":""cf23b184355b080f3bead1d9d754a3c2c295746793109413aedfff30da27b94e"",""ghz_chain_18q:1dpu_t8"":""9f9e62a16e205e4bd5eb1d1b8f62cade3177ef00fa9bd4dc15c899a41b00d3d0"",""ghz_chain_18q:4dpu_t8"":""9f9e62a16e205e4bd5eb1d1b8f62cade3177ef00fa9bd4dc15c899a41b00d3d0"",""hs_18q_d1:1dpu_t8"":""bf83ea123bc85b30f3c7f1f8a0de47c8366352fc37c099890eab75c8cba62cb8"",""hs_18q_d1:4dpu_t8"":""0f172b4535a71fb59dd5d4f406df828c33333cda1113d1c71db08b5d0e989d1e"",""quantization_stress_18q_l2:1dpu_t8"":""9d1e1ae9a325d84cef97b0fd9beffa9d4b3d783f00a4e38f6fce3a17114d3abb"",""quantization_stress_18q_l2:4dpu_t8"":""9d1e1ae9a325d84cef97b0fd9beffa9d4b3d783f00a4e38f6fce3a17114d3abb""}"
671,3,2.2719732522477885,0.997529052435953,7,0.0,1.0,0.0,0.0,0.0,1.0,0.0,0.0,0.0,"{""edc_18q:1dpu_t8"":""cf23b184355b080f3bead1d9d754a3c2c295746793109413aedfff30da27b94e"",""edc_18q:4dpu_t8"":""cf23b184355b080f3bead1d9d754a3c2c295746793109413aedfff30da27b94e"",""ghz_chain_18q:1dpu_t8"":""9f9e62a16e205e4bd5eb1d1b8f62cade3177ef00fa9bd4dc15c899a41b00d3d0"",""ghz_chain_18q:4dpu_t8"":""9f9e62a16e205e4bd5eb1d1b8f62cade3177ef00fa9bd4dc15c899a41b00d3d0"",""hs_18q_d1:1dpu_t8"":""0f172b4535a71fb59dd5d4f406df828c33333cda1113d1c71db08b5d0e989d1e"",""hs_18q_d1:4dpu_t8"":""0f172b4535a71fb59dd5d4f406df828c33333cda1113d1c71db08b5d0e989d1e"",""quantization_stress_18q_l2:1dpu_t8"":""9d1e1ae9a325d84cef97b0fd9beffa9d4b3d783f00a4e38f6fce3a17114d3abb"",""quantization_stress_18q_l2:4dpu_t8"":""9d1e1ae9a325d84cef97b0fd9beffa9d4b3d783f00a4e38f6fce3a17114d3abb""}"
672,3,2.2947787946364984,1.041845644222677,8,0.0,1.0,0.0,0.0,0.0,1.0,0.0,0.0,0.0,"{""edc_18q:1dpu_t8"":""cf23b184355b080f3bead1d9d754a3c2c295746793109413aedfff30da27b94e"",""edc_18q:4dpu_t8"":""cf23b184355b080f3bead1d9d754a3c2c295746793109413aedfff30da27b94e"",""ghz_chain_18q:1dpu_t8"":""9f9e62a16e205e4bd5eb1d1b8f62cade3177ef00fa9bd4dc15c899a41b00d3d0"",""ghz_chain_18q:4dpu_t8"":""9f9e62a16e205e4bd5eb1d1b8f62cade3177ef00fa9bd4dc15c899a41b00d3d0"",""hs_18q_d1:1dpu_t8"":""0f172b4535a71fb59dd5d4f406df828c33333cda1113d1c71db08b5d0e989d1e"",""hs_18q_d1:4dpu_t8"":""0f172b4535a71fb59dd5d4f406df828c33333cda1113d1c71db08b5d0e989d1e"",""quantization_stress_18q_l2:1dpu_t8"":""9d1e1ae9a325d84cef97b0fd9beffa9d4b3d783f00a4e38f6fce3a17114d3abb"",""quantization_stress_18q_l2:4dpu_t8"":""9d1e1ae9a325d84cef97b0fd9beffa9d4b3d783f00a4e38f6fce3a17114d3abb""}"
673,5,2.218053863852649,1.0,6,0.024368166273412584,0.9754242110524387,0.00020762267414873057,0.012184083136706292,0.012184083136706292,0.9754242110524387,0.00020762267414873057,0.0,0.0,"{""edc_18q:1dpu_t8"":""cf23b184355b080f3bead1d9d754a3c2c295746793109413aedfff30da27b94e"",""edc_18q:4dpu_t8"":""cf23b184355b080f3bead1d9d754a3c2c295746793109413aedfff30da27b94e"",""ghz_chain_18q:1dpu_t8"":""9f9e62a16e205e4bd5eb1d1b8f62cade3177ef00fa9bd4dc15c899a41b00d3d0"",""ghz_chain_18q:4dpu_t8"":""9f9e62a16e205e4bd5eb1d1b8f62cade3177ef00fa9bd4dc15c899a41b00d3d0"",""hs_18q_d1:1dpu_t8"":""bf83ea123bc85b30f3c7f1f8a0de47c8366352fc37c099890eab75c8cba62cb8"",""hs_18q_d1:4dpu_t8"":""bf83ea123bc85b30f3c7f1f8a0de47c8366352fc37c099890eab75c8cba62cb8"",""quantization_stress_18q_l2:1dpu_t8"":""9d1e1ae9a325d84cef97b0fd9beffa9d4b3d783f00a4e38f6fce3a17114d3abb"",""quantization_stress_18q_l2:4dpu_t8"":""9d1e1ae9a325d84cef97b0fd9beffa9d4b3d783f00a4e38f6fce3a17114d3abb""}"
674,9,2.2335805994968383,1.0,7,0.5414741851996391,0.45232358896253566,0.006202225837825213,0.27073709259981954,0.27073709259981954,0.45232358896253566,0.006202225837825213,0.0,0.0,"{""edc_18q:1dpu_t8"":""cf23b184355b080f3bead1d9d754a3c2c295746793109413aedfff30da27b94e"",""edc_18q:4dpu_t8"":""cf23b184355b080f3bead1d9d754a3c2c295746793109413aedfff30da27b94e"",""ghz_chain_18q:1dpu_t8"":""9f9e62a16e205e4bd5eb1d1b8f62cade3177ef00fa9bd4dc15c899a41b00d3d0"",""ghz_chain_18q:4dpu_t8"":""9f9e62a16e205e4bd5eb1d1b8f62cade3177ef00fa9bd4dc15c899a41b00d3d0"",""hs_18q_d1:1dpu_t8"":""bf83ea123bc85b30f3c7f1f8a0de47c8366352fc37c099890eab75c8cba62cb8"",""hs_18q_d1:4dpu_t8"":""0f172b4535a71fb59dd5d4f406df828c33333cda1113d1c71db08b5d0e989d1e"",""quantization_stress_18q_l2:1dpu_t8"":""e56fd025e7fdf900c75302bb6e7212f78d89deef09b236732a001e9f5c5001c1"",""quantization_stress_18q_l2:4dpu_t8"":""e56fd025e7fdf900c75302bb6e7212f78d89deef09b236732a001e9f5c5001c1""}"
675,10,2.2390421760849604,1.0,6,0.47630996810097936,0.518889877536195,0.004800154362825642,0.23815498405048968,0.23815498405048968,0.518889877536195,0.004800154362825642,0.0,0.0,"{""edc_18q:1dpu_t8"":""cf23b184355b080f3bead1d9d754a3c2c295746793109413aedfff30da27b94e"",""edc_18q:4dpu_t8"":""cf23b184355b080f3bead1d9d754a3c2c295746793109413aedfff30da27b94e"",""ghz_chain_18q:1dpu_t8"":""9f9e62a16e205e4bd5eb1d1b8f62cade3177ef00fa9bd4dc15c899a41b00d3d0"",""ghz_chain_18q:4dpu_t8"":""9f9e62a16e205e4bd5eb1d1b8f62cade3177ef00fa9bd4dc15c899a41b00d3d0"",""hs_18q_d1:1dpu_t8"":""bf83ea123bc85b30f3c7f1f8a0de47c8366352fc37c099890eab75c8cba62cb8"",""hs_18q_d1:4dpu_t8"":""bf83ea123bc85b30f3c7f1f8a0de47c8366352fc37c099890eab75c8cba62cb8"",""quantization_stress_18q_l2:1dpu_t8"":""e56fd025e7fdf900c75302bb6e7212f78d89deef09b236732a001e9f5c5001c1"",""quantization_stress_18q_l2:4dpu_t8"":""e56fd025e7fdf900c75302bb6e7212f78d89deef09b236732a001e9f5c5001c1""}"
676,5,2.2296652211214663,1.0,6,0.024368166273412584,0.9754242110524387,0.00020762267414873057,0.012184083136706292,0.012184083136706292,0.9754242110524387,0.00020762267414873057,0.0,0.0,"{""edc_18q:1dpu_t8"":""cf23b184355b080f3bead1d9d754a3c2c295746793109413aedfff30da27b94e"",""edc_18q:4dpu_t8"":""cf23b184355b080f3bead1d9d754a3c2c295746793109413aedfff30da27b94e"",""ghz_chain_18q:1dpu_t8"":""9f9e62a16e205e4bd5eb1d1b8f62cade3177ef00fa9bd4dc15c899a41b00d3d0"",""ghz_chain_18q:4dpu_t8"":""9f9e62a16e205e4bd5eb1d1b8f62cade3177ef00fa9bd4dc15c899a41b00d3d0"",""hs_18q_d1:1dpu_t8"":""bf83ea123bc85b30f3c7f1f8a0de47c8366352fc37c099890eab75c8cba62cb8"",""hs_18q_d1:4dpu_t8"":""bf83ea123bc85b30f3c7f1f8a0de47c8366352fc37c099890eab75c8cba62cb8"",""quantization_stress_18q_l2:1dpu_t8"":""9d1e1ae9a325d84cef97b0fd9beffa9d4b3d783f00a4e38f6fce3a17114d3abb"",""quantization_stress_18q_l2:4dpu_t8"":""9d1e1ae9a325d84cef97b0fd9beffa9d4b3d783f00a4e38f6fce3a17114d3abb""}"
677,5,2.2385008694327593,1.0,6,0.024368166273412584,0.9754242110524387,0.00020762267414873057,0.012184083136706292,0.012184083136706292,0.9754242110524387,0.00020762267414873057,0.0,0.0,"{""edc_18q:1dpu_t8"":""cf23b184355b080f3bead1d9d754a3c2c295746793109413aedfff30da27b94e"",""edc_18q:4dpu_t8"":""cf23b184355b080f3bead1d9d754a3c2c295746793109413aedfff30da27b94e"",""ghz_chain_18q:1dpu_t8"":""9f9e62a16e205e4bd5eb1d1b8f62cade3177ef00fa9bd4dc15c899a41b00d3d0"",""ghz_chain_18q:4dpu_t8"":""9f9e62a16e205e4bd5eb1d1b8f62cade3177ef00fa9bd4dc15c899a41b00d3d0"",""hs_18q_d1:1dpu_t8"":""bf83ea123bc85b30f3c7f1f8a0de47c8366352fc37c099890eab75c8cba62cb8"",""hs_18q_d1:4dpu_t8"":""bf83ea123bc85b30f3c7f1f8a0de47c8366352fc37c099890eab75c8cba62cb8"",""quantization_stress_18q_l2:1dpu_t8"":""9d1e1ae9a325d84cef97b0fd9beffa9d4b3d783f00a4e38f6fce3a17114d3abb"",""quantization_stress_18q_l2:4dpu_t8"":""9d1e1ae9a325d84cef97b0fd9beffa9d4b3d783f00a4e38f6fce3a17114d3abb""}"
678,4,2.240240751650969,1.0,7,0.22063680206282787,0.7768451800394555,0.002518017897716659,0.11031840103141394,0.11031840103141394,0.7768451800394555,0.002518017897716659,0.0,0.0,"{""edc_18q:1dpu_t8"":""cf23b184355b080f3bead1d9d754a3c2c295746793109413aedfff30da27b94e"",""edc_18q:4dpu_t8"":""cf23b184355b080f3bead1d9d754a3c2c295746793109413aedfff30da27b94e"",""ghz_chain_18q:1dpu_t8"":""9f9e62a16e205e4bd5eb1d1b8f62cade3177ef00fa9bd4dc15c899a41b00d3d0"",""ghz_chain_18q:4dpu_t8"":""9f9e62a16e205e4bd5eb1d1b8f62cade3177ef00fa9bd4dc15c899a41b00d3d0"",""hs_18q_d1:1dpu_t8"":""bf83ea123bc85b30f3c7f1f8a0de47c8366352fc37c099890eab75c8cba62cb8"",""hs_18q_d1:4dpu_t8"":""0f172b4535a71fb59dd5d4f406df828c33333cda1113d1c71db08b5d0e989d1e"",""quantization_stress_18q_l2:1dpu_t8"":""9d1e1ae9a325d84cef97b0fd9beffa9d4b3d783f00a4e38f6fce3a17114d3abb"",""quantization_stress_18q_l2:4dpu_t8"":""9d1e1ae9a325d84cef97b0fd9beffa9d4b3d783f00a4e38f6fce3a17114d3abb""}"
679,9,2.2412189332225885,1.0,7,0.5414741851996391,0.45232358896253566,0.006202225837825213,0.27073709259981954,0.27073709259981954,0.45232358896253566,0.006202225837825213,0.0,0.0,"{""edc_18q:1dpu_t8"":""cf23b184355b080f3bead1d9d754a3c2c295746793109413aedfff30da27b94e"",""edc_18q:4dpu_t8"":""cf23b184355b080f3bead1d9d754a3c2c295746793109413aedfff30da27b94e"",""ghz_chain_18q:1dpu_t8"":""9f9e62a16e205e4bd5eb1d1b8f62cade3177ef00fa9bd4dc15c899a41b00d3d0"",""ghz_chain_18q:4dpu_t8"":""9f9e62a16e205e4bd5eb1d1b8f62cade3177ef00fa9bd4dc15c899a41b00d3d0"",""hs_18q_d1:1dpu_t8"":""bf83ea123bc85b30f3c7f1f8a0de47c8366352fc37c099890eab75c8cba62cb8"",""hs_18q_d1:4dpu_t8"":""0f172b4535a71fb59dd5d4f406df828c33333cda1113d1c71db08b5d0e989d1e"",""quantization_stress_18q_l2:1dpu_t8"":""e56fd025e7fdf900c75302bb6e7212f78d89deef09b236732a001e9f5c5001c1"",""quantization_stress_18q_l2:4dpu_t8"":""e56fd025e7fdf900c75302bb6e7212f78d89deef09b236732a001e9f5c5001c1""}"
680,5,2.242825754594071,1.0,6,0.024368166273412584,0.9754242110524387,0.00020762267414873057,0.012184083136706292,0.012184083136706292,0.9754242110524387,0.00020762267414873057,0.0,0.0,"{""edc_18q:1dpu_t8"":""cf23b184355b080f3bead1d9d754a3c2c295746793109413aedfff30da27b94e"",""edc_18q:4dpu_t8"":""cf23b184355b080f3bead1d9d754a3c2c295746793109413aedfff30da27b94e"",""ghz_chain_18q:1dpu_t8"":""9f9e62a16e205e4bd5eb1d1b8f62cade3177ef00fa9bd4dc15c899a41b00d3d0"",""ghz_chain_18q:4dpu_t8"":""9f9e62a16e205e4bd5eb1d1b8f62cade3177ef00fa9bd4dc15c899a41b00d3d0"",""hs_18q_d1:1dpu_t8"":""bf83ea123bc85b30f3c7f1f8a0de47c8366352fc37c099890eab75c8cba62cb8"",""hs_18q_d1:4dpu_t8"":""bf83ea123bc85b30f3c7f1f8a0de47c8366352fc37c099890eab75c8cba62cb8"",""quantization_stress_18q_l2:1dpu_t8"":""9d1e1ae9a325d84cef97b0fd9beffa9d4b3d783f00a4e38f6fce3a17114d3abb"",""quantization_stress_18q_l2:4dpu_t8"":""9d1e1ae9a325d84cef97b0fd9beffa9d4b3d783f00a4e38f6fce3a17114d3abb""}"
681,4,2.2458221298797856,1.0,7,0.22063680206282787,0.7768451800394555,0.002518017897716659,0.11031840103141394,0.11031840103141394,0.7768451800394555,0.002518017897716659,0.0,0.0,"{""edc_18q:1dpu_t8"":""cf23b184355b080f3bead1d9d754a3c2c295746793109413aedfff30da27b94e"",""edc_18q:4dpu_t8"":""cf23b184355b080f3bead1d9d754a3c2c295746793109413aedfff30da27b94e"",""ghz_chain_18q:1dpu_t8"":""9f9e62a16e205e4bd5eb1d1b8f62cade3177ef00fa9bd4dc15c899a41b00d3d0"",""ghz_chain_18q:4dpu_t8"":""9f9e62a16e205e4bd5eb1d1b8f62cade3177ef00fa9bd4dc15c899a41b00d3d0"",""hs_18q_d1:1dpu_t8"":""bf83ea123bc85b30f3c7f1f8a0de47c8366352fc37c099890eab75c8cba62cb8"",""hs_18q_d1:4dpu_t8"":""0f172b4535a71fb59dd5d4f406df828c33333cda1113d1c71db08b5d0e989d1e"",""quantization_stress_18q_l2:1dpu_t8"":""9d1e1ae9a325d84cef97b0fd9beffa9d4b3d783f00a4e38f6fce3a17114d3abb"",""quantization_stress_18q_l2:4dpu_t8"":""9d1e1ae9a325d84cef97b0fd9beffa9d4b3d783f00a4e38f6fce3a17114d3abb""}"
682,5,2.227176121542918,1.0,6,0.024368166273412584,0.9754242110524387,0.00020762267414873057,0.012184083136706292,0.012184083136706292,0.9754242110524387,0.00020762267414873057,0.0,0.0,"{""edc_18q:1dpu_t8"":""cf23b184355b080f3bead1d9d754a3c2c295746793109413aedfff30da27b94e"",""edc_18q:4dpu_t8"":""cf23b184355b080f3bead1d9d754a3c2c295746793109413aedfff30da27b94e"",""ghz_chain_18q:1dpu_t8"":""9f9e62a16e205e4bd5eb1d1b8f62cade3177ef00fa9bd4dc15c899a41b00d3d0"",""ghz_chain_18q:4dpu_t8"":""9f9e62a16e205e4bd5eb1d1b8f62cade3177ef00fa9bd4dc15c899a41b00d3d0"",""hs_18q_d1:1dpu_t8"":""bf83ea123bc85b30f3c7f1f8a0de47c8366352fc37c099890eab75c8cba62cb8"",""hs_18q_d1:4dpu_t8"":""bf83ea123bc85b30f3c7f1f8a0de47c8366352fc37c099890eab75c8cba62cb8"",""quantization_stress_18q_l2:1dpu_t8"":""9d1e1ae9a325d84cef97b0fd9beffa9d4b3d783f00a4e38f6fce3a17114d3abb"",""quantization_stress_18q_l2:4dpu_t8"":""9d1e1ae9a325d84cef97b0fd9beffa9d4b3d783f00a4e38f6fce3a17114d3abb""}"
683,5,2.241887844369575,1.0,6,0.024368166273412584,0.9754242110524387,0.00020762267414873057,0.012184083136706292,0.012184083136706292,0.9754242110524387,0.00020762267414873057,0.0,0.0,"{""edc_18q:1dpu_t8"":""cf23b184355b080f3bead1d9d754a3c2c295746793109413aedfff30da27b94e"",""edc_18q:4dpu_t8"":""cf23b184355b080f3bead1d9d754a3c2c295746793109413aedfff30da27b94e"",""ghz_chain_18q:1dpu_t8"":""9f9e62a16e205e4bd5eb1d1b8f62cade3177ef00fa9bd4dc15c899a41b00d3d0"",""ghz_chain_18q:4dpu_t8"":""9f9e62a16e205e4bd5eb1d1b8f62cade3177ef00fa9bd4dc15c899a41b00d3d0"",""hs_18q_d1:1dpu_t8"":""bf83ea123bc85b30f3c7f1f8a0de47c8366352fc37c099890eab75c8cba62cb8"",""hs_18q_d1:4dpu_t8"":""bf83ea123bc85b30f3c7f1f8a0de47c8366352fc37c099890eab75c8cba62cb8"",""quantization_stress_18q_l2:1dpu_t8"":""9d1e1ae9a325d84cef97b0fd9beffa9d4b3d783f00a4e38f6fce3a17114d3abb"",""quantization_stress_18q_l2:4dpu_t8"":""9d1e1ae9a325d84cef97b0fd9beffa9d4b3d783f00a4e38f6fce3a17114d3abb""}"
684,4,2.247133182183439,1.0,7,0.22063680206282787,0.7768451800394555,0.002518017897716659,0.11031840103141394,0.11031840103141394,0.7768451800394555,0.002518017897716659,0.0,0.0,"{""edc_18q:1dpu_t8"":""cf23b184355b080f3bead1d9d754a3c2c295746793109413aedfff30da27b94e"",""edc_18q:4dpu_t8"":""cf23b184355b080f3bead1d9d754a3c2c295746793109413aedfff30da27b94e"",""ghz_chain_18q:1dpu_t8"":""9f9e62a16e205e4bd5eb1d1b8f62cade3177ef00fa9bd4dc15c899a41b00d3d0"",""ghz_chain_18q:4dpu_t8"":""9f9e62a16e205e4bd5eb1d1b8f62cade3177ef00fa9bd4dc15c899a41b00d3d0"",""hs_18q_d1:1dpu_t8"":""bf83ea123bc85b30f3c7f1f8a0de47c8366352fc37c099890eab75c8cba62cb8"",""hs_18q_d1:4dpu_t8"":""0f172b4535a71fb59dd5d4f406df828c33333cda1113d1c71db08b5d0e989d1e"",""quantization_stress_18q_l2:1dpu_t8"":""9d1e1ae9a325d84cef97b0fd9beffa9d4b3d783f00a4e38f6fce3a17114d3abb"",""quantization_stress_18q_l2:4dpu_t8"":""9d1e1ae9a325d84cef97b0fd9beffa9d4b3d783f00a4e38f6fce3a17114d3abb""}"
685,4,2.2529001474594246,1.0,7,0.22063680206282787,0.7768451800394555,0.002518017897716659,0.11031840103141394,0.11031840103141394,0.7768451800394555,0.002518017897716659,0.0,0.0,"{""edc_18q:1dpu_t8"":""cf23b184355b080f3bead1d9d754a3c2c295746793109413aedfff30da27b94e"",""edc_18q:4dpu_t8"":""cf23b184355b080f3bead1d9d754a3c2c295746793109413aedfff30da27b94e"",""ghz_chain_18q:1dpu_t8"":""9f9e62a16e205e4bd5eb1d1b8f62cade3177ef00fa9bd4dc15c899a41b00d3d0"",""ghz_chain_18q:4dpu_t8"":""9f9e62a16e205e4bd5eb1d1b8f62cade3177ef00fa9bd4dc15c899a41b00d3d0"",""hs_18q_d1:1dpu_t8"":""bf83ea123bc85b30f3c7f1f8a0de47c8366352fc37c099890eab75c8cba62cb8"",""hs_18q_d1:4dpu_t8"":""0f172b4535a71fb59dd5d4f406df828c33333cda1113d1c71db08b5d0e989d1e"",""quantization_stress_18q_l2:1dpu_t8"":""9d1e1ae9a325d84cef97b0fd9beffa9d4b3d783f00a4e38f6fce3a17114d3abb"",""quantization_stress_18q_l2:4dpu_t8"":""9d1e1ae9a325d84cef97b0fd9beffa9d4b3d783f00a4e38f6fce3a17114d3abb""}"
686,8,2.258562993421673,1.0163179096347865,8,0.3715322706836804,0.40507521716230527,0.2233925121540143,0.1857661353418402,0.1857661353418402,0.40507521716230527,0.2233925121540143,0.0,0.0,"{""edc_18q:1dpu_t8"":""cf23b184355b080f3bead1d9d754a3c2c295746793109413aedfff30da27b94e"",""edc_18q:4dpu_t8"":""cf23b184355b080f3bead1d9d754a3c2c295746793109413aedfff30da27b94e"",""ghz_chain_18q:1dpu_t8"":""9f9e62a16e205e4bd5eb1d1b8f62cade3177ef00fa9bd4dc15c899a41b00d3d0"",""ghz_chain_18q:4dpu_t8"":""9f9e62a16e205e4bd5eb1d1b8f62cade3177ef00fa9bd4dc15c899a41b00d3d0"",""hs_18q_d1:1dpu_t8"":""0f172b4535a71fb59dd5d4f406df828c33333cda1113d1c71db08b5d0e989d1e"",""hs_18q_d1:4dpu_t8"":""0f172b4535a71fb59dd5d4f406df828c33333cda1113d1c71db08b5d0e989d1e"",""quantization_stress_18q_l2:1dpu_t8"":""e56fd025e7fdf900c75302bb6e7212f78d89deef09b236732a001e9f5c5001c1"",""quantization_stress_18q_l2:4dpu_t8"":""e56fd025e7fdf900c75302bb6e7212f78d89deef09b236732a001e9f5c5001c1""}"
687,5,2.2556139313450814,1.0,6,0.024368166273412584,0.9754242110524387,0.00020762267414873057,0.012184083136706292,0.012184083136706292,0.9754242110524387,0.00020762267414873057,0.0,0.0,"{""edc_18q:1dpu_t8"":""cf23b184355b080f3bead1d9d754a3c2c295746793109413aedfff30da27b94e"",""edc_18q:4dpu_t8"":""cf23b184355b080f3bead1d9d754a3c2c295746793109413aedfff30da27b94e"",""ghz_chain_18q:1dpu_t8"":""9f9e62a16e205e4bd5eb1d1b8f62cade3177ef00fa9bd4dc15c899a41b00d3d0"",""ghz_chain_18q:4dpu_t8"":""9f9e62a16e205e4bd5eb1d1b8f62cade3177ef00fa9bd4dc15c899a41b00d3d0"",""hs_18q_d1:1dpu_t8"":""bf83ea123bc85b30f3c7f1f8a0de47c8366352fc37c099890eab75c8cba62cb8"",""hs_18q_d1:4dpu_t8"":""bf83ea123bc85b30f3c7f1f8a0de47c8366352fc37c099890eab75c8cba62cb8"",""quantization_stress_18q_l2:1dpu_t8"":""9d1e1ae9a325d84cef97b0fd9beffa9d4b3d783f00a4e38f6fce3a17114d3abb"",""quantization_stress_18q_l2:4dpu_t8"":""9d1e1ae9a325d84cef97b0fd9beffa9d4b3d783f00a4e38f6fce3a17114d3abb""}"
688,9,2.2223079083119806,1.0,7,0.5414741851996391,0.45232358896253566,0.006202225837825213,0.27073709259981954,0.27073709259981954,0.45232358896253566,0.006202225837825213,0.0,0.0,"{""edc_18q:1dpu_t8"":""cf23b184355b080f3bead1d9d754a3c2c295746793109413aedfff30da27b94e"",""edc_18q:4dpu_t8"":""cf23b184355b080f3bead1d9d754a3c2c295746793109413aedfff30da27b94e"",""ghz_chain_18q:1dpu_t8"":""9f9e62a16e205e4bd5eb1d1b8f62cade3177ef00fa9bd4dc15c899a41b00d3d0"",""ghz_chain_18q:4dpu_t8"":""9f9e62a16e205e4bd5eb1d1b8f62cade3177ef00fa9bd4dc15c899a41b00d3d0"",""hs_18q_d1:1dpu_t8"":""bf83ea123bc85b30f3c7f1f8a0de47c8366352fc37c099890eab75c8cba62cb8"",""hs_18q_d1:4dpu_t8"":""0f172b4535a71fb59dd5d4f406df828c33333cda1113d1c71db08b5d0e989d1e"",""quantization_stress_18q_l2:1dpu_t8"":""e56fd025e7fdf900c75302bb6e7212f78d89deef09b236732a001e9f5c5001c1"",""quantization_stress_18q_l2:4dpu_t8"":""e56fd025e7fdf900c75302bb6e7212f78d89deef09b236732a001e9f5c5001c1""}"
689,5,2.238470022565912,1.0,6,0.024368166273412584,0.9754242110524387,0.00020762267414873057,0.012184083136706292,0.012184083136706292,0.9754242110524387,0.00020762267414873057,0.0,0.0,"{""edc_18q:1dpu_t8"":""cf23b184355b080f3bead1d9d754a3c2c295746793109413aedfff30da27b94e"",""edc_18q:4dpu_t8"":""cf23b184355b080f3bead1d9d754a3c2c295746793109413aedfff30da27b94e"",""ghz_chain_18q:1dpu_t8"":""9f9e62a16e205e4bd5eb1d1b8f62cade3177ef00fa9bd4dc15c899a41b00d3d0"",""ghz_chain_18q:4dpu_t8"":""9f9e62a16e205e4bd5eb1d1b8f62cade3177ef00fa9bd4dc15c899a41b00d3d0"",""hs_18q_d1:1dpu_t8"":""bf83ea123bc85b30f3c7f1f8a0de47c8366352fc37c099890eab75c8cba62cb8"",""hs_18q_d1:4dpu_t8"":""bf83ea123bc85b30f3c7f1f8a0de47c8366352fc37c099890eab75c8cba62cb8"",""quantization_stress_18q_l2:1dpu_t8"":""9d1e1ae9a325d84cef97b0fd9beffa9d4b3d783f00a4e38f6fce3a17114d3abb"",""quantization_stress_18q_l2:4dpu_t8"":""9d1e1ae9a325d84cef97b0fd9beffa9d4b3d783f00a4e38f6fce3a17114d3abb""}"
690,5,2.2326281194083437,1.0,6,0.024368166273412584,0.9754242110524387,0.00020762267414873057,0.012184083136706292,0.012184083136706292,0.9754242110524387,0.00020762267414873057,0.0,0.0,"{""edc_18q:1dpu_t8"":""cf23b184355b080f3bead1d9d754a3c2c295746793109413aedfff30da27b94e"",""edc_18q:4dpu_t8"":""cf23b184355b080f3bead1d9d754a3c2c295746793109413aedfff30da27b94e"",""ghz_chain_18q:1dpu_t8"":""9f9e62a16e205e4bd5eb1d1b8f62cade3177ef00fa9bd4dc15c899a41b00d3d0"",""ghz_chain_18q:4dpu_t8"":""9f9e62a16e205e4bd5eb1d1b8f62cade3177ef00fa9bd4dc15c899a41b00d3d0"",""hs_18q_d1:1dpu_t8"":""bf83ea123bc85b30f3c7f1f8a0de47c8366352fc37c099890eab75c8cba62cb8"",""hs_18q_d1:4dpu_t8"":""bf83ea123bc85b30f3c7f1f8a0de47c8366352fc37c099890eab75c8cba62cb8"",""quantization_stress_18q_l2:1dpu_t8"":""9d1e1ae9a325d84cef97b0fd9beffa9d4b3d783f00a4e38f6fce3a17114d3abb"",""quantization_stress_18q_l2:4dpu_t8"":""9d1e1ae9a325d84cef97b0fd9beffa9d4b3d783f00a4e38f6fce3a17114d3abb""}"
691,5,2.2435359170277067,1.0,6,0.024368166273412584,0.9754242110524387,0.00020762267414873057,0.012184083136706292,0.012184083136706292,0.9754242110524387,0.00020762267414873057,0.0,0.0,"{""edc_18q:1dpu_t8"":""cf23b184355b080f3bead1d9d754a3c2c295746793109413aedfff30da27b94e"",""edc_18q:4dpu_t8"":""cf23b184355b080f3bead1d9d754a3c2c295746793109413aedfff30da27b94e"",""ghz_chain_18q:1dpu_t8"":""9f9e62a16e205e4bd5eb1d1b8f62cade3177ef00fa9bd4dc15c899a41b00d3d0"",""ghz_chain_18q:4dpu_t8"":""9f9e62a16e205e4bd5eb1d1b8f62cade3177ef00fa9bd4dc15c899a41b00d3d0"",""hs_18q_d1:1dpu_t8"":""bf83ea123bc85b30f3c7f1f8a0de47c8366352fc37c099890eab75c8cba62cb8"",""hs_18q_d1:4dpu_t8"":""bf83ea123bc85b30f3c7f1f8a0de47c8366352fc37c099890eab75c8cba62cb8"",""quantization_stress_18q_l2:1dpu_t8"":""9d1e1ae9a325d84cef97b0fd9beffa9d4b3d783f00a4e38f6fce3a17114d3abb"",""quantization_stress_18q_l2:4dpu_t8"":""9d1e1ae9a325d84cef97b0fd9beffa9d4b3d783f00a4e38f6fce3a17114d3abb""}"
692,5,2.2372464201825375,1.0,6,0.024368166273412584,0.9754242110524387,0.00020762267414873057,0.012184083136706292,0.012184083136706292,0.9754242110524387,0.00020762267414873057,0.0,0.0,"{""edc_18q:1dpu_t8"":""cf23b184355b080f3bead1d9d754a3c2c295746793109413aedfff30da27b94e"",""edc_18q:4dpu_t8"":""cf23b184355b080f3bead1d9d754a3c2c295746793109413aedfff30da27b94e"",""ghz_chain_18q:1dpu_t8"":""9f9e62a16e205e4bd5eb1d1b8f62cade3177ef00fa9bd4dc15c899a41b00d3d0"",""ghz_chain_18q:4dpu_t8"":""9f9e62a16e205e4bd5eb1d1b8f62cade3177ef00fa9bd4dc15c899a41b00d3d0"",""hs_18q_d1:1dpu_t8"":""bf83ea123bc85b30f3c7f1f8a0de47c8366352fc37c099890eab75c8cba62cb8"",""hs_18q_d1:4dpu_t8"":""bf83ea123bc85b30f3c7f1f8a0de47c8366352fc37c099890eab75c8cba62cb8"",""quantization_stress_18q_l2:1dpu_t8"":""9d1e1ae9a325d84cef97b0fd9beffa9d4b3d783f00a4e38f6fce3a17114d3abb"",""quantization_stress_18q_l2:4dpu_t8"":""9d1e1ae9a325d84cef97b0fd9beffa9d4b3d783f00a4e38f6fce3a17114d3abb""}"
693,4,2.22564049301573,1.0,7,0.22063680206282787,0.7768451800394555,0.002518017897716659,0.11031840103141394,0.11031840103141394,0.7768451800394555,0.002518017897716659,0.0,0.0,"{""edc_18q:1dpu_t8"":""cf23b184355b080f3bead1d9d754a3c2c295746793109413aedfff30da27b94e"",""edc_18q:4dpu_t8"":""cf23b184355b080f3bead1d9d754a3c2c295746793109413aedfff30da27b94e"",""ghz_chain_18q:1dpu_t8"":""9f9e62a16e205e4bd5eb1d1b8f62cade3177ef00fa9bd4dc15c899a41b00d3d0"",""ghz_chain_18q:4dpu_t8"":""9f9e62a16e205e4bd5eb1d1b8f62cade3177ef00fa9bd4dc15c899a41b00d3d0"",""hs_18q_d1:1dpu_t8"":""bf83ea123bc85b30f3c7f1f8a0de47c8366352fc37c099890eab75c8cba62cb8"",""hs_18q_d1:4dpu_t8"":""0f172b4535a71fb59dd5d4f406df828c33333cda1113d1c71db08b5d0e989d1e"",""quantization_stress_18q_l2:1dpu_t8"":""9d1e1ae9a325d84cef97b0fd9beffa9d4b3d783f00a4e38f6fce3a17114d3abb"",""quantization_stress_18q_l2:4dpu_t8"":""9d1e1ae9a325d84cef97b0fd9beffa9d4b3d783f00a4e38f6fce3a17114d3abb""}"
694,10,2.239338019691618,1.0,6,0.47630996810097936,0.518889877536195,0.004800154362825642,0.23815498405048968,0.23815498405048968,0.518889877536195,0.004800154362825642,0.0,0.0,"{""edc_18q:1dpu_t8"":""cf23b184355b080f3bead1d9d754a3c2c295746793109413aedfff30da27b94e"",""edc_18q:4dpu_t8"":""cf23b184355b080f3bead1d9d754a3c2c295746793109413aedfff30da27b94e"",""ghz_chain_18q:1dpu_t8"":""9f9e62a16e205e4bd5eb1d1b8f62cade3177ef00fa9bd4dc15c899a41b00d3d0"",""ghz_chain_18q:4dpu_t8"":""9f9e62a16e205e4bd5eb1d1b8f62cade3177ef00fa9bd4dc15c899a41b00d3d0"",""hs_18q_d1:1dpu_t8"":""bf83ea123bc85b30f3c7f1f8a0de47c8366352fc37c099890eab75c8cba62cb8"",""hs_18q_d1:4dpu_t8"":""bf83ea123bc85b30f3c7f1f8a0de47c8366352fc37c099890eab75c8cba62cb8"",""quantization_stress_18q_l2:1dpu_t8"":""e56fd025e7fdf900c75302bb6e7212f78d89deef09b236732a001e9f5c5001c1"",""quantization_stress_18q_l2:4dpu_t8"":""e56fd025e7fdf900c75302bb6e7212f78d89deef09b236732a001e9f5c5001c1""}"
695,5,2.236633245333578,1.0,6,0.024368166273412584,0.9754242110524387,0.00020762267414873057,0.012184083136706292,0.012184083136706292,0.9754242110524387,0.00020762267414873057,0.0,0.0,"{""edc_18q:1dpu_t8"":""cf23b184355b080f3bead1d9d754a3c2c295746793109413aedfff30da27b94e"",""edc_18q:4dpu_t8"":""cf23b184355b080f3bead1d9d754a3c2c295746793109413aedfff30da27b94e"",""ghz_chain_18q:1dpu_t8"":""9f9e62a16e205e4bd5eb1d1b8f62cade3177ef00fa9bd4dc15c899a41b00d3d0"",""ghz_chain_18q:4dpu_t8"":""9f9e62a16e205e4bd5eb1d1b8f62cade3177ef00fa9bd4dc15c899a41b00d3d0"",""hs_18q_d1:1dpu_t8"":""bf83ea123bc85b30f3c7f1f8a0de47c8366352fc37c099890eab75c8cba62cb8"",""hs_18q_d1:4dpu_t8"":""bf83ea123bc85b30f3c7f1f8a0de47c8366352fc37c099890eab75c8cba62cb8"",""quantization_stress_18q_l2:1dpu_t8"":""9d1e1ae9a325d84cef97b0fd9beffa9d4b3d783f00a4e38f6fce3a17114d3abb"",""quantization_stress_18q_l2:4dpu_t8"":""9d1e1ae9a325d84cef97b0fd9beffa9d4b3d783f00a4e38f6fce3a17114d3abb""}"
696,9,2.2522667750888767,1.0,7,0.5414741851996391,0.45232358896253566,0.006202225837825213,0.27073709259981954,0.27073709259981954,0.45232358896253566,0.006202225837825213,0.0,0.0,"{""edc_18q:1dpu_t8"":""cf23b184355b080f3bead1d9d754a3c2c295746793109413aedfff30da27b94e"",""edc_18q:4dpu_t8"":""cf23b184355b080f3bead1d9d754a3c2c295746793109413aedfff30da27b94e"",""ghz_chain_18q:1dpu_t8"":""9f9e62a16e205e4bd5eb1d1b8f62cade3177ef00fa9bd4dc15c899a41b00d3d0"",""ghz_chain_18q:4dpu_t8"":""9f9e62a16e205e4bd5eb1d1b8f62cade3177ef00fa9bd4dc15c899a41b00d3d0"",""hs_18q_d1:1dpu_t8"":""bf83ea123bc85b30f3c7f1f8a0de47c8366352fc37c099890eab75c8cba62cb8"",""hs_18q_d1:4dpu_t8"":""0f172b4535a71fb59dd5d4f406df828c33333cda1113d1c71db08b5d0e989d1e"",""quantization_stress_18q_l2:1dpu_t8"":""e56fd025e7fdf900c75302bb6e7212f78d89deef09b236732a001e9f5c5001c1"",""quantization_stress_18q_l2:4dpu_t8"":""e56fd025e7fdf900c75302bb6e7212f78d89deef09b236732a001e9f5c5001c1""}"
697,10,2.230820023369879,1.0,6,0.47630996810097936,0.518889877536195,0.004800154362825642,0.23815498405048968,0.23815498405048968,0.518889877536195,0.004800154362825642,0.0,0.0,"{""edc_18q:1dpu_t8"":""cf23b184355b080f3bead1d9d754a3c2c295746793109413aedfff30da27b94e"",""edc_18q:4dpu_t8"":""cf23b184355b080f3bead1d9d754a3c2c295746793109413aedfff30da27b94e"",""ghz_chain_18q:1dpu_t8"":""9f9e62a16e205e4bd5eb1d1b8f62cade3177ef00fa9bd4dc15c899a41b00d3d0"",""ghz_chain_18q:4dpu_t8"":""9f9e62a16e205e4bd5eb1d1b8f62cade3177ef00fa9bd4dc15c899a41b00d3d0"",""hs_18q_d1:1dpu_t8"":""bf83ea123bc85b30f3c7f1f8a0de47c8366352fc37c099890eab75c8cba62cb8"",""hs_18q_d1:4dpu_t8"":""bf83ea123bc85b30f3c7f1f8a0de47c8366352fc37c099890eab75c8cba62cb8"",""quantization_stress_18q_l2:1dpu_t8"":""e56fd025e7fdf900c75302bb6e7212f78d89deef09b236732a001e9f5c5001c1"",""quantization_stress_18q_l2:4dpu_t8"":""e56fd025e7fdf900c75302bb6e7212f78d89deef09b236732a001e9f5c5001c1""}"
698,8,2.283594155506386,1.0163179096347865,8,0.3715322706836804,0.40507521716230527,0.2233925121540143,0.1857661353418402,0.1857661353418402,0.40507521716230527,0.2233925121540143,0.0,0.0,"{""edc_18q:1dpu_t8"":""cf23b184355b080f3bead1d9d754a3c2c295746793109413aedfff30da27b94e"",""edc_18q:4dpu_t8"":""cf23b184355b080f3bead1d9d754a3c2c295746793109413aedfff30da27b94e"",""ghz_chain_18q:1dpu_t8"":""9f9e62a16e205e4bd5eb1d1b8f62cade3177ef00fa9bd4dc15c899a41b00d3d0"",""ghz_chain_18q:4dpu_t8"":""9f9e62a16e205e4bd5eb1d1b8f62cade3177ef00fa9bd4dc15c899a41b00d3d0"",""hs_18q_d1:1dpu_t8"":""0f172b4535a71fb59dd5d4f406df828c33333cda1113d1c71db08b5d0e989d1e"",""hs_18q_d1:4dpu_t8"":""0f172b4535a71fb59dd5d4f406df828c33333cda1113d1c71db08b5d0e989d1e"",""quantization_stress_18q_l2:1dpu_t8"":""e56fd025e7fdf900c75302bb6e7212f78d89deef09b236732a001e9f5c5001c1"",""quantization_stress_18q_l2:4dpu_t8"":""e56fd025e7fdf900c75302bb6e7212f78d89deef09b236732a001e9f5c5001c1""}"
699,4,2.2645269866942126,1.0,7,0.22063680206282787,0.7768451800394555,0.002518017897716659,0.11031840103141394,0.11031840103141394,0.7768451800394555,0.002518017897716659,0.0,0.0,"{""edc_18q:1dpu_t8"":""cf23b184355b080f3bead1d9d754a3c2c295746793109413aedfff30da27b94e"",""edc_18q:4dpu_t8"":""cf23b184355b080f3bead1d9d754a3c2c295746793109413aedfff30da27b94e"",""ghz_chain_18q:1dpu_t8"":""9f9e62a16e205e4bd5eb1d1b8f62cade3177ef00fa9bd4dc15c899a41b00d3d0"",""ghz_chain_18q:4dpu_t8"":""9f9e62a16e205e4bd5eb1d1b8f62cade3177ef00fa9bd4dc15c899a41b00d3d0"",""hs_18q_d1:1dpu_t8"":""bf83ea123bc85b30f3c7f1f8a0de47c8366352fc37c099890eab75c8cba62cb8"",""hs_18q_d1:4dpu_t8"":""0f172b4535a71fb59dd5d4f406df828c33333cda1113d1c71db08b5d0e989d1e"",""quantization_stress_18q_l2:1dpu_t8"":""9d1e1ae9a325d84cef97b0fd9beffa9d4b3d783f00a4e38f6fce3a17114d3abb"",""quantization_stress_18q_l2:4dpu_t8"":""9d1e1ae9a325d84cef97b0fd9beffa9d4b3d783f00a4e38f6fce3a17114d3abb""}"
700,5,2.2295962891765138,1.0,6,0.024368166273412584,0.9754242110524387,0.00020762267414873057,0.012184083136706292,0.012184083136706292,0.9754242110524387,0.00020762267414873057,0.0,0.0,"{""edc_18q:1dpu_t8"":""cf23b184355b080f3bead1d9d754a3c2c295746793109413aedfff30da27b94e"",""edc_18q:4dpu_t8"":""cf23b184355b080f3bead1d9d754a3c2c295746793109413aedfff30da27b94e"",""ghz_chain_18q:1dpu_t8"":""9f9e62a16e205e4bd5eb1d1b8f62cade3177ef00fa9bd4dc15c899a41b00d3d0"",""ghz_chain_18q:4dpu_t8"":""9f9e62a16e205e4bd5eb1d1b8f62cade3177ef00fa9bd4dc15c899a41b00d3d0"",""hs_18q_d1:1dpu_t8"":""bf83ea123bc85b30f3c7f1f8a0de47c8366352fc37c099890eab75c8cba62cb8"",""hs_18q_d1:4dpu_t8"":""bf83ea123bc85b30f3c7f1f8a0de47c8366352fc37c099890eab75c8cba62cb8"",""quantization_stress_18q_l2:1dpu_t8"":""9d1e1ae9a325d84cef97b0fd9beffa9d4b3d783f00a4e38f6fce3a17114d3abb"",""quantization_stress_18q_l2:4dpu_t8"":""9d1e1ae9a325d84cef97b0fd9beffa9d4b3d783f00a4e38f6fce3a17114d3abb""}"
701,10,2.219625536450939,1.0,6,0.47630996810097936,0.518889877536195,0.004800154362825642,0.23815498405048968,0.23815498405048968,0.518889877536195,0.004800154362825642,0.0,0.0,"{""edc_18q:1dpu_t8"":""cf23b184355b080f3bead1d9d754a3c2c295746793109413aedfff30da27b94e"",""edc_18q:4dpu_t8"":""cf23b184355b080f3bead1d9d754a3c2c295746793109413aedfff30da27b94e"",""ghz_chain_18q:1dpu_t8"":""9f9e62a16e205e4bd5eb1d1b8f62cade3177ef00fa9bd4dc15c899a41b00d3d0"",""ghz_chain_18q:4dpu_t8"":""9f9e62a16e205e4bd5eb1d1b8f62cade3177ef00fa9bd4dc15c899a41b00d3d0"",""hs_18q_d1:1dpu_t8"":""bf83ea123bc85b30f3c7f1f8a0de47c8366352fc37c099890eab75c8cba62cb8"",""hs_18q_d1:4dpu_t8"":""bf83ea123bc85b30f3c7f1f8a0de47c8366352fc37c099890eab75c8cba62cb8"",""quantization_stress_18q_l2:1dpu_t8"":""e56fd025e7fdf900c75302bb6e7212f78d89deef09b236732a001e9f5c5001c1"",""quantization_stress_18q_l2:4dpu_t8"":""e56fd025e7fdf900c75302bb6e7212f78d89deef09b236732a001e9f5c5001c1""}"
702,4,2.2538186707735055,1.0,7,0.22063680206282787,0.7768451800394555,0.002518017897716659,0.11031840103141394,0.11031840103141394,0.7768451800394555,0.002518017897716659,0.0,0.0,"{""edc_18q:1dpu_t8"":""cf23b184355b080f3bead1d9d754a3c2c295746793109413aedfff30da27b94e"",""edc_18q:4dpu_t8"":""cf23b184355b080f3bead1d9d754a3c2c295746793109413aedfff30da27b94e"",""ghz_chain_18q:1dpu_t8"":""9f9e62a16e205e4bd5eb1d1b8f62cade3177ef00fa9bd4dc15c899a41b00d3d0"",""ghz_chain_18q:4dpu_t8"":""9f9e62a16e205e4bd5eb1d1b8f62cade3177ef00fa9bd4dc15c899a41b00d3d0"",""hs_18q_d1:1dpu_t8"":""bf83ea123bc85b30f3c7f1f8a0de47c8366352fc37c099890eab75c8cba62cb8"",""hs_18q_d1:4dpu_t8"":""0f172b4535a71fb59dd5d4f406df828c33333cda1113d1c71db08b5d0e989d1e"",""quantization_stress_18q_l2:1dpu_t8"":""9d1e1ae9a325d84cef97b0fd9beffa9d4b3d783f00a4e38f6fce3a17114d3abb"",""quantization_stress_18q_l2:4dpu_t8"":""9d1e1ae9a325d84cef97b0fd9beffa9d4b3d783f00a4e38f6fce3a17114d3abb""}"
703,4,2.2408561570959615,1.0,7,0.22063680206282787,0.7768451800394555,0.002518017897716659,0.11031840103141394,0.11031840103141394,0.7768451800394555,0.002518017897716659,0.0,0.0,"{""edc_18q:1dpu_t8"":""cf23b184355b080f3bead1d9d754a3c2c295746793109413aedfff30da27b94e"",""edc_18q:4dpu_t8"":""cf23b184355b080f3bead1d9d754a3c2c295746793109413aedfff30da27b94e"",""ghz_chain_18q:1dpu_t8"":""9f9e62a16e205e4bd5eb1d1b8f62cade3177ef00fa9bd4dc15c899a41b00d3d0"",""ghz_chain_18q:4dpu_t8"":""9f9e62a16e205e4bd5eb1d1b8f62cade3177ef00fa9bd4dc15c899a41b00d3d0"",""hs_18q_d1:1dpu_t8"":""bf83ea123bc85b30f3c7f1f8a0de47c8366352fc37c099890eab75c8cba62cb8"",""hs_18q_d1:4dpu_t8"":""0f172b4535a71fb59dd5d4f406df828c33333cda1113d1c71db08b5d0e989d1e"",""quantization_stress_18q_l2:1dpu_t8"":""9d1e1ae9a325d84cef97b0fd9beffa9d4b3d783f00a4e38f6fce3a17114d3abb"",""quantization_stress_18q_l2:4dpu_t8"":""9d1e1ae9a325d84cef97b0fd9beffa9d4b3d783f00a4e38f6fce3a17114d3abb""}"
704,5,2.226250262345451,1.0,6,0.024368166273412584,0.9754242110524387,0.00020762267414873057,0.012184083136706292,0.012184083136706292,0.9754242110524387,0.00020762267414873057,0.0,0.0,"{""edc_18q:1dpu_t8"":""cf23b184355b080f3bead1d9d754a3c2c295746793109413aedfff30da27b94e"",""edc_18q:4dpu_t8"":""cf23b184355b080f3bead1d9d754a3c2c295746793109413aedfff30da27b94e"",""ghz_chain_18q:1dpu_t8"":""9f9e62a16e205e4bd5eb1d1b8f62cade3177ef00fa9bd4dc15c899a41b00d3d0"",""ghz_chain_18q:4dpu_t8"":""9f9e62a16e205e4bd5eb1d1b8f62cade3177ef00fa9bd4dc15c899a41b00d3d0"",""hs_18q_d1:1dpu_t8"":""bf83ea123bc85b30f3c7f1f8a0de47c8366352fc37c099890eab75c8cba62cb8"",""hs_18q_d1:4dpu_t8"":""bf83ea123bc85b30f3c7f1f8a0de47c8366352fc37c099890eab75c8cba62cb8"",""quantization_stress_18q_l2:1dpu_t8"":""9d1e1ae9a325d84cef97b0fd9beffa9d4b3d783f00a4e38f6fce3a17114d3abb"",""quantization_stress_18q_l2:4dpu_t8"":""9d1e1ae9a325d84cef97b0fd9beffa9d4b3d783f00a4e38f6fce3a17114d3abb""}"
705,8,2.272239743043785,1.0163179096347865,8,0.3715322706836804,0.40507521716230527,0.2233925121540143,0.1857661353418402,0.1857661353418402,0.40507521716230527,0.2233925121540143,0.0,0.0,"{""edc_18q:1dpu_t8"":""cf23b184355b080f3bead1d9d754a3c2c295746793109413aedfff30da27b94e"",""edc_18q:4dpu_t8"":""cf23b184355b080f3bead1d9d754a3c2c295746793109413aedfff30da27b94e"",""ghz_chain_18q:1dpu_t8"":""9f9e62a16e205e4bd5eb1d1b8f62cade3177ef00fa9bd4dc15c899a41b00d3d0"",""ghz_chain_18q:4dpu_t8"":""9f9e62a16e205e4bd5eb1d1b8f62cade3177ef00fa9bd4dc15c899a41b00d3d0"",""hs_18q_d1:1dpu_t8"":""0f172b4535a71fb59dd5d4f406df828c33333cda1113d1c71db08b5d0e989d1e"",""hs_18q_d1:4dpu_t8"":""0f172b4535a71fb59dd5d4f406df828c33333cda1113d1c71db08b5d0e989d1e"",""quantization_stress_18q_l2:1dpu_t8"":""e56fd025e7fdf900c75302bb6e7212f78d89deef09b236732a001e9f5c5001c1"",""quantization_stress_18q_l2:4dpu_t8"":""e56fd025e7fdf900c75302bb6e7212f78d89deef09b236732a001e9f5c5001c1""}"
706,4,2.234800333117994,1.0,7,0.22063680206282787,0.7768451800394555,0.002518017897716659,0.11031840103141394,0.11031840103141394,0.7768451800394555,0.002518017897716659,0.0,0.0,"{""edc_18q:1dpu_t8"":""cf23b184355b080f3bead1d9d754a3c2c295746793109413aedfff30da27b94e"",""edc_18q:4dpu_t8"":""cf23b184355b080f3bead1d9d754a3c2c295746793109413aedfff30da27b94e"",""ghz_chain_18q:1dpu_t8"":""9f9e62a16e205e4bd5eb1d1b8f62cade3177ef00fa9bd4dc15c899a41b00d3d0"",""ghz_chain_18q:4dpu_t8"":""9f9e62a16e205e4bd5eb1d1b8f62cade3177ef00fa9bd4dc15c899a41b00d3d0"",""hs_18q_d1:1dpu_t8"":""bf83ea123bc85b30f3c7f1f8a0de47c8366352fc37c099890eab75c8cba62cb8"",""hs_18q_d1:4dpu_t8"":""0f172b4535a71fb59dd5d4f406df828c33333cda1113d1c71db08b5d0e989d1e"",""quantization_stress_18q_l2:1dpu_t8"":""9d1e1ae9a325d84cef97b0fd9beffa9d4b3d783f00a4e38f6fce3a17114d3abb"",""quantization_stress_18q_l2:4dpu_t8"":""9d1e1ae9a325d84cef97b0fd9beffa9d4b3d783f00a4e38f6fce3a17114d3abb""}"
707,5,2.2514826205733103,1.0,6,0.024368166273412584,0.9754242110524387,0.00020762267414873057,0.012184083136706292,0.012184083136706292,0.9754242110524387,0.00020762267414873057,0.0,0.0,"{""edc_18q:1dpu_t8"":""cf23b184355b080f3bead1d9d754a3c2c295746793109413aedfff30da27b94e"",""edc_18q:4dpu_t8"":""cf23b184355b080f3bead1d9d754a3c2c295746793109413aedfff30da27b94e"",""ghz_chain_18q:1dpu_t8"":""9f9e62a16e205e4bd5eb1d1b8f62cade3177ef00fa9bd4dc15c899a41b00d3d0"",""ghz_chain_18q:4dpu_t8"":""9f9e62a16e205e4bd5eb1d1b8f62cade3177ef00fa9bd4dc15c899a41b00d3d0"",""hs_18q_d1:1dpu_t8"":""bf83ea123bc85b30f3c7f1f8a0de47c8366352fc37c099890eab75c8cba62cb8"",""hs_18q_d1:4dpu_t8"":""bf83ea123bc85b30f3c7f1f8a0de47c8366352fc37c099890eab75c8cba62cb8"",""quantization_stress_18q_l2:1dpu_t8"":""9d1e1ae9a325d84cef97b0fd9beffa9d4b3d783f00a4e38f6fce3a17114d3abb"",""quantization_stress_18q_l2:4dpu_t8"":""9d1e1ae9a325d84cef97b0fd9beffa9d4b3d783f00a4e38f6fce3a17114d3abb""}"
708,9,2.2390817782298433,1.0,7,0.5414741851996391,0.45232358896253566,0.006202225837825213,0.27073709259981954,0.27073709259981954,0.45232358896253566,0.006202225837825213,0.0,0.0,"{""edc_18q:1dpu_t8"":""cf23b184355b080f3bead1d9d754a3c2c295746793109413aedfff30da27b94e"",""edc_18q:4dpu_t8"":""cf23b184355b080f3bead1d9d754a3c2c295746793109413aedfff30da27b94e"",""ghz_chain_18q:1dpu_t8"":""9f9e62a16e205e4bd5eb1d1b8f62cade3177ef00fa9bd4dc15c899a41b00d3d0"",""ghz_chain_18q:4dpu_t8"":""9f9e62a16e205e4bd5eb1d1b8f62cade3177ef00fa9bd4dc15c899a41b00d3d0"",""hs_18q_d1:1dpu_t8"":""bf83ea123bc85b30f3c7f1f8a0de47c8366352fc37c099890eab75c8cba62cb8"",""hs_18q_d1:4dpu_t8"":""0f172b4535a71fb59dd5d4f406df828c33333cda1113d1c71db08b5d0e989d1e"",""quantization_stress_18q_l2:1dpu_t8"":""e56fd025e7fdf900c75302bb6e7212f78d89deef09b236732a001e9f5c5001c1"",""quantization_stress_18q_l2:4dpu_t8"":""e56fd025e7fdf900c75302bb6e7212f78d89deef09b236732a001e9f5c5001c1""}"
709,4,2.2534752187945517,1.0,7,0.22063680206282787,0.7768451800394555,0.002518017897716659,0.11031840103141394,0.11031840103141394,0.7768451800394555,0.002518017897716659,0.0,0.0,"{""edc_18q:1dpu_t8"":""cf23b184355b080f3bead1d9d754a3c2c295746793109413aedfff30da27b94e"",""edc_18q:4dpu_t8"":""cf23b184355b080f3bead1d9d754a3c2c295746793109413aedfff30da27b94e"",""ghz_chain_18q:1dpu_t8"":""9f9e62a16e205e4bd5eb1d1b8f62cade3177ef00fa9bd4dc15c899a41b00d3d0"",""ghz_chain_18q:4dpu_t8"":""9f9e62a16e205e4bd5eb1d1b8f62cade3177ef00fa9bd4dc15c899a41b00d3d0"",""hs_18q_d1:1dpu_t8"":""bf83ea123bc85b30f3c7f1f8a0de47c8366352fc37c099890eab75c8cba62cb8"",""hs_18q_d1:4dpu_t8"":""0f172b4535a71fb59dd5d4f406df828c33333cda1113d1c71db08b5d0e989d1e"",""quantization_stress_18q_l2:1dpu_t8"":""9d1e1ae9a325d84cef97b0fd9beffa9d4b3d783f00a4e38f6fce3a17114d3abb"",""quantization_stress_18q_l2:4dpu_t8"":""9d1e1ae9a325d84cef97b0fd9beffa9d4b3d783f00a4e38f6fce3a17114d3abb""}"
710,8,2.2668408619178746,0.997529052435953,7,0.3715322706836804,0.40507521716230527,0.2233925121540143,0.1857661353418402,0.1857661353418402,0.40507521716230527,0.2233925121540143,0.0,0.0,"{""edc_18q:1dpu_t8"":""cf23b184355b080f3bead1d9d754a3c2c295746793109413aedfff30da27b94e"",""edc_18q:4dpu_t8"":""cf23b184355b080f3bead1d9d754a3c2c295746793109413aedfff30da27b94e"",""ghz_chain_18q:1dpu_t8"":""9f9e62a16e205e4bd5eb1d1b8f62cade3177ef00fa9bd4dc15c899a41b00d3d0"",""ghz_chain_18q:4dpu_t8"":""9f9e62a16e205e4bd5eb1d1b8f62cade3177ef00fa9bd4dc15c899a41b00d3d0"",""hs_18q_d1:1dpu_t8"":""0f172b4535a71fb59dd5d4f406df828c33333cda1113d1c71db08b5d0e989d1e"",""hs_18q_d1:4dpu_t8"":""0f172b4535a71fb59dd5d4f406df828c33333cda1113d1c71db08b5d0e989d1e"",""quantization_stress_18q_l2:1dpu_t8"":""e56fd025e7fdf900c75302bb6e7212f78d89deef09b236732a001e9f5c5001c1"",""quantization_stress_18q_l2:4dpu_t8"":""e56fd025e7fdf900c75302bb6e7212f78d89deef09b236732a001e9f5c5001c1""}"
711,4,2.2555025034903164,1.0,7,0.22063680206282787,0.7768451800394555,0.002518017897716659,0.11031840103141394,0.11031840103141394,0.7768451800394555,0.002518017897716659,0.0,0.0,"{""edc_18q:1dpu_t8"":""cf23b184355b080f3bead1d9d754a3c2c295746793109413aedfff30da27b94e"",""edc_18q:4dpu_t8"":""cf23b184355b080f3bead1d9d754a3c2c295746793109413aedfff30da27b94e"",""ghz_chain_18q:1dpu_t8"":""9f9e62a16e205e4bd5eb1d1b8f62cade3177ef00fa9bd4dc15c899a41b00d3d0"",""ghz_chain_18q:4dpu_t8"":""9f9e62a16e205e4bd5eb1d1b8f62cade3177ef00fa9bd4dc15c899a41b00d3d0"",""hs_18q_d1:1dpu_t8"":""bf83ea123bc85b30f3c7f1f8a0de47c8366352fc37c099890eab75c8cba62cb8"",""hs_18q_d1:4dpu_t8"":""0f172b4535a71fb59dd5d4f406df828c33333cda1113d1c71db08b5d0e989d1e"",""quantization_stress_18q_l2:1dpu_t8"":""9d1e1ae9a325d84cef97b0fd9beffa9d4b3d783f00a4e38f6fce3a17114d3abb"",""quantization_stress_18q_l2:4dpu_t8"":""9d1e1ae9a325d84cef97b0fd9beffa9d4b3d783f00a4e38f6fce3a17114d3abb""}"
712,4,2.2504230483689205,1.0,7,0.22063680206282787,0.7768451800394555,0.002518017897716659,0.11031840103141394,0.11031840103141394,0.7768451800394555,0.002518017897716659,0.0,0.0,"{""edc_18q:1dpu_t8"":""cf23b184355b080f3bead1d9d754a3c2c295746793109413aedfff30da27b94e"",""edc_18q:4dpu_t8"":""cf23b184355b080f3bead1d9d754a3c2c295746793109413aedfff30da27b94e"",""ghz_chain_18q:1dpu_t8"":""9f9e62a16e205e4bd5eb1d1b8f62cade3177ef00fa9bd4dc15c899a41b00d3d0"",""ghz_chain_18q:4dpu_t8"":""9f9e62a16e205e4bd5eb1d1b8f62cade3177ef00fa9bd4dc15c899a41b00d3d0"",""hs_18q_d1:1dpu_t8"":""bf83ea123bc85b30f3c7f1f8a0de47c8366352fc37c099890eab75c8cba62cb8"",""hs_18q_d1:4dpu_t8"":""0f172b4535a71fb59dd5d4f406df828c33333cda1113d1c71db08b5d0e989d1e"",""quantization_stress_18q_l2:1dpu_t8"":""9d1e1ae9a325d84cef97b0fd9beffa9d4b3d783f00a4e38f6fce3a17114d3abb"",""quantization_stress_18q_l2:4dpu_t8"":""9d1e1ae9a325d84cef97b0fd9beffa9d4b3d783f00a4e38f6fce3a17114d3abb""}"
713,5,2.2376247328641203,1.0,6,0.024368166273412584,0.9754242110524387,0.00020762267414873057,0.012184083136706292,0.012184083136706292,0.9754242110524387,0.00020762267414873057,0.0,0.0,"{""edc_18q:1dpu_t8"":""cf23b184355b080f3bead1d9d754a3c2c295746793109413aedfff30da27b94e"",""edc_18q:4dpu_t8"":""cf23b184355b080f3bead1d9d754a3c2c295746793109413aedfff30da27b94e"",""ghz_chain_18q:1dpu_t8"":""9f9e62a16e205e4bd5eb1d1b8f62cade3177ef00fa9bd4dc15c899a41b00d3d0"",""ghz_chain_18q:4dpu_t8"":""9f9e62a16e205e4bd5eb1d1b8f62cade3177ef00fa9bd4dc15c899a41b00d3d0"",""hs_18q_d1:1dpu_t8"":""bf83ea123bc85b30f3c7f1f8a0de47c8366352fc37c099890eab75c8cba62cb8"",""hs_18q_d1:4dpu_t8"":""bf83ea123bc85b30f3c7f1f8a0de47c8366352fc37c099890eab75c8cba62cb8"",""quantization_stress_18q_l2:1dpu_t8"":""9d1e1ae9a325d84cef97b0fd9beffa9d4b3d783f00a4e38f6fce3a17114d3abb"",""quantization_stress_18q_l2:4dpu_t8"":""9d1e1ae9a325d84cef97b0fd9beffa9d4b3d783f00a4e38f6fce3a17114d3abb""}"
714,3,2.2725767420383756,0.997529052435953,7,0.0,1.0,0.0,0.0,0.0,1.0,0.0,0.0,0.0,"{""edc_18q:1dpu_t8"":""cf23b184355b080f3bead1d9d754a3c2c295746793109413aedfff30da27b94e"",""edc_18q:4dpu_t8"":""cf23b184355b080f3bead1d9d754a3c2c295746793109413aedfff30da27b94e"",""ghz_chain_18q:1dpu_t8"":""9f9e62a16e205e4bd5eb1d1b8f62cade3177ef00fa9bd4dc15c899a41b00d3d0"",""ghz_chain_18q:4dpu_t8"":""9f9e62a16e205e4bd5eb1d1b8f62cade3177ef00fa9bd4dc15c899a41b00d3d0"",""hs_18q_d1:1dpu_t8"":""0f172b4535a71fb59dd5d4f406df828c33333cda1113d1c71db08b5d0e989d1e"",""hs_18q_d1:4dpu_t8"":""0f172b4535a71fb59dd5d4f406df828c33333cda1113d1c71db08b5d0e989d1e"",""quantization_stress_18q_l2:1dpu_t8"":""9d1e1ae9a325d84cef97b0fd9beffa9d4b3d783f00a4e38f6fce3a17114d3abb"",""quantization_stress_18q_l2:4dpu_t8"":""9d1e1ae9a325d84cef97b0fd9beffa9d4b3d783f00a4e38f6fce3a17114d3abb""}"
715,3,2.284475712533347,1.041845644222677,8,0.0,1.0,0.0,0.0,0.0,1.0,0.0,0.0,0.0,"{""edc_18q:1dpu_t8"":""cf23b184355b080f3bead1d9d754a3c2c295746793109413aedfff30da27b94e"",""edc_18q:4dpu_t8"":""cf23b184355b080f3bead1d9d754a3c2c295746793109413aedfff30da27b94e"",""ghz_chain_18q:1dpu_t8"":""9f9e62a16e205e4bd5eb1d1b8f62cade3177ef00fa9bd4dc15c899a41b00d3d0"",""ghz_chain_18q:4dpu_t8"":""9f9e62a16e205e4bd5eb1d1b8f62cade3177ef00fa9bd4dc15c899a41b00d3d0"",""hs_18q_d1:1dpu_t8"":""0f172b4535a71fb59dd5d4f406df828c33333cda1113d1c71db08b5d0e989d1e"",""hs_18q_d1:4dpu_t8"":""0f172b4535a71fb59dd5d4f406df828c33333cda1113d1c71db08b5d0e989d1e"",""quantization_stress_18q_l2:1dpu_t8"":""9d1e1ae9a325d84cef97b0fd9beffa9d4b3d783f00a4e38f6fce3a17114d3abb"",""quantization_stress_18q_l2:4dpu_t8"":""9d1e1ae9a325d84cef97b0fd9beffa9d4b3d783f00a4e38f6fce3a17114d3abb""}"
716,3,2.2667347429871807,0.997529052435953,7,0.0,1.0,0.0,0.0,0.0,1.0,0.0,0.0,0.0,"{""edc_18q:1dpu_t8"":""cf23b184355b080f3bead1d9d754a3c2c295746793109413aedfff30da27b94e"",""edc_18q:4dpu_t8"":""cf23b184355b080f3bead1d9d754a3c2c295746793109413aedfff30da27b94e"",""ghz_chain_18q:1dpu_t8"":""9f9e62a16e205e4bd5eb1d1b8f62cade3177ef00fa9bd4dc15c899a41b00d3d0"",""ghz_chain_18q:4dpu_t8"":""9f9e62a16e205e4bd5eb1d1b8f62cade3177ef00fa9bd4dc15c899a41b00d3d0"",""hs_18q_d1:1dpu_t8"":""0f172b4535a71fb59dd5d4f406df828c33333cda1113d1c71db08b5d0e989d1e"",""hs_18q_d1:4dpu_t8"":""0f172b4535a71fb59dd5d4f406df828c33333cda1113d1c71db08b5d0e989d1e"",""quantization_stress_18q_l2:1dpu_t8"":""9d1e1ae9a325d84cef97b0fd9beffa9d4b3d783f00a4e38f6fce3a17114d3abb"",""quantization_stress_18q_l2:4dpu_t8"":""9d1e1ae9a325d84cef97b0fd9beffa9d4b3d783f00a4e38f6fce3a17114d3abb""}"
717,3,2.2890109996366923,0.997529052435953,7,0.0,1.0,0.0,0.0,0.0,1.0,0.0,0.0,0.0,"{""edc_18q:1dpu_t8"":""cf23b184355b080f3bead1d9d754a3c2c295746793109413aedfff30da27b94e"",""edc_18q:4dpu_t8"":""cf23b184355b080f3bead1d9d754a3c2c295746793109413aedfff30da27b94e"",""ghz_chain_18q:1dpu_t8"":""9f9e62a16e205e4bd5eb1d1b8f62cade3177ef00fa9bd4dc15c899a41b00d3d0"",""ghz_chain_18q:4dpu_t8"":""9f9e62a16e205e4bd5eb1d1b8f62cade3177ef00fa9bd4dc15c899a41b00d3d0"",""hs_18q_d1:1dpu_t8"":""0f172b4535a71fb59dd5d4f406df828c33333cda1113d1c71db08b5d0e989d1e"",""hs_18q_d1:4dpu_t8"":""0f172b4535a71fb59dd5d4f406df828c33333cda1113d1c71db08b5d0e989d1e"",""quantization_stress_18q_l2:1dpu_t8"":""9d1e1ae9a325d84cef97b0fd9beffa9d4b3d783f00a4e38f6fce3a17114d3abb"",""quantization_stress_18q_l2:4dpu_t8"":""9d1e1ae9a325d84cef97b0fd9beffa9d4b3d783f00a4e38f6fce3a17114d3abb""}"
718,4,2.247484794423928,1.0,7,0.22063680206282787,0.7768451800394555,0.002518017897716659,0.11031840103141394,0.11031840103141394,0.7768451800394555,0.002518017897716659,0.0,0.0,"{""edc_18q:1dpu_t8"":""cf23b184355b080f3bead1d9d754a3c2c295746793109413aedfff30da27b94e"",""edc_18q:4dpu_t8"":""cf23b184355b080f3bead1d9d754a3c2c295746793109413aedfff30da27b94e"",""ghz_chain_18q:1dpu_t8"":""9f9e62a16e205e4bd5eb1d1b8f62cade3177ef00fa9bd4dc15c899a41b00d3d0"",""ghz_chain_18q:4dpu_t8"":""9f9e62a16e205e4bd5eb1d1b8f62cade3177ef00fa9bd4dc15c899a41b00d3d0"",""hs_18q_d1:1dpu_t8"":""bf83ea123bc85b30f3c7f1f8a0de47c8366352fc37c099890eab75c8cba62cb8"",""hs_18q_d1:4dpu_t8"":""0f172b4535a71fb59dd5d4f406df828c33333cda1113d1c71db08b5d0e989d1e"",""quantization_stress_18q_l2:1dpu_t8"":""9d1e1ae9a325d84cef97b0fd9beffa9d4b3d783f00a4e38f6fce3a17114d3abb"",""quantization_stress_18q_l2:4dpu_t8"":""9d1e1ae9a325d84cef97b0fd9beffa9d4b3d783f00a4e38f6fce3a17114d3abb""}"
719,5,2.2380888106066408,1.0,6,0.024368166273412584,0.9754242110524387,0.00020762267414873057,0.012184083136706292,0.012184083136706292,0.9754242110524387,0.00020762267414873057,0.0,0.0,"{""edc_18q:1dpu_t8"":""cf23b184355b080f3bead1d9d754a3c2c295746793109413aedfff30da27b94e"",""edc_18q:4dpu_t8"":""cf23b184355b080f3bead1d9d754a3c2c295746793109413aedfff30da27b94e"",""ghz_chain_18q:1dpu_t8"":""9f9e62a16e205e4bd5eb1d1b8f62cade3177ef00fa9bd4dc15c899a41b00d3d0"",""ghz_chain_18q:4dpu_t8"":""9f9e62a16e205e4bd5eb1d1b8f62cade3177ef00fa9bd4dc15c899a41b00d3d0"",""hs_18q_d1:1dpu_t8"":""bf83ea123bc85b30f3c7f1f8a0de47c8366352fc37c099890eab75c8cba62cb8"",""hs_18q_d1:4dpu_t8"":""bf83ea123bc85b30f3c7f1f8a0de47c8366352fc37c099890eab75c8cba62cb8"",""quantization_stress_18q_l2:1dpu_t8"":""9d1e1ae9a325d84cef97b0fd9beffa9d4b3d783f00a4e38f6fce3a17114d3abb"",""quantization_stress_18q_l2:4dpu_t8"":""9d1e1ae9a325d84cef97b0fd9beffa9d4b3d783f00a4e38f6fce3a17114d3abb""}"
720,10,2.238410526501653,1.0,6,0.47630996810097936,0.518889877536195,0.004800154362825642,0.23815498405048968,0.23815498405048968,0.518889877536195,0.004800154362825642,0.0,0.0,"{""edc_18q:1dpu_t8"":""cf23b184355b080f3bead1d9d754a3c2c295746793109413aedfff30da27b94e"",""edc_18q:4dpu_t8"":""cf23b184355b080f3bead1d9d754a3c2c295746793109413aedfff30da27b94e"",""ghz_chain_18q:1dpu_t8"":""9f9e62a16e205e4bd5eb1d1b8f62cade3177ef00fa9bd4dc15c899a41b00d3d0"",""ghz_chain_18q:4dpu_t8"":""9f9e62a16e205e4bd5eb1d1b8f62cade3177ef00fa9bd4dc15c899a41b00d3d0"",""hs_18q_d1:1dpu_t8"":""bf83ea123bc85b30f3c7f1f8a0de47c8366352fc37c099890eab75c8cba62cb8"",""hs_18q_d1:4dpu_t8"":""bf83ea123bc85b30f3c7f1f8a0de47c8366352fc37c099890eab75c8cba62cb8"",""quantization_stress_18q_l2:1dpu_t8"":""e56fd025e7fdf900c75302bb6e7212f78d89deef09b236732a001e9f5c5001c1"",""quantization_stress_18q_l2:4dpu_t8"":""e56fd025e7fdf900c75302bb6e7212f78d89deef09b236732a001e9f5c5001c1""}"
721,10,2.2305930025585656,1.0,6,0.47630996810097936,0.518889877536195,0.004800154362825642,0.23815498405048968,0.23815498405048968,0.518889877536195,0.004800154362825642,0.0,0.0,"{""edc_18q:1dpu_t8"":""cf23b184355b080f3bead1d9d754a3c2c295746793109413aedfff30da27b94e"",""edc_18q:4dpu_t8"":""cf23b184355b080f3bead1d9d754a3c2c295746793109413aedfff30da27b94e"",""ghz_chain_18q:1dpu_t8"":""9f9e62a16e205e4bd5eb1d1b8f62cade3177ef00fa9bd4dc15c899a41b00d3d0"",""ghz_chain_18q:4dpu_t8"":""9f9e62a16e205e4bd5eb1d1b8f62cade3177ef00fa9bd4dc15c899a41b00d3d0"",""hs_18q_d1:1dpu_t8"":""bf83ea123bc85b30f3c7f1f8a0de47c8366352fc37c099890eab75c8cba62cb8"",""hs_18q_d1:4dpu_t8"":""bf83ea123bc85b30f3c7f1f8a0de47c8366352fc37c099890eab75c8cba62cb8"",""quantization_stress_18q_l2:1dpu_t8"":""e56fd025e7fdf900c75302bb6e7212f78d89deef09b236732a001e9f5c5001c1"",""quantization_stress_18q_l2:4dpu_t8"":""e56fd025e7fdf900c75302bb6e7212f78d89deef09b236732a001e9f5c5001c1""}"
722,4,2.2306382211601568,1.0,7,0.22063680206282787,0.7768451800394555,0.002518017897716659,0.11031840103141394,0.11031840103141394,0.7768451800394555,0.002518017897716659,0.0,0.0,"{""edc_18q:1dpu_t8"":""cf23b184355b080f3bead1d9d754a3c2c295746793109413aedfff30da27b94e"",""edc_18q:4dpu_t8"":""cf23b184355b080f3bead1d9d754a3c2c295746793109413aedfff30da27b94e"",""ghz_chain_18q:1dpu_t8"":""9f9e62a16e205e4bd5eb1d1b8f62cade3177ef00fa9bd4dc15c899a41b00d3d0"",""ghz_chain_18q:4dpu_t8"":""9f9e62a16e205e4bd5eb1d1b8f62cade3177ef00fa9bd4dc15c899a41b00d3d0"",""hs_18q_d1:1dpu_t8"":""bf83ea123bc85b30f3c7f1f8a0de47c8366352fc37c099890eab75c8cba62cb8"",""hs_18q_d1:4dpu_t8"":""0f172b4535a71fb59dd5d4f406df828c33333cda1113d1c71db08b5d0e989d1e"",""quantization_stress_18q_l2:1dpu_t8"":""9d1e1ae9a325d84cef97b0fd9beffa9d4b3d783f00a4e38f6fce3a17114d3abb"",""quantization_stress_18q_l2:4dpu_t8"":""9d1e1ae9a325d84cef97b0fd9beffa9d4b3d783f00a4e38f6fce3a17114d3abb""}"
723,5,2.2549072716069865,1.0,6,0.024368166273412584,0.9754242110524387,0.00020762267414873057,0.012184083136706292,0.012184083136706292,0.9754242110524387,0.00020762267414873057,0.0,0.0,"{""edc_18q:1dpu_t8"":""cf23b184355b080f3bead1d9d754a3c2c295746793109413aedfff30da27b94e"",""edc_18q:4dpu_t8"":""cf23b184355b080f3bead1d9d754a3c2c295746793109413aedfff30da27b94e"",""ghz_chain_18q:1dpu_t8"":""9f9e62a16e205e4bd5eb1d1b8f62cade3177ef00fa9bd4dc15c899a41b00d3d0"",""ghz_chain_18q:4dpu_t8"":""9f9e62a16e205e4bd5eb1d1b8f62cade3177ef00fa9bd4dc15c899a41b00d3d0"",""hs_18q_d1:1dpu_t8"":""bf83ea123bc85b30f3c7f1f8a0de47c8366352fc37c099890eab75c8cba62cb8"",""hs_18q_d1:4dpu_t8"":""bf83ea123bc85b30f3c7f1f8a0de47c8366352fc37c099890eab75c8cba62cb8"",""quantization_stress_18q_l2:1dpu_t8"":""9d1e1ae9a325d84cef97b0fd9beffa9d4b3d783f00a4e38f6fce3a17114d3abb"",""quantization_stress_18q_l2:4dpu_t8"":""9d1e1ae9a325d84cef97b0fd9beffa9d4b3d783f00a4e38f6fce3a17114d3abb""}"
724,4,2.2655870269046017,1.0,7,0.22063680206282787,0.7768451800394555,0.002518017897716659,0.11031840103141394,0.11031840103141394,0.7768451800394555,0.002518017897716659,0.0,0.0,"{""edc_18q:1dpu_t8"":""cf23b184355b080f3bead1d9d754a3c2c295746793109413aedfff30da27b94e"",""edc_18q:4dpu_t8"":""cf23b184355b080f3bead1d9d754a3c2c295746793109413aedfff30da27b94e"",""ghz_chain_18q:1dpu_t8"":""9f9e62a16e205e4bd5eb1d1b8f62cade3177ef00fa9bd4dc15c899a41b00d3d0"",""ghz_chain_18q:4dpu_t8"":""9f9e62a16e205e4bd5eb1d1b8f62cade3177ef00fa9bd4dc15c899a41b00d3d0"",""hs_18q_d1:1dpu_t8"":""bf83ea123bc85b30f3c7f1f8a0de47c8366352fc37c099890eab75c8cba62cb8"",""hs_18q_d1:4dpu_t8"":""0f172b4535a71fb59dd5d4f406df828c33333cda1113d1c71db08b5d0e989d1e"",""quantization_stress_18q_l2:1dpu_t8"":""9d1e1ae9a325d84cef97b0fd9beffa9d4b3d783f00a4e38f6fce3a17114d3abb"",""quantization_stress_18q_l2:4dpu_t8"":""9d1e1ae9a325d84cef97b0fd9beffa9d4b3d783f00a4e38f6fce3a17114d3abb""}"
725,10,2.2350211391913093,1.0,6,0.47630996810097936,0.518889877536195,0.004800154362825642,0.23815498405048968,0.23815498405048968,0.518889877536195,0.004800154362825642,0.0,0.0,"{""edc_18q:1dpu_t8"":""cf23b184355b080f3bead1d9d754a3c2c295746793109413aedfff30da27b94e"",""edc_18q:4dpu_t8"":""cf23b184355b080f3bead1d9d754a3c2c295746793109413aedfff30da27b94e"",""ghz_chain_18q:1dpu_t8"":""9f9e62a16e205e4bd5eb1d1b8f62cade3177ef00fa9bd4dc15c899a41b00d3d0"",""ghz_chain_18q:4dpu_t8"":""9f9e62a16e205e4bd5eb1d1b8f62cade3177ef00fa9bd4dc15c899a41b00d3d0"",""hs_18q_d1:1dpu_t8"":""bf83ea123bc85b30f3c7f1f8a0de47c8366352fc37c099890eab75c8cba62cb8"",""hs_18q_d1:4dpu_t8"":""bf83ea123bc85b30f3c7f1f8a0de47c8366352fc37c099890eab75c8cba62cb8"",""quantization_stress_18q_l2:1dpu_t8"":""e56fd025e7fdf900c75302bb6e7212f78d89deef09b236732a001e9f5c5001c1"",""quantization_stress_18q_l2:4dpu_t8"":""e56fd025e7fdf900c75302bb6e7212f78d89deef09b236732a001e9f5c5001c1""}"
726,4,2.25615755218022,1.0,7,0.22063680206282787,0.7768451800394555,0.002518017897716659,0.11031840103141394,0.11031840103141394,0.7768451800394555,0.002518017897716659,0.0,0.0,"{""edc_18q:1dpu_t8"":""cf23b184355b080f3bead1d9d754a3c2c295746793109413aedfff30da27b94e"",""edc_18q:4dpu_t8"":""cf23b184355b080f3bead1d9d754a3c2c295746793109413aedfff30da27b94e"",""ghz_chain_18q:1dpu_t8"":""9f9e62a16e205e4bd5eb1d1b8f62cade3177ef00fa9bd4dc15c899a41b00d3d0"",""ghz_chain_18q:4dpu_t8"":""9f9e62a16e205e4bd5eb1d1b8f62cade3177ef00fa9bd4dc15c899a41b00d3d0"",""hs_18q_d1:1dpu_t8"":""bf83ea123bc85b30f3c7f1f8a0de47c8366352fc37c099890eab75c8cba62cb8"",""hs_18q_d1:4dpu_t8"":""0f172b4535a71fb59dd5d4f406df828c33333cda1113d1c71db08b5d0e989d1e"",""quantization_stress_18q_l2:1dpu_t8"":""9d1e1ae9a325d84cef97b0fd9beffa9d4b3d783f00a4e38f6fce3a17114d3abb"",""quantization_stress_18q_l2:4dpu_t8"":""9d1e1ae9a325d84cef97b0fd9beffa9d4b3d783f00a4e38f6fce3a17114d3abb""}"
727,4,2.22674938750295,1.0,7,0.22063680206282787,0.7768451800394555,0.002518017897716659,0.11031840103141394,0.11031840103141394,0.7768451800394555,0.002518017897716659,0.0,0.0,"{""edc_18q:1dpu_t8"":""cf23b184355b080f3bead1d9d754a3c2c295746793109413aedfff30da27b94e"",""edc_18q:4dpu_t8"":""cf23b184355b080f3bead1d9d754a3c2c295746793109413aedfff30da27b94e"",""ghz_chain_18q:1dpu_t8"":""9f9e62a16e205e4bd5eb1d1b8f62cade3177ef00fa9bd4dc15c899a41b00d3d0"",""ghz_chain_18q:4dpu_t8"":""9f9e62a16e205e4bd5eb1d1b8f62cade3177ef00fa9bd4dc15c899a41b00d3d0"",""hs_18q_d1:1dpu_t8"":""bf83ea123bc85b30f3c7f1f8a0de47c8366352fc37c099890eab75c8cba62cb8"",""hs_18q_d1:4dpu_t8"":""0f172b4535a71fb59dd5d4f406df828c33333cda1113d1c71db08b5d0e989d1e"",""quantization_stress_18q_l2:1dpu_t8"":""9d1e1ae9a325d84cef97b0fd9beffa9d4b3d783f00a4e38f6fce3a17114d3abb"",""quantization_stress_18q_l2:4dpu_t8"":""9d1e1ae9a325d84cef97b0fd9beffa9d4b3d783f00a4e38f6fce3a17114d3abb""}"
728,10,2.2163368972686337,1.0,6,0.47630996810097936,0.518889877536195,0.004800154362825642,0.23815498405048968,0.23815498405048968,0.518889877536195,0.004800154362825642,0.0,0.0,"{""edc_18q:1dpu_t8"":""cf23b184355b080f3bead1d9d754a3c2c295746793109413aedfff30da27b94e"",""edc_18q:4dpu_t8"":""cf23b184355b080f3bead1d9d754a3c2c295746793109413aedfff30da27b94e"",""ghz_chain_18q:1dpu_t8"":""9f9e62a16e205e4bd5eb1d1b8f62cade3177ef00fa9bd4dc15c899a41b00d3d0"",""ghz_chain_18q:4dpu_t8"":""9f9e62a16e205e4bd5eb1d1b8f62cade3177ef00fa9bd4dc15c899a41b00d3d0"",""hs_18q_d1:1dpu_t8"":""bf83ea123bc85b30f3c7f1f8a0de47c8366352fc37c099890eab75c8cba62cb8"",""hs_18q_d1:4dpu_t8"":""bf83ea123bc85b30f3c7f1f8a0de47c8366352fc37c099890eab75c8cba62cb8"",""quantization_stress_18q_l2:1dpu_t8"":""e56fd025e7fdf900c75302bb6e7212f78d89deef09b236732a001e9f5c5001c1"",""quantization_stress_18q_l2:4dpu_t8"":""e56fd025e7fdf900c75302bb6e7212f78d89deef09b236732a001e9f5c5001c1""}"
729,10,2.222976695495606,1.0,6,0.47630996810097936,0.518889877536195,0.004800154362825642,0.23815498405048968,0.23815498405048968,0.518889877536195,0.004800154362825642,0.0,0.0,"{""edc_18q:1dpu_t8"":""cf23b184355b080f3bead1d9d754a3c2c295746793109413aedfff30da27b94e"",""edc_18q:4dpu_t8"":""cf23b184355b080f3bead1d9d754a3c2c295746793109413aedfff30da27b94e"",""ghz_chain_18q:1dpu_t8"":""9f9e62a16e205e4bd5eb1d1b8f62cade3177ef00fa9bd4dc15c899a41b00d3d0"",""ghz_chain_18q:4dpu_t8"":""9f9e62a16e205e4bd5eb1d1b8f62cade3177ef00fa9bd4dc15c899a41b00d3d0"",""hs_18q_d1:1dpu_t8"":""bf83ea123bc85b30f3c7f1f8a0de47c8366352fc37c099890eab75c8cba62cb8"",""hs_18q_d1:4dpu_t8"":""bf83ea123bc85b30f3c7f1f8a0de47c8366352fc37c099890eab75c8cba62cb8"",""quantization_stress_18q_l2:1dpu_t8"":""e56fd025e7fdf900c75302bb6e7212f78d89deef09b236732a001e9f5c5001c1"",""quantization_stress_18q_l2:4dpu_t8"":""e56fd025e7fdf900c75302bb6e7212f78d89deef09b236732a001e9f5c5001c1""}"
730,5,2.2350414680875565,1.0,6,0.024368166273412584,0.9754242110524387,0.00020762267414873057,0.012184083136706292,0.012184083136706292,0.9754242110524387,0.00020762267414873057,0.0,0.0,"{""edc_18q:1dpu_t8"":""cf23b184355b080f3bead1d9d754a3c2c295746793109413aedfff30da27b94e"",""edc_18q:4dpu_t8"":""cf23b184355b080f3bead1d9d754a3c2c295746793109413aedfff30da27b94e"",""ghz_chain_18q:1dpu_t8"":""9f9e62a16e205e4bd5eb1d1b8f62cade3177ef00fa9bd4dc15c899a41b00d3d0"",""ghz_chain_18q:4dpu_t8"":""9f9e62a16e205e4bd5eb1d1b8f62cade3177ef00fa9bd4dc15c899a41b00d3d0"",""hs_18q_d1:1dpu_t8"":""bf83ea123bc85b30f3c7f1f8a0de47c8366352fc37c099890eab75c8cba62cb8"",""hs_18q_d1:4dpu_t8"":""bf83ea123bc85b30f3c7f1f8a0de47c8366352fc37c099890eab75c8cba62cb8"",""quantization_stress_18q_l2:1dpu_t8"":""9d1e1ae9a325d84cef97b0fd9beffa9d4b3d783f00a4e38f6fce3a17114d3abb"",""quantization_stress_18q_l2:4dpu_t8"":""9d1e1ae9a325d84cef97b0fd9beffa9d4b3d783f00a4e38f6fce3a17114d3abb""}"
731,9,2.235626376794982,1.0,7,0.5414741851996391,0.45232358896253566,0.006202225837825213,0.27073709259981954,0.27073709259981954,0.45232358896253566,0.006202225837825213,0.0,0.0,"{""edc_18q:1dpu_t8"":""cf23b184355b080f3bead1d9d754a3c2c295746793109413aedfff30da27b94e"",""edc_18q:4dpu_t8"":""cf23b184355b080f3bead1d9d754a3c2c295746793109413aedfff30da27b94e"",""ghz_chain_18q:1dpu_t8"":""9f9e62a16e205e4bd5eb1d1b8f62cade3177ef00fa9bd4dc15c899a41b00d3d0"",""ghz_chain_18q:4dpu_t8"":""9f9e62a16e205e4bd5eb1d1b8f62cade3177ef00fa9bd4dc15c899a41b00d3d0"",""hs_18q_d1:1dpu_t8"":""bf83ea123bc85b30f3c7f1f8a0de47c8366352fc37c099890eab75c8cba62cb8"",""hs_18q_d1:4dpu_t8"":""0f172b4535a71fb59dd5d4f406df828c33333cda1113d1c71db08b5d0e989d1e"",""quantization_stress_18q_l2:1dpu_t8"":""e56fd025e7fdf900c75302bb6e7212f78d89deef09b236732a001e9f5c5001c1"",""quantization_stress_18q_l2:4dpu_t8"":""e56fd025e7fdf900c75302bb6e7212f78d89deef09b236732a001e9f5c5001c1""}"
732,5,2.2493562193983547,1.0,6,0.024368166273412584,0.9754242110524387,0.00020762267414873057,0.012184083136706292,0.012184083136706292,0.9754242110524387,0.00020762267414873057,0.0,0.0,"{""edc_18q:1dpu_t8"":""cf23b184355b080f3bead1d9d754a3c2c295746793109413aedfff30da27b94e"",""edc_18q:4dpu_t8"":""cf23b184355b080f3bead1d9d754a3c2c295746793109413aedfff30da27b94e"",""ghz_chain_18q:1dpu_t8"":""9f9e62a16e205e4bd5eb1d1b8f62cade3177ef00fa9bd4dc15c899a41b00d3d0"",""ghz_chain_18q:4dpu_t8"":""9f9e62a16e205e4bd5eb1d1b8f62cade3177ef00fa9bd4dc15c899a41b00d3d0"",""hs_18q_d1:1dpu_t8"":""bf83ea123bc85b30f3c7f1f8a0de47c8366352fc37c099890eab75c8cba62cb8"",""hs_18q_d1:4dpu_t8"":""bf83ea123bc85b30f3c7f1f8a0de47c8366352fc37c099890eab75c8cba62cb8"",""quantization_stress_18q_l2:1dpu_t8"":""9d1e1ae9a325d84cef97b0fd9beffa9d4b3d783f00a4e38f6fce3a17114d3abb"",""quantization_stress_18q_l2:4dpu_t8"":""9d1e1ae9a325d84cef97b0fd9beffa9d4b3d783f00a4e38f6fce3a17114d3abb""}"
733,4,2.252229123297862,1.0,7,0.22063680206282787,0.7768451800394555,0.002518017897716659,0.11031840103141394,0.11031840103141394,0.7768451800394555,0.002518017897716659,0.0,0.0,"{""edc_18q:1dpu_t8"":""cf23b184355b080f3bead1d9d754a3c2c295746793109413aedfff30da27b94e"",""edc_18q:4dpu_t8"":""cf23b184355b080f3bead1d9d754a3c2c295746793109413aedfff30da27b94e"",""ghz_chain_18q:1dpu_t8"":""9f9e62a16e205e4bd5eb1d1b8f62cade3177ef00fa9bd4dc15c899a41b00d3d0"",""ghz_chain_18q:4dpu_t8"":""9f9e62a16e205e4bd5eb1d1b8f62cade3177ef00fa9bd4dc15c899a41b00d3d0"",""hs_18q_d1:1dpu_t8"":""bf83ea123bc85b30f3c7f1f8a0de47c8366352fc37c099890eab75c8cba62cb8"",""hs_18q_d1:4dpu_t8"":""0f172b4535a71fb59dd5d4f406df828c33333cda1113d1c71db08b5d0e989d1e"",""quantization_stress_18q_l2:1dpu_t8"":""9d1e1ae9a325d84cef97b0fd9beffa9d4b3d783f00a4e38f6fce3a17114d3abb"",""quantization_stress_18q_l2:4dpu_t8"":""9d1e1ae9a325d84cef97b0fd9beffa9d4b3d783f00a4e38f6fce3a17114d3abb""}"
734,5,2.2296358295630716,1.0,6,0.024368166273412584,0.9754242110524387,0.00020762267414873057,0.012184083136706292,0.012184083136706292,0.9754242110524387,0.00020762267414873057,0.0,0.0,"{""edc_18q:1dpu_t8"":""cf23b184355b080f3bead1d9d754a3c2c295746793109413aedfff30da27b94e"",""edc_18q:4dpu_t8"":""cf23b184355b080f3bead1d9d754a3c2c295746793109413aedfff30da27b94e"",""ghz_chain_18q:1dpu_t8"":""9f9e62a16e205e4bd5eb1d1b8f62cade3177ef00fa9bd4dc15c899a41b00d3d0"",""ghz_chain_18q:4dpu_t8"":""9f9e62a16e205e4bd5eb1d1b8f62cade3177ef00fa9bd4dc15c899a41b00d3d0"",""hs_18q_d1:1dpu_t8"":""bf83ea123bc85b30f3c7f1f8a0de47c8366352fc37c099890eab75c8cba62cb8"",""hs_18q_d1:4dpu_t8"":""bf83ea123bc85b30f3c7f1f8a0de47c8366352fc37c099890eab75c8cba62cb8"",""quantization_stress_18q_l2:1dpu_t8"":""9d1e1ae9a325d84cef97b0fd9beffa9d4b3d783f00a4e38f6fce3a17114d3abb"",""quantization_stress_18q_l2:4dpu_t8"":""9d1e1ae9a325d84cef97b0fd9beffa9d4b3d783f00a4e38f6fce3a17114d3abb""}"
735,5,2.2413944728781936,1.0,6,0.024368166273412584,0.9754242110524387,0.00020762267414873057,0.012184083136706292,0.012184083136706292,0.9754242110524387,0.00020762267414873057,0.0,0.0,"{""edc_18q:1dpu_t8"":""cf23b184355b080f3bead1d9d754a3c2c295746793109413aedfff30da27b94e"",""edc_18q:4dpu_t8"":""cf23b184355b080f3bead1d9d754a3c2c295746793109413aedfff30da27b94e"",""ghz_chain_18q:1dpu_t8"":""9f9e62a16e205e4bd5eb1d1b8f62cade3177ef00fa9bd4dc15c899a41b00d3d0"",""ghz_chain_18q:4dpu_t8"":""9f9e62a16e205e4bd5eb1d1b8f62cade3177ef00fa9bd4dc15c899a41b00d3d0"",""hs_18q_d1:1dpu_t8"":""bf83ea123bc85b30f3c7f1f8a0de47c8366352fc37c099890eab75c8cba62cb8"",""hs_18q_d1:4dpu_t8"":""bf83ea123bc85b30f3c7f1f8a0de47c8366352fc37c099890eab75c8cba62cb8"",""quantization_stress_18q_l2:1dpu_t8"":""9d1e1ae9a325d84cef97b0fd9beffa9d4b3d783f00a4e38f6fce3a17114d3abb"",""quantization_stress_18q_l2:4dpu_t8"":""9d1e1ae9a325d84cef97b0fd9beffa9d4b3d783f00a4e38f6fce3a17114d3abb""}"
736,10,2.2316518279283035,1.0,6,0.47630996810097936,0.518889877536195,0.004800154362825642,0.23815498405048968,0.23815498405048968,0.518889877536195,0.004800154362825642,0.0,0.0,"{""edc_18q:1dpu_t8"":""cf23b184355b080f3bead1d9d754a3c2c295746793109413aedfff30da27b94e"",""edc_18q:4dpu_t8"":""cf23b184355b080f3bead1d9d754a3c2c295746793109413aedfff30da27b94e"",""ghz_chain_18q:1dpu_t8"":""9f9e62a16e205e4bd5eb1d1b8f62cade3177ef00fa9bd4dc15c899a41b00d3d0"",""ghz_chain_18q:4dpu_t8"":""9f9e62a16e205e4bd5eb1d1b8f62cade3177ef00fa9bd4dc15c899a41b00d3d0"",""hs_18q_d1:1dpu_t8"":""bf83ea123bc85b30f3c7f1f8a0de47c8366352fc37c099890eab75c8cba62cb8"",""hs_18q_d1:4dpu_t8"":""bf83ea123bc85b30f3c7f1f8a0de47c8366352fc37c099890eab75c8cba62cb8"",""quantization_stress_18q_l2:1dpu_t8"":""e56fd025e7fdf900c75302bb6e7212f78d89deef09b236732a001e9f5c5001c1"",""quantization_stress_18q_l2:4dpu_t8"":""e56fd025e7fdf900c75302bb6e7212f78d89deef09b236732a001e9f5c5001c1""}"
737,5,2.245515680605228,1.0,6,0.024368166273412584,0.9754242110524387,0.00020762267414873057,0.012184083136706292,0.012184083136706292,0.9754242110524387,0.00020762267414873057,0.0,0.0,"{""edc_18q:1dpu_t8"":""cf23b184355b080f3bead1d9d754a3c2c295746793109413aedfff30da27b94e"",""edc_18q:4dpu_t8"":""cf23b184355b080f3bead1d9d754a3c2c295746793109413aedfff30da27b94e"",""ghz_chain_18q:1dpu_t8"":""9f9e62a16e205e4bd5eb1d1b8f62cade3177ef00fa9bd4dc15c899a41b00d3d0"",""ghz_chain_18q:4dpu_t8"":""9f9e62a16e205e4bd5eb1d1b8f62cade3177ef00fa9bd4dc15c899a41b00d3d0"",""hs_18q_d1:1dpu_t8"":""bf83ea123bc85b30f3c7f1f8a0de47c8366352fc37c099890eab75c8cba62cb8"",""hs_18q_d1:4dpu_t8"":""bf83ea123bc85b30f3c7f1f8a0de47c8366352fc37c099890eab75c8cba62cb8"",""quantization_stress_18q_l2:1dpu_t8"":""9d1e1ae9a325d84cef97b0fd9beffa9d4b3d783f00a4e38f6fce3a17114d3abb"",""quantization_stress_18q_l2:4dpu_t8"":""9d1e1ae9a325d84cef97b0fd9beffa9d4b3d783f00a4e38f6fce3a17114d3abb""}"
738,3,2.2787219518664013,0.997529052435953,7,0.0,1.0,0.0,0.0,0.0,1.0,0.0,0.0,0.0,"{""edc_18q:1dpu_t8"":""cf23b184355b080f3bead1d9d754a3c2c295746793109413aedfff30da27b94e"",""edc_18q:4dpu_t8"":""cf23b184355b080f3bead1d9d754a3c2c295746793109413aedfff30da27b94e"",""ghz_chain_18q:1dpu_t8"":""9f9e62a16e205e4bd5eb1d1b8f62cade3177ef00fa9bd4dc15c899a41b00d3d0"",""ghz_chain_18q:4dpu_t8"":""9f9e62a16e205e4bd5eb1d1b8f62cade3177ef00fa9bd4dc15c899a41b00d3d0"",""hs_18q_d1:1dpu_t8"":""0f172b4535a71fb59dd5d4f406df828c33333cda1113d1c71db08b5d0e989d1e"",""hs_18q_d1:4dpu_t8"":""0f172b4535a71fb59dd5d4f406df828c33333cda1113d1c71db08b5d0e989d1e"",""quantization_stress_18q_l2:1dpu_t8"":""9d1e1ae9a325d84cef97b0fd9beffa9d4b3d783f00a4e38f6fce3a17114d3abb"",""quantization_stress_18q_l2:4dpu_t8"":""9d1e1ae9a325d84cef97b0fd9beffa9d4b3d783f00a4e38f6fce3a17114d3abb""}"
739,8,2.27551274217188,1.041845644222677,8,0.3715322706836804,0.40507521716230527,0.2233925121540143,0.1857661353418402,0.1857661353418402,0.40507521716230527,0.2233925121540143,0.0,0.0,"{""edc_18q:1dpu_t8"":""cf23b184355b080f3bead1d9d754a3c2c295746793109413aedfff30da27b94e"",""edc_18q:4dpu_t8"":""cf23b184355b080f3bead1d9d754a3c2c295746793109413aedfff30da27b94e"",""ghz_chain_18q:1dpu_t8"":""9f9e62a16e205e4bd5eb1d1b8f62cade3177ef00fa9bd4dc15c899a41b00d3d0"",""ghz_chain_18q:4dpu_t8"":""9f9e62a16e205e4bd5eb1d1b8f62cade3177ef00fa9bd4dc15c899a41b00d3d0"",""hs_18q_d1:1dpu_t8"":""0f172b4535a71fb59dd5d4f406df828c33333cda1113d1c71db08b5d0e989d1e"",""hs_18q_d1:4dpu_t8"":""0f172b4535a71fb59dd5d4f406df828c33333cda1113d1c71db08b5d0e989d1e"",""quantization_stress_18q_l2:1dpu_t8"":""e56fd025e7fdf900c75302bb6e7212f78d89deef09b236732a001e9f5c5001c1"",""quantization_stress_18q_l2:4dpu_t8"":""e56fd025e7fdf900c75302bb6e7212f78d89deef09b236732a001e9f5c5001c1""}"
740,4,2.251389583780983,1.0,7,0.22063680206282787,0.7768451800394555,0.002518017897716659,0.11031840103141394,0.11031840103141394,0.7768451800394555,0.002518017897716659,0.0,0.0,"{""edc_18q:1dpu_t8"":""cf23b184355b080f3bead1d9d754a3c2c295746793109413aedfff30da27b94e"",""edc_18q:4dpu_t8"":""cf23b184355b080f3bead1d9d754a3c2c295746793109413aedfff30da27b94e"",""ghz_chain_18q:1dpu_t8"":""9f9e62a16e205e4bd5eb1d1b8f62cade3177ef00fa9bd4dc15c899a41b00d3d0"",""ghz_chain_18q:4dpu_t8"":""9f9e62a16e205e4bd5eb1d1b8f62cade3177ef00fa9bd4dc15c899a41b00d3d0"",""hs_18q_d1:1dpu_t8"":""bf83ea123bc85b30f3c7f1f8a0de47c8366352fc37c099890eab75c8cba62cb8"",""hs_18q_d1:4dpu_t8"":""0f172b4535a71fb59dd5d4f406df828c33333cda1113d1c71db08b5d0e989d1e"",""quantization_stress_18q_l2:1dpu_t8"":""9d1e1ae9a325d84cef97b0fd9beffa9d4b3d783f00a4e38f6fce3a17114d3abb"",""quantization_stress_18q_l2:4dpu_t8"":""9d1e1ae9a325d84cef97b0fd9beffa9d4b3d783f00a4e38f6fce3a17114d3abb""}"
741,3,2.3016755494166774,1.041845644222677,8,0.0,1.0,0.0,0.0,0.0,1.0,0.0,0.0,0.0,"{""edc_18q:1dpu_t8"":""cf23b184355b080f3bead1d9d754a3c2c295746793109413aedfff30da27b94e"",""edc_18q:4dpu_t8"":""cf23b184355b080f3bead1d9d754a3c2c295746793109413aedfff30da27b94e"",""ghz_chain_18q:1dpu_t8"":""9f9e62a16e205e4bd5eb1d1b8f62cade3177ef00fa9bd4dc15c899a41b00d3d0"",""ghz_chain_18q:4dpu_t8"":""9f9e62a16e205e4bd5eb1d1b8f62cade3177ef00fa9bd4dc15c899a41b00d3d0"",""hs_18q_d1:1dpu_t8"":""0f172b4535a71fb59dd5d4f406df828c33333cda1113d1c71db08b5d0e989d1e"",""hs_18q_d1:4dpu_t8"":""0f172b4535a71fb59dd5d4f406df828c33333cda1113d1c71db08b5d0e989d1e"",""quantization_stress_18q_l2:1dpu_t8"":""9d1e1ae9a325d84cef97b0fd9beffa9d4b3d783f00a4e38f6fce3a17114d3abb"",""quantization_stress_18q_l2:4dpu_t8"":""9d1e1ae9a325d84cef97b0fd9beffa9d4b3d783f00a4e38f6fce3a17114d3abb""}"
742,3,2.278874344624366,0.997529052435953,7,0.0,1.0,0.0,0.0,0.0,1.0,0.0,0.0,0.0,"{""edc_18q:1dpu_t8"":""cf23b184355b080f3bead1d9d754a3c2c295746793109413aedfff30da27b94e"",""edc_18q:4dpu_t8"":""cf23b184355b080f3bead1d9d754a3c2c295746793109413aedfff30da27b94e"",""ghz_chain_18q:1dpu_t8"":""9f9e62a16e205e4bd5eb1d1b8f62cade3177ef00fa9bd4dc15c899a41b00d3d0"",""ghz_chain_18q:4dpu_t8"":""9f9e62a16e205e4bd5eb1d1b8f62cade3177ef00fa9bd4dc15c899a41b00d3d0"",""hs_18q_d1:1dpu_t8"":""0f172b4535a71fb59dd5d4f406df828c33333cda1113d1c71db08b5d0e989d1e"",""hs_18q_d1:4dpu_t8"":""0f172b4535a71fb59dd5d4f406df828c33333cda1113d1c71db08b5d0e989d1e"",""quantization_stress_18q_l2:1dpu_t8"":""9d1e1ae9a325d84cef97b0fd9beffa9d4b3d783f00a4e38f6fce3a17114d3abb"",""quantization_stress_18q_l2:4dpu_t8"":""9d1e1ae9a325d84cef97b0fd9beffa9d4b3d783f00a4e38f6fce3a17114d3abb""}"
743,4,2.257640222726414,1.0,7,0.22063680206282787,0.7768451800394555,0.002518017897716659,0.11031840103141394,0.11031840103141394,0.7768451800394555,0.002518017897716659,0.0,0.0,"{""edc_18q:1dpu_t8"":""cf23b184355b080f3bead1d9d754a3c2c295746793109413aedfff30da27b94e"",""edc_18q:4dpu_t8"":""cf23b184355b080f3bead1d9d754a3c2c295746793109413aedfff30da27b94e"",""ghz_chain_18q:1dpu_t8"":""9f9e62a16e205e4bd5eb1d1b8f62cade3177ef00fa9bd4dc15c899a41b00d3d0"",""ghz_chain_18q:4dpu_t8"":""9f9e62a16e205e4bd5eb1d1b8f62cade3177ef00fa9bd4dc15c899a41b00d3d0"",""hs_18q_d1:1dpu_t8"":""bf83ea123bc85b30f3c7f1f8a0de47c8366352fc37c099890eab75c8cba62cb8"",""hs_18q_d1:4dpu_t8"":""0f172b4535a71fb59dd5d4f406df828c33333cda1113d1c71db08b5d0e989d1e"",""quantization_stress_18q_l2:1dpu_t8"":""9d1e1ae9a325d84cef97b0fd9beffa9d4b3d783f00a4e38f6fce3a17114d3abb"",""quantization_stress_18q_l2:4dpu_t8"":""9d1e1ae9a325d84cef97b0fd9beffa9d4b3d783f00a4e38f6fce3a17114d3abb""}"
744,3,2.2834082231658424,1.041845644222677,8,0.0,1.0,0.0,0.0,0.0,1.0,0.0,0.0,0.0,"{""edc_18q:1dpu_t8"":""cf23b184355b080f3bead1d9d754a3c2c295746793109413aedfff30da27b94e"",""edc_18q:4dpu_t8"":""cf23b184355b080f3bead1d9d754a3c2c295746793109413aedfff30da27b94e"",""ghz_chain_18q:1dpu_t8"":""9f9e62a16e205e4bd5eb1d1b8f62cade3177ef00fa9bd4dc15c899a41b00d3d0"",""ghz_chain_18q:4dpu_t8"":""9f9e62a16e205e4bd5eb1d1b8f62cade3177ef00fa9bd4dc15c899a41b00d3d0"",""hs_18q_d1:1dpu_t8"":""0f172b4535a71fb59dd5d4f406df828c33333cda1113d1c71db08b5d0e989d1e"",""hs_18q_d1:4dpu_t8"":""0f172b4535a71fb59dd5d4f406df828c33333cda1113d1c71db08b5d0e989d1e"",""quantization_stress_18q_l2:1dpu_t8"":""9d1e1ae9a325d84cef97b0fd9beffa9d4b3d783f00a4e38f6fce3a17114d3abb"",""quantization_stress_18q_l2:4dpu_t8"":""9d1e1ae9a325d84cef97b0fd9beffa9d4b3d783f00a4e38f6fce3a17114d3abb""}"
745,4,2.2257354072327185,1.0,7,0.22063680206282787,0.7768451800394555,0.002518017897716659,0.11031840103141394,0.11031840103141394,0.7768451800394555,0.002518017897716659,0.0,0.0,"{""edc_18q:1dpu_t8"":""cf23b184355b080f3bead1d9d754a3c2c295746793109413aedfff30da27b94e"",""edc_18q:4dpu_t8"":""cf23b184355b080f3bead1d9d754a3c2c295746793109413aedfff30da27b94e"",""ghz_chain_18q:1dpu_t8"":""9f9e62a16e205e4bd5eb1d1b8f62cade3177ef00fa9bd4dc15c899a41b00d3d0"",""ghz_chain_18q:4dpu_t8"":""9f9e62a16e205e4bd5eb1d1b8f62cade3177ef00fa9bd4dc15c899a41b00d3d0"",""hs_18q_d1:1dpu_t8"":""bf83ea123bc85b30f3c7f1f8a0de47c8366352fc37c099890eab75c8cba62cb8"",""hs_18q_d1:4dpu_t8"":""0f172b4535a71fb59dd5d4f406df828c33333cda1113d1c71db08b5d0e989d1e"",""quantization_stress_18q_l2:1dpu_t8"":""9d1e1ae9a325d84cef97b0fd9beffa9d4b3d783f00a4e38f6fce3a17114d3abb"",""quantization_stress_18q_l2:4dpu_t8"":""9d1e1ae9a325d84cef97b0fd9beffa9d4b3d783f00a4e38f6fce3a17114d3abb""}"
746,3,2.2874667890933087,1.041845644222677,8,0.0,1.0,0.0,0.0,0.0,1.0,0.0,0.0,0.0,"{""edc_18q:1dpu_t8"":""cf23b184355b080f3bead1d9d754a3c2c295746793109413aedfff30da27b94e"",""edc_18q:4dpu_t8"":""cf23b184355b080f3bead1d9d754a3c2c295746793109413aedfff30da27b94e"",""ghz_chain_18q:1dpu_t8"":""9f9e62a16e205e4bd5eb1d1b8f62cade3177ef00fa9bd4dc15c899a41b00d3d0"",""ghz_chain_18q:4dpu_t8"":""9f9e62a16e205e4bd5eb1d1b8f62cade3177ef00fa9bd4dc15c899a41b00d3d0"",""hs_18q_d1:1dpu_t8"":""0f172b4535a71fb59dd5d4f406df828c33333cda1113d1c71db08b5d0e989d1e"",""hs_18q_d1:4dpu_t8"":""0f172b4535a71fb59dd5d4f406df828c33333cda1113d1c71db08b5d0e989d1e"",""quantization_stress_18q_l2:1dpu_t8"":""9d1e1ae9a325d84cef97b0fd9beffa9d4b3d783f00a4e38f6fce3a17114d3abb"",""quantization_stress_18q_l2:4dpu_t8"":""9d1e1ae9a325d84cef97b0fd9beffa9d4b3d783f00a4e38f6fce3a17114d3abb""}"
747,10,2.2411138593963007,1.0,6,0.47630996810097936,0.518889877536195,0.004800154362825642,0.23815498405048968,0.23815498405048968,0.518889877536195,0.004800154362825642,0.0,0.0,"{""edc_18q:1dpu_t8"":""cf23b184355b080f3bead1d9d754a3c2c295746793109413aedfff30da27b94e"",""edc_18q:4dpu_t8"":""cf23b184355b080f3bead1d9d754a3c2c295746793109413aedfff30da27b94e"",""ghz_chain_18q:1dpu_t8"":""9f9e62a16e205e4bd5eb1d1b8f62cade3177ef00fa9bd4dc15c899a41b00d3d0"",""ghz_chain_18q:4dpu_t8"":""9f9e62a16e205e4bd5eb1d1b8f62cade3177ef00fa9bd4dc15c899a41b00d3d0"",""hs_18q_d1:1dpu_t8"":""bf83ea123bc85b30f3c7f1f8a0de47c8366352fc37c099890eab75c8cba62cb8"",""hs_18q_d1:4dpu_t8"":""bf83ea123bc85b30f3c7f1f8a0de47c8366352fc37c099890eab75c8cba62cb8"",""quantization_stress_18q_l2:1dpu_t8"":""e56fd025e7fdf900c75302bb6e7212f78d89deef09b236732a001e9f5c5001c1"",""quantization_stress_18q_l2:4dpu_t8"":""e56fd025e7fdf900c75302bb6e7212f78d89deef09b236732a001e9f5c5001c1""}"
748,5,2.2480070687419476,1.0,6,0.024368166273412584,0.9754242110524387,0.00020762267414873057,0.012184083136706292,0.012184083136706292,0.9754242110524387,0.00020762267414873057,0.0,0.0,"{""edc_18q:1dpu_t8"":""cf23b184355b080f3bead1d9d754a3c2c295746793109413aedfff30da27b94e"",""edc_18q:4dpu_t8"":""cf23b184355b080f3bead1d9d754a3c2c295746793109413aedfff30da27b94e"",""ghz_chain_18q:1dpu_t8"":""9f9e62a16e205e4bd5eb1d1b8f62cade3177ef00fa9bd4dc15c899a41b00d3d0"",""ghz_chain_18q:4dpu_t8"":""9f9e62a16e205e4bd5eb1d1b8f62cade3177ef00fa9bd4dc15c899a41b00d3d0"",""hs_18q_d1:1dpu_t8"":""bf83ea123bc85b30f3c7f1f8a0de47c8366352fc37c099890eab75c8cba62cb8"",""hs_18q_d1:4dpu_t8"":""bf83ea123bc85b30f3c7f1f8a0de47c8366352fc37c099890eab75c8cba62cb8"",""quantization_stress_18q_l2:1dpu_t8"":""9d1e1ae9a325d84cef97b0fd9beffa9d4b3d783f00a4e38f6fce3a17114d3abb"",""quantization_stress_18q_l2:4dpu_t8"":""9d1e1ae9a325d84cef97b0fd9beffa9d4b3d783f00a4e38f6fce3a17114d3abb""}"
749,10,2.253009935723381,1.0,6,0.47630996810097936,0.518889877536195,0.004800154362825642,0.23815498405048968,0.23815498405048968,0.518889877536195,0.004800154362825642,0.0,0.0,"{""edc_18q:1dpu_t8"":""cf23b184355b080f3bead1d9d754a3c2c295746793109413aedfff30da27b94e"",""edc_18q:4dpu_t8"":""cf23b184355b080f3bead1d9d754a3c2c295746793109413aedfff30da27b94e"",""ghz_chain_18q:1dpu_t8"":""9f9e62a16e205e4bd5eb1d1b8f62cade3177ef00fa9bd4dc15c899a41b00d3d0"",""ghz_chain_18q:4dpu_t8"":""9f9e62a16e205e4bd5eb1d1b8f62cade3177ef00fa9bd4dc15c899a41b00d3d0"",""hs_18q_d1:1dpu_t8"":""bf83ea123bc85b30f3c7f1f8a0de47c8366352fc37c099890eab75c8cba62cb8"",""hs_18q_d1:4dpu_t8"":""bf83ea123bc85b30f3c7f1f8a0de47c8366352fc37c099890eab75c8cba62cb8"",""quantization_stress_18q_l2:1dpu_t8"":""e56fd025e7fdf900c75302bb6e7212f78d89deef09b236732a001e9f5c5001c1"",""quantization_stress_18q_l2:4dpu_t8"":""e56fd025e7fdf900c75302bb6e7212f78d89deef09b236732a001e9f5c5001c1""}"
750,9,2.2383657670413637,1.0,7,0.5414741851996391,0.45232358896253566,0.006202225837825213,0.27073709259981954,0.27073709259981954,0.45232358896253566,0.006202225837825213,0.0,0.0,"{""edc_18q:1dpu_t8"":""cf23b184355b080f3bead1d9d754a3c2c295746793109413aedfff30da27b94e"",""edc_18q:4dpu_t8"":""cf23b184355b080f3bead1d9d754a3c2c295746793109413aedfff30da27b94e"",""ghz_chain_18q:1dpu_t8"":""9f9e62a16e205e4bd5eb1d1b8f62cade3177ef00fa9bd4dc15c899a41b00d3d0"",""ghz_chain_18q:4dpu_t8"":""9f9e62a16e205e4bd5eb1d1b8f62cade3177ef00fa9bd4dc15c899a41b00d3d0"",""hs_18q_d1:1dpu_t8"":""bf83ea123bc85b30f3c7f1f8a0de47c8366352fc37c099890eab75c8cba62cb8"",""hs_18q_d1:4dpu_t8"":""0f172b4535a71fb59dd5d4f406df828c33333cda1113d1c71db08b5d0e989d1e"",""quantization_stress_18q_l2:1dpu_t8"":""e56fd025e7fdf900c75302bb6e7212f78d89deef09b236732a001e9f5c5001c1"",""quantization_stress_18q_l2:4dpu_t8"":""e56fd025e7fdf900c75302bb6e7212f78d89deef09b236732a001e9f5c5001c1""}"
751,8,2.270502906625947,0.997529052435953,7,0.3715322706836804,0.40507521716230527,0.2233925121540143,0.1857661353418402,0.1857661353418402,0.40507521716230527,0.2233925121540143,0.0,0.0,"{""edc_18q:1dpu_t8"":""cf23b184355b080f3bead1d9d754a3c2c295746793109413aedfff30da27b94e"",""edc_18q:4dpu_t8"":""cf23b184355b080f3bead1d9d754a3c2c295746793109413aedfff30da27b94e"",""ghz_chain_18q:1dpu_t8"":""9f9e62a16e205e4bd5eb1d1b8f62cade3177ef00fa9bd4dc15c899a41b00d3d0"",""ghz_chain_18q:4dpu_t8"":""9f9e62a16e205e4bd5eb1d1b8f62cade3177ef00fa9bd4dc15c899a41b00d3d0"",""hs_18q_d1:1dpu_t8"":""0f172b4535a71fb59dd5d4f406df828c33333cda1113d1c71db08b5d0e989d1e"",""hs_18q_d1:4dpu_t8"":""0f172b4535a71fb59dd5d4f406df828c33333cda1113d1c71db08b5d0e989d1e"",""quantization_stress_18q_l2:1dpu_t8"":""e56fd025e7fdf900c75302bb6e7212f78d89deef09b236732a001e9f5c5001c1"",""quantization_stress_18q_l2:4dpu_t8"":""e56fd025e7fdf900c75302bb6e7212f78d89deef09b236732a001e9f5c5001c1""}"
752,3,2.2990807159657716,1.0163179096347865,8,0.0,1.0,0.0,0.0,0.0,1.0,0.0,0.0,0.0,"{""edc_18q:1dpu_t8"":""cf23b184355b080f3bead1d9d754a3c2c295746793109413aedfff30da27b94e"",""edc_18q:4dpu_t8"":""cf23b184355b080f3bead1d9d754a3c2c295746793109413aedfff30da27b94e"",""ghz_chain_18q:1dpu_t8"":""9f9e62a16e205e4bd5eb1d1b8f62cade3177ef00fa9bd4dc15c899a41b00d3d0"",""ghz_chain_18q:4dpu_t8"":""9f9e62a16e205e4bd5eb1d1b8f62cade3177ef00fa9bd4dc15c899a41b00d3d0"",""hs_18q_d1:1dpu_t8"":""0f172b4535a71fb59dd5d4f406df828c33333cda1113d1c71db08b5d0e989d1e"",""hs_18q_d1:4dpu_t8"":""0f172b4535a71fb59dd5d4f406df828c33333cda1113d1c71db08b5d0e989d1e"",""quantization_stress_18q_l2:1dpu_t8"":""9d1e1ae9a325d84cef97b0fd9beffa9d4b3d783f00a4e38f6fce3a17114d3abb"",""quantization_stress_18q_l2:4dpu_t8"":""9d1e1ae9a325d84cef97b0fd9beffa9d4b3d783f00a4e38f6fce3a17114d3abb""}"
753,4,2.2351681192785264,1.0,7,0.22063680206282787,0.7768451800394555,0.002518017897716659,0.11031840103141394,0.11031840103141394,0.7768451800394555,0.002518017897716659,0.0,0.0,"{""edc_18q:1dpu_t8"":""cf23b184355b080f3bead1d9d754a3c2c295746793109413aedfff30da27b94e"",""edc_18q:4dpu_t8"":""cf23b184355b080f3bead1d9d754a3c2c295746793109413aedfff30da27b94e"",""ghz_chain_18q:1dpu_t8"":""9f9e62a16e205e4bd5eb1d1b8f62cade3177ef00fa9bd4dc15c899a41b00d3d0"",""ghz_chain_18q:4dpu_t8"":""9f9e62a16e205e4bd5eb1d1b8f62cade3177ef00fa9bd4dc15c899a41b00d3d0"",""hs_18q_d1:1dpu_t8"":""bf83ea123bc85b30f3c7f1f8a0de47c8366352fc37c099890eab75c8cba62cb8"",""hs_18q_d1:4dpu_t8"":""0f172b4535a71fb59dd5d4f406df828c33333cda1113d1c71db08b5d0e989d1e"",""quantization_stress_18q_l2:1dpu_t8"":""9d1e1ae9a325d84cef97b0fd9beffa9d4b3d783f00a4e38f6fce3a17114d3abb"",""quantization_stress_18q_l2:4dpu_t8"":""9d1e1ae9a325d84cef97b0fd9beffa9d4b3d783f00a4e38f6fce3a17114d3abb""}"
754,10,2.240492107759518,1.0,6,0.47630996810097936,0.518889877536195,0.004800154362825642,0.23815498405048968,0.23815498405048968,0.518889877536195,0.004800154362825642,0.0,0.0,"{""edc_18q:1dpu_t8"":""cf23b184355b080f3bead1d9d754a3c2c295746793109413aedfff30da27b94e"",""edc_18q:4dpu_t8"":""cf23b184355b080f3bead1d9d754a3c2c295746793109413aedfff30da27b94e"",""ghz_chain_18q:1dpu_t8"":""9f9e62a16e205e4bd5eb1d1b8f62cade3177ef00fa9bd4dc15c899a41b00d3d0"",""ghz_chain_18q:4dpu_t8"":""9f9e62a16e205e4bd5eb1d1b8f62cade3177ef00fa9bd4dc15c899a41b00d3d0"",""hs_18q_d1:1dpu_t8"":""bf83ea123bc85b30f3c7f1f8a0de47c8366352fc37c099890eab75c8cba62cb8"",""hs_18q_d1:4dpu_t8"":""bf83ea123bc85b30f3c7f1f8a0de47c8366352fc37c099890eab75c8cba62cb8"",""quantization_stress_18q_l2:1dpu_t8"":""e56fd025e7fdf900c75302bb6e7212f78d89deef09b236732a001e9f5c5001c1"",""quantization_stress_18q_l2:4dpu_t8"":""e56fd025e7fdf900c75302bb6e7212f78d89deef09b236732a001e9f5c5001c1""}"
755,3,2.289147166231259,1.0163179096347865,8,0.0,1.0,0.0,0.0,0.0,1.0,0.0,0.0,0.0,"{""edc_18q:1dpu_t8"":""cf23b184355b080f3bead1d9d754a3c2c295746793109413aedfff30da27b94e"",""edc_18q:4dpu_t8"":""cf23b184355b080f3bead1d9d754a3c2c295746793109413aedfff30da27b94e"",""ghz_chain_18q:1dpu_t8"":""9f9e62a16e205e4bd5eb1d1b8f62cade3177ef00fa9bd4dc15c899a41b00d3d0"",""ghz_chain_18q:4dpu_t8"":""9f9e62a16e205e4bd5eb1d1b8f62cade3177ef00fa9bd4dc15c899a41b00d3d0"",""hs_18q_d1:1dpu_t8"":""0f172b4535a71fb59dd5d4f406df828c33333cda1113d1c71db08b5d0e989d1e"",""hs_18q_d1:4dpu_t8"":""0f172b4535a71fb59dd5d4f406df828c33333cda1113d1c71db08b5d0e989d1e"",""quantization_stress_18q_l2:1dpu_t8"":""9d1e1ae9a325d84cef97b0fd9beffa9d4b3d783f00a4e38f6fce3a17114d3abb"",""quantization_stress_18q_l2:4dpu_t8"":""9d1e1ae9a325d84cef97b0fd9beffa9d4b3d783f00a4e38f6fce3a17114d3abb""}"
756,3,2.259124080088562,1.0163179096347865,8,0.0,1.0,0.0,0.0,0.0,1.0,0.0,0.0,0.0,"{""edc_18q:1dpu_t8"":""cf23b184355b080f3bead1d9d754a3c2c295746793109413aedfff30da27b94e"",""edc_18q:4dpu_t8"":""cf23b184355b080f3bead1d9d754a3c2c295746793109413aedfff30da27b94e"",""ghz_chain_18q:1dpu_t8"":""9f9e62a16e205e4bd5eb1d1b8f62cade3177ef00fa9bd4dc15c899a41b00d3d0"",""ghz_chain_18q:4dpu_t8"":""9f9e62a16e205e4bd5eb1d1b8f62cade3177ef00fa9bd4dc15c899a41b00d3d0"",""hs_18q_d1:1dpu_t8"":""0f172b4535a71fb59dd5d4f406df828c33333cda1113d1c71db08b5d0e989d1e"",""hs_18q_d1:4dpu_t8"":""0f172b4535a71fb59dd5d4f406df828c33333cda1113d1c71db08b5d0e989d1e"",""quantization_stress_18q_l2:1dpu_t8"":""9d1e1ae9a325d84cef97b0fd9beffa9d4b3d783f00a4e38f6fce3a17114d3abb"",""quantization_stress_18q_l2:4dpu_t8"":""9d1e1ae9a325d84cef97b0fd9beffa9d4b3d783f00a4e38f6fce3a17114d3abb""}"
757,5,2.240200284232488,1.0,6,0.024368166273412584,0.9754242110524387,0.00020762267414873057,0.012184083136706292,0.012184083136706292,0.9754242110524387,0.00020762267414873057,0.0,0.0,"{""edc_18q:1dpu_t8"":""cf23b184355b080f3bead1d9d754a3c2c295746793109413aedfff30da27b94e"",""edc_18q:4dpu_t8"":""cf23b184355b080f3bead1d9d754a3c2c295746793109413aedfff30da27b94e"",""ghz_chain_18q:1dpu_t8"":""9f9e62a16e205e4bd5eb1d1b8f62cade3177ef00fa9bd4dc15c899a41b00d3d0"",""ghz_chain_18q:4dpu_t8"":""9f9e62a16e205e4bd5eb1d1b8f62cade3177ef00fa9bd4dc15c899a41b00d3d0"",""hs_18q_d1:1dpu_t8"":""bf83ea123bc85b30f3c7f1f8a0de47c8366352fc37c099890eab75c8cba62cb8"",""hs_18q_d1:4dpu_t8"":""bf83ea123bc85b30f3c7f1f8a0de47c8366352fc37c099890eab75c8cba62cb8"",""quantization_stress_18q_l2:1dpu_t8"":""9d1e1ae9a325d84cef97b0fd9beffa9d4b3d783f00a4e38f6fce3a17114d3abb"",""quantization_stress_18q_l2:4dpu_t8"":""9d1e1ae9a325d84cef97b0fd9beffa9d4b3d783f00a4e38f6fce3a17114d3abb""}"
758,9,2.237449578521197,1.0,7,0.5414741851996391,0.45232358896253566,0.006202225837825213,0.27073709259981954,0.27073709259981954,0.45232358896253566,0.006202225837825213,0.0,0.0,"{""edc_18q:1dpu_t8"":""cf23b184355b080f3bead1d9d754a3c2c295746793109413aedfff30da27b94e"",""edc_18q:4dpu_t8"":""cf23b184355b080f3bead1d9d754a3c2c295746793109413aedfff30da27b94e"",""ghz_chain_18q:1dpu_t8"":""9f9e62a16e205e4bd5eb1d1b8f62cade3177ef00fa9bd4dc15c899a41b00d3d0"",""ghz_chain_18q:4dpu_t8"":""9f9e62a16e205e4bd5eb1d1b8f62cade3177ef00fa9bd4dc15c899a41b00d3d0"",""hs_18q_d1:1dpu_t8"":""bf83ea123bc85b30f3c7f1f8a0de47c8366352fc37c099890eab75c8cba62cb8"",""hs_18q_d1:4dpu_t8"":""0f172b4535a71fb59dd5d4f406df828c33333cda1113d1c71db08b5d0e989d1e"",""quantization_stress_18q_l2:1dpu_t8"":""e56fd025e7fdf900c75302bb6e7212f78d89deef09b236732a001e9f5c5001c1"",""quantization_stress_18q_l2:4dpu_t8"":""e56fd025e7fdf900c75302bb6e7212f78d89deef09b236732a001e9f5c5001c1""}"
759,4,2.2462350312486676,1.0,7,0.22063680206282787,0.7768451800394555,0.002518017897716659,0.11031840103141394,0.11031840103141394,0.7768451800394555,0.002518017897716659,0.0,0.0,"{""edc_18q:1dpu_t8"":""cf23b184355b080f3bead1d9d754a3c2c295746793109413aedfff30da27b94e"",""edc_18q:4dpu_t8"":""cf23b184355b080f3bead1d9d754a3c2c295746793109413aedfff30da27b94e"",""ghz_chain_18q:1dpu_t8"":""9f9e62a16e205e4bd5eb1d1b8f62cade3177ef00fa9bd4dc15c899a41b00d3d0"",""ghz_chain_18q:4dpu_t8"":""9f9e62a16e205e4bd5eb1d1b8f62cade3177ef00fa9bd4dc15c899a41b00d3d0"",""hs_18q_d1:1dpu_t8"":""bf83ea123bc85b30f3c7f1f8a0de47c8366352fc37c099890eab75c8cba62cb8"",""hs_18q_d1:4dpu_t8"":""0f172b4535a71fb59dd5d4f406df828c33333cda1113d1c71db08b5d0e989d1e"",""quantization_stress_18q_l2:1dpu_t8"":""9d1e1ae9a325d84cef97b0fd9beffa9d4b3d783f00a4e38f6fce3a17114d3abb"",""quantization_stress_18q_l2:4dpu_t8"":""9d1e1ae9a325d84cef97b0fd9beffa9d4b3d783f00a4e38f6fce3a17114d3abb""}"
760,10,2.2247433315864256,1.0,6,0.47630996810097936,0.518889877536195,0.004800154362825642,0.23815498405048968,0.23815498405048968,0.518889877536195,0.004800154362825642,0.0,0.0,"{""edc_18q:1dpu_t8"":""cf23b184355b080f3bead1d9d754a3c2c295746793109413aedfff30da27b94e"",""edc_18q:4dpu_t8"":""cf23b184355b080f3bead1d9d754a3c2c295746793109413aedfff30da27b94e"",""ghz_chain_18q:1dpu_t8"":""9f9e62a16e205e4bd5eb1d1b8f62cade3177ef00fa9bd4dc15c899a41b00d3d0"",""ghz_chain_18q:4dpu_t8"":""9f9e62a16e205e4bd5eb1d1b8f62cade3177ef00fa9bd4dc15c899a41b00d3d0"",""hs_18q_d1:1dpu_t8"":""bf83ea123bc85b30f3c7f1f8a0de47c8366352fc37c099890eab75c8cba62cb8"",""hs_18q_d1:4dpu_t8"":""bf83ea123bc85b30f3c7f1f8a0de47c8366352fc37c099890eab75c8cba62cb8"",""quantization_stress_18q_l2:1dpu_t8"":""e56fd025e7fdf900c75302bb6e7212f78d89deef09b236732a001e9f5c5001c1"",""quantization_stress_18q_l2:4dpu_t8"":""e56fd025e7fdf900c75302bb6e7212f78d89deef09b236732a001e9f5c5001c1""}"
761,8,2.2847148532554007,1.041845644222677,8,0.3715322706836804,0.40507521716230527,0.2233925121540143,0.1857661353418402,0.1857661353418402,0.40507521716230527,0.2233925121540143,0.0,0.0,"{""edc_18q:1dpu_t8"":""cf23b184355b080f3bead1d9d754a3c2c295746793109413aedfff30da27b94e"",""edc_18q:4dpu_t8"":""cf23b184355b080f3bead1d9d754a3c2c295746793109413aedfff30da27b94e"",""ghz_chain_18q:1dpu_t8"":""9f9e62a16e205e4bd5eb1d1b8f62cade3177ef00fa9bd4dc15c899a41b00d3d0"",""ghz_chain_18q:4dpu_t8"":""9f9e62a16e205e4bd5eb1d1b8f62cade3177ef00fa9bd4dc15c899a41b00d3d0"",""hs_18q_d1:1dpu_t8"":""0f172b4535a71fb59dd5d4f406df828c33333cda1113d1c71db08b5d0e989d1e"",""hs_18q_d1:4dpu_t8"":""0f172b4535a71fb59dd5d4f406df828c33333cda1113d1c71db08b5d0e989d1e"",""quantization_stress_18q_l2:1dpu_t8"":""e56fd025e7fdf900c75302bb6e7212f78d89deef09b236732a001e9f5c5001c1"",""quantization_stress_18q_l2:4dpu_t8"":""e56fd025e7fdf900c75302bb6e7212f78d89deef09b236732a001e9f5c5001c1""}"
762,10,2.2322541929705224,1.0,6,0.47630996810097936,0.518889877536195,0.004800154362825642,0.23815498405048968,0.23815498405048968,0.518889877536195,0.004800154362825642,0.0,0.0,"{""edc_18q:1dpu_t8"":""cf23b184355b080f3bead1d9d754a3c2c295746793109413aedfff30da27b94e"",""edc_18q:4dpu_t8"":""cf23b184355b080f3bead1d9d754a3c2c295746793109413aedfff30da27b94e"",""ghz_chain_18q:1dpu_t8"":""9f9e62a16e205e4bd5eb1d1b8f62cade3177ef00fa9bd4dc15c899a41b00d3d0"",""ghz_chain_18q:4dpu_t8"":""9f9e62a16e205e4bd5eb1d1b8f62cade3177ef00fa9bd4dc15c899a41b00d3d0"",""hs_18q_d1:1dpu_t8"":""bf83ea123bc85b30f3c7f1f8a0de47c8366352fc37c099890eab75c8cba62cb8"",""hs_18q_d1:4dpu_t8"":""bf83ea123bc85b30f3c7f1f8a0de47c8366352fc37c099890eab75c8cba62cb8"",""quantization_stress_18q_l2:1dpu_t8"":""e56fd025e7fdf900c75302bb6e7212f78d89deef09b236732a001e9f5c5001c1"",""quantization_stress_18q_l2:4dpu_t8"":""e56fd025e7fdf900c75302bb6e7212f78d89deef09b236732a001e9f5c5001c1""}"
763,8,2.262928996280733,0.997529052435953,7,0.3715322706836804,0.40507521716230527,0.2233925121540143,0.1857661353418402,0.1857661353418402,0.40507521716230527,0.2233925121540143,0.0,0.0,"{""edc_18q:1dpu_t8"":""cf23b184355b080f3bead1d9d754a3c2c295746793109413aedfff30da27b94e"",""edc_18q:4dpu_t8"":""cf23b184355b080f3bead1d9d754a3c2c295746793109413aedfff30da27b94e"",""ghz_chain_18q:1dpu_t8"":""9f9e62a16e205e4bd5eb1d1b8f62cade3177ef00fa9bd4dc15c899a41b00d3d0"",""ghz_chain_18q:4dpu_t8"":""9f9e62a16e205e4bd5eb1d1b8f62cade3177ef00fa9bd4dc15c899a41b00d3d0"",""hs_18q_d1:1dpu_t8"":""0f172b4535a71fb59dd5d4f406df828c33333cda1113d1c71db08b5d0e989d1e"",""hs_18q_d1:4dpu_t8"":""0f172b4535a71fb59dd5d4f406df828c33333cda1113d1c71db08b5d0e989d1e"",""quantization_stress_18q_l2:1dpu_t8"":""e56fd025e7fdf900c75302bb6e7212f78d89deef09b236732a001e9f5c5001c1"",""quantization_stress_18q_l2:4dpu_t8"":""e56fd025e7fdf900c75302bb6e7212f78d89deef09b236732a001e9f5c5001c1""}"
764,10,2.2133380126183853,1.0,6,0.47630996810097936,0.518889877536195,0.004800154362825642,0.23815498405048968,0.23815498405048968,0.518889877536195,0.004800154362825642,0.0,0.0,"{""edc_18q:1dpu_t8"":""cf23b184355b080f3bead1d9d754a3c2c295746793109413aedfff30da27b94e"",""edc_18q:4dpu_t8"":""cf23b184355b080f3bead1d9d754a3c2c295746793109413aedfff30da27b94e"",""ghz_chain_18q:1dpu_t8"":""9f9e62a16e205e4bd5eb1d1b8f62cade3177ef00fa9bd4dc15c899a41b00d3d0"",""ghz_chain_18q:4dpu_t8"":""9f9e62a16e205e4bd5eb1d1b8f62cade3177ef00fa9bd4dc15c899a41b00d3d0"",""hs_18q_d1:1dpu_t8"":""bf83ea123bc85b30f3c7f1f8a0de47c8366352fc37c099890eab75c8cba62cb8"",""hs_18q_d1:4dpu_t8"":""bf83ea123bc85b30f3c7f1f8a0de47c8366352fc37c099890eab75c8cba62cb8"",""quantization_stress_18q_l2:1dpu_t8"":""e56fd025e7fdf900c75302bb6e7212f78d89deef09b236732a001e9f5c5001c1"",""quantization_stress_18q_l2:4dpu_t8"":""e56fd025e7fdf900c75302bb6e7212f78d89deef09b236732a001e9f5c5001c1""}"
765,4,2.25878424350455,1.0,7,0.22063680206282787,0.7768451800394555,0.002518017897716659,0.11031840103141394,0.11031840103141394,0.7768451800394555,0.002518017897716659,0.0,0.0,"{""edc_18q:1dpu_t8"":""cf23b184355b080f3bead1d9d754a3c2c295746793109413aedfff30da27b94e"",""edc_18q:4dpu_t8"":""cf23b184355b080f3bead1d9d754a3c2c295746793109413aedfff30da27b94e"",""ghz_chain_18q:1dpu_t8"":""9f9e62a16e205e4bd5eb1d1b8f62cade3177ef00fa9bd4dc15c899a41b00d3d0"",""ghz_chain_18q:4dpu_t8"":""9f9e62a16e205e4bd5eb1d1b8f62cade3177ef00fa9bd4dc15c899a41b00d3d0"",""hs_18q_d1:1dpu_t8"":""bf83ea123bc85b30f3c7f1f8a0de47c8366352fc37c099890eab75c8cba62cb8"",""hs_18q_d1:4dpu_t8"":""0f172b4535a71fb59dd5d4f406df828c33333cda1113d1c71db08b5d0e989d1e"",""quantization_stress_18q_l2:1dpu_t8"":""9d1e1ae9a325d84cef97b0fd9beffa9d4b3d783f00a4e38f6fce3a17114d3abb"",""quantization_stress_18q_l2:4dpu_t8"":""9d1e1ae9a325d84cef97b0fd9beffa9d4b3d783f00a4e38f6fce3a17114d3abb""}"
766,3,2.282331815178037,1.0163179096347865,8,0.0,1.0,0.0,0.0,0.0,1.0,0.0,0.0,0.0,"{""edc_18q:1dpu_t8"":""cf23b184355b080f3bead1d9d754a3c2c295746793109413aedfff30da27b94e"",""edc_18q:4dpu_t8"":""cf23b184355b080f3bead1d9d754a3c2c295746793109413aedfff30da27b94e"",""ghz_chain_18q:1dpu_t8"":""9f9e62a16e205e4bd5eb1d1b8f62cade3177ef00fa9bd4dc15c899a41b00d3d0"",""ghz_chain_18q:4dpu_t8"":""9f9e62a16e205e4bd5eb1d1b8f62cade3177ef00fa9bd4dc15c899a41b00d3d0"",""hs_18q_d1:1dpu_t8"":""0f172b4535a71fb59dd5d4f406df828c33333cda1113d1c71db08b5d0e989d1e"",""hs_18q_d1:4dpu_t8"":""0f172b4535a71fb59dd5d4f406df828c33333cda1113d1c71db08b5d0e989d1e"",""quantization_stress_18q_l2:1dpu_t8"":""9d1e1ae9a325d84cef97b0fd9beffa9d4b3d783f00a4e38f6fce3a17114d3abb"",""quantization_stress_18q_l2:4dpu_t8"":""9d1e1ae9a325d84cef97b0fd9beffa9d4b3d783f00a4e38f6fce3a17114d3abb""}"
767,3,2.2874744960004736,1.041845644222677,8,0.0,1.0,0.0,0.0,0.0,1.0,0.0,0.0,0.0,"{""edc_18q:1dpu_t8"":""cf23b184355b080f3bead1d9d754a3c2c295746793109413aedfff30da27b94e"",""edc_18q:4dpu_t8"":""cf23b184355b080f3bead1d9d754a3c2c295746793109413aedfff30da27b94e"",""ghz_chain_18q:1dpu_t8"":""9f9e62a16e205e4bd5eb1d1b8f62cade3177ef00fa9bd4dc15c899a41b00d3d0"",""ghz_chain_18q:4dpu_t8"":""9f9e62a16e205e4bd5eb1d1b8f62cade3177ef00fa9bd4dc15c899a41b00d3d0"",""hs_18q_d1:1dpu_t8"":""0f172b4535a71fb59dd5d4f406df828c33333cda1113d1c71db08b5d0e989d1e"",""hs_18q_d1:4dpu_t8"":""0f172b4535a71fb59dd5d4f406df828c33333cda1113d1c71db08b5d0e989d1e"",""quantization_stress_18q_l2:1dpu_t8"":""9d1e1ae9a325d84cef97b0fd9beffa9d4b3d783f00a4e38f6fce3a17114d3abb"",""quantization_stress_18q_l2:4dpu_t8"":""9d1e1ae9a325d84cef97b0fd9beffa9d4b3d783f00a4e38f6fce3a17114d3abb""}"
768,4,2.2380033626444007,1.0,7,0.22063680206282787,0.7768451800394555,0.002518017897716659,0.11031840103141394,0.11031840103141394,0.7768451800394555,0.002518017897716659,0.0,0.0,"{""edc_18q:1dpu_t8"":""cf23b184355b080f3bead1d9d754a3c2c295746793109413aedfff30da27b94e"",""edc_18q:4dpu_t8"":""cf23b184355b080f3bead1d9d754a3c2c295746793109413aedfff30da27b94e"",""ghz_chain_18q:1dpu_t8"":""9f9e62a16e205e4bd5eb1d1b8f62cade3177ef00fa9bd4dc15c899a41b00d3d0"",""ghz_chain_18q:4dpu_t8"":""9f9e62a16e205e4bd5eb1d1b8f62cade3177ef00fa9bd4dc15c899a41b00d3d0"",""hs_18q_d1:1dpu_t8"":""bf83ea123bc85b30f3c7f1f8a0de47c8366352fc37c099890eab75c8cba62cb8"",""hs_18q_d1:4dpu_t8"":""0f172b4535a71fb59dd5d4f406df828c33333cda1113d1c71db08b5d0e989d1e"",""quantization_stress_18q_l2:1dpu_t8"":""9d1e1ae9a325d84cef97b0fd9beffa9d4b3d783f00a4e38f6fce3a17114d3abb"",""quantization_stress_18q_l2:4dpu_t8"":""9d1e1ae9a325d84cef97b0fd9beffa9d4b3d783f00a4e38f6fce3a17114d3abb""}"
769,9,2.250358028180009,1.0,7,0.5414741851996391,0.45232358896253566,0.006202225837825213,0.27073709259981954,0.27073709259981954,0.45232358896253566,0.006202225837825213,0.0,0.0,"{""edc_18q:1dpu_t8"":""cf23b184355b080f3bead1d9d754a3c2c295746793109413aedfff30da27b94e"",""edc_18q:4dpu_t8"":""cf23b184355b080f3bead1d9d754a3c2c295746793109413aedfff30da27b94e"",""ghz_chain_18q:1dpu_t8"":""9f9e62a16e205e4bd5eb1d1b8f62cade3177ef00fa9bd4dc15c899a41b00d3d0"",""ghz_chain_18q:4dpu_t8"":""9f9e62a16e205e4bd5eb1d1b8f62cade3177ef00fa9bd4dc15c899a41b00d3d0"",""hs_18q_d1:1dpu_t8"":""bf83ea123bc85b30f3c7f1f8a0de47c8366352fc37c099890eab75c8cba62cb8"",""hs_18q_d1:4dpu_t8"":""0f172b4535a71fb59dd5d4f406df828c33333cda1113d1c71db08b5d0e989d1e"",""quantization_stress_18q_l2:1dpu_t8"":""e56fd025e7fdf900c75302bb6e7212f78d89deef09b236732a001e9f5c5001c1"",""quantization_stress_18q_l2:4dpu_t8"":""e56fd025e7fdf900c75302bb6e7212f78d89deef09b236732a001e9f5c5001c1""}"
770,10,2.2285234988230225,1.0,6,0.47630996810097936,0.518889877536195,0.004800154362825642,0.23815498405048968,0.23815498405048968,0.518889877536195,0.004800154362825642,0.0,0.0,"{""edc_18q:1dpu_t8"":""cf23b184355b080f3bead1d9d754a3c2c295746793109413aedfff30da27b94e"",""edc_18q:4dpu_t8"":""cf23b184355b080f3bead1d9d754a3c2c295746793109413aedfff30da27b94e"",""ghz_chain_18q:1dpu_t8"":""9f9e62a16e205e4bd5eb1d1b8f62cade3177ef00fa9bd4dc15c899a41b00d3d0"",""ghz_chain_18q:4dpu_t8"":""9f9e62a16e205e4bd5eb1d1b8f62cade3177ef00fa9bd4dc15c899a41b00d3d0"",""hs_18q_d1:1dpu_t8"":""bf83ea123bc85b30f3c7f1f8a0de47c8366352fc37c099890eab75c8cba62cb8"",""hs_18q_d1:4dpu_t8"":""bf83ea123bc85b30f3c7f1f8a0de47c8366352fc37c099890eab75c8cba62cb8"",""quantization_stress_18q_l2:1dpu_t8"":""e56fd025e7fdf900c75302bb6e7212f78d89deef09b236732a001e9f5c5001c1"",""quantization_stress_18q_l2:4dpu_t8"":""e56fd025e7fdf900c75302bb6e7212f78d89deef09b236732a001e9f5c5001c1""}"
771,5,2.258613711089164,1.0,6,0.024368166273412584,0.9754242110524387,0.00020762267414873057,0.012184083136706292,0.012184083136706292,0.9754242110524387,0.00020762267414873057,0.0,0.0,"{""edc_18q:1dpu_t8"":""cf23b184355b080f3bead1d9d754a3c2c295746793109413aedfff30da27b94e"",""edc_18q:4dpu_t8"":""cf23b184355b080f3bead1d9d754a3c2c295746793109413aedfff30da27b94e"",""ghz_chain_18q:1dpu_t8"":""9f9e62a16e205e4bd5eb1d1b8f62cade3177ef00fa9bd4dc15c899a41b00d3d0"",""ghz_chain_18q:4dpu_t8"":""9f9e62a16e205e4bd5eb1d1b8f62cade3177ef00fa9bd4dc15c899a41b00d3d0"",""hs_18q_d1:1dpu_t8"":""bf83ea123bc85b30f3c7f1f8a0de47c8366352fc37c099890eab75c8cba62cb8"",""hs_18q_d1:4dpu_t8"":""bf83ea123bc85b30f3c7f1f8a0de47c8366352fc37c099890eab75c8cba62cb8"",""quantization_stress_18q_l2:1dpu_t8"":""9d1e1ae9a325d84cef97b0fd9beffa9d4b3d783f00a4e38f6fce3a17114d3abb"",""quantization_stress_18q_l2:4dpu_t8"":""9d1e1ae9a325d84cef97b0fd9beffa9d4b3d783f00a4e38f6fce3a17114d3abb""}"
772,5,2.245810537176876,1.0,6,0.024368166273412584,0.9754242110524387,0.00020762267414873057,0.012184083136706292,0.012184083136706292,0.9754242110524387,0.00020762267414873057,0.0,0.0,"{""edc_18q:1dpu_t8"":""cf23b184355b080f3bead1d9d754a3c2c295746793109413aedfff30da27b94e"",""edc_18q:4dpu_t8"":""cf23b184355b080f3bead1d9d754a3c2c295746793109413aedfff30da27b94e"",""ghz_chain_18q:1dpu_t8"":""9f9e62a16e205e4bd5eb1d1b8f62cade3177ef00fa9bd4dc15c899a41b00d3d0"",""ghz_chain_18q:4dpu_t8"":""9f9e62a16e205e4bd5eb1d1b8f62cade3177ef00fa9bd4dc15c899a41b00d3d0"",""hs_18q_d1:1dpu_t8"":""bf83ea123bc85b30f3c7f1f8a0de47c8366352fc37c099890eab75c8cba62cb8"",""hs_18q_d1:4dpu_t8"":""bf83ea123bc85b30f3c7f1f8a0de47c8366352fc37c099890eab75c8cba62cb8"",""quantization_stress_18q_l2:1dpu_t8"":""9d1e1ae9a325d84cef97b0fd9beffa9d4b3d783f00a4e38f6fce3a17114d3abb"",""quantization_stress_18q_l2:4dpu_t8"":""9d1e1ae9a325d84cef97b0fd9beffa9d4b3d783f00a4e38f6fce3a17114d3abb""}"
773,3,2.2792438694015407,1.0163179096347865,8,0.0,1.0,0.0,0.0,0.0,1.0,0.0,0.0,0.0,"{""edc_18q:1dpu_t8"":""cf23b184355b080f3bead1d9d754a3c2c295746793109413aedfff30da27b94e"",""edc_18q:4dpu_t8"":""cf23b184355b080f3bead1d9d754a3c2c295746793109413aedfff30da27b94e"",""ghz_chain_18q:1dpu_t8"":""9f9e62a16e205e4bd5eb1d1b8f62cade3177ef00fa9bd4dc15c899a41b00d3d0"",""ghz_chain_18q:4dpu_t8"":""9f9e62a16e205e4bd5eb1d1b8f62cade3177ef00fa9bd4dc15c899a41b00d3d0"",""hs_18q_d1:1dpu_t8"":""0f172b4535a71fb59dd5d4f406df828c33333cda1113d1c71db08b5d0e989d1e"",""hs_18q_d1:4dpu_t8"":""0f172b4535a71fb59dd5d4f406df828c33333cda1113d1c71db08b5d0e989d1e"",""quantization_stress_18q_l2:1dpu_t8"":""9d1e1ae9a325d84cef97b0fd9beffa9d4b3d783f00a4e38f6fce3a17114d3abb"",""quantization_stress_18q_l2:4dpu_t8"":""9d1e1ae9a325d84cef97b0fd9beffa9d4b3d783f00a4e38f6fce3a17114d3abb""}"
774,5,2.236004987306446,1.0,6,0.024368166273412584,0.9754242110524387,0.00020762267414873057,0.012184083136706292,0.012184083136706292,0.9754242110524387,0.00020762267414873057,0.0,0.0,"{""edc_18q:1dpu_t8"":""cf23b184355b080f3bead1d9d754a3c2c295746793109413aedfff30da27b94e"",""edc_18q:4dpu_t8"":""cf23b184355b080f3bead1d9d754a3c2c295746793109413aedfff30da27b94e"",""ghz_chain_18q:1dpu_t8"":""9f9e62a16e205e4bd5eb1d1b8f62cade3177ef00fa9bd4dc15c899a41b00d3d0"",""ghz_chain_18q:4dpu_t8"":""9f9e62a16e205e4bd5eb1d1b8f62cade3177ef00fa9bd4dc15c899a41b00d3d0"",""hs_18q_d1:1dpu_t8"":""bf83ea123bc85b30f3c7f1f8a0de47c8366352fc37c099890eab75c8cba62cb8"",""hs_18q_d1:4dpu_t8"":""bf83ea123bc85b30f3c7f1f8a0de47c8366352fc37c099890eab75c8cba62cb8"",""quantization_stress_18q_l2:1dpu_t8"":""9d1e1ae9a325d84cef97b0fd9beffa9d4b3d783f00a4e38f6fce3a17114d3abb"",""quantization_stress_18q_l2:4dpu_t8"":""9d1e1ae9a325d84cef97b0fd9beffa9d4b3d783f00a4e38f6fce3a17114d3abb""}"
775,3,2.267111133048433,0.997529052435953,7,0.0,1.0,0.0,0.0,0.0,1.0,0.0,0.0,0.0,"{""edc_18q:1dpu_t8"":""cf23b184355b080f3bead1d9d754a3c2c295746793109413aedfff30da27b94e"",""edc_18q:4dpu_t8"":""cf23b184355b080f3bead1d9d754a3c2c295746793109413aedfff30da27b94e"",""ghz_chain_18q:1dpu_t8"":""9f9e62a16e205e4bd5eb1d1b8f62cade3177ef00fa9bd4dc15c899a41b00d3d0"",""ghz_chain_18q:4dpu_t8"":""9f9e62a16e205e4bd5eb1d1b8f62cade3177ef00fa9bd4dc15c899a41b00d3d0"",""hs_18q_d1:1dpu_t8"":""0f172b4535a71fb59dd5d4f406df828c33333cda1113d1c71db08b5d0e989d1e"",""hs_18q_d1:4dpu_t8"":""0f172b4535a71fb59dd5d4f406df828c33333cda1113d1c71db08b5d0e989d1e"",""quantization_stress_18q_l2:1dpu_t8"":""9d1e1ae9a325d84cef97b0fd9beffa9d4b3d783f00a4e38f6fce3a17114d3abb"",""quantization_stress_18q_l2:4dpu_t8"":""9d1e1ae9a325d84cef97b0fd9beffa9d4b3d783f00a4e38f6fce3a17114d3abb""}"
776,4,2.2421100200890924,1.0,7,0.22063680206282787,0.7768451800394555,0.002518017897716659,0.11031840103141394,0.11031840103141394,0.7768451800394555,0.002518017897716659,0.0,0.0,"{""edc_18q:1dpu_t8"":""cf23b184355b080f3bead1d9d754a3c2c295746793109413aedfff30da27b94e"",""edc_18q:4dpu_t8"":""cf23b184355b080f3bead1d9d754a3c2c295746793109413aedfff30da27b94e"",""ghz_chain_18q:1dpu_t8"":""9f9e62a16e205e4bd5eb1d1b8f62cade3177ef00fa9bd4dc15c899a41b00d3d0"",""ghz_chain_18q:4dpu_t8"":""9f9e62a16e205e4bd5eb1d1b8f62cade3177ef00fa9bd4dc15c899a41b00d3d0"",""hs_18q_d1:1dpu_t8"":""bf83ea123bc85b30f3c7f1f8a0de47c8366352fc37c099890eab75c8cba62cb8"",""hs_18q_d1:4dpu_t8"":""0f172b4535a71fb59dd5d4f406df828c33333cda1113d1c71db08b5d0e989d1e"",""quantization_stress_18q_l2:1dpu_t8"":""9d1e1ae9a325d84cef97b0fd9beffa9d4b3d783f00a4e38f6fce3a17114d3abb"",""quantization_stress_18q_l2:4dpu_t8"":""9d1e1ae9a325d84cef97b0fd9beffa9d4b3d783f00a4e38f6fce3a17114d3abb""}"
777,9,2.2298643310031476,1.0,7,0.5414741851996391,0.45232358896253566,0.006202225837825213,0.27073709259981954,0.27073709259981954,0.45232358896253566,0.006202225837825213,0.0,0.0,"{""edc_18q:1dpu_t8"":""cf23b184355b080f3bead1d9d754a3c2c295746793109413aedfff30da27b94e"",""edc_18q:4dpu_t8"":""cf23b184355b080f3bead1d9d754a3c2c295746793109413aedfff30da27b94e"",""ghz_chain_18q:1dpu_t8"":""9f9e62a16e205e4bd5eb1d1b8f62cade3177ef00fa9bd4dc15c899a41b00d3d0"",""ghz_chain_18q:4dpu_t8"":""9f9e62a16e205e4bd5eb1d1b8f62cade3177ef00fa9bd4dc15c899a41b00d3d0"",""hs_18q_d1:1dpu_t8"":""bf83ea123bc85b30f3c7f1f8a0de47c8366352fc37c099890eab75c8cba62cb8"",""hs_18q_d1:4dpu_t8"":""0f172b4535a71fb59dd5d4f406df828c33333cda1113d1c71db08b5d0e989d1e"",""quantization_stress_18q_l2:1dpu_t8"":""e56fd025e7fdf900c75302bb6e7212f78d89deef09b236732a001e9f5c5001c1"",""quantization_stress_18q_l2:4dpu_t8"":""e56fd025e7fdf900c75302bb6e7212f78d89deef09b236732a001e9f5c5001c1""}"
778,5,2.245017885112143,1.0,6,0.024368166273412584,0.9754242110524387,0.00020762267414873057,0.012184083136706292,0.012184083136706292,0.9754242110524387,0.00020762267414873057,0.0,0.0,"{""edc_18q:1dpu_t8"":""cf23b184355b080f3bead1d9d754a3c2c295746793109413aedfff30da27b94e"",""edc_18q:4dpu_t8"":""cf23b184355b080f3bead1d9d754a3c2c295746793109413aedfff30da27b94e"",""ghz_chain_18q:1dpu_t8"":""9f9e62a16e205e4bd5eb1d1b8f62cade3177ef00fa9bd4dc15c899a41b00d3d0"",""ghz_chain_18q:4dpu_t8"":""9f9e62a16e205e4bd5eb1d1b8f62cade3177ef00fa9bd4dc15c899a41b00d3d0"",""hs_18q_d1:1dpu_t8"":""bf83ea123bc85b30f3c7f1f8a0de47c8366352fc37c099890eab75c8cba62cb8"",""hs_18q_d1:4dpu_t8"":""bf83ea123bc85b30f3c7f1f8a0de47c8366352fc37c099890eab75c8cba62cb8"",""quantization_stress_18q_l2:1dpu_t8"":""9d1e1ae9a325d84cef97b0fd9beffa9d4b3d783f00a4e38f6fce3a17114d3abb"",""quantization_stress_18q_l2:4dpu_t8"":""9d1e1ae9a325d84cef97b0fd9beffa9d4b3d783f00a4e38f6fce3a17114d3abb""}"
779,9,2.242897168982273,1.0,7,0.5414741851996391,0.45232358896253566,0.006202225837825213,0.27073709259981954,0.27073709259981954,0.45232358896253566,0.006202225837825213,0.0,0.0,"{""edc_18q:1dpu_t8"":""cf23b184355b080f3bead1d9d754a3c2c295746793109413aedfff30da27b94e"",""edc_18q:4dpu_t8"":""cf23b184355b080f3bead1d9d754a3c2c295746793109413aedfff30da27b94e"",""ghz_chain_18q:1dpu_t8"":""9f9e62a16e205e4bd5eb1d1b8f62cade3177ef00fa9bd4dc15c899a41b00d3d0"",""ghz_chain_18q:4dpu_t8"":""9f9e62a16e205e4bd5eb1d1b8f62cade3177ef00fa9bd4dc15c899a41b00d3d0"",""hs_18q_d1:1dpu_t8"":""bf83ea123bc85b30f3c7f1f8a0de47c8366352fc37c099890eab75c8cba62cb8"",""hs_18q_d1:4dpu_t8"":""0f172b4535a71fb59dd5d4f406df828c33333cda1113d1c71db08b5d0e989d1e"",""quantization_stress_18q_l2:1dpu_t8"":""e56fd025e7fdf900c75302bb6e7212f78d89deef09b236732a001e9f5c5001c1"",""quantization_stress_18q_l2:4dpu_t8"":""e56fd025e7fdf900c75302bb6e7212f78d89deef09b236732a001e9f5c5001c1""}"
780,4,2.244089592230656,1.0,7,0.22063680206282787,0.7768451800394555,0.002518017897716659,0.11031840103141394,0.11031840103141394,0.7768451800394555,0.002518017897716659,0.0,0.0,"{""edc_18q:1dpu_t8"":""cf23b184355b080f3bead1d9d754a3c2c295746793109413aedfff30da27b94e"",""edc_18q:4dpu_t8"":""cf23b184355b080f3bead1d9d754a3c2c295746793109413aedfff30da27b94e"",""ghz_chain_18q:1dpu_t8"":""9f9e62a16e205e4bd5eb1d1b8f62cade3177ef00fa9bd4dc15c899a41b00d3d0"",""ghz_chain_18q:4dpu_t8"":""9f9e62a16e205e4bd5eb1d1b8f62cade3177ef00fa9bd4dc15c899a41b00d3d0"",""hs_18q_d1:1dpu_t8"":""bf83ea123bc85b30f3c7f1f8a0de47c8366352fc37c099890eab75c8cba62cb8"",""hs_18q_d1:4dpu_t8"":""0f172b4535a71fb59dd5d4f406df828c33333cda1113d1c71db08b5d0e989d1e"",""quantization_stress_18q_l2:1dpu_t8"":""9d1e1ae9a325d84cef97b0fd9beffa9d4b3d783f00a4e38f6fce3a17114d3abb"",""quantization_stress_18q_l2:4dpu_t8"":""9d1e1ae9a325d84cef97b0fd9beffa9d4b3d783f00a4e38f6fce3a17114d3abb""}"
781,9,2.2328609346080532,1.0,7,0.5414741851996391,0.45232358896253566,0.006202225837825213,0.27073709259981954,0.27073709259981954,0.45232358896253566,0.006202225837825213,0.0,0.0,"{""edc_18q:1dpu_t8"":""cf23b184355b080f3bead1d9d754a3c2c295746793109413aedfff30da27b94e"",""edc_18q:4dpu_t8"":""cf23b184355b080f3bead1d9d754a3c2c295746793109413aedfff30da27b94e"",""ghz_chain_18q:1dpu_t8"":""9f9e62a16e205e4bd5eb1d1b8f62cade3177ef00fa9bd4dc15c899a41b00d3d0"",""ghz_chain_18q:4dpu_t8"":""9f9e62a16e205e4bd5eb1d1b8f62cade3177ef00fa9bd4dc15c899a41b00d3d0"",""hs_18q_d1:1dpu_t8"":""bf83ea123bc85b30f3c7f1f8a0de47c8366352fc37c099890eab75c8cba62cb8"",""hs_18q_d1:4dpu_t8"":""0f172b4535a71fb59dd5d4f406df828c33333cda1113d1c71db08b5d0e989d1e"",""quantization_stress_18q_l2:1dpu_t8"":""e56fd025e7fdf900c75302bb6e7212f78d89deef09b236732a001e9f5c5001c1"",""quantization_stress_18q_l2:4dpu_t8"":""e56fd025e7fdf900c75302bb6e7212f78d89deef09b236732a001e9f5c5001c1""}"
782,10,2.242072800069028,1.0,6,0.47630996810097936,0.518889877536195,0.004800154362825642,0.23815498405048968,0.23815498405048968,0.518889877536195,0.004800154362825642,0.0,0.0,"{""edc_18q:1dpu_t8"":""cf23b184355b080f3bead1d9d754a3c2c295746793109413aedfff30da27b94e"",""edc_18q:4dpu_t8"":""cf23b184355b080f3bead1d9d754a3c2c295746793109413aedfff30da27b94e"",""ghz_chain_18q:1dpu_t8"":""9f9e62a16e205e4bd5eb1d1b8f62cade3177ef00fa9bd4dc15c899a41b00d3d0"",""ghz_chain_18q:4dpu_t8"":""9f9e62a16e205e4bd5eb1d1b8f62cade3177ef00fa9bd4dc15c899a41b00d3d0"",""hs_18q_d1:1dpu_t8"":""bf83ea123bc85b30f3c7f1f8a0de47c8366352fc37c099890eab75c8cba62cb8"",""hs_18q_d1:4dpu_t8"":""bf83ea123bc85b30f3c7f1f8a0de47c8366352fc37c099890eab75c8cba62cb8"",""quantization_stress_18q_l2:1dpu_t8"":""e56fd025e7fdf900c75302bb6e7212f78d89deef09b236732a001e9f5c5001c1"",""quantization_stress_18q_l2:4dpu_t8"":""e56fd025e7fdf900c75302bb6e7212f78d89deef09b236732a001e9f5c5001c1""}"
783,4,2.258107960489347,1.0,7,0.22063680206282787,0.7768451800394555,0.002518017897716659,0.11031840103141394,0.11031840103141394,0.7768451800394555,0.002518017897716659,0.0,0.0,"{""edc_18q:1dpu_t8"":""cf23b184355b080f3bead1d9d754a3c2c295746793109413aedfff30da27b94e"",""edc_18q:4dpu_t8"":""cf23b184355b080f3bead1d9d754a3c2c295746793109413aedfff30da27b94e"",""ghz_chain_18q:1dpu_t8"":""9f9e62a16e205e4bd5eb1d1b8f62cade3177ef00fa9bd4dc15c899a41b00d3d0"",""ghz_chain_18q:4dpu_t8"":""9f9e62a16e205e4bd5eb1d1b8f62cade3177ef00fa9bd4dc15c899a41b00d3d0"",""hs_18q_d1:1dpu_t8"":""bf83ea123bc85b30f3c7f1f8a0de47c8366352fc37c099890eab75c8cba62cb8"",""hs_18q_d1:4dpu_t8"":""0f172b4535a71fb59dd5d4f406df828c33333cda1113d1c71db08b5d0e989d1e"",""quantization_stress_18q_l2:1dpu_t8"":""9d1e1ae9a325d84cef97b0fd9beffa9d4b3d783f00a4e38f6fce3a17114d3abb"",""quantization_stress_18q_l2:4dpu_t8"":""9d1e1ae9a325d84cef97b0fd9beffa9d4b3d783f00a4e38f6fce3a17114d3abb""}"
784,4,2.244544741094554,1.0,7,0.22063680206282787,0.7768451800394555,0.002518017897716659,0.11031840103141394,0.11031840103141394,0.7768451800394555,0.002518017897716659,0.0,0.0,"{""edc_18q:1dpu_t8"":""cf23b184355b080f3bead1d9d754a3c2c295746793109413aedfff30da27b94e"",""edc_18q:4dpu_t8"":""cf23b184355b080f3bead1d9d754a3c2c295746793109413aedfff30da27b94e"",""ghz_chain_18q:1dpu_t8"":""9f9e62a16e205e4bd5eb1d1b8f62cade3177ef00fa9bd4dc15c899a41b00d3d0"",""ghz_chain_18q:4dpu_t8"":""9f9e62a16e205e4bd5eb1d1b8f62cade3177ef00fa9bd4dc15c899a41b00d3d0"",""hs_18q_d1:1dpu_t8"":""bf83ea123bc85b30f3c7f1f8a0de47c8366352fc37c099890eab75c8cba62cb8"",""hs_18q_d1:4dpu_t8"":""0f172b4535a71fb59dd5d4f406df828c33333cda1113d1c71db08b5d0e989d1e"",""quantization_stress_18q_l2:1dpu_t8"":""9d1e1ae9a325d84cef97b0fd9beffa9d4b3d783f00a4e38f6fce3a17114d3abb"",""quantization_stress_18q_l2:4dpu_t8"":""9d1e1ae9a325d84cef97b0fd9beffa9d4b3d783f00a4e38f6fce3a17114d3abb""}"
785,10,2.2394695952820216,1.0,6,0.47630996810097936,0.518889877536195,0.004800154362825642,0.23815498405048968,0.23815498405048968,0.518889877536195,0.004800154362825642,0.0,0.0,"{""edc_18q:1dpu_t8"":""cf23b184355b080f3bead1d9d754a3c2c295746793109413aedfff30da27b94e"",""edc_18q:4dpu_t8"":""cf23b184355b080f3bead1d9d754a3c2c295746793109413aedfff30da27b94e"",""ghz_chain_18q:1dpu_t8"":""9f9e62a16e205e4bd5eb1d1b8f62cade3177ef00fa9bd4dc15c899a41b00d3d0"",""ghz_chain_18q:4dpu_t8"":""9f9e62a16e205e4bd5eb1d1b8f62cade3177ef00fa9bd4dc15c899a41b00d3d0"",""hs_18q_d1:1dpu_t8"":""bf83ea123bc85b30f3c7f1f8a0de47c8366352fc37c099890eab75c8cba62cb8"",""hs_18q_d1:4dpu_t8"":""bf83ea123bc85b30f3c7f1f8a0de47c8366352fc37c099890eab75c8cba62cb8"",""quantization_stress_18q_l2:1dpu_t8"":""e56fd025e7fdf900c75302bb6e7212f78d89deef09b236732a001e9f5c5001c1"",""quantization_stress_18q_l2:4dpu_t8"":""e56fd025e7fdf900c75302bb6e7212f78d89deef09b236732a001e9f5c5001c1""}"
786,4,2.2445539261169345,1.0,7,0.22063680206282787,0.7768451800394555,0.002518017897716659,0.11031840103141394,0.11031840103141394,0.7768451800394555,0.002518017897716659,0.0,0.0,"{""edc_18q:1dpu_t8"":""cf23b184355b080f3bead1d9d754a3c2c295746793109413aedfff30da27b94e"",""edc_18q:4dpu_t8"":""cf23b184355b080f3bead1d9d754a3c2c295746793109413aedfff30da27b94e"",""ghz_chain_18q:1dpu_t8"":""9f9e62a16e205e4bd5eb1d1b8f62cade3177ef00fa9bd4dc15c899a41b00d3d0"",""ghz_chain_18q:4dpu_t8"":""9f9e62a16e205e4bd5eb1d1b8f62cade3177ef00fa9bd4dc15c899a41b00d3d0"",""hs_18q_d1:1dpu_t8"":""bf83ea123bc85b30f3c7f1f8a0de47c8366352fc37c099890eab75c8cba62cb8"",""hs_18q_d1:4dpu_t8"":""0f172b4535a71fb59dd5d4f406df828c33333cda1113d1c71db08b5d0e989d1e"",""quantization_stress_18q_l2:1dpu_t8"":""9d1e1ae9a325d84cef97b0fd9beffa9d4b3d783f00a4e38f6fce3a17114d3abb"",""quantization_stress_18q_l2:4dpu_t8"":""9d1e1ae9a325d84cef97b0fd9beffa9d4b3d783f00a4e38f6fce3a17114d3abb""}"
787,3,2.301939618434014,1.041845644222677,8,0.0,1.0,0.0,0.0,0.0,1.0,0.0,0.0,0.0,"{""edc_18q:1dpu_t8"":""cf23b184355b080f3bead1d9d754a3c2c295746793109413aedfff30da27b94e"",""edc_18q:4dpu_t8"":""cf23b184355b080f3bead1d9d754a3c2c295746793109413aedfff30da27b94e"",""ghz_chain_18q:1dpu_t8"":""9f9e62a16e205e4bd5eb1d1b8f62cade3177ef00fa9bd4dc15c899a41b00d3d0"",""ghz_chain_18q:4dpu_t8"":""9f9e62a16e205e4bd5eb1d1b8f62cade3177ef00fa9bd4dc15c899a41b00d3d0"",""hs_18q_d1:1dpu_t8"":""0f172b4535a71fb59dd5d4f406df828c33333cda1113d1c71db08b5d0e989d1e"",""hs_18q_d1:4dpu_t8"":""0f172b4535a71fb59dd5d4f406df828c33333cda1113d1c71db08b5d0e989d1e"",""quantization_stress_18q_l2:1dpu_t8"":""9d1e1ae9a325d84cef97b0fd9beffa9d4b3d783f00a4e38f6fce3a17114d3abb"",""quantization_stress_18q_l2:4dpu_t8"":""9d1e1ae9a325d84cef97b0fd9beffa9d4b3d783f00a4e38f6fce3a17114d3abb""}"
788,3,2.2928491092423346,1.041845644222677,8,0.0,1.0,0.0,0.0,0.0,1.0,0.0,0.0,0.0,"{""edc_18q:1dpu_t8"":""cf23b184355b080f3bead1d9d754a3c2c295746793109413aedfff30da27b94e"",""edc_18q:4dpu_t8"":""cf23b184355b080f3bead1d9d754a3c2c295746793109413aedfff30da27b94e"",""ghz_chain_18q:1dpu_t8"":""9f9e62a16e205e4bd5eb1d1b8f62cade3177ef00fa9bd4dc15c899a41b00d3d0"",""ghz_chain_18q:4dpu_t8"":""9f9e62a16e205e4bd5eb1d1b8f62cade3177ef00fa9bd4dc15c899a41b00d3d0"",""hs_18q_d1:1dpu_t8"":""0f172b4535a71fb59dd5d4f406df828c33333cda1113d1c71db08b5d0e989d1e"",""hs_18q_d1:4dpu_t8"":""0f172b4535a71fb59dd5d4f406df828c33333cda1113d1c71db08b5d0e989d1e"",""quantization_stress_18q_l2:1dpu_t8"":""9d1e1ae9a325d84cef97b0fd9beffa9d4b3d783f00a4e38f6fce3a17114d3abb"",""quantization_stress_18q_l2:4dpu_t8"":""9d1e1ae9a325d84cef97b0fd9beffa9d4b3d783f00a4e38f6fce3a17114d3abb""}"
789,5,2.2519114956063886,1.0,6,0.024368166273412584,0.9754242110524387,0.00020762267414873057,0.012184083136706292,0.012184083136706292,0.9754242110524387,0.00020762267414873057,0.0,0.0,"{""edc_18q:1dpu_t8"":""cf23b184355b080f3bead1d9d754a3c2c295746793109413aedfff30da27b94e"",""edc_18q:4dpu_t8"":""cf23b184355b080f3bead1d9d754a3c2c295746793109413aedfff30da27b94e"",""ghz_chain_18q:1dpu_t8"":""9f9e62a16e205e4bd5eb1d1b8f62cade3177ef00fa9bd4dc15c899a41b00d3d0"",""ghz_chain_18q:4dpu_t8"":""9f9e62a16e205e4bd5eb1d1b8f62cade3177ef00fa9bd4dc15c899a41b00d3d0"",""hs_18q_d1:1dpu_t8"":""bf83ea123bc85b30f3c7f1f8a0de47c8366352fc37c099890eab75c8cba62cb8"",""hs_18q_d1:4dpu_t8"":""bf83ea123bc85b30f3c7f1f8a0de47c8366352fc37c099890eab75c8cba62cb8"",""quantization_stress_18q_l2:1dpu_t8"":""9d1e1ae9a325d84cef97b0fd9beffa9d4b3d783f00a4e38f6fce3a17114d3abb"",""quantization_stress_18q_l2:4dpu_t8"":""9d1e1ae9a325d84cef97b0fd9beffa9d4b3d783f00a4e38f6fce3a17114d3abb""}"
790,5,2.240542727669979,1.0,6,0.024368166273412584,0.9754242110524387,0.00020762267414873057,0.012184083136706292,0.012184083136706292,0.9754242110524387,0.00020762267414873057,0.0,0.0,"{""edc_18q:1dpu_t8"":""cf23b184355b080f3bead1d9d754a3c2c295746793109413aedfff30da27b94e"",""edc_18q:4dpu_t8"":""cf23b184355b080f3bead1d9d754a3c2c295746793109413aedfff30da27b94e"",""ghz_chain_18q:1dpu_t8"":""9f9e62a16e205e4bd5eb1d1b8f62cade3177ef00fa9bd4dc15c899a41b00d3d0"",""ghz_chain_18q:4dpu_t8"":""9f9e62a16e205e4bd5eb1d1b8f62cade3177ef00fa9bd4dc15c899a41b00d3d0"",""hs_18q_d1:1dpu_t8"":""bf83ea123bc85b30f3c7f1f8a0de47c8366352fc37c099890eab75c8cba62cb8"",""hs_18q_d1:4dpu_t8"":""bf83ea123bc85b30f3c7f1f8a0de47c8366352fc37c099890eab75c8cba62cb8"",""quantization_stress_18q_l2:1dpu_t8"":""9d1e1ae9a325d84cef97b0fd9beffa9d4b3d783f00a4e38f6fce3a17114d3abb"",""quantization_stress_18q_l2:4dpu_t8"":""9d1e1ae9a325d84cef97b0fd9beffa9d4b3d783f00a4e38f6fce3a17114d3abb""}"
791,5,2.242988281205281,1.0,6,0.024368166273412584,0.9754242110524387,0.00020762267414873057,0.012184083136706292,0.012184083136706292,0.9754242110524387,0.00020762267414873057,0.0,0.0,"{""edc_18q:1dpu_t8"":""cf23b184355b080f3bead1d9d754a3c2c295746793109413aedfff30da27b94e"",""edc_18q:4dpu_t8"":""cf23b184355b080f3bead1d9d754a3c2c295746793109413aedfff30da27b94e"",""ghz_chain_18q:1dpu_t8"":""9f9e62a16e205e4bd5eb1d1b8f62cade3177ef00fa9bd4dc15c899a41b00d3d0"",""ghz_chain_18q:4dpu_t8"":""9f9e62a16e205e4bd5eb1d1b8f62cade3177ef00fa9bd4dc15c899a41b00d3d0"",""hs_18q_d1:1dpu_t8"":""bf83ea123bc85b30f3c7f1f8a0de47c8366352fc37c099890eab75c8cba62cb8"",""hs_18q_d1:4dpu_t8"":""bf83ea123bc85b30f3c7f1f8a0de47c8366352fc37c099890eab75c8cba62cb8"",""quantization_stress_18q_l2:1dpu_t8"":""9d1e1ae9a325d84cef97b0fd9beffa9d4b3d783f00a4e38f6fce3a17114d3abb"",""quantization_stress_18q_l2:4dpu_t8"":""9d1e1ae9a325d84cef97b0fd9beffa9d4b3d783f00a4e38f6fce3a17114d3abb""}"
792,3,2.267641300302524,0.997529052435953,7,0.0,1.0,0.0,0.0,0.0,1.0,0.0,0.0,0.0,"{""edc_18q:1dpu_t8"":""cf23b184355b080f3bead1d9d754a3c2c295746793109413aedfff30da27b94e"",""edc_18q:4dpu_t8"":""cf23b184355b080f3bead1d9d754a3c2c295746793109413aedfff30da27b94e"",""ghz_chain_18q:1dpu_t8"":""9f9e62a16e205e4bd5eb1d1b8f62cade3177ef00fa9bd4dc15c899a41b00d3d0"",""ghz_chain_18q:4dpu_t8"":""9f9e62a16e205e4bd5eb1d1b8f62cade3177ef00fa9bd4dc15c899a41b00d3d0"",""hs_18q_d1:1dpu_t8"":""0f172b4535a71fb59dd5d4f406df828c33333cda1113d1c71db08b5d0e989d1e"",""hs_18q_d1:4dpu_t8"":""0f172b4535a71fb59dd5d4f406df828c33333cda1113d1c71db08b5d0e989d1e"",""quantization_stress_18q_l2:1dpu_t8"":""9d1e1ae9a325d84cef97b0fd9beffa9d4b3d783f00a4e38f6fce3a17114d3abb"",""quantization_stress_18q_l2:4dpu_t8"":""9d1e1ae9a325d84cef97b0fd9beffa9d4b3d783f00a4e38f6fce3a17114d3abb""}"
793,8,2.270531782828512,0.997529052435953,7,0.3715322706836804,0.40507521716230527,0.2233925121540143,0.1857661353418402,0.1857661353418402,0.40507521716230527,0.2233925121540143,0.0,0.0,"{""edc_18q:1dpu_t8"":""cf23b184355b080f3bead1d9d754a3c2c295746793109413aedfff30da27b94e"",""edc_18q:4dpu_t8"":""cf23b184355b080f3bead1d9d754a3c2c295746793109413aedfff30da27b94e"",""ghz_chain_18q:1dpu_t8"":""9f9e62a16e205e4bd5eb1d1b8f62cade3177ef00fa9bd4dc15c899a41b00d3d0"",""ghz_chain_18q:4dpu_t8"":""9f9e62a16e205e4bd5eb1d1b8f62cade3177ef00fa9bd4dc15c899a41b00d3d0"",""hs_18q_d1:1dpu_t8"":""0f172b4535a71fb59dd5d4f406df828c33333cda1113d1c71db08b5d0e989d1e"",""hs_18q_d1:4dpu_t8"":""0f172b4535a71fb59dd5d4f406df828c33333cda1113d1c71db08b5d0e989d1e"",""quantization_stress_18q_l2:1dpu_t8"":""e56fd025e7fdf900c75302bb6e7212f78d89deef09b236732a001e9f5c5001c1"",""quantization_stress_18q_l2:4dpu_t8"":""e56fd025e7fdf900c75302bb6e7212f78d89deef09b236732a001e9f5c5001c1""}"
794,3,2.261002234373947,1.0163179096347865,8,0.0,1.0,0.0,0.0,0.0,1.0,0.0,0.0,0.0,"{""edc_18q:1dpu_t8"":""cf23b184355b080f3bead1d9d754a3c2c295746793109413aedfff30da27b94e"",""edc_18q:4dpu_t8"":""cf23b184355b080f3bead1d9d754a3c2c295746793109413aedfff30da27b94e"",""ghz_chain_18q:1dpu_t8"":""9f9e62a16e205e4bd5eb1d1b8f62cade3177ef00fa9bd4dc15c899a41b00d3d0"",""ghz_chain_18q:4dpu_t8"":""9f9e62a16e205e4bd5eb1d1b8f62cade3177ef00fa9bd4dc15c899a41b00d3d0"",""hs_18q_d1:1dpu_t8"":""0f172b4535a71fb59dd5d4f406df828c33333cda1113d1c71db08b5d0e989d1e"",""hs_18q_d1:4dpu_t8"":""0f172b4535a71fb59dd5d4f406df828c33333cda1113d1c71db08b5d0e989d1e"",""quantization_stress_18q_l2:1dpu_t8"":""9d1e1ae9a325d84cef97b0fd9beffa9d4b3d783f00a4e38f6fce3a17114d3abb"",""quantization_stress_18q_l2:4dpu_t8"":""9d1e1ae9a325d84cef97b0fd9beffa9d4b3d783f00a4e38f6fce3a17114d3abb""}"
795,5,2.24001716642407,1.0,6,0.024368166273412584,0.9754242110524387,0.00020762267414873057,0.012184083136706292,0.012184083136706292,0.9754242110524387,0.00020762267414873057,0.0,0.0,"{""edc_18q:1dpu_t8"":""cf23b184355b080f3bead1d9d754a3c2c295746793109413aedfff30da27b94e"",""edc_18q:4dpu_t8"":""cf23b184355b080f3bead1d9d754a3c2c295746793109413aedfff30da27b94e"",""ghz_chain_18q:1dpu_t8"":""9f9e62a16e205e4bd5eb1d1b8f62cade3177ef00fa9bd4dc15c899a41b00d3d0"",""ghz_chain_18q:4dpu_t8"":""9f9e62a16e205e4bd5eb1d1b8f62cade3177ef00fa9bd4dc15c899a41b00d3d0"",""hs_18q_d1:1dpu_t8"":""bf83ea123bc85b30f3c7f1f8a0de47c8366352fc37c099890eab75c8cba62cb8"",""hs_18q_d1:4dpu_t8"":""bf83ea123bc85b30f3c7f1f8a0de47c8366352fc37c099890eab75c8cba62cb8"",""quantization_stress_18q_l2:1dpu_t8"":""9d1e1ae9a325d84cef97b0fd9beffa9d4b3d783f00a4e38f6fce3a17114d3abb"",""quantization_stress_18q_l2:4dpu_t8"":""9d1e1ae9a325d84cef97b0fd9beffa9d4b3d783f00a4e38f6fce3a17114d3abb""}"
796,10,2.227814907174882,1.0,6,0.47630996810097936,0.518889877536195,0.004800154362825642,0.23815498405048968,0.23815498405048968,0.518889877536195,0.004800154362825642,0.0,0.0,"{""edc_18q:1dpu_t8"":""cf23b184355b080f3bead1d9d754a3c2c295746793109413aedfff30da27b94e"",""edc_18q:4dpu_t8"":""cf23b184355b080f3bead1d9d754a3c2c295746793109413aedfff30da27b94e"",""ghz_chain_18q:1dpu_t8"":""9f9e62a16e205e4bd5eb1d1b8f62cade3177ef00fa9bd4dc15c899a41b00d3d0"",""ghz_chain_18q:4dpu_t8"":""9f9e62a16e205e4bd5eb1d1b8f62cade3177ef00fa9bd4dc15c899a41b00d3d0"",""hs_18q_d1:1dpu_t8"":""bf83ea123bc85b30f3c7f1f8a0de47c8366352fc37c099890eab75c8cba62cb8"",""hs_18q_d1:4dpu_t8"":""bf83ea123bc85b30f3c7f1f8a0de47c8366352fc37c099890eab75c8cba62cb8"",""quantization_stress_18q_l2:1dpu_t8"":""e56fd025e7fdf900c75302bb6e7212f78d89deef09b236732a001e9f5c5001c1"",""quantization_stress_18q_l2:4dpu_t8"":""e56fd025e7fdf900c75302bb6e7212f78d89deef09b236732a001e9f5c5001c1""}"
797,9,2.242028827029831,1.0,7,0.5414741851996391,0.45232358896253566,0.006202225837825213,0.27073709259981954,0.27073709259981954,0.45232358896253566,0.006202225837825213,0.0,0.0,"{""edc_18q:1dpu_t8"":""cf23b184355b080f3bead1d9d754a3c2c295746793109413aedfff30da27b94e"",""edc_18q:4dpu_t8"":""cf23b184355b080f3bead1d9d754a3c2c295746793109413aedfff30da27b94e"",""ghz_chain_18q:1dpu_t8"":""9f9e62a16e205e4bd5eb1d1b8f62cade3177ef00fa9bd4dc15c899a41b00d3d0"",""ghz_chain_18q:4dpu_t8"":""9f9e62a16e205e4bd5eb1d1b8f62cade3177ef00fa9bd4dc15c899a41b00d3d0"",""hs_18q_d1:1dpu_t8"":""bf83ea123bc85b30f3c7f1f8a0de47c8366352fc37c099890eab75c8cba62cb8"",""hs_18q_d1:4dpu_t8"":""0f172b4535a71fb59dd5d4f406df828c33333cda1113d1c71db08b5d0e989d1e"",""quantization_stress_18q_l2:1dpu_t8"":""e56fd025e7fdf900c75302bb6e7212f78d89deef09b236732a001e9f5c5001c1"",""quantization_stress_18q_l2:4dpu_t8"":""e56fd025e7fdf900c75302bb6e7212f78d89deef09b236732a001e9f5c5001c1""}"
798,10,2.2361171242557543,1.0,6,0.47630996810097936,0.518889877536195,0.004800154362825642,0.23815498405048968,0.23815498405048968,0.518889877536195,0.004800154362825642,0.0,0.0,"{""edc_18q:1dpu_t8"":""cf23b184355b080f3bead1d9d754a3c2c295746793109413aedfff30da27b94e"",""edc_18q:4dpu_t8"":""cf23b184355b080f3bead1d9d754a3c2c295746793109413aedfff30da27b94e"",""ghz_chain_18q:1dpu_t8"":""9f9e62a16e205e4bd5eb1d1b8f62cade3177ef00fa9bd4dc15c899a41b00d3d0"",""ghz_chain_18q:4dpu_t8"":""9f9e62a16e205e4bd5eb1d1b8f62cade3177ef00fa9bd4dc15c899a41b00d3d0"",""hs_18q_d1:1dpu_t8"":""bf83ea123bc85b30f3c7f1f8a0de47c8366352fc37c099890eab75c8cba62cb8"",""hs_18q_d1:4dpu_t8"":""bf83ea123bc85b30f3c7f1f8a0de47c8366352fc37c099890eab75c8cba62cb8"",""quantization_stress_18q_l2:1dpu_t8"":""e56fd025e7fdf900c75302bb6e7212f78d89deef09b236732a001e9f5c5001c1"",""quantization_stress_18q_l2:4dpu_t8"":""e56fd025e7fdf900c75302bb6e7212f78d89deef09b236732a001e9f5c5001c1""}"
799,5,2.2486995599618083,1.0,6,0.024368166273412584,0.9754242110524387,0.00020762267414873057,0.012184083136706292,0.012184083136706292,0.9754242110524387,0.00020762267414873057,0.0,0.0,"{""edc_18q:1dpu_t8"":""cf23b184355b080f3bead1d9d754a3c2c295746793109413aedfff30da27b94e"",""edc_18q:4dpu_t8"":""cf23b184355b080f3bead1d9d754a3c2c295746793109413aedfff30da27b94e"",""ghz_chain_18q:1dpu_t8"":""9f9e62a16e205e4bd5eb1d1b8f62cade3177ef00fa9bd4dc15c899a41b00d3d0"",""ghz_chain_18q:4dpu_t8"":""9f9e62a16e205e4bd5eb1d1b8f62cade3177ef00fa9bd4dc15c899a41b00d3d0"",""hs_18q_d1:1dpu_t8"":""bf83ea123bc85b30f3c7f1f8a0de47c8366352fc37c099890eab75c8cba62cb8"",""hs_18q_d1:4dpu_t8"":""bf83ea123bc85b30f3c7f1f8a0de47c8366352fc37c099890eab75c8cba62cb8"",""quantization_stress_18q_l2:1dpu_t8"":""9d1e1ae9a325d84cef97b0fd9beffa9d4b3d783f00a4e38f6fce3a17114d3abb"",""quantization_stress_18q_l2:4dpu_t8"":""9d1e1ae9a325d84cef97b0fd9beffa9d4b3d783f00a4e38f6fce3a17114d3abb""}"
800,4,2.227849892955458,1.0,7,0.22063680206282787,0.7768451800394555,0.002518017897716659,0.11031840103141394,0.11031840103141394,0.7768451800394555,0.002518017897716659,0.0,0.0,"{""edc_18q:1dpu_t8"":""cf23b184355b080f3bead1d9d754a3c2c295746793109413aedfff30da27b94e"",""edc_18q:4dpu_t8"":""cf23b184355b080f3bead1d9d754a3c2c295746793109413aedfff30da27b94e"",""ghz_chain_18q:1dpu_t8"":""9f9e62a16e205e4bd5eb1d1b8f62cade3177ef00fa9bd4dc15c899a41b00d3d0"",""ghz_chain_18q:4dpu_t8"":""9f9e62a16e205e4bd5eb1d1b8f62cade3177ef00fa9bd4dc15c899a41b00d3d0"",""hs_18q_d1:1dpu_t8"":""bf83ea123bc85b30f3c7f1f8a0de47c8366352fc37c099890eab75c8cba62cb8"",""hs_18q_d1:4dpu_t8"":""0f172b4535a71fb59dd5d4f406df828c33333cda1113d1c71db08b5d0e989d1e"",""quantization_stress_18q_l2:1dpu_t8"":""9d1e1ae9a325d84cef97b0fd9beffa9d4b3d783f00a4e38f6fce3a17114d3abb"",""quantization_stress_18q_l2:4dpu_t8"":""9d1e1ae9a325d84cef97b0fd9beffa9d4b3d783f00a4e38f6fce3a17114d3abb""}"
801,10,2.2504978762885304,1.0,6,0.47630996810097936,0.518889877536195,0.004800154362825642,0.23815498405048968,0.23815498405048968,0.518889877536195,0.004800154362825642,0.0,0.0,"{""edc_18q:1dpu_t8"":""cf23b184355b080f3bead1d9d754a3c2c295746793109413aedfff30da27b94e"",""edc_18q:4dpu_t8"":""cf23b184355b080f3bead1d9d754a3c2c295746793109413aedfff30da27b94e"",""ghz_chain_18q:1dpu_t8"":""9f9e62a16e205e4bd5eb1d1b8f62cade3177ef00fa9bd4dc15c899a41b00d3d0"",""ghz_chain_18q:4dpu_t8"":""9f9e62a16e205e4bd5eb1d1b8f62cade3177ef00fa9bd4dc15c899a41b00d3d0"",""hs_18q_d1:1dpu_t8"":""bf83ea123bc85b30f3c7f1f8a0de47c8366352fc37c099890eab75c8cba62cb8"",""hs_18q_d1:4dpu_t8"":""bf83ea123bc85b30f3c7f1f8a0de47c8366352fc37c099890eab75c8cba62cb8"",""quantization_stress_18q_l2:1dpu_t8"":""e56fd025e7fdf900c75302bb6e7212f78d89deef09b236732a001e9f5c5001c1"",""quantization_stress_18q_l2:4dpu_t8"":""e56fd025e7fdf900c75302bb6e7212f78d89deef09b236732a001e9f5c5001c1""}"
802,5,2.2367696422201684,1.0,6,0.024368166273412584,0.9754242110524387,0.00020762267414873057,0.012184083136706292,0.012184083136706292,0.9754242110524387,0.00020762267414873057,0.0,0.0,"{""edc_18q:1dpu_t8"":""cf23b184355b080f3bead1d9d754a3c2c295746793109413aedfff30da27b94e"",""edc_18q:4dpu_t8"":""cf23b184355b080f3bead1d9d754a3c2c295746793109413aedfff30da27b94e"",""ghz_chain_18q:1dpu_t8"":""9f9e62a16e205e4bd5eb1d1b8f62cade3177ef00fa9bd4dc15c899a41b00d3d0"",""ghz_chain_18q:4dpu_t8"":""9f9e62a16e205e4bd5eb1d1b8f62cade3177ef00fa9bd4dc15c899a41b00d3d0"",""hs_18q_d1:1dpu_t8"":""bf83ea123bc85b30f3c7f1f8a0de47c8366352fc37c099890eab75c8cba62cb8"",""hs_18q_d1:4dpu_t8"":""bf83ea123bc85b30f3c7f1f8a0de47c8366352fc37c099890eab75c8cba62cb8"",""quantization_stress_18q_l2:1dpu_t8"":""9d1e1ae9a325d84cef97b0fd9beffa9d4b3d783f00a4e38f6fce3a17114d3abb"",""quantization_stress_18q_l2:4dpu_t8"":""9d1e1ae9a325d84cef97b0fd9beffa9d4b3d783f00a4e38f6fce3a17114d3abb""}"
803,4,2.2345123086487297,1.0,7,0.22063680206282787,0.7768451800394555,0.002518017897716659,0.11031840103141394,0.11031840103141394,0.7768451800394555,0.002518017897716659,0.0,0.0,"{""edc_18q:1dpu_t8"":""cf23b184355b080f3bead1d9d754a3c2c295746793109413aedfff30da27b94e"",""edc_18q:4dpu_t8"":""cf23b184355b080f3bead1d9d754a3c2c295746793109413aedfff30da27b94e"",""ghz_chain_18q:1dpu_t8"":""9f9e62a16e205e4bd5eb1d1b8f62cade3177ef00fa9bd4dc15c899a41b00d3d0"",""ghz_chain_18q:4dpu_t8"":""9f9e62a16e205e4bd5eb1d1b8f62cade3177ef00fa9bd4dc15c899a41b00d3d0"",""hs_18q_d1:1dpu_t8"":""bf83ea123bc85b30f3c7f1f8a0de47c8366352fc37c099890eab75c8cba62cb8"",""hs_18q_d1:4dpu_t8"":""0f172b4535a71fb59dd5d4f406df828c33333cda1113d1c71db08b5d0e989d1e"",""quantization_stress_18q_l2:1dpu_t8"":""9d1e1ae9a325d84cef97b0fd9beffa9d4b3d783f00a4e38f6fce3a17114d3abb"",""quantization_stress_18q_l2:4dpu_t8"":""9d1e1ae9a325d84cef97b0fd9beffa9d4b3d783f00a4e38f6fce3a17114d3abb""}"
804,4,2.2334955601983935,1.0,7,0.22063680206282787,0.7768451800394555,0.002518017897716659,0.11031840103141394,0.11031840103141394,0.7768451800394555,0.002518017897716659,0.0,0.0,"{""edc_18q:1dpu_t8"":""cf23b184355b080f3bead1d9d754a3c2c295746793109413aedfff30da27b94e"",""edc_18q:4dpu_t8"":""cf23b184355b080f3bead1d9d754a3c2c295746793109413aedfff30da27b94e"",""ghz_chain_18q:1dpu_t8"":""9f9e62a16e205e4bd5eb1d1b8f62cade3177ef00fa9bd4dc15c899a41b00d3d0"",""ghz_chain_18q:4dpu_t8"":""9f9e62a16e205e4bd5eb1d1b8f62cade3177ef00fa9bd4dc15c899a41b00d3d0"",""hs_18q_d1:1dpu_t8"":""bf83ea123bc85b30f3c7f1f8a0de47c8366352fc37c099890eab75c8cba62cb8"",""hs_18q_d1:4dpu_t8"":""0f172b4535a71fb59dd5d4f406df828c33333cda1113d1c71db08b5d0e989d1e"",""quantization_stress_18q_l2:1dpu_t8"":""9d1e1ae9a325d84cef97b0fd9beffa9d4b3d783f00a4e38f6fce3a17114d3abb"",""quantization_stress_18q_l2:4dpu_t8"":""9d1e1ae9a325d84cef97b0fd9beffa9d4b3d783f00a4e38f6fce3a17114d3abb""}"
805,9,2.2409378635752386,1.0,7,0.5414741851996391,0.45232358896253566,0.006202225837825213,0.27073709259981954,0.27073709259981954,0.45232358896253566,0.006202225837825213,0.0,0.0,"{""edc_18q:1dpu_t8"":""cf23b184355b080f3bead1d9d754a3c2c295746793109413aedfff30da27b94e"",""edc_18q:4dpu_t8"":""cf23b184355b080f3bead1d9d754a3c2c295746793109413aedfff30da27b94e"",""ghz_chain_18q:1dpu_t8"":""9f9e62a16e205e4bd5eb1d1b8f62cade3177ef00fa9bd4dc15c899a41b00d3d0"",""ghz_chain_18q:4dpu_t8"":""9f9e62a16e205e4bd5eb1d1b8f62cade3177ef00fa9bd4dc15c899a41b00d3d0"",""hs_18q_d1:1dpu_t8"":""bf83ea123bc85b30f3c7f1f8a0de47c8366352fc37c099890eab75c8cba62cb8"",""hs_18q_d1:4dpu_t8"":""0f172b4535a71fb59dd5d4f406df828c33333cda1113d1c71db08b5d0e989d1e"",""quantization_stress_18q_l2:1dpu_t8"":""e56fd025e7fdf900c75302bb6e7212f78d89deef09b236732a001e9f5c5001c1"",""quantization_stress_18q_l2:4dpu_t8"":""e56fd025e7fdf900c75302bb6e7212f78d89deef09b236732a001e9f5c5001c1""}"
806,8,2.2628713537486225,1.0163179096347865,8,0.3715322706836804,0.40507521716230527,0.2233925121540143,0.1857661353418402,0.1857661353418402,0.40507521716230527,0.2233925121540143,0.0,0.0,"{""edc_18q:1dpu_t8"":""cf23b184355b080f3bead1d9d754a3c2c295746793109413aedfff30da27b94e"",""edc_18q:4dpu_t8"":""cf23b184355b080f3bead1d9d754a3c2c295746793109413aedfff30da27b94e"",""ghz_chain_18q:1dpu_t8"":""9f9e62a16e205e4bd5eb1d1b8f62cade3177ef00fa9bd4dc15c899a41b00d3d0"",""ghz_chain_18q:4dpu_t8"":""9f9e62a16e205e4bd5eb1d1b8f62cade3177ef00fa9bd4dc15c899a41b00d3d0"",""hs_18q_d1:1dpu_t8"":""0f172b4535a71fb59dd5d4f406df828c33333cda1113d1c71db08b5d0e989d1e"",""hs_18q_d1:4dpu_t8"":""0f172b4535a71fb59dd5d4f406df828c33333cda1113d1c71db08b5d0e989d1e"",""quantization_stress_18q_l2:1dpu_t8"":""e56fd025e7fdf900c75302bb6e7212f78d89deef09b236732a001e9f5c5001c1"",""quantization_stress_18q_l2:4dpu_t8"":""e56fd025e7fdf900c75302bb6e7212f78d89deef09b236732a001e9f5c5001c1""}"
807,4,2.249555301956799,1.0,7,0.22063680206282787,0.7768451800394555,0.002518017897716659,0.11031840103141394,0.11031840103141394,0.7768451800394555,0.002518017897716659,0.0,0.0,"{""edc_18q:1dpu_t8"":""cf23b184355b080f3bead1d9d754a3c2c295746793109413aedfff30da27b94e"",""edc_18q:4dpu_t8"":""cf23b184355b080f3bead1d9d754a3c2c295746793109413aedfff30da27b94e"",""ghz_chain_18q:1dpu_t8"":""9f9e62a16e205e4bd5eb1d1b8f62cade3177ef00fa9bd4dc15c899a41b00d3d0"",""ghz_chain_18q:4dpu_t8"":""9f9e62a16e205e4bd5eb1d1b8f62cade3177ef00fa9bd4dc15c899a41b00d3d0"",""hs_18q_d1:1dpu_t8"":""bf83ea123bc85b30f3c7f1f8a0de47c8366352fc37c099890eab75c8cba62cb8"",""hs_18q_d1:4dpu_t8"":""0f172b4535a71fb59dd5d4f406df828c33333cda1113d1c71db08b5d0e989d1e"",""quantization_stress_18q_l2:1dpu_t8"":""9d1e1ae9a325d84cef97b0fd9beffa9d4b3d783f00a4e38f6fce3a17114d3abb"",""quantization_stress_18q_l2:4dpu_t8"":""9d1e1ae9a325d84cef97b0fd9beffa9d4b3d783f00a4e38f6fce3a17114d3abb""}"
808,4,2.2326218587302926,1.0,7,0.22063680206282787,0.7768451800394555,0.002518017897716659,0.11031840103141394,0.11031840103141394,0.7768451800394555,0.002518017897716659,0.0,0.0,"{""edc_18q:1dpu_t8"":""cf23b184355b080f3bead1d9d754a3c2c295746793109413aedfff30da27b94e"",""edc_18q:4dpu_t8"":""cf23b184355b080f3bead1d9d754a3c2c295746793109413aedfff30da27b94e"",""ghz_chain_18q:1dpu_t8"":""9f9e62a16e205e4bd5eb1d1b8f62cade3177ef00fa9bd4dc15c899a41b00d3d0"",""ghz_chain_18q:4dpu_t8"":""9f9e62a16e205e4bd5eb1d1b8f62cade3177ef00fa9bd4dc15c899a41b00d3d0"",""hs_18q_d1:1dpu_t8"":""bf83ea123bc85b30f3c7f1f8a0de47c8366352fc37c099890eab75c8cba62cb8"",""hs_18q_d1:4dpu_t8"":""0f172b4535a71fb59dd5d4f406df828c33333cda1113d1c71db08b5d0e989d1e"",""quantization_stress_18q_l2:1dpu_t8"":""9d1e1ae9a325d84cef97b0fd9beffa9d4b3d783f00a4e38f6fce3a17114d3abb"",""quantization_stress_18q_l2:4dpu_t8"":""9d1e1ae9a325d84cef97b0fd9beffa9d4b3d783f00a4e38f6fce3a17114d3abb""}"
809,9,2.241907344560489,1.0,7,0.5414741851996391,0.45232358896253566,0.006202225837825213,0.27073709259981954,0.27073709259981954,0.45232358896253566,0.006202225837825213,0.0,0.0,"{""edc_18q:1dpu_t8"":""cf23b184355b080f3bead1d9d754a3c2c295746793109413aedfff30da27b94e"",""edc_18q:4dpu_t8"":""cf23b184355b080f3bead1d9d754a3c2c295746793109413aedfff30da27b94e"",""ghz_chain_18q:1dpu_t8"":""9f9e62a16e205e4bd5eb1d1b8f62cade3177ef00fa9bd4dc15c899a41b00d3d0"",""ghz_chain_18q:4dpu_t8"":""9f9e62a16e205e4bd5eb1d1b8f62cade3177ef00fa9bd4dc15c899a41b00d3d0"",""hs_18q_d1:1dpu_t8"":""bf83ea123bc85b30f3c7f1f8a0de47c8366352fc37c099890eab75c8cba62cb8"",""hs_18q_d1:4dpu_t8"":""0f172b4535a71fb59dd5d4f406df828c33333cda1113d1c71db08b5d0e989d1e"",""quantization_stress_18q_l2:1dpu_t8"":""e56fd025e7fdf900c75302bb6e7212f78d89deef09b236732a001e9f5c5001c1"",""quantization_stress_18q_l2:4dpu_t8"":""e56fd025e7fdf900c75302bb6e7212f78d89deef09b236732a001e9f5c5001c1""}"
810,5,2.2369216332437105,1.0,6,0.024368166273412584,0.9754242110524387,0.00020762267414873057,0.012184083136706292,0.012184083136706292,0.9754242110524387,0.00020762267414873057,0.0,0.0,"{""edc_18q:1dpu_t8"":""cf23b184355b080f3bead1d9d754a3c2c295746793109413aedfff30da27b94e"",""edc_18q:4dpu_t8"":""cf23b184355b080f3bead1d9d754a3c2c295746793109413aedfff30da27b94e"",""ghz_chain_18q:1dpu_t8"":""9f9e62a16e205e4bd5eb1d1b8f62cade3177ef00fa9bd4dc15c899a41b00d3d0"",""ghz_chain_18q:4dpu_t8"":""9f9e62a16e205e4bd5eb1d1b8f62cade3177ef00fa9bd4dc15c899a41b00d3d0"",""hs_18q_d1:1dpu_t8"":""bf83ea123bc85b30f3c7f1f8a0de47c8366352fc37c099890eab75c8cba62cb8"",""hs_18q_d1:4dpu_t8"":""bf83ea123bc85b30f3c7f1f8a0de47c8366352fc37c099890eab75c8cba62cb8"",""quantization_stress_18q_l2:1dpu_t8"":""9d1e1ae9a325d84cef97b0fd9beffa9d4b3d783f00a4e38f6fce3a17114d3abb"",""quantization_stress_18q_l2:4dpu_t8"":""9d1e1ae9a325d84cef97b0fd9beffa9d4b3d783f00a4e38f6fce3a17114d3abb""}"
811,5,2.257202550595175,1.0,6,0.024368166273412584,0.9754242110524387,0.00020762267414873057,0.012184083136706292,0.012184083136706292,0.9754242110524387,0.00020762267414873057,0.0,0.0,"{""edc_18q:1dpu_t8"":""cf23b184355b080f3bead1d9d754a3c2c295746793109413aedfff30da27b94e"",""edc_18q:4dpu_t8"":""cf23b184355b080f3bead1d9d754a3c2c295746793109413aedfff30da27b94e"",""ghz_chain_18q:1dpu_t8"":""9f9e62a16e205e4bd5eb1d1b8f62cade3177ef00fa9bd4dc15c899a41b00d3d0"",""ghz_chain_18q:4dpu_t8"":""9f9e62a16e205e4bd5eb1d1b8f62cade3177ef00fa9bd4dc15c899a41b00d3d0"",""hs_18q_d1:1dpu_t8"":""bf83ea123bc85b30f3c7f1f8a0de47c8366352fc37c099890eab75c8cba62cb8"",""hs_18q_d1:4dpu_t8"":""bf83ea123bc85b30f3c7f1f8a0de47c8366352fc37c099890eab75c8cba62cb8"",""quantization_stress_18q_l2:1dpu_t8"":""9d1e1ae9a325d84cef97b0fd9beffa9d4b3d783f00a4e38f6fce3a17114d3abb"",""quantization_stress_18q_l2:4dpu_t8"":""9d1e1ae9a325d84cef97b0fd9beffa9d4b3d783f00a4e38f6fce3a17114d3abb""}"
812,5,2.2369216332437105,1.0,6,0.024368166273412584,0.9754242110524387,0.00020762267414873057,0.012184083136706292,0.012184083136706292,0.9754242110524387,0.00020762267414873057,0.0,0.0,"{""edc_18q:1dpu_t8"":""cf23b184355b080f3bead1d9d754a3c2c295746793109413aedfff30da27b94e"",""edc_18q:4dpu_t8"":""cf23b184355b080f3bead1d9d754a3c2c295746793109413aedfff30da27b94e"",""ghz_chain_18q:1dpu_t8"":""9f9e62a16e205e4bd5eb1d1b8f62cade3177ef00fa9bd4dc15c899a41b00d3d0"",""ghz_chain_18q:4dpu_t8"":""9f9e62a16e205e4bd5eb1d1b8f62cade3177ef00fa9bd4dc15c899a41b00d3d0"",""hs_18q_d1:1dpu_t8"":""bf83ea123bc85b30f3c7f1f8a0de47c8366352fc37c099890eab75c8cba62cb8"",""hs_18q_d1:4dpu_t8"":""bf83ea123bc85b30f3c7f1f8a0de47c8366352fc37c099890eab75c8cba62cb8"",""quantization_stress_18q_l2:1dpu_t8"":""9d1e1ae9a325d84cef97b0fd9beffa9d4b3d783f00a4e38f6fce3a17114d3abb"",""quantization_stress_18q_l2:4dpu_t8"":""9d1e1ae9a325d84cef97b0fd9beffa9d4b3d783f00a4e38f6fce3a17114d3abb""}"
813,5,2.226659909566149,1.0,6,0.024368166273412584,0.9754242110524387,0.00020762267414873057,0.012184083136706292,0.012184083136706292,0.9754242110524387,0.00020762267414873057,0.0,0.0,"{""edc_18q:1dpu_t8"":""cf23b184355b080f3bead1d9d754a3c2c295746793109413aedfff30da27b94e"",""edc_18q:4dpu_t8"":""cf23b184355b080f3bead1d9d754a3c2c295746793109413aedfff30da27b94e"",""ghz_chain_18q:1dpu_t8"":""9f9e62a16e205e4bd5eb1d1b8f62cade3177ef00fa9bd4dc15c899a41b00d3d0"",""ghz_chain_18q:4dpu_t8"":""9f9e62a16e205e4bd5eb1d1b8f62cade3177ef00fa9bd4dc15c899a41b00d3d0"",""hs_18q_d1:1dpu_t8"":""bf83ea123bc85b30f3c7f1f8a0de47c8366352fc37c099890eab75c8cba62cb8"",""hs_18q_d1:4dpu_t8"":""bf83ea123bc85b30f3c7f1f8a0de47c8366352fc37c099890eab75c8cba62cb8"",""quantization_stress_18q_l2:1dpu_t8"":""9d1e1ae9a325d84cef97b0fd9beffa9d4b3d783f00a4e38f6fce3a17114d3abb"",""quantization_stress_18q_l2:4dpu_t8"":""9d1e1ae9a325d84cef97b0fd9beffa9d4b3d783f00a4e38f6fce3a17114d3abb""}"
814,5,2.2266804041874306,1.0,6,0.024368166273412584,0.9754242110524387,0.00020762267414873057,0.012184083136706292,0.012184083136706292,0.9754242110524387,0.00020762267414873057,0.0,0.0,"{""edc_18q:1dpu_t8"":""cf23b184355b080f3bead1d9d754a3c2c295746793109413aedfff30da27b94e"",""edc_18q:4dpu_t8"":""cf23b184355b080f3bead1d9d754a3c2c295746793109413aedfff30da27b94e"",""ghz_chain_18q:1dpu_t8"":""9f9e62a16e205e4bd5eb1d1b8f62cade3177ef00fa9bd4dc15c899a41b00d3d0"",""ghz_chain_18q:4dpu_t8"":""9f9e62a16e205e4bd5eb1d1b8f62cade3177ef00fa9bd4dc15c899a41b00d3d0"",""hs_18q_d1:1dpu_t8"":""bf83ea123bc85b30f3c7f1f8a0de47c8366352fc37c099890eab75c8cba62cb8"",""hs_18q_d1:4dpu_t8"":""bf83ea123bc85b30f3c7f1f8a0de47c8366352fc37c099890eab75c8cba62cb8"",""quantization_stress_18q_l2:1dpu_t8"":""9d1e1ae9a325d84cef97b0fd9beffa9d4b3d783f00a4e38f6fce3a17114d3abb"",""quantization_stress_18q_l2:4dpu_t8"":""9d1e1ae9a325d84cef97b0fd9beffa9d4b3d783f00a4e38f6fce3a17114d3abb""}"
815,4,2.2436719397199214,1.0,7,0.22063680206282787,0.7768451800394555,0.002518017897716659,0.11031840103141394,0.11031840103141394,0.7768451800394555,0.002518017897716659,0.0,0.0,"{""edc_18q:1dpu_t8"":""cf23b184355b080f3bead1d9d754a3c2c295746793109413aedfff30da27b94e"",""edc_18q:4dpu_t8"":""cf23b184355b080f3bead1d9d754a3c2c295746793109413aedfff30da27b94e"",""ghz_chain_18q:1dpu_t8"":""9f9e62a16e205e4bd5eb1d1b8f62cade3177ef00fa9bd4dc15c899a41b00d3d0"",""ghz_chain_18q:4dpu_t8"":""9f9e62a16e205e4bd5eb1d1b8f62cade3177ef00fa9bd4dc15c899a41b00d3d0"",""hs_18q_d1:1dpu_t8"":""bf83ea123bc85b30f3c7f1f8a0de47c8366352fc37c099890eab75c8cba62cb8"",""hs_18q_d1:4dpu_t8"":""0f172b4535a71fb59dd5d4f406df828c33333cda1113d1c71db08b5d0e989d1e"",""quantization_stress_18q_l2:1dpu_t8"":""9d1e1ae9a325d84cef97b0fd9beffa9d4b3d783f00a4e38f6fce3a17114d3abb"",""quantization_stress_18q_l2:4dpu_t8"":""9d1e1ae9a325d84cef97b0fd9beffa9d4b3d783f00a4e38f6fce3a17114d3abb""}"
816,5,2.2556163275853325,1.0,6,0.024368166273412584,0.9754242110524387,0.00020762267414873057,0.012184083136706292,0.012184083136706292,0.9754242110524387,0.00020762267414873057,0.0,0.0,"{""edc_18q:1dpu_t8"":""cf23b184355b080f3bead1d9d754a3c2c295746793109413aedfff30da27b94e"",""edc_18q:4dpu_t8"":""cf23b184355b080f3bead1d9d754a3c2c295746793109413aedfff30da27b94e"",""ghz_chain_18q:1dpu_t8"":""9f9e62a16e205e4bd5eb1d1b8f62cade3177ef00fa9bd4dc15c899a41b00d3d0"",""ghz_chain_18q:4dpu_t8"":""9f9e62a16e205e4bd5eb1d1b8f62cade3177ef00fa9bd4dc15c899a41b00d3d0"",""hs_18q_d1:1dpu_t8"":""bf83ea123bc85b30f3c7f1f8a0de47c8366352fc37c099890eab75c8cba62cb8"",""hs_18q_d1:4dpu_t8"":""bf83ea123bc85b30f3c7f1f8a0de47c8366352fc37c099890eab75c8cba62cb8"",""quantization_stress_18q_l2:1dpu_t8"":""9d1e1ae9a325d84cef97b0fd9beffa9d4b3d783f00a4e38f6fce3a17114d3abb"",""quantization_stress_18q_l2:4dpu_t8"":""9d1e1ae9a325d84cef97b0fd9beffa9d4b3d783f00a4e38f6fce3a17114d3abb""}"
817,4,2.2525194816235996,1.0,7,0.22063680206282787,0.7768451800394555,0.002518017897716659,0.11031840103141394,0.11031840103141394,0.7768451800394555,0.002518017897716659,0.0,0.0,"{""edc_18q:1dpu_t8"":""cf23b184355b080f3bead1d9d754a3c2c295746793109413aedfff30da27b94e"",""edc_18q:4dpu_t8"":""cf23b184355b080f3bead1d9d754a3c2c295746793109413aedfff30da27b94e"",""ghz_chain_18q:1dpu_t8"":""9f9e62a16e205e4bd5eb1d1b8f62cade3177ef00fa9bd4dc15c899a41b00d3d0"",""ghz_chain_18q:4dpu_t8"":""9f9e62a16e205e4bd5eb1d1b8f62cade3177ef00fa9bd4dc15c899a41b00d3d0"",""hs_18q_d1:1dpu_t8"":""bf83ea123bc85b30f3c7f1f8a0de47c8366352fc37c099890eab75c8cba62cb8"",""hs_18q_d1:4dpu_t8"":""0f172b4535a71fb59dd5d4f406df828c33333cda1113d1c71db08b5d0e989d1e"",""quantization_stress_18q_l2:1dpu_t8"":""9d1e1ae9a325d84cef97b0fd9beffa9d4b3d783f00a4e38f6fce3a17114d3abb"",""quantization_stress_18q_l2:4dpu_t8"":""9d1e1ae9a325d84cef97b0fd9beffa9d4b3d783f00a4e38f6fce3a17114d3abb""}"
818,5,2.2299083219423297,1.0,6,0.024368166273412584,0.9754242110524387,0.00020762267414873057,0.012184083136706292,0.012184083136706292,0.9754242110524387,0.00020762267414873057,0.0,0.0,"{""edc_18q:1dpu_t8"":""cf23b184355b080f3bead1d9d754a3c2c295746793109413aedfff30da27b94e"",""edc_18q:4dpu_t8"":""cf23b184355b080f3bead1d9d754a3c2c295746793109413aedfff30da27b94e"",""ghz_chain_18q:1dpu_t8"":""9f9e62a16e205e4bd5eb1d1b8f62cade3177ef00fa9bd4dc15c899a41b00d3d0"",""ghz_chain_18q:4dpu_t8"":""9f9e62a16e205e4bd5eb1d1b8f62cade3177ef00fa9bd4dc15c899a41b00d3d0"",""hs_18q_d1:1dpu_t8"":""bf83ea123bc85b30f3c7f1f8a0de47c8366352fc37c099890eab75c8cba62cb8"",""hs_18q_d1:4dpu_t8"":""bf83ea123bc85b30f3c7f1f8a0de47c8366352fc37c099890eab75c8cba62cb8"",""quantization_stress_18q_l2:1dpu_t8"":""9d1e1ae9a325d84cef97b0fd9beffa9d4b3d783f00a4e38f6fce3a17114d3abb"",""quantization_stress_18q_l2:4dpu_t8"":""9d1e1ae9a325d84cef97b0fd9beffa9d4b3d783f00a4e38f6fce3a17114d3abb""}"
819,4,2.250684499550332,1.0,7,0.22063680206282787,0.7768451800394555,0.002518017897716659,0.11031840103141394,0.11031840103141394,0.7768451800394555,0.002518017897716659,0.0,0.0,"{""edc_18q:1dpu_t8"":""cf23b184355b080f3bead1d9d754a3c2c295746793109413aedfff30da27b94e"",""edc_18q:4dpu_t8"":""cf23b184355b080f3bead1d9d754a3c2c295746793109413aedfff30da27b94e"",""ghz_chain_18q:1dpu_t8"":""9f9e62a16e205e4bd5eb1d1b8f62cade3177ef00fa9bd4dc15c899a41b00d3d0"",""ghz_chain_18q:4dpu_t8"":""9f9e62a16e205e4bd5eb1d1b8f62cade3177ef00fa9bd4dc15c899a41b00d3d0"",""hs_18q_d1:1dpu_t8"":""bf83ea123bc85b30f3c7f1f8a0de47c8366352fc37c099890eab75c8cba62cb8"",""hs_18q_d1:4dpu_t8"":""0f172b4535a71fb59dd5d4f406df828c33333cda1113d1c71db08b5d0e989d1e"",""quantization_stress_18q_l2:1dpu_t8"":""9d1e1ae9a325d84cef97b0fd9beffa9d4b3d783f00a4e38f6fce3a17114d3abb"",""quantization_stress_18q_l2:4dpu_t8"":""9d1e1ae9a325d84cef97b0fd9beffa9d4b3d783f00a4e38f6fce3a17114d3abb""}"
820,9,2.2304220423572563,1.0,7,0.5414741851996391,0.45232358896253566,0.006202225837825213,0.27073709259981954,0.27073709259981954,0.45232358896253566,0.006202225837825213,0.0,0.0,"{""edc_18q:1dpu_t8"":""cf23b184355b080f3bead1d9d754a3c2c295746793109413aedfff30da27b94e"",""edc_18q:4dpu_t8"":""cf23b184355b080f3bead1d9d754a3c2c295746793109413aedfff30da27b94e"",""ghz_chain_18q:1dpu_t8"":""9f9e62a16e205e4bd5eb1d1b8f62cade3177ef00fa9bd4dc15c899a41b00d3d0"",""ghz_chain_18q:4dpu_t8"":""9f9e62a16e205e4bd5eb1d1b8f62cade3177ef00fa9bd4dc15c899a41b00d3d0"",""hs_18q_d1:1dpu_t8"":""bf83ea123bc85b30f3c7f1f8a0de47c8366352fc37c099890eab75c8cba62cb8"",""hs_18q_d1:4dpu_t8"":""0f172b4535a71fb59dd5d4f406df828c33333cda1113d1c71db08b5d0e989d1e"",""quantization_stress_18q_l2:1dpu_t8"":""e56fd025e7fdf900c75302bb6e7212f78d89deef09b236732a001e9f5c5001c1"",""quantization_stress_18q_l2:4dpu_t8"":""e56fd025e7fdf900c75302bb6e7212f78d89deef09b236732a001e9f5c5001c1""}"
821,5,2.2420385444920083,1.0,6,0.024368166273412584,0.9754242110524387,0.00020762267414873057,0.012184083136706292,0.012184083136706292,0.9754242110524387,0.00020762267414873057,0.0,0.0,"{""edc_18q:1dpu_t8"":""cf23b184355b080f3bead1d9d754a3c2c295746793109413aedfff30da27b94e"",""edc_18q:4dpu_t8"":""cf23b184355b080f3bead1d9d754a3c2c295746793109413aedfff30da27b94e"",""ghz_chain_18q:1dpu_t8"":""9f9e62a16e205e4bd5eb1d1b8f62cade3177ef00fa9bd4dc15c899a41b00d3d0"",""ghz_chain_18q:4dpu_t8"":""9f9e62a16e205e4bd5eb1d1b8f62cade3177ef00fa9bd4dc15c899a41b00d3d0"",""hs_18q_d1:1dpu_t8"":""bf83ea123bc85b30f3c7f1f8a0de47c8366352fc37c099890eab75c8cba62cb8"",""hs_18q_d1:4dpu_t8"":""bf83ea123bc85b30f3c7f1f8a0de47c8366352fc37c099890eab75c8cba62cb8"",""quantization_stress_18q_l2:1dpu_t8"":""9d1e1ae9a325d84cef97b0fd9beffa9d4b3d783f00a4e38f6fce3a17114d3abb"",""quantization_stress_18q_l2:4dpu_t8"":""9d1e1ae9a325d84cef97b0fd9beffa9d4b3d783f00a4e38f6fce3a17114d3abb""}"
822,5,2.223934046993356,1.0,6,0.024368166273412584,0.9754242110524387,0.00020762267414873057,0.012184083136706292,0.012184083136706292,0.9754242110524387,0.00020762267414873057,0.0,0.0,"{""edc_18q:1dpu_t8"":""cf23b184355b080f3bead1d9d754a3c2c295746793109413aedfff30da27b94e"",""edc_18q:4dpu_t8"":""cf23b184355b080f3bead1d9d754a3c2c295746793109413aedfff30da27b94e"",""ghz_chain_18q:1dpu_t8"":""9f9e62a16e205e4bd5eb1d1b8f62cade3177ef00fa9bd4dc15c899a41b00d3d0"",""ghz_chain_18q:4dpu_t8"":""9f9e62a16e205e4bd5eb1d1b8f62cade3177ef00fa9bd4dc15c899a41b00d3d0"",""hs_18q_d1:1dpu_t8"":""bf83ea123bc85b30f3c7f1f8a0de47c8366352fc37c099890eab75c8cba62cb8"",""hs_18q_d1:4dpu_t8"":""bf83ea123bc85b30f3c7f1f8a0de47c8366352fc37c099890eab75c8cba62cb8"",""quantization_stress_18q_l2:1dpu_t8"":""9d1e1ae9a325d84cef97b0fd9beffa9d4b3d783f00a4e38f6fce3a17114d3abb"",""quantization_stress_18q_l2:4dpu_t8"":""9d1e1ae9a325d84cef97b0fd9beffa9d4b3d783f00a4e38f6fce3a17114d3abb""}"
823,9,2.229837251179183,1.0,7,0.5414741851996391,0.45232358896253566,0.006202225837825213,0.27073709259981954,0.27073709259981954,0.45232358896253566,0.006202225837825213,0.0,0.0,"{""edc_18q:1dpu_t8"":""cf23b184355b080f3bead1d9d754a3c2c295746793109413aedfff30da27b94e"",""edc_18q:4dpu_t8"":""cf23b184355b080f3bead1d9d754a3c2c295746793109413aedfff30da27b94e"",""ghz_chain_18q:1dpu_t8"":""9f9e62a16e205e4bd5eb1d1b8f62cade3177ef00fa9bd4dc15c899a41b00d3d0"",""ghz_chain_18q:4dpu_t8"":""9f9e62a16e205e4bd5eb1d1b8f62cade3177ef00fa9bd4dc15c899a41b00d3d0"",""hs_18q_d1:1dpu_t8"":""bf83ea123bc85b30f3c7f1f8a0de47c8366352fc37c099890eab75c8cba62cb8"",""hs_18q_d1:4dpu_t8"":""0f172b4535a71fb59dd5d4f406df828c33333cda1113d1c71db08b5d0e989d1e"",""quantization_stress_18q_l2:1dpu_t8"":""e56fd025e7fdf900c75302bb6e7212f78d89deef09b236732a001e9f5c5001c1"",""quantization_stress_18q_l2:4dpu_t8"":""e56fd025e7fdf900c75302bb6e7212f78d89deef09b236732a001e9f5c5001c1""}"
824,4,2.2512549863571327,1.0,7,0.22063680206282787,0.7768451800394555,0.002518017897716659,0.11031840103141394,0.11031840103141394,0.7768451800394555,0.002518017897716659,0.0,0.0,"{""edc_18q:1dpu_t8"":""cf23b184355b080f3bead1d9d754a3c2c295746793109413aedfff30da27b94e"",""edc_18q:4dpu_t8"":""cf23b184355b080f3bead1d9d754a3c2c295746793109413aedfff30da27b94e"",""ghz_chain_18q:1dpu_t8"":""9f9e62a16e205e4bd5eb1d1b8f62cade3177ef00fa9bd4dc15c899a41b00d3d0"",""ghz_chain_18q:4dpu_t8"":""9f9e62a16e205e4bd5eb1d1b8f62cade3177ef00fa9bd4dc15c899a41b00d3d0"",""hs_18q_d1:1dpu_t8"":""bf83ea123bc85b30f3c7f1f8a0de47c8366352fc37c099890eab75c8cba62cb8"",""hs_18q_d1:4dpu_t8"":""0f172b4535a71fb59dd5d4f406df828c33333cda1113d1c71db08b5d0e989d1e"",""quantization_stress_18q_l2:1dpu_t8"":""9d1e1ae9a325d84cef97b0fd9beffa9d4b3d783f00a4e38f6fce3a17114d3abb"",""quantization_stress_18q_l2:4dpu_t8"":""9d1e1ae9a325d84cef97b0fd9beffa9d4b3d783f00a4e38f6fce3a17114d3abb""}"
825,4,2.238964130821706,1.0,7,0.22063680206282787,0.7768451800394555,0.002518017897716659,0.11031840103141394,0.11031840103141394,0.7768451800394555,0.002518017897716659,0.0,0.0,"{""edc_18q:1dpu_t8"":""cf23b184355b080f3bead1d9d754a3c2c295746793109413aedfff30da27b94e"",""edc_18q:4dpu_t8"":""cf23b184355b080f3bead1d9d754a3c2c295746793109413aedfff30da27b94e"",""ghz_chain_18q:1dpu_t8"":""9f9e62a16e205e4bd5eb1d1b8f62cade3177ef00fa9bd4dc15c899a41b00d3d0"",""ghz_chain_18q:4dpu_t8"":""9f9e62a16e205e4bd5eb1d1b8f62cade3177ef00fa9bd4dc15c899a41b00d3d0"",""hs_18q_d1:1dpu_t8"":""bf83ea123bc85b30f3c7f1f8a0de47c8366352fc37c099890eab75c8cba62cb8"",""hs_18q_d1:4dpu_t8"":""0f172b4535a71fb59dd5d4f406df828c33333cda1113d1c71db08b5d0e989d1e"",""quantization_stress_18q_l2:1dpu_t8"":""9d1e1ae9a325d84cef97b0fd9beffa9d4b3d783f00a4e38f6fce3a17114d3abb"",""quantization_stress_18q_l2:4dpu_t8"":""9d1e1ae9a325d84cef97b0fd9beffa9d4b3d783f00a4e38f6fce3a17114d3abb""}"
826,5,2.2429421107721663,1.0,6,0.024368166273412584,0.9754242110524387,0.00020762267414873057,0.012184083136706292,0.012184083136706292,0.9754242110524387,0.00020762267414873057,0.0,0.0,"{""edc_18q:1dpu_t8"":""cf23b184355b080f3bead1d9d754a3c2c295746793109413aedfff30da27b94e"",""edc_18q:4dpu_t8"":""cf23b184355b080f3bead1d9d754a3c2c295746793109413aedfff30da27b94e"",""ghz_chain_18q:1dpu_t8"":""9f9e62a16e205e4bd5eb1d1b8f62cade3177ef00fa9bd4dc15c899a41b00d3d0"",""ghz_chain_18q:4dpu_t8"":""9f9e62a16e205e4bd5eb1d1b8f62cade3177ef00fa9bd4dc15c899a41b00d3d0"",""hs_18q_d1:1dpu_t8"":""bf83ea123bc85b30f3c7f1f8a0de47c8366352fc37c099890eab75c8cba62cb8"",""hs_18q_d1:4dpu_t8"":""bf83ea123bc85b30f3c7f1f8a0de47c8366352fc37c099890eab75c8cba62cb8"",""quantization_stress_18q_l2:1dpu_t8"":""9d1e1ae9a325d84cef97b0fd9beffa9d4b3d783f00a4e38f6fce3a17114d3abb"",""quantization_stress_18q_l2:4dpu_t8"":""9d1e1ae9a325d84cef97b0fd9beffa9d4b3d783f00a4e38f6fce3a17114d3abb""}"
827,5,2.2380157969766854,1.0,6,0.024368166273412584,0.9754242110524387,0.00020762267414873057,0.012184083136706292,0.012184083136706292,0.9754242110524387,0.00020762267414873057,0.0,0.0,"{""edc_18q:1dpu_t8"":""cf23b184355b080f3bead1d9d754a3c2c295746793109413aedfff30da27b94e"",""edc_18q:4dpu_t8"":""cf23b184355b080f3bead1d9d754a3c2c295746793109413aedfff30da27b94e"",""ghz_chain_18q:1dpu_t8"":""9f9e62a16e205e4bd5eb1d1b8f62cade3177ef00fa9bd4dc15c899a41b00d3d0"",""ghz_chain_18q:4dpu_t8"":""9f9e62a16e205e4bd5eb1d1b8f62cade3177ef00fa9bd4dc15c899a41b00d3d0"",""hs_18q_d1:1dpu_t8"":""bf83ea123bc85b30f3c7f1f8a0de47c8366352fc37c099890eab75c8cba62cb8"",""hs_18q_d1:4dpu_t8"":""bf83ea123bc85b30f3c7f1f8a0de47c8366352fc37c099890eab75c8cba62cb8"",""quantization_stress_18q_l2:1dpu_t8"":""9d1e1ae9a325d84cef97b0fd9beffa9d4b3d783f00a4e38f6fce3a17114d3abb"",""quantization_stress_18q_l2:4dpu_t8"":""9d1e1ae9a325d84cef97b0fd9beffa9d4b3d783f00a4e38f6fce3a17114d3abb""}"
828,4,2.238561492654111,1.0,7,0.22063680206282787,0.7768451800394555,0.002518017897716659,0.11031840103141394,0.11031840103141394,0.7768451800394555,0.002518017897716659,0.0,0.0,"{""edc_18q:1dpu_t8"":""cf23b184355b080f3bead1d9d754a3c2c295746793109413aedfff30da27b94e"",""edc_18q:4dpu_t8"":""cf23b184355b080f3bead1d9d754a3c2c295746793109413aedfff30da27b94e"",""ghz_chain_18q:1dpu_t8"":""9f9e62a16e205e4bd5eb1d1b8f62cade3177ef00fa9bd4dc15c899a41b00d3d0"",""ghz_chain_18q:4dpu_t8"":""9f9e62a16e205e4bd5eb1d1b8f62cade3177ef00fa9bd4dc15c899a41b00d3d0"",""hs_18q_d1:1dpu_t8"":""bf83ea123bc85b30f3c7f1f8a0de47c8366352fc37c099890eab75c8cba62cb8"",""hs_18q_d1:4dpu_t8"":""0f172b4535a71fb59dd5d4f406df828c33333cda1113d1c71db08b5d0e989d1e"",""quantization_stress_18q_l2:1dpu_t8"":""9d1e1ae9a325d84cef97b0fd9beffa9d4b3d783f00a4e38f6fce3a17114d3abb"",""quantization_stress_18q_l2:4dpu_t8"":""9d1e1ae9a325d84cef97b0fd9beffa9d4b3d783f00a4e38f6fce3a17114d3abb""}"
829,5,2.2416643941397685,1.0,6,0.024368166273412584,0.9754242110524387,0.00020762267414873057,0.012184083136706292,0.012184083136706292,0.9754242110524387,0.00020762267414873057,0.0,0.0,"{""edc_18q:1dpu_t8"":""cf23b184355b080f3bead1d9d754a3c2c295746793109413aedfff30da27b94e"",""edc_18q:4dpu_t8"":""cf23b184355b080f3bead1d9d754a3c2c295746793109413aedfff30da27b94e"",""ghz_chain_18q:1dpu_t8"":""9f9e62a16e205e4bd5eb1d1b8f62cade3177ef00fa9bd4dc15c899a41b00d3d0"",""ghz_chain_18q:4dpu_t8"":""9f9e62a16e205e4bd5eb1d1b8f62cade3177ef00fa9bd4dc15c899a41b00d3d0"",""hs_18q_d1:1dpu_t8"":""bf83ea123bc85b30f3c7f1f8a0de47c8366352fc37c099890eab75c8cba62cb8"",""hs_18q_d1:4dpu_t8"":""bf83ea123bc85b30f3c7f1f8a0de47c8366352fc37c099890eab75c8cba62cb8"",""quantization_stress_18q_l2:1dpu_t8"":""9d1e1ae9a325d84cef97b0fd9beffa9d4b3d783f00a4e38f6fce3a17114d3abb"",""quantization_stress_18q_l2:4dpu_t8"":""9d1e1ae9a325d84cef97b0fd9beffa9d4b3d783f00a4e38f6fce3a17114d3abb""}"
830,3,2.2773742080134247,1.0163179096347865,8,0.0,1.0,0.0,0.0,0.0,1.0,0.0,0.0,0.0,"{""edc_18q:1dpu_t8"":""cf23b184355b080f3bead1d9d754a3c2c295746793109413aedfff30da27b94e"",""edc_18q:4dpu_t8"":""cf23b184355b080f3bead1d9d754a3c2c295746793109413aedfff30da27b94e"",""ghz_chain_18q:1dpu_t8"":""9f9e62a16e205e4bd5eb1d1b8f62cade3177ef00fa9bd4dc15c899a41b00d3d0"",""ghz_chain_18q:4dpu_t8"":""9f9e62a16e205e4bd5eb1d1b8f62cade3177ef00fa9bd4dc15c899a41b00d3d0"",""hs_18q_d1:1dpu_t8"":""0f172b4535a71fb59dd5d4f406df828c33333cda1113d1c71db08b5d0e989d1e"",""hs_18q_d1:4dpu_t8"":""0f172b4535a71fb59dd5d4f406df828c33333cda1113d1c71db08b5d0e989d1e"",""quantization_stress_18q_l2:1dpu_t8"":""9d1e1ae9a325d84cef97b0fd9beffa9d4b3d783f00a4e38f6fce3a17114d3abb"",""quantization_stress_18q_l2:4dpu_t8"":""9d1e1ae9a325d84cef97b0fd9beffa9d4b3d783f00a4e38f6fce3a17114d3abb""}"
831,5,2.2359280335752185,1.0,6,0.024368166273412584,0.9754242110524387,0.00020762267414873057,0.012184083136706292,0.012184083136706292,0.9754242110524387,0.00020762267414873057,0.0,0.0,"{""edc_18q:1dpu_t8"":""cf23b184355b080f3bead1d9d754a3c2c295746793109413aedfff30da27b94e"",""edc_18q:4dpu_t8"":""cf23b184355b080f3bead1d9d754a3c2c295746793109413aedfff30da27b94e"",""ghz_chain_18q:1dpu_t8"":""9f9e62a16e205e4bd5eb1d1b8f62cade3177ef00fa9bd4dc15c899a41b00d3d0"",""ghz_chain_18q:4dpu_t8"":""9f9e62a16e205e4bd5eb1d1b8f62cade3177ef00fa9bd4dc15c899a41b00d3d0"",""hs_18q_d1:1dpu_t8"":""bf83ea123bc85b30f3c7f1f8a0de47c8366352fc37c099890eab75c8cba62cb8"",""hs_18q_d1:4dpu_t8"":""bf83ea123bc85b30f3c7f1f8a0de47c8366352fc37c099890eab75c8cba62cb8"",""quantization_stress_18q_l2:1dpu_t8"":""9d1e1ae9a325d84cef97b0fd9beffa9d4b3d783f00a4e38f6fce3a17114d3abb"",""quantization_stress_18q_l2:4dpu_t8"":""9d1e1ae9a325d84cef97b0fd9beffa9d4b3d783f00a4e38f6fce3a17114d3abb""}"
832,4,2.2672181902405617,1.0,7,0.22063680206282787,0.7768451800394555,0.002518017897716659,0.11031840103141394,0.11031840103141394,0.7768451800394555,0.002518017897716659,0.0,0.0,"{""edc_18q:1dpu_t8"":""cf23b184355b080f3bead1d9d754a3c2c295746793109413aedfff30da27b94e"",""edc_18q:4dpu_t8"":""cf23b184355b080f3bead1d9d754a3c2c295746793109413aedfff30da27b94e"",""ghz_chain_18q:1dpu_t8"":""9f9e62a16e205e4bd5eb1d1b8f62cade3177ef00fa9bd4dc15c899a41b00d3d0"",""ghz_chain_18q:4dpu_t8"":""9f9e62a16e205e4bd5eb1d1b8f62cade3177ef00fa9bd4dc15c899a41b00d3d0"",""hs_18q_d1:1dpu_t8"":""bf83ea123bc85b30f3c7f1f8a0de47c8366352fc37c099890eab75c8cba62cb8"",""hs_18q_d1:4dpu_t8"":""0f172b4535a71fb59dd5d4f406df828c33333cda1113d1c71db08b5d0e989d1e"",""quantization_stress_18q_l2:1dpu_t8"":""9d1e1ae9a325d84cef97b0fd9beffa9d4b3d783f00a4e38f6fce3a17114d3abb"",""quantization_stress_18q_l2:4dpu_t8"":""9d1e1ae9a325d84cef97b0fd9beffa9d4b3d783f00a4e38f6fce3a17114d3abb""}"
833,10,2.23071091722928,1.0,6,0.47630996810097936,0.518889877536195,0.004800154362825642,0.23815498405048968,0.23815498405048968,0.518889877536195,0.004800154362825642,0.0,0.0,"{""edc_18q:1dpu_t8"":""cf23b184355b080f3bead1d9d754a3c2c295746793109413aedfff30da27b94e"",""edc_18q:4dpu_t8"":""cf23b184355b080f3bead1d9d754a3c2c295746793109413aedfff30da27b94e"",""ghz_chain_18q:1dpu_t8"":""9f9e62a16e205e4bd5eb1d1b8f62cade3177ef00fa9bd4dc15c899a41b00d3d0"",""ghz_chain_18q:4dpu_t8"":""9f9e62a16e205e4bd5eb1d1b8f62cade3177ef00fa9bd4dc15c899a41b00d3d0"",""hs_18q_d1:1dpu_t8"":""bf83ea123bc85b30f3c7f1f8a0de47c8366352fc37c099890eab75c8cba62cb8"",""hs_18q_d1:4dpu_t8"":""bf83ea123bc85b30f3c7f1f8a0de47c8366352fc37c099890eab75c8cba62cb8"",""quantization_stress_18q_l2:1dpu_t8"":""e56fd025e7fdf900c75302bb6e7212f78d89deef09b236732a001e9f5c5001c1"",""quantization_stress_18q_l2:4dpu_t8"":""e56fd025e7fdf900c75302bb6e7212f78d89deef09b236732a001e9f5c5001c1""}"
834,4,2.257470805410101,1.0,7,0.22063680206282787,0.7768451800394555,0.002518017897716659,0.11031840103141394,0.11031840103141394,0.7768451800394555,0.002518017897716659,0.0,0.0,"{""edc_18q:1dpu_t8"":""cf23b184355b080f3bead1d9d754a3c2c295746793109413aedfff30da27b94e"",""edc_18q:4dpu_t8"":""cf23b184355b080f3bead1d9d754a3c2c295746793109413aedfff30da27b94e"",""ghz_chain_18q:1dpu_t8"":""9f9e62a16e205e4bd5eb1d1b8f62cade3177ef00fa9bd4dc15c899a41b00d3d0"",""ghz_chain_18q:4dpu_t8"":""9f9e62a16e205e4bd5eb1d1b8f62cade3177ef00fa9bd4dc15c899a41b00d3d0"",""hs_18q_d1:1dpu_t8"":""bf83ea123bc85b30f3c7f1f8a0de47c8366352fc37c099890eab75c8cba62cb8"",""hs_18q_d1:4dpu_t8"":""0f172b4535a71fb59dd5d4f406df828c33333cda1113d1c71db08b5d0e989d1e"",""quantization_stress_18q_l2:1dpu_t8"":""9d1e1ae9a325d84cef97b0fd9beffa9d4b3d783f00a4e38f6fce3a17114d3abb"",""quantization_stress_18q_l2:4dpu_t8"":""9d1e1ae9a325d84cef97b0fd9beffa9d4b3d783f00a4e38f6fce3a17114d3abb""}"
835,3,2.3004067189581514,1.0163179096347865,8,0.0,1.0,0.0,0.0,0.0,1.0,0.0,0.0,0.0,"{""edc_18q:1dpu_t8"":""cf23b184355b080f3bead1d9d754a3c2c295746793109413aedfff30da27b94e"",""edc_18q:4dpu_t8"":""cf23b184355b080f3bead1d9d754a3c2c295746793109413aedfff30da27b94e"",""ghz_chain_18q:1dpu_t8"":""9f9e62a16e205e4bd5eb1d1b8f62cade3177ef00fa9bd4dc15c899a41b00d3d0"",""ghz_chain_18q:4dpu_t8"":""9f9e62a16e205e4bd5eb1d1b8f62cade3177ef00fa9bd4dc15c899a41b00d3d0"",""hs_18q_d1:1dpu_t8"":""0f172b4535a71fb59dd5d4f406df828c33333cda1113d1c71db08b5d0e989d1e"",""hs_18q_d1:4dpu_t8"":""0f172b4535a71fb59dd5d4f406df828c33333cda1113d1c71db08b5d0e989d1e"",""quantization_stress_18q_l2:1dpu_t8"":""9d1e1ae9a325d84cef97b0fd9beffa9d4b3d783f00a4e38f6fce3a17114d3abb"",""quantization_stress_18q_l2:4dpu_t8"":""9d1e1ae9a325d84cef97b0fd9beffa9d4b3d783f00a4e38f6fce3a17114d3abb""}"
836,5,2.2485630586078584,1.0,6,0.024368166273412584,0.9754242110524387,0.00020762267414873057,0.012184083136706292,0.012184083136706292,0.9754242110524387,0.00020762267414873057,0.0,0.0,"{""edc_18q:1dpu_t8"":""cf23b184355b080f3bead1d9d754a3c2c295746793109413aedfff30da27b94e"",""edc_18q:4dpu_t8"":""cf23b184355b080f3bead1d9d754a3c2c295746793109413aedfff30da27b94e"",""ghz_chain_18q:1dpu_t8"":""9f9e62a16e205e4bd5eb1d1b8f62cade3177ef00fa9bd4dc15c899a41b00d3d0"",""ghz_chain_18q:4dpu_t8"":""9f9e62a16e205e4bd5eb1d1b8f62cade3177ef00fa9bd4dc15c899a41b00d3d0"",""hs_18q_d1:1dpu_t8"":""bf83ea123bc85b30f3c7f1f8a0de47c8366352fc37c099890eab75c8cba62cb8"",""hs_18q_d1:4dpu_t8"":""bf83ea123bc85b30f3c7f1f8a0de47c8366352fc37c099890eab75c8cba62cb8"",""quantization_stress_18q_l2:1dpu_t8"":""9d1e1ae9a325d84cef97b0fd9beffa9d4b3d783f00a4e38f6fce3a17114d3abb"",""quantization_stress_18q_l2:4dpu_t8"":""9d1e1ae9a325d84cef97b0fd9beffa9d4b3d783f00a4e38f6fce3a17114d3abb""}"
837,4,2.2491721581540958,1.0,7,0.22063680206282787,0.7768451800394555,0.002518017897716659,0.11031840103141394,0.11031840103141394,0.7768451800394555,0.002518017897716659,0.0,0.0,"{""edc_18q:1dpu_t8"":""cf23b184355b080f3bead1d9d754a3c2c295746793109413aedfff30da27b94e"",""edc_18q:4dpu_t8"":""cf23b184355b080f3bead1d9d754a3c2c295746793109413aedfff30da27b94e"",""ghz_chain_18q:1dpu_t8"":""9f9e62a16e205e4bd5eb1d1b8f62cade3177ef00fa9bd4dc15c899a41b00d3d0"",""ghz_chain_18q:4dpu_t8"":""9f9e62a16e205e4bd5eb1d1b8f62cade3177ef00fa9bd4dc15c899a41b00d3d0"",""hs_18q_d1:1dpu_t8"":""bf83ea123bc85b30f3c7f1f8a0de47c8366352fc37c099890eab75c8cba62cb8"",""hs_18q_d1:4dpu_t8"":""0f172b4535a71fb59dd5d4f406df828c33333cda1113d1c71db08b5d0e989d1e"",""quantization_stress_18q_l2:1dpu_t8"":""9d1e1ae9a325d84cef97b0fd9beffa9d4b3d783f00a4e38f6fce3a17114d3abb"",""quantization_stress_18q_l2:4dpu_t8"":""9d1e1ae9a325d84cef97b0fd9beffa9d4b3d783f00a4e38f6fce3a17114d3abb""}"
838,3,2.3085541490678545,1.041845644222677,8,0.0,1.0,0.0,0.0,0.0,1.0,0.0,0.0,0.0,"{""edc_18q:1dpu_t8"":""cf23b184355b080f3bead1d9d754a3c2c295746793109413aedfff30da27b94e"",""edc_18q:4dpu_t8"":""cf23b184355b080f3bead1d9d754a3c2c295746793109413aedfff30da27b94e"",""ghz_chain_18q:1dpu_t8"":""9f9e62a16e205e4bd5eb1d1b8f62cade3177ef00fa9bd4dc15c899a41b00d3d0"",""ghz_chain_18q:4dpu_t8"":""9f9e62a16e205e4bd5eb1d1b8f62cade3177ef00fa9bd4dc15c899a41b00d3d0"",""hs_18q_d1:1dpu_t8"":""0f172b4535a71fb59dd5d4f406df828c33333cda1113d1c71db08b5d0e989d1e"",""hs_18q_d1:4dpu_t8"":""0f172b4535a71fb59dd5d4f406df828c33333cda1113d1c71db08b5d0e989d1e"",""quantization_stress_18q_l2:1dpu_t8"":""9d1e1ae9a325d84cef97b0fd9beffa9d4b3d783f00a4e38f6fce3a17114d3abb"",""quantization_stress_18q_l2:4dpu_t8"":""9d1e1ae9a325d84cef97b0fd9beffa9d4b3d783f00a4e38f6fce3a17114d3abb""}"
839,4,2.256797423450547,1.0,7,0.22063680206282787,0.7768451800394555,0.002518017897716659,0.11031840103141394,0.11031840103141394,0.7768451800394555,0.002518017897716659,0.0,0.0,"{""edc_18q:1dpu_t8"":""cf23b184355b080f3bead1d9d754a3c2c295746793109413aedfff30da27b94e"",""edc_18q:4dpu_t8"":""cf23b184355b080f3bead1d9d754a3c2c295746793109413aedfff30da27b94e"",""ghz_chain_18q:1dpu_t8"":""9f9e62a16e205e4bd5eb1d1b8f62cade3177ef00fa9bd4dc15c899a41b00d3d0"",""ghz_chain_18q:4dpu_t8"":""9f9e62a16e205e4bd5eb1d1b8f62cade3177ef00fa9bd4dc15c899a41b00d3d0"",""hs_18q_d1:1dpu_t8"":""bf83ea123bc85b30f3c7f1f8a0de47c8366352fc37c099890eab75c8cba62cb8"",""hs_18q_d1:4dpu_t8"":""0f172b4535a71fb59dd5d4f406df828c33333cda1113d1c71db08b5d0e989d1e"",""quantization_stress_18q_l2:1dpu_t8"":""9d1e1ae9a325d84cef97b0fd9beffa9d4b3d783f00a4e38f6fce3a17114d3abb"",""quantization_stress_18q_l2:4dpu_t8"":""9d1e1ae9a325d84cef97b0fd9beffa9d4b3d783f00a4e38f6fce3a17114d3abb""}"
840,5,2.2357392910918077,1.0,6,0.024368166273412584,0.9754242110524387,0.00020762267414873057,0.012184083136706292,0.012184083136706292,0.9754242110524387,0.00020762267414873057,0.0,0.0,"{""edc_18q:1dpu_t8"":""cf23b184355b080f3bead1d9d754a3c2c295746793109413aedfff30da27b94e"",""edc_18q:4dpu_t8"":""cf23b184355b080f3bead1d9d754a3c2c295746793109413aedfff30da27b94e"",""ghz_chain_18q:1dpu_t8"":""9f9e62a16e205e4bd5eb1d1b8f62cade3177ef00fa9bd4dc15c899a41b00d3d0"",""ghz_chain_18q:4dpu_t8"":""9f9e62a16e205e4bd5eb1d1b8f62cade3177ef00fa9bd4dc15c899a41b00d3d0"",""hs_18q_d1:1dpu_t8"":""bf83ea123bc85b30f3c7f1f8a0de47c8366352fc37c099890eab75c8cba62cb8"",""hs_18q_d1:4dpu_t8"":""bf83ea123bc85b30f3c7f1f8a0de47c8366352fc37c099890eab75c8cba62cb8"",""quantization_stress_18q_l2:1dpu_t8"":""9d1e1ae9a325d84cef97b0fd9beffa9d4b3d783f00a4e38f6fce3a17114d3abb"",""quantization_stress_18q_l2:4dpu_t8"":""9d1e1ae9a325d84cef97b0fd9beffa9d4b3d783f00a4e38f6fce3a17114d3abb""}"
841,3,2.2921573758910916,1.041845644222677,8,0.0,1.0,0.0,0.0,0.0,1.0,0.0,0.0,0.0,"{""edc_18q:1dpu_t8"":""cf23b184355b080f3bead1d9d754a3c2c295746793109413aedfff30da27b94e"",""edc_18q:4dpu_t8"":""cf23b184355b080f3bead1d9d754a3c2c295746793109413aedfff30da27b94e"",""ghz_chain_18q:1dpu_t8"":""9f9e62a16e205e4bd5eb1d1b8f62cade3177ef00fa9bd4dc15c899a41b00d3d0"",""ghz_chain_18q:4dpu_t8"":""9f9e62a16e205e4bd5eb1d1b8f62cade3177ef00fa9bd4dc15c899a41b00d3d0"",""hs_18q_d1:1dpu_t8"":""0f172b4535a71fb59dd5d4f406df828c33333cda1113d1c71db08b5d0e989d1e"",""hs_18q_d1:4dpu_t8"":""0f172b4535a71fb59dd5d4f406df828c33333cda1113d1c71db08b5d0e989d1e"",""quantization_stress_18q_l2:1dpu_t8"":""9d1e1ae9a325d84cef97b0fd9beffa9d4b3d783f00a4e38f6fce3a17114d3abb"",""quantization_stress_18q_l2:4dpu_t8"":""9d1e1ae9a325d84cef97b0fd9beffa9d4b3d783f00a4e38f6fce3a17114d3abb""}"
842,5,2.2212106322852656,1.0,6,0.024368166273412584,0.9754242110524387,0.00020762267414873057,0.012184083136706292,0.012184083136706292,0.9754242110524387,0.00020762267414873057,0.0,0.0,"{""edc_18q:1dpu_t8"":""cf23b184355b080f3bead1d9d754a3c2c295746793109413aedfff30da27b94e"",""edc_18q:4dpu_t8"":""cf23b184355b080f3bead1d9d754a3c2c295746793109413aedfff30da27b94e"",""ghz_chain_18q:1dpu_t8"":""9f9e62a16e205e4bd5eb1d1b8f62cade3177ef00fa9bd4dc15c899a41b00d3d0"",""ghz_chain_18q:4dpu_t8"":""9f9e62a16e205e4bd5eb1d1b8f62cade3177ef00fa9bd4dc15c899a41b00d3d0"",""hs_18q_d1:1dpu_t8"":""bf83ea123bc85b30f3c7f1f8a0de47c8366352fc37c099890eab75c8cba62cb8"",""hs_18q_d1:4dpu_t8"":""bf83ea123bc85b30f3c7f1f8a0de47c8366352fc37c099890eab75c8cba62cb8"",""quantization_stress_18q_l2:1dpu_t8"":""9d1e1ae9a325d84cef97b0fd9beffa9d4b3d783f00a4e38f6fce3a17114d3abb"",""quantization_stress_18q_l2:4dpu_t8"":""9d1e1ae9a325d84cef97b0fd9beffa9d4b3d783f00a4e38f6fce3a17114d3abb""}"
843,4,2.2398569167131086,1.0,7,0.22063680206282787,0.7768451800394555,0.002518017897716659,0.11031840103141394,0.11031840103141394,0.7768451800394555,0.002518017897716659,0.0,0.0,"{""edc_18q:1dpu_t8"":""cf23b184355b080f3bead1d9d754a3c2c295746793109413aedfff30da27b94e"",""edc_18q:4dpu_t8"":""cf23b184355b080f3bead1d9d754a3c2c295746793109413aedfff30da27b94e"",""ghz_chain_18q:1dpu_t8"":""9f9e62a16e205e4bd5eb1d1b8f62cade3177ef00fa9bd4dc15c899a41b00d3d0"",""ghz_chain_18q:4dpu_t8"":""9f9e62a16e205e4bd5eb1d1b8f62cade3177ef00fa9bd4dc15c899a41b00d3d0"",""hs_18q_d1:1dpu_t8"":""bf83ea123bc85b30f3c7f1f8a0de47c8366352fc37c099890eab75c8cba62cb8"",""hs_18q_d1:4dpu_t8"":""0f172b4535a71fb59dd5d4f406df828c33333cda1113d1c71db08b5d0e989d1e"",""quantization_stress_18q_l2:1dpu_t8"":""9d1e1ae9a325d84cef97b0fd9beffa9d4b3d783f00a4e38f6fce3a17114d3abb"",""quantization_stress_18q_l2:4dpu_t8"":""9d1e1ae9a325d84cef97b0fd9beffa9d4b3d783f00a4e38f6fce3a17114d3abb""}"
844,5,2.240200284232488,1.0,6,0.024368166273412584,0.9754242110524387,0.00020762267414873057,0.012184083136706292,0.012184083136706292,0.9754242110524387,0.00020762267414873057,0.0,0.0,"{""edc_18q:1dpu_t8"":""cf23b184355b080f3bead1d9d754a3c2c295746793109413aedfff30da27b94e"",""edc_18q:4dpu_t8"":""cf23b184355b080f3bead1d9d754a3c2c295746793109413aedfff30da27b94e"",""ghz_chain_18q:1dpu_t8"":""9f9e62a16e205e4bd5eb1d1b8f62cade3177ef00fa9bd4dc15c899a41b00d3d0"",""ghz_chain_18q:4dpu_t8"":""9f9e62a16e205e4bd5eb1d1b8f62cade3177ef00fa9bd4dc15c899a41b00d3d0"",""hs_18q_d1:1dpu_t8"":""bf83ea123bc85b30f3c7f1f8a0de47c8366352fc37c099890eab75c8cba62cb8"",""hs_18q_d1:4dpu_t8"":""bf83ea123bc85b30f3c7f1f8a0de47c8366352fc37c099890eab75c8cba62cb8"",""quantization_stress_18q_l2:1dpu_t8"":""9d1e1ae9a325d84cef97b0fd9beffa9d4b3d783f00a4e38f6fce3a17114d3abb"",""quantization_stress_18q_l2:4dpu_t8"":""9d1e1ae9a325d84cef97b0fd9beffa9d4b3d783f00a4e38f6fce3a17114d3abb""}"
845,9,2.245101198136453,1.0,7,0.5414741851996391,0.45232358896253566,0.006202225837825213,0.27073709259981954,0.27073709259981954,0.45232358896253566,0.006202225837825213,0.0,0.0,"{""edc_18q:1dpu_t8"":""cf23b184355b080f3bead1d9d754a3c2c295746793109413aedfff30da27b94e"",""edc_18q:4dpu_t8"":""cf23b184355b080f3bead1d9d754a3c2c295746793109413aedfff30da27b94e"",""ghz_chain_18q:1dpu_t8"":""9f9e62a16e205e4bd5eb1d1b8f62cade3177ef00fa9bd4dc15c899a41b00d3d0"",""ghz_chain_18q:4dpu_t8"":""9f9e62a16e205e4bd5eb1d1b8f62cade3177ef00fa9bd4dc15c899a41b00d3d0"",""hs_18q_d1:1dpu_t8"":""bf83ea123bc85b30f3c7f1f8a0de47c8366352fc37c099890eab75c8cba62cb8"",""hs_18q_d1:4dpu_t8"":""0f172b4535a71fb59dd5d4f406df828c33333cda1113d1c71db08b5d0e989d1e"",""quantization_stress_18q_l2:1dpu_t8"":""e56fd025e7fdf900c75302bb6e7212f78d89deef09b236732a001e9f5c5001c1"",""quantization_stress_18q_l2:4dpu_t8"":""e56fd025e7fdf900c75302bb6e7212f78d89deef09b236732a001e9f5c5001c1""}"
846,5,2.234772326526711,1.0,6,0.024368166273412584,0.9754242110524387,0.00020762267414873057,0.012184083136706292,0.012184083136706292,0.9754242110524387,0.00020762267414873057,0.0,0.0,"{""edc_18q:1dpu_t8"":""cf23b184355b080f3bead1d9d754a3c2c295746793109413aedfff30da27b94e"",""edc_18q:4dpu_t8"":""cf23b184355b080f3bead1d9d754a3c2c295746793109413aedfff30da27b94e"",""ghz_chain_18q:1dpu_t8"":""9f9e62a16e205e4bd5eb1d1b8f62cade3177ef00fa9bd4dc15c899a41b00d3d0"",""ghz_chain_18q:4dpu_t8"":""9f9e62a16e205e4bd5eb1d1b8f62cade3177ef00fa9bd4dc15c899a41b00d3d0"",""hs_18q_d1:1dpu_t8"":""bf83ea123bc85b30f3c7f1f8a0de47c8366352fc37c099890eab75c8cba62cb8"",""hs_18q_d1:4dpu_t8"":""bf83ea123bc85b30f3c7f1f8a0de47c8366352fc37c099890eab75c8cba62cb8"",""quantization_stress_18q_l2:1dpu_t8"":""9d1e1ae9a325d84cef97b0fd9beffa9d4b3d783f00a4e38f6fce3a17114d3abb"",""quantization_stress_18q_l2:4dpu_t8"":""9d1e1ae9a325d84cef97b0fd9beffa9d4b3d783f00a4e38f6fce3a17114d3abb""}"
847,8,2.2761419887987873,1.041845644222677,8,0.3715322706836804,0.40507521716230527,0.2233925121540143,0.1857661353418402,0.1857661353418402,0.40507521716230527,0.2233925121540143,0.0,0.0,"{""edc_18q:1dpu_t8"":""cf23b184355b080f3bead1d9d754a3c2c295746793109413aedfff30da27b94e"",""edc_18q:4dpu_t8"":""cf23b184355b080f3bead1d9d754a3c2c295746793109413aedfff30da27b94e"",""ghz_chain_18q:1dpu_t8"":""9f9e62a16e205e4bd5eb1d1b8f62cade3177ef00fa9bd4dc15c899a41b00d3d0"",""ghz_chain_18q:4dpu_t8"":""9f9e62a16e205e4bd5eb1d1b8f62cade3177ef00fa9bd4dc15c899a41b00d3d0"",""hs_18q_d1:1dpu_t8"":""0f172b4535a71fb59dd5d4f406df828c33333cda1113d1c71db08b5d0e989d1e"",""hs_18q_d1:4dpu_t8"":""0f172b4535a71fb59dd5d4f406df828c33333cda1113d1c71db08b5d0e989d1e"",""quantization_stress_18q_l2:1dpu_t8"":""e56fd025e7fdf900c75302bb6e7212f78d89deef09b236732a001e9f5c5001c1"",""quantization_stress_18q_l2:4dpu_t8"":""e56fd025e7fdf900c75302bb6e7212f78d89deef09b236732a001e9f5c5001c1""}"
848,5,2.252452012167817,1.0,6,0.024368166273412584,0.9754242110524387,0.00020762267414873057,0.012184083136706292,0.012184083136706292,0.9754242110524387,0.00020762267414873057,0.0,0.0,"{""edc_18q:1dpu_t8"":""cf23b184355b080f3bead1d9d754a3c2c295746793109413aedfff30da27b94e"",""edc_18q:4dpu_t8"":""cf23b184355b080f3bead1d9d754a3c2c295746793109413aedfff30da27b94e"",""ghz_chain_18q:1dpu_t8"":""9f9e62a16e205e4bd5eb1d1b8f62cade3177ef00fa9bd4dc15c899a41b00d3d0"",""ghz_chain_18q:4dpu_t8"":""9f9e62a16e205e4bd5eb1d1b8f62cade3177ef00fa9bd4dc15c899a41b00d3d0"",""hs_18q_d1:1dpu_t8"":""bf83ea123bc85b30f3c7f1f8a0de47c8366352fc37c099890eab75c8cba62cb8"",""hs_18q_d1:4dpu_t8"":""bf83ea123bc85b30f3c7f1f8a0de47c8366352fc37c099890eab75c8cba62cb8"",""quantization_stress_18q_l2:1dpu_t8"":""9d1e1ae9a325d84cef97b0fd9beffa9d4b3d783f00a4e38f6fce3a17114d3abb"",""quantization_stress_18q_l2:4dpu_t8"":""9d1e1ae9a325d84cef97b0fd9beffa9d4b3d783f00a4e38f6fce3a17114d3abb""}"
849,4,2.231238597078274,1.0,7,0.22063680206282787,0.7768451800394555,0.002518017897716659,0.11031840103141394,0.11031840103141394,0.7768451800394555,0.002518017897716659,0.0,0.0,"{""edc_18q:1dpu_t8"":""cf23b184355b080f3bead1d9d754a3c2c295746793109413aedfff30da27b94e"",""edc_18q:4dpu_t8"":""cf23b184355b080f3bead1d9d754a3c2c295746793109413aedfff30da27b94e"",""ghz_chain_18q:1dpu_t8"":""9f9e62a16e205e4bd5eb1d1b8f62cade3177ef00fa9bd4dc15c899a41b00d3d0"",""ghz_chain_18q:4dpu_t8"":""9f9e62a16e205e4bd5eb1d1b8f62cade3177ef00fa9bd4dc15c899a41b00d3d0"",""hs_18q_d1:1dpu_t8"":""bf83ea123bc85b30f3c7f1f8a0de47c8366352fc37c099890eab75c8cba62cb8"",""hs_18q_d1:4dpu_t8"":""0f172b4535a71fb59dd5d4f406df828c33333cda1113d1c71db08b5d0e989d1e"",""quantization_stress_18q_l2:1dpu_t8"":""9d1e1ae9a325d84cef97b0fd9beffa9d4b3d783f00a4e38f6fce3a17114d3abb"",""quantization_stress_18q_l2:4dpu_t8"":""9d1e1ae9a325d84cef97b0fd9beffa9d4b3d783f00a4e38f6fce3a17114d3abb""}"
850,5,2.244446645088241,1.0,6,0.024368166273412584,0.9754242110524387,0.00020762267414873057,0.012184083136706292,0.012184083136706292,0.9754242110524387,0.00020762267414873057,0.0,0.0,"{""edc_18q:1dpu_t8"":""cf23b184355b080f3bead1d9d754a3c2c295746793109413aedfff30da27b94e"",""edc_18q:4dpu_t8"":""cf23b184355b080f3bead1d9d754a3c2c295746793109413aedfff30da27b94e"",""ghz_chain_18q:1dpu_t8"":""9f9e62a16e205e4bd5eb1d1b8f62cade3177ef00fa9bd4dc15c899a41b00d3d0"",""ghz_chain_18q:4dpu_t8"":""9f9e62a16e205e4bd5eb1d1b8f62cade3177ef00fa9bd4dc15c899a41b00d3d0"",""hs_18q_d1:1dpu_t8"":""bf83ea123bc85b30f3c7f1f8a0de47c8366352fc37c099890eab75c8cba62cb8"",""hs_18q_d1:4dpu_t8"":""bf83ea123bc85b30f3c7f1f8a0de47c8366352fc37c099890eab75c8cba62cb8"",""quantization_stress_18q_l2:1dpu_t8"":""9d1e1ae9a325d84cef97b0fd9beffa9d4b3d783f00a4e38f6fce3a17114d3abb"",""quantization_stress_18q_l2:4dpu_t8"":""9d1e1ae9a325d84cef97b0fd9beffa9d4b3d783f00a4e38f6fce3a17114d3abb""}"
851,4,2.2461262675610625,1.0,7,0.22063680206282787,0.7768451800394555,0.002518017897716659,0.11031840103141394,0.11031840103141394,0.7768451800394555,0.002518017897716659,0.0,0.0,"{""edc_18q:1dpu_t8"":""cf23b184355b080f3bead1d9d754a3c2c295746793109413aedfff30da27b94e"",""edc_18q:4dpu_t8"":""cf23b184355b080f3bead1d9d754a3c2c295746793109413aedfff30da27b94e"",""ghz_chain_18q:1dpu_t8"":""9f9e62a16e205e4bd5eb1d1b8f62cade3177ef00fa9bd4dc15c899a41b00d3d0"",""ghz_chain_18q:4dpu_t8"":""9f9e62a16e205e4bd5eb1d1b8f62cade3177ef00fa9bd4dc15c899a41b00d3d0"",""hs_18q_d1:1dpu_t8"":""bf83ea123bc85b30f3c7f1f8a0de47c8366352fc37c099890eab75c8cba62cb8"",""hs_18q_d1:4dpu_t8"":""0f172b4535a71fb59dd5d4f406df828c33333cda1113d1c71db08b5d0e989d1e"",""quantization_stress_18q_l2:1dpu_t8"":""9d1e1ae9a325d84cef97b0fd9beffa9d4b3d783f00a4e38f6fce3a17114d3abb"",""quantization_stress_18q_l2:4dpu_t8"":""9d1e1ae9a325d84cef97b0fd9beffa9d4b3d783f00a4e38f6fce3a17114d3abb""}"
852,10,2.231751736683336,1.0,6,0.47630996810097936,0.518889877536195,0.004800154362825642,0.23815498405048968,0.23815498405048968,0.518889877536195,0.004800154362825642,0.0,0.0,"{""edc_18q:1dpu_t8"":""cf23b184355b080f3bead1d9d754a3c2c295746793109413aedfff30da27b94e"",""edc_18q:4dpu_t8"":""cf23b184355b080f3bead1d9d754a3c2c295746793109413aedfff30da27b94e"",""ghz_chain_18q:1dpu_t8"":""9f9e62a16e205e4bd5eb1d1b8f62cade3177ef00fa9bd4dc15c899a41b00d3d0"",""ghz_chain_18q:4dpu_t8"":""9f9e62a16e205e4bd5eb1d1b8f62cade3177ef00fa9bd4dc15c899a41b00d3d0"",""hs_18q_d1:1dpu_t8"":""bf83ea123bc85b30f3c7f1f8a0de47c8366352fc37c099890eab75c8cba62cb8"",""hs_18q_d1:4dpu_t8"":""bf83ea123bc85b30f3c7f1f8a0de47c8366352fc37c099890eab75c8cba62cb8"",""quantization_stress_18q_l2:1dpu_t8"":""e56fd025e7fdf900c75302bb6e7212f78d89deef09b236732a001e9f5c5001c1"",""quantization_stress_18q_l2:4dpu_t8"":""e56fd025e7fdf900c75302bb6e7212f78d89deef09b236732a001e9f5c5001c1""}"
853,10,2.2410043469394005,1.0,6,0.47630996810097936,0.518889877536195,0.004800154362825642,0.23815498405048968,0.23815498405048968,0.518889877536195,0.004800154362825642,0.0,0.0,"{""edc_18q:1dpu_t8"":""cf23b184355b080f3bead1d9d754a3c2c295746793109413aedfff30da27b94e"",""edc_18q:4dpu_t8"":""cf23b184355b080f3bead1d9d754a3c2c295746793109413aedfff30da27b94e"",""ghz_chain_18q:1dpu_t8"":""9f9e62a16e205e4bd5eb1d1b8f62cade3177ef00fa9bd4dc15c899a41b00d3d0"",""ghz_chain_18q:4dpu_t8"":""9f9e62a16e205e4bd5eb1d1b8f62cade3177ef00fa9bd4dc15c899a41b00d3d0"",""hs_18q_d1:1dpu_t8"":""bf83ea123bc85b30f3c7f1f8a0de47c8366352fc37c099890eab75c8cba62cb8"",""hs_18q_d1:4dpu_t8"":""bf83ea123bc85b30f3c7f1f8a0de47c8366352fc37c099890eab75c8cba62cb8"",""quantization_stress_18q_l2:1dpu_t8"":""e56fd025e7fdf900c75302bb6e7212f78d89deef09b236732a001e9f5c5001c1"",""quantization_stress_18q_l2:4dpu_t8"":""e56fd025e7fdf900c75302bb6e7212f78d89deef09b236732a001e9f5c5001c1""}"
854,10,2.2556478580022814,1.0,6,0.47630996810097936,0.518889877536195,0.004800154362825642,0.23815498405048968,0.23815498405048968,0.518889877536195,0.004800154362825642,0.0,0.0,"{""edc_18q:1dpu_t8"":""cf23b184355b080f3bead1d9d754a3c2c295746793109413aedfff30da27b94e"",""edc_18q:4dpu_t8"":""cf23b184355b080f3bead1d9d754a3c2c295746793109413aedfff30da27b94e"",""ghz_chain_18q:1dpu_t8"":""9f9e62a16e205e4bd5eb1d1b8f62cade3177ef00fa9bd4dc15c899a41b00d3d0"",""ghz_chain_18q:4dpu_t8"":""9f9e62a16e205e4bd5eb1d1b8f62cade3177ef00fa9bd4dc15c899a41b00d3d0"",""hs_18q_d1:1dpu_t8"":""bf83ea123bc85b30f3c7f1f8a0de47c8366352fc37c099890eab75c8cba62cb8"",""hs_18q_d1:4dpu_t8"":""bf83ea123bc85b30f3c7f1f8a0de47c8366352fc37c099890eab75c8cba62cb8"",""quantization_stress_18q_l2:1dpu_t8"":""e56fd025e7fdf900c75302bb6e7212f78d89deef09b236732a001e9f5c5001c1"",""quantization_stress_18q_l2:4dpu_t8"":""e56fd025e7fdf900c75302bb6e7212f78d89deef09b236732a001e9f5c5001c1""}"
855,4,2.2546223636825626,1.0,7,0.22063680206282787,0.7768451800394555,0.002518017897716659,0.11031840103141394,0.11031840103141394,0.7768451800394555,0.002518017897716659,0.0,0.0,"{""edc_18q:1dpu_t8"":""cf23b184355b080f3bead1d9d754a3c2c295746793109413aedfff30da27b94e"",""edc_18q:4dpu_t8"":""cf23b184355b080f3bead1d9d754a3c2c295746793109413aedfff30da27b94e"",""ghz_chain_18q:1dpu_t8"":""9f9e62a16e205e4bd5eb1d1b8f62cade3177ef00fa9bd4dc15c899a41b00d3d0"",""ghz_chain_18q:4dpu_t8"":""9f9e62a16e205e4bd5eb1d1b8f62cade3177ef00fa9bd4dc15c899a41b00d3d0"",""hs_18q_d1:1dpu_t8"":""bf83ea123bc85b30f3c7f1f8a0de47c8366352fc37c099890eab75c8cba62cb8"",""hs_18q_d1:4dpu_t8"":""0f172b4535a71fb59dd5d4f406df828c33333cda1113d1c71db08b5d0e989d1e"",""quantization_stress_18q_l2:1dpu_t8"":""9d1e1ae9a325d84cef97b0fd9beffa9d4b3d783f00a4e38f6fce3a17114d3abb"",""quantization_stress_18q_l2:4dpu_t8"":""9d1e1ae9a325d84cef97b0fd9beffa9d4b3d783f00a4e38f6fce3a17114d3abb""}"
856,10,2.2253016544156417,1.0,6,0.47630996810097936,0.518889877536195,0.004800154362825642,0.23815498405048968,0.23815498405048968,0.518889877536195,0.004800154362825642,0.0,0.0,"{""edc_18q:1dpu_t8"":""cf23b184355b080f3bead1d9d754a3c2c295746793109413aedfff30da27b94e"",""edc_18q:4dpu_t8"":""cf23b184355b080f3bead1d9d754a3c2c295746793109413aedfff30da27b94e"",""ghz_chain_18q:1dpu_t8"":""9f9e62a16e205e4bd5eb1d1b8f62cade3177ef00fa9bd4dc15c899a41b00d3d0"",""ghz_chain_18q:4dpu_t8"":""9f9e62a16e205e4bd5eb1d1b8f62cade3177ef00fa9bd4dc15c899a41b00d3d0"",""hs_18q_d1:1dpu_t8"":""bf83ea123bc85b30f3c7f1f8a0de47c8366352fc37c099890eab75c8cba62cb8"",""hs_18q_d1:4dpu_t8"":""bf83ea123bc85b30f3c7f1f8a0de47c8366352fc37c099890eab75c8cba62cb8"",""quantization_stress_18q_l2:1dpu_t8"":""e56fd025e7fdf900c75302bb6e7212f78d89deef09b236732a001e9f5c5001c1"",""quantization_stress_18q_l2:4dpu_t8"":""e56fd025e7fdf900c75302bb6e7212f78d89deef09b236732a001e9f5c5001c1""}"
857,10,2.2531075203612914,1.0,6,0.47630996810097936,0.518889877536195,0.004800154362825642,0.23815498405048968,0.23815498405048968,0.518889877536195,0.004800154362825642,0.0,0.0,"{""edc_18q:1dpu_t8"":""cf23b184355b080f3bead1d9d754a3c2c295746793109413aedfff30da27b94e"",""edc_18q:4dpu_t8"":""cf23b184355b080f3bead1d9d754a3c2c295746793109413aedfff30da27b94e"",""ghz_chain_18q:1dpu_t8"":""9f9e62a16e205e4bd5eb1d1b8f62cade3177ef00fa9bd4dc15c899a41b00d3d0"",""ghz_chain_18q:4dpu_t8"":""9f9e62a16e205e4bd5eb1d1b8f62cade3177ef00fa9bd4dc15c899a41b00d3d0"",""hs_18q_d1:1dpu_t8"":""bf83ea123bc85b30f3c7f1f8a0de47c8366352fc37c099890eab75c8cba62cb8"",""hs_18q_d1:4dpu_t8"":""bf83ea123bc85b30f3c7f1f8a0de47c8366352fc37c099890eab75c8cba62cb8"",""quantization_stress_18q_l2:1dpu_t8"":""e56fd025e7fdf900c75302bb6e7212f78d89deef09b236732a001e9f5c5001c1"",""quantization_stress_18q_l2:4dpu_t8"":""e56fd025e7fdf900c75302bb6e7212f78d89deef09b236732a001e9f5c5001c1""}"
858,3,2.270531573083083,0.997529052435953,7,0.0,1.0,0.0,0.0,0.0,1.0,0.0,0.0,0.0,"{""edc_18q:1dpu_t8"":""cf23b184355b080f3bead1d9d754a3c2c295746793109413aedfff30da27b94e"",""edc_18q:4dpu_t8"":""cf23b184355b080f3bead1d9d754a3c2c295746793109413aedfff30da27b94e"",""ghz_chain_18q:1dpu_t8"":""9f9e62a16e205e4bd5eb1d1b8f62cade3177ef00fa9bd4dc15c899a41b00d3d0"",""ghz_chain_18q:4dpu_t8"":""9f9e62a16e205e4bd5eb1d1b8f62cade3177ef00fa9bd4dc15c899a41b00d3d0"",""hs_18q_d1:1dpu_t8"":""0f172b4535a71fb59dd5d4f406df828c33333cda1113d1c71db08b5d0e989d1e"",""hs_18q_d1:4dpu_t8"":""0f172b4535a71fb59dd5d4f406df828c33333cda1113d1c71db08b5d0e989d1e"",""quantization_stress_18q_l2:1dpu_t8"":""9d1e1ae9a325d84cef97b0fd9beffa9d4b3d783f00a4e38f6fce3a17114d3abb"",""quantization_stress_18q_l2:4dpu_t8"":""9d1e1ae9a325d84cef97b0fd9beffa9d4b3d783f00a4e38f6fce3a17114d3abb""}"
859,5,2.2230602581243586,1.0,6,0.024368166273412584,0.9754242110524387,0.00020762267414873057,0.012184083136706292,0.012184083136706292,0.9754242110524387,0.00020762267414873057,0.0,0.0,"{""edc_18q:1dpu_t8"":""cf23b184355b080f3bead1d9d754a3c2c295746793109413aedfff30da27b94e"",""edc_18q:4dpu_t8"":""cf23b184355b080f3bead1d9d754a3c2c295746793109413aedfff30da27b94e"",""ghz_chain_18q:1dpu_t8"":""9f9e62a16e205e4bd5eb1d1b8f62cade3177ef00fa9bd4dc15c899a41b00d3d0"",""ghz_chain_18q:4dpu_t8"":""9f9e62a16e205e4bd5eb1d1b8f62cade3177ef00fa9bd4dc15c899a41b00d3d0"",""hs_18q_d1:1dpu_t8"":""bf83ea123bc85b30f3c7f1f8a0de47c8366352fc37c099890eab75c8cba62cb8"",""hs_18q_d1:4dpu_t8"":""bf83ea123bc85b30f3c7f1f8a0de47c8366352fc37c099890eab75c8cba62cb8"",""quantization_stress_18q_l2:1dpu_t8"":""9d1e1ae9a325d84cef97b0fd9beffa9d4b3d783f00a4e38f6fce3a17114d3abb"",""quantization_stress_18q_l2:4dpu_t8"":""9d1e1ae9a325d84cef97b0fd9beffa9d4b3d783f00a4e38f6fce3a17114d3abb""}"
860,4,2.2461262675610625,1.0,7,0.22063680206282787,0.7768451800394555,0.002518017897716659,0.11031840103141394,0.11031840103141394,0.7768451800394555,0.002518017897716659,0.0,0.0,"{""edc_18q:1dpu_t8"":""cf23b184355b080f3bead1d9d754a3c2c295746793109413aedfff30da27b94e"",""edc_18q:4dpu_t8"":""cf23b184355b080f3bead1d9d754a3c2c295746793109413aedfff30da27b94e"",""ghz_chain_18q:1dpu_t8"":""9f9e62a16e205e4bd5eb1d1b8f62cade3177ef00fa9bd4dc15c899a41b00d3d0"",""ghz_chain_18q:4dpu_t8"":""9f9e62a16e205e4bd5eb1d1b8f62cade3177ef00fa9bd4dc15c899a41b00d3d0"",""hs_18q_d1:1dpu_t8"":""bf83ea123bc85b30f3c7f1f8a0de47c8366352fc37c099890eab75c8cba62cb8"",""hs_18q_d1:4dpu_t8"":""0f172b4535a71fb59dd5d4f406df828c33333cda1113d1c71db08b5d0e989d1e"",""quantization_stress_18q_l2:1dpu_t8"":""9d1e1ae9a325d84cef97b0fd9beffa9d4b3d783f00a4e38f6fce3a17114d3abb"",""quantization_stress_18q_l2:4dpu_t8"":""9d1e1ae9a325d84cef97b0fd9beffa9d4b3d783f00a4e38f6fce3a17114d3abb""}"
861,3,2.3034692783622748,1.041845644222677,8,0.0,1.0,0.0,0.0,0.0,1.0,0.0,0.0,0.0,"{""edc_18q:1dpu_t8"":""cf23b184355b080f3bead1d9d754a3c2c295746793109413aedfff30da27b94e"",""edc_18q:4dpu_t8"":""cf23b184355b080f3bead1d9d754a3c2c295746793109413aedfff30da27b94e"",""ghz_chain_18q:1dpu_t8"":""9f9e62a16e205e4bd5eb1d1b8f62cade3177ef00fa9bd4dc15c899a41b00d3d0"",""ghz_chain_18q:4dpu_t8"":""9f9e62a16e205e4bd5eb1d1b8f62cade3177ef00fa9bd4dc15c899a41b00d3d0"",""hs_18q_d1:1dpu_t8"":""0f172b4535a71fb59dd5d4f406df828c33333cda1113d1c71db08b5d0e989d1e"",""hs_18q_d1:4dpu_t8"":""0f172b4535a71fb59dd5d4f406df828c33333cda1113d1c71db08b5d0e989d1e"",""quantization_stress_18q_l2:1dpu_t8"":""9d1e1ae9a325d84cef97b0fd9beffa9d4b3d783f00a4e38f6fce3a17114d3abb"",""quantization_stress_18q_l2:4dpu_t8"":""9d1e1ae9a325d84cef97b0fd9beffa9d4b3d783f00a4e38f6fce3a17114d3abb""}"
862,5,2.2212106322852656,1.0,6,0.024368166273412584,0.9754242110524387,0.00020762267414873057,0.012184083136706292,0.012184083136706292,0.9754242110524387,0.00020762267414873057,0.0,0.0,"{""edc_18q:1dpu_t8"":""cf23b184355b080f3bead1d9d754a3c2c295746793109413aedfff30da27b94e"",""edc_18q:4dpu_t8"":""cf23b184355b080f3bead1d9d754a3c2c295746793109413aedfff30da27b94e"",""ghz_chain_18q:1dpu_t8"":""9f9e62a16e205e4bd5eb1d1b8f62cade3177ef00fa9bd4dc15c899a41b00d3d0"",""ghz_chain_18q:4dpu_t8"":""9f9e62a16e205e4bd5eb1d1b8f62cade3177ef00fa9bd4dc15c899a41b00d3d0"",""hs_18q_d1:1dpu_t8"":""bf83ea123bc85b30f3c7f1f8a0de47c8366352fc37c099890eab75c8cba62cb8"",""hs_18q_d1:4dpu_t8"":""bf83ea123bc85b30f3c7f1f8a0de47c8366352fc37c099890eab75c8cba62cb8"",""quantization_stress_18q_l2:1dpu_t8"":""9d1e1ae9a325d84cef97b0fd9beffa9d4b3d783f00a4e38f6fce3a17114d3abb"",""quantization_stress_18q_l2:4dpu_t8"":""9d1e1ae9a325d84cef97b0fd9beffa9d4b3d783f00a4e38f6fce3a17114d3abb""}"
863,9,2.2621045539065583,1.0,7,0.5414741851996391,0.45232358896253566,0.006202225837825213,0.27073709259981954,0.27073709259981954,0.45232358896253566,0.006202225837825213,0.0,0.0,"{""edc_18q:1dpu_t8"":""cf23b184355b080f3bead1d9d754a3c2c295746793109413aedfff30da27b94e"",""edc_18q:4dpu_t8"":""cf23b184355b080f3bead1d9d754a3c2c295746793109413aedfff30da27b94e"",""ghz_chain_18q:1dpu_t8"":""9f9e62a16e205e4bd5eb1d1b8f62cade3177ef00fa9bd4dc15c899a41b00d3d0"",""ghz_chain_18q:4dpu_t8"":""9f9e62a16e205e4bd5eb1d1b8f62cade3177ef00fa9bd4dc15c899a41b00d3d0"",""hs_18q_d1:1dpu_t8"":""bf83ea123bc85b30f3c7f1f8a0de47c8366352fc37c099890eab75c8cba62cb8"",""hs_18q_d1:4dpu_t8"":""0f172b4535a71fb59dd5d4f406df828c33333cda1113d1c71db08b5d0e989d1e"",""quantization_stress_18q_l2:1dpu_t8"":""e56fd025e7fdf900c75302bb6e7212f78d89deef09b236732a001e9f5c5001c1"",""quantization_stress_18q_l2:4dpu_t8"":""e56fd025e7fdf900c75302bb6e7212f78d89deef09b236732a001e9f5c5001c1""}"
864,10,2.2358624064790495,1.0,6,0.47630996810097936,0.518889877536195,0.004800154362825642,0.23815498405048968,0.23815498405048968,0.518889877536195,0.004800154362825642,0.0,0.0,"{""edc_18q:1dpu_t8"":""cf23b184355b080f3bead1d9d754a3c2c295746793109413aedfff30da27b94e"",""edc_18q:4dpu_t8"":""cf23b184355b080f3bead1d9d754a3c2c295746793109413aedfff30da27b94e"",""ghz_chain_18q:1dpu_t8"":""9f9e62a16e205e4bd5eb1d1b8f62cade3177ef00fa9bd4dc15c899a41b00d3d0"",""ghz_chain_18q:4dpu_t8"":""9f9e62a16e205e4bd5eb1d1b8f62cade3177ef00fa9bd4dc15c899a41b00d3d0"",""hs_18q_d1:1dpu_t8"":""bf83ea123bc85b30f3c7f1f8a0de47c8366352fc37c099890eab75c8cba62cb8"",""hs_18q_d1:4dpu_t8"":""bf83ea123bc85b30f3c7f1f8a0de47c8366352fc37c099890eab75c8cba62cb8"",""quantization_stress_18q_l2:1dpu_t8"":""e56fd025e7fdf900c75302bb6e7212f78d89deef09b236732a001e9f5c5001c1"",""quantization_stress_18q_l2:4dpu_t8"":""e56fd025e7fdf900c75302bb6e7212f78d89deef09b236732a001e9f5c5001c1""}"
865,4,2.245482115898649,1.0,7,0.22063680206282787,0.7768451800394555,0.002518017897716659,0.11031840103141394,0.11031840103141394,0.7768451800394555,0.002518017897716659,0.0,0.0,"{""edc_18q:1dpu_t8"":""cf23b184355b080f3bead1d9d754a3c2c295746793109413aedfff30da27b94e"",""edc_18q:4dpu_t8"":""cf23b184355b080f3bead1d9d754a3c2c295746793109413aedfff30da27b94e"",""ghz_chain_18q:1dpu_t8"":""9f9e62a16e205e4bd5eb1d1b8f62cade3177ef00fa9bd4dc15c899a41b00d3d0"",""ghz_chain_18q:4dpu_t8"":""9f9e62a16e205e4bd5eb1d1b8f62cade3177ef00fa9bd4dc15c899a41b00d3d0"",""hs_18q_d1:1dpu_t8"":""bf83ea123bc85b30f3c7f1f8a0de47c8366352fc37c099890eab75c8cba62cb8"",""hs_18q_d1:4dpu_t8"":""0f172b4535a71fb59dd5d4f406df828c33333cda1113d1c71db08b5d0e989d1e"",""quantization_stress_18q_l2:1dpu_t8"":""9d1e1ae9a325d84cef97b0fd9beffa9d4b3d783f00a4e38f6fce3a17114d3abb"",""quantization_stress_18q_l2:4dpu_t8"":""9d1e1ae9a325d84cef97b0fd9beffa9d4b3d783f00a4e38f6fce3a17114d3abb""}"
866,4,2.2227639915790096,1.0,7,0.22063680206282787,0.7768451800394555,0.002518017897716659,0.11031840103141394,0.11031840103141394,0.7768451800394555,0.002518017897716659,0.0,0.0,"{""edc_18q:1dpu_t8"":""cf23b184355b080f3bead1d9d754a3c2c295746793109413aedfff30da27b94e"",""edc_18q:4dpu_t8"":""cf23b184355b080f3bead1d9d754a3c2c295746793109413aedfff30da27b94e"",""ghz_chain_18q:1dpu_t8"":""9f9e62a16e205e4bd5eb1d1b8f62cade3177ef00fa9bd4dc15c899a41b00d3d0"",""ghz_chain_18q:4dpu_t8"":""9f9e62a16e205e4bd5eb1d1b8f62cade3177ef00fa9bd4dc15c899a41b00d3d0"",""hs_18q_d1:1dpu_t8"":""bf83ea123bc85b30f3c7f1f8a0de47c8366352fc37c099890eab75c8cba62cb8"",""hs_18q_d1:4dpu_t8"":""0f172b4535a71fb59dd5d4f406df828c33333cda1113d1c71db08b5d0e989d1e"",""quantization_stress_18q_l2:1dpu_t8"":""9d1e1ae9a325d84cef97b0fd9beffa9d4b3d783f00a4e38f6fce3a17114d3abb"",""quantization_stress_18q_l2:4dpu_t8"":""9d1e1ae9a325d84cef97b0fd9beffa9d4b3d783f00a4e38f6fce3a17114d3abb""}"
867,10,2.2265702348591914,1.0,6,0.47630996810097936,0.518889877536195,0.004800154362825642,0.23815498405048968,0.23815498405048968,0.518889877536195,0.004800154362825642,0.0,0.0,"{""edc_18q:1dpu_t8"":""cf23b184355b080f3bead1d9d754a3c2c295746793109413aedfff30da27b94e"",""edc_18q:4dpu_t8"":""cf23b184355b080f3bead1d9d754a3c2c295746793109413aedfff30da27b94e"",""ghz_chain_18q:1dpu_t8"":""9f9e62a16e205e4bd5eb1d1b8f62cade3177ef00fa9bd4dc15c899a41b00d3d0"",""ghz_chain_18q:4dpu_t8"":""9f9e62a16e205e4bd5eb1d1b8f62cade3177ef00fa9bd4dc15c899a41b00d3d0"",""hs_18q_d1:1dpu_t8"":""bf83ea123bc85b30f3c7f1f8a0de47c8366352fc37c099890eab75c8cba62cb8"",""hs_18q_d1:4dpu_t8"":""bf83ea123bc85b30f3c7f1f8a0de47c8366352fc37c099890eab75c8cba62cb8"",""quantization_stress_18q_l2:1dpu_t8"":""e56fd025e7fdf900c75302bb6e7212f78d89deef09b236732a001e9f5c5001c1"",""quantization_stress_18q_l2:4dpu_t8"":""e56fd025e7fdf900c75302bb6e7212f78d89deef09b236732a001e9f5c5001c1""}"
868,4,2.2561329707505746,1.0,7,0.22063680206282787,0.7768451800394555,0.002518017897716659,0.11031840103141394,0.11031840103141394,0.7768451800394555,0.002518017897716659,0.0,0.0,"{""edc_18q:1dpu_t8"":""cf23b184355b080f3bead1d9d754a3c2c295746793109413aedfff30da27b94e"",""edc_18q:4dpu_t8"":""cf23b184355b080f3bead1d9d754a3c2c295746793109413aedfff30da27b94e"",""ghz_chain_18q:1dpu_t8"":""9f9e62a16e205e4bd5eb1d1b8f62cade3177ef00fa9bd4dc15c899a41b00d3d0"",""ghz_chain_18q:4dpu_t8"":""9f9e62a16e205e4bd5eb1d1b8f62cade3177ef00fa9bd4dc15c899a41b00d3d0"",""hs_18q_d1:1dpu_t8"":""bf83ea123bc85b30f3c7f1f8a0de47c8366352fc37c099890eab75c8cba62cb8"",""hs_18q_d1:4dpu_t8"":""0f172b4535a71fb59dd5d4f406df828c33333cda1113d1c71db08b5d0e989d1e"",""quantization_stress_18q_l2:1dpu_t8"":""9d1e1ae9a325d84cef97b0fd9beffa9d4b3d783f00a4e38f6fce3a17114d3abb"",""quantization_stress_18q_l2:4dpu_t8"":""9d1e1ae9a325d84cef97b0fd9beffa9d4b3d783f00a4e38f6fce3a17114d3abb""}"
869,10,2.2301966268161775,1.0,6,0.47630996810097936,0.518889877536195,0.004800154362825642,0.23815498405048968,0.23815498405048968,0.518889877536195,0.004800154362825642,0.0,0.0,"{""edc_18q:1dpu_t8"":""cf23b184355b080f3bead1d9d754a3c2c295746793109413aedfff30da27b94e"",""edc_18q:4dpu_t8"":""cf23b184355b080f3bead1d9d754a3c2c295746793109413aedfff30da27b94e"",""ghz_chain_18q:1dpu_t8"":""9f9e62a16e205e4bd5eb1d1b8f62cade3177ef00fa9bd4dc15c899a41b00d3d0"",""ghz_chain_18q:4dpu_t8"":""9f9e62a16e205e4bd5eb1d1b8f62cade3177ef00fa9bd4dc15c899a41b00d3d0"",""hs_18q_d1:1dpu_t8"":""bf83ea123bc85b30f3c7f1f8a0de47c8366352fc37c099890eab75c8cba62cb8"",""hs_18q_d1:4dpu_t8"":""bf83ea123bc85b30f3c7f1f8a0de47c8366352fc37c099890eab75c8cba62cb8"",""quantization_stress_18q_l2:1dpu_t8"":""e56fd025e7fdf900c75302bb6e7212f78d89deef09b236732a001e9f5c5001c1"",""quantization_stress_18q_l2:4dpu_t8"":""e56fd025e7fdf900c75302bb6e7212f78d89deef09b236732a001e9f5c5001c1""}"
870,8,2.264878379747699,0.997529052435953,7,0.3715322706836804,0.40507521716230527,0.2233925121540143,0.1857661353418402,0.1857661353418402,0.40507521716230527,0.2233925121540143,0.0,0.0,"{""edc_18q:1dpu_t8"":""cf23b184355b080f3bead1d9d754a3c2c295746793109413aedfff30da27b94e"",""edc_18q:4dpu_t8"":""cf23b184355b080f3bead1d9d754a3c2c295746793109413aedfff30da27b94e"",""ghz_chain_18q:1dpu_t8"":""9f9e62a16e205e4bd5eb1d1b8f62cade3177ef00fa9bd4dc15c899a41b00d3d0"",""ghz_chain_18q:4dpu_t8"":""9f9e62a16e205e4bd5eb1d1b8f62cade3177ef00fa9bd4dc15c899a41b00d3d0"",""hs_18q_d1:1dpu_t8"":""0f172b4535a71fb59dd5d4f406df828c33333cda1113d1c71db08b5d0e989d1e"",""hs_18q_d1:4dpu_t8"":""0f172b4535a71fb59dd5d4f406df828c33333cda1113d1c71db08b5d0e989d1e"",""quantization_stress_18q_l2:1dpu_t8"":""e56fd025e7fdf900c75302bb6e7212f78d89deef09b236732a001e9f5c5001c1"",""quantization_stress_18q_l2:4dpu_t8"":""e56fd025e7fdf900c75302bb6e7212f78d89deef09b236732a001e9f5c5001c1""}"
871,10,2.236405445618061,1.0,6,0.47630996810097936,0.518889877536195,0.004800154362825642,0.23815498405048968,0.23815498405048968,0.518889877536195,0.004800154362825642,0.0,0.0,"{""edc_18q:1dpu_t8"":""cf23b184355b080f3bead1d9d754a3c2c295746793109413aedfff30da27b94e"",""edc_18q:4dpu_t8"":""cf23b184355b080f3bead1d9d754a3c2c295746793109413aedfff30da27b94e"",""ghz_chain_18q:1dpu_t8"":""9f9e62a16e205e4bd5eb1d1b8f62cade3177ef00fa9bd4dc15c899a41b00d3d0"",""ghz_chain_18q:4dpu_t8"":""9f9e62a16e205e4bd5eb1d1b8f62cade3177ef00fa9bd4dc15c899a41b00d3d0"",""hs_18q_d1:1dpu_t8"":""bf83ea123bc85b30f3c7f1f8a0de47c8366352fc37c099890eab75c8cba62cb8"",""hs_18q_d1:4dpu_t8"":""bf83ea123bc85b30f3c7f1f8a0de47c8366352fc37c099890eab75c8cba62cb8"",""quantization_stress_18q_l2:1dpu_t8"":""e56fd025e7fdf900c75302bb6e7212f78d89deef09b236732a001e9f5c5001c1"",""quantization_stress_18q_l2:4dpu_t8"":""e56fd025e7fdf900c75302bb6e7212f78d89deef09b236732a001e9f5c5001c1""}"
872,4,2.251524977012247,1.0,7,0.22063680206282787,0.7768451800394555,0.002518017897716659,0.11031840103141394,0.11031840103141394,0.7768451800394555,0.002518017897716659,0.0,0.0,"{""edc_18q:1dpu_t8"":""cf23b184355b080f3bead1d9d754a3c2c295746793109413aedfff30da27b94e"",""edc_18q:4dpu_t8"":""cf23b184355b080f3bead1d9d754a3c2c295746793109413aedfff30da27b94e"",""ghz_chain_18q:1dpu_t8"":""9f9e62a16e205e4bd5eb1d1b8f62cade3177ef00fa9bd4dc15c899a41b00d3d0"",""ghz_chain_18q:4dpu_t8"":""9f9e62a16e205e4bd5eb1d1b8f62cade3177ef00fa9bd4dc15c899a41b00d3d0"",""hs_18q_d1:1dpu_t8"":""bf83ea123bc85b30f3c7f1f8a0de47c8366352fc37c099890eab75c8cba62cb8"",""hs_18q_d1:4dpu_t8"":""0f172b4535a71fb59dd5d4f406df828c33333cda1113d1c71db08b5d0e989d1e"",""quantization_stress_18q_l2:1dpu_t8"":""9d1e1ae9a325d84cef97b0fd9beffa9d4b3d783f00a4e38f6fce3a17114d3abb"",""quantization_stress_18q_l2:4dpu_t8"":""9d1e1ae9a325d84cef97b0fd9beffa9d4b3d783f00a4e38f6fce3a17114d3abb""}"
873,4,2.241379977386285,1.0,7,0.22063680206282787,0.7768451800394555,0.002518017897716659,0.11031840103141394,0.11031840103141394,0.7768451800394555,0.002518017897716659,0.0,0.0,"{""edc_18q:1dpu_t8"":""cf23b184355b080f3bead1d9d754a3c2c295746793109413aedfff30da27b94e"",""edc_18q:4dpu_t8"":""cf23b184355b080f3bead1d9d754a3c2c295746793109413aedfff30da27b94e"",""ghz_chain_18q:1dpu_t8"":""9f9e62a16e205e4bd5eb1d1b8f62cade3177ef00fa9bd4dc15c899a41b00d3d0"",""ghz_chain_18q:4dpu_t8"":""9f9e62a16e205e4bd5eb1d1b8f62cade3177ef00fa9bd4dc15c899a41b00d3d0"",""hs_18q_d1:1dpu_t8"":""bf83ea123bc85b30f3c7f1f8a0de47c8366352fc37c099890eab75c8cba62cb8"",""hs_18q_d1:4dpu_t8"":""0f172b4535a71fb59dd5d4f406df828c33333cda1113d1c71db08b5d0e989d1e"",""quantization_stress_18q_l2:1dpu_t8"":""9d1e1ae9a325d84cef97b0fd9beffa9d4b3d783f00a4e38f6fce3a17114d3abb"",""quantization_stress_18q_l2:4dpu_t8"":""9d1e1ae9a325d84cef97b0fd9beffa9d4b3d783f00a4e38f6fce3a17114d3abb""}"
874,3,2.281314776813841,0.997529052435953,7,0.0,1.0,0.0,0.0,0.0,1.0,0.0,0.0,0.0,"{""edc_18q:1dpu_t8"":""cf23b184355b080f3bead1d9d754a3c2c295746793109413aedfff30da27b94e"",""edc_18q:4dpu_t8"":""cf23b184355b080f3bead1d9d754a3c2c295746793109413aedfff30da27b94e"",""ghz_chain_18q:1dpu_t8"":""9f9e62a16e205e4bd5eb1d1b8f62cade3177ef00fa9bd4dc15c899a41b00d3d0"",""ghz_chain_18q:4dpu_t8"":""9f9e62a16e205e4bd5eb1d1b8f62cade3177ef00fa9bd4dc15c899a41b00d3d0"",""hs_18q_d1:1dpu_t8"":""0f172b4535a71fb59dd5d4f406df828c33333cda1113d1c71db08b5d0e989d1e"",""hs_18q_d1:4dpu_t8"":""0f172b4535a71fb59dd5d4f406df828c33333cda1113d1c71db08b5d0e989d1e"",""quantization_stress_18q_l2:1dpu_t8"":""9d1e1ae9a325d84cef97b0fd9beffa9d4b3d783f00a4e38f6fce3a17114d3abb"",""quantization_stress_18q_l2:4dpu_t8"":""9d1e1ae9a325d84cef97b0fd9beffa9d4b3d783f00a4e38f6fce3a17114d3abb""}"
875,5,2.2348376645768835,1.0,6,0.024368166273412584,0.9754242110524387,0.00020762267414873057,0.012184083136706292,0.012184083136706292,0.9754242110524387,0.00020762267414873057,0.0,0.0,"{""edc_18q:1dpu_t8"":""cf23b184355b080f3bead1d9d754a3c2c295746793109413aedfff30da27b94e"",""edc_18q:4dpu_t8"":""cf23b184355b080f3bead1d9d754a3c2c295746793109413aedfff30da27b94e"",""ghz_chain_18q:1dpu_t8"":""9f9e62a16e205e4bd5eb1d1b8f62cade3177ef00fa9bd4dc15c899a41b00d3d0"",""ghz_chain_18q:4dpu_t8"":""9f9e62a16e205e4bd5eb1d1b8f62cade3177ef00fa9bd4dc15c899a41b00d3d0"",""hs_18q_d1:1dpu_t8"":""bf83ea123bc85b30f3c7f1f8a0de47c8366352fc37c099890eab75c8cba62cb8"",""hs_18q_d1:4dpu_t8"":""bf83ea123bc85b30f3c7f1f8a0de47c8366352fc37c099890eab75c8cba62cb8"",""quantization_stress_18q_l2:1dpu_t8"":""9d1e1ae9a325d84cef97b0fd9beffa9d4b3d783f00a4e38f6fce3a17114d3abb"",""quantization_stress_18q_l2:4dpu_t8"":""9d1e1ae9a325d84cef97b0fd9beffa9d4b3d783f00a4e38f6fce3a17114d3abb""}"
876,5,2.232646409033156,1.0,6,0.024368166273412584,0.9754242110524387,0.00020762267414873057,0.012184083136706292,0.012184083136706292,0.9754242110524387,0.00020762267414873057,0.0,0.0,"{""edc_18q:1dpu_t8"":""cf23b184355b080f3bead1d9d754a3c2c295746793109413aedfff30da27b94e"",""edc_18q:4dpu_t8"":""cf23b184355b080f3bead1d9d754a3c2c295746793109413aedfff30da27b94e"",""ghz_chain_18q:1dpu_t8"":""9f9e62a16e205e4bd5eb1d1b8f62cade3177ef00fa9bd4dc15c899a41b00d3d0"",""ghz_chain_18q:4dpu_t8"":""9f9e62a16e205e4bd5eb1d1b8f62cade3177ef00fa9bd4dc15c899a41b00d3d0"",""hs_18q_d1:1dpu_t8"":""bf83ea123bc85b30f3c7f1f8a0de47c8366352fc37c099890eab75c8cba62cb8"",""hs_18q_d1:4dpu_t8"":""bf83ea123bc85b30f3c7f1f8a0de47c8366352fc37c099890eab75c8cba62cb8"",""quantization_stress_18q_l2:1dpu_t8"":""9d1e1ae9a325d84cef97b0fd9beffa9d4b3d783f00a4e38f6fce3a17114d3abb"",""quantization_stress_18q_l2:4dpu_t8"":""9d1e1ae9a325d84cef97b0fd9beffa9d4b3d783f00a4e38f6fce3a17114d3abb""}"
877,3,2.298166765468694,1.041845644222677,8,0.0,1.0,0.0,0.0,0.0,1.0,0.0,0.0,0.0,"{""edc_18q:1dpu_t8"":""cf23b184355b080f3bead1d9d754a3c2c295746793109413aedfff30da27b94e"",""edc_18q:4dpu_t8"":""cf23b184355b080f3bead1d9d754a3c2c295746793109413aedfff30da27b94e"",""ghz_chain_18q:1dpu_t8"":""9f9e62a16e205e4bd5eb1d1b8f62cade3177ef00fa9bd4dc15c899a41b00d3d0"",""ghz_chain_18q:4dpu_t8"":""9f9e62a16e205e4bd5eb1d1b8f62cade3177ef00fa9bd4dc15c899a41b00d3d0"",""hs_18q_d1:1dpu_t8"":""0f172b4535a71fb59dd5d4f406df828c33333cda1113d1c71db08b5d0e989d1e"",""hs_18q_d1:4dpu_t8"":""0f172b4535a71fb59dd5d4f406df828c33333cda1113d1c71db08b5d0e989d1e"",""quantization_stress_18q_l2:1dpu_t8"":""9d1e1ae9a325d84cef97b0fd9beffa9d4b3d783f00a4e38f6fce3a17114d3abb"",""quantization_stress_18q_l2:4dpu_t8"":""9d1e1ae9a325d84cef97b0fd9beffa9d4b3d783f00a4e38f6fce3a17114d3abb""}"
878,9,2.2198560137421723,1.0,7,0.5414741851996391,0.45232358896253566,0.006202225837825213,0.27073709259981954,0.27073709259981954,0.45232358896253566,0.006202225837825213,0.0,0.0,"{""edc_18q:1dpu_t8"":""cf23b184355b080f3bead1d9d754a3c2c295746793109413aedfff30da27b94e"",""edc_18q:4dpu_t8"":""cf23b184355b080f3bead1d9d754a3c2c295746793109413aedfff30da27b94e"",""ghz_chain_18q:1dpu_t8"":""9f9e62a16e205e4bd5eb1d1b8f62cade3177ef00fa9bd4dc15c899a41b00d3d0"",""ghz_chain_18q:4dpu_t8"":""9f9e62a16e205e4bd5eb1d1b8f62cade3177ef00fa9bd4dc15c899a41b00d3d0"",""hs_18q_d1:1dpu_t8"":""bf83ea123bc85b30f3c7f1f8a0de47c8366352fc37c099890eab75c8cba62cb8"",""hs_18q_d1:4dpu_t8"":""0f172b4535a71fb59dd5d4f406df828c33333cda1113d1c71db08b5d0e989d1e"",""quantization_stress_18q_l2:1dpu_t8"":""e56fd025e7fdf900c75302bb6e7212f78d89deef09b236732a001e9f5c5001c1"",""quantization_stress_18q_l2:4dpu_t8"":""e56fd025e7fdf900c75302bb6e7212f78d89deef09b236732a001e9f5c5001c1""}"
879,5,2.2356851563577265,1.0,6,0.024368166273412584,0.9754242110524387,0.00020762267414873057,0.012184083136706292,0.012184083136706292,0.9754242110524387,0.00020762267414873057,0.0,0.0,"{""edc_18q:1dpu_t8"":""cf23b184355b080f3bead1d9d754a3c2c295746793109413aedfff30da27b94e"",""edc_18q:4dpu_t8"":""cf23b184355b080f3bead1d9d754a3c2c295746793109413aedfff30da27b94e"",""ghz_chain_18q:1dpu_t8"":""9f9e62a16e205e4bd5eb1d1b8f62cade3177ef00fa9bd4dc15c899a41b00d3d0"",""ghz_chain_18q:4dpu_t8"":""9f9e62a16e205e4bd5eb1d1b8f62cade3177ef00fa9bd4dc15c899a41b00d3d0"",""hs_18q_d1:1dpu_t8"":""bf83ea123bc85b30f3c7f1f8a0de47c8366352fc37c099890eab75c8cba62cb8"",""hs_18q_d1:4dpu_t8"":""bf83ea123bc85b30f3c7f1f8a0de47c8366352fc37c099890eab75c8cba62cb8"",""quantization_stress_18q_l2:1dpu_t8"":""9d1e1ae9a325d84cef97b0fd9beffa9d4b3d783f00a4e38f6fce3a17114d3abb"",""quantization_stress_18q_l2:4dpu_t8"":""9d1e1ae9a325d84cef97b0fd9beffa9d4b3d783f00a4e38f6fce3a17114d3abb""}"
880,4,2.2446532315172742,1.0,7,0.22063680206282787,0.7768451800394555,0.002518017897716659,0.11031840103141394,0.11031840103141394,0.7768451800394555,0.002518017897716659,0.0,0.0,"{""edc_18q:1dpu_t8"":""cf23b184355b080f3bead1d9d754a3c2c295746793109413aedfff30da27b94e"",""edc_18q:4dpu_t8"":""cf23b184355b080f3bead1d9d754a3c2c295746793109413aedfff30da27b94e"",""ghz_chain_18q:1dpu_t8"":""9f9e62a16e205e4bd5eb1d1b8f62cade3177ef00fa9bd4dc15c899a41b00d3d0"",""ghz_chain_18q:4dpu_t8"":""9f9e62a16e205e4bd5eb1d1b8f62cade3177ef00fa9bd4dc15c899a41b00d3d0"",""hs_18q_d1:1dpu_t8"":""bf83ea123bc85b30f3c7f1f8a0de47c8366352fc37c099890eab75c8cba62cb8"",""hs_18q_d1:4dpu_t8"":""0f172b4535a71fb59dd5d4f406df828c33333cda1113d1c71db08b5d0e989d1e"",""quantization_stress_18q_l2:1dpu_t8"":""9d1e1ae9a325d84cef97b0fd9beffa9d4b3d783f00a4e38f6fce3a17114d3abb"",""quantization_stress_18q_l2:4dpu_t8"":""9d1e1ae9a325d84cef97b0fd9beffa9d4b3d783f00a4e38f6fce3a17114d3abb""}"
881,5,2.2508320662259895,1.0,6,0.024368166273412584,0.9754242110524387,0.00020762267414873057,0.012184083136706292,0.012184083136706292,0.9754242110524387,0.00020762267414873057,0.0,0.0,"{""edc_18q:1dpu_t8"":""cf23b184355b080f3bead1d9d754a3c2c295746793109413aedfff30da27b94e"",""edc_18q:4dpu_t8"":""cf23b184355b080f3bead1d9d754a3c2c295746793109413aedfff30da27b94e"",""ghz_chain_18q:1dpu_t8"":""9f9e62a16e205e4bd5eb1d1b8f62cade3177ef00fa9bd4dc15c899a41b00d3d0"",""ghz_chain_18q:4dpu_t8"":""9f9e62a16e205e4bd5eb1d1b8f62cade3177ef00fa9bd4dc15c899a41b00d3d0"",""hs_18q_d1:1dpu_t8"":""bf83ea123bc85b30f3c7f1f8a0de47c8366352fc37c099890eab75c8cba62cb8"",""hs_18q_d1:4dpu_t8"":""bf83ea123bc85b30f3c7f1f8a0de47c8366352fc37c099890eab75c8cba62cb8"",""quantization_stress_18q_l2:1dpu_t8"":""9d1e1ae9a325d84cef97b0fd9beffa9d4b3d783f00a4e38f6fce3a17114d3abb"",""quantization_stress_18q_l2:4dpu_t8"":""9d1e1ae9a325d84cef97b0fd9beffa9d4b3d783f00a4e38f6fce3a17114d3abb""}"
882,9,2.229806714313611,1.0,7,0.5414741851996391,0.45232358896253566,0.006202225837825213,0.27073709259981954,0.27073709259981954,0.45232358896253566,0.006202225837825213,0.0,0.0,"{""edc_18q:1dpu_t8"":""cf23b184355b080f3bead1d9d754a3c2c295746793109413aedfff30da27b94e"",""edc_18q:4dpu_t8"":""cf23b184355b080f3bead1d9d754a3c2c295746793109413aedfff30da27b94e"",""ghz_chain_18q:1dpu_t8"":""9f9e62a16e205e4bd5eb1d1b8f62cade3177ef00fa9bd4dc15c899a41b00d3d0"",""ghz_chain_18q:4dpu_t8"":""9f9e62a16e205e4bd5eb1d1b8f62cade3177ef00fa9bd4dc15c899a41b00d3d0"",""hs_18q_d1:1dpu_t8"":""bf83ea123bc85b30f3c7f1f8a0de47c8366352fc37c099890eab75c8cba62cb8"",""hs_18q_d1:4dpu_t8"":""0f172b4535a71fb59dd5d4f406df828c33333cda1113d1c71db08b5d0e989d1e"",""quantization_stress_18q_l2:1dpu_t8"":""e56fd025e7fdf900c75302bb6e7212f78d89deef09b236732a001e9f5c5001c1"",""quantization_stress_18q_l2:4dpu_t8"":""e56fd025e7fdf900c75302bb6e7212f78d89deef09b236732a001e9f5c5001c1""}"
883,10,2.2426306491953776,1.0,6,0.47630996810097936,0.518889877536195,0.004800154362825642,0.23815498405048968,0.23815498405048968,0.518889877536195,0.004800154362825642,0.0,0.0,"{""edc_18q:1dpu_t8"":""cf23b184355b080f3bead1d9d754a3c2c295746793109413aedfff30da27b94e"",""edc_18q:4dpu_t8"":""cf23b184355b080f3bead1d9d754a3c2c295746793109413aedfff30da27b94e"",""ghz_chain_18q:1dpu_t8"":""9f9e62a16e205e4bd5eb1d1b8f62cade3177ef00fa9bd4dc15c899a41b00d3d0"",""ghz_chain_18q:4dpu_t8"":""9f9e62a16e205e4bd5eb1d1b8f62cade3177ef00fa9bd4dc15c899a41b00d3d0"",""hs_18q_d1:1dpu_t8"":""bf83ea123bc85b30f3c7f1f8a0de47c8366352fc37c099890eab75c8cba62cb8"",""hs_18q_d1:4dpu_t8"":""bf83ea123bc85b30f3c7f1f8a0de47c8366352fc37c099890eab75c8cba62cb8"",""quantization_stress_18q_l2:1dpu_t8"":""e56fd025e7fdf900c75302bb6e7212f78d89deef09b236732a001e9f5c5001c1"",""quantization_stress_18q_l2:4dpu_t8"":""e56fd025e7fdf900c75302bb6e7212f78d89deef09b236732a001e9f5c5001c1""}"
884,5,2.244628375305009,1.0,6,0.024368166273412584,0.9754242110524387,0.00020762267414873057,0.012184083136706292,0.012184083136706292,0.9754242110524387,0.00020762267414873057,0.0,0.0,"{""edc_18q:1dpu_t8"":""cf23b184355b080f3bead1d9d754a3c2c295746793109413aedfff30da27b94e"",""edc_18q:4dpu_t8"":""cf23b184355b080f3bead1d9d754a3c2c295746793109413aedfff30da27b94e"",""ghz_chain_18q:1dpu_t8"":""9f9e62a16e205e4bd5eb1d1b8f62cade3177ef00fa9bd4dc15c899a41b00d3d0"",""ghz_chain_18q:4dpu_t8"":""9f9e62a16e205e4bd5eb1d1b8f62cade3177ef00fa9bd4dc15c899a41b00d3d0"",""hs_18q_d1:1dpu_t8"":""bf83ea123bc85b30f3c7f1f8a0de47c8366352fc37c099890eab75c8cba62cb8"",""hs_18q_d1:4dpu_t8"":""bf83ea123bc85b30f3c7f1f8a0de47c8366352fc37c099890eab75c8cba62cb8"",""quantization_stress_18q_l2:1dpu_t8"":""9d1e1ae9a325d84cef97b0fd9beffa9d4b3d783f00a4e38f6fce3a17114d3abb"",""quantization_stress_18q_l2:4dpu_t8"":""9d1e1ae9a325d84cef97b0fd9beffa9d4b3d783f00a4e38f6fce3a17114d3abb""}"
885,4,2.2455502011786352,1.0,7,0.22063680206282787,0.7768451800394555,0.002518017897716659,0.11031840103141394,0.11031840103141394,0.7768451800394555,0.002518017897716659,0.0,0.0,"{""edc_18q:1dpu_t8"":""cf23b184355b080f3bead1d9d754a3c2c295746793109413aedfff30da27b94e"",""edc_18q:4dpu_t8"":""cf23b184355b080f3bead1d9d754a3c2c295746793109413aedfff30da27b94e"",""ghz_chain_18q:1dpu_t8"":""9f9e62a16e205e4bd5eb1d1b8f62cade3177ef00fa9bd4dc15c899a41b00d3d0"",""ghz_chain_18q:4dpu_t8"":""9f9e62a16e205e4bd5eb1d1b8f62cade3177ef00fa9bd4dc15c899a41b00d3d0"",""hs_18q_d1:1dpu_t8"":""bf83ea123bc85b30f3c7f1f8a0de47c8366352fc37c099890eab75c8cba62cb8"",""hs_18q_d1:4dpu_t8"":""0f172b4535a71fb59dd5d4f406df828c33333cda1113d1c71db08b5d0e989d1e"",""quantization_stress_18q_l2:1dpu_t8"":""9d1e1ae9a325d84cef97b0fd9beffa9d4b3d783f00a4e38f6fce3a17114d3abb"",""quantization_stress_18q_l2:4dpu_t8"":""9d1e1ae9a325d84cef97b0fd9beffa9d4b3d783f00a4e38f6fce3a17114d3abb""}"
886,3,2.2958993663724185,1.0163179096347865,8,0.0,1.0,0.0,0.0,0.0,1.0,0.0,0.0,0.0,"{""edc_18q:1dpu_t8"":""cf23b184355b080f3bead1d9d754a3c2c295746793109413aedfff30da27b94e"",""edc_18q:4dpu_t8"":""cf23b184355b080f3bead1d9d754a3c2c295746793109413aedfff30da27b94e"",""ghz_chain_18q:1dpu_t8"":""9f9e62a16e205e4bd5eb1d1b8f62cade3177ef00fa9bd4dc15c899a41b00d3d0"",""ghz_chain_18q:4dpu_t8"":""9f9e62a16e205e4bd5eb1d1b8f62cade3177ef00fa9bd4dc15c899a41b00d3d0"",""hs_18q_d1:1dpu_t8"":""0f172b4535a71fb59dd5d4f406df828c33333cda1113d1c71db08b5d0e989d1e"",""hs_18q_d1:4dpu_t8"":""0f172b4535a71fb59dd5d4f406df828c33333cda1113d1c71db08b5d0e989d1e"",""quantization_stress_18q_l2:1dpu_t8"":""9d1e1ae9a325d84cef97b0fd9beffa9d4b3d783f00a4e38f6fce3a17114d3abb"",""quantization_stress_18q_l2:4dpu_t8"":""9d1e1ae9a325d84cef97b0fd9beffa9d4b3d783f00a4e38f6fce3a17114d3abb""}"
887,3,2.2831878578141427,1.0163179096347865,8,0.0,1.0,0.0,0.0,0.0,1.0,0.0,0.0,0.0,"{""edc_18q:1dpu_t8"":""cf23b184355b080f3bead1d9d754a3c2c295746793109413aedfff30da27b94e"",""edc_18q:4dpu_t8"":""cf23b184355b080f3bead1d9d754a3c2c295746793109413aedfff30da27b94e"",""ghz_chain_18q:1dpu_t8"":""9f9e62a16e205e4bd5eb1d1b8f62cade3177ef00fa9bd4dc15c899a41b00d3d0"",""ghz_chain_18q:4dpu_t8"":""9f9e62a16e205e4bd5eb1d1b8f62cade3177ef00fa9bd4dc15c899a41b00d3d0"",""hs_18q_d1:1dpu_t8"":""0f172b4535a71fb59dd5d4f406df828c33333cda1113d1c71db08b5d0e989d1e"",""hs_18q_d1:4dpu_t8"":""0f172b4535a71fb59dd5d4f406df828c33333cda1113d1c71db08b5d0e989d1e"",""quantization_stress_18q_l2:1dpu_t8"":""9d1e1ae9a325d84cef97b0fd9beffa9d4b3d783f00a4e38f6fce3a17114d3abb"",""quantization_stress_18q_l2:4dpu_t8"":""9d1e1ae9a325d84cef97b0fd9beffa9d4b3d783f00a4e38f6fce3a17114d3abb""}"
888,10,2.2374971711429503,1.0,6,0.47630996810097936,0.518889877536195,0.004800154362825642,0.23815498405048968,0.23815498405048968,0.518889877536195,0.004800154362825642,0.0,0.0,"{""edc_18q:1dpu_t8"":""cf23b184355b080f3bead1d9d754a3c2c295746793109413aedfff30da27b94e"",""edc_18q:4dpu_t8"":""cf23b184355b080f3bead1d9d754a3c2c295746793109413aedfff30da27b94e"",""ghz_chain_18q:1dpu_t8"":""9f9e62a16e205e4bd5eb1d1b8f62cade3177ef00fa9bd4dc15c899a41b00d3d0"",""ghz_chain_18q:4dpu_t8"":""9f9e62a16e205e4bd5eb1d1b8f62cade3177ef00fa9bd4dc15c899a41b00d3d0"",""hs_18q_d1:1dpu_t8"":""bf83ea123bc85b30f3c7f1f8a0de47c8366352fc37c099890eab75c8cba62cb8"",""hs_18q_d1:4dpu_t8"":""bf83ea123bc85b30f3c7f1f8a0de47c8366352fc37c099890eab75c8cba62cb8"",""quantization_stress_18q_l2:1dpu_t8"":""e56fd025e7fdf900c75302bb6e7212f78d89deef09b236732a001e9f5c5001c1"",""quantization_stress_18q_l2:4dpu_t8"":""e56fd025e7fdf900c75302bb6e7212f78d89deef09b236732a001e9f5c5001c1""}"
889,4,2.253872601884822,1.0,7,0.22063680206282787,0.7768451800394555,0.002518017897716659,0.11031840103141394,0.11031840103141394,0.7768451800394555,0.002518017897716659,0.0,0.0,"{""edc_18q:1dpu_t8"":""cf23b184355b080f3bead1d9d754a3c2c295746793109413aedfff30da27b94e"",""edc_18q:4dpu_t8"":""cf23b184355b080f3bead1d9d754a3c2c295746793109413aedfff30da27b94e"",""ghz_chain_18q:1dpu_t8"":""9f9e62a16e205e4bd5eb1d1b8f62cade3177ef00fa9bd4dc15c899a41b00d3d0"",""ghz_chain_18q:4dpu_t8"":""9f9e62a16e205e4bd5eb1d1b8f62cade3177ef00fa9bd4dc15c899a41b00d3d0"",""hs_18q_d1:1dpu_t8"":""bf83ea123bc85b30f3c7f1f8a0de47c8366352fc37c099890eab75c8cba62cb8"",""hs_18q_d1:4dpu_t8"":""0f172b4535a71fb59dd5d4f406df828c33333cda1113d1c71db08b5d0e989d1e"",""quantization_stress_18q_l2:1dpu_t8"":""9d1e1ae9a325d84cef97b0fd9beffa9d4b3d783f00a4e38f6fce3a17114d3abb"",""quantization_stress_18q_l2:4dpu_t8"":""9d1e1ae9a325d84cef97b0fd9beffa9d4b3d783f00a4e38f6fce3a17114d3abb""}"
890,4,2.2564949467230546,1.0,7,0.22063680206282787,0.7768451800394555,0.002518017897716659,0.11031840103141394,0.11031840103141394,0.7768451800394555,0.002518017897716659,0.0,0.0,"{""edc_18q:1dpu_t8"":""cf23b184355b080f3bead1d9d754a3c2c295746793109413aedfff30da27b94e"",""edc_18q:4dpu_t8"":""cf23b184355b080f3bead1d9d754a3c2c295746793109413aedfff30da27b94e"",""ghz_chain_18q:1dpu_t8"":""9f9e62a16e205e4bd5eb1d1b8f62cade3177ef00fa9bd4dc15c899a41b00d3d0"",""ghz_chain_18q:4dpu_t8"":""9f9e62a16e205e4bd5eb1d1b8f62cade3177ef00fa9bd4dc15c899a41b00d3d0"",""hs_18q_d1:1dpu_t8"":""bf83ea123bc85b30f3c7f1f8a0de47c8366352fc37c099890eab75c8cba62cb8"",""hs_18q_d1:4dpu_t8"":""0f172b4535a71fb59dd5d4f406df828c33333cda1113d1c71db08b5d0e989d1e"",""quantization_stress_18q_l2:1dpu_t8"":""9d1e1ae9a325d84cef97b0fd9beffa9d4b3d783f00a4e38f6fce3a17114d3abb"",""quantization_stress_18q_l2:4dpu_t8"":""9d1e1ae9a325d84cef97b0fd9beffa9d4b3d783f00a4e38f6fce3a17114d3abb""}"
891,9,2.242841401558676,1.0,7,0.5414741851996391,0.45232358896253566,0.006202225837825213,0.27073709259981954,0.27073709259981954,0.45232358896253566,0.006202225837825213,0.0,0.0,"{""edc_18q:1dpu_t8"":""cf23b184355b080f3bead1d9d754a3c2c295746793109413aedfff30da27b94e"",""edc_18q:4dpu_t8"":""cf23b184355b080f3bead1d9d754a3c2c295746793109413aedfff30da27b94e"",""ghz_chain_18q:1dpu_t8"":""9f9e62a16e205e4bd5eb1d1b8f62cade3177ef00fa9bd4dc15c899a41b00d3d0"",""ghz_chain_18q:4dpu_t8"":""9f9e62a16e205e4bd5eb1d1b8f62cade3177ef00fa9bd4dc15c899a41b00d3d0"",""hs_18q_d1:1dpu_t8"":""bf83ea123bc85b30f3c7f1f8a0de47c8366352fc37c099890eab75c8cba62cb8"",""hs_18q_d1:4dpu_t8"":""0f172b4535a71fb59dd5d4f406df828c33333cda1113d1c71db08b5d0e989d1e"",""quantization_stress_18q_l2:1dpu_t8"":""e56fd025e7fdf900c75302bb6e7212f78d89deef09b236732a001e9f5c5001c1"",""quantization_stress_18q_l2:4dpu_t8"":""e56fd025e7fdf900c75302bb6e7212f78d89deef09b236732a001e9f5c5001c1""}"
892,4,2.222283884702517,1.0,7,0.22063680206282787,0.7768451800394555,0.002518017897716659,0.11031840103141394,0.11031840103141394,0.7768451800394555,0.002518017897716659,0.0,0.0,"{""edc_18q:1dpu_t8"":""cf23b184355b080f3bead1d9d754a3c2c295746793109413aedfff30da27b94e"",""edc_18q:4dpu_t8"":""cf23b184355b080f3bead1d9d754a3c2c295746793109413aedfff30da27b94e"",""ghz_chain_18q:1dpu_t8"":""9f9e62a16e205e4bd5eb1d1b8f62cade3177ef00fa9bd4dc15c899a41b00d3d0"",""ghz_chain_18q:4dpu_t8"":""9f9e62a16e205e4bd5eb1d1b8f62cade3177ef00fa9bd4dc15c899a41b00d3d0"",""hs_18q_d1:1dpu_t8"":""bf83ea123bc85b30f3c7f1f8a0de47c8366352fc37c099890eab75c8cba62cb8"",""hs_18q_d1:4dpu_t8"":""0f172b4535a71fb59dd5d4f406df828c33333cda1113d1c71db08b5d0e989d1e"",""quantization_stress_18q_l2:1dpu_t8"":""9d1e1ae9a325d84cef97b0fd9beffa9d4b3d783f00a4e38f6fce3a17114d3abb"",""quantization_stress_18q_l2:4dpu_t8"":""9d1e1ae9a325d84cef97b0fd9beffa9d4b3d783f00a4e38f6fce3a17114d3abb""}"
893,10,2.229234324705053,1.0,6,0.47630996810097936,0.518889877536195,0.004800154362825642,0.23815498405048968,0.23815498405048968,0.518889877536195,0.004800154362825642,0.0,0.0,"{""edc_18q:1dpu_t8"":""cf23b184355b080f3bead1d9d754a3c2c295746793109413aedfff30da27b94e"",""edc_18q:4dpu_t8"":""cf23b184355b080f3bead1d9d754a3c2c295746793109413aedfff30da27b94e"",""ghz_chain_18q:1dpu_t8"":""9f9e62a16e205e4bd5eb1d1b8f62cade3177ef00fa9bd4dc15c899a41b00d3d0"",""ghz_chain_18q:4dpu_t8"":""9f9e62a16e205e4bd5eb1d1b8f62cade3177ef00fa9bd4dc15c899a41b00d3d0"",""hs_18q_d1:1dpu_t8"":""bf83ea123bc85b30f3c7f1f8a0de47c8366352fc37c099890eab75c8cba62cb8"",""hs_18q_d1:4dpu_t8"":""bf83ea123bc85b30f3c7f1f8a0de47c8366352fc37c099890eab75c8cba62cb8"",""quantization_stress_18q_l2:1dpu_t8"":""e56fd025e7fdf900c75302bb6e7212f78d89deef09b236732a001e9f5c5001c1"",""quantization_stress_18q_l2:4dpu_t8"":""e56fd025e7fdf900c75302bb6e7212f78d89deef09b236732a001e9f5c5001c1""}"
894,5,2.2467046822803955,1.0,6,0.024368166273412584,0.9754242110524387,0.00020762267414873057,0.012184083136706292,0.012184083136706292,0.9754242110524387,0.00020762267414873057,0.0,0.0,"{""edc_18q:1dpu_t8"":""cf23b184355b080f3bead1d9d754a3c2c295746793109413aedfff30da27b94e"",""edc_18q:4dpu_t8"":""cf23b184355b080f3bead1d9d754a3c2c295746793109413aedfff30da27b94e"",""ghz_chain_18q:1dpu_t8"":""9f9e62a16e205e4bd5eb1d1b8f62cade3177ef00fa9bd4dc15c899a41b00d3d0"",""ghz_chain_18q:4dpu_t8"":""9f9e62a16e205e4bd5eb1d1b8f62cade3177ef00fa9bd4dc15c899a41b00d3d0"",""hs_18q_d1:1dpu_t8"":""bf83ea123bc85b30f3c7f1f8a0de47c8366352fc37c099890eab75c8cba62cb8"",""hs_18q_d1:4dpu_t8"":""bf83ea123bc85b30f3c7f1f8a0de47c8366352fc37c099890eab75c8cba62cb8"",""quantization_stress_18q_l2:1dpu_t8"":""9d1e1ae9a325d84cef97b0fd9beffa9d4b3d783f00a4e38f6fce3a17114d3abb"",""quantization_stress_18q_l2:4dpu_t8"":""9d1e1ae9a325d84cef97b0fd9beffa9d4b3d783f00a4e38f6fce3a17114d3abb""}"
895,5,2.2511785900778944,1.0,6,0.024368166273412584,0.9754242110524387,0.00020762267414873057,0.012184083136706292,0.012184083136706292,0.9754242110524387,0.00020762267414873057,0.0,0.0,"{""edc_18q:1dpu_t8"":""cf23b184355b080f3bead1d9d754a3c2c295746793109413aedfff30da27b94e"",""edc_18q:4dpu_t8"":""cf23b184355b080f3bead1d9d754a3c2c295746793109413aedfff30da27b94e"",""ghz_chain_18q:1dpu_t8"":""9f9e62a16e205e4bd5eb1d1b8f62cade3177ef00fa9bd4dc15c899a41b00d3d0"",""ghz_chain_18q:4dpu_t8"":""9f9e62a16e205e4bd5eb1d1b8f62cade3177ef00fa9bd4dc15c899a41b00d3d0"",""hs_18q_d1:1dpu_t8"":""bf83ea123bc85b30f3c7f1f8a0de47c8366352fc37c099890eab75c8cba62cb8"",""hs_18q_d1:4dpu_t8"":""bf83ea123bc85b30f3c7f1f8a0de47c8366352fc37c099890eab75c8cba62cb8"",""quantization_stress_18q_l2:1dpu_t8"":""9d1e1ae9a325d84cef97b0fd9beffa9d4b3d783f00a4e38f6fce3a17114d3abb"",""quantization_stress_18q_l2:4dpu_t8"":""9d1e1ae9a325d84cef97b0fd9beffa9d4b3d783f00a4e38f6fce3a17114d3abb""}"
896,3,2.278980082052557,1.041845644222677,8,0.0,1.0,0.0,0.0,0.0,1.0,0.0,0.0,0.0,"{""edc_18q:1dpu_t8"":""cf23b184355b080f3bead1d9d754a3c2c295746793109413aedfff30da27b94e"",""edc_18q:4dpu_t8"":""cf23b184355b080f3bead1d9d754a3c2c295746793109413aedfff30da27b94e"",""ghz_chain_18q:1dpu_t8"":""9f9e62a16e205e4bd5eb1d1b8f62cade3177ef00fa9bd4dc15c899a41b00d3d0"",""ghz_chain_18q:4dpu_t8"":""9f9e62a16e205e4bd5eb1d1b8f62cade3177ef00fa9bd4dc15c899a41b00d3d0"",""hs_18q_d1:1dpu_t8"":""0f172b4535a71fb59dd5d4f406df828c33333cda1113d1c71db08b5d0e989d1e"",""hs_18q_d1:4dpu_t8"":""0f172b4535a71fb59dd5d4f406df828c33333cda1113d1c71db08b5d0e989d1e"",""quantization_stress_18q_l2:1dpu_t8"":""9d1e1ae9a325d84cef97b0fd9beffa9d4b3d783f00a4e38f6fce3a17114d3abb"",""quantization_stress_18q_l2:4dpu_t8"":""9d1e1ae9a325d84cef97b0fd9beffa9d4b3d783f00a4e38f6fce3a17114d3abb""}"
897,4,2.2492918765515193,1.0,7,0.22063680206282787,0.7768451800394555,0.002518017897716659,0.11031840103141394,0.11031840103141394,0.7768451800394555,0.002518017897716659,0.0,0.0,"{""edc_18q:1dpu_t8"":""cf23b184355b080f3bead1d9d754a3c2c295746793109413aedfff30da27b94e"",""edc_18q:4dpu_t8"":""cf23b184355b080f3bead1d9d754a3c2c295746793109413aedfff30da27b94e"",""ghz_chain_18q:1dpu_t8"":""9f9e62a16e205e4bd5eb1d1b8f62cade3177ef00fa9bd4dc15c899a41b00d3d0"",""ghz_chain_18q:4dpu_t8"":""9f9e62a16e205e4bd5eb1d1b8f62cade3177ef00fa9bd4dc15c899a41b00d3d0"",""hs_18q_d1:1dpu_t8"":""bf83ea123bc85b30f3c7f1f8a0de47c8366352fc37c099890eab75c8cba62cb8"",""hs_18q_d1:4dpu_t8"":""0f172b4535a71fb59dd5d4f406df828c33333cda1113d1c71db08b5d0e989d1e"",""quantization_stress_18q_l2:1dpu_t8"":""9d1e1ae9a325d84cef97b0fd9beffa9d4b3d783f00a4e38f6fce3a17114d3abb"",""quantization_stress_18q_l2:4dpu_t8"":""9d1e1ae9a325d84cef97b0fd9beffa9d4b3d783f00a4e38f6fce3a17114d3abb""}"
898,5,2.2422980708778684,1.0,6,0.024368166273412584,0.9754242110524387,0.00020762267414873057,0.012184083136706292,0.012184083136706292,0.9754242110524387,0.00020762267414873057,0.0,0.0,"{""edc_18q:1dpu_t8"":""cf23b184355b080f3bead1d9d754a3c2c295746793109413aedfff30da27b94e"",""edc_18q:4dpu_t8"":""cf23b184355b080f3bead1d9d754a3c2c295746793109413aedfff30da27b94e"",""ghz_chain_18q:1dpu_t8"":""9f9e62a16e205e4bd5eb1d1b8f62cade3177ef00fa9bd4dc15c899a41b00d3d0"",""ghz_chain_18q:4dpu_t8"":""9f9e62a16e205e4bd5eb1d1b8f62cade3177ef00fa9bd4dc15c899a41b00d3d0"",""hs_18q_d1:1dpu_t8"":""bf83ea123bc85b30f3c7f1f8a0de47c8366352fc37c099890eab75c8cba62cb8"",""hs_18q_d1:4dpu_t8"":""bf83ea123bc85b30f3c7f1f8a0de47c8366352fc37c099890eab75c8cba62cb8"",""quantization_stress_18q_l2:1dpu_t8"":""9d1e1ae9a325d84cef97b0fd9beffa9d4b3d783f00a4e38f6fce3a17114d3abb"",""quantization_stress_18q_l2:4dpu_t8"":""9d1e1ae9a325d84cef97b0fd9beffa9d4b3d783f00a4e38f6fce3a17114d3abb""}"
899,3,2.296378951569652,1.0163179096347865,8,0.0,1.0,0.0,0.0,0.0,1.0,0.0,0.0,0.0,"{""edc_18q:1dpu_t8"":""cf23b184355b080f3bead1d9d754a3c2c295746793109413aedfff30da27b94e"",""edc_18q:4dpu_t8"":""cf23b184355b080f3bead1d9d754a3c2c295746793109413aedfff30da27b94e"",""ghz_chain_18q:1dpu_t8"":""9f9e62a16e205e4bd5eb1d1b8f62cade3177ef00fa9bd4dc15c899a41b00d3d0"",""ghz_chain_18q:4dpu_t8"":""9f9e62a16e205e4bd5eb1d1b8f62cade3177ef00fa9bd4dc15c899a41b00d3d0"",""hs_18q_d1:1dpu_t8"":""0f172b4535a71fb59dd5d4f406df828c33333cda1113d1c71db08b5d0e989d1e"",""hs_18q_d1:4dpu_t8"":""0f172b4535a71fb59dd5d4f406df828c33333cda1113d1c71db08b5d0e989d1e"",""quantization_stress_18q_l2:1dpu_t8"":""9d1e1ae9a325d84cef97b0fd9beffa9d4b3d783f00a4e38f6fce3a17114d3abb"",""quantization_stress_18q_l2:4dpu_t8"":""9d1e1ae9a325d84cef97b0fd9beffa9d4b3d783f00a4e38f6fce3a17114d3abb""}"
900,3,2.2877348141934717,0.997529052435953,7,0.0,1.0,0.0,0.0,0.0,1.0,0.0,0.0,0.0,"{""edc_18q:1dpu_t8"":""cf23b184355b080f3bead1d9d754a3c2c295746793109413aedfff30da27b94e"",""edc_18q:4dpu_t8"":""cf23b184355b080f3bead1d9d754a3c2c295746793109413aedfff30da27b94e"",""ghz_chain_18q:1dpu_t8"":""9f9e62a16e205e4bd5eb1d1b8f62cade3177ef00fa9bd4dc15c899a41b00d3d0"",""ghz_chain_18q:4dpu_t8"":""9f9e62a16e205e4bd5eb1d1b8f62cade3177ef00fa9bd4dc15c899a41b00d3d0"",""hs_18q_d1:1dpu_t8"":""0f172b4535a71fb59dd5d4f406df828c33333cda1113d1c71db08b5d0e989d1e"",""hs_18q_d1:4dpu_t8"":""0f172b4535a71fb59dd5d4f406df828c33333cda1113d1c71db08b5d0e989d1e"",""quantization_stress_18q_l2:1dpu_t8"":""9d1e1ae9a325d84cef97b0fd9beffa9d4b3d783f00a4e38f6fce3a17114d3abb"",""quantization_stress_18q_l2:4dpu_t8"":""9d1e1ae9a325d84cef97b0fd9beffa9d4b3d783f00a4e38f6fce3a17114d3abb""}"
901,9,2.2270777023985824,1.0,7,0.5414741851996391,0.45232358896253566,0.006202225837825213,0.27073709259981954,0.27073709259981954,0.45232358896253566,0.006202225837825213,0.0,0.0,"{""edc_18q:1dpu_t8"":""cf23b184355b080f3bead1d9d754a3c2c295746793109413aedfff30da27b94e"",""edc_18q:4dpu_t8"":""cf23b184355b080f3bead1d9d754a3c2c295746793109413aedfff30da27b94e"",""ghz_chain_18q:1dpu_t8"":""9f9e62a16e205e4bd5eb1d1b8f62cade3177ef00fa9bd4dc15c899a41b00d3d0"",""ghz_chain_18q:4dpu_t8"":""9f9e62a16e205e4bd5eb1d1b8f62cade3177ef00fa9bd4dc15c899a41b00d3d0"",""hs_18q_d1:1dpu_t8"":""bf83ea123bc85b30f3c7f1f8a0de47c8366352fc37c099890eab75c8cba62cb8"",""hs_18q_d1:4dpu_t8"":""0f172b4535a71fb59dd5d4f406df828c33333cda1113d1c71db08b5d0e989d1e"",""quantization_stress_18q_l2:1dpu_t8"":""e56fd025e7fdf900c75302bb6e7212f78d89deef09b236732a001e9f5c5001c1"",""quantization_stress_18q_l2:4dpu_t8"":""e56fd025e7fdf900c75302bb6e7212f78d89deef09b236732a001e9f5c5001c1""}"
902,9,2.2508699609159817,1.0,7,0.5414741851996391,0.45232358896253566,0.006202225837825213,0.27073709259981954,0.27073709259981954,0.45232358896253566,0.006202225837825213,0.0,0.0,"{""edc_18q:1dpu_t8"":""cf23b184355b080f3bead1d9d754a3c2c295746793109413aedfff30da27b94e"",""edc_18q:4dpu_t8"":""cf23b184355b080f3bead1d9d754a3c2c295746793109413aedfff30da27b94e"",""ghz_chain_18q:1dpu_t8"":""9f9e62a16e205e4bd5eb1d1b8f62cade3177ef00fa9bd4dc15c899a41b00d3d0"",""ghz_chain_18q:4dpu_t8"":""9f9e62a16e205e4bd5eb1d1b8f62cade3177ef00fa9bd4dc15c899a41b00d3d0"",""hs_18q_d1:1dpu_t8"":""bf83ea123bc85b30f3c7f1f8a0de47c8366352fc37c099890eab75c8cba62cb8"",""hs_18q_d1:4dpu_t8"":""0f172b4535a71fb59dd5d4f406df828c33333cda1113d1c71db08b5d0e989d1e"",""quantization_stress_18q_l2:1dpu_t8"":""e56fd025e7fdf900c75302bb6e7212f78d89deef09b236732a001e9f5c5001c1"",""quantization_stress_18q_l2:4dpu_t8"":""e56fd025e7fdf900c75302bb6e7212f78d89deef09b236732a001e9f5c5001c1""}"
903,10,2.244365526878726,1.0,6,0.47630996810097936,0.518889877536195,0.004800154362825642,0.23815498405048968,0.23815498405048968,0.518889877536195,0.004800154362825642,0.0,0.0,"{""edc_18q:1dpu_t8"":""cf23b184355b080f3bead1d9d754a3c2c295746793109413aedfff30da27b94e"",""edc_18q:4dpu_t8"":""cf23b184355b080f3bead1d9d754a3c2c295746793109413aedfff30da27b94e"",""ghz_chain_18q:1dpu_t8"":""9f9e62a16e205e4bd5eb1d1b8f62cade3177ef00fa9bd4dc15c899a41b00d3d0"",""ghz_chain_18q:4dpu_t8"":""9f9e62a16e205e4bd5eb1d1b8f62cade3177ef00fa9bd4dc15c899a41b00d3d0"",""hs_18q_d1:1dpu_t8"":""bf83ea123bc85b30f3c7f1f8a0de47c8366352fc37c099890eab75c8cba62cb8"",""hs_18q_d1:4dpu_t8"":""bf83ea123bc85b30f3c7f1f8a0de47c8366352fc37c099890eab75c8cba62cb8"",""quantization_stress_18q_l2:1dpu_t8"":""e56fd025e7fdf900c75302bb6e7212f78d89deef09b236732a001e9f5c5001c1"",""quantization_stress_18q_l2:4dpu_t8"":""e56fd025e7fdf900c75302bb6e7212f78d89deef09b236732a001e9f5c5001c1""}"
904,3,2.28150282412184,0.997529052435953,7,0.0,1.0,0.0,0.0,0.0,1.0,0.0,0.0,0.0,"{""edc_18q:1dpu_t8"":""cf23b184355b080f3bead1d9d754a3c2c295746793109413aedfff30da27b94e"",""edc_18q:4dpu_t8"":""cf23b184355b080f3bead1d9d754a3c2c295746793109413aedfff30da27b94e"",""ghz_chain_18q:1dpu_t8"":""9f9e62a16e205e4bd5eb1d1b8f62cade3177ef00fa9bd4dc15c899a41b00d3d0"",""ghz_chain_18q:4dpu_t8"":""9f9e62a16e205e4bd5eb1d1b8f62cade3177ef00fa9bd4dc15c899a41b00d3d0"",""hs_18q_d1:1dpu_t8"":""0f172b4535a71fb59dd5d4f406df828c33333cda1113d1c71db08b5d0e989d1e"",""hs_18q_d1:4dpu_t8"":""0f172b4535a71fb59dd5d4f406df828c33333cda1113d1c71db08b5d0e989d1e"",""quantization_stress_18q_l2:1dpu_t8"":""9d1e1ae9a325d84cef97b0fd9beffa9d4b3d783f00a4e38f6fce3a17114d3abb"",""quantization_stress_18q_l2:4dpu_t8"":""9d1e1ae9a325d84cef97b0fd9beffa9d4b3d783f00a4e38f6fce3a17114d3abb""}"
905,9,2.2268178944452575,1.0,7,0.5414741851996391,0.45232358896253566,0.006202225837825213,0.27073709259981954,0.27073709259981954,0.45232358896253566,0.006202225837825213,0.0,0.0,"{""edc_18q:1dpu_t8"":""cf23b184355b080f3bead1d9d754a3c2c295746793109413aedfff30da27b94e"",""edc_18q:4dpu_t8"":""cf23b184355b080f3bead1d9d754a3c2c295746793109413aedfff30da27b94e"",""ghz_chain_18q:1dpu_t8"":""9f9e62a16e205e4bd5eb1d1b8f62cade3177ef00fa9bd4dc15c899a41b00d3d0"",""ghz_chain_18q:4dpu_t8"":""9f9e62a16e205e4bd5eb1d1b8f62cade3177ef00fa9bd4dc15c899a41b00d3d0"",""hs_18q_d1:1dpu_t8"":""bf83ea123bc85b30f3c7f1f8a0de47c8366352fc37c099890eab75c8cba62cb8"",""hs_18q_d1:4dpu_t8"":""0f172b4535a71fb59dd5d4f406df828c33333cda1113d1c71db08b5d0e989d1e"",""quantization_stress_18q_l2:1dpu_t8"":""e56fd025e7fdf900c75302bb6e7212f78d89deef09b236732a001e9f5c5001c1"",""quantization_stress_18q_l2:4dpu_t8"":""e56fd025e7fdf900c75302bb6e7212f78d89deef09b236732a001e9f5c5001c1""}"
906,5,2.2308651665966552,1.0,6,0.024368166273412584,0.9754242110524387,0.00020762267414873057,0.012184083136706292,0.012184083136706292,0.9754242110524387,0.00020762267414873057,0.0,0.0,"{""edc_18q:1dpu_t8"":""cf23b184355b080f3bead1d9d754a3c2c295746793109413aedfff30da27b94e"",""edc_18q:4dpu_t8"":""cf23b184355b080f3bead1d9d754a3c2c295746793109413aedfff30da27b94e"",""ghz_chain_18q:1dpu_t8"":""9f9e62a16e205e4bd5eb1d1b8f62cade3177ef00fa9bd4dc15c899a41b00d3d0"",""ghz_chain_18q:4dpu_t8"":""9f9e62a16e205e4bd5eb1d1b8f62cade3177ef00fa9bd4dc15c899a41b00d3d0"",""hs_18q_d1:1dpu_t8"":""bf83ea123bc85b30f3c7f1f8a0de47c8366352fc37c099890eab75c8cba62cb8"",""hs_18q_d1:4dpu_t8"":""bf83ea123bc85b30f3c7f1f8a0de47c8366352fc37c099890eab75c8cba62cb8"",""quantization_stress_18q_l2:1dpu_t8"":""9d1e1ae9a325d84cef97b0fd9beffa9d4b3d783f00a4e38f6fce3a17114d3abb"",""quantization_stress_18q_l2:4dpu_t8"":""9d1e1ae9a325d84cef97b0fd9beffa9d4b3d783f00a4e38f6fce3a17114d3abb""}"
907,5,2.232576838321726,1.0,6,0.024368166273412584,0.9754242110524387,0.00020762267414873057,0.012184083136706292,0.012184083136706292,0.9754242110524387,0.00020762267414873057,0.0,0.0,"{""edc_18q:1dpu_t8"":""cf23b184355b080f3bead1d9d754a3c2c295746793109413aedfff30da27b94e"",""edc_18q:4dpu_t8"":""cf23b184355b080f3bead1d9d754a3c2c295746793109413aedfff30da27b94e"",""ghz_chain_18q:1dpu_t8"":""9f9e62a16e205e4bd5eb1d1b8f62cade3177ef00fa9bd4dc15c899a41b00d3d0"",""ghz_chain_18q:4dpu_t8"":""9f9e62a16e205e4bd5eb1d1b8f62cade3177ef00fa9bd4dc15c899a41b00d3d0"",""hs_18q_d1:1dpu_t8"":""bf83ea123bc85b30f3c7f1f8a0de47c8366352fc37c099890eab75c8cba62cb8"",""hs_18q_d1:4dpu_t8"":""bf83ea123bc85b30f3c7f1f8a0de47c8366352fc37c099890eab75c8cba62cb8"",""quantization_stress_18q_l2:1dpu_t8"":""9d1e1ae9a325d84cef97b0fd9beffa9d4b3d783f00a4e38f6fce3a17114d3abb"",""quantization_stress_18q_l2:4dpu_t8"":""9d1e1ae9a325d84cef97b0fd9beffa9d4b3d783f00a4e38f6fce3a17114d3abb""}"
908,9,2.2556784300120563,1.0,7,0.5414741851996391,0.45232358896253566,0.006202225837825213,0.27073709259981954,0.27073709259981954,0.45232358896253566,0.006202225837825213,0.0,0.0,"{""edc_18q:1dpu_t8"":""cf23b184355b080f3bead1d9d754a3c2c295746793109413aedfff30da27b94e"",""edc_18q:4dpu_t8"":""cf23b184355b080f3bead1d9d754a3c2c295746793109413aedfff30da27b94e"",""ghz_chain_18q:1dpu_t8"":""9f9e62a16e205e4bd5eb1d1b8f62cade3177ef00fa9bd4dc15c899a41b00d3d0"",""ghz_chain_18q:4dpu_t8"":""9f9e62a16e205e4bd5eb1d1b8f62cade3177ef00fa9bd4dc15c899a41b00d3d0"",""hs_18q_d1:1dpu_t8"":""bf83ea123bc85b30f3c7f1f8a0de47c8366352fc37c099890eab75c8cba62cb8"",""hs_18q_d1:4dpu_t8"":""0f172b4535a71fb59dd5d4f406df828c33333cda1113d1c71db08b5d0e989d1e"",""quantization_stress_18q_l2:1dpu_t8"":""e56fd025e7fdf900c75302bb6e7212f78d89deef09b236732a001e9f5c5001c1"",""quantization_stress_18q_l2:4dpu_t8"":""e56fd025e7fdf900c75302bb6e7212f78d89deef09b236732a001e9f5c5001c1""}"
909,10,2.2562429165563813,1.0,6,0.47630996810097936,0.518889877536195,0.004800154362825642,0.23815498405048968,0.23815498405048968,0.518889877536195,0.004800154362825642,0.0,0.0,"{""edc_18q:1dpu_t8"":""cf23b184355b080f3bead1d9d754a3c2c295746793109413aedfff30da27b94e"",""edc_18q:4dpu_t8"":""cf23b184355b080f3bead1d9d754a3c2c295746793109413aedfff30da27b94e"",""ghz_chain_18q:1dpu_t8"":""9f9e62a16e205e4bd5eb1d1b8f62cade3177ef00fa9bd4dc15c899a41b00d3d0"",""ghz_chain_18q:4dpu_t8"":""9f9e62a16e205e4bd5eb1d1b8f62cade3177ef00fa9bd4dc15c899a41b00d3d0"",""hs_18q_d1:1dpu_t8"":""bf83ea123bc85b30f3c7f1f8a0de47c8366352fc37c099890eab75c8cba62cb8"",""hs_18q_d1:4dpu_t8"":""bf83ea123bc85b30f3c7f1f8a0de47c8366352fc37c099890eab75c8cba62cb8"",""quantization_stress_18q_l2:1dpu_t8"":""e56fd025e7fdf900c75302bb6e7212f78d89deef09b236732a001e9f5c5001c1"",""quantization_stress_18q_l2:4dpu_t8"":""e56fd025e7fdf900c75302bb6e7212f78d89deef09b236732a001e9f5c5001c1""}"
910,3,2.2678083344988553,0.997529052435953,7,0.0,1.0,0.0,0.0,0.0,1.0,0.0,0.0,0.0,"{""edc_18q:1dpu_t8"":""cf23b184355b080f3bead1d9d754a3c2c295746793109413aedfff30da27b94e"",""edc_18q:4dpu_t8"":""cf23b184355b080f3bead1d9d754a3c2c295746793109413aedfff30da27b94e"",""ghz_chain_18q:1dpu_t8"":""9f9e62a16e205e4bd5eb1d1b8f62cade3177ef00fa9bd4dc15c899a41b00d3d0"",""ghz_chain_18q:4dpu_t8"":""9f9e62a16e205e4bd5eb1d1b8f62cade3177ef00fa9bd4dc15c899a41b00d3d0"",""hs_18q_d1:1dpu_t8"":""0f172b4535a71fb59dd5d4f406df828c33333cda1113d1c71db08b5d0e989d1e"",""hs_18q_d1:4dpu_t8"":""0f172b4535a71fb59dd5d4f406df828c33333cda1113d1c71db08b5d0e989d1e"",""quantization_stress_18q_l2:1dpu_t8"":""9d1e1ae9a325d84cef97b0fd9beffa9d4b3d783f00a4e38f6fce3a17114d3abb"",""quantization_stress_18q_l2:4dpu_t8"":""9d1e1ae9a325d84cef97b0fd9beffa9d4b3d783f00a4e38f6fce3a17114d3abb""}"
911,10,2.233296719943671,1.0,6,0.47630996810097936,0.518889877536195,0.004800154362825642,0.23815498405048968,0.23815498405048968,0.518889877536195,0.004800154362825642,0.0,0.0,"{""edc_18q:1dpu_t8"":""cf23b184355b080f3bead1d9d754a3c2c295746793109413aedfff30da27b94e"",""edc_18q:4dpu_t8"":""cf23b184355b080f3bead1d9d754a3c2c295746793109413aedfff30da27b94e"",""ghz_chain_18q:1dpu_t8"":""9f9e62a16e205e4bd5eb1d1b8f62cade3177ef00fa9bd4dc15c899a41b00d3d0"",""ghz_chain_18q:4dpu_t8"":""9f9e62a16e205e4bd5eb1d1b8f62cade3177ef00fa9bd4dc15c899a41b00d3d0"",""hs_18q_d1:1dpu_t8"":""bf83ea123bc85b30f3c7f1f8a0de47c8366352fc37c099890eab75c8cba62cb8"",""hs_18q_d1:4dpu_t8"":""bf83ea123bc85b30f3c7f1f8a0de47c8366352fc37c099890eab75c8cba62cb8"",""quantization_stress_18q_l2:1dpu_t8"":""e56fd025e7fdf900c75302bb6e7212f78d89deef09b236732a001e9f5c5001c1"",""quantization_stress_18q_l2:4dpu_t8"":""e56fd025e7fdf900c75302bb6e7212f78d89deef09b236732a001e9f5c5001c1""}"
912,10,2.217231189018093,1.0,6,0.47630996810097936,0.518889877536195,0.004800154362825642,0.23815498405048968,0.23815498405048968,0.518889877536195,0.004800154362825642,0.0,0.0,"{""edc_18q:1dpu_t8"":""cf23b184355b080f3bead1d9d754a3c2c295746793109413aedfff30da27b94e"",""edc_18q:4dpu_t8"":""cf23b184355b080f3bead1d9d754a3c2c295746793109413aedfff30da27b94e"",""ghz_chain_18q:1dpu_t8"":""9f9e62a16e205e4bd5eb1d1b8f62cade3177ef00fa9bd4dc15c899a41b00d3d0"",""ghz_chain_18q:4dpu_t8"":""9f9e62a16e205e4bd5eb1d1b8f62cade3177ef00fa9bd4dc15c899a41b00d3d0"",""hs_18q_d1:1dpu_t8"":""bf83ea123bc85b30f3c7f1f8a0de47c8366352fc37c099890eab75c8cba62cb8"",""hs_18q_d1:4dpu_t8"":""bf83ea123bc85b30f3c7f1f8a0de47c8366352fc37c099890eab75c8cba62cb8"",""quantization_stress_18q_l2:1dpu_t8"":""e56fd025e7fdf900c75302bb6e7212f78d89deef09b236732a001e9f5c5001c1"",""quantization_stress_18q_l2:4dpu_t8"":""e56fd025e7fdf900c75302bb6e7212f78d89deef09b236732a001e9f5c5001c1""}"
913,5,2.2393014269872795,1.0,6,0.024368166273412584,0.9754242110524387,0.00020762267414873057,0.012184083136706292,0.012184083136706292,0.9754242110524387,0.00020762267414873057,0.0,0.0,"{""edc_18q:1dpu_t8"":""cf23b184355b080f3bead1d9d754a3c2c295746793109413aedfff30da27b94e"",""edc_18q:4dpu_t8"":""cf23b184355b080f3bead1d9d754a3c2c295746793109413aedfff30da27b94e"",""ghz_chain_18q:1dpu_t8"":""9f9e62a16e205e4bd5eb1d1b8f62cade3177ef00fa9bd4dc15c899a41b00d3d0"",""ghz_chain_18q:4dpu_t8"":""9f9e62a16e205e4bd5eb1d1b8f62cade3177ef00fa9bd4dc15c899a41b00d3d0"",""hs_18q_d1:1dpu_t8"":""bf83ea123bc85b30f3c7f1f8a0de47c8366352fc37c099890eab75c8cba62cb8"",""hs_18q_d1:4dpu_t8"":""bf83ea123bc85b30f3c7f1f8a0de47c8366352fc37c099890eab75c8cba62cb8"",""quantization_stress_18q_l2:1dpu_t8"":""9d1e1ae9a325d84cef97b0fd9beffa9d4b3d783f00a4e38f6fce3a17114d3abb"",""quantization_stress_18q_l2:4dpu_t8"":""9d1e1ae9a325d84cef97b0fd9beffa9d4b3d783f00a4e38f6fce3a17114d3abb""}"
914,5,2.2341681913016114,1.0,6,0.024368166273412584,0.9754242110524387,0.00020762267414873057,0.012184083136706292,0.012184083136706292,0.9754242110524387,0.00020762267414873057,0.0,0.0,"{""edc_18q:1dpu_t8"":""cf23b184355b080f3bead1d9d754a3c2c295746793109413aedfff30da27b94e"",""edc_18q:4dpu_t8"":""cf23b184355b080f3bead1d9d754a3c2c295746793109413aedfff30da27b94e"",""ghz_chain_18q:1dpu_t8"":""9f9e62a16e205e4bd5eb1d1b8f62cade3177ef00fa9bd4dc15c899a41b00d3d0"",""ghz_chain_18q:4dpu_t8"":""9f9e62a16e205e4bd5eb1d1b8f62cade3177ef00fa9bd4dc15c899a41b00d3d0"",""hs_18q_d1:1dpu_t8"":""bf83ea123bc85b30f3c7f1f8a0de47c8366352fc37c099890eab75c8cba62cb8"",""hs_18q_d1:4dpu_t8"":""bf83ea123bc85b30f3c7f1f8a0de47c8366352fc37c099890eab75c8cba62cb8"",""quantization_stress_18q_l2:1dpu_t8"":""9d1e1ae9a325d84cef97b0fd9beffa9d4b3d783f00a4e38f6fce3a17114d3abb"",""quantization_stress_18q_l2:4dpu_t8"":""9d1e1ae9a325d84cef97b0fd9beffa9d4b3d783f00a4e38f6fce3a17114d3abb""}"
915,5,2.2353140307291377,1.0,6,0.024368166273412584,0.9754242110524387,0.00020762267414873057,0.012184083136706292,0.012184083136706292,0.9754242110524387,0.00020762267414873057,0.0,0.0,"{""edc_18q:1dpu_t8"":""cf23b184355b080f3bead1d9d754a3c2c295746793109413aedfff30da27b94e"",""edc_18q:4dpu_t8"":""cf23b184355b080f3bead1d9d754a3c2c295746793109413aedfff30da27b94e"",""ghz_chain_18q:1dpu_t8"":""9f9e62a16e205e4bd5eb1d1b8f62cade3177ef00fa9bd4dc15c899a41b00d3d0"",""ghz_chain_18q:4dpu_t8"":""9f9e62a16e205e4bd5eb1d1b8f62cade3177ef00fa9bd4dc15c899a41b00d3d0"",""hs_18q_d1:1dpu_t8"":""bf83ea123bc85b30f3c7f1f8a0de47c8366352fc37c099890eab75c8cba62cb8"",""hs_18q_d1:4dpu_t8"":""bf83ea123bc85b30f3c7f1f8a0de47c8366352fc37c099890eab75c8cba62cb8"",""quantization_stress_18q_l2:1dpu_t8"":""9d1e1ae9a325d84cef97b0fd9beffa9d4b3d783f00a4e38f6fce3a17114d3abb"",""quantization_stress_18q_l2:4dpu_t8"":""9d1e1ae9a325d84cef97b0fd9beffa9d4b3d783f00a4e38f6fce3a17114d3abb""}"
916,8,2.2916968227910894,1.041845644222677,8,0.3715322706836804,0.40507521716230527,0.2233925121540143,0.1857661353418402,0.1857661353418402,0.40507521716230527,0.2233925121540143,0.0,0.0,"{""edc_18q:1dpu_t8"":""cf23b184355b080f3bead1d9d754a3c2c295746793109413aedfff30da27b94e"",""edc_18q:4dpu_t8"":""cf23b184355b080f3bead1d9d754a3c2c295746793109413aedfff30da27b94e"",""ghz_chain_18q:1dpu_t8"":""9f9e62a16e205e4bd5eb1d1b8f62cade3177ef00fa9bd4dc15c899a41b00d3d0"",""ghz_chain_18q:4dpu_t8"":""9f9e62a16e205e4bd5eb1d1b8f62cade3177ef00fa9bd4dc15c899a41b00d3d0"",""hs_18q_d1:1dpu_t8"":""0f172b4535a71fb59dd5d4f406df828c33333cda1113d1c71db08b5d0e989d1e"",""hs_18q_d1:4dpu_t8"":""0f172b4535a71fb59dd5d4f406df828c33333cda1113d1c71db08b5d0e989d1e"",""quantization_stress_18q_l2:1dpu_t8"":""e56fd025e7fdf900c75302bb6e7212f78d89deef09b236732a001e9f5c5001c1"",""quantization_stress_18q_l2:4dpu_t8"":""e56fd025e7fdf900c75302bb6e7212f78d89deef09b236732a001e9f5c5001c1""}"
917,3,2.2888053907947397,1.041845644222677,8,0.0,1.0,0.0,0.0,0.0,1.0,0.0,0.0,0.0,"{""edc_18q:1dpu_t8"":""cf23b184355b080f3bead1d9d754a3c2c295746793109413aedfff30da27b94e"",""edc_18q:4dpu_t8"":""cf23b184355b080f3bead1d9d754a3c2c295746793109413aedfff30da27b94e"",""ghz_chain_18q:1dpu_t8"":""9f9e62a16e205e4bd5eb1d1b8f62cade3177ef00fa9bd4dc15c899a41b00d3d0"",""ghz_chain_18q:4dpu_t8"":""9f9e62a16e205e4bd5eb1d1b8f62cade3177ef00fa9bd4dc15c899a41b00d3d0"",""hs_18q_d1:1dpu_t8"":""0f172b4535a71fb59dd5d4f406df828c33333cda1113d1c71db08b5d0e989d1e"",""hs_18q_d1:4dpu_t8"":""0f172b4535a71fb59dd5d4f406df828c33333cda1113d1c71db08b5d0e989d1e"",""quantization_stress_18q_l2:1dpu_t8"":""9d1e1ae9a325d84cef97b0fd9beffa9d4b3d783f00a4e38f6fce3a17114d3abb"",""quantization_stress_18q_l2:4dpu_t8"":""9d1e1ae9a325d84cef97b0fd9beffa9d4b3d783f00a4e38f6fce3a17114d3abb""}"
918,5,2.243094892049608,1.0,6,0.024368166273412584,0.9754242110524387,0.00020762267414873057,0.012184083136706292,0.012184083136706292,0.9754242110524387,0.00020762267414873057,0.0,0.0,"{""edc_18q:1dpu_t8"":""cf23b184355b080f3bead1d9d754a3c2c295746793109413aedfff30da27b94e"",""edc_18q:4dpu_t8"":""cf23b184355b080f3bead1d9d754a3c2c295746793109413aedfff30da27b94e"",""ghz_chain_18q:1dpu_t8"":""9f9e62a16e205e4bd5eb1d1b8f62cade3177ef00fa9bd4dc15c899a41b00d3d0"",""ghz_chain_18q:4dpu_t8"":""9f9e62a16e205e4bd5eb1d1b8f62cade3177ef00fa9bd4dc15c899a41b00d3d0"",""hs_18q_d1:1dpu_t8"":""bf83ea123bc85b30f3c7f1f8a0de47c8366352fc37c099890eab75c8cba62cb8"",""hs_18q_d1:4dpu_t8"":""bf83ea123bc85b30f3c7f1f8a0de47c8366352fc37c099890eab75c8cba62cb8"",""quantization_stress_18q_l2:1dpu_t8"":""9d1e1ae9a325d84cef97b0fd9beffa9d4b3d783f00a4e38f6fce3a17114d3abb"",""quantization_stress_18q_l2:4dpu_t8"":""9d1e1ae9a325d84cef97b0fd9beffa9d4b3d783f00a4e38f6fce3a17114d3abb""}"
919,5,2.2580213070384856,1.0,6,0.024368166273412584,0.9754242110524387,0.00020762267414873057,0.012184083136706292,0.012184083136706292,0.9754242110524387,0.00020762267414873057,0.0,0.0,"{""edc_18q:1dpu_t8"":""cf23b184355b080f3bead1d9d754a3c2c295746793109413aedfff30da27b94e"",""edc_18q:4dpu_t8"":""cf23b184355b080f3bead1d9d754a3c2c295746793109413aedfff30da27b94e"",""ghz_chain_18q:1dpu_t8"":""9f9e62a16e205e4bd5eb1d1b8f62cade3177ef00fa9bd4dc15c899a41b00d3d0"",""ghz_chain_18q:4dpu_t8"":""9f9e62a16e205e4bd5eb1d1b8f62cade3177ef00fa9bd4dc15c899a41b00d3d0"",""hs_18q_d1:1dpu_t8"":""bf83ea123bc85b30f3c7f1f8a0de47c8366352fc37c099890eab75c8cba62cb8"",""hs_18q_d1:4dpu_t8"":""bf83ea123bc85b30f3c7f1f8a0de47c8366352fc37c099890eab75c8cba62cb8"",""quantization_stress_18q_l2:1dpu_t8"":""9d1e1ae9a325d84cef97b0fd9beffa9d4b3d783f00a4e38f6fce3a17114d3abb"",""quantization_stress_18q_l2:4dpu_t8"":""9d1e1ae9a325d84cef97b0fd9beffa9d4b3d783f00a4e38f6fce3a17114d3abb""}"
920,9,2.2509745927913167,1.0,7,0.5414741851996391,0.45232358896253566,0.006202225837825213,0.27073709259981954,0.27073709259981954,0.45232358896253566,0.006202225837825213,0.0,0.0,"{""edc_18q:1dpu_t8"":""cf23b184355b080f3bead1d9d754a3c2c295746793109413aedfff30da27b94e"",""edc_18q:4dpu_t8"":""cf23b184355b080f3bead1d9d754a3c2c295746793109413aedfff30da27b94e"",""ghz_chain_18q:1dpu_t8"":""9f9e62a16e205e4bd5eb1d1b8f62cade3177ef00fa9bd4dc15c899a41b00d3d0"",""ghz_chain_18q:4dpu_t8"":""9f9e62a16e205e4bd5eb1d1b8f62cade3177ef00fa9bd4dc15c899a41b00d3d0"",""hs_18q_d1:1dpu_t8"":""bf83ea123bc85b30f3c7f1f8a0de47c8366352fc37c099890eab75c8cba62cb8"",""hs_18q_d1:4dpu_t8"":""0f172b4535a71fb59dd5d4f406df828c33333cda1113d1c71db08b5d0e989d1e"",""quantization_stress_18q_l2:1dpu_t8"":""e56fd025e7fdf900c75302bb6e7212f78d89deef09b236732a001e9f5c5001c1"",""quantization_stress_18q_l2:4dpu_t8"":""e56fd025e7fdf900c75302bb6e7212f78d89deef09b236732a001e9f5c5001c1""}"
921,5,2.242658531205756,1.0,6,0.024368166273412584,0.9754242110524387,0.00020762267414873057,0.012184083136706292,0.012184083136706292,0.9754242110524387,0.00020762267414873057,0.0,0.0,"{""edc_18q:1dpu_t8"":""cf23b184355b080f3bead1d9d754a3c2c295746793109413aedfff30da27b94e"",""edc_18q:4dpu_t8"":""cf23b184355b080f3bead1d9d754a3c2c295746793109413aedfff30da27b94e"",""ghz_chain_18q:1dpu_t8"":""9f9e62a16e205e4bd5eb1d1b8f62cade3177ef00fa9bd4dc15c899a41b00d3d0"",""ghz_chain_18q:4dpu_t8"":""9f9e62a16e205e4bd5eb1d1b8f62cade3177ef00fa9bd4dc15c899a41b00d3d0"",""hs_18q_d1:1dpu_t8"":""bf83ea123bc85b30f3c7f1f8a0de47c8366352fc37c099890eab75c8cba62cb8"",""hs_18q_d1:4dpu_t8"":""bf83ea123bc85b30f3c7f1f8a0de47c8366352fc37c099890eab75c8cba62cb8"",""quantization_stress_18q_l2:1dpu_t8"":""9d1e1ae9a325d84cef97b0fd9beffa9d4b3d783f00a4e38f6fce3a17114d3abb"",""quantization_stress_18q_l2:4dpu_t8"":""9d1e1ae9a325d84cef97b0fd9beffa9d4b3d783f00a4e38f6fce3a17114d3abb""}"
922,3,2.2981385306747657,1.041845644222677,8,0.0,1.0,0.0,0.0,0.0,1.0,0.0,0.0,0.0,"{""edc_18q:1dpu_t8"":""cf23b184355b080f3bead1d9d754a3c2c295746793109413aedfff30da27b94e"",""edc_18q:4dpu_t8"":""cf23b184355b080f3bead1d9d754a3c2c295746793109413aedfff30da27b94e"",""ghz_chain_18q:1dpu_t8"":""9f9e62a16e205e4bd5eb1d1b8f62cade3177ef00fa9bd4dc15c899a41b00d3d0"",""ghz_chain_18q:4dpu_t8"":""9f9e62a16e205e4bd5eb1d1b8f62cade3177ef00fa9bd4dc15c899a41b00d3d0"",""hs_18q_d1:1dpu_t8"":""0f172b4535a71fb59dd5d4f406df828c33333cda1113d1c71db08b5d0e989d1e"",""hs_18q_d1:4dpu_t8"":""0f172b4535a71fb59dd5d4f406df828c33333cda1113d1c71db08b5d0e989d1e"",""quantization_stress_18q_l2:1dpu_t8"":""9d1e1ae9a325d84cef97b0fd9beffa9d4b3d783f00a4e38f6fce3a17114d3abb"",""quantization_stress_18q_l2:4dpu_t8"":""9d1e1ae9a325d84cef97b0fd9beffa9d4b3d783f00a4e38f6fce3a17114d3abb""}"
923,4,2.2548861448576623,1.0,7,0.22063680206282787,0.7768451800394555,0.002518017897716659,0.11031840103141394,0.11031840103141394,0.7768451800394555,0.002518017897716659,0.0,0.0,"{""edc_18q:1dpu_t8"":""cf23b184355b080f3bead1d9d754a3c2c295746793109413aedfff30da27b94e"",""edc_18q:4dpu_t8"":""cf23b184355b080f3bead1d9d754a3c2c295746793109413aedfff30da27b94e"",""ghz_chain_18q:1dpu_t8"":""9f9e62a16e205e4bd5eb1d1b8f62cade3177ef00fa9bd4dc15c899a41b00d3d0"",""ghz_chain_18q:4dpu_t8"":""9f9e62a16e205e4bd5eb1d1b8f62cade3177ef00fa9bd4dc15c899a41b00d3d0"",""hs_18q_d1:1dpu_t8"":""bf83ea123bc85b30f3c7f1f8a0de47c8366352fc37c099890eab75c8cba62cb8"",""hs_18q_d1:4dpu_t8"":""0f172b4535a71fb59dd5d4f406df828c33333cda1113d1c71db08b5d0e989d1e"",""quantization_stress_18q_l2:1dpu_t8"":""9d1e1ae9a325d84cef97b0fd9beffa9d4b3d783f00a4e38f6fce3a17114d3abb"",""quantization_stress_18q_l2:4dpu_t8"":""9d1e1ae9a325d84cef97b0fd9beffa9d4b3d783f00a4e38f6fce3a17114d3abb""}"
924,4,2.233780645637652,1.0,7,0.22063680206282787,0.7768451800394555,0.002518017897716659,0.11031840103141394,0.11031840103141394,0.7768451800394555,0.002518017897716659,0.0,0.0,"{""edc_18q:1dpu_t8"":""cf23b184355b080f3bead1d9d754a3c2c295746793109413aedfff30da27b94e"",""edc_18q:4dpu_t8"":""cf23b184355b080f3bead1d9d754a3c2c295746793109413aedfff30da27b94e"",""ghz_chain_18q:1dpu_t8"":""9f9e62a16e205e4bd5eb1d1b8f62cade3177ef00fa9bd4dc15c899a41b00d3d0"",""ghz_chain_18q:4dpu_t8"":""9f9e62a16e205e4bd5eb1d1b8f62cade3177ef00fa9bd4dc15c899a41b00d3d0"",""hs_18q_d1:1dpu_t8"":""bf83ea123bc85b30f3c7f1f8a0de47c8366352fc37c099890eab75c8cba62cb8"",""hs_18q_d1:4dpu_t8"":""0f172b4535a71fb59dd5d4f406df828c33333cda1113d1c71db08b5d0e989d1e"",""quantization_stress_18q_l2:1dpu_t8"":""9d1e1ae9a325d84cef97b0fd9beffa9d4b3d783f00a4e38f6fce3a17114d3abb"",""quantization_stress_18q_l2:4dpu_t8"":""9d1e1ae9a325d84cef97b0fd9beffa9d4b3d783f00a4e38f6fce3a17114d3abb""}"
925,4,2.2381711393906487,1.0,7,0.22063680206282787,0.7768451800394555,0.002518017897716659,0.11031840103141394,0.11031840103141394,0.7768451800394555,0.002518017897716659,0.0,0.0,"{""edc_18q:1dpu_t8"":""cf23b184355b080f3bead1d9d754a3c2c295746793109413aedfff30da27b94e"",""edc_18q:4dpu_t8"":""cf23b184355b080f3bead1d9d754a3c2c295746793109413aedfff30da27b94e"",""ghz_chain_18q:1dpu_t8"":""9f9e62a16e205e4bd5eb1d1b8f62cade3177ef00fa9bd4dc15c899a41b00d3d0"",""ghz_chain_18q:4dpu_t8"":""9f9e62a16e205e4bd5eb1d1b8f62cade3177ef00fa9bd4dc15c899a41b00d3d0"",""hs_18q_d1:1dpu_t8"":""bf83ea123bc85b30f3c7f1f8a0de47c8366352fc37c099890eab75c8cba62cb8"",""hs_18q_d1:4dpu_t8"":""0f172b4535a71fb59dd5d4f406df828c33333cda1113d1c71db08b5d0e989d1e"",""quantization_stress_18q_l2:1dpu_t8"":""9d1e1ae9a325d84cef97b0fd9beffa9d4b3d783f00a4e38f6fce3a17114d3abb"",""quantization_stress_18q_l2:4dpu_t8"":""9d1e1ae9a325d84cef97b0fd9beffa9d4b3d783f00a4e38f6fce3a17114d3abb""}"
926,8,2.2953561312664506,1.041845644222677,8,0.3715322706836804,0.40507521716230527,0.2233925121540143,0.1857661353418402,0.1857661353418402,0.40507521716230527,0.2233925121540143,0.0,0.0,"{""edc_18q:1dpu_t8"":""cf23b184355b080f3bead1d9d754a3c2c295746793109413aedfff30da27b94e"",""edc_18q:4dpu_t8"":""cf23b184355b080f3bead1d9d754a3c2c295746793109413aedfff30da27b94e"",""ghz_chain_18q:1dpu_t8"":""9f9e62a16e205e4bd5eb1d1b8f62cade3177ef00fa9bd4dc15c899a41b00d3d0"",""ghz_chain_18q:4dpu_t8"":""9f9e62a16e205e4bd5eb1d1b8f62cade3177ef00fa9bd4dc15c899a41b00d3d0"",""hs_18q_d1:1dpu_t8"":""0f172b4535a71fb59dd5d4f406df828c33333cda1113d1c71db08b5d0e989d1e"",""hs_18q_d1:4dpu_t8"":""0f172b4535a71fb59dd5d4f406df828c33333cda1113d1c71db08b5d0e989d1e"",""quantization_stress_18q_l2:1dpu_t8"":""e56fd025e7fdf900c75302bb6e7212f78d89deef09b236732a001e9f5c5001c1"",""quantization_stress_18q_l2:4dpu_t8"":""e56fd025e7fdf900c75302bb6e7212f78d89deef09b236732a001e9f5c5001c1""}"
927,5,2.2385008694327593,1.0,6,0.024368166273412584,0.9754242110524387,0.00020762267414873057,0.012184083136706292,0.012184083136706292,0.9754242110524387,0.00020762267414873057,0.0,0.0,"{""edc_18q:1dpu_t8"":""cf23b184355b080f3bead1d9d754a3c2c295746793109413aedfff30da27b94e"",""edc_18q:4dpu_t8"":""cf23b184355b080f3bead1d9d754a3c2c295746793109413aedfff30da27b94e"",""ghz_chain_18q:1dpu_t8"":""9f9e62a16e205e4bd5eb1d1b8f62cade3177ef00fa9bd4dc15c899a41b00d3d0"",""ghz_chain_18q:4dpu_t8"":""9f9e62a16e205e4bd5eb1d1b8f62cade3177ef00fa9bd4dc15c899a41b00d3d0"",""hs_18q_d1:1dpu_t8"":""bf83ea123bc85b30f3c7f1f8a0de47c8366352fc37c099890eab75c8cba62cb8"",""hs_18q_d1:4dpu_t8"":""bf83ea123bc85b30f3c7f1f8a0de47c8366352fc37c099890eab75c8cba62cb8"",""quantization_stress_18q_l2:1dpu_t8"":""9d1e1ae9a325d84cef97b0fd9beffa9d4b3d783f00a4e38f6fce3a17114d3abb"",""quantization_stress_18q_l2:4dpu_t8"":""9d1e1ae9a325d84cef97b0fd9beffa9d4b3d783f00a4e38f6fce3a17114d3abb""}"
928,5,2.243384113114124,1.0,6,0.024368166273412584,0.9754242110524387,0.00020762267414873057,0.012184083136706292,0.012184083136706292,0.9754242110524387,0.00020762267414873057,0.0,0.0,"{""edc_18q:1dpu_t8"":""cf23b184355b080f3bead1d9d754a3c2c295746793109413aedfff30da27b94e"",""edc_18q:4dpu_t8"":""cf23b184355b080f3bead1d9d754a3c2c295746793109413aedfff30da27b94e"",""ghz_chain_18q:1dpu_t8"":""9f9e62a16e205e4bd5eb1d1b8f62cade3177ef00fa9bd4dc15c899a41b00d3d0"",""ghz_chain_18q:4dpu_t8"":""9f9e62a16e205e4bd5eb1d1b8f62cade3177ef00fa9bd4dc15c899a41b00d3d0"",""hs_18q_d1:1dpu_t8"":""bf83ea123bc85b30f3c7f1f8a0de47c8366352fc37c099890eab75c8cba62cb8"",""hs_18q_d1:4dpu_t8"":""bf83ea123bc85b30f3c7f1f8a0de47c8366352fc37c099890eab75c8cba62cb8"",""quantization_stress_18q_l2:1dpu_t8"":""9d1e1ae9a325d84cef97b0fd9beffa9d4b3d783f00a4e38f6fce3a17114d3abb"",""quantization_stress_18q_l2:4dpu_t8"":""9d1e1ae9a325d84cef97b0fd9beffa9d4b3d783f00a4e38f6fce3a17114d3abb""}"
929,10,2.244949207829675,1.0,6,0.47630996810097936,0.518889877536195,0.004800154362825642,0.23815498405048968,0.23815498405048968,0.518889877536195,0.004800154362825642,0.0,0.0,"{""edc_18q:1dpu_t8"":""cf23b184355b080f3bead1d9d754a3c2c295746793109413aedfff30da27b94e"",""edc_18q:4dpu_t8"":""cf23b184355b080f3bead1d9d754a3c2c295746793109413aedfff30da27b94e"",""ghz_chain_18q:1dpu_t8"":""9f9e62a16e205e4bd5eb1d1b8f62cade3177ef00fa9bd4dc15c899a41b00d3d0"",""ghz_chain_18q:4dpu_t8"":""9f9e62a16e205e4bd5eb1d1b8f62cade3177ef00fa9bd4dc15c899a41b00d3d0"",""hs_18q_d1:1dpu_t8"":""bf83ea123bc85b30f3c7f1f8a0de47c8366352fc37c099890eab75c8cba62cb8"",""hs_18q_d1:4dpu_t8"":""bf83ea123bc85b30f3c7f1f8a0de47c8366352fc37c099890eab75c8cba62cb8"",""quantization_stress_18q_l2:1dpu_t8"":""e56fd025e7fdf900c75302bb6e7212f78d89deef09b236732a001e9f5c5001c1"",""quantization_stress_18q_l2:4dpu_t8"":""e56fd025e7fdf900c75302bb6e7212f78d89deef09b236732a001e9f5c5001c1""}"
930,5,2.2256320393844464,1.0,6,0.024368166273412584,0.9754242110524387,0.00020762267414873057,0.012184083136706292,0.012184083136706292,0.9754242110524387,0.00020762267414873057,0.0,0.0,"{""edc_18q:1dpu_t8"":""cf23b184355b080f3bead1d9d754a3c2c295746793109413aedfff30da27b94e"",""edc_18q:4dpu_t8"":""cf23b184355b080f3bead1d9d754a3c2c295746793109413aedfff30da27b94e"",""ghz_chain_18q:1dpu_t8"":""9f9e62a16e205e4bd5eb1d1b8f62cade3177ef00fa9bd4dc15c899a41b00d3d0"",""ghz_chain_18q:4dpu_t8"":""9f9e62a16e205e4bd5eb1d1b8f62cade3177ef00fa9bd4dc15c899a41b00d3d0"",""hs_18q_d1:1dpu_t8"":""bf83ea123bc85b30f3c7f1f8a0de47c8366352fc37c099890eab75c8cba62cb8"",""hs_18q_d1:4dpu_t8"":""bf83ea123bc85b30f3c7f1f8a0de47c8366352fc37c099890eab75c8cba62cb8"",""quantization_stress_18q_l2:1dpu_t8"":""9d1e1ae9a325d84cef97b0fd9beffa9d4b3d783f00a4e38f6fce3a17114d3abb"",""quantization_stress_18q_l2:4dpu_t8"":""9d1e1ae9a325d84cef97b0fd9beffa9d4b3d783f00a4e38f6fce3a17114d3abb""}"
931,4,2.248483901393907,1.0,7,0.22063680206282787,0.7768451800394555,0.002518017897716659,0.11031840103141394,0.11031840103141394,0.7768451800394555,0.002518017897716659,0.0,0.0,"{""edc_18q:1dpu_t8"":""cf23b184355b080f3bead1d9d754a3c2c295746793109413aedfff30da27b94e"",""edc_18q:4dpu_t8"":""cf23b184355b080f3bead1d9d754a3c2c295746793109413aedfff30da27b94e"",""ghz_chain_18q:1dpu_t8"":""9f9e62a16e205e4bd5eb1d1b8f62cade3177ef00fa9bd4dc15c899a41b00d3d0"",""ghz_chain_18q:4dpu_t8"":""9f9e62a16e205e4bd5eb1d1b8f62cade3177ef00fa9bd4dc15c899a41b00d3d0"",""hs_18q_d1:1dpu_t8"":""bf83ea123bc85b30f3c7f1f8a0de47c8366352fc37c099890eab75c8cba62cb8"",""hs_18q_d1:4dpu_t8"":""0f172b4535a71fb59dd5d4f406df828c33333cda1113d1c71db08b5d0e989d1e"",""quantization_stress_18q_l2:1dpu_t8"":""9d1e1ae9a325d84cef97b0fd9beffa9d4b3d783f00a4e38f6fce3a17114d3abb"",""quantization_stress_18q_l2:4dpu_t8"":""9d1e1ae9a325d84cef97b0fd9beffa9d4b3d783f00a4e38f6fce3a17114d3abb""}"
932,4,2.241464908404054,1.0,7,0.22063680206282787,0.7768451800394555,0.002518017897716659,0.11031840103141394,0.11031840103141394,0.7768451800394555,0.002518017897716659,0.0,0.0,"{""edc_18q:1dpu_t8"":""cf23b184355b080f3bead1d9d754a3c2c295746793109413aedfff30da27b94e"",""edc_18q:4dpu_t8"":""cf23b184355b080f3bead1d9d754a3c2c295746793109413aedfff30da27b94e"",""ghz_chain_18q:1dpu_t8"":""9f9e62a16e205e4bd5eb1d1b8f62cade3177ef00fa9bd4dc15c899a41b00d3d0"",""ghz_chain_18q:4dpu_t8"":""9f9e62a16e205e4bd5eb1d1b8f62cade3177ef00fa9bd4dc15c899a41b00d3d0"",""hs_18q_d1:1dpu_t8"":""bf83ea123bc85b30f3c7f1f8a0de47c8366352fc37c099890eab75c8cba62cb8"",""hs_18q_d1:4dpu_t8"":""0f172b4535a71fb59dd5d4f406df828c33333cda1113d1c71db08b5d0e989d1e"",""quantization_stress_18q_l2:1dpu_t8"":""9d1e1ae9a325d84cef97b0fd9beffa9d4b3d783f00a4e38f6fce3a17114d3abb"",""quantization_stress_18q_l2:4dpu_t8"":""9d1e1ae9a325d84cef97b0fd9beffa9d4b3d783f00a4e38f6fce3a17114d3abb""}"
933,5,2.234812495982674,1.0,6,0.024368166273412584,0.9754242110524387,0.00020762267414873057,0.012184083136706292,0.012184083136706292,0.9754242110524387,0.00020762267414873057,0.0,0.0,"{""edc_18q:1dpu_t8"":""cf23b184355b080f3bead1d9d754a3c2c295746793109413aedfff30da27b94e"",""edc_18q:4dpu_t8"":""cf23b184355b080f3bead1d9d754a3c2c295746793109413aedfff30da27b94e"",""ghz_chain_18q:1dpu_t8"":""9f9e62a16e205e4bd5eb1d1b8f62cade3177ef00fa9bd4dc15c899a41b00d3d0"",""ghz_chain_18q:4dpu_t8"":""9f9e62a16e205e4bd5eb1d1b8f62cade3177ef00fa9bd4dc15c899a41b00d3d0"",""hs_18q_d1:1dpu_t8"":""bf83ea123bc85b30f3c7f1f8a0de47c8366352fc37c099890eab75c8cba62cb8"",""hs_18q_d1:4dpu_t8"":""bf83ea123bc85b30f3c7f1f8a0de47c8366352fc37c099890eab75c8cba62cb8"",""quantization_stress_18q_l2:1dpu_t8"":""9d1e1ae9a325d84cef97b0fd9beffa9d4b3d783f00a4e38f6fce3a17114d3abb"",""quantization_stress_18q_l2:4dpu_t8"":""9d1e1ae9a325d84cef97b0fd9beffa9d4b3d783f00a4e38f6fce3a17114d3abb""}"
934,4,2.254504913808686,1.0,7,0.22063680206282787,0.7768451800394555,0.002518017897716659,0.11031840103141394,0.11031840103141394,0.7768451800394555,0.002518017897716659,0.0,0.0,"{""edc_18q:1dpu_t8"":""cf23b184355b080f3bead1d9d754a3c2c295746793109413aedfff30da27b94e"",""edc_18q:4dpu_t8"":""cf23b184355b080f3bead1d9d754a3c2c295746793109413aedfff30da27b94e"",""ghz_chain_18q:1dpu_t8"":""9f9e62a16e205e4bd5eb1d1b8f62cade3177ef00fa9bd4dc15c899a41b00d3d0"",""ghz_chain_18q:4dpu_t8"":""9f9e62a16e205e4bd5eb1d1b8f62cade3177ef00fa9bd4dc15c899a41b00d3d0"",""hs_18q_d1:1dpu_t8"":""bf83ea123bc85b30f3c7f1f8a0de47c8366352fc37c099890eab75c8cba62cb8"",""hs_18q_d1:4dpu_t8"":""0f172b4535a71fb59dd5d4f406df828c33333cda1113d1c71db08b5d0e989d1e"",""quantization_stress_18q_l2:1dpu_t8"":""9d1e1ae9a325d84cef97b0fd9beffa9d4b3d783f00a4e38f6fce3a17114d3abb"",""quantization_stress_18q_l2:4dpu_t8"":""9d1e1ae9a325d84cef97b0fd9beffa9d4b3d783f00a4e38f6fce3a17114d3abb""}"
935,10,2.231281379417937,1.0,6,0.47630996810097936,0.518889877536195,0.004800154362825642,0.23815498405048968,0.23815498405048968,0.518889877536195,0.004800154362825642,0.0,0.0,"{""edc_18q:1dpu_t8"":""cf23b184355b080f3bead1d9d754a3c2c295746793109413aedfff30da27b94e"",""edc_18q:4dpu_t8"":""cf23b184355b080f3bead1d9d754a3c2c295746793109413aedfff30da27b94e"",""ghz_chain_18q:1dpu_t8"":""9f9e62a16e205e4bd5eb1d1b8f62cade3177ef00fa9bd4dc15c899a41b00d3d0"",""ghz_chain_18q:4dpu_t8"":""9f9e62a16e205e4bd5eb1d1b8f62cade3177ef00fa9bd4dc15c899a41b00d3d0"",""hs_18q_d1:1dpu_t8"":""bf83ea123bc85b30f3c7f1f8a0de47c8366352fc37c099890eab75c8cba62cb8"",""hs_18q_d1:4dpu_t8"":""bf83ea123bc85b30f3c7f1f8a0de47c8366352fc37c099890eab75c8cba62cb8"",""quantization_stress_18q_l2:1dpu_t8"":""e56fd025e7fdf900c75302bb6e7212f78d89deef09b236732a001e9f5c5001c1"",""quantization_stress_18q_l2:4dpu_t8"":""e56fd025e7fdf900c75302bb6e7212f78d89deef09b236732a001e9f5c5001c1""}"
936,5,2.22879254277556,1.0,6,0.024368166273412584,0.9754242110524387,0.00020762267414873057,0.012184083136706292,0.012184083136706292,0.9754242110524387,0.00020762267414873057,0.0,0.0,"{""edc_18q:1dpu_t8"":""cf23b184355b080f3bead1d9d754a3c2c295746793109413aedfff30da27b94e"",""edc_18q:4dpu_t8"":""cf23b184355b080f3bead1d9d754a3c2c295746793109413aedfff30da27b94e"",""ghz_chain_18q:1dpu_t8"":""9f9e62a16e205e4bd5eb1d1b8f62cade3177ef00fa9bd4dc15c899a41b00d3d0"",""ghz_chain_18q:4dpu_t8"":""9f9e62a16e205e4bd5eb1d1b8f62cade3177ef00fa9bd4dc15c899a41b00d3d0"",""hs_18q_d1:1dpu_t8"":""bf83ea123bc85b30f3c7f1f8a0de47c8366352fc37c099890eab75c8cba62cb8"",""hs_18q_d1:4dpu_t8"":""bf83ea123bc85b30f3c7f1f8a0de47c8366352fc37c099890eab75c8cba62cb8"",""quantization_stress_18q_l2:1dpu_t8"":""9d1e1ae9a325d84cef97b0fd9beffa9d4b3d783f00a4e38f6fce3a17114d3abb"",""quantization_stress_18q_l2:4dpu_t8"":""9d1e1ae9a325d84cef97b0fd9beffa9d4b3d783f00a4e38f6fce3a17114d3abb""}"
937,8,2.262067018860471,1.0163179096347865,8,0.3715322706836804,0.40507521716230527,0.2233925121540143,0.1857661353418402,0.1857661353418402,0.40507521716230527,0.2233925121540143,0.0,0.0,"{""edc_18q:1dpu_t8"":""cf23b184355b080f3bead1d9d754a3c2c295746793109413aedfff30da27b94e"",""edc_18q:4dpu_t8"":""cf23b184355b080f3bead1d9d754a3c2c295746793109413aedfff30da27b94e"",""ghz_chain_18q:1dpu_t8"":""9f9e62a16e205e4bd5eb1d1b8f62cade3177ef00fa9bd4dc15c899a41b00d3d0"",""ghz_chain_18q:4dpu_t8"":""9f9e62a16e205e4bd5eb1d1b8f62cade3177ef00fa9bd4dc15c899a41b00d3d0"",""hs_18q_d1:1dpu_t8"":""0f172b4535a71fb59dd5d4f406df828c33333cda1113d1c71db08b5d0e989d1e"",""hs_18q_d1:4dpu_t8"":""0f172b4535a71fb59dd5d4f406df828c33333cda1113d1c71db08b5d0e989d1e"",""quantization_stress_18q_l2:1dpu_t8"":""e56fd025e7fdf900c75302bb6e7212f78d89deef09b236732a001e9f5c5001c1"",""quantization_stress_18q_l2:4dpu_t8"":""e56fd025e7fdf900c75302bb6e7212f78d89deef09b236732a001e9f5c5001c1""}"
938,9,2.235274590738935,1.0,7,0.5414741851996391,0.45232358896253566,0.006202225837825213,0.27073709259981954,0.27073709259981954,0.45232358896253566,0.006202225837825213,0.0,0.0,"{""edc_18q:1dpu_t8"":""cf23b184355b080f3bead1d9d754a3c2c295746793109413aedfff30da27b94e"",""edc_18q:4dpu_t8"":""cf23b184355b080f3bead1d9d754a3c2c295746793109413aedfff30da27b94e"",""ghz_chain_18q:1dpu_t8"":""9f9e62a16e205e4bd5eb1d1b8f62cade3177ef00fa9bd4dc15c899a41b00d3d0"",""ghz_chain_18q:4dpu_t8"":""9f9e62a16e205e4bd5eb1d1b8f62cade3177ef00fa9bd4dc15c899a41b00d3d0"",""hs_18q_d1:1dpu_t8"":""bf83ea123bc85b30f3c7f1f8a0de47c8366352fc37c099890eab75c8cba62cb8"",""hs_18q_d1:4dpu_t8"":""0f172b4535a71fb59dd5d4f406df828c33333cda1113d1c71db08b5d0e989d1e"",""quantization_stress_18q_l2:1dpu_t8"":""e56fd025e7fdf900c75302bb6e7212f78d89deef09b236732a001e9f5c5001c1"",""quantization_stress_18q_l2:4dpu_t8"":""e56fd025e7fdf900c75302bb6e7212f78d89deef09b236732a001e9f5c5001c1""}"
939,5,2.2571714460164474,1.0,6,0.024368166273412584,0.9754242110524387,0.00020762267414873057,0.012184083136706292,0.012184083136706292,0.9754242110524387,0.00020762267414873057,0.0,0.0,"{""edc_18q:1dpu_t8"":""cf23b184355b080f3bead1d9d754a3c2c295746793109413aedfff30da27b94e"",""edc_18q:4dpu_t8"":""cf23b184355b080f3bead1d9d754a3c2c295746793109413aedfff30da27b94e"",""ghz_chain_18q:1dpu_t8"":""9f9e62a16e205e4bd5eb1d1b8f62cade3177ef00fa9bd4dc15c899a41b00d3d0"",""ghz_chain_18q:4dpu_t8"":""9f9e62a16e205e4bd5eb1d1b8f62cade3177ef00fa9bd4dc15c899a41b00d3d0"",""hs_18q_d1:1dpu_t8"":""bf83ea123bc85b30f3c7f1f8a0de47c8366352fc37c099890eab75c8cba62cb8"",""hs_18q_d1:4dpu_t8"":""bf83ea123bc85b30f3c7f1f8a0de47c8366352fc37c099890eab75c8cba62cb8"",""quantization_stress_18q_l2:1dpu_t8"":""9d1e1ae9a325d84cef97b0fd9beffa9d4b3d783f00a4e38f6fce3a17114d3abb"",""quantization_stress_18q_l2:4dpu_t8"":""9d1e1ae9a325d84cef97b0fd9beffa9d4b3d783f00a4e38f6fce3a17114d3abb""}"
940,10,2.2283065701929328,1.0,6,0.47630996810097936,0.518889877536195,0.004800154362825642,0.23815498405048968,0.23815498405048968,0.518889877536195,0.004800154362825642,0.0,0.0,"{""edc_18q:1dpu_t8"":""cf23b184355b080f3bead1d9d754a3c2c295746793109413aedfff30da27b94e"",""edc_18q:4dpu_t8"":""cf23b184355b080f3bead1d9d754a3c2c295746793109413aedfff30da27b94e"",""ghz_chain_18q:1dpu_t8"":""9f9e62a16e205e4bd5eb1d1b8f62cade3177ef00fa9bd4dc15c899a41b00d3d0"",""ghz_chain_18q:4dpu_t8"":""9f9e62a16e205e4bd5eb1d1b8f62cade3177ef00fa9bd4dc15c899a41b00d3d0"",""hs_18q_d1:1dpu_t8"":""bf83ea123bc85b30f3c7f1f8a0de47c8366352fc37c099890eab75c8cba62cb8"",""hs_18q_d1:4dpu_t8"":""bf83ea123bc85b30f3c7f1f8a0de47c8366352fc37c099890eab75c8cba62cb8"",""quantization_stress_18q_l2:1dpu_t8"":""e56fd025e7fdf900c75302bb6e7212f78d89deef09b236732a001e9f5c5001c1"",""quantization_stress_18q_l2:4dpu_t8"":""e56fd025e7fdf900c75302bb6e7212f78d89deef09b236732a001e9f5c5001c1""}"
941,10,2.2282805440826463,1.0,6,0.47630996810097936,0.518889877536195,0.004800154362825642,0.23815498405048968,0.23815498405048968,0.518889877536195,0.004800154362825642,0.0,0.0,"{""edc_18q:1dpu_t8"":""cf23b184355b080f3bead1d9d754a3c2c295746793109413aedfff30da27b94e"",""edc_18q:4dpu_t8"":""cf23b184355b080f3bead1d9d754a3c2c295746793109413aedfff30da27b94e"",""ghz_chain_18q:1dpu_t8"":""9f9e62a16e205e4bd5eb1d1b8f62cade3177ef00fa9bd4dc15c899a41b00d3d0"",""ghz_chain_18q:4dpu_t8"":""9f9e62a16e205e4bd5eb1d1b8f62cade3177ef00fa9bd4dc15c899a41b00d3d0"",""hs_18q_d1:1dpu_t8"":""bf83ea123bc85b30f3c7f1f8a0de47c8366352fc37c099890eab75c8cba62cb8"",""hs_18q_d1:4dpu_t8"":""bf83ea123bc85b30f3c7f1f8a0de47c8366352fc37c099890eab75c8cba62cb8"",""quantization_stress_18q_l2:1dpu_t8"":""e56fd025e7fdf900c75302bb6e7212f78d89deef09b236732a001e9f5c5001c1"",""quantization_stress_18q_l2:4dpu_t8"":""e56fd025e7fdf900c75302bb6e7212f78d89deef09b236732a001e9f5c5001c1""}"
942,5,2.2224790516031137,1.0,6,0.024368166273412584,0.9754242110524387,0.00020762267414873057,0.012184083136706292,0.012184083136706292,0.9754242110524387,0.00020762267414873057,0.0,0.0,"{""edc_18q:1dpu_t8"":""cf23b184355b080f3bead1d9d754a3c2c295746793109413aedfff30da27b94e"",""edc_18q:4dpu_t8"":""cf23b184355b080f3bead1d9d754a3c2c295746793109413aedfff30da27b94e"",""ghz_chain_18q:1dpu_t8"":""9f9e62a16e205e4bd5eb1d1b8f62cade3177ef00fa9bd4dc15c899a41b00d3d0"",""ghz_chain_18q:4dpu_t8"":""9f9e62a16e205e4bd5eb1d1b8f62cade3177ef00fa9bd4dc15c899a41b00d3d0"",""hs_18q_d1:1dpu_t8"":""bf83ea123bc85b30f3c7f1f8a0de47c8366352fc37c099890eab75c8cba62cb8"",""hs_18q_d1:4dpu_t8"":""bf83ea123bc85b30f3c7f1f8a0de47c8366352fc37c099890eab75c8cba62cb8"",""quantization_stress_18q_l2:1dpu_t8"":""9d1e1ae9a325d84cef97b0fd9beffa9d4b3d783f00a4e38f6fce3a17114d3abb"",""quantization_stress_18q_l2:4dpu_t8"":""9d1e1ae9a325d84cef97b0fd9beffa9d4b3d783f00a4e38f6fce3a17114d3abb""}"
943,5,2.263141939721503,1.0,6,0.024368166273412584,0.9754242110524387,0.00020762267414873057,0.012184083136706292,0.012184083136706292,0.9754242110524387,0.00020762267414873057,0.0,0.0,"{""edc_18q:1dpu_t8"":""cf23b184355b080f3bead1d9d754a3c2c295746793109413aedfff30da27b94e"",""edc_18q:4dpu_t8"":""cf23b184355b080f3bead1d9d754a3c2c295746793109413aedfff30da27b94e"",""ghz_chain_18q:1dpu_t8"":""9f9e62a16e205e4bd5eb1d1b8f62cade3177ef00fa9bd4dc15c899a41b00d3d0"",""ghz_chain_18q:4dpu_t8"":""9f9e62a16e205e4bd5eb1d1b8f62cade3177ef00fa9bd4dc15c899a41b00d3d0"",""hs_18q_d1:1dpu_t8"":""bf83ea123bc85b30f3c7f1f8a0de47c8366352fc37c099890eab75c8cba62cb8"",""hs_18q_d1:4dpu_t8"":""bf83ea123bc85b30f3c7f1f8a0de47c8366352fc37c099890eab75c8cba62cb8"",""quantization_stress_18q_l2:1dpu_t8"":""9d1e1ae9a325d84cef97b0fd9beffa9d4b3d783f00a4e38f6fce3a17114d3abb"",""quantization_stress_18q_l2:4dpu_t8"":""9d1e1ae9a325d84cef97b0fd9beffa9d4b3d783f00a4e38f6fce3a17114d3abb""}"
944,5,2.220794757393911,1.0,6,0.024368166273412584,0.9754242110524387,0.00020762267414873057,0.012184083136706292,0.012184083136706292,0.9754242110524387,0.00020762267414873057,0.0,0.0,"{""edc_18q:1dpu_t8"":""cf23b184355b080f3bead1d9d754a3c2c295746793109413aedfff30da27b94e"",""edc_18q:4dpu_t8"":""cf23b184355b080f3bead1d9d754a3c2c295746793109413aedfff30da27b94e"",""ghz_chain_18q:1dpu_t8"":""9f9e62a16e205e4bd5eb1d1b8f62cade3177ef00fa9bd4dc15c899a41b00d3d0"",""ghz_chain_18q:4dpu_t8"":""9f9e62a16e205e4bd5eb1d1b8f62cade3177ef00fa9bd4dc15c899a41b00d3d0"",""hs_18q_d1:1dpu_t8"":""bf83ea123bc85b30f3c7f1f8a0de47c8366352fc37c099890eab75c8cba62cb8"",""hs_18q_d1:4dpu_t8"":""bf83ea123bc85b30f3c7f1f8a0de47c8366352fc37c099890eab75c8cba62cb8"",""quantization_stress_18q_l2:1dpu_t8"":""9d1e1ae9a325d84cef97b0fd9beffa9d4b3d783f00a4e38f6fce3a17114d3abb"",""quantization_stress_18q_l2:4dpu_t8"":""9d1e1ae9a325d84cef97b0fd9beffa9d4b3d783f00a4e38f6fce3a17114d3abb""}"
945,8,2.2963740098058074,1.041845644222677,8,0.3715322706836804,0.40507521716230527,0.2233925121540143,0.1857661353418402,0.1857661353418402,0.40507521716230527,0.2233925121540143,0.0,0.0,"{""edc_18q:1dpu_t8"":""cf23b184355b080f3bead1d9d754a3c2c295746793109413aedfff30da27b94e"",""edc_18q:4dpu_t8"":""cf23b184355b080f3bead1d9d754a3c2c295746793109413aedfff30da27b94e"",""ghz_chain_18q:1dpu_t8"":""9f9e62a16e205e4bd5eb1d1b8f62cade3177ef00fa9bd4dc15c899a41b00d3d0"",""ghz_chain_18q:4dpu_t8"":""9f9e62a16e205e4bd5eb1d1b8f62cade3177ef00fa9bd4dc15c899a41b00d3d0"",""hs_18q_d1:1dpu_t8"":""0f172b4535a71fb59dd5d4f406df828c33333cda1113d1c71db08b5d0e989d1e"",""hs_18q_d1:4dpu_t8"":""0f172b4535a71fb59dd5d4f406df828c33333cda1113d1c71db08b5d0e989d1e"",""quantization_stress_18q_l2:1dpu_t8"":""e56fd025e7fdf900c75302bb6e7212f78d89deef09b236732a001e9f5c5001c1"",""quantization_stress_18q_l2:4dpu_t8"":""e56fd025e7fdf900c75302bb6e7212f78d89deef09b236732a001e9f5c5001c1""}"
946,3,2.279986198955383,0.997529052435953,7,0.0,1.0,0.0,0.0,0.0,1.0,0.0,0.0,0.0,"{""edc_18q:1dpu_t8"":""cf23b184355b080f3bead1d9d754a3c2c295746793109413aedfff30da27b94e"",""edc_18q:4dpu_t8"":""cf23b184355b080f3bead1d9d754a3c2c295746793109413aedfff30da27b94e"",""ghz_chain_18q:1dpu_t8"":""9f9e62a16e205e4bd5eb1d1b8f62cade3177ef00fa9bd4dc15c899a41b00d3d0"",""ghz_chain_18q:4dpu_t8"":""9f9e62a16e205e4bd5eb1d1b8f62cade3177ef00fa9bd4dc15c899a41b00d3d0"",""hs_18q_d1:1dpu_t8"":""0f172b4535a71fb59dd5d4f406df828c33333cda1113d1c71db08b5d0e989d1e"",""hs_18q_d1:4dpu_t8"":""0f172b4535a71fb59dd5d4f406df828c33333cda1113d1c71db08b5d0e989d1e"",""quantization_stress_18q_l2:1dpu_t8"":""9d1e1ae9a325d84cef97b0fd9beffa9d4b3d783f00a4e38f6fce3a17114d3abb"",""quantization_stress_18q_l2:4dpu_t8"":""9d1e1ae9a325d84cef97b0fd9beffa9d4b3d783f00a4e38f6fce3a17114d3abb""}"
947,5,2.2269083534869836,1.0,6,0.024368166273412584,0.9754242110524387,0.00020762267414873057,0.012184083136706292,0.012184083136706292,0.9754242110524387,0.00020762267414873057,0.0,0.0,"{""edc_18q:1dpu_t8"":""cf23b184355b080f3bead1d9d754a3c2c295746793109413aedfff30da27b94e"",""edc_18q:4dpu_t8"":""cf23b184355b080f3bead1d9d754a3c2c295746793109413aedfff30da27b94e"",""ghz_chain_18q:1dpu_t8"":""9f9e62a16e205e4bd5eb1d1b8f62cade3177ef00fa9bd4dc15c899a41b00d3d0"",""ghz_chain_18q:4dpu_t8"":""9f9e62a16e205e4bd5eb1d1b8f62cade3177ef00fa9bd4dc15c899a41b00d3d0"",""hs_18q_d1:1dpu_t8"":""bf83ea123bc85b30f3c7f1f8a0de47c8366352fc37c099890eab75c8cba62cb8"",""hs_18q_d1:4dpu_t8"":""bf83ea123bc85b30f3c7f1f8a0de47c8366352fc37c099890eab75c8cba62cb8"",""quantization_stress_18q_l2:1dpu_t8"":""9d1e1ae9a325d84cef97b0fd9beffa9d4b3d783f00a4e38f6fce3a17114d3abb"",""quantization_stress_18q_l2:4dpu_t8"":""9d1e1ae9a325d84cef97b0fd9beffa9d4b3d783f00a4e38f6fce3a17114d3abb""}"
948,5,2.2260169599959023,1.0,6,0.024368166273412584,0.9754242110524387,0.00020762267414873057,0.012184083136706292,0.012184083136706292,0.9754242110524387,0.00020762267414873057,0.0,0.0,"{""edc_18q:1dpu_t8"":""cf23b184355b080f3bead1d9d754a3c2c295746793109413aedfff30da27b94e"",""edc_18q:4dpu_t8"":""cf23b184355b080f3bead1d9d754a3c2c295746793109413aedfff30da27b94e"",""ghz_chain_18q:1dpu_t8"":""9f9e62a16e205e4bd5eb1d1b8f62cade3177ef00fa9bd4dc15c899a41b00d3d0"",""ghz_chain_18q:4dpu_t8"":""9f9e62a16e205e4bd5eb1d1b8f62cade3177ef00fa9bd4dc15c899a41b00d3d0"",""hs_18q_d1:1dpu_t8"":""bf83ea123bc85b30f3c7f1f8a0de47c8366352fc37c099890eab75c8cba62cb8"",""hs_18q_d1:4dpu_t8"":""bf83ea123bc85b30f3c7f1f8a0de47c8366352fc37c099890eab75c8cba62cb8"",""quantization_stress_18q_l2:1dpu_t8"":""9d1e1ae9a325d84cef97b0fd9beffa9d4b3d783f00a4e38f6fce3a17114d3abb"",""quantization_stress_18q_l2:4dpu_t8"":""9d1e1ae9a325d84cef97b0fd9beffa9d4b3d783f00a4e38f6fce3a17114d3abb""}"
949,4,2.2270326984944195,1.0,7,0.22063680206282787,0.7768451800394555,0.002518017897716659,0.11031840103141394,0.11031840103141394,0.7768451800394555,0.002518017897716659,0.0,0.0,"{""edc_18q:1dpu_t8"":""cf23b184355b080f3bead1d9d754a3c2c295746793109413aedfff30da27b94e"",""edc_18q:4dpu_t8"":""cf23b184355b080f3bead1d9d754a3c2c295746793109413aedfff30da27b94e"",""ghz_chain_18q:1dpu_t8"":""9f9e62a16e205e4bd5eb1d1b8f62cade3177ef00fa9bd4dc15c899a41b00d3d0"",""ghz_chain_18q:4dpu_t8"":""9f9e62a16e205e4bd5eb1d1b8f62cade3177ef00fa9bd4dc15c899a41b00d3d0"",""hs_18q_d1:1dpu_t8"":""bf83ea123bc85b30f3c7f1f8a0de47c8366352fc37c099890eab75c8cba62cb8"",""hs_18q_d1:4dpu_t8"":""0f172b4535a71fb59dd5d4f406df828c33333cda1113d1c71db08b5d0e989d1e"",""quantization_stress_18q_l2:1dpu_t8"":""9d1e1ae9a325d84cef97b0fd9beffa9d4b3d783f00a4e38f6fce3a17114d3abb"",""quantization_stress_18q_l2:4dpu_t8"":""9d1e1ae9a325d84cef97b0fd9beffa9d4b3d783f00a4e38f6fce3a17114d3abb""}"
950,5,2.2331917088074884,1.0,6,0.024368166273412584,0.9754242110524387,0.00020762267414873057,0.012184083136706292,0.012184083136706292,0.9754242110524387,0.00020762267414873057,0.0,0.0,"{""edc_18q:1dpu_t8"":""cf23b184355b080f3bead1d9d754a3c2c295746793109413aedfff30da27b94e"",""edc_18q:4dpu_t8"":""cf23b184355b080f3bead1d9d754a3c2c295746793109413aedfff30da27b94e"",""ghz_chain_18q:1dpu_t8"":""9f9e62a16e205e4bd5eb1d1b8f62cade3177ef00fa9bd4dc15c899a41b00d3d0"",""ghz_chain_18q:4dpu_t8"":""9f9e62a16e205e4bd5eb1d1b8f62cade3177ef00fa9bd4dc15c899a41b00d3d0"",""hs_18q_d1:1dpu_t8"":""bf83ea123bc85b30f3c7f1f8a0de47c8366352fc37c099890eab75c8cba62cb8"",""hs_18q_d1:4dpu_t8"":""bf83ea123bc85b30f3c7f1f8a0de47c8366352fc37c099890eab75c8cba62cb8"",""quantization_stress_18q_l2:1dpu_t8"":""9d1e1ae9a325d84cef97b0fd9beffa9d4b3d783f00a4e38f6fce3a17114d3abb"",""quantization_stress_18q_l2:4dpu_t8"":""9d1e1ae9a325d84cef97b0fd9beffa9d4b3d783f00a4e38f6fce3a17114d3abb""}"
951,4,2.2444654106869337,1.0,7,0.22063680206282787,0.7768451800394555,0.002518017897716659,0.11031840103141394,0.11031840103141394,0.7768451800394555,0.002518017897716659,0.0,0.0,"{""edc_18q:1dpu_t8"":""cf23b184355b080f3bead1d9d754a3c2c295746793109413aedfff30da27b94e"",""edc_18q:4dpu_t8"":""cf23b184355b080f3bead1d9d754a3c2c295746793109413aedfff30da27b94e"",""ghz_chain_18q:1dpu_t8"":""9f9e62a16e205e4bd5eb1d1b8f62cade3177ef00fa9bd4dc15c899a41b00d3d0"",""ghz_chain_18q:4dpu_t8"":""9f9e62a16e205e4bd5eb1d1b8f62cade3177ef00fa9bd4dc15c899a41b00d3d0"",""hs_18q_d1:1dpu_t8"":""bf83ea123bc85b30f3c7f1f8a0de47c8366352fc37c099890eab75c8cba62cb8"",""hs_18q_d1:4dpu_t8"":""0f172b4535a71fb59dd5d4f406df828c33333cda1113d1c71db08b5d0e989d1e"",""quantization_stress_18q_l2:1dpu_t8"":""9d1e1ae9a325d84cef97b0fd9beffa9d4b3d783f00a4e38f6fce3a17114d3abb"",""quantization_stress_18q_l2:4dpu_t8"":""9d1e1ae9a325d84cef97b0fd9beffa9d4b3d783f00a4e38f6fce3a17114d3abb""}"
952,5,2.2357392910918077,1.0,6,0.024368166273412584,0.9754242110524387,0.00020762267414873057,0.012184083136706292,0.012184083136706292,0.9754242110524387,0.00020762267414873057,0.0,0.0,"{""edc_18q:1dpu_t8"":""cf23b184355b080f3bead1d9d754a3c2c295746793109413aedfff30da27b94e"",""edc_18q:4dpu_t8"":""cf23b184355b080f3bead1d9d754a3c2c295746793109413aedfff30da27b94e"",""ghz_chain_18q:1dpu_t8"":""9f9e62a16e205e4bd5eb1d1b8f62cade3177ef00fa9bd4dc15c899a41b00d3d0"",""ghz_chain_18q:4dpu_t8"":""9f9e62a16e205e4bd5eb1d1b8f62cade3177ef00fa9bd4dc15c899a41b00d3d0"",""hs_18q_d1:1dpu_t8"":""bf83ea123bc85b30f3c7f1f8a0de47c8366352fc37c099890eab75c8cba62cb8"",""hs_18q_d1:4dpu_t8"":""bf83ea123bc85b30f3c7f1f8a0de47c8366352fc37c099890eab75c8cba62cb8"",""quantization_stress_18q_l2:1dpu_t8"":""9d1e1ae9a325d84cef97b0fd9beffa9d4b3d783f00a4e38f6fce3a17114d3abb"",""quantization_stress_18q_l2:4dpu_t8"":""9d1e1ae9a325d84cef97b0fd9beffa9d4b3d783f00a4e38f6fce3a17114d3abb""}"
953,10,2.229182846074674,1.0,6,0.47630996810097936,0.518889877536195,0.004800154362825642,0.23815498405048968,0.23815498405048968,0.518889877536195,0.004800154362825642,0.0,0.0,"{""edc_18q:1dpu_t8"":""cf23b184355b080f3bead1d9d754a3c2c295746793109413aedfff30da27b94e"",""edc_18q:4dpu_t8"":""cf23b184355b080f3bead1d9d754a3c2c295746793109413aedfff30da27b94e"",""ghz_chain_18q:1dpu_t8"":""9f9e62a16e205e4bd5eb1d1b8f62cade3177ef00fa9bd4dc15c899a41b00d3d0"",""ghz_chain_18q:4dpu_t8"":""9f9e62a16e205e4bd5eb1d1b8f62cade3177ef00fa9bd4dc15c899a41b00d3d0"",""hs_18q_d1:1dpu_t8"":""bf83ea123bc85b30f3c7f1f8a0de47c8366352fc37c099890eab75c8cba62cb8"",""hs_18q_d1:4dpu_t8"":""bf83ea123bc85b30f3c7f1f8a0de47c8366352fc37c099890eab75c8cba62cb8"",""quantization_stress_18q_l2:1dpu_t8"":""e56fd025e7fdf900c75302bb6e7212f78d89deef09b236732a001e9f5c5001c1"",""quantization_stress_18q_l2:4dpu_t8"":""e56fd025e7fdf900c75302bb6e7212f78d89deef09b236732a001e9f5c5001c1""}"
954,5,2.2304355145377692,1.0,6,0.024368166273412584,0.9754242110524387,0.00020762267414873057,0.012184083136706292,0.012184083136706292,0.9754242110524387,0.00020762267414873057,0.0,0.0,"{""edc_18q:1dpu_t8"":""cf23b184355b080f3bead1d9d754a3c2c295746793109413aedfff30da27b94e"",""edc_18q:4dpu_t8"":""cf23b184355b080f3bead1d9d754a3c2c295746793109413aedfff30da27b94e"",""ghz_chain_18q:1dpu_t8"":""9f9e62a16e205e4bd5eb1d1b8f62cade3177ef00fa9bd4dc15c899a41b00d3d0"",""ghz_chain_18q:4dpu_t8"":""9f9e62a16e205e4bd5eb1d1b8f62cade3177ef00fa9bd4dc15c899a41b00d3d0"",""hs_18q_d1:1dpu_t8"":""bf83ea123bc85b30f3c7f1f8a0de47c8366352fc37c099890eab75c8cba62cb8"",""hs_18q_d1:4dpu_t8"":""bf83ea123bc85b30f3c7f1f8a0de47c8366352fc37c099890eab75c8cba62cb8"",""quantization_stress_18q_l2:1dpu_t8"":""9d1e1ae9a325d84cef97b0fd9beffa9d4b3d783f00a4e38f6fce3a17114d3abb"",""quantization_stress_18q_l2:4dpu_t8"":""9d1e1ae9a325d84cef97b0fd9beffa9d4b3d783f00a4e38f6fce3a17114d3abb""}"
955,3,2.2848579104346762,1.0163179096347865,8,0.0,1.0,0.0,0.0,0.0,1.0,0.0,0.0,0.0,"{""edc_18q:1dpu_t8"":""cf23b184355b080f3bead1d9d754a3c2c295746793109413aedfff30da27b94e"",""edc_18q:4dpu_t8"":""cf23b184355b080f3bead1d9d754a3c2c295746793109413aedfff30da27b94e"",""ghz_chain_18q:1dpu_t8"":""9f9e62a16e205e4bd5eb1d1b8f62cade3177ef00fa9bd4dc15c899a41b00d3d0"",""ghz_chain_18q:4dpu_t8"":""9f9e62a16e205e4bd5eb1d1b8f62cade3177ef00fa9bd4dc15c899a41b00d3d0"",""hs_18q_d1:1dpu_t8"":""0f172b4535a71fb59dd5d4f406df828c33333cda1113d1c71db08b5d0e989d1e"",""hs_18q_d1:4dpu_t8"":""0f172b4535a71fb59dd5d4f406df828c33333cda1113d1c71db08b5d0e989d1e"",""quantization_stress_18q_l2:1dpu_t8"":""9d1e1ae9a325d84cef97b0fd9beffa9d4b3d783f00a4e38f6fce3a17114d3abb"",""quantization_stress_18q_l2:4dpu_t8"":""9d1e1ae9a325d84cef97b0fd9beffa9d4b3d783f00a4e38f6fce3a17114d3abb""}"
956,5,2.23302005762747,1.0,6,0.024368166273412584,0.9754242110524387,0.00020762267414873057,0.012184083136706292,0.012184083136706292,0.9754242110524387,0.00020762267414873057,0.0,0.0,"{""edc_18q:1dpu_t8"":""cf23b184355b080f3bead1d9d754a3c2c295746793109413aedfff30da27b94e"",""edc_18q:4dpu_t8"":""cf23b184355b080f3bead1d9d754a3c2c295746793109413aedfff30da27b94e"",""ghz_chain_18q:1dpu_t8"":""9f9e62a16e205e4bd5eb1d1b8f62cade3177ef00fa9bd4dc15c899a41b00d3d0"",""ghz_chain_18q:4dpu_t8"":""9f9e62a16e205e4bd5eb1d1b8f62cade3177ef00fa9bd4dc15c899a41b00d3d0"",""hs_18q_d1:1dpu_t8"":""bf83ea123bc85b30f3c7f1f8a0de47c8366352fc37c099890eab75c8cba62cb8"",""hs_18q_d1:4dpu_t8"":""bf83ea123bc85b30f3c7f1f8a0de47c8366352fc37c099890eab75c8cba62cb8"",""quantization_stress_18q_l2:1dpu_t8"":""9d1e1ae9a325d84cef97b0fd9beffa9d4b3d783f00a4e38f6fce3a17114d3abb"",""quantization_stress_18q_l2:4dpu_t8"":""9d1e1ae9a325d84cef97b0fd9beffa9d4b3d783f00a4e38f6fce3a17114d3abb""}"
957,4,2.272964073950178,1.0,7,0.22063680206282787,0.7768451800394555,0.002518017897716659,0.11031840103141394,0.11031840103141394,0.7768451800394555,0.002518017897716659,0.0,0.0,"{""edc_18q:1dpu_t8"":""cf23b184355b080f3bead1d9d754a3c2c295746793109413aedfff30da27b94e"",""edc_18q:4dpu_t8"":""cf23b184355b080f3bead1d9d754a3c2c295746793109413aedfff30da27b94e"",""ghz_chain_18q:1dpu_t8"":""9f9e62a16e205e4bd5eb1d1b8f62cade3177ef00fa9bd4dc15c899a41b00d3d0"",""ghz_chain_18q:4dpu_t8"":""9f9e62a16e205e4bd5eb1d1b8f62cade3177ef00fa9bd4dc15c899a41b00d3d0"",""hs_18q_d1:1dpu_t8"":""bf83ea123bc85b30f3c7f1f8a0de47c8366352fc37c099890eab75c8cba62cb8"",""hs_18q_d1:4dpu_t8"":""0f172b4535a71fb59dd5d4f406df828c33333cda1113d1c71db08b5d0e989d1e"",""quantization_stress_18q_l2:1dpu_t8"":""9d1e1ae9a325d84cef97b0fd9beffa9d4b3d783f00a4e38f6fce3a17114d3abb"",""quantization_stress_18q_l2:4dpu_t8"":""9d1e1ae9a325d84cef97b0fd9beffa9d4b3d783f00a4e38f6fce3a17114d3abb""}"
958,10,2.216483711389686,1.0,6,0.47630996810097936,0.518889877536195,0.004800154362825642,0.23815498405048968,0.23815498405048968,0.518889877536195,0.004800154362825642,0.0,0.0,"{""edc_18q:1dpu_t8"":""cf23b184355b080f3bead1d9d754a3c2c295746793109413aedfff30da27b94e"",""edc_18q:4dpu_t8"":""cf23b184355b080f3bead1d9d754a3c2c295746793109413aedfff30da27b94e"",""ghz_chain_18q:1dpu_t8"":""9f9e62a16e205e4bd5eb1d1b8f62cade3177ef00fa9bd4dc15c899a41b00d3d0"",""ghz_chain_18q:4dpu_t8"":""9f9e62a16e205e4bd5eb1d1b8f62cade3177ef00fa9bd4dc15c899a41b00d3d0"",""hs_18q_d1:1dpu_t8"":""bf83ea123bc85b30f3c7f1f8a0de47c8366352fc37c099890eab75c8cba62cb8"",""hs_18q_d1:4dpu_t8"":""bf83ea123bc85b30f3c7f1f8a0de47c8366352fc37c099890eab75c8cba62cb8"",""quantization_stress_18q_l2:1dpu_t8"":""e56fd025e7fdf900c75302bb6e7212f78d89deef09b236732a001e9f5c5001c1"",""quantization_stress_18q_l2:4dpu_t8"":""e56fd025e7fdf900c75302bb6e7212f78d89deef09b236732a001e9f5c5001c1""}"
959,9,2.2301247628247087,1.0,7,0.5414741851996391,0.45232358896253566,0.006202225837825213,0.27073709259981954,0.27073709259981954,0.45232358896253566,0.006202225837825213,0.0,0.0,"{""edc_18q:1dpu_t8"":""cf23b184355b080f3bead1d9d754a3c2c295746793109413aedfff30da27b94e"",""edc_18q:4dpu_t8"":""cf23b184355b080f3bead1d9d754a3c2c295746793109413aedfff30da27b94e"",""ghz_chain_18q:1dpu_t8"":""9f9e62a16e205e4bd5eb1d1b8f62cade3177ef00fa9bd4dc15c899a41b00d3d0"",""ghz_chain_18q:4dpu_t8"":""9f9e62a16e205e4bd5eb1d1b8f62cade3177ef00fa9bd4dc15c899a41b00d3d0"",""hs_18q_d1:1dpu_t8"":""bf83ea123bc85b30f3c7f1f8a0de47c8366352fc37c099890eab75c8cba62cb8"",""hs_18q_d1:4dpu_t8"":""0f172b4535a71fb59dd5d4f406df828c33333cda1113d1c71db08b5d0e989d1e"",""quantization_stress_18q_l2:1dpu_t8"":""e56fd025e7fdf900c75302bb6e7212f78d89deef09b236732a001e9f5c5001c1"",""quantization_stress_18q_l2:4dpu_t8"":""e56fd025e7fdf900c75302bb6e7212f78d89deef09b236732a001e9f5c5001c1""}"
960,5,2.2258425917268485,1.0,6,0.024368166273412584,0.9754242110524387,0.00020762267414873057,0.012184083136706292,0.012184083136706292,0.9754242110524387,0.00020762267414873057,0.0,0.0,"{""edc_18q:1dpu_t8"":""cf23b184355b080f3bead1d9d754a3c2c295746793109413aedfff30da27b94e"",""edc_18q:4dpu_t8"":""cf23b184355b080f3bead1d9d754a3c2c295746793109413aedfff30da27b94e"",""ghz_chain_18q:1dpu_t8"":""9f9e62a16e205e4bd5eb1d1b8f62cade3177ef00fa9bd4dc15c899a41b00d3d0"",""ghz_chain_18q:4dpu_t8"":""9f9e62a16e205e4bd5eb1d1b8f62cade3177ef00fa9bd4dc15c899a41b00d3d0"",""hs_18q_d1:1dpu_t8"":""bf83ea123bc85b30f3c7f1f8a0de47c8366352fc37c099890eab75c8cba62cb8"",""hs_18q_d1:4dpu_t8"":""bf83ea123bc85b30f3c7f1f8a0de47c8366352fc37c099890eab75c8cba62cb8"",""quantization_stress_18q_l2:1dpu_t8"":""9d1e1ae9a325d84cef97b0fd9beffa9d4b3d783f00a4e38f6fce3a17114d3abb"",""quantization_stress_18q_l2:4dpu_t8"":""9d1e1ae9a325d84cef97b0fd9beffa9d4b3d783f00a4e38f6fce3a17114d3abb""}"
961,3,2.2887589016701004,1.041845644222677,8,0.0,1.0,0.0,0.0,0.0,1.0,0.0,0.0,0.0,"{""edc_18q:1dpu_t8"":""cf23b184355b080f3bead1d9d754a3c2c295746793109413aedfff30da27b94e"",""edc_18q:4dpu_t8"":""cf23b184355b080f3bead1d9d754a3c2c295746793109413aedfff30da27b94e"",""ghz_chain_18q:1dpu_t8"":""9f9e62a16e205e4bd5eb1d1b8f62cade3177ef00fa9bd4dc15c899a41b00d3d0"",""ghz_chain_18q:4dpu_t8"":""9f9e62a16e205e4bd5eb1d1b8f62cade3177ef00fa9bd4dc15c899a41b00d3d0"",""hs_18q_d1:1dpu_t8"":""0f172b4535a71fb59dd5d4f406df828c33333cda1113d1c71db08b5d0e989d1e"",""hs_18q_d1:4dpu_t8"":""0f172b4535a71fb59dd5d4f406df828c33333cda1113d1c71db08b5d0e989d1e"",""quantization_stress_18q_l2:1dpu_t8"":""9d1e1ae9a325d84cef97b0fd9beffa9d4b3d783f00a4e38f6fce3a17114d3abb"",""quantization_stress_18q_l2:4dpu_t8"":""9d1e1ae9a325d84cef97b0fd9beffa9d4b3d783f00a4e38f6fce3a17114d3abb""}"
962,5,2.233589599544521,1.0,6,0.024368166273412584,0.9754242110524387,0.00020762267414873057,0.012184083136706292,0.012184083136706292,0.9754242110524387,0.00020762267414873057,0.0,0.0,"{""edc_18q:1dpu_t8"":""cf23b184355b080f3bead1d9d754a3c2c295746793109413aedfff30da27b94e"",""edc_18q:4dpu_t8"":""cf23b184355b080f3bead1d9d754a3c2c295746793109413aedfff30da27b94e"",""ghz_chain_18q:1dpu_t8"":""9f9e62a16e205e4bd5eb1d1b8f62cade3177ef00fa9bd4dc15c899a41b00d3d0"",""ghz_chain_18q:4dpu_t8"":""9f9e62a16e205e4bd5eb1d1b8f62cade3177ef00fa9bd4dc15c899a41b00d3d0"",""hs_18q_d1:1dpu_t8"":""bf83ea123bc85b30f3c7f1f8a0de47c8366352fc37c099890eab75c8cba62cb8"",""hs_18q_d1:4dpu_t8"":""bf83ea123bc85b30f3c7f1f8a0de47c8366352fc37c099890eab75c8cba62cb8"",""quantization_stress_18q_l2:1dpu_t8"":""9d1e1ae9a325d84cef97b0fd9beffa9d4b3d783f00a4e38f6fce3a17114d3abb"",""quantization_stress_18q_l2:4dpu_t8"":""9d1e1ae9a325d84cef97b0fd9beffa9d4b3d783f00a4e38f6fce3a17114d3abb""}"
963,4,2.2539969345536472,1.0,7,0.22063680206282787,0.7768451800394555,0.002518017897716659,0.11031840103141394,0.11031840103141394,0.7768451800394555,0.002518017897716659,0.0,0.0,"{""edc_18q:1dpu_t8"":""cf23b184355b080f3bead1d9d754a3c2c295746793109413aedfff30da27b94e"",""edc_18q:4dpu_t8"":""cf23b184355b080f3bead1d9d754a3c2c295746793109413aedfff30da27b94e"",""ghz_chain_18q:1dpu_t8"":""9f9e62a16e205e4bd5eb1d1b8f62cade3177ef00fa9bd4dc15c899a41b00d3d0"",""ghz_chain_18q:4dpu_t8"":""9f9e62a16e205e4bd5eb1d1b8f62cade3177ef00fa9bd4dc15c899a41b00d3d0"",""hs_18q_d1:1dpu_t8"":""bf83ea123bc85b30f3c7f1f8a0de47c8366352fc37c099890eab75c8cba62cb8"",""hs_18q_d1:4dpu_t8"":""0f172b4535a71fb59dd5d4f406df828c33333cda1113d1c71db08b5d0e989d1e"",""quantization_stress_18q_l2:1dpu_t8"":""9d1e1ae9a325d84cef97b0fd9beffa9d4b3d783f00a4e38f6fce3a17114d3abb"",""quantization_stress_18q_l2:4dpu_t8"":""9d1e1ae9a325d84cef97b0fd9beffa9d4b3d783f00a4e38f6fce3a17114d3abb""}"
964,4,2.262743741096863,1.0,7,0.22063680206282787,0.7768451800394555,0.002518017897716659,0.11031840103141394,0.11031840103141394,0.7768451800394555,0.002518017897716659,0.0,0.0,"{""edc_18q:1dpu_t8"":""cf23b184355b080f3bead1d9d754a3c2c295746793109413aedfff30da27b94e"",""edc_18q:4dpu_t8"":""cf23b184355b080f3bead1d9d754a3c2c295746793109413aedfff30da27b94e"",""ghz_chain_18q:1dpu_t8"":""9f9e62a16e205e4bd5eb1d1b8f62cade3177ef00fa9bd4dc15c899a41b00d3d0"",""ghz_chain_18q:4dpu_t8"":""9f9e62a16e205e4bd5eb1d1b8f62cade3177ef00fa9bd4dc15c899a41b00d3d0"",""hs_18q_d1:1dpu_t8"":""bf83ea123bc85b30f3c7f1f8a0de47c8366352fc37c099890eab75c8cba62cb8"",""hs_18q_d1:4dpu_t8"":""0f172b4535a71fb59dd5d4f406df828c33333cda1113d1c71db08b5d0e989d1e"",""quantization_stress_18q_l2:1dpu_t8"":""9d1e1ae9a325d84cef97b0fd9beffa9d4b3d783f00a4e38f6fce3a17114d3abb"",""quantization_stress_18q_l2:4dpu_t8"":""9d1e1ae9a325d84cef97b0fd9beffa9d4b3d783f00a4e38f6fce3a17114d3abb""}"
965,10,2.2279989581206414,1.0,6,0.47630996810097936,0.518889877536195,0.004800154362825642,0.23815498405048968,0.23815498405048968,0.518889877536195,0.004800154362825642,0.0,0.0,"{""edc_18q:1dpu_t8"":""cf23b184355b080f3bead1d9d754a3c2c295746793109413aedfff30da27b94e"",""edc_18q:4dpu_t8"":""cf23b184355b080f3bead1d9d754a3c2c295746793109413aedfff30da27b94e"",""ghz_chain_18q:1dpu_t8"":""9f9e62a16e205e4bd5eb1d1b8f62cade3177ef00fa9bd4dc15c899a41b00d3d0"",""ghz_chain_18q:4dpu_t8"":""9f9e62a16e205e4bd5eb1d1b8f62cade3177ef00fa9bd4dc15c899a41b00d3d0"",""hs_18q_d1:1dpu_t8"":""bf83ea123bc85b30f3c7f1f8a0de47c8366352fc37c099890eab75c8cba62cb8"",""hs_18q_d1:4dpu_t8"":""bf83ea123bc85b30f3c7f1f8a0de47c8366352fc37c099890eab75c8cba62cb8"",""quantization_stress_18q_l2:1dpu_t8"":""e56fd025e7fdf900c75302bb6e7212f78d89deef09b236732a001e9f5c5001c1"",""quantization_stress_18q_l2:4dpu_t8"":""e56fd025e7fdf900c75302bb6e7212f78d89deef09b236732a001e9f5c5001c1""}"
966,5,2.2417130303250756,1.0,6,0.024368166273412584,0.9754242110524387,0.00020762267414873057,0.012184083136706292,0.012184083136706292,0.9754242110524387,0.00020762267414873057,0.0,0.0,"{""edc_18q:1dpu_t8"":""cf23b184355b080f3bead1d9d754a3c2c295746793109413aedfff30da27b94e"",""edc_18q:4dpu_t8"":""cf23b184355b080f3bead1d9d754a3c2c295746793109413aedfff30da27b94e"",""ghz_chain_18q:1dpu_t8"":""9f9e62a16e205e4bd5eb1d1b8f62cade3177ef00fa9bd4dc15c899a41b00d3d0"",""ghz_chain_18q:4dpu_t8"":""9f9e62a16e205e4bd5eb1d1b8f62cade3177ef00fa9bd4dc15c899a41b00d3d0"",""hs_18q_d1:1dpu_t8"":""bf83ea123bc85b30f3c7f1f8a0de47c8366352fc37c099890eab75c8cba62cb8"",""hs_18q_d1:4dpu_t8"":""bf83ea123bc85b30f3c7f1f8a0de47c8366352fc37c099890eab75c8cba62cb8"",""quantization_stress_18q_l2:1dpu_t8"":""9d1e1ae9a325d84cef97b0fd9beffa9d4b3d783f00a4e38f6fce3a17114d3abb"",""quantization_stress_18q_l2:4dpu_t8"":""9d1e1ae9a325d84cef97b0fd9beffa9d4b3d783f00a4e38f6fce3a17114d3abb""}"
967,9,2.252331832982902,1.0,7,0.5414741851996391,0.45232358896253566,0.006202225837825213,0.27073709259981954,0.27073709259981954,0.45232358896253566,0.006202225837825213,0.0,0.0,"{""edc_18q:1dpu_t8"":""cf23b184355b080f3bead1d9d754a3c2c295746793109413aedfff30da27b94e"",""edc_18q:4dpu_t8"":""cf23b184355b080f3bead1d9d754a3c2c295746793109413aedfff30da27b94e"",""ghz_chain_18q:1dpu_t8"":""9f9e62a16e205e4bd5eb1d1b8f62cade3177ef00fa9bd4dc15c899a41b00d3d0"",""ghz_chain_18q:4dpu_t8"":""9f9e62a16e205e4bd5eb1d1b8f62cade3177ef00fa9bd4dc15c899a41b00d3d0"",""hs_18q_d1:1dpu_t8"":""bf83ea123bc85b30f3c7f1f8a0de47c8366352fc37c099890eab75c8cba62cb8"",""hs_18q_d1:4dpu_t8"":""0f172b4535a71fb59dd5d4f406df828c33333cda1113d1c71db08b5d0e989d1e"",""quantization_stress_18q_l2:1dpu_t8"":""e56fd025e7fdf900c75302bb6e7212f78d89deef09b236732a001e9f5c5001c1"",""quantization_stress_18q_l2:4dpu_t8"":""e56fd025e7fdf900c75302bb6e7212f78d89deef09b236732a001e9f5c5001c1""}"
968,8,2.2818954708425236,1.041845644222677,8,0.3715322706836804,0.40507521716230527,0.2233925121540143,0.1857661353418402,0.1857661353418402,0.40507521716230527,0.2233925121540143,0.0,0.0,"{""edc_18q:1dpu_t8"":""cf23b184355b080f3bead1d9d754a3c2c295746793109413aedfff30da27b94e"",""edc_18q:4dpu_t8"":""cf23b184355b080f3bead1d9d754a3c2c295746793109413aedfff30da27b94e"",""ghz_chain_18q:1dpu_t8"":""9f9e62a16e205e4bd5eb1d1b8f62cade3177ef00fa9bd4dc15c899a41b00d3d0"",""ghz_chain_18q:4dpu_t8"":""9f9e62a16e205e4bd5eb1d1b8f62cade3177ef00fa9bd4dc15c899a41b00d3d0"",""hs_18q_d1:1dpu_t8"":""0f172b4535a71fb59dd5d4f406df828c33333cda1113d1c71db08b5d0e989d1e"",""hs_18q_d1:4dpu_t8"":""0f172b4535a71fb59dd5d4f406df828c33333cda1113d1c71db08b5d0e989d1e"",""quantization_stress_18q_l2:1dpu_t8"":""e56fd025e7fdf900c75302bb6e7212f78d89deef09b236732a001e9f5c5001c1"",""quantization_stress_18q_l2:4dpu_t8"":""e56fd025e7fdf900c75302bb6e7212f78d89deef09b236732a001e9f5c5001c1""}"
969,4,2.236485172726116,1.0,7,0.22063680206282787,0.7768451800394555,0.002518017897716659,0.11031840103141394,0.11031840103141394,0.7768451800394555,0.002518017897716659,0.0,0.0,"{""edc_18q:1dpu_t8"":""cf23b184355b080f3bead1d9d754a3c2c295746793109413aedfff30da27b94e"",""edc_18q:4dpu_t8"":""cf23b184355b080f3bead1d9d754a3c2c295746793109413aedfff30da27b94e"",""ghz_chain_18q:1dpu_t8"":""9f9e62a16e205e4bd5eb1d1b8f62cade3177ef00fa9bd4dc15c899a41b00d3d0"",""ghz_chain_18q:4dpu_t8"":""9f9e62a16e205e4bd5eb1d1b8f62cade3177ef00fa9bd4dc15c899a41b00d3d0"",""hs_18q_d1:1dpu_t8"":""bf83ea123bc85b30f3c7f1f8a0de47c8366352fc37c099890eab75c8cba62cb8"",""hs_18q_d1:4dpu_t8"":""0f172b4535a71fb59dd5d4f406df828c33333cda1113d1c71db08b5d0e989d1e"",""quantization_stress_18q_l2:1dpu_t8"":""9d1e1ae9a325d84cef97b0fd9beffa9d4b3d783f00a4e38f6fce3a17114d3abb"",""quantization_stress_18q_l2:4dpu_t8"":""9d1e1ae9a325d84cef97b0fd9beffa9d4b3d783f00a4e38f6fce3a17114d3abb""}"
970,4,2.2494268071072336,1.0,7,0.22063680206282787,0.7768451800394555,0.002518017897716659,0.11031840103141394,0.11031840103141394,0.7768451800394555,0.002518017897716659,0.0,0.0,"{""edc_18q:1dpu_t8"":""cf23b184355b080f3bead1d9d754a3c2c295746793109413aedfff30da27b94e"",""edc_18q:4dpu_t8"":""cf23b184355b080f3bead1d9d754a3c2c295746793109413aedfff30da27b94e"",""ghz_chain_18q:1dpu_t8"":""9f9e62a16e205e4bd5eb1d1b8f62cade3177ef00fa9bd4dc15c899a41b00d3d0"",""ghz_chain_18q:4dpu_t8"":""9f9e62a16e205e4bd5eb1d1b8f62cade3177ef00fa9bd4dc15c899a41b00d3d0"",""hs_18q_d1:1dpu_t8"":""bf83ea123bc85b30f3c7f1f8a0de47c8366352fc37c099890eab75c8cba62cb8"",""hs_18q_d1:4dpu_t8"":""0f172b4535a71fb59dd5d4f406df828c33333cda1113d1c71db08b5d0e989d1e"",""quantization_stress_18q_l2:1dpu_t8"":""9d1e1ae9a325d84cef97b0fd9beffa9d4b3d783f00a4e38f6fce3a17114d3abb"",""quantization_stress_18q_l2:4dpu_t8"":""9d1e1ae9a325d84cef97b0fd9beffa9d4b3d783f00a4e38f6fce3a17114d3abb""}"
971,10,2.2249271287739436,1.0,6,0.47630996810097936,0.518889877536195,0.004800154362825642,0.23815498405048968,0.23815498405048968,0.518889877536195,0.004800154362825642,0.0,0.0,"{""edc_18q:1dpu_t8"":""cf23b184355b080f3bead1d9d754a3c2c295746793109413aedfff30da27b94e"",""edc_18q:4dpu_t8"":""cf23b184355b080f3bead1d9d754a3c2c295746793109413aedfff30da27b94e"",""ghz_chain_18q:1dpu_t8"":""9f9e62a16e205e4bd5eb1d1b8f62cade3177ef00fa9bd4dc15c899a41b00d3d0"",""ghz_chain_18q:4dpu_t8"":""9f9e62a16e205e4bd5eb1d1b8f62cade3177ef00fa9bd4dc15c899a41b00d3d0"",""hs_18q_d1:1dpu_t8"":""bf83ea123bc85b30f3c7f1f8a0de47c8366352fc37c099890eab75c8cba62cb8"",""hs_18q_d1:4dpu_t8"":""bf83ea123bc85b30f3c7f1f8a0de47c8366352fc37c099890eab75c8cba62cb8"",""quantization_stress_18q_l2:1dpu_t8"":""e56fd025e7fdf900c75302bb6e7212f78d89deef09b236732a001e9f5c5001c1"",""quantization_stress_18q_l2:4dpu_t8"":""e56fd025e7fdf900c75302bb6e7212f78d89deef09b236732a001e9f5c5001c1""}"
972,3,2.316164780923094,1.041845644222677,8,0.0,1.0,0.0,0.0,0.0,1.0,0.0,0.0,0.0,"{""edc_18q:1dpu_t8"":""cf23b184355b080f3bead1d9d754a3c2c295746793109413aedfff30da27b94e"",""edc_18q:4dpu_t8"":""cf23b184355b080f3bead1d9d754a3c2c295746793109413aedfff30da27b94e"",""ghz_chain_18q:1dpu_t8"":""9f9e62a16e205e4bd5eb1d1b8f62cade3177ef00fa9bd4dc15c899a41b00d3d0"",""ghz_chain_18q:4dpu_t8"":""9f9e62a16e205e4bd5eb1d1b8f62cade3177ef00fa9bd4dc15c899a41b00d3d0"",""hs_18q_d1:1dpu_t8"":""0f172b4535a71fb59dd5d4f406df828c33333cda1113d1c71db08b5d0e989d1e"",""hs_18q_d1:4dpu_t8"":""0f172b4535a71fb59dd5d4f406df828c33333cda1113d1c71db08b5d0e989d1e"",""quantization_stress_18q_l2:1dpu_t8"":""9d1e1ae9a325d84cef97b0fd9beffa9d4b3d783f00a4e38f6fce3a17114d3abb"",""quantization_stress_18q_l2:4dpu_t8"":""9d1e1ae9a325d84cef97b0fd9beffa9d4b3d783f00a4e38f6fce3a17114d3abb""}"
973,10,2.2409402930888778,1.0,6,0.47630996810097936,0.518889877536195,0.004800154362825642,0.23815498405048968,0.23815498405048968,0.518889877536195,0.004800154362825642,0.0,0.0,"{""edc_18q:1dpu_t8"":""cf23b184355b080f3bead1d9d754a3c2c295746793109413aedfff30da27b94e"",""edc_18q:4dpu_t8"":""cf23b184355b080f3bead1d9d754a3c2c295746793109413aedfff30da27b94e"",""ghz_chain_18q:1dpu_t8"":""9f9e62a16e205e4bd5eb1d1b8f62cade3177ef00fa9bd4dc15c899a41b00d3d0"",""ghz_chain_18q:4dpu_t8"":""9f9e62a16e205e4bd5eb1d1b8f62cade3177ef00fa9bd4dc15c899a41b00d3d0"",""hs_18q_d1:1dpu_t8"":""bf83ea123bc85b30f3c7f1f8a0de47c8366352fc37c099890eab75c8cba62cb8"",""hs_18q_d1:4dpu_t8"":""bf83ea123bc85b30f3c7f1f8a0de47c8366352fc37c099890eab75c8cba62cb8"",""quantization_stress_18q_l2:1dpu_t8"":""e56fd025e7fdf900c75302bb6e7212f78d89deef09b236732a001e9f5c5001c1"",""quantization_stress_18q_l2:4dpu_t8"":""e56fd025e7fdf900c75302bb6e7212f78d89deef09b236732a001e9f5c5001c1""}"
974,5,2.250984863715467,1.0,6,0.024368166273412584,0.9754242110524387,0.00020762267414873057,0.012184083136706292,0.012184083136706292,0.9754242110524387,0.00020762267414873057,0.0,0.0,"{""edc_18q:1dpu_t8"":""cf23b184355b080f3bead1d9d754a3c2c295746793109413aedfff30da27b94e"",""edc_18q:4dpu_t8"":""cf23b184355b080f3bead1d9d754a3c2c295746793109413aedfff30da27b94e"",""ghz_chain_18q:1dpu_t8"":""9f9e62a16e205e4bd5eb1d1b8f62cade3177ef00fa9bd4dc15c899a41b00d3d0"",""ghz_chain_18q:4dpu_t8"":""9f9e62a16e205e4bd5eb1d1b8f62cade3177ef00fa9bd4dc15c899a41b00d3d0"",""hs_18q_d1:1dpu_t8"":""bf83ea123bc85b30f3c7f1f8a0de47c8366352fc37c099890eab75c8cba62cb8"",""hs_18q_d1:4dpu_t8"":""bf83ea123bc85b30f3c7f1f8a0de47c8366352fc37c099890eab75c8cba62cb8"",""quantization_stress_18q_l2:1dpu_t8"":""9d1e1ae9a325d84cef97b0fd9beffa9d4b3d783f00a4e38f6fce3a17114d3abb"",""quantization_stress_18q_l2:4dpu_t8"":""9d1e1ae9a325d84cef97b0fd9beffa9d4b3d783f00a4e38f6fce3a17114d3abb""}"
975,5,2.2256320393844464,1.0,6,0.024368166273412584,0.9754242110524387,0.00020762267414873057,0.012184083136706292,0.012184083136706292,0.9754242110524387,0.00020762267414873057,0.0,0.0,"{""edc_18q:1dpu_t8"":""cf23b184355b080f3bead1d9d754a3c2c295746793109413aedfff30da27b94e"",""edc_18q:4dpu_t8"":""cf23b184355b080f3bead1d9d754a3c2c295746793109413aedfff30da27b94e"",""ghz_chain_18q:1dpu_t8"":""9f9e62a16e205e4bd5eb1d1b8f62cade3177ef00fa9bd4dc15c899a41b00d3d0"",""ghz_chain_18q:4dpu_t8"":""9f9e62a16e205e4bd5eb1d1b8f62cade3177ef00fa9bd4dc15c899a41b00d3d0"",""hs_18q_d1:1dpu_t8"":""bf83ea123bc85b30f3c7f1f8a0de47c8366352fc37c099890eab75c8cba62cb8"",""hs_18q_d1:4dpu_t8"":""bf83ea123bc85b30f3c7f1f8a0de47c8366352fc37c099890eab75c8cba62cb8"",""quantization_stress_18q_l2:1dpu_t8"":""9d1e1ae9a325d84cef97b0fd9beffa9d4b3d783f00a4e38f6fce3a17114d3abb"",""quantization_stress_18q_l2:4dpu_t8"":""9d1e1ae9a325d84cef97b0fd9beffa9d4b3d783f00a4e38f6fce3a17114d3abb""}"
976,5,2.222406547213525,1.0,6,0.024368166273412584,0.9754242110524387,0.00020762267414873057,0.012184083136706292,0.012184083136706292,0.9754242110524387,0.00020762267414873057,0.0,0.0,"{""edc_18q:1dpu_t8"":""cf23b184355b080f3bead1d9d754a3c2c295746793109413aedfff30da27b94e"",""edc_18q:4dpu_t8"":""cf23b184355b080f3bead1d9d754a3c2c295746793109413aedfff30da27b94e"",""ghz_chain_18q:1dpu_t8"":""9f9e62a16e205e4bd5eb1d1b8f62cade3177ef00fa9bd4dc15c899a41b00d3d0"",""ghz_chain_18q:4dpu_t8"":""9f9e62a16e205e4bd5eb1d1b8f62cade3177ef00fa9bd4dc15c899a41b00d3d0"",""hs_18q_d1:1dpu_t8"":""bf83ea123bc85b30f3c7f1f8a0de47c8366352fc37c099890eab75c8cba62cb8"",""hs_18q_d1:4dpu_t8"":""bf83ea123bc85b30f3c7f1f8a0de47c8366352fc37c099890eab75c8cba62cb8"",""quantization_stress_18q_l2:1dpu_t8"":""9d1e1ae9a325d84cef97b0fd9beffa9d4b3d783f00a4e38f6fce3a17114d3abb"",""quantization_stress_18q_l2:4dpu_t8"":""9d1e1ae9a325d84cef97b0fd9beffa9d4b3d783f00a4e38f6fce3a17114d3abb""}"
977,5,2.2461011563937543,1.0,6,0.024368166273412584,0.9754242110524387,0.00020762267414873057,0.012184083136706292,0.012184083136706292,0.9754242110524387,0.00020762267414873057,0.0,0.0,"{""edc_18q:1dpu_t8"":""cf23b184355b080f3bead1d9d754a3c2c295746793109413aedfff30da27b94e"",""edc_18q:4dpu_t8"":""cf23b184355b080f3bead1d9d754a3c2c295746793109413aedfff30da27b94e"",""ghz_chain_18q:1dpu_t8"":""9f9e62a16e205e4bd5eb1d1b8f62cade3177ef00fa9bd4dc15c899a41b00d3d0"",""ghz_chain_18q:4dpu_t8"":""9f9e62a16e205e4bd5eb1d1b8f62cade3177ef00fa9bd4dc15c899a41b00d3d0"",""hs_18q_d1:1dpu_t8"":""bf83ea123bc85b30f3c7f1f8a0de47c8366352fc37c099890eab75c8cba62cb8"",""hs_18q_d1:4dpu_t8"":""bf83ea123bc85b30f3c7f1f8a0de47c8366352fc37c099890eab75c8cba62cb8"",""quantization_stress_18q_l2:1dpu_t8"":""9d1e1ae9a325d84cef97b0fd9beffa9d4b3d783f00a4e38f6fce3a17114d3abb"",""quantization_stress_18q_l2:4dpu_t8"":""9d1e1ae9a325d84cef97b0fd9beffa9d4b3d783f00a4e38f6fce3a17114d3abb""}"
978,5,2.2146851841054858,1.0,6,0.024368166273412584,0.9754242110524387,0.00020762267414873057,0.012184083136706292,0.012184083136706292,0.9754242110524387,0.00020762267414873057,0.0,0.0,"{""edc_18q:1dpu_t8"":""cf23b184355b080f3bead1d9d754a3c2c295746793109413aedfff30da27b94e"",""edc_18q:4dpu_t8"":""cf23b184355b080f3bead1d9d754a3c2c295746793109413aedfff30da27b94e"",""ghz_chain_18q:1dpu_t8"":""9f9e62a16e205e4bd5eb1d1b8f62cade3177ef00fa9bd4dc15c899a41b00d3d0"",""ghz_chain_18q:4dpu_t8"":""9f9e62a16e205e4bd5eb1d1b8f62cade3177ef00fa9bd4dc15c899a41b00d3d0"",""hs_18q_d1:1dpu_t8"":""bf83ea123bc85b30f3c7f1f8a0de47c8366352fc37c099890eab75c8cba62cb8"",""hs_18q_d1:4dpu_t8"":""bf83ea123bc85b30f3c7f1f8a0de47c8366352fc37c099890eab75c8cba62cb8"",""quantization_stress_18q_l2:1dpu_t8"":""9d1e1ae9a325d84cef97b0fd9beffa9d4b3d783f00a4e38f6fce3a17114d3abb"",""quantization_stress_18q_l2:4dpu_t8"":""9d1e1ae9a325d84cef97b0fd9beffa9d4b3d783f00a4e38f6fce3a17114d3abb""}"
979,10,2.22230702040362,1.0,6,0.47630996810097936,0.518889877536195,0.004800154362825642,0.23815498405048968,0.23815498405048968,0.518889877536195,0.004800154362825642,0.0,0.0,"{""edc_18q:1dpu_t8"":""cf23b184355b080f3bead1d9d754a3c2c295746793109413aedfff30da27b94e"",""edc_18q:4dpu_t8"":""cf23b184355b080f3bead1d9d754a3c2c295746793109413aedfff30da27b94e"",""ghz_chain_18q:1dpu_t8"":""9f9e62a16e205e4bd5eb1d1b8f62cade3177ef00fa9bd4dc15c899a41b00d3d0"",""ghz_chain_18q:4dpu_t8"":""9f9e62a16e205e4bd5eb1d1b8f62cade3177ef00fa9bd4dc15c899a41b00d3d0"",""hs_18q_d1:1dpu_t8"":""bf83ea123bc85b30f3c7f1f8a0de47c8366352fc37c099890eab75c8cba62cb8"",""hs_18q_d1:4dpu_t8"":""bf83ea123bc85b30f3c7f1f8a0de47c8366352fc37c099890eab75c8cba62cb8"",""quantization_stress_18q_l2:1dpu_t8"":""e56fd025e7fdf900c75302bb6e7212f78d89deef09b236732a001e9f5c5001c1"",""quantization_stress_18q_l2:4dpu_t8"":""e56fd025e7fdf900c75302bb6e7212f78d89deef09b236732a001e9f5c5001c1""}"
980,5,2.2393014269872795,1.0,6,0.024368166273412584,0.9754242110524387,0.00020762267414873057,0.012184083136706292,0.012184083136706292,0.9754242110524387,0.00020762267414873057,0.0,0.0,"{""edc_18q:1dpu_t8"":""cf23b184355b080f3bead1d9d754a3c2c295746793109413aedfff30da27b94e"",""edc_18q:4dpu_t8"":""cf23b184355b080f3bead1d9d754a3c2c295746793109413aedfff30da27b94e"",""ghz_chain_18q:1dpu_t8"":""9f9e62a16e205e4bd5eb1d1b8f62cade3177ef00fa9bd4dc15c899a41b00d3d0"",""ghz_chain_18q:4dpu_t8"":""9f9e62a16e205e4bd5eb1d1b8f62cade3177ef00fa9bd4dc15c899a41b00d3d0"",""hs_18q_d1:1dpu_t8"":""bf83ea123bc85b30f3c7f1f8a0de47c8366352fc37c099890eab75c8cba62cb8"",""hs_18q_d1:4dpu_t8"":""bf83ea123bc85b30f3c7f1f8a0de47c8366352fc37c099890eab75c8cba62cb8"",""quantization_stress_18q_l2:1dpu_t8"":""9d1e1ae9a325d84cef97b0fd9beffa9d4b3d783f00a4e38f6fce3a17114d3abb"",""quantization_stress_18q_l2:4dpu_t8"":""9d1e1ae9a325d84cef97b0fd9beffa9d4b3d783f00a4e38f6fce3a17114d3abb""}"
981,3,2.306927425502256,1.041845644222677,8,0.0,1.0,0.0,0.0,0.0,1.0,0.0,0.0,0.0,"{""edc_18q:1dpu_t8"":""cf23b184355b080f3bead1d9d754a3c2c295746793109413aedfff30da27b94e"",""edc_18q:4dpu_t8"":""cf23b184355b080f3bead1d9d754a3c2c295746793109413aedfff30da27b94e"",""ghz_chain_18q:1dpu_t8"":""9f9e62a16e205e4bd5eb1d1b8f62cade3177ef00fa9bd4dc15c899a41b00d3d0"",""ghz_chain_18q:4dpu_t8"":""9f9e62a16e205e4bd5eb1d1b8f62cade3177ef00fa9bd4dc15c899a41b00d3d0"",""hs_18q_d1:1dpu_t8"":""0f172b4535a71fb59dd5d4f406df828c33333cda1113d1c71db08b5d0e989d1e"",""hs_18q_d1:4dpu_t8"":""0f172b4535a71fb59dd5d4f406df828c33333cda1113d1c71db08b5d0e989d1e"",""quantization_stress_18q_l2:1dpu_t8"":""9d1e1ae9a325d84cef97b0fd9beffa9d4b3d783f00a4e38f6fce3a17114d3abb"",""quantization_stress_18q_l2:4dpu_t8"":""9d1e1ae9a325d84cef97b0fd9beffa9d4b3d783f00a4e38f6fce3a17114d3abb""}"
982,5,2.2431504833820677,1.0,6,0.024368166273412584,0.9754242110524387,0.00020762267414873057,0.012184083136706292,0.012184083136706292,0.9754242110524387,0.00020762267414873057,0.0,0.0,"{""edc_18q:1dpu_t8"":""cf23b184355b080f3bead1d9d754a3c2c295746793109413aedfff30da27b94e"",""edc_18q:4dpu_t8"":""cf23b184355b080f3bead1d9d754a3c2c295746793109413aedfff30da27b94e"",""ghz_chain_18q:1dpu_t8"":""9f9e62a16e205e4bd5eb1d1b8f62cade3177ef00fa9bd4dc15c899a41b00d3d0"",""ghz_chain_18q:4dpu_t8"":""9f9e62a16e205e4bd5eb1d1b8f62cade3177ef00fa9bd4dc15c899a41b00d3d0"",""hs_18q_d1:1dpu_t8"":""bf83ea123bc85b30f3c7f1f8a0de47c8366352fc37c099890eab75c8cba62cb8"",""hs_18q_d1:4dpu_t8"":""bf83ea123bc85b30f3c7f1f8a0de47c8366352fc37c099890eab75c8cba62cb8"",""quantization_stress_18q_l2:1dpu_t8"":""9d1e1ae9a325d84cef97b0fd9beffa9d4b3d783f00a4e38f6fce3a17114d3abb"",""quantization_stress_18q_l2:4dpu_t8"":""9d1e1ae9a325d84cef97b0fd9beffa9d4b3d783f00a4e38f6fce3a17114d3abb""}"
983,3,2.305388775307426,1.041845644222677,8,0.0,1.0,0.0,0.0,0.0,1.0,0.0,0.0,0.0,"{""edc_18q:1dpu_t8"":""cf23b184355b080f3bead1d9d754a3c2c295746793109413aedfff30da27b94e"",""edc_18q:4dpu_t8"":""cf23b184355b080f3bead1d9d754a3c2c295746793109413aedfff30da27b94e"",""ghz_chain_18q:1dpu_t8"":""9f9e62a16e205e4bd5eb1d1b8f62cade3177ef00fa9bd4dc15c899a41b00d3d0"",""ghz_chain_18q:4dpu_t8"":""9f9e62a16e205e4bd5eb1d1b8f62cade3177ef00fa9bd4dc15c899a41b00d3d0"",""hs_18q_d1:1dpu_t8"":""0f172b4535a71fb59dd5d4f406df828c33333cda1113d1c71db08b5d0e989d1e"",""hs_18q_d1:4dpu_t8"":""0f172b4535a71fb59dd5d4f406df828c33333cda1113d1c71db08b5d0e989d1e"",""quantization_stress_18q_l2:1dpu_t8"":""9d1e1ae9a325d84cef97b0fd9beffa9d4b3d783f00a4e38f6fce3a17114d3abb"",""quantization_stress_18q_l2:4dpu_t8"":""9d1e1ae9a325d84cef97b0fd9beffa9d4b3d783f00a4e38f6fce3a17114d3abb""}"
984,4,2.2593000571382706,1.0,7,0.22063680206282787,0.7768451800394555,0.002518017897716659,0.11031840103141394,0.11031840103141394,0.7768451800394555,0.002518017897716659,0.0,0.0,"{""edc_18q:1dpu_t8"":""cf23b184355b080f3bead1d9d754a3c2c295746793109413aedfff30da27b94e"",""edc_18q:4dpu_t8"":""cf23b184355b080f3bead1d9d754a3c2c295746793109413aedfff30da27b94e"",""ghz_chain_18q:1dpu_t8"":""9f9e62a16e205e4bd5eb1d1b8f62cade3177ef00fa9bd4dc15c899a41b00d3d0"",""ghz_chain_18q:4dpu_t8"":""9f9e62a16e205e4bd5eb1d1b8f62cade3177ef00fa9bd4dc15c899a41b00d3d0"",""hs_18q_d1:1dpu_t8"":""bf83ea123bc85b30f3c7f1f8a0de47c8366352fc37c099890eab75c8cba62cb8"",""hs_18q_d1:4dpu_t8"":""0f172b4535a71fb59dd5d4f406df828c33333cda1113d1c71db08b5d0e989d1e"",""quantization_stress_18q_l2:1dpu_t8"":""9d1e1ae9a325d84cef97b0fd9beffa9d4b3d783f00a4e38f6fce3a17114d3abb"",""quantization_stress_18q_l2:4dpu_t8"":""9d1e1ae9a325d84cef97b0fd9beffa9d4b3d783f00a4e38f6fce3a17114d3abb""}"
985,4,2.2507966339876924,1.0,7,0.22063680206282787,0.7768451800394555,0.002518017897716659,0.11031840103141394,0.11031840103141394,0.7768451800394555,0.002518017897716659,0.0,0.0,"{""edc_18q:1dpu_t8"":""cf23b184355b080f3bead1d9d754a3c2c295746793109413aedfff30da27b94e"",""edc_18q:4dpu_t8"":""cf23b184355b080f3bead1d9d754a3c2c295746793109413aedfff30da27b94e"",""ghz_chain_18q:1dpu_t8"":""9f9e62a16e205e4bd5eb1d1b8f62cade3177ef00fa9bd4dc15c899a41b00d3d0"",""ghz_chain_18q:4dpu_t8"":""9f9e62a16e205e4bd5eb1d1b8f62cade3177ef00fa9bd4dc15c899a41b00d3d0"",""hs_18q_d1:1dpu_t8"":""bf83ea123bc85b30f3c7f1f8a0de47c8366352fc37c099890eab75c8cba62cb8"",""hs_18q_d1:4dpu_t8"":""0f172b4535a71fb59dd5d4f406df828c33333cda1113d1c71db08b5d0e989d1e"",""quantization_stress_18q_l2:1dpu_t8"":""9d1e1ae9a325d84cef97b0fd9beffa9d4b3d783f00a4e38f6fce3a17114d3abb"",""quantization_stress_18q_l2:4dpu_t8"":""9d1e1ae9a325d84cef97b0fd9beffa9d4b3d783f00a4e38f6fce3a17114d3abb""}"
986,3,2.29057576107537,1.041845644222677,8,0.0,1.0,0.0,0.0,0.0,1.0,0.0,0.0,0.0,"{""edc_18q:1dpu_t8"":""cf23b184355b080f3bead1d9d754a3c2c295746793109413aedfff30da27b94e"",""edc_18q:4dpu_t8"":""cf23b184355b080f3bead1d9d754a3c2c295746793109413aedfff30da27b94e"",""ghz_chain_18q:1dpu_t8"":""9f9e62a16e205e4bd5eb1d1b8f62cade3177ef00fa9bd4dc15c899a41b00d3d0"",""ghz_chain_18q:4dpu_t8"":""9f9e62a16e205e4bd5eb1d1b8f62cade3177ef00fa9bd4dc15c899a41b00d3d0"",""hs_18q_d1:1dpu_t8"":""0f172b4535a71fb59dd5d4f406df828c33333cda1113d1c71db08b5d0e989d1e"",""hs_18q_d1:4dpu_t8"":""0f172b4535a71fb59dd5d4f406df828c33333cda1113d1c71db08b5d0e989d1e"",""quantization_stress_18q_l2:1dpu_t8"":""9d1e1ae9a325d84cef97b0fd9beffa9d4b3d783f00a4e38f6fce3a17114d3abb"",""quantization_stress_18q_l2:4dpu_t8"":""9d1e1ae9a325d84cef97b0fd9beffa9d4b3d783f00a4e38f6fce3a17114d3abb""}"
987,5,2.2230640538515383,1.0,6,0.024368166273412584,0.9754242110524387,0.00020762267414873057,0.012184083136706292,0.012184083136706292,0.9754242110524387,0.00020762267414873057,0.0,0.0,"{""edc_18q:1dpu_t8"":""cf23b184355b080f3bead1d9d754a3c2c295746793109413aedfff30da27b94e"",""edc_18q:4dpu_t8"":""cf23b184355b080f3bead1d9d754a3c2c295746793109413aedfff30da27b94e"",""ghz_chain_18q:1dpu_t8"":""9f9e62a16e205e4bd5eb1d1b8f62cade3177ef00fa9bd4dc15c899a41b00d3d0"",""ghz_chain_18q:4dpu_t8"":""9f9e62a16e205e4bd5eb1d1b8f62cade3177ef00fa9bd4dc15c899a41b00d3d0"",""hs_18q_d1:1dpu_t8"":""bf83ea123bc85b30f3c7f1f8a0de47c8366352fc37c099890eab75c8cba62cb8"",""hs_18q_d1:4dpu_t8"":""bf83ea123bc85b30f3c7f1f8a0de47c8366352fc37c099890eab75c8cba62cb8"",""quantization_stress_18q_l2:1dpu_t8"":""9d1e1ae9a325d84cef97b0fd9beffa9d4b3d783f00a4e38f6fce3a17114d3abb"",""quantization_stress_18q_l2:4dpu_t8"":""9d1e1ae9a325d84cef97b0fd9beffa9d4b3d783f00a4e38f6fce3a17114d3abb""}"
988,8,2.304450352537748,1.041845644222677,8,0.3715322706836804,0.40507521716230527,0.2233925121540143,0.1857661353418402,0.1857661353418402,0.40507521716230527,0.2233925121540143,0.0,0.0,"{""edc_18q:1dpu_t8"":""cf23b184355b080f3bead1d9d754a3c2c295746793109413aedfff30da27b94e"",""edc_18q:4dpu_t8"":""cf23b184355b080f3bead1d9d754a3c2c295746793109413aedfff30da27b94e"",""ghz_chain_18q:1dpu_t8"":""9f9e62a16e205e4bd5eb1d1b8f62cade3177ef00fa9bd4dc15c899a41b00d3d0"",""ghz_chain_18q:4dpu_t8"":""9f9e62a16e205e4bd5eb1d1b8f62cade3177ef00fa9bd4dc15c899a41b00d3d0"",""hs_18q_d1:1dpu_t8"":""0f172b4535a71fb59dd5d4f406df828c33333cda1113d1c71db08b5d0e989d1e"",""hs_18q_d1:4dpu_t8"":""0f172b4535a71fb59dd5d4f406df828c33333cda1113d1c71db08b5d0e989d1e"",""quantization_stress_18q_l2:1dpu_t8"":""e56fd025e7fdf900c75302bb6e7212f78d89deef09b236732a001e9f5c5001c1"",""quantization_stress_18q_l2:4dpu_t8"":""e56fd025e7fdf900c75302bb6e7212f78d89deef09b236732a001e9f5c5001c1""}"
989,10,2.2320131480016587,1.0,6,0.47630996810097936,0.518889877536195,0.004800154362825642,0.23815498405048968,0.23815498405048968,0.518889877536195,0.004800154362825642,0.0,0.0,"{""edc_18q:1dpu_t8"":""cf23b184355b080f3bead1d9d754a3c2c295746793109413aedfff30da27b94e"",""edc_18q:4dpu_t8"":""cf23b184355b080f3bead1d9d754a3c2c295746793109413aedfff30da27b94e"",""ghz_chain_18q:1dpu_t8"":""9f9e62a16e205e4bd5eb1d1b8f62cade3177ef00fa9bd4dc15c899a41b00d3d0"",""ghz_chain_18q:4dpu_t8"":""9f9e62a16e205e4bd5eb1d1b8f62cade3177ef00fa9bd4dc15c899a41b00d3d0"",""hs_18q_d1:1dpu_t8"":""bf83ea123bc85b30f3c7f1f8a0de47c8366352fc37c099890eab75c8cba62cb8"",""hs_18q_d1:4dpu_t8"":""bf83ea123bc85b30f3c7f1f8a0de47c8366352fc37c099890eab75c8cba62cb8"",""quantization_stress_18q_l2:1dpu_t8"":""e56fd025e7fdf900c75302bb6e7212f78d89deef09b236732a001e9f5c5001c1"",""quantization_stress_18q_l2:4dpu_t8"":""e56fd025e7fdf900c75302bb6e7212f78d89deef09b236732a001e9f5c5001c1""}"
990,4,2.251531918133643,1.0,7,0.22063680206282787,0.7768451800394555,0.002518017897716659,0.11031840103141394,0.11031840103141394,0.7768451800394555,0.002518017897716659,0.0,0.0,"{""edc_18q:1dpu_t8"":""cf23b184355b080f3bead1d9d754a3c2c295746793109413aedfff30da27b94e"",""edc_18q:4dpu_t8"":""cf23b184355b080f3bead1d9d754a3c2c295746793109413aedfff30da27b94e"",""ghz_chain_18q:1dpu_t8"":""9f9e62a16e205e4bd5eb1d1b8f62cade3177ef00fa9bd4dc15c899a41b00d3d0"",""ghz_chain_18q:4dpu_t8"":""9f9e62a16e205e4bd5eb1d1b8f62cade3177ef00fa9bd4dc15c899a41b00d3d0"",""hs_18q_d1:1dpu_t8"":""bf83ea123bc85b30f3c7f1f8a0de47c8366352fc37c099890eab75c8cba62cb8"",""hs_18q_d1:4dpu_t8"":""0f172b4535a71fb59dd5d4f406df828c33333cda1113d1c71db08b5d0e989d1e"",""quantization_stress_18q_l2:1dpu_t8"":""9d1e1ae9a325d84cef97b0fd9beffa9d4b3d783f00a4e38f6fce3a17114d3abb"",""quantization_stress_18q_l2:4dpu_t8"":""9d1e1ae9a325d84cef97b0fd9beffa9d4b3d783f00a4e38f6fce3a17114d3abb""}"
991,10,2.2323575900131165,1.0,6,0.47630996810097936,0.518889877536195,0.004800154362825642,0.23815498405048968,0.23815498405048968,0.518889877536195,0.004800154362825642,0.0,0.0,"{""edc_18q:1dpu_t8"":""cf23b184355b080f3bead1d9d754a3c2c295746793109413aedfff30da27b94e"",""edc_18q:4dpu_t8"":""cf23b184355b080f3bead1d9d754a3c2c295746793109413aedfff30da27b94e"",""ghz_chain_18q:1dpu_t8"":""9f9e62a16e205e4bd5eb1d1b8f62cade3177ef00fa9bd4dc15c899a41b00d3d0"",""ghz_chain_18q:4dpu_t8"":""9f9e62a16e205e4bd5eb1d1b8f62cade3177ef00fa9bd4dc15c899a41b00d3d0"",""hs_18q_d1:1dpu_t8"":""bf83ea123bc85b30f3c7f1f8a0de47c8366352fc37c099890eab75c8cba62cb8"",""hs_18q_d1:4dpu_t8"":""bf83ea123bc85b30f3c7f1f8a0de47c8366352fc37c099890eab75c8cba62cb8"",""quantization_stress_18q_l2:1dpu_t8"":""e56fd025e7fdf900c75302bb6e7212f78d89deef09b236732a001e9f5c5001c1"",""quantization_stress_18q_l2:4dpu_t8"":""e56fd025e7fdf900c75302bb6e7212f78d89deef09b236732a001e9f5c5001c1""}"
992,4,2.222283884702517,1.0,7,0.22063680206282787,0.7768451800394555,0.002518017897716659,0.11031840103141394,0.11031840103141394,0.7768451800394555,0.002518017897716659,0.0,0.0,"{""edc_18q:1dpu_t8"":""cf23b184355b080f3bead1d9d754a3c2c295746793109413aedfff30da27b94e"",""edc_18q:4dpu_t8"":""cf23b184355b080f3bead1d9d754a3c2c295746793109413aedfff30da27b94e"",""ghz_chain_18q:1dpu_t8"":""9f9e62a16e205e4bd5eb1d1b8f62cade3177ef00fa9bd4dc15c899a41b00d3d0"",""ghz_chain_18q:4dpu_t8"":""9f9e62a16e205e4bd5eb1d1b8f62cade3177ef00fa9bd4dc15c899a41b00d3d0"",""hs_18q_d1:1dpu_t8"":""bf83ea123bc85b30f3c7f1f8a0de47c8366352fc37c099890eab75c8cba62cb8"",""hs_18q_d1:4dpu_t8"":""0f172b4535a71fb59dd5d4f406df828c33333cda1113d1c71db08b5d0e989d1e"",""quantization_stress_18q_l2:1dpu_t8"":""9d1e1ae9a325d84cef97b0fd9beffa9d4b3d783f00a4e38f6fce3a17114d3abb"",""quantization_stress_18q_l2:4dpu_t8"":""9d1e1ae9a325d84cef97b0fd9beffa9d4b3d783f00a4e38f6fce3a17114d3abb""}"
993,5,2.249441088369005,1.0,6,0.024368166273412584,0.9754242110524387,0.00020762267414873057,0.012184083136706292,0.012184083136706292,0.9754242110524387,0.00020762267414873057,0.0,0.0,"{""edc_18q:1dpu_t8"":""cf23b184355b080f3bead1d9d754a3c2c295746793109413aedfff30da27b94e"",""edc_18q:4dpu_t8"":""cf23b184355b080f3bead1d9d754a3c2c295746793109413aedfff30da27b94e"",""ghz_chain_18q:1dpu_t8"":""9f9e62a16e205e4bd5eb1d1b8f62cade3177ef00fa9bd4dc15c899a41b00d3d0"",""ghz_chain_18q:4dpu_t8"":""9f9e62a16e205e4bd5eb1d1b8f62cade3177ef00fa9bd4dc15c899a41b00d3d0"",""hs_18q_d1:1dpu_t8"":""bf83ea123bc85b30f3c7f1f8a0de47c8366352fc37c099890eab75c8cba62cb8"",""hs_18q_d1:4dpu_t8"":""bf83ea123bc85b30f3c7f1f8a0de47c8366352fc37c099890eab75c8cba62cb8"",""quantization_stress_18q_l2:1dpu_t8"":""9d1e1ae9a325d84cef97b0fd9beffa9d4b3d783f00a4e38f6fce3a17114d3abb"",""quantization_stress_18q_l2:4dpu_t8"":""9d1e1ae9a325d84cef97b0fd9beffa9d4b3d783f00a4e38f6fce3a17114d3abb""}"
994,8,2.2595856063182853,0.997529052435953,7,0.3715322706836804,0.40507521716230527,0.2233925121540143,0.1857661353418402,0.1857661353418402,0.40507521716230527,0.2233925121540143,0.0,0.0,"{""edc_18q:1dpu_t8"":""cf23b184355b080f3bead1d9d754a3c2c295746793109413aedfff30da27b94e"",""edc_18q:4dpu_t8"":""cf23b184355b080f3bead1d9d754a3c2c295746793109413aedfff30da27b94e"",""ghz_chain_18q:1dpu_t8"":""9f9e62a16e205e4bd5eb1d1b8f62cade3177ef00fa9bd4dc15c899a41b00d3d0"",""ghz_chain_18q:4dpu_t8"":""9f9e62a16e205e4bd5eb1d1b8f62cade3177ef00fa9bd4dc15c899a41b00d3d0"",""hs_18q_d1:1dpu_t8"":""0f172b4535a71fb59dd5d4f406df828c33333cda1113d1c71db08b5d0e989d1e"",""hs_18q_d1:4dpu_t8"":""0f172b4535a71fb59dd5d4f406df828c33333cda1113d1c71db08b5d0e989d1e"",""quantization_stress_18q_l2:1dpu_t8"":""e56fd025e7fdf900c75302bb6e7212f78d89deef09b236732a001e9f5c5001c1"",""quantization_stress_18q_l2:4dpu_t8"":""e56fd025e7fdf900c75302bb6e7212f78d89deef09b236732a001e9f5c5001c1""}"
995,5,2.240200284232488,1.0,6,0.024368166273412584,0.9754242110524387,0.00020762267414873057,0.012184083136706292,0.012184083136706292,0.9754242110524387,0.00020762267414873057,0.0,0.0,"{""edc_18q:1dpu_t8"":""cf23b184355b080f3bead1d9d754a3c2c295746793109413aedfff30da27b94e"",""edc_18q:4dpu_t8"":""cf23b184355b080f3bead1d9d754a3c2c295746793109413aedfff30da27b94e"",""ghz_chain_18q:1dpu_t8"":""9f9e62a16e205e4bd5eb1d1b8f62cade3177ef00fa9bd4dc15c899a41b00d3d0"",""ghz_chain_18q:4dpu_t8"":""9f9e62a16e205e4bd5eb1d1b8f62cade3177ef00fa9bd4dc15c899a41b00d3d0"",""hs_18q_d1:1dpu_t8"":""bf83ea123bc85b30f3c7f1f8a0de47c8366352fc37c099890eab75c8cba62cb8"",""hs_18q_d1:4dpu_t8"":""bf83ea123bc85b30f3c7f1f8a0de47c8366352fc37c099890eab75c8cba62cb8"",""quantization_stress_18q_l2:1dpu_t8"":""9d1e1ae9a325d84cef97b0fd9beffa9d4b3d783f00a4e38f6fce3a17114d3abb"",""quantization_stress_18q_l2:4dpu_t8"":""9d1e1ae9a325d84cef97b0fd9beffa9d4b3d783f00a4e38f6fce3a17114d3abb""}"
996,5,2.218267486811308,1.0,6,0.024368166273412584,0.9754242110524387,0.00020762267414873057,0.012184083136706292,0.012184083136706292,0.9754242110524387,0.00020762267414873057,0.0,0.0,"{""edc_18q:1dpu_t8"":""cf23b184355b080f3bead1d9d754a3c2c295746793109413aedfff30da27b94e"",""edc_18q:4dpu_t8"":""cf23b184355b080f3bead1d9d754a3c2c295746793109413aedfff30da27b94e"",""ghz_chain_18q:1dpu_t8"":""9f9e62a16e205e4bd5eb1d1b8f62cade3177ef00fa9bd4dc15c899a41b00d3d0"",""ghz_chain_18q:4dpu_t8"":""9f9e62a16e205e4bd5eb1d1b8f62cade3177ef00fa9bd4dc15c899a41b00d3d0"",""hs_18q_d1:1dpu_t8"":""bf83ea123bc85b30f3c7f1f8a0de47c8366352fc37c099890eab75c8cba62cb8"",""hs_18q_d1:4dpu_t8"":""bf83ea123bc85b30f3c7f1f8a0de47c8366352fc37c099890eab75c8cba62cb8"",""quantization_stress_18q_l2:1dpu_t8"":""9d1e1ae9a325d84cef97b0fd9beffa9d4b3d783f00a4e38f6fce3a17114d3abb"",""quantization_stress_18q_l2:4dpu_t8"":""9d1e1ae9a325d84cef97b0fd9beffa9d4b3d783f00a4e38f6fce3a17114d3abb""}"
997,5,2.2235792440385262,1.0,6,0.024368166273412584,0.9754242110524387,0.00020762267414873057,0.012184083136706292,0.012184083136706292,0.9754242110524387,0.00020762267414873057,0.0,0.0,"{""edc_18q:1dpu_t8"":""cf23b184355b080f3bead1d9d754a3c2c295746793109413aedfff30da27b94e"",""edc_18q:4dpu_t8"":""cf23b184355b080f3bead1d9d754a3c2c295746793109413aedfff30da27b94e"",""ghz_chain_18q:1dpu_t8"":""9f9e62a16e205e4bd5eb1d1b8f62cade3177ef00fa9bd4dc15c899a41b00d3d0"",""ghz_chain_18q:4dpu_t8"":""9f9e62a16e205e4bd5eb1d1b8f62cade3177ef00fa9bd4dc15c899a41b00d3d0"",""hs_18q_d1:1dpu_t8"":""bf83ea123bc85b30f3c7f1f8a0de47c8366352fc37c099890eab75c8cba62cb8"",""hs_18q_d1:4dpu_t8"":""bf83ea123bc85b30f3c7f1f8a0de47c8366352fc37c099890eab75c8cba62cb8"",""quantization_stress_18q_l2:1dpu_t8"":""9d1e1ae9a325d84cef97b0fd9beffa9d4b3d783f00a4e38f6fce3a17114d3abb"",""quantization_stress_18q_l2:4dpu_t8"":""9d1e1ae9a325d84cef97b0fd9beffa9d4b3d783f00a4e38f6fce3a17114d3abb""}"
998,3,2.2731042306327125,1.0163179096347865,8,0.0,1.0,0.0,0.0,0.0,1.0,0.0,0.0,0.0,"{""edc_18q:1dpu_t8"":""cf23b184355b080f3bead1d9d754a3c2c295746793109413aedfff30da27b94e"",""edc_18q:4dpu_t8"":""cf23b184355b080f3bead1d9d754a3c2c295746793109413aedfff30da27b94e"",""ghz_chain_18q:1dpu_t8"":""9f9e62a16e205e4bd5eb1d1b8f62cade3177ef00fa9bd4dc15c899a41b00d3d0"",""ghz_chain_18q:4dpu_t8"":""9f9e62a16e205e4bd5eb1d1b8f62cade3177ef00fa9bd4dc15c899a41b00d3d0"",""hs_18q_d1:1dpu_t8"":""0f172b4535a71fb59dd5d4f406df828c33333cda1113d1c71db08b5d0e989d1e"",""hs_18q_d1:4dpu_t8"":""0f172b4535a71fb59dd5d4f406df828c33333cda1113d1c71db08b5d0e989d1e"",""quantization_stress_18q_l2:1dpu_t8"":""9d1e1ae9a325d84cef97b0fd9beffa9d4b3d783f00a4e38f6fce3a17114d3abb"",""quantization_stress_18q_l2:4dpu_t8"":""9d1e1ae9a325d84cef97b0fd9beffa9d4b3d783f00a4e38f6fce3a17114d3abb""}"
999,5,2.227955971379773,1.0,6,0.024368166273412584,0.9754242110524387,0.00020762267414873057,0.012184083136706292,0.012184083136706292,0.9754242110524387,0.00020762267414873057,0.0,0.0,"{""edc_18q:1dpu_t8"":""cf23b184355b080f3bead1d9d754a3c2c295746793109413aedfff30da27b94e"",""edc_18q:4dpu_t8"":""cf23b184355b080f3bead1d9d754a3c2c295746793109413aedfff30da27b94e"",""ghz_chain_18q:1dpu_t8"":""9f9e62a16e205e4bd5eb1d1b8f62cade3177ef00fa9bd4dc15c899a41b00d3d0"",""ghz_chain_18q:4dpu_t8"":""9f9e62a16e205e4bd5eb1d1b8f62cade3177ef00fa9bd4dc15c899a41b00d3d0"",""hs_18q_d1:1dpu_t8"":""bf83ea123bc85b30f3c7f1f8a0de47c8366352fc37c099890eab75c8cba62cb8"",""hs_18q_d1:4dpu_t8"":""bf83ea123bc85b30f3c7f1f8a0de47c8366352fc37c099890eab75c8cba62cb8"",""quantization_stress_18q_l2:1dpu_t8"":""9d1e1ae9a325d84cef97b0fd9beffa9d4b3d783f00a4e38f6fce3a17114d3abb"",""quantization_stress_18q_l2:4dpu_t8"":""9d1e1ae9a325d84cef97b0fd9beffa9d4b3d783f00a4e38f6fce3a17114d3abb""}"
