split,attempt_type,cell_id,circuit_id,topology_id,candidate_path_id,plan_id,route_id,block,sample_index,order_index,sample_id,session_instance_id,experiment_id,run_id,source_sha,candidate_generation_source_sha,physical_execution_source_sha,candidate_set_sha256,calibration_set_sha256,problem_id,tensor_network_structure_id,logical_plan_id,physical_plan_id,executable_id,validation_policy_id,output_sha256,status,validation,fallback,max_abs_error,relative_l2_error,norm_drift,phase_aligned_max_abs_error,full_precision_passed,policy_reference_passed,timing_scope,total_wall_s,session_open_s,session_close_s,session_inclusive_s,kernel_s,h2d_s,d2h_s,h2d_bytes,d2h_bytes,preparation_s,planning_s,lowering_s,mapping_s,slicing_s,host_reduce_s,rank_work_s,request_build_s,request_wave_s,request_artifact_build_s,payload_record_staging_s,request_work_unit_materialization_s,request_payload_materialization_s,request_payload_hashing_s,request_payload_file_write_s,request_manifest_sidecar_staging_s,request_build_residual_s,request_payload_record_count,request_payload_bytes_staged,request_payload_bytes_hashed,request_payload_files_created,requested_dpus,allocated_dpus,active_dpus,tasklets_per_dpu,rank_count,active_rank_count,target_observed,request_transport,collection_resource_admission_passed,execution_resource_admission_passed,startup_resource_admission_passed,physical_target_verified,hardware_kernel_executed,simulator_kernel_executed,cpu_fallback_used,binary_identity_verified,native_identity_verified,hardware_release_verified,tasklet_utilization,dpu_utilization,dominant_wave_utilization,total_wave_count,fully_populated_wave_count,active_dpu_ids_json,active_rank_indices_json,requested_rank_paths_json
training,warmup,edc_18q:1dpu_t8,edc_18q,1dpu_t8,09eba679eeaacde57b3d14e532a34cfb89b93de888eb607ea84d8a211c4d2e29,path_09eba679eeaacde57b3d14e532a34cfb89b93de888eb607ea84d8a211c4d2e29,1dpu_t8,0,0,35,65aba6a4bf28acb20fc577a70dbd2d4518667eb0a4af320d3a84705cc483e444,70cc4e98-1216-4af3-8a11-203d557aaafb,424886cb45ecf2f43b304da76c7333b4720fb882066e04025593821f1eba1e04,8b6ebfbd-1c06-4fb1-b4bf-4d072212375d,68bde98e0696765cd5def2f8b41b686c6a2ffcb0,68bde98e0696765cd5def2f8b41b686c6a2ffcb0,d452106e697890439cfc94fdabfb6a80fb0fccc2,5269bfea2a1777b041e10edf9618ba613d44021ce89b3ff0d95093a81c095b65,ae9ef515059d52d7d85bbddc07c49cabd745c0f6e8e6aea4ffb9ca2d19553eb9,e6326a5da55f304b3234ce37519f34799d0f61696dfc2f64c315515bb2220775,d420d48630c4027c823141769690f9af747c700b7e4db288452d78e6c09bc1bd,c836878783242695028b9f3fdedf8ed9915a569f97c854f2a6f292e2de42d715,a0a1c54c57915bb75637bbcb85e2806bc25879d0f9d794983c4d258eb2b339c6,56dfa726e07260290a8d9bd5f9553bedef06c396ca7a2a1c14537ab134f1b661,42ef48b05a6df873c8625f632e53ce4fe584cf13f038f1c9ee6965bc3e739f7f,e7ea19cb04a7f80155352d849e3d8316e00f9ad70d1d12c4e534bd360491cd32,success,passed,false,1.2101617041793133e-08,1.7114270947149228e-08,1.7114270889351246e-08,1.2101617041793133e-08,True,True,steady_execution_v1,1.2709062860012637,0.1539901079995616,0.006468699997640215,1.4313650939984655,0.587732863,0.05599660399999999,0.11931077299999998,136800,4288128,0.012103496002964675,,,,,,,0.10149903600176913,1.2116987150111527,0.05968811597995227,0.02214885497960495,0.0035225190040364396,0.0029019410176260862,0.0012060469853167888,0.0,0.0004749349936901126,,,,,,1,1,1,8,1,1,physical_hardware,packed_operation_v1,True,True,True,True,True,False,False,True,True,True,0.9964836626707722,1.0,1.0,40,40,"[[0,0]]",[0],"[""/dev/dpu_rank1""]"
training,measurement,edc_18q:1dpu_t8,edc_18q,1dpu_t8,09eba679eeaacde57b3d14e532a34cfb89b93de888eb607ea84d8a211c4d2e29,path_09eba679eeaacde57b3d14e532a34cfb89b93de888eb607ea84d8a211c4d2e29,1dpu_t8,1,0,30,b9d24be6bd2dc8163c8e1448d894ed9757ddef9080d72c2c49b0a5b755963acc,b909501b-bc94-40d3-8a21-1ad20dab9ad1,424886cb45ecf2f43b304da76c7333b4720fb882066e04025593821f1eba1e04,8b6ebfbd-1c06-4fb1-b4bf-4d072212375d,68bde98e0696765cd5def2f8b41b686c6a2ffcb0,68bde98e0696765cd5def2f8b41b686c6a2ffcb0,d452106e697890439cfc94fdabfb6a80fb0fccc2,5269bfea2a1777b041e10edf9618ba613d44021ce89b3ff0d95093a81c095b65,ae9ef515059d52d7d85bbddc07c49cabd745c0f6e8e6aea4ffb9ca2d19553eb9,e6326a5da55f304b3234ce37519f34799d0f61696dfc2f64c315515bb2220775,d420d48630c4027c823141769690f9af747c700b7e4db288452d78e6c09bc1bd,c836878783242695028b9f3fdedf8ed9915a569f97c854f2a6f292e2de42d715,a0a1c54c57915bb75637bbcb85e2806bc25879d0f9d794983c4d258eb2b339c6,56dfa726e07260290a8d9bd5f9553bedef06c396ca7a2a1c14537ab134f1b661,42ef48b05a6df873c8625f632e53ce4fe584cf13f038f1c9ee6965bc3e739f7f,e7ea19cb04a7f80155352d849e3d8316e00f9ad70d1d12c4e534bd360491cd32,success,passed,false,1.2101617041793133e-08,1.7114270947149228e-08,1.7114270889351246e-08,1.2101617041793133e-08,True,True,steady_execution_v1,1.2706365829981223,0.15524218999780715,0.0050446370005374774,1.430923409996467,0.5894213620000001,0.05515260899999998,0.118689415,136800,4288128,0.011815272991952952,,,,,,,0.1002831560181221,1.2123792589991353,0.05893758299498586,0.02179963498201687,0.0034345870080869645,0.0028617930111067835,0.00118976999874576,0.0,0.00046635597391286865,,,,,,1,1,1,8,1,1,physical_hardware,packed_operation_v1,True,True,True,True,True,False,False,True,True,True,0.9964836626707722,1.0,1.0,40,40,"[[0,0]]",[0],"[""/dev/dpu_rank1""]"
training,measurement,edc_18q:1dpu_t8,edc_18q,1dpu_t8,09eba679eeaacde57b3d14e532a34cfb89b93de888eb607ea84d8a211c4d2e29,path_09eba679eeaacde57b3d14e532a34cfb89b93de888eb607ea84d8a211c4d2e29,1dpu_t8,2,1,4,4c599c236ad193b1077d6c8878e666b46de3aa811604f40fe7d27dfdf365b958,6c07fd6f-089b-4874-8a2e-00e41c029f11,424886cb45ecf2f43b304da76c7333b4720fb882066e04025593821f1eba1e04,8b6ebfbd-1c06-4fb1-b4bf-4d072212375d,68bde98e0696765cd5def2f8b41b686c6a2ffcb0,68bde98e0696765cd5def2f8b41b686c6a2ffcb0,d452106e697890439cfc94fdabfb6a80fb0fccc2,5269bfea2a1777b041e10edf9618ba613d44021ce89b3ff0d95093a81c095b65,ae9ef515059d52d7d85bbddc07c49cabd745c0f6e8e6aea4ffb9ca2d19553eb9,e6326a5da55f304b3234ce37519f34799d0f61696dfc2f64c315515bb2220775,d420d48630c4027c823141769690f9af747c700b7e4db288452d78e6c09bc1bd,c836878783242695028b9f3fdedf8ed9915a569f97c854f2a6f292e2de42d715,a0a1c54c57915bb75637bbcb85e2806bc25879d0f9d794983c4d258eb2b339c6,56dfa726e07260290a8d9bd5f9553bedef06c396ca7a2a1c14537ab134f1b661,42ef48b05a6df873c8625f632e53ce4fe584cf13f038f1c9ee6965bc3e739f7f,e7ea19cb04a7f80155352d849e3d8316e00f9ad70d1d12c4e534bd360491cd32,success,passed,false,1.2101617041793133e-08,1.7114270947149228e-08,1.7114270889351246e-08,1.2101617041793133e-08,True,True,steady_execution_v1,1.2939282229999662,0.15748071899724891,0.006462600998929702,1.4578715429961449,0.587572143,0.057030014999999996,0.12324044,136800,4288128,0.012488686988945119,,,,,,,0.10573858598218067,1.232467023000936,0.06275000598543556,0.02329867497610394,0.0037107399984961376,0.0030052749898459297,0.0014395669822988566,0.0,0.0004920030078210402,,,,,,1,1,1,8,1,1,physical_hardware,packed_operation_v1,True,True,True,True,True,False,False,True,True,True,0.9964836626707722,1.0,1.0,40,40,"[[0,0]]",[0],"[""/dev/dpu_rank1""]"
training,measurement,edc_18q:1dpu_t8,edc_18q,1dpu_t8,09eba679eeaacde57b3d14e532a34cfb89b93de888eb607ea84d8a211c4d2e29,path_09eba679eeaacde57b3d14e532a34cfb89b93de888eb607ea84d8a211c4d2e29,1dpu_t8,3,2,0,1a2c436c66d80edb802578a9a7c81dd5b47f8e35adc05f92c6f021c2f0374b74,70f62fe4-8b28-4646-969b-d3a206191c33,424886cb45ecf2f43b304da76c7333b4720fb882066e04025593821f1eba1e04,8b6ebfbd-1c06-4fb1-b4bf-4d072212375d,68bde98e0696765cd5def2f8b41b686c6a2ffcb0,68bde98e0696765cd5def2f8b41b686c6a2ffcb0,d452106e697890439cfc94fdabfb6a80fb0fccc2,5269bfea2a1777b041e10edf9618ba613d44021ce89b3ff0d95093a81c095b65,ae9ef515059d52d7d85bbddc07c49cabd745c0f6e8e6aea4ffb9ca2d19553eb9,e6326a5da55f304b3234ce37519f34799d0f61696dfc2f64c315515bb2220775,d420d48630c4027c823141769690f9af747c700b7e4db288452d78e6c09bc1bd,c836878783242695028b9f3fdedf8ed9915a569f97c854f2a6f292e2de42d715,a0a1c54c57915bb75637bbcb85e2806bc25879d0f9d794983c4d258eb2b339c6,56dfa726e07260290a8d9bd5f9553bedef06c396ca7a2a1c14537ab134f1b661,42ef48b05a6df873c8625f632e53ce4fe584cf13f038f1c9ee6965bc3e739f7f,e7ea19cb04a7f80155352d849e3d8316e00f9ad70d1d12c4e534bd360491cd32,success,passed,false,1.2101617041793133e-08,1.7114270947149228e-08,1.7114270889351246e-08,1.2101617041793133e-08,True,True,steady_execution_v1,1.295263519998116,0.16360138400341384,0.00565140400067321,1.464516308002203,0.5885709729999999,0.056388064,0.120188372,136800,4288128,0.012516953000158537,,,,,,,0.10570703698249417,1.2351189080218319,0.06204619000709499,0.02300736504548695,0.0036225039839337114,0.003035579022252932,0.001243546012119623,0.0,0.0004913040284009185,,,,,,1,1,1,8,1,1,physical_hardware,packed_operation_v1,True,True,True,True,True,False,False,True,True,True,0.9964836626707722,1.0,1.0,40,40,"[[0,0]]",[0],"[""/dev/dpu_rank1""]"
training,warmup,edc_18q:1dpu_t8,edc_18q,1dpu_t8,35308513a5e2881780ad0f4c9f36ff58b8f7e9e1ac95b1c3b567dbad46fa26bd,path_35308513a5e2881780ad0f4c9f36ff58b8f7e9e1ac95b1c3b567dbad46fa26bd,1dpu_t8,0,0,22,d0b05fbe0d53701abd807ed0b604015a2124940bcc18bc132f3f7b4e173758f3,5a6c3ae4-eeba-459b-a99e-cbcde8e87801,424886cb45ecf2f43b304da76c7333b4720fb882066e04025593821f1eba1e04,8b6ebfbd-1c06-4fb1-b4bf-4d072212375d,68bde98e0696765cd5def2f8b41b686c6a2ffcb0,68bde98e0696765cd5def2f8b41b686c6a2ffcb0,d452106e697890439cfc94fdabfb6a80fb0fccc2,5269bfea2a1777b041e10edf9618ba613d44021ce89b3ff0d95093a81c095b65,ae9ef515059d52d7d85bbddc07c49cabd745c0f6e8e6aea4ffb9ca2d19553eb9,e6326a5da55f304b3234ce37519f34799d0f61696dfc2f64c315515bb2220775,d420d48630c4027c823141769690f9af747c700b7e4db288452d78e6c09bc1bd,e6f79e638202cb8583ec9640176776fa6dc3ddfb1df661e925a5b064029c8652,9e422ab1f557e5274c8c5a288310b2a401518de6465f7bef63b547dfa34c645a,56dfa726e07260290a8d9bd5f9553bedef06c396ca7a2a1c14537ab134f1b661,42ef48b05a6df873c8625f632e53ce4fe584cf13f038f1c9ee6965bc3e739f7f,e7ea19cb04a7f80155352d849e3d8316e00f9ad70d1d12c4e534bd360491cd32,success,passed,false,1.2101617041793133e-08,1.7114270947149228e-08,1.7114270889351246e-08,1.2101617041793133e-08,True,True,steady_execution_v1,1.7562224240027717,0.4562625239996123,0.006798695001634769,2.219283643004019,0.7407405009999999,0.088785087,0.15335580999999998,380864,4532096,0.014935665007214993,,,,,,,0.16571448501417763,1.6886749209879781,0.11256823805888416,0.043084499055112246,0.006373145995894447,0.005303871013893513,0.002915959008532809,0.0,0.0009018080054374877,,,,,,1,1,1,8,1,1,physical_hardware,packed_operation_v1,True,True,True,True,True,False,False,True,True,True,0.9782850227871034,1.0,1.0,64,64,"[[0,0]]",[0],"[""/dev/dpu_rank1""]"
training,measurement,edc_18q:1dpu_t8,edc_18q,1dpu_t8,35308513a5e2881780ad0f4c9f36ff58b8f7e9e1ac95b1c3b567dbad46fa26bd,path_35308513a5e2881780ad0f4c9f36ff58b8f7e9e1ac95b1c3b567dbad46fa26bd,1dpu_t8,1,0,3,8bd7360314c727b572b66c4bc1e9f245f4d2cc6c991669fcee33ff5f532e1f55,95ed3e1d-4eaa-4526-9417-011b7a1fd12d,424886cb45ecf2f43b304da76c7333b4720fb882066e04025593821f1eba1e04,8b6ebfbd-1c06-4fb1-b4bf-4d072212375d,68bde98e0696765cd5def2f8b41b686c6a2ffcb0,68bde98e0696765cd5def2f8b41b686c6a2ffcb0,d452106e697890439cfc94fdabfb6a80fb0fccc2,5269bfea2a1777b041e10edf9618ba613d44021ce89b3ff0d95093a81c095b65,ae9ef515059d52d7d85bbddc07c49cabd745c0f6e8e6aea4ffb9ca2d19553eb9,e6326a5da55f304b3234ce37519f34799d0f61696dfc2f64c315515bb2220775,d420d48630c4027c823141769690f9af747c700b7e4db288452d78e6c09bc1bd,e6f79e638202cb8583ec9640176776fa6dc3ddfb1df661e925a5b064029c8652,9e422ab1f557e5274c8c5a288310b2a401518de6465f7bef63b547dfa34c645a,56dfa726e07260290a8d9bd5f9553bedef06c396ca7a2a1c14537ab134f1b661,42ef48b05a6df873c8625f632e53ce4fe584cf13f038f1c9ee6965bc3e739f7f,e7ea19cb04a7f80155352d849e3d8316e00f9ad70d1d12c4e534bd360491cd32,success,passed,false,1.2101617041793133e-08,1.7114270947149228e-08,1.7114270889351246e-08,1.2101617041793133e-08,True,True,steady_execution_v1,1.7616867100005038,0.44250915500015253,0.009274920001189457,2.213470785001846,0.7410761320000001,0.089513504,0.15435411100000002,380864,4532096,0.014653957994596567,,,,,,,0.16491617399515235,1.6937867130000086,0.11183922196505591,0.04212939197168453,0.006353635995765217,0.0052909469850419555,0.002924209005868761,0.0,0.0008983269726741128,,,,,,1,1,1,8,1,1,physical_hardware,packed_operation_v1,True,True,True,True,True,False,False,True,True,True,0.9782850227871034,1.0,1.0,64,64,"[[0,0]]",[0],"[""/dev/dpu_rank1""]"
training,measurement,edc_18q:1dpu_t8,edc_18q,1dpu_t8,35308513a5e2881780ad0f4c9f36ff58b8f7e9e1ac95b1c3b567dbad46fa26bd,path_35308513a5e2881780ad0f4c9f36ff58b8f7e9e1ac95b1c3b567dbad46fa26bd,1dpu_t8,2,1,33,4a4392ed89a79bdd704b971f3c9ddd12e02eb75c043bb0f133e52fcc2eef9b1c,b64455ef-eae7-412d-a8fc-3e75ab6bfe97,424886cb45ecf2f43b304da76c7333b4720fb882066e04025593821f1eba1e04,8b6ebfbd-1c06-4fb1-b4bf-4d072212375d,68bde98e0696765cd5def2f8b41b686c6a2ffcb0,68bde98e0696765cd5def2f8b41b686c6a2ffcb0,d452106e697890439cfc94fdabfb6a80fb0fccc2,5269bfea2a1777b041e10edf9618ba613d44021ce89b3ff0d95093a81c095b65,ae9ef515059d52d7d85bbddc07c49cabd745c0f6e8e6aea4ffb9ca2d19553eb9,e6326a5da55f304b3234ce37519f34799d0f61696dfc2f64c315515bb2220775,d420d48630c4027c823141769690f9af747c700b7e4db288452d78e6c09bc1bd,e6f79e638202cb8583ec9640176776fa6dc3ddfb1df661e925a5b064029c8652,9e422ab1f557e5274c8c5a288310b2a401518de6465f7bef63b547dfa34c645a,56dfa726e07260290a8d9bd5f9553bedef06c396ca7a2a1c14537ab134f1b661,42ef48b05a6df873c8625f632e53ce4fe584cf13f038f1c9ee6965bc3e739f7f,e7ea19cb04a7f80155352d849e3d8316e00f9ad70d1d12c4e534bd360491cd32,success,passed,false,1.2101617041793133e-08,1.7114270947149228e-08,1.7114270889351246e-08,1.2101617041793133e-08,True,True,steady_execution_v1,1.7727015199998277,0.43816341500132694,0.005979967998428037,2.2168449029995827,0.7417464010000001,0.08906434899999999,0.154489816,380864,4532096,0.015358452998043504,,,,,,,0.16799767700285884,1.7044712329916365,0.11303988098734408,0.042530278929916676,0.006443846021284116,0.005317882962117437,0.0029656419792445377,0.0,0.0009114539934671484,,,,,,1,1,1,8,1,1,physical_hardware,packed_operation_v1,True,True,True,True,True,False,False,True,True,True,0.9782850227871034,1.0,1.0,64,64,"[[0,0]]",[0],"[""/dev/dpu_rank1""]"
training,measurement,edc_18q:1dpu_t8,edc_18q,1dpu_t8,35308513a5e2881780ad0f4c9f36ff58b8f7e9e1ac95b1c3b567dbad46fa26bd,path_35308513a5e2881780ad0f4c9f36ff58b8f7e9e1ac95b1c3b567dbad46fa26bd,1dpu_t8,3,2,42,40766196885f3c17a3ab598584a423df450e86b3636c53445312709f9f5cf4e8,88d01f11-91af-48ac-ba68-283fd681c8fb,424886cb45ecf2f43b304da76c7333b4720fb882066e04025593821f1eba1e04,8b6ebfbd-1c06-4fb1-b4bf-4d072212375d,68bde98e0696765cd5def2f8b41b686c6a2ffcb0,68bde98e0696765cd5def2f8b41b686c6a2ffcb0,d452106e697890439cfc94fdabfb6a80fb0fccc2,5269bfea2a1777b041e10edf9618ba613d44021ce89b3ff0d95093a81c095b65,ae9ef515059d52d7d85bbddc07c49cabd745c0f6e8e6aea4ffb9ca2d19553eb9,e6326a5da55f304b3234ce37519f34799d0f61696dfc2f64c315515bb2220775,d420d48630c4027c823141769690f9af747c700b7e4db288452d78e6c09bc1bd,e6f79e638202cb8583ec9640176776fa6dc3ddfb1df661e925a5b064029c8652,9e422ab1f557e5274c8c5a288310b2a401518de6465f7bef63b547dfa34c645a,56dfa726e07260290a8d9bd5f9553bedef06c396ca7a2a1c14537ab134f1b661,42ef48b05a6df873c8625f632e53ce4fe584cf13f038f1c9ee6965bc3e739f7f,e7ea19cb04a7f80155352d849e3d8316e00f9ad70d1d12c4e534bd360491cd32,success,passed,false,1.2101617041793133e-08,1.7114270947149228e-08,1.7114270889351246e-08,1.2101617041793133e-08,True,True,steady_execution_v1,1.7499405020025733,0.44268226100030006,0.005663361000188161,2.1982861240030616,0.739573221,0.088386703,0.152669122,380864,4532096,0.01517900800172356,,,,,,,0.16393996202532435,1.6823734099998546,0.11101474096722086,0.04183494499011431,0.006355054047162412,0.00532789999851957,0.0029065730268484913,0.0,0.0008860919806465972,,,,,,1,1,1,8,1,1,physical_hardware,packed_operation_v1,True,True,True,True,True,False,False,True,True,True,0.9782850227871034,1.0,1.0,64,64,"[[0,0]]",[0],"[""/dev/dpu_rank1""]"
training,warmup,edc_18q:1dpu_t8,edc_18q,1dpu_t8,8e7637420b811e01ff5b5f6a53cc2a05e9c066f7de21cf7a9b24566ed936594c,path_8e7637420b811e01ff5b5f6a53cc2a05e9c066f7de21cf7a9b24566ed936594c,1dpu_t8,0,0,7,d5a727c8d37358918fbba46752debc3ef57c8d92b658ec876544099e695f0938,0d06d3c5-05ca-4ef4-a7fc-39d546f9ecbe,424886cb45ecf2f43b304da76c7333b4720fb882066e04025593821f1eba1e04,8b6ebfbd-1c06-4fb1-b4bf-4d072212375d,68bde98e0696765cd5def2f8b41b686c6a2ffcb0,68bde98e0696765cd5def2f8b41b686c6a2ffcb0,d452106e697890439cfc94fdabfb6a80fb0fccc2,5269bfea2a1777b041e10edf9618ba613d44021ce89b3ff0d95093a81c095b65,ae9ef515059d52d7d85bbddc07c49cabd745c0f6e8e6aea4ffb9ca2d19553eb9,e6326a5da55f304b3234ce37519f34799d0f61696dfc2f64c315515bb2220775,d420d48630c4027c823141769690f9af747c700b7e4db288452d78e6c09bc1bd,a2c955fe3a61a768dac1274db6b3e48d6709df6b0d5851d3467de9974ca2a004,23c8069d1a6aff11333d4bb77398b782cbf8f343642c1a725a0d019af3bce5b7,56dfa726e07260290a8d9bd5f9553bedef06c396ca7a2a1c14537ab134f1b661,42ef48b05a6df873c8625f632e53ce4fe584cf13f038f1c9ee6965bc3e739f7f,e7ea19cb04a7f80155352d849e3d8316e00f9ad70d1d12c4e534bd360491cd32,success,passed,false,1.2101617041793133e-08,1.7114270947149228e-08,1.7114270889351246e-08,1.2101617041793133e-08,True,True,steady_execution_v1,1.6307902660009859,0.09940208600164624,0.006367048001266085,1.7365594000038982,0.6405052010000001,0.094550079,0.15749270199999998,349408,4497184,0.01494281799386954,,,,,,,0.14067755100040813,1.568397470007767,0.09318729197548237,0.03465601192510803,0.005049614053859841,0.004332479977165349,0.002105248004227178,0.0,0.0007568139662907925,,,,,,1,1,1,8,1,1,physical_hardware,packed_operation_v1,True,True,True,True,True,False,False,True,True,True,0.9992858263728895,1.0,1.0,68,68,"[[0,0]]",[0],"[""/dev/dpu_rank1""]"
training,measurement,edc_18q:1dpu_t8,edc_18q,1dpu_t8,8e7637420b811e01ff5b5f6a53cc2a05e9c066f7de21cf7a9b24566ed936594c,path_8e7637420b811e01ff5b5f6a53cc2a05e9c066f7de21cf7a9b24566ed936594c,1dpu_t8,1,0,14,12d5a2eab16466aefb349cae97fc0abb8ac83f7a4ec0feedaa9ffc7620268839,4c320095-dd10-41a1-911c-110484e67bdc,424886cb45ecf2f43b304da76c7333b4720fb882066e04025593821f1eba1e04,8b6ebfbd-1c06-4fb1-b4bf-4d072212375d,68bde98e0696765cd5def2f8b41b686c6a2ffcb0,68bde98e0696765cd5def2f8b41b686c6a2ffcb0,d452106e697890439cfc94fdabfb6a80fb0fccc2,5269bfea2a1777b041e10edf9618ba613d44021ce89b3ff0d95093a81c095b65,ae9ef515059d52d7d85bbddc07c49cabd745c0f6e8e6aea4ffb9ca2d19553eb9,e6326a5da55f304b3234ce37519f34799d0f61696dfc2f64c315515bb2220775,d420d48630c4027c823141769690f9af747c700b7e4db288452d78e6c09bc1bd,a2c955fe3a61a768dac1274db6b3e48d6709df6b0d5851d3467de9974ca2a004,23c8069d1a6aff11333d4bb77398b782cbf8f343642c1a725a0d019af3bce5b7,56dfa726e07260290a8d9bd5f9553bedef06c396ca7a2a1c14537ab134f1b661,42ef48b05a6df873c8625f632e53ce4fe584cf13f038f1c9ee6965bc3e739f7f,e7ea19cb04a7f80155352d849e3d8316e00f9ad70d1d12c4e534bd360491cd32,success,passed,false,1.2101617041793133e-08,1.7114270947149228e-08,1.7114270889351246e-08,1.2101617041793133e-08,True,True,steady_execution_v1,1.6161688229985884,0.10741309999866644,0.006560711000929587,1.7301426339981845,0.641695681,0.09498304099999999,0.15779908399999998,349408,4497184,0.014360586985276313,,,,,,,0.13712735301669454,1.5571868519728014,0.0913977529744443,0.034550026950455504,0.00486422304311418,0.004193273955024779,0.0020519639656413347,0.0,0.0007307859996217303,,,,,,1,1,1,8,1,1,physical_hardware,packed_operation_v1,True,True,True,True,True,False,False,True,True,True,0.9992858263728895,1.0,1.0,68,68,"[[0,0]]",[0],"[""/dev/dpu_rank1""]"
training,measurement,edc_18q:1dpu_t8,edc_18q,1dpu_t8,8e7637420b811e01ff5b5f6a53cc2a05e9c066f7de21cf7a9b24566ed936594c,path_8e7637420b811e01ff5b5f6a53cc2a05e9c066f7de21cf7a9b24566ed936594c,1dpu_t8,2,1,17,11ffff3f53d7dc9f3e41032d31749463a4e2037ff36be6deab9c3d0cf72ebad8,5992f232-902c-4d2e-8624-d6930d0b65ae,424886cb45ecf2f43b304da76c7333b4720fb882066e04025593821f1eba1e04,8b6ebfbd-1c06-4fb1-b4bf-4d072212375d,68bde98e0696765cd5def2f8b41b686c6a2ffcb0,68bde98e0696765cd5def2f8b41b686c6a2ffcb0,d452106e697890439cfc94fdabfb6a80fb0fccc2,5269bfea2a1777b041e10edf9618ba613d44021ce89b3ff0d95093a81c095b65,ae9ef515059d52d7d85bbddc07c49cabd745c0f6e8e6aea4ffb9ca2d19553eb9,e6326a5da55f304b3234ce37519f34799d0f61696dfc2f64c315515bb2220775,d420d48630c4027c823141769690f9af747c700b7e4db288452d78e6c09bc1bd,a2c955fe3a61a768dac1274db6b3e48d6709df6b0d5851d3467de9974ca2a004,23c8069d1a6aff11333d4bb77398b782cbf8f343642c1a725a0d019af3bce5b7,56dfa726e07260290a8d9bd5f9553bedef06c396ca7a2a1c14537ab134f1b661,42ef48b05a6df873c8625f632e53ce4fe584cf13f038f1c9ee6965bc3e739f7f,e7ea19cb04a7f80155352d849e3d8316e00f9ad70d1d12c4e534bd360491cd32,success,passed,false,1.2101617041793133e-08,1.7114270947149228e-08,1.7114270889351246e-08,1.2101617041793133e-08,True,True,steady_execution_v1,1.6251100310000766,0.09824569900229108,0.005721846002415987,1.7290775760047836,0.6398658450000001,0.094833739,0.158206108,349408,4497184,0.014447386995016132,,,,,,,0.13906743096958962,1.565586898010224,0.09335750203536008,0.034874418983235955,0.004990863009879831,0.004366418012068607,0.0021811500009789597,0.0,0.0007562249957118183,,,,,,1,1,1,8,1,1,physical_hardware,packed_operation_v1,True,True,True,True,True,False,False,True,True,True,0.9992858263728895,1.0,1.0,68,68,"[[0,0]]",[0],"[""/dev/dpu_rank1""]"
training,measurement,edc_18q:1dpu_t8,edc_18q,1dpu_t8,8e7637420b811e01ff5b5f6a53cc2a05e9c066f7de21cf7a9b24566ed936594c,path_8e7637420b811e01ff5b5f6a53cc2a05e9c066f7de21cf7a9b24566ed936594c,1dpu_t8,3,2,16,04042431564af326da068911637a6720d297e853c9bb692d9974d2e84f7285bd,9511fbce-c22c-4f6c-8d13-b9149891e99b,424886cb45ecf2f43b304da76c7333b4720fb882066e04025593821f1eba1e04,8b6ebfbd-1c06-4fb1-b4bf-4d072212375d,68bde98e0696765cd5def2f8b41b686c6a2ffcb0,68bde98e0696765cd5def2f8b41b686c6a2ffcb0,d452106e697890439cfc94fdabfb6a80fb0fccc2,5269bfea2a1777b041e10edf9618ba613d44021ce89b3ff0d95093a81c095b65,ae9ef515059d52d7d85bbddc07c49cabd745c0f6e8e6aea4ffb9ca2d19553eb9,e6326a5da55f304b3234ce37519f34799d0f61696dfc2f64c315515bb2220775,d420d48630c4027c823141769690f9af747c700b7e4db288452d78e6c09bc1bd,a2c955fe3a61a768dac1274db6b3e48d6709df6b0d5851d3467de9974ca2a004,23c8069d1a6aff11333d4bb77398b782cbf8f343642c1a725a0d019af3bce5b7,56dfa726e07260290a8d9bd5f9553bedef06c396ca7a2a1c14537ab134f1b661,42ef48b05a6df873c8625f632e53ce4fe584cf13f038f1c9ee6965bc3e739f7f,e7ea19cb04a7f80155352d849e3d8316e00f9ad70d1d12c4e534bd360491cd32,success,passed,false,1.2101617041793133e-08,1.7114270947149228e-08,1.7114270889351246e-08,1.2101617041793133e-08,True,True,steady_execution_v1,1.6168417129993031,0.1046103150001727,0.007311522000236437,1.7287635499997123,0.642364205,0.09434598900000002,0.1551369,349408,4497184,0.01453491599750123,,,,,,,0.13796161902791937,1.5563059539999813,0.09133077499063802,0.03429292401051498,0.0049535009638930205,0.00425164799526101,0.002088117031235015,0.0,0.0007410909965983592,,,,,,1,1,1,8,1,1,physical_hardware,packed_operation_v1,True,True,True,True,True,False,False,True,True,True,0.9992858263728895,1.0,1.0,68,68,"[[0,0]]",[0],"[""/dev/dpu_rank1""]"
training,warmup,edc_18q:1dpu_t8,edc_18q,1dpu_t8,b0785992b23ca97113b8ab448921ffe2b5e832f50994281719e731d54a839f9a,path_b0785992b23ca97113b8ab448921ffe2b5e832f50994281719e731d54a839f9a,1dpu_t8,0,0,46,321f6a56248a31085a6b21893f11c4d531ef9e3566dae4aa557fb02b2c82a298,bc75358f-b6a3-45f5-9245-76be5aba1eda,424886cb45ecf2f43b304da76c7333b4720fb882066e04025593821f1eba1e04,8b6ebfbd-1c06-4fb1-b4bf-4d072212375d,68bde98e0696765cd5def2f8b41b686c6a2ffcb0,68bde98e0696765cd5def2f8b41b686c6a2ffcb0,d452106e697890439cfc94fdabfb6a80fb0fccc2,5269bfea2a1777b041e10edf9618ba613d44021ce89b3ff0d95093a81c095b65,ae9ef515059d52d7d85bbddc07c49cabd745c0f6e8e6aea4ffb9ca2d19553eb9,e6326a5da55f304b3234ce37519f34799d0f61696dfc2f64c315515bb2220775,d420d48630c4027c823141769690f9af747c700b7e4db288452d78e6c09bc1bd,7aa3ee4feb85f18bddb28fb0f5997e70f4fa267625746d1fedd783e0d356e1d5,b3d150949c265226194d2348856b4e4121e558f942c09cff7c735dad054be8e7,56dfa726e07260290a8d9bd5f9553bedef06c396ca7a2a1c14537ab134f1b661,42ef48b05a6df873c8625f632e53ce4fe584cf13f038f1c9ee6965bc3e739f7f,e7ea19cb04a7f80155352d849e3d8316e00f9ad70d1d12c4e534bd360491cd32,success,passed,false,1.2101617041793133e-08,1.7114270947149228e-08,1.7114270889351246e-08,1.2101617041793133e-08,True,True,steady_execution_v1,6.017306543999439,0.12788040099985665,0.014702535001561046,6.159889480000857,1.9959735130000005,0.5957398490000001,0.6110786069999999,2965856,7054112,0.02202323100209469,,,,,,,0.5719051779742585,5.911891800013109,0.4252033820012002,0.1628820950827503,0.02477000699218479,0.01966593500037561,0.01252405799459666,0.0,0.0035072380342171527,,,,,,1,1,1,8,1,1,physical_hardware,packed_operation_v1,True,True,True,True,True,False,False,True,True,True,0.6997137216866974,1.0,1.0,372,372,"[[0,0]]",[0],"[""/dev/dpu_rank1""]"
training,measurement,edc_18q:1dpu_t8,edc_18q,1dpu_t8,b0785992b23ca97113b8ab448921ffe2b5e832f50994281719e731d54a839f9a,path_b0785992b23ca97113b8ab448921ffe2b5e832f50994281719e731d54a839f9a,1dpu_t8,1,0,44,baaeb8a93087dc26725921a3d04e4d252c484a902f5108ef61f0f56f8212e507,73d0af95-a2bd-47a4-afb4-fe5898104484,424886cb45ecf2f43b304da76c7333b4720fb882066e04025593821f1eba1e04,8b6ebfbd-1c06-4fb1-b4bf-4d072212375d,68bde98e0696765cd5def2f8b41b686c6a2ffcb0,68bde98e0696765cd5def2f8b41b686c6a2ffcb0,d452106e697890439cfc94fdabfb6a80fb0fccc2,5269bfea2a1777b041e10edf9618ba613d44021ce89b3ff0d95093a81c095b65,ae9ef515059d52d7d85bbddc07c49cabd745c0f6e8e6aea4ffb9ca2d19553eb9,e6326a5da55f304b3234ce37519f34799d0f61696dfc2f64c315515bb2220775,d420d48630c4027c823141769690f9af747c700b7e4db288452d78e6c09bc1bd,7aa3ee4feb85f18bddb28fb0f5997e70f4fa267625746d1fedd783e0d356e1d5,b3d150949c265226194d2348856b4e4121e558f942c09cff7c735dad054be8e7,56dfa726e07260290a8d9bd5f9553bedef06c396ca7a2a1c14537ab134f1b661,42ef48b05a6df873c8625f632e53ce4fe584cf13f038f1c9ee6965bc3e739f7f,e7ea19cb04a7f80155352d849e3d8316e00f9ad70d1d12c4e534bd360491cd32,success,passed,false,1.2101617041793133e-08,1.7114270947149228e-08,1.7114270889351246e-08,1.2101617041793133e-08,True,True,steady_execution_v1,5.911973761001718,0.12885241800177027,0.01271484799872269,6.053541027002211,2.000216623,0.5753191150000002,0.5575378570000001,2965856,7054112,0.022082902993133757,,,,,,,0.5363025479819044,5.807704846018169,0.4217835090494191,0.16069185090600513,0.024538051005947636,0.019512435923388693,0.012493030932091642,0.0,0.00350419913593214,,,,,,1,1,1,8,1,1,physical_hardware,packed_operation_v1,True,True,True,True,True,False,False,True,True,True,0.6997137216866974,1.0,1.0,372,372,"[[0,0]]",[0],"[""/dev/dpu_rank1""]"
training,measurement,edc_18q:1dpu_t8,edc_18q,1dpu_t8,b0785992b23ca97113b8ab448921ffe2b5e832f50994281719e731d54a839f9a,path_b0785992b23ca97113b8ab448921ffe2b5e832f50994281719e731d54a839f9a,1dpu_t8,2,1,10,38a7da926f667f70716f17ac29243ea0c357e4687aeaa449cace022be5455399,a54de0d6-8d4e-48d0-a733-29075e720fbe,424886cb45ecf2f43b304da76c7333b4720fb882066e04025593821f1eba1e04,8b6ebfbd-1c06-4fb1-b4bf-4d072212375d,68bde98e0696765cd5def2f8b41b686c6a2ffcb0,68bde98e0696765cd5def2f8b41b686c6a2ffcb0,d452106e697890439cfc94fdabfb6a80fb0fccc2,5269bfea2a1777b041e10edf9618ba613d44021ce89b3ff0d95093a81c095b65,ae9ef515059d52d7d85bbddc07c49cabd745c0f6e8e6aea4ffb9ca2d19553eb9,e6326a5da55f304b3234ce37519f34799d0f61696dfc2f64c315515bb2220775,d420d48630c4027c823141769690f9af747c700b7e4db288452d78e6c09bc1bd,7aa3ee4feb85f18bddb28fb0f5997e70f4fa267625746d1fedd783e0d356e1d5,b3d150949c265226194d2348856b4e4121e558f942c09cff7c735dad054be8e7,56dfa726e07260290a8d9bd5f9553bedef06c396ca7a2a1c14537ab134f1b661,42ef48b05a6df873c8625f632e53ce4fe584cf13f038f1c9ee6965bc3e739f7f,e7ea19cb04a7f80155352d849e3d8316e00f9ad70d1d12c4e534bd360491cd32,success,passed,false,1.2101617041793133e-08,1.7114270947149228e-08,1.7114270889351246e-08,1.2101617041793133e-08,True,True,steady_execution_v1,5.963621458002308,0.12607270300213713,0.011783488000219222,6.101477649004664,1.9945784339999997,0.581761,0.5975797350000001,2965856,7054112,0.02214906500739744,,,,,,,0.5340159559818858,5.858719132022088,0.4188048000251001,0.15927868796279654,0.024049625975749223,0.019405622038902948,0.012428203925082926,0.0,0.0035189859372621868,,,,,,1,1,1,8,1,1,physical_hardware,packed_operation_v1,True,True,True,True,True,False,False,True,True,True,0.6997137216866974,1.0,1.0,372,372,"[[0,0]]",[0],"[""/dev/dpu_rank1""]"
training,measurement,edc_18q:1dpu_t8,edc_18q,1dpu_t8,b0785992b23ca97113b8ab448921ffe2b5e832f50994281719e731d54a839f9a,path_b0785992b23ca97113b8ab448921ffe2b5e832f50994281719e731d54a839f9a,1dpu_t8,3,2,5,ed0e3bb10bb0eedac8fdcfdeddaa6e2151f23247165d6ab1b0b4294af3872577,c7f70741-a2d0-4ef6-8d56-c53021d55df6,424886cb45ecf2f43b304da76c7333b4720fb882066e04025593821f1eba1e04,8b6ebfbd-1c06-4fb1-b4bf-4d072212375d,68bde98e0696765cd5def2f8b41b686c6a2ffcb0,68bde98e0696765cd5def2f8b41b686c6a2ffcb0,d452106e697890439cfc94fdabfb6a80fb0fccc2,5269bfea2a1777b041e10edf9618ba613d44021ce89b3ff0d95093a81c095b65,ae9ef515059d52d7d85bbddc07c49cabd745c0f6e8e6aea4ffb9ca2d19553eb9,e6326a5da55f304b3234ce37519f34799d0f61696dfc2f64c315515bb2220775,d420d48630c4027c823141769690f9af747c700b7e4db288452d78e6c09bc1bd,7aa3ee4feb85f18bddb28fb0f5997e70f4fa267625746d1fedd783e0d356e1d5,b3d150949c265226194d2348856b4e4121e558f942c09cff7c735dad054be8e7,56dfa726e07260290a8d9bd5f9553bedef06c396ca7a2a1c14537ab134f1b661,42ef48b05a6df873c8625f632e53ce4fe584cf13f038f1c9ee6965bc3e739f7f,e7ea19cb04a7f80155352d849e3d8316e00f9ad70d1d12c4e534bd360491cd32,success,passed,false,1.2101617041793133e-08,1.7114270947149228e-08,1.7114270889351246e-08,1.2101617041793133e-08,True,True,steady_execution_v1,6.126297951999732,0.11596088499936741,0.012116554000385804,6.254375390999485,2.016232412,0.618615833,0.593868708,2965856,7054112,0.02421040699846344,,,,,,,0.5446320319788356,6.017701230983221,0.4280251910313382,0.16348677190035232,0.024655977053043898,0.019757217974984087,0.01259736695283209,0.0,0.003565785998944193,,,,,,1,1,1,8,1,1,physical_hardware,packed_operation_v1,True,True,True,True,True,False,False,True,True,True,0.6997137216866974,1.0,1.0,372,372,"[[0,0]]",[0],"[""/dev/dpu_rank1""]"
training,warmup,edc_18q:1dpu_t8,edc_18q,1dpu_t8,cf23b184355b080f3bead1d9d754a3c2c295746793109413aedfff30da27b94e,path_cf23b184355b080f3bead1d9d754a3c2c295746793109413aedfff30da27b94e,1dpu_t8,0,0,26,878d4c6425b5e188b91de8c1ac4af0eb496615c942d34f11bda98aebf20801e2,9343dfc3-c17e-4bfb-b741-e695c1a72bc5,424886cb45ecf2f43b304da76c7333b4720fb882066e04025593821f1eba1e04,8b6ebfbd-1c06-4fb1-b4bf-4d072212375d,68bde98e0696765cd5def2f8b41b686c6a2ffcb0,68bde98e0696765cd5def2f8b41b686c6a2ffcb0,d452106e697890439cfc94fdabfb6a80fb0fccc2,5269bfea2a1777b041e10edf9618ba613d44021ce89b3ff0d95093a81c095b65,ae9ef515059d52d7d85bbddc07c49cabd745c0f6e8e6aea4ffb9ca2d19553eb9,e6326a5da55f304b3234ce37519f34799d0f61696dfc2f64c315515bb2220775,d420d48630c4027c823141769690f9af747c700b7e4db288452d78e6c09bc1bd,f82cb76f0830c2a23e03fc79866725179feafe43d3b125e1c3e10dc331409c7f,9a19de8e4168e7c73e316a0f01b9c9d268d89171554aea94482389c8503ad3d4,56dfa726e07260290a8d9bd5f9553bedef06c396ca7a2a1c14537ab134f1b661,42ef48b05a6df873c8625f632e53ce4fe584cf13f038f1c9ee6965bc3e739f7f,e7ea19cb04a7f80155352d849e3d8316e00f9ad70d1d12c4e534bd360491cd32,success,passed,false,1.2101617041793133e-08,1.7114270947149228e-08,1.7114270889351246e-08,1.2101617041793133e-08,True,True,steady_execution_v1,1.2296152630005963,0.10458986099911272,0.005669793001288781,1.3398749170009978,0.5690165390000002,0.05335453499999998,0.11745106699999999,90592,4242080,0.011225394991924986,,,,,,,0.09815143098603585,1.1750121820041386,0.05739884700233233,0.021289543932653032,0.00333214802594739,0.0027649239636957645,0.0010331409866921604,0.0,0.0004728009917016607,,,,,,1,1,1,8,1,1,physical_hardware,packed_operation_v1,True,True,True,True,True,False,False,True,True,True,0.9992275440054393,1.0,1.0,39,39,"[[0,0]]",[0],"[""/dev/dpu_rank1""]"
training,measurement,edc_18q:1dpu_t8,edc_18q,1dpu_t8,cf23b184355b080f3bead1d9d754a3c2c295746793109413aedfff30da27b94e,path_cf23b184355b080f3bead1d9d754a3c2c295746793109413aedfff30da27b94e,1dpu_t8,1,0,43,a3f14f4442a34f69135f1f3a58ed5e7ddaa09d6ed85cf2991fea8632ccb7ee0f,516f57ea-c19f-48dd-a45c-806f1d7d75d9,424886cb45ecf2f43b304da76c7333b4720fb882066e04025593821f1eba1e04,8b6ebfbd-1c06-4fb1-b4bf-4d072212375d,68bde98e0696765cd5def2f8b41b686c6a2ffcb0,68bde98e0696765cd5def2f8b41b686c6a2ffcb0,d452106e697890439cfc94fdabfb6a80fb0fccc2,5269bfea2a1777b041e10edf9618ba613d44021ce89b3ff0d95093a81c095b65,ae9ef515059d52d7d85bbddc07c49cabd745c0f6e8e6aea4ffb9ca2d19553eb9,e6326a5da55f304b3234ce37519f34799d0f61696dfc2f64c315515bb2220775,d420d48630c4027c823141769690f9af747c700b7e4db288452d78e6c09bc1bd,f82cb76f0830c2a23e03fc79866725179feafe43d3b125e1c3e10dc331409c7f,9a19de8e4168e7c73e316a0f01b9c9d268d89171554aea94482389c8503ad3d4,56dfa726e07260290a8d9bd5f9553bedef06c396ca7a2a1c14537ab134f1b661,42ef48b05a6df873c8625f632e53ce4fe584cf13f038f1c9ee6965bc3e739f7f,e7ea19cb04a7f80155352d849e3d8316e00f9ad70d1d12c4e534bd360491cd32,success,passed,false,1.2101617041793133e-08,1.7114270947149228e-08,1.7114270889351246e-08,1.2101617041793133e-08,True,True,steady_execution_v1,1.2275547139979608,0.10132896199866082,0.005231634000665508,1.3341153099972871,0.568129922,0.054234213999999996,0.11716939200000001,90592,4242080,0.011250750005274313,,,,,,,0.09702760698564816,1.1727673899949878,0.05661452100684983,0.02098997299617622,0.003314646026410628,0.002710770997509826,0.0010089880270243157,0.0,0.00045225597568787634,,,,,,1,1,1,8,1,1,physical_hardware,packed_operation_v1,True,True,True,True,True,False,False,True,True,True,0.9992275440054393,1.0,1.0,39,39,"[[0,0]]",[0],"[""/dev/dpu_rank1""]"
training,measurement,edc_18q:1dpu_t8,edc_18q,1dpu_t8,cf23b184355b080f3bead1d9d754a3c2c295746793109413aedfff30da27b94e,path_cf23b184355b080f3bead1d9d754a3c2c295746793109413aedfff30da27b94e,1dpu_t8,2,1,29,e601ce389bd073e98e29e1fa1746352bb5b3f9ecb9562929c3b8ade567eda29d,8fac7a36-1f66-4a46-a1f7-32eea0496032,424886cb45ecf2f43b304da76c7333b4720fb882066e04025593821f1eba1e04,8b6ebfbd-1c06-4fb1-b4bf-4d072212375d,68bde98e0696765cd5def2f8b41b686c6a2ffcb0,68bde98e0696765cd5def2f8b41b686c6a2ffcb0,d452106e697890439cfc94fdabfb6a80fb0fccc2,5269bfea2a1777b041e10edf9618ba613d44021ce89b3ff0d95093a81c095b65,ae9ef515059d52d7d85bbddc07c49cabd745c0f6e8e6aea4ffb9ca2d19553eb9,e6326a5da55f304b3234ce37519f34799d0f61696dfc2f64c315515bb2220775,d420d48630c4027c823141769690f9af747c700b7e4db288452d78e6c09bc1bd,f82cb76f0830c2a23e03fc79866725179feafe43d3b125e1c3e10dc331409c7f,9a19de8e4168e7c73e316a0f01b9c9d268d89171554aea94482389c8503ad3d4,56dfa726e07260290a8d9bd5f9553bedef06c396ca7a2a1c14537ab134f1b661,42ef48b05a6df873c8625f632e53ce4fe584cf13f038f1c9ee6965bc3e739f7f,e7ea19cb04a7f80155352d849e3d8316e00f9ad70d1d12c4e534bd360491cd32,success,passed,false,1.2101617041793133e-08,1.7114270947149228e-08,1.7114270889351246e-08,1.2101617041793133e-08,True,True,steady_execution_v1,1.2287924970005406,0.10062751800069236,0.005976829001156148,1.3353968440023891,0.567406768,0.053720377,0.11835194400000001,90592,4242080,0.010721828009991441,,,,,,,0.09603925198098295,1.1738790439776494,0.05629653000141843,0.02084718601690838,0.0033563839642738458,0.002704424005059991,0.0010661449960025493,0.0,0.0004639149919967167,,,,,,1,1,1,8,1,1,physical_hardware,packed_operation_v1,True,True,True,True,True,False,False,True,True,True,0.9992275440054393,1.0,1.0,39,39,"[[0,0]]",[0],"[""/dev/dpu_rank1""]"
training,measurement,edc_18q:1dpu_t8,edc_18q,1dpu_t8,cf23b184355b080f3bead1d9d754a3c2c295746793109413aedfff30da27b94e,path_cf23b184355b080f3bead1d9d754a3c2c295746793109413aedfff30da27b94e,1dpu_t8,3,2,45,b8c523092738797176c2d7a8ab7355ac3f03a1c1a4b5752040a221e31b6b3b2b,6c337f83-2581-4882-bf88-72f6336701fc,424886cb45ecf2f43b304da76c7333b4720fb882066e04025593821f1eba1e04,8b6ebfbd-1c06-4fb1-b4bf-4d072212375d,68bde98e0696765cd5def2f8b41b686c6a2ffcb0,68bde98e0696765cd5def2f8b41b686c6a2ffcb0,d452106e697890439cfc94fdabfb6a80fb0fccc2,5269bfea2a1777b041e10edf9618ba613d44021ce89b3ff0d95093a81c095b65,ae9ef515059d52d7d85bbddc07c49cabd745c0f6e8e6aea4ffb9ca2d19553eb9,e6326a5da55f304b3234ce37519f34799d0f61696dfc2f64c315515bb2220775,d420d48630c4027c823141769690f9af747c700b7e4db288452d78e6c09bc1bd,f82cb76f0830c2a23e03fc79866725179feafe43d3b125e1c3e10dc331409c7f,9a19de8e4168e7c73e316a0f01b9c9d268d89171554aea94482389c8503ad3d4,56dfa726e07260290a8d9bd5f9553bedef06c396ca7a2a1c14537ab134f1b661,42ef48b05a6df873c8625f632e53ce4fe584cf13f038f1c9ee6965bc3e739f7f,e7ea19cb04a7f80155352d849e3d8316e00f9ad70d1d12c4e534bd360491cd32,success,passed,false,1.2101617041793133e-08,1.7114270947149228e-08,1.7114270889351246e-08,1.2101617041793133e-08,True,True,steady_execution_v1,1.2357477080004173,0.09405902700018487,0.005312389999744482,1.3351191250003467,0.569855251,0.05376073599999999,0.118247246,90592,4242080,0.010985477991198422,,,,,,,0.09739666603127262,1.179440655021608,0.05680529100209242,0.02101114195465925,0.003269852022640407,0.002766022000287194,0.0010172889742534608,0.0,0.00044948300273972563,,,,,,1,1,1,8,1,1,physical_hardware,packed_operation_v1,True,True,True,True,True,False,False,True,True,True,0.9992275440054393,1.0,1.0,39,39,"[[0,0]]",[0],"[""/dev/dpu_rank1""]"
training,warmup,edc_18q:1dpu_t8,edc_18q,1dpu_t8,e82337947450ef2121b8b01092f1af3f7c1db1bc7e831a0116fa010050257ae9,path_e82337947450ef2121b8b01092f1af3f7c1db1bc7e831a0116fa010050257ae9,1dpu_t8,0,0,43,744b24e455593d31442ffe9644bfedda458a0a7260a397009cee27866402e093,5de1bfe0-09f5-42bd-a22b-1b2460ac1c1b,424886cb45ecf2f43b304da76c7333b4720fb882066e04025593821f1eba1e04,8b6ebfbd-1c06-4fb1-b4bf-4d072212375d,68bde98e0696765cd5def2f8b41b686c6a2ffcb0,68bde98e0696765cd5def2f8b41b686c6a2ffcb0,d452106e697890439cfc94fdabfb6a80fb0fccc2,5269bfea2a1777b041e10edf9618ba613d44021ce89b3ff0d95093a81c095b65,ae9ef515059d52d7d85bbddc07c49cabd745c0f6e8e6aea4ffb9ca2d19553eb9,e6326a5da55f304b3234ce37519f34799d0f61696dfc2f64c315515bb2220775,d420d48630c4027c823141769690f9af747c700b7e4db288452d78e6c09bc1bd,e02eea6f96e73f7391a0e9b644fa50bd0b1940b7e72b8df54417f17dacd96e31,17516c1c1e1da894150f6af5c7e2934a8fd4954a4362e402a843b79da8c3bdea,56dfa726e07260290a8d9bd5f9553bedef06c396ca7a2a1c14537ab134f1b661,42ef48b05a6df873c8625f632e53ce4fe584cf13f038f1c9ee6965bc3e739f7f,e7ea19cb04a7f80155352d849e3d8316e00f9ad70d1d12c4e534bd360491cd32,success,passed,false,1.2101617041793133e-08,1.7114270947149228e-08,1.7114270889351246e-08,1.2101617041793133e-08,True,True,steady_execution_v1,1.6676369000015256,0.9070114579990332,0.009671121999417664,2.5843194799999765,0.7196594709999999,0.08364872,0.123497477,355808,4511264,0.015325088996178238,,,,,,,0.16932041999098146,1.5914321480304352,0.1140451210194442,0.04302096797619015,0.0065567920173634775,0.005349731000023894,0.0030351309687830508,0.0,0.0009271730123145971,,,,,,1,1,1,8,1,1,physical_hardware,packed_operation_v1,True,True,True,True,True,False,False,True,True,True,0.9740886601455869,1.0,1.0,61,61,"[[0,0]]",[0],"[""/dev/dpu_rank1""]"
training,measurement,edc_18q:1dpu_t8,edc_18q,1dpu_t8,e82337947450ef2121b8b01092f1af3f7c1db1bc7e831a0116fa010050257ae9,path_e82337947450ef2121b8b01092f1af3f7c1db1bc7e831a0116fa010050257ae9,1dpu_t8,1,0,47,a09daa70df6eab85fdd88250443dd25c52f427a31e714e86ba493937978c34ef,0ed7dd08-90df-46f0-b68f-3da301c40444,424886cb45ecf2f43b304da76c7333b4720fb882066e04025593821f1eba1e04,8b6ebfbd-1c06-4fb1-b4bf-4d072212375d,68bde98e0696765cd5def2f8b41b686c6a2ffcb0,68bde98e0696765cd5def2f8b41b686c6a2ffcb0,d452106e697890439cfc94fdabfb6a80fb0fccc2,5269bfea2a1777b041e10edf9618ba613d44021ce89b3ff0d95093a81c095b65,ae9ef515059d52d7d85bbddc07c49cabd745c0f6e8e6aea4ffb9ca2d19553eb9,e6326a5da55f304b3234ce37519f34799d0f61696dfc2f64c315515bb2220775,d420d48630c4027c823141769690f9af747c700b7e4db288452d78e6c09bc1bd,e02eea6f96e73f7391a0e9b644fa50bd0b1940b7e72b8df54417f17dacd96e31,17516c1c1e1da894150f6af5c7e2934a8fd4954a4362e402a843b79da8c3bdea,56dfa726e07260290a8d9bd5f9553bedef06c396ca7a2a1c14537ab134f1b661,42ef48b05a6df873c8625f632e53ce4fe584cf13f038f1c9ee6965bc3e739f7f,e7ea19cb04a7f80155352d849e3d8316e00f9ad70d1d12c4e534bd360491cd32,success,passed,false,1.2101617041793133e-08,1.7114270947149228e-08,1.7114270889351246e-08,1.2101617041793133e-08,True,True,steady_execution_v1,1.7888831420023052,0.9177291279993369,0.005805469998449553,2.7124177400000917,0.700681581,0.065955989,0.142433512,355808,4511264,0.02033777099859435,,,,,,,0.19532029001129558,1.7012640700195334,0.13270083700263058,0.05251087201395421,0.006814655018388294,0.00612371500392328,0.003029177027201513,0.0,0.0009250559887732379,,,,,,1,1,1,8,1,1,physical_hardware,packed_operation_v1,True,True,True,True,True,False,False,True,True,True,0.9740886601455869,1.0,1.0,61,61,"[[0,0]]",[0],"[""/dev/dpu_rank1""]"
training,measurement,edc_18q:1dpu_t8,edc_18q,1dpu_t8,e82337947450ef2121b8b01092f1af3f7c1db1bc7e831a0116fa010050257ae9,path_e82337947450ef2121b8b01092f1af3f7c1db1bc7e831a0116fa010050257ae9,1dpu_t8,2,1,20,476326dfbe28e6e506f0e231601b52a7d89a878e180d884792b2891c10eca575,2e7b0697-e435-44ea-b6c6-c577df69fd28,424886cb45ecf2f43b304da76c7333b4720fb882066e04025593821f1eba1e04,8b6ebfbd-1c06-4fb1-b4bf-4d072212375d,68bde98e0696765cd5def2f8b41b686c6a2ffcb0,68bde98e0696765cd5def2f8b41b686c6a2ffcb0,d452106e697890439cfc94fdabfb6a80fb0fccc2,5269bfea2a1777b041e10edf9618ba613d44021ce89b3ff0d95093a81c095b65,ae9ef515059d52d7d85bbddc07c49cabd745c0f6e8e6aea4ffb9ca2d19553eb9,e6326a5da55f304b3234ce37519f34799d0f61696dfc2f64c315515bb2220775,d420d48630c4027c823141769690f9af747c700b7e4db288452d78e6c09bc1bd,e02eea6f96e73f7391a0e9b644fa50bd0b1940b7e72b8df54417f17dacd96e31,17516c1c1e1da894150f6af5c7e2934a8fd4954a4362e402a843b79da8c3bdea,56dfa726e07260290a8d9bd5f9553bedef06c396ca7a2a1c14537ab134f1b661,42ef48b05a6df873c8625f632e53ce4fe584cf13f038f1c9ee6965bc3e739f7f,e7ea19cb04a7f80155352d849e3d8316e00f9ad70d1d12c4e534bd360491cd32,success,passed,false,1.2101617041793133e-08,1.7114270947149228e-08,1.7114270889351246e-08,1.2101617041793133e-08,True,True,steady_execution_v1,1.6665457540002535,0.9025776919988857,0.007731400000920985,2.57685484600006,0.7163685210000001,0.08308358700000001,0.121185196,355808,4511264,0.015040756996313576,,,,,,,0.16827366198413074,1.592233558960288,0.11280067198822508,0.04235670498746913,0.0065820579875435214,0.005309756015776657,0.0029945940186735243,0.0,0.0009149570068984758,,,,,,1,1,1,8,1,1,physical_hardware,packed_operation_v1,True,True,True,True,True,False,False,True,True,True,0.9740886601455869,1.0,1.0,61,61,"[[0,0]]",[0],"[""/dev/dpu_rank1""]"
training,measurement,edc_18q:1dpu_t8,edc_18q,1dpu_t8,e82337947450ef2121b8b01092f1af3f7c1db1bc7e831a0116fa010050257ae9,path_e82337947450ef2121b8b01092f1af3f7c1db1bc7e831a0116fa010050257ae9,1dpu_t8,3,2,29,7fb592955568ace9653a5069bd69c7722e59671bd70c393b9828a4e22324e3e1,d65a4e45-0017-45cf-81c7-73efec5f4282,424886cb45ecf2f43b304da76c7333b4720fb882066e04025593821f1eba1e04,8b6ebfbd-1c06-4fb1-b4bf-4d072212375d,68bde98e0696765cd5def2f8b41b686c6a2ffcb0,68bde98e0696765cd5def2f8b41b686c6a2ffcb0,d452106e697890439cfc94fdabfb6a80fb0fccc2,5269bfea2a1777b041e10edf9618ba613d44021ce89b3ff0d95093a81c095b65,ae9ef515059d52d7d85bbddc07c49cabd745c0f6e8e6aea4ffb9ca2d19553eb9,e6326a5da55f304b3234ce37519f34799d0f61696dfc2f64c315515bb2220775,d420d48630c4027c823141769690f9af747c700b7e4db288452d78e6c09bc1bd,e02eea6f96e73f7391a0e9b644fa50bd0b1940b7e72b8df54417f17dacd96e31,17516c1c1e1da894150f6af5c7e2934a8fd4954a4362e402a843b79da8c3bdea,56dfa726e07260290a8d9bd5f9553bedef06c396ca7a2a1c14537ab134f1b661,42ef48b05a6df873c8625f632e53ce4fe584cf13f038f1c9ee6965bc3e739f7f,e7ea19cb04a7f80155352d849e3d8316e00f9ad70d1d12c4e534bd360491cd32,success,passed,false,1.2101617041793133e-08,1.7114270947149228e-08,1.7114270889351246e-08,1.2101617041793133e-08,True,True,steady_execution_v1,1.6916947789977712,0.9012979719991563,0.006113991999882273,2.5991067429968098,0.717169415,0.085519365,0.12229777,355808,4511264,0.015403782988869352,,,,,,,0.17430981100551435,1.6173564609853202,0.11769473494496197,0.0443582179468649,0.0068233339916332625,0.005574112987233093,0.0032295539713231847,0.0,0.0009466799965593964,,,,,,1,1,1,8,1,1,physical_hardware,packed_operation_v1,True,True,True,True,True,False,False,True,True,True,0.9740886601455869,1.0,1.0,61,61,"[[0,0]]",[0],"[""/dev/dpu_rank1""]"
training,warmup,edc_18q:4dpu_t8,edc_18q,4dpu_t8,09eba679eeaacde57b3d14e532a34cfb89b93de888eb607ea84d8a211c4d2e29,path_09eba679eeaacde57b3d14e532a34cfb89b93de888eb607ea84d8a211c4d2e29,4dpu_t8,0,0,29,7716d6841abed2176f00ae25f730987ac2578b0a75b39a84d8ba9307529a1e4b,b8e0ed07-c23a-4522-ad25-d4f6736fcfa8,424886cb45ecf2f43b304da76c7333b4720fb882066e04025593821f1eba1e04,8b6ebfbd-1c06-4fb1-b4bf-4d072212375d,68bde98e0696765cd5def2f8b41b686c6a2ffcb0,68bde98e0696765cd5def2f8b41b686c6a2ffcb0,d452106e697890439cfc94fdabfb6a80fb0fccc2,5269bfea2a1777b041e10edf9618ba613d44021ce89b3ff0d95093a81c095b65,ae9ef515059d52d7d85bbddc07c49cabd745c0f6e8e6aea4ffb9ca2d19553eb9,e6326a5da55f304b3234ce37519f34799d0f61696dfc2f64c315515bb2220775,d420d48630c4027c823141769690f9af747c700b7e4db288452d78e6c09bc1bd,c836878783242695028b9f3fdedf8ed9915a569f97c854f2a6f292e2de42d715,e8e264f99f0e006d2f9e183dc8141997e98a1298d9dfaf0d67f78d6b1a51b7f2,56dfa726e07260290a8d9bd5f9553bedef06c396ca7a2a1c14537ab134f1b661,42ef48b05a6df873c8625f632e53ce4fe584cf13f038f1c9ee6965bc3e739f7f,e7ea19cb04a7f80155352d849e3d8316e00f9ad70d1d12c4e534bd360491cd32,success,passed,false,1.2101617041793133e-08,1.7114270947149228e-08,1.7114270889351246e-08,1.2101617041793133e-08,True,True,steady_execution_v1,0.9285468590023811,0.15423749900219264,0.005618631999823265,1.088402990004397,0.173108606,0.082962079,0.12390989899999999,166752,4304768,0.011350607990607386,,,,,,,0.1301792689882859,0.8764971450145822,0.09010577399385511,0.0569365300325444,0.0030668310282635503,0.005124344999785535,0.002216431967099197,0.0,0.0005173490280867554,,,,,,4,4,4,8,1,1,physical_hardware,packed_operation_v1,True,True,True,True,True,False,False,True,True,True,0.9964836626707722,0.9851648680159039,1.0,36,1,"[[0,0],[0,1],[0,2],[0,3]]",[0],"[""/dev/dpu_rank1""]"
training,measurement,edc_18q:4dpu_t8,edc_18q,4dpu_t8,09eba679eeaacde57b3d14e532a34cfb89b93de888eb607ea84d8a211c4d2e29,path_09eba679eeaacde57b3d14e532a34cfb89b93de888eb607ea84d8a211c4d2e29,4dpu_t8,1,0,31,2c23a57a69d0f688ec4816c4dd4b00a2380e75c4c7f979eb4cc1489142f107fc,8ce7ebe9-697d-4583-948d-d7fde8ec8f4f,424886cb45ecf2f43b304da76c7333b4720fb882066e04025593821f1eba1e04,8b6ebfbd-1c06-4fb1-b4bf-4d072212375d,68bde98e0696765cd5def2f8b41b686c6a2ffcb0,68bde98e0696765cd5def2f8b41b686c6a2ffcb0,d452106e697890439cfc94fdabfb6a80fb0fccc2,5269bfea2a1777b041e10edf9618ba613d44021ce89b3ff0d95093a81c095b65,ae9ef515059d52d7d85bbddc07c49cabd745c0f6e8e6aea4ffb9ca2d19553eb9,e6326a5da55f304b3234ce37519f34799d0f61696dfc2f64c315515bb2220775,d420d48630c4027c823141769690f9af747c700b7e4db288452d78e6c09bc1bd,c836878783242695028b9f3fdedf8ed9915a569f97c854f2a6f292e2de42d715,e8e264f99f0e006d2f9e183dc8141997e98a1298d9dfaf0d67f78d6b1a51b7f2,56dfa726e07260290a8d9bd5f9553bedef06c396ca7a2a1c14537ab134f1b661,42ef48b05a6df873c8625f632e53ce4fe584cf13f038f1c9ee6965bc3e739f7f,e7ea19cb04a7f80155352d849e3d8316e00f9ad70d1d12c4e534bd360491cd32,success,passed,false,1.2101617041793133e-08,1.7114270947149228e-08,1.7114270889351246e-08,1.2101617041793133e-08,True,True,steady_execution_v1,0.9717428779986221,0.1560593330032134,0.006910489002621034,1.1347127000044566,0.171849976,0.08242746499999999,0.13553352800000001,166752,4304768,0.0118714399941382,,,,,,,0.13668690200938727,0.9083745909847494,0.09396675301104551,0.0591087739521754,0.003303163994132774,0.005376687986426987,0.0025076559686567634,0.0,0.0005177369966986589,,,,,,4,4,4,8,1,1,physical_hardware,packed_operation_v1,True,True,True,True,True,False,False,True,True,True,0.9964836626707722,0.9851648680159039,1.0,36,1,"[[0,0],[0,1],[0,2],[0,3]]",[0],"[""/dev/dpu_rank1""]"
training,measurement,edc_18q:4dpu_t8,edc_18q,4dpu_t8,09eba679eeaacde57b3d14e532a34cfb89b93de888eb607ea84d8a211c4d2e29,path_09eba679eeaacde57b3d14e532a34cfb89b93de888eb607ea84d8a211c4d2e29,4dpu_t8,2,1,12,e7666fa93fdfccc24b3f19e4a29b82705fc0a4d7db173fffd03a8be48a08cd9a,08df8bf0-fa97-431b-8210-10190b92c4ed,424886cb45ecf2f43b304da76c7333b4720fb882066e04025593821f1eba1e04,8b6ebfbd-1c06-4fb1-b4bf-4d072212375d,68bde98e0696765cd5def2f8b41b686c6a2ffcb0,68bde98e0696765cd5def2f8b41b686c6a2ffcb0,d452106e697890439cfc94fdabfb6a80fb0fccc2,5269bfea2a1777b041e10edf9618ba613d44021ce89b3ff0d95093a81c095b65,ae9ef515059d52d7d85bbddc07c49cabd745c0f6e8e6aea4ffb9ca2d19553eb9,e6326a5da55f304b3234ce37519f34799d0f61696dfc2f64c315515bb2220775,d420d48630c4027c823141769690f9af747c700b7e4db288452d78e6c09bc1bd,c836878783242695028b9f3fdedf8ed9915a569f97c854f2a6f292e2de42d715,e8e264f99f0e006d2f9e183dc8141997e98a1298d9dfaf0d67f78d6b1a51b7f2,56dfa726e07260290a8d9bd5f9553bedef06c396ca7a2a1c14537ab134f1b661,42ef48b05a6df873c8625f632e53ce4fe584cf13f038f1c9ee6965bc3e739f7f,e7ea19cb04a7f80155352d849e3d8316e00f9ad70d1d12c4e534bd360491cd32,success,passed,false,1.2101617041793133e-08,1.7114270947149228e-08,1.7114270889351246e-08,1.2101617041793133e-08,True,True,steady_execution_v1,0.9737001230023452,0.15735624700027984,0.006774924000637839,1.1378312940032629,0.171971463,0.083709623,0.135165229,166752,4304768,0.011838611000712262,,,,,,,0.13695462796022184,0.9105878629852668,0.0948622630094178,0.059431299960124306,0.0033073080121539533,0.005425343017122941,0.002524671974242665,0.0,0.0005162060006114189,,,,,,4,4,4,8,1,1,physical_hardware,packed_operation_v1,True,True,True,True,True,False,False,True,True,True,0.9964836626707722,0.9851648680159039,1.0,36,1,"[[0,0],[0,1],[0,2],[0,3]]",[0],"[""/dev/dpu_rank1""]"
training,measurement,edc_18q:4dpu_t8,edc_18q,4dpu_t8,09eba679eeaacde57b3d14e532a34cfb89b93de888eb607ea84d8a211c4d2e29,path_09eba679eeaacde57b3d14e532a34cfb89b93de888eb607ea84d8a211c4d2e29,4dpu_t8,3,2,1,b103060919a390fb8d65243fa2f8d14f369edcf3204ef15b79e648f5f4c88101,8306edd6-23c7-47f9-ae31-76e0951398af,424886cb45ecf2f43b304da76c7333b4720fb882066e04025593821f1eba1e04,8b6ebfbd-1c06-4fb1-b4bf-4d072212375d,68bde98e0696765cd5def2f8b41b686c6a2ffcb0,68bde98e0696765cd5def2f8b41b686c6a2ffcb0,d452106e697890439cfc94fdabfb6a80fb0fccc2,5269bfea2a1777b041e10edf9618ba613d44021ce89b3ff0d95093a81c095b65,ae9ef515059d52d7d85bbddc07c49cabd745c0f6e8e6aea4ffb9ca2d19553eb9,e6326a5da55f304b3234ce37519f34799d0f61696dfc2f64c315515bb2220775,d420d48630c4027c823141769690f9af747c700b7e4db288452d78e6c09bc1bd,c836878783242695028b9f3fdedf8ed9915a569f97c854f2a6f292e2de42d715,e8e264f99f0e006d2f9e183dc8141997e98a1298d9dfaf0d67f78d6b1a51b7f2,56dfa726e07260290a8d9bd5f9553bedef06c396ca7a2a1c14537ab134f1b661,42ef48b05a6df873c8625f632e53ce4fe584cf13f038f1c9ee6965bc3e739f7f,e7ea19cb04a7f80155352d849e3d8316e00f9ad70d1d12c4e534bd360491cd32,success,passed,false,1.2101617041793133e-08,1.7114270947149228e-08,1.7114270889351246e-08,1.2101617041793133e-08,True,True,steady_execution_v1,0.9360816670014174,0.16230325699871173,0.004942497998854378,1.1033274219989835,0.17233023599999997,0.08094457299999999,0.12478376,166752,4304768,0.011476661999040516,,,,,,,0.12983566696493654,0.8752385310035606,0.08976456000164035,0.056622855001478456,0.0030333060130942613,0.005045015008363407,0.002218296969658695,0.0,0.0004897429935226683,,,,,,4,4,4,8,1,1,physical_hardware,packed_operation_v1,True,True,True,True,True,False,False,True,True,True,0.9964836626707722,0.9851648680159039,1.0,36,1,"[[0,0],[0,1],[0,2],[0,3]]",[0],"[""/dev/dpu_rank1""]"
training,warmup,edc_18q:4dpu_t8,edc_18q,4dpu_t8,35308513a5e2881780ad0f4c9f36ff58b8f7e9e1ac95b1c3b567dbad46fa26bd,path_35308513a5e2881780ad0f4c9f36ff58b8f7e9e1ac95b1c3b567dbad46fa26bd,4dpu_t8,0,0,45,680d1a63738cf81d17d4dbe1c779327b77eeda3f33833cc58042d8d2d27c02ae,a693693e-72a7-414e-9320-a9a565a67f43,424886cb45ecf2f43b304da76c7333b4720fb882066e04025593821f1eba1e04,8b6ebfbd-1c06-4fb1-b4bf-4d072212375d,68bde98e0696765cd5def2f8b41b686c6a2ffcb0,68bde98e0696765cd5def2f8b41b686c6a2ffcb0,d452106e697890439cfc94fdabfb6a80fb0fccc2,5269bfea2a1777b041e10edf9618ba613d44021ce89b3ff0d95093a81c095b65,ae9ef515059d52d7d85bbddc07c49cabd745c0f6e8e6aea4ffb9ca2d19553eb9,e6326a5da55f304b3234ce37519f34799d0f61696dfc2f64c315515bb2220775,d420d48630c4027c823141769690f9af747c700b7e4db288452d78e6c09bc1bd,e6f79e638202cb8583ec9640176776fa6dc3ddfb1df661e925a5b064029c8652,f2b512bc4f45df9fc2951817536bc84a49a633127a617a4599e37ebac607f02e,56dfa726e07260290a8d9bd5f9553bedef06c396ca7a2a1c14537ab134f1b661,42ef48b05a6df873c8625f632e53ce4fe584cf13f038f1c9ee6965bc3e739f7f,e7ea19cb04a7f80155352d849e3d8316e00f9ad70d1d12c4e534bd360491cd32,success,passed,false,1.2101617041793133e-08,1.7114270947149228e-08,1.7114270889351246e-08,1.2101617041793133e-08,True,True,steady_execution_v1,1.080612770998414,0.47222334500111174,0.008756379997066688,1.5615924959965923,0.21701732199999998,0.106689508,0.14240032000000002,408512,4547456,0.01308884199897875,,,,,,,0.1553975920069206,1.0172269819959183,0.10996075900038704,0.06895308298771852,0.004491878014960093,0.006646524016105104,0.003533769035129808,0.0,0.0005761499814980198,,,,,,4,4,4,8,1,1,physical_hardware,packed_operation_v1,True,True,True,True,True,False,False,True,True,True,0.9782850227871034,0.9674116115152716,1.0,40,7,"[[0,0],[0,1],[0,2],[0,3]]",[0],"[""/dev/dpu_rank1""]"
training,measurement,edc_18q:4dpu_t8,edc_18q,4dpu_t8,35308513a5e2881780ad0f4c9f36ff58b8f7e9e1ac95b1c3b567dbad46fa26bd,path_35308513a5e2881780ad0f4c9f36ff58b8f7e9e1ac95b1c3b567dbad46fa26bd,4dpu_t8,1,0,46,da9fea135bea8f976fc0f617223d1c1043fead993460148d993957506aa7491e,ed47b412-f55e-48c0-aef1-b6041443000f,424886cb45ecf2f43b304da76c7333b4720fb882066e04025593821f1eba1e04,8b6ebfbd-1c06-4fb1-b4bf-4d072212375d,68bde98e0696765cd5def2f8b41b686c6a2ffcb0,68bde98e0696765cd5def2f8b41b686c6a2ffcb0,d452106e697890439cfc94fdabfb6a80fb0fccc2,5269bfea2a1777b041e10edf9618ba613d44021ce89b3ff0d95093a81c095b65,ae9ef515059d52d7d85bbddc07c49cabd745c0f6e8e6aea4ffb9ca2d19553eb9,e6326a5da55f304b3234ce37519f34799d0f61696dfc2f64c315515bb2220775,d420d48630c4027c823141769690f9af747c700b7e4db288452d78e6c09bc1bd,e6f79e638202cb8583ec9640176776fa6dc3ddfb1df661e925a5b064029c8652,f2b512bc4f45df9fc2951817536bc84a49a633127a617a4599e37ebac607f02e,56dfa726e07260290a8d9bd5f9553bedef06c396ca7a2a1c14537ab134f1b661,42ef48b05a6df873c8625f632e53ce4fe584cf13f038f1c9ee6965bc3e739f7f,e7ea19cb04a7f80155352d849e3d8316e00f9ad70d1d12c4e534bd360491cd32,success,passed,false,1.2101617041793133e-08,1.7114270947149228e-08,1.7114270889351246e-08,1.2101617041793133e-08,True,True,steady_execution_v1,1.1346322940007667,0.44351459000245086,0.006285069001023658,1.5844319530042412,0.214547938,0.11125163600000001,0.145801539,408512,4547456,0.013729612990573514,,,,,,,0.1623068209773919,1.0702191249729367,0.11486612300723209,0.07170824107015505,0.004897258037090069,0.00696998097555479,0.0037601260191877373,0.0,0.0006112060218583792,,,,,,4,4,4,8,1,1,physical_hardware,packed_operation_v1,True,True,True,True,True,False,False,True,True,True,0.9782850227871034,0.9674116115152716,1.0,40,7,"[[0,0],[0,1],[0,2],[0,3]]",[0],"[""/dev/dpu_rank1""]"
training,measurement,edc_18q:4dpu_t8,edc_18q,4dpu_t8,35308513a5e2881780ad0f4c9f36ff58b8f7e9e1ac95b1c3b567dbad46fa26bd,path_35308513a5e2881780ad0f4c9f36ff58b8f7e9e1ac95b1c3b567dbad46fa26bd,4dpu_t8,2,1,26,cafd8f8e9651d3bf3b7c9f4f32db3cc3e41025e9121e2c680cf61ec90b760ee0,039079dc-70d3-4e6d-b3de-05f50165f743,424886cb45ecf2f43b304da76c7333b4720fb882066e04025593821f1eba1e04,8b6ebfbd-1c06-4fb1-b4bf-4d072212375d,68bde98e0696765cd5def2f8b41b686c6a2ffcb0,68bde98e0696765cd5def2f8b41b686c6a2ffcb0,d452106e697890439cfc94fdabfb6a80fb0fccc2,5269bfea2a1777b041e10edf9618ba613d44021ce89b3ff0d95093a81c095b65,ae9ef515059d52d7d85bbddc07c49cabd745c0f6e8e6aea4ffb9ca2d19553eb9,e6326a5da55f304b3234ce37519f34799d0f61696dfc2f64c315515bb2220775,d420d48630c4027c823141769690f9af747c700b7e4db288452d78e6c09bc1bd,e6f79e638202cb8583ec9640176776fa6dc3ddfb1df661e925a5b064029c8652,f2b512bc4f45df9fc2951817536bc84a49a633127a617a4599e37ebac607f02e,56dfa726e07260290a8d9bd5f9553bedef06c396ca7a2a1c14537ab134f1b661,42ef48b05a6df873c8625f632e53ce4fe584cf13f038f1c9ee6965bc3e739f7f,e7ea19cb04a7f80155352d849e3d8316e00f9ad70d1d12c4e534bd360491cd32,success,passed,false,1.2101617041793133e-08,1.7114270947149228e-08,1.7114270889351246e-08,1.2101617041793133e-08,True,True,steady_execution_v1,1.1264847179991193,0.4425518159987405,0.005161683999176603,1.5741982179970364,0.214874766,0.10974403800000003,0.144292413,408512,4547456,0.01337390800472349,,,,,,,0.16249447998052347,1.0638722650001,0.11553398201795062,0.07240411607199349,0.004931049010338029,0.007033255984424613,0.003819285051577026,0.0,0.0006102059996919706,,,,,,4,4,4,8,1,1,physical_hardware,packed_operation_v1,True,True,True,True,True,False,False,True,True,True,0.9782850227871034,0.9674116115152716,1.0,40,7,"[[0,0],[0,1],[0,2],[0,3]]",[0],"[""/dev/dpu_rank1""]"
training,measurement,edc_18q:4dpu_t8,edc_18q,4dpu_t8,35308513a5e2881780ad0f4c9f36ff58b8f7e9e1ac95b1c3b567dbad46fa26bd,path_35308513a5e2881780ad0f4c9f36ff58b8f7e9e1ac95b1c3b567dbad46fa26bd,4dpu_t8,3,2,34,5316ca68508827ad984d374cd16d69a0644f79f4d08b7769254172e72a390297,7d1349fa-e0ff-47ff-8628-30d5e6d5d4f6,424886cb45ecf2f43b304da76c7333b4720fb882066e04025593821f1eba1e04,8b6ebfbd-1c06-4fb1-b4bf-4d072212375d,68bde98e0696765cd5def2f8b41b686c6a2ffcb0,68bde98e0696765cd5def2f8b41b686c6a2ffcb0,d452106e697890439cfc94fdabfb6a80fb0fccc2,5269bfea2a1777b041e10edf9618ba613d44021ce89b3ff0d95093a81c095b65,ae9ef515059d52d7d85bbddc07c49cabd745c0f6e8e6aea4ffb9ca2d19553eb9,e6326a5da55f304b3234ce37519f34799d0f61696dfc2f64c315515bb2220775,d420d48630c4027c823141769690f9af747c700b7e4db288452d78e6c09bc1bd,e6f79e638202cb8583ec9640176776fa6dc3ddfb1df661e925a5b064029c8652,f2b512bc4f45df9fc2951817536bc84a49a633127a617a4599e37ebac607f02e,56dfa726e07260290a8d9bd5f9553bedef06c396ca7a2a1c14537ab134f1b661,42ef48b05a6df873c8625f632e53ce4fe584cf13f038f1c9ee6965bc3e739f7f,e7ea19cb04a7f80155352d849e3d8316e00f9ad70d1d12c4e534bd360491cd32,success,passed,false,1.2101617041793133e-08,1.7114270947149228e-08,1.7114270889351246e-08,1.2101617041793133e-08,True,True,steady_execution_v1,1.1268882820004364,0.44407825200323714,0.005216405999817653,1.5761829400034912,0.215431261,0.11071347800000003,0.144729299,408512,4547456,0.013720118993660435,,,,,,,0.1628675300271425,1.06350678601666,0.11617872299393639,0.07252944501669845,0.004905957011942519,0.00697720003881841,0.003867620980599895,0.0,0.0006113309718784876,,,,,,4,4,4,8,1,1,physical_hardware,packed_operation_v1,True,True,True,True,True,False,False,True,True,True,0.9782850227871034,0.9674116115152716,1.0,40,7,"[[0,0],[0,1],[0,2],[0,3]]",[0],"[""/dev/dpu_rank1""]"
training,warmup,edc_18q:4dpu_t8,edc_18q,4dpu_t8,8e7637420b811e01ff5b5f6a53cc2a05e9c066f7de21cf7a9b24566ed936594c,path_8e7637420b811e01ff5b5f6a53cc2a05e9c066f7de21cf7a9b24566ed936594c,4dpu_t8,0,0,13,c690ef3206c49336e9d594f4660a52c64c84ae758d3312905aa2d8454b98e204,a53edb98-539b-4fb6-bbae-432a379622b2,424886cb45ecf2f43b304da76c7333b4720fb882066e04025593821f1eba1e04,8b6ebfbd-1c06-4fb1-b4bf-4d072212375d,68bde98e0696765cd5def2f8b41b686c6a2ffcb0,68bde98e0696765cd5def2f8b41b686c6a2ffcb0,d452106e697890439cfc94fdabfb6a80fb0fccc2,5269bfea2a1777b041e10edf9618ba613d44021ce89b3ff0d95093a81c095b65,ae9ef515059d52d7d85bbddc07c49cabd745c0f6e8e6aea4ffb9ca2d19553eb9,e6326a5da55f304b3234ce37519f34799d0f61696dfc2f64c315515bb2220775,d420d48630c4027c823141769690f9af747c700b7e4db288452d78e6c09bc1bd,a2c955fe3a61a768dac1274db6b3e48d6709df6b0d5851d3467de9974ca2a004,ee6c3e7844ab0ea42b51cbfce557a26f5005446be35fabd9e28ae17e9c82d3b0,56dfa726e07260290a8d9bd5f9553bedef06c396ca7a2a1c14537ab134f1b661,42ef48b05a6df873c8625f632e53ce4fe584cf13f038f1c9ee6965bc3e739f7f,e7ea19cb04a7f80155352d849e3d8316e00f9ad70d1d12c4e534bd360491cd32,success,passed,false,1.2101617041793133e-08,1.7114270947149228e-08,1.7114270889351246e-08,1.2101617041793133e-08,True,True,steady_execution_v1,1.149104926000291,0.09958815999925719,0.005993929000396747,1.254687014999945,0.17657253399999998,0.12189899700000001,0.15631691,379360,4513824,0.012884425999800442,,,,,,,0.16471384499891428,1.088293528991926,0.11995006397046382,0.07516130091244122,0.004693456008681096,0.007217150960059371,0.0037929030040686484,0.0,0.0006471060223702807,,,,,,4,4,4,8,1,1,physical_hardware,packed_operation_v1,True,True,True,True,True,False,False,True,True,True,0.9992858263728895,0.9657927773062192,1.0,43,8,"[[0,0],[0,1],[0,2],[0,3]]",[0],"[""/dev/dpu_rank1""]"
training,measurement,edc_18q:4dpu_t8,edc_18q,4dpu_t8,8e7637420b811e01ff5b5f6a53cc2a05e9c066f7de21cf7a9b24566ed936594c,path_8e7637420b811e01ff5b5f6a53cc2a05e9c066f7de21cf7a9b24566ed936594c,4dpu_t8,1,0,13,1c3e93bcc52401fa045510b72438ba133c9312e7b1295615954f4ec260122356,8b8a2977-6b22-4899-a42a-012365f5b1c1,424886cb45ecf2f43b304da76c7333b4720fb882066e04025593821f1eba1e04,8b6ebfbd-1c06-4fb1-b4bf-4d072212375d,68bde98e0696765cd5def2f8b41b686c6a2ffcb0,68bde98e0696765cd5def2f8b41b686c6a2ffcb0,d452106e697890439cfc94fdabfb6a80fb0fccc2,5269bfea2a1777b041e10edf9618ba613d44021ce89b3ff0d95093a81c095b65,ae9ef515059d52d7d85bbddc07c49cabd745c0f6e8e6aea4ffb9ca2d19553eb9,e6326a5da55f304b3234ce37519f34799d0f61696dfc2f64c315515bb2220775,d420d48630c4027c823141769690f9af747c700b7e4db288452d78e6c09bc1bd,a2c955fe3a61a768dac1274db6b3e48d6709df6b0d5851d3467de9974ca2a004,ee6c3e7844ab0ea42b51cbfce557a26f5005446be35fabd9e28ae17e9c82d3b0,56dfa726e07260290a8d9bd5f9553bedef06c396ca7a2a1c14537ab134f1b661,42ef48b05a6df873c8625f632e53ce4fe584cf13f038f1c9ee6965bc3e739f7f,e7ea19cb04a7f80155352d849e3d8316e00f9ad70d1d12c4e534bd360491cd32,success,passed,false,1.2101617041793133e-08,1.7114270947149228e-08,1.7114270889351246e-08,1.2101617041793133e-08,True,True,steady_execution_v1,1.2160116129998642,0.10625270600212389,0.005841418998898007,1.328105738000886,0.176713386,0.12612030200000002,0.183594693,379360,4513824,0.014142389994958648,,,,,,,0.1716103970320546,1.151170165030635,0.1252055269869743,0.07815421005216194,0.005051779997302219,0.007575334995635785,0.0040818930574459955,0.0,0.0006699910263705533,,,,,,4,4,4,8,1,1,physical_hardware,packed_operation_v1,True,True,True,True,True,False,False,True,True,True,0.9992858263728895,0.9657927773062192,1.0,43,8,"[[0,0],[0,1],[0,2],[0,3]]",[0],"[""/dev/dpu_rank1""]"
training,measurement,edc_18q:4dpu_t8,edc_18q,4dpu_t8,8e7637420b811e01ff5b5f6a53cc2a05e9c066f7de21cf7a9b24566ed936594c,path_8e7637420b811e01ff5b5f6a53cc2a05e9c066f7de21cf7a9b24566ed936594c,4dpu_t8,2,1,5,50767e78629690df164c553ac5d2fdb294575b063132f9f9173d9e07e6723994,0a1863b2-8bdd-4bd1-a794-f97e19bbbd1c,424886cb45ecf2f43b304da76c7333b4720fb882066e04025593821f1eba1e04,8b6ebfbd-1c06-4fb1-b4bf-4d072212375d,68bde98e0696765cd5def2f8b41b686c6a2ffcb0,68bde98e0696765cd5def2f8b41b686c6a2ffcb0,d452106e697890439cfc94fdabfb6a80fb0fccc2,5269bfea2a1777b041e10edf9618ba613d44021ce89b3ff0d95093a81c095b65,ae9ef515059d52d7d85bbddc07c49cabd745c0f6e8e6aea4ffb9ca2d19553eb9,e6326a5da55f304b3234ce37519f34799d0f61696dfc2f64c315515bb2220775,d420d48630c4027c823141769690f9af747c700b7e4db288452d78e6c09bc1bd,a2c955fe3a61a768dac1274db6b3e48d6709df6b0d5851d3467de9974ca2a004,ee6c3e7844ab0ea42b51cbfce557a26f5005446be35fabd9e28ae17e9c82d3b0,56dfa726e07260290a8d9bd5f9553bedef06c396ca7a2a1c14537ab134f1b661,42ef48b05a6df873c8625f632e53ce4fe584cf13f038f1c9ee6965bc3e739f7f,e7ea19cb04a7f80155352d849e3d8316e00f9ad70d1d12c4e534bd360491cd32,success,passed,false,1.2101617041793133e-08,1.7114270947149228e-08,1.7114270889351246e-08,1.2101617041793133e-08,True,True,steady_execution_v1,1.1615415079977538,0.10344178899686085,0.0055810509984439705,1.2705643479930586,0.17662333000000002,0.12145924300000001,0.16173976699999998,379360,4513824,0.012458753993996652,,,,,,,0.16533062099551898,1.1002623199710797,0.12021138796626474,0.07529077685830998,0.004829222005355405,0.0072396979048789944,0.003797633973590564,0.0,0.0006418479933927301,,,,,,4,4,4,8,1,1,physical_hardware,packed_operation_v1,True,True,True,True,True,False,False,True,True,True,0.9992858263728895,0.9657927773062192,1.0,43,8,"[[0,0],[0,1],[0,2],[0,3]]",[0],"[""/dev/dpu_rank1""]"
training,measurement,edc_18q:4dpu_t8,edc_18q,4dpu_t8,8e7637420b811e01ff5b5f6a53cc2a05e9c066f7de21cf7a9b24566ed936594c,path_8e7637420b811e01ff5b5f6a53cc2a05e9c066f7de21cf7a9b24566ed936594c,4dpu_t8,3,2,26,bba8ed72886ccba7d5da2435db16f1725ff530efff428c90db633ef9636e47c2,79479554-4534-4009-aca0-a31226779087,424886cb45ecf2f43b304da76c7333b4720fb882066e04025593821f1eba1e04,8b6ebfbd-1c06-4fb1-b4bf-4d072212375d,68bde98e0696765cd5def2f8b41b686c6a2ffcb0,68bde98e0696765cd5def2f8b41b686c6a2ffcb0,d452106e697890439cfc94fdabfb6a80fb0fccc2,5269bfea2a1777b041e10edf9618ba613d44021ce89b3ff0d95093a81c095b65,ae9ef515059d52d7d85bbddc07c49cabd745c0f6e8e6aea4ffb9ca2d19553eb9,e6326a5da55f304b3234ce37519f34799d0f61696dfc2f64c315515bb2220775,d420d48630c4027c823141769690f9af747c700b7e4db288452d78e6c09bc1bd,a2c955fe3a61a768dac1274db6b3e48d6709df6b0d5851d3467de9974ca2a004,ee6c3e7844ab0ea42b51cbfce557a26f5005446be35fabd9e28ae17e9c82d3b0,56dfa726e07260290a8d9bd5f9553bedef06c396ca7a2a1c14537ab134f1b661,42ef48b05a6df873c8625f632e53ce4fe584cf13f038f1c9ee6965bc3e739f7f,e7ea19cb04a7f80155352d849e3d8316e00f9ad70d1d12c4e534bd360491cd32,success,passed,false,1.2101617041793133e-08,1.7114270947149228e-08,1.7114270889351246e-08,1.2101617041793133e-08,True,True,steady_execution_v1,1.1578034729973297,0.10342347799814888,0.005630525000015041,1.2668574759954936,0.17653350899999998,0.120958283,0.15674191599999998,379360,4513824,0.012614279981789878,,,,,,,0.16821643701041467,1.0975844350141415,0.12237745402671862,0.07691660197815509,0.00483365599939134,0.007348296039708657,0.0038893020209798124,0.0,0.0006552489976456854,,,,,,4,4,4,8,1,1,physical_hardware,packed_operation_v1,True,True,True,True,True,False,False,True,True,True,0.9992858263728895,0.9657927773062192,1.0,43,8,"[[0,0],[0,1],[0,2],[0,3]]",[0],"[""/dev/dpu_rank1""]"
training,warmup,edc_18q:4dpu_t8,edc_18q,4dpu_t8,b0785992b23ca97113b8ab448921ffe2b5e832f50994281719e731d54a839f9a,path_b0785992b23ca97113b8ab448921ffe2b5e832f50994281719e731d54a839f9a,4dpu_t8,0,0,47,40a214988e1d1f2636d2eee0f92f4fb14ef8ec82d70ad6f5a7190e39419e76c8,141bd130-c923-42df-99e0-16d08c0a0de7,424886cb45ecf2f43b304da76c7333b4720fb882066e04025593821f1eba1e04,8b6ebfbd-1c06-4fb1-b4bf-4d072212375d,68bde98e0696765cd5def2f8b41b686c6a2ffcb0,68bde98e0696765cd5def2f8b41b686c6a2ffcb0,d452106e697890439cfc94fdabfb6a80fb0fccc2,5269bfea2a1777b041e10edf9618ba613d44021ce89b3ff0d95093a81c095b65,ae9ef515059d52d7d85bbddc07c49cabd745c0f6e8e6aea4ffb9ca2d19553eb9,e6326a5da55f304b3234ce37519f34799d0f61696dfc2f64c315515bb2220775,d420d48630c4027c823141769690f9af747c700b7e4db288452d78e6c09bc1bd,7aa3ee4feb85f18bddb28fb0f5997e70f4fa267625746d1fedd783e0d356e1d5,f2d5e8d1b6c1793f3e30fca82108d2da1ef0426d942a02cb976d897204561a40,56dfa726e07260290a8d9bd5f9553bedef06c396ca7a2a1c14537ab134f1b661,42ef48b05a6df873c8625f632e53ce4fe584cf13f038f1c9ee6965bc3e739f7f,e7ea19cb04a7f80155352d849e3d8316e00f9ad70d1d12c4e534bd360491cd32,success,passed,false,1.2101617041793133e-08,1.7114270947149228e-08,1.7114270889351246e-08,1.2101617041793133e-08,True,True,steady_execution_v1,3.761286793000181,0.11903575000178535,0.007655322002392495,3.887977865004359,0.44687561200000003,0.5921835870000001,0.518830193,2993504,7069472,0.028661555999860866,,,,,,,0.5085558860155288,3.6379814369865926,0.3817154259522795,0.24658274093962973,0.019208424018870573,0.023714064962405246,0.014896989021508489,0.0,0.001624483982595848,,,,,,4,4,4,8,1,1,physical_hardware,packed_operation_v1,True,True,True,True,True,False,False,True,True,True,0.6997137216866974,0.9948771851167302,1.0,117,85,"[[0,0],[0,1],[0,2],[0,3]]",[0],"[""/dev/dpu_rank1""]"
training,measurement,edc_18q:4dpu_t8,edc_18q,4dpu_t8,b0785992b23ca97113b8ab448921ffe2b5e832f50994281719e731d54a839f9a,path_b0785992b23ca97113b8ab448921ffe2b5e832f50994281719e731d54a839f9a,4dpu_t8,1,0,20,e23a6f48d06a8dfb1467a638e1ab1b42beaa1a5d496666df68356df8aad7b331,c5bed39e-42eb-4115-99b4-9ed7988df447,424886cb45ecf2f43b304da76c7333b4720fb882066e04025593821f1eba1e04,8b6ebfbd-1c06-4fb1-b4bf-4d072212375d,68bde98e0696765cd5def2f8b41b686c6a2ffcb0,68bde98e0696765cd5def2f8b41b686c6a2ffcb0,d452106e697890439cfc94fdabfb6a80fb0fccc2,5269bfea2a1777b041e10edf9618ba613d44021ce89b3ff0d95093a81c095b65,ae9ef515059d52d7d85bbddc07c49cabd745c0f6e8e6aea4ffb9ca2d19553eb9,e6326a5da55f304b3234ce37519f34799d0f61696dfc2f64c315515bb2220775,d420d48630c4027c823141769690f9af747c700b7e4db288452d78e6c09bc1bd,7aa3ee4feb85f18bddb28fb0f5997e70f4fa267625746d1fedd783e0d356e1d5,f2d5e8d1b6c1793f3e30fca82108d2da1ef0426d942a02cb976d897204561a40,56dfa726e07260290a8d9bd5f9553bedef06c396ca7a2a1c14537ab134f1b661,42ef48b05a6df873c8625f632e53ce4fe584cf13f038f1c9ee6965bc3e739f7f,e7ea19cb04a7f80155352d849e3d8316e00f9ad70d1d12c4e534bd360491cd32,success,passed,false,1.2101617041793133e-08,1.7114270947149228e-08,1.7114270889351246e-08,1.2101617041793133e-08,True,True,steady_execution_v1,3.386135156000819,0.1270352070023364,0.00997033300154726,3.5231406960047025,0.44652893400000004,0.5723755439999999,0.46787461599999997,2993504,7069472,0.021235306001472054,,,,,,,0.39649657900372404,3.281934345013724,0.3068557430160581,0.18945316805547918,0.017922336010087747,0.020799909962079255,0.013745524120167829,0.0,0.001529990004200954,,,,,,4,4,4,8,1,1,physical_hardware,packed_operation_v1,True,True,True,True,True,False,False,True,True,True,0.6997137216866974,0.9948771851167302,1.0,117,85,"[[0,0],[0,1],[0,2],[0,3]]",[0],"[""/dev/dpu_rank1""]"
training,measurement,edc_18q:4dpu_t8,edc_18q,4dpu_t8,b0785992b23ca97113b8ab448921ffe2b5e832f50994281719e731d54a839f9a,path_b0785992b23ca97113b8ab448921ffe2b5e832f50994281719e731d54a839f9a,4dpu_t8,2,1,45,66d8f4d8c68d1a3df2fbb9c74daa6083f4cacd7cda2e38a9ab4c5950017a88bd,2630cd64-bbe8-468f-8d05-779e782a1042,424886cb45ecf2f43b304da76c7333b4720fb882066e04025593821f1eba1e04,8b6ebfbd-1c06-4fb1-b4bf-4d072212375d,68bde98e0696765cd5def2f8b41b686c6a2ffcb0,68bde98e0696765cd5def2f8b41b686c6a2ffcb0,d452106e697890439cfc94fdabfb6a80fb0fccc2,5269bfea2a1777b041e10edf9618ba613d44021ce89b3ff0d95093a81c095b65,ae9ef515059d52d7d85bbddc07c49cabd745c0f6e8e6aea4ffb9ca2d19553eb9,e6326a5da55f304b3234ce37519f34799d0f61696dfc2f64c315515bb2220775,d420d48630c4027c823141769690f9af747c700b7e4db288452d78e6c09bc1bd,7aa3ee4feb85f18bddb28fb0f5997e70f4fa267625746d1fedd783e0d356e1d5,f2d5e8d1b6c1793f3e30fca82108d2da1ef0426d942a02cb976d897204561a40,56dfa726e07260290a8d9bd5f9553bedef06c396ca7a2a1c14537ab134f1b661,42ef48b05a6df873c8625f632e53ce4fe584cf13f038f1c9ee6965bc3e739f7f,e7ea19cb04a7f80155352d849e3d8316e00f9ad70d1d12c4e534bd360491cd32,success,passed,false,1.2101617041793133e-08,1.7114270947149228e-08,1.7114270889351246e-08,1.2101617041793133e-08,True,True,steady_execution_v1,3.498511238001811,0.12232292200133088,0.007195799000328407,3.62802995900347,0.44903937299999996,0.590099762,0.5104002449999999,2993504,7069472,0.022395206007786328,,,,,,,0.3983138340008736,3.389577904017642,0.30973064503996284,0.1903412031060725,0.018288368006324163,0.020979779143090127,0.014021801005583256,0.0,0.0015565119465463795,,,,,,4,4,4,8,1,1,physical_hardware,packed_operation_v1,True,True,True,True,True,False,False,True,True,True,0.6997137216866974,0.9948771851167302,1.0,117,85,"[[0,0],[0,1],[0,2],[0,3]]",[0],"[""/dev/dpu_rank1""]"
training,measurement,edc_18q:4dpu_t8,edc_18q,4dpu_t8,b0785992b23ca97113b8ab448921ffe2b5e832f50994281719e731d54a839f9a,path_b0785992b23ca97113b8ab448921ffe2b5e832f50994281719e731d54a839f9a,4dpu_t8,3,2,31,9e526617e1851eb68dc035c45c7e0a292f61841ec095c3b9e804b9c06673bcd4,b2c8d942-fd65-48b3-8888-e8209ea482f2,424886cb45ecf2f43b304da76c7333b4720fb882066e04025593821f1eba1e04,8b6ebfbd-1c06-4fb1-b4bf-4d072212375d,68bde98e0696765cd5def2f8b41b686c6a2ffcb0,68bde98e0696765cd5def2f8b41b686c6a2ffcb0,d452106e697890439cfc94fdabfb6a80fb0fccc2,5269bfea2a1777b041e10edf9618ba613d44021ce89b3ff0d95093a81c095b65,ae9ef515059d52d7d85bbddc07c49cabd745c0f6e8e6aea4ffb9ca2d19553eb9,e6326a5da55f304b3234ce37519f34799d0f61696dfc2f64c315515bb2220775,d420d48630c4027c823141769690f9af747c700b7e4db288452d78e6c09bc1bd,7aa3ee4feb85f18bddb28fb0f5997e70f4fa267625746d1fedd783e0d356e1d5,f2d5e8d1b6c1793f3e30fca82108d2da1ef0426d942a02cb976d897204561a40,56dfa726e07260290a8d9bd5f9553bedef06c396ca7a2a1c14537ab134f1b661,42ef48b05a6df873c8625f632e53ce4fe584cf13f038f1c9ee6965bc3e739f7f,e7ea19cb04a7f80155352d849e3d8316e00f9ad70d1d12c4e534bd360491cd32,success,passed,false,1.2101617041793133e-08,1.7114270947149228e-08,1.7114270889351246e-08,1.2101617041793133e-08,True,True,steady_execution_v1,3.3703627199975017,0.11880745400048909,0.007453453999914927,3.4966236279979057,0.44781616900000004,0.5708654479999999,0.46662479799999995,2993504,7069472,0.021390979996795068,,,,,,,0.39429149300485733,3.2662083400136908,0.30629856796804233,0.1893657630389498,0.018037771988019813,0.020695143008197192,0.013800846947560785,0.0,0.0015388090250780806,,,,,,4,4,4,8,1,1,physical_hardware,packed_operation_v1,True,True,True,True,True,False,False,True,True,True,0.6997137216866974,0.9948771851167302,1.0,117,85,"[[0,0],[0,1],[0,2],[0,3]]",[0],"[""/dev/dpu_rank1""]"
training,warmup,edc_18q:4dpu_t8,edc_18q,4dpu_t8,cf23b184355b080f3bead1d9d754a3c2c295746793109413aedfff30da27b94e,path_cf23b184355b080f3bead1d9d754a3c2c295746793109413aedfff30da27b94e,4dpu_t8,0,0,1,b1ce15d5dbf91fd0a9fe51105378dd0fe1798c1c110c47aefa76d7a67ba96241,a19459ec-765e-46ca-976b-1986bde3f621,424886cb45ecf2f43b304da76c7333b4720fb882066e04025593821f1eba1e04,8b6ebfbd-1c06-4fb1-b4bf-4d072212375d,68bde98e0696765cd5def2f8b41b686c6a2ffcb0,68bde98e0696765cd5def2f8b41b686c6a2ffcb0,d452106e697890439cfc94fdabfb6a80fb0fccc2,5269bfea2a1777b041e10edf9618ba613d44021ce89b3ff0d95093a81c095b65,ae9ef515059d52d7d85bbddc07c49cabd745c0f6e8e6aea4ffb9ca2d19553eb9,e6326a5da55f304b3234ce37519f34799d0f61696dfc2f64c315515bb2220775,d420d48630c4027c823141769690f9af747c700b7e4db288452d78e6c09bc1bd,f82cb76f0830c2a23e03fc79866725179feafe43d3b125e1c3e10dc331409c7f,189ee86f1039785fca56aedd68413cca625c8178330fcabcea8e8c760d8e707e,56dfa726e07260290a8d9bd5f9553bedef06c396ca7a2a1c14537ab134f1b661,42ef48b05a6df873c8625f632e53ce4fe584cf13f038f1c9ee6965bc3e739f7f,e7ea19cb04a7f80155352d849e3d8316e00f9ad70d1d12c4e534bd360491cd32,success,passed,false,1.2101617041793133e-08,1.7114270947149228e-08,1.7114270889351246e-08,1.2101617041793133e-08,True,True,steady_execution_v1,0.9436388770009216,0.09441142400100944,0.008887362000677967,1.046937663002609,0.15755125799999997,0.08138324899999999,0.133699262,120832,4258880,0.011130912003864069,,,,,,,0.13519708201420144,0.8851266000128817,0.09292188601466478,0.05788611601019511,0.0032029510075517464,0.005330107007466722,0.002350502007175237,0.0,0.0005163980022189207,,,,,,4,4,4,8,1,1,physical_hardware,packed_operation_v1,True,True,True,True,True,False,False,True,True,True,0.9992275440054393,0.9926456145652338,1.0,36,1,"[[0,0],[0,1],[0,2],[0,3]]",[0],"[""/dev/dpu_rank1""]"
training,measurement,edc_18q:4dpu_t8,edc_18q,4dpu_t8,cf23b184355b080f3bead1d9d754a3c2c295746793109413aedfff30da27b94e,path_cf23b184355b080f3bead1d9d754a3c2c295746793109413aedfff30da27b94e,4dpu_t8,1,0,26,9a2e757ca8e07146098656fabf40a837fb609019f867b1b2e25f5d7152ec017d,0808cdef-5f0e-4ec3-96bb-87cdbad3c83a,424886cb45ecf2f43b304da76c7333b4720fb882066e04025593821f1eba1e04,8b6ebfbd-1c06-4fb1-b4bf-4d072212375d,68bde98e0696765cd5def2f8b41b686c6a2ffcb0,68bde98e0696765cd5def2f8b41b686c6a2ffcb0,d452106e697890439cfc94fdabfb6a80fb0fccc2,5269bfea2a1777b041e10edf9618ba613d44021ce89b3ff0d95093a81c095b65,ae9ef515059d52d7d85bbddc07c49cabd745c0f6e8e6aea4ffb9ca2d19553eb9,e6326a5da55f304b3234ce37519f34799d0f61696dfc2f64c315515bb2220775,d420d48630c4027c823141769690f9af747c700b7e4db288452d78e6c09bc1bd,f82cb76f0830c2a23e03fc79866725179feafe43d3b125e1c3e10dc331409c7f,189ee86f1039785fca56aedd68413cca625c8178330fcabcea8e8c760d8e707e,56dfa726e07260290a8d9bd5f9553bedef06c396ca7a2a1c14537ab134f1b661,42ef48b05a6df873c8625f632e53ce4fe584cf13f038f1c9ee6965bc3e739f7f,e7ea19cb04a7f80155352d849e3d8316e00f9ad70d1d12c4e534bd360491cd32,success,passed,false,1.2101617041793133e-08,1.7114270947149228e-08,1.7114270889351246e-08,1.2101617041793133e-08,True,True,steady_execution_v1,0.9333980020019226,0.09682752899971092,0.005333115001121769,1.0355586460027553,0.157452898,0.080352686,0.126084562,120832,4258880,0.011042510999686783,,,,,,,0.1519657450298837,0.8801608219910122,0.11228120298619615,0.07946353789157001,0.002981905003252905,0.005041827982495306,0.0020289849671826232,0.0,0.0005118229892104864,,,,,,4,4,4,8,1,1,physical_hardware,packed_operation_v1,True,True,True,True,True,False,False,True,True,True,0.9992275440054393,0.9926456145652338,1.0,36,1,"[[0,0],[0,1],[0,2],[0,3]]",[0],"[""/dev/dpu_rank1""]"
training,measurement,edc_18q:4dpu_t8,edc_18q,4dpu_t8,cf23b184355b080f3bead1d9d754a3c2c295746793109413aedfff30da27b94e,path_cf23b184355b080f3bead1d9d754a3c2c295746793109413aedfff30da27b94e,4dpu_t8,2,1,23,e85c3e8374834ba29938d4a130b6d4cc2f25de6bb3c42b12fd547fb80e72d2f6,9ff3c922-4e60-40e2-aa5b-a11e8aa7bfb8,424886cb45ecf2f43b304da76c7333b4720fb882066e04025593821f1eba1e04,8b6ebfbd-1c06-4fb1-b4bf-4d072212375d,68bde98e0696765cd5def2f8b41b686c6a2ffcb0,68bde98e0696765cd5def2f8b41b686c6a2ffcb0,d452106e697890439cfc94fdabfb6a80fb0fccc2,5269bfea2a1777b041e10edf9618ba613d44021ce89b3ff0d95093a81c095b65,ae9ef515059d52d7d85bbddc07c49cabd745c0f6e8e6aea4ffb9ca2d19553eb9,e6326a5da55f304b3234ce37519f34799d0f61696dfc2f64c315515bb2220775,d420d48630c4027c823141769690f9af747c700b7e4db288452d78e6c09bc1bd,f82cb76f0830c2a23e03fc79866725179feafe43d3b125e1c3e10dc331409c7f,189ee86f1039785fca56aedd68413cca625c8178330fcabcea8e8c760d8e707e,56dfa726e07260290a8d9bd5f9553bedef06c396ca7a2a1c14537ab134f1b661,42ef48b05a6df873c8625f632e53ce4fe584cf13f038f1c9ee6965bc3e739f7f,e7ea19cb04a7f80155352d849e3d8316e00f9ad70d1d12c4e534bd360491cd32,success,passed,false,1.2101617041793133e-08,1.7114270947149228e-08,1.7114270889351246e-08,1.2101617041793133e-08,True,True,steady_execution_v1,0.8915685389983992,0.09586299099828466,0.005758762999903411,0.9931902929965872,0.15688634099999998,0.07947070199999999,0.120485393,120832,4258880,0.010670885010767961,,,,,,,0.12633867100157659,0.841735416022857,0.0874461020102899,0.05504904996269033,0.0029098580234858673,0.004901803044049302,0.0019838429652736522,0.0,0.0005001530007575639,,,,,,4,4,4,8,1,1,physical_hardware,packed_operation_v1,True,True,True,True,True,False,False,True,True,True,0.9992275440054393,0.9926456145652338,1.0,36,1,"[[0,0],[0,1],[0,2],[0,3]]",[0],"[""/dev/dpu_rank1""]"
training,measurement,edc_18q:4dpu_t8,edc_18q,4dpu_t8,cf23b184355b080f3bead1d9d754a3c2c295746793109413aedfff30da27b94e,path_cf23b184355b080f3bead1d9d754a3c2c295746793109413aedfff30da27b94e,4dpu_t8,3,2,15,3b807c125ec0c29924e2d2e9fa64cbb23b6ec659ce3dbb1e40203b96ee5c2580,e3de1ec5-e9de-4261-a09b-417a5d69240f,424886cb45ecf2f43b304da76c7333b4720fb882066e04025593821f1eba1e04,8b6ebfbd-1c06-4fb1-b4bf-4d072212375d,68bde98e0696765cd5def2f8b41b686c6a2ffcb0,68bde98e0696765cd5def2f8b41b686c6a2ffcb0,d452106e697890439cfc94fdabfb6a80fb0fccc2,5269bfea2a1777b041e10edf9618ba613d44021ce89b3ff0d95093a81c095b65,ae9ef515059d52d7d85bbddc07c49cabd745c0f6e8e6aea4ffb9ca2d19553eb9,e6326a5da55f304b3234ce37519f34799d0f61696dfc2f64c315515bb2220775,d420d48630c4027c823141769690f9af747c700b7e4db288452d78e6c09bc1bd,f82cb76f0830c2a23e03fc79866725179feafe43d3b125e1c3e10dc331409c7f,189ee86f1039785fca56aedd68413cca625c8178330fcabcea8e8c760d8e707e,56dfa726e07260290a8d9bd5f9553bedef06c396ca7a2a1c14537ab134f1b661,42ef48b05a6df873c8625f632e53ce4fe584cf13f038f1c9ee6965bc3e739f7f,e7ea19cb04a7f80155352d849e3d8316e00f9ad70d1d12c4e534bd360491cd32,success,passed,false,1.2101617041793133e-08,1.7114270947149228e-08,1.7114270889351246e-08,1.2101617041793133e-08,True,True,steady_execution_v1,0.9014161699997203,0.10472486199796549,0.006783461001759861,1.0129244929994456,0.157330884,0.08036247000000002,0.12385923600000001,120832,4258880,0.010556512992479838,,,,,,,0.12847110398797668,0.851942637040338,0.08900062398606678,0.05598488597024698,0.0029463339742505923,0.004964702948200284,0.002062132003629813,0.0,0.0005039420138928108,,,,,,4,4,4,8,1,1,physical_hardware,packed_operation_v1,True,True,True,True,True,False,False,True,True,True,0.9992275440054393,0.9926456145652338,1.0,36,1,"[[0,0],[0,1],[0,2],[0,3]]",[0],"[""/dev/dpu_rank1""]"
training,warmup,edc_18q:4dpu_t8,edc_18q,4dpu_t8,eac9804cb5170ee98914be6544759ae4f7f6db14b31bb57fda7a9e7c5ef02951,path_eac9804cb5170ee98914be6544759ae4f7f6db14b31bb57fda7a9e7c5ef02951,4dpu_t8,0,0,32,accc0156e7a7a251c9d626e6351aa222cd66f6456b68911430d8ed77867ae641,501a7e23-e3a5-4355-ad7a-04978d1d6aa5,424886cb45ecf2f43b304da76c7333b4720fb882066e04025593821f1eba1e04,8b6ebfbd-1c06-4fb1-b4bf-4d072212375d,68bde98e0696765cd5def2f8b41b686c6a2ffcb0,68bde98e0696765cd5def2f8b41b686c6a2ffcb0,d452106e697890439cfc94fdabfb6a80fb0fccc2,5269bfea2a1777b041e10edf9618ba613d44021ce89b3ff0d95093a81c095b65,ae9ef515059d52d7d85bbddc07c49cabd745c0f6e8e6aea4ffb9ca2d19553eb9,e6326a5da55f304b3234ce37519f34799d0f61696dfc2f64c315515bb2220775,d420d48630c4027c823141769690f9af747c700b7e4db288452d78e6c09bc1bd,a33781d3ecb4033be9c70065b46bebae5ded4aecc850c21688708e8179a6c2bd,f0ba125bf8636f7b0f7935bf5a2b2f068a3c7e21539cc433cfc9b6dd9f9c4d88,56dfa726e07260290a8d9bd5f9553bedef06c396ca7a2a1c14537ab134f1b661,42ef48b05a6df873c8625f632e53ce4fe584cf13f038f1c9ee6965bc3e739f7f,e7ea19cb04a7f80155352d849e3d8316e00f9ad70d1d12c4e534bd360491cd32,success,passed,false,1.2101617041793133e-08,1.7114270947149228e-08,1.7114270889351246e-08,1.2101617041793133e-08,True,True,steady_execution_v1,0.9203795329995046,0.13062170699777198,0.0061104760025045834,1.0571117159997812,0.16367049100000003,0.08510926199999999,0.123467241,188608,4334528,0.011528317001648247,,,,,,,0.12837155200759298,0.8654980029750732,0.08860471198931918,0.05581637092473102,0.0030045289895497262,0.0050807519401132595,0.0022136519619380124,0.0,0.0005015499846194871,,,,,,4,4,4,8,1,1,physical_hardware,packed_operation_v1,True,True,True,True,True,False,False,True,True,True,0.9994674692356792,0.9872155506405214,1.0,36,2,"[[0,0],[0,1],[0,2],[0,3]]",[0],"[""/dev/dpu_rank1""]"
training,measurement,edc_18q:4dpu_t8,edc_18q,4dpu_t8,eac9804cb5170ee98914be6544759ae4f7f6db14b31bb57fda7a9e7c5ef02951,path_eac9804cb5170ee98914be6544759ae4f7f6db14b31bb57fda7a9e7c5ef02951,4dpu_t8,1,0,0,176e0e2417d1a1090cc3c3efcc8898639e4be8b0ed4d742251c7a836e052b833,8da86278-8c6b-4320-b315-1e8b796c4e52,424886cb45ecf2f43b304da76c7333b4720fb882066e04025593821f1eba1e04,8b6ebfbd-1c06-4fb1-b4bf-4d072212375d,68bde98e0696765cd5def2f8b41b686c6a2ffcb0,68bde98e0696765cd5def2f8b41b686c6a2ffcb0,d452106e697890439cfc94fdabfb6a80fb0fccc2,5269bfea2a1777b041e10edf9618ba613d44021ce89b3ff0d95093a81c095b65,ae9ef515059d52d7d85bbddc07c49cabd745c0f6e8e6aea4ffb9ca2d19553eb9,e6326a5da55f304b3234ce37519f34799d0f61696dfc2f64c315515bb2220775,d420d48630c4027c823141769690f9af747c700b7e4db288452d78e6c09bc1bd,a33781d3ecb4033be9c70065b46bebae5ded4aecc850c21688708e8179a6c2bd,f0ba125bf8636f7b0f7935bf5a2b2f068a3c7e21539cc433cfc9b6dd9f9c4d88,56dfa726e07260290a8d9bd5f9553bedef06c396ca7a2a1c14537ab134f1b661,42ef48b05a6df873c8625f632e53ce4fe584cf13f038f1c9ee6965bc3e739f7f,e7ea19cb04a7f80155352d849e3d8316e00f9ad70d1d12c4e534bd360491cd32,success,passed,false,1.2101617041793133e-08,1.7114270947149228e-08,1.7114270889351246e-08,1.2101617041793133e-08,True,True,steady_execution_v1,0.9557162950004567,0.12822636800046894,0.0058153209974989295,1.0897579839984246,0.16352093900000003,0.08631445500000001,0.108515708,188608,4334528,0.011581660019146511,,,,,,,0.13435510300769238,0.8932628500078863,0.09241340800144826,0.05784653807859286,0.0033136260099126957,0.005325045975041576,0.0025240200047846884,0.0,0.0005081140006950591,,,,,,4,4,4,8,1,1,physical_hardware,packed_operation_v1,True,True,True,True,True,False,False,True,True,True,0.9994674692356792,0.9872155506405214,1.0,36,2,"[[0,0],[0,1],[0,2],[0,3]]",[0],"[""/dev/dpu_rank1""]"
training,measurement,edc_18q:4dpu_t8,edc_18q,4dpu_t8,eac9804cb5170ee98914be6544759ae4f7f6db14b31bb57fda7a9e7c5ef02951,path_eac9804cb5170ee98914be6544759ae4f7f6db14b31bb57fda7a9e7c5ef02951,4dpu_t8,2,1,36,ca4fc457c64a9bb7c824ef6b54ded538e92765900e08c8b436f358aaf279d349,b88d1ed1-ee38-4e9b-8ee6-d2b127da2b3a,424886cb45ecf2f43b304da76c7333b4720fb882066e04025593821f1eba1e04,8b6ebfbd-1c06-4fb1-b4bf-4d072212375d,68bde98e0696765cd5def2f8b41b686c6a2ffcb0,68bde98e0696765cd5def2f8b41b686c6a2ffcb0,d452106e697890439cfc94fdabfb6a80fb0fccc2,5269bfea2a1777b041e10edf9618ba613d44021ce89b3ff0d95093a81c095b65,ae9ef515059d52d7d85bbddc07c49cabd745c0f6e8e6aea4ffb9ca2d19553eb9,e6326a5da55f304b3234ce37519f34799d0f61696dfc2f64c315515bb2220775,d420d48630c4027c823141769690f9af747c700b7e4db288452d78e6c09bc1bd,a33781d3ecb4033be9c70065b46bebae5ded4aecc850c21688708e8179a6c2bd,f0ba125bf8636f7b0f7935bf5a2b2f068a3c7e21539cc433cfc9b6dd9f9c4d88,56dfa726e07260290a8d9bd5f9553bedef06c396ca7a2a1c14537ab134f1b661,42ef48b05a6df873c8625f632e53ce4fe584cf13f038f1c9ee6965bc3e739f7f,e7ea19cb04a7f80155352d849e3d8316e00f9ad70d1d12c4e534bd360491cd32,success,passed,false,1.2101617041793133e-08,1.7114270947149228e-08,1.7114270889351246e-08,1.2101617041793133e-08,True,True,steady_execution_v1,1.1448381070003961,0.12190501000077347,0.005063095999503275,1.2718062130006729,0.158759274,0.063051557,0.12271194899999999,188608,4334528,0.01769128599698888,,,,,,,0.22903324900835287,1.06438820999756,0.17131342100401525,0.11945153698979993,0.004007344996352913,0.00834955193568021,0.003340701019624248,0.0,0.0005886420003662352,,,,,,4,4,4,8,1,1,physical_hardware,packed_operation_v1,True,True,True,True,True,False,False,True,True,True,0.9994674692356792,0.9872155506405214,1.0,36,2,"[[0,0],[0,1],[0,2],[0,3]]",[0],"[""/dev/dpu_rank1""]"
training,measurement,edc_18q:4dpu_t8,edc_18q,4dpu_t8,eac9804cb5170ee98914be6544759ae4f7f6db14b31bb57fda7a9e7c5ef02951,path_eac9804cb5170ee98914be6544759ae4f7f6db14b31bb57fda7a9e7c5ef02951,4dpu_t8,3,2,2,30358e84f1927776216d7cd0098da1de226a0cad8f4acdb00198899c29980a98,f12aad84-abe1-4f94-b57a-274ade58a7e5,424886cb45ecf2f43b304da76c7333b4720fb882066e04025593821f1eba1e04,8b6ebfbd-1c06-4fb1-b4bf-4d072212375d,68bde98e0696765cd5def2f8b41b686c6a2ffcb0,68bde98e0696765cd5def2f8b41b686c6a2ffcb0,d452106e697890439cfc94fdabfb6a80fb0fccc2,5269bfea2a1777b041e10edf9618ba613d44021ce89b3ff0d95093a81c095b65,ae9ef515059d52d7d85bbddc07c49cabd745c0f6e8e6aea4ffb9ca2d19553eb9,e6326a5da55f304b3234ce37519f34799d0f61696dfc2f64c315515bb2220775,d420d48630c4027c823141769690f9af747c700b7e4db288452d78e6c09bc1bd,a33781d3ecb4033be9c70065b46bebae5ded4aecc850c21688708e8179a6c2bd,f0ba125bf8636f7b0f7935bf5a2b2f068a3c7e21539cc433cfc9b6dd9f9c4d88,56dfa726e07260290a8d9bd5f9553bedef06c396ca7a2a1c14537ab134f1b661,42ef48b05a6df873c8625f632e53ce4fe584cf13f038f1c9ee6965bc3e739f7f,e7ea19cb04a7f80155352d849e3d8316e00f9ad70d1d12c4e534bd360491cd32,success,passed,false,1.2101617041793133e-08,1.7114270947149228e-08,1.7114270889351246e-08,1.2101617041793133e-08,True,True,steady_execution_v1,0.9506933989978279,0.1251542870013509,0.005325665999407647,1.0811733519985864,0.16459379899999999,0.08608349100000003,0.125050713,188608,4334528,0.01188044198352145,,,,,,,0.13604058103010175,0.8948808559871395,0.09419435100426199,0.059423282924399246,0.003227550994779449,0.005372537023504265,0.002318799961358309,0.0,0.0005178709834581241,,,,,,4,4,4,8,1,1,physical_hardware,packed_operation_v1,True,True,True,True,True,False,False,True,True,True,0.9994674692356792,0.9872155506405214,1.0,36,2,"[[0,0],[0,1],[0,2],[0,3]]",[0],"[""/dev/dpu_rank1""]"
training,warmup,ghz_chain_18q:1dpu_t8,ghz_chain_18q,1dpu_t8,0f1afe2ce698cbfcd1496d867ba787cb5cdd487ef3b05e9bb140d58eee826743,path_0f1afe2ce698cbfcd1496d867ba787cb5cdd487ef3b05e9bb140d58eee826743,1dpu_t8,0,0,3,eba2837b788dcb9ac4df7b7a4b9c01db0f6d1c07ea9ea51d6cd15157e0c63891,6e438964-f75c-4d44-aaa1-adb14a684004,424886cb45ecf2f43b304da76c7333b4720fb882066e04025593821f1eba1e04,8b6ebfbd-1c06-4fb1-b4bf-4d072212375d,68bde98e0696765cd5def2f8b41b686c6a2ffcb0,68bde98e0696765cd5def2f8b41b686c6a2ffcb0,d452106e697890439cfc94fdabfb6a80fb0fccc2,5269bfea2a1777b041e10edf9618ba613d44021ce89b3ff0d95093a81c095b65,ae9ef515059d52d7d85bbddc07c49cabd745c0f6e8e6aea4ffb9ca2d19553eb9,3991981dd57dd352828debc445aac58a2ffa9111277b1a91939c2ea91d489f59,54e9741ad70140f854674404fb85fd72270eb01fa1578e73ac17316a2cacb7d0,83da361a1f41fb6ad1126a28e4912204d26ee08f2cf5d1f2f3e6a45afa680193,b339554c1c011147606fa6826481e80e704ba99b1984a3bb23ffb298eb0033ac,56dfa726e07260290a8d9bd5f9553bedef06c396ca7a2a1c14537ab134f1b661,42ef48b05a6df873c8625f632e53ce4fe584cf13f038f1c9ee6965bc3e739f7f,ac0e25072d97cb6e62f1e9e8f21de6173919bc6560ed41ab51e8aaed7faea51f,success,passed,false,1.2101617041793133e-08,1.7114270947149228e-08,1.7114270889351246e-08,1.2101617041793133e-08,True,True,steady_execution_v1,6.019396126001084,0.1266863890014065,0.01597493200097233,6.162057447003463,2.016920029,0.5895011889999999,0.6365333690000001,2965440,7053888,0.022495307002827758,,,,,,,0.5426216880114225,5.911583224031347,0.42547170101533993,0.16204276427743025,0.024431412988633383,0.019688939024490537,0.012499552100052824,0.0,0.003506191096676048,,,,,,1,1,1,8,1,1,physical_hardware,packed_operation_v1,True,True,True,True,True,False,False,True,True,True,0.6997178365716743,1.0,1.0,371,371,"[[0,0]]",[0],"[""/dev/dpu_rank1""]"
training,measurement,ghz_chain_18q:1dpu_t8,ghz_chain_18q,1dpu_t8,0f1afe2ce698cbfcd1496d867ba787cb5cdd487ef3b05e9bb140d58eee826743,path_0f1afe2ce698cbfcd1496d867ba787cb5cdd487ef3b05e9bb140d58eee826743,1dpu_t8,1,0,45,09a553a65ff39fae7a28f4a3a606a8e7bbec05beaf464e12c0b7f88e1843e18e,7a0236a9-e351-41bf-9bd3-08496565d839,424886cb45ecf2f43b304da76c7333b4720fb882066e04025593821f1eba1e04,8b6ebfbd-1c06-4fb1-b4bf-4d072212375d,68bde98e0696765cd5def2f8b41b686c6a2ffcb0,68bde98e0696765cd5def2f8b41b686c6a2ffcb0,d452106e697890439cfc94fdabfb6a80fb0fccc2,5269bfea2a1777b041e10edf9618ba613d44021ce89b3ff0d95093a81c095b65,ae9ef515059d52d7d85bbddc07c49cabd745c0f6e8e6aea4ffb9ca2d19553eb9,3991981dd57dd352828debc445aac58a2ffa9111277b1a91939c2ea91d489f59,54e9741ad70140f854674404fb85fd72270eb01fa1578e73ac17316a2cacb7d0,83da361a1f41fb6ad1126a28e4912204d26ee08f2cf5d1f2f3e6a45afa680193,b339554c1c011147606fa6826481e80e704ba99b1984a3bb23ffb298eb0033ac,56dfa726e07260290a8d9bd5f9553bedef06c396ca7a2a1c14537ab134f1b661,42ef48b05a6df873c8625f632e53ce4fe584cf13f038f1c9ee6965bc3e739f7f,ac0e25072d97cb6e62f1e9e8f21de6173919bc6560ed41ab51e8aaed7faea51f,success,passed,false,1.2101617041793133e-08,1.7114270947149228e-08,1.7114270889351246e-08,1.2101617041793133e-08,True,True,steady_execution_v1,6.018620187001943,0.1250235049992625,0.01366243800293887,6.1573061300041445,1.9989856459999995,0.5859214139999998,0.5861162080000001,2965440,7053888,0.021503893007320585,,,,,,,0.5349587879936735,5.913531022983079,0.4205065771093359,0.16001918598703924,0.02424202200563741,0.01950695198320318,0.012489476022892632,0.0,0.003496104010991985,,,,,,1,1,1,8,1,1,physical_hardware,packed_operation_v1,True,True,True,True,True,False,False,True,True,True,0.6997178365716743,1.0,1.0,371,371,"[[0,0]]",[0],"[""/dev/dpu_rank1""]"
training,measurement,ghz_chain_18q:1dpu_t8,ghz_chain_18q,1dpu_t8,0f1afe2ce698cbfcd1496d867ba787cb5cdd487ef3b05e9bb140d58eee826743,path_0f1afe2ce698cbfcd1496d867ba787cb5cdd487ef3b05e9bb140d58eee826743,1dpu_t8,2,1,34,1c915d6c3adbd67d15c98cb397d57c5efc63823693ab26d976e03e5cc939ba97,3a323db3-b3b5-4a6b-8a8d-2f03e8ff067b,424886cb45ecf2f43b304da76c7333b4720fb882066e04025593821f1eba1e04,8b6ebfbd-1c06-4fb1-b4bf-4d072212375d,68bde98e0696765cd5def2f8b41b686c6a2ffcb0,68bde98e0696765cd5def2f8b41b686c6a2ffcb0,d452106e697890439cfc94fdabfb6a80fb0fccc2,5269bfea2a1777b041e10edf9618ba613d44021ce89b3ff0d95093a81c095b65,ae9ef515059d52d7d85bbddc07c49cabd745c0f6e8e6aea4ffb9ca2d19553eb9,3991981dd57dd352828debc445aac58a2ffa9111277b1a91939c2ea91d489f59,54e9741ad70140f854674404fb85fd72270eb01fa1578e73ac17316a2cacb7d0,83da361a1f41fb6ad1126a28e4912204d26ee08f2cf5d1f2f3e6a45afa680193,b339554c1c011147606fa6826481e80e704ba99b1984a3bb23ffb298eb0033ac,56dfa726e07260290a8d9bd5f9553bedef06c396ca7a2a1c14537ab134f1b661,42ef48b05a6df873c8625f632e53ce4fe584cf13f038f1c9ee6965bc3e739f7f,ac0e25072d97cb6e62f1e9e8f21de6173919bc6560ed41ab51e8aaed7faea51f,success,passed,false,1.2101617041793133e-08,1.7114270947149228e-08,1.7114270889351246e-08,1.2101617041793133e-08,True,True,steady_execution_v1,5.918807340000058,0.12205632200129912,0.011743374001525808,6.0526070360028825,2.006477694,0.5853005359999999,0.5684069709999999,2965440,7053888,0.0219056769819872,,,,,,,0.5339867679831514,5.814004013984231,0.42037497699129744,0.15930576088430826,0.024222855969128432,0.019462905976979528,0.012415261939167976,0.0,0.0034781539361574687,,,,,,1,1,1,8,1,1,physical_hardware,packed_operation_v1,True,True,True,True,True,False,False,True,True,True,0.6997178365716743,1.0,1.0,371,371,"[[0,0]]",[0],"[""/dev/dpu_rank1""]"
training,measurement,ghz_chain_18q:1dpu_t8,ghz_chain_18q,1dpu_t8,0f1afe2ce698cbfcd1496d867ba787cb5cdd487ef3b05e9bb140d58eee826743,path_0f1afe2ce698cbfcd1496d867ba787cb5cdd487ef3b05e9bb140d58eee826743,1dpu_t8,3,2,19,54b2166f2182b2c553211d319782cf1ecc7c218da08b8c3c65a1b4a1522ca754,3dfda4b9-363b-4544-89af-13bdef9dbc75,424886cb45ecf2f43b304da76c7333b4720fb882066e04025593821f1eba1e04,8b6ebfbd-1c06-4fb1-b4bf-4d072212375d,68bde98e0696765cd5def2f8b41b686c6a2ffcb0,68bde98e0696765cd5def2f8b41b686c6a2ffcb0,d452106e697890439cfc94fdabfb6a80fb0fccc2,5269bfea2a1777b041e10edf9618ba613d44021ce89b3ff0d95093a81c095b65,ae9ef515059d52d7d85bbddc07c49cabd745c0f6e8e6aea4ffb9ca2d19553eb9,3991981dd57dd352828debc445aac58a2ffa9111277b1a91939c2ea91d489f59,54e9741ad70140f854674404fb85fd72270eb01fa1578e73ac17316a2cacb7d0,83da361a1f41fb6ad1126a28e4912204d26ee08f2cf5d1f2f3e6a45afa680193,b339554c1c011147606fa6826481e80e704ba99b1984a3bb23ffb298eb0033ac,56dfa726e07260290a8d9bd5f9553bedef06c396ca7a2a1c14537ab134f1b661,42ef48b05a6df873c8625f632e53ce4fe584cf13f038f1c9ee6965bc3e739f7f,ac0e25072d97cb6e62f1e9e8f21de6173919bc6560ed41ab51e8aaed7faea51f,success,passed,false,1.2101617041793133e-08,1.7114270947149228e-08,1.7114270889351246e-08,1.2101617041793133e-08,True,True,steady_execution_v1,5.9233692469970265,0.11586533000081545,0.013271709001855925,6.052506285999698,2.0014777829999995,0.567684619,0.5574975119999999,2965440,7053888,0.021216351004113676,,,,,,,0.5660255330039945,5.818871482002578,0.452337000042462,0.16051976682501845,0.02428741405310575,0.0195233770282357,0.012503596903115977,0.0,0.003498567919450579,,,,,,1,1,1,8,1,1,physical_hardware,packed_operation_v1,True,True,True,True,True,False,False,True,True,True,0.6997178365716743,1.0,1.0,371,371,"[[0,0]]",[0],"[""/dev/dpu_rank1""]"
training,warmup,ghz_chain_18q:1dpu_t8,ghz_chain_18q,1dpu_t8,70e093aa7774e13885fc1dd7ad3acb7d0a2b9bea8a067289a654fbe18566a8c5,path_70e093aa7774e13885fc1dd7ad3acb7d0a2b9bea8a067289a654fbe18566a8c5,1dpu_t8,0,0,30,ac8d46e7aada4ab08ee271b908d2f5c096c2a2f5cbd00a0f6d501ea1288fd1d6,85146311-7648-4b7c-a4be-9908ae682823,424886cb45ecf2f43b304da76c7333b4720fb882066e04025593821f1eba1e04,8b6ebfbd-1c06-4fb1-b4bf-4d072212375d,68bde98e0696765cd5def2f8b41b686c6a2ffcb0,68bde98e0696765cd5def2f8b41b686c6a2ffcb0,d452106e697890439cfc94fdabfb6a80fb0fccc2,5269bfea2a1777b041e10edf9618ba613d44021ce89b3ff0d95093a81c095b65,ae9ef515059d52d7d85bbddc07c49cabd745c0f6e8e6aea4ffb9ca2d19553eb9,3991981dd57dd352828debc445aac58a2ffa9111277b1a91939c2ea91d489f59,54e9741ad70140f854674404fb85fd72270eb01fa1578e73ac17316a2cacb7d0,941594304206db74838787c5a2ceaaa34f6813500e6be58b1f9db48355c4a229,f5ba50978adbdfbabd5197a61352b90417ffca05a0ac142fc9993afaf44340ef,56dfa726e07260290a8d9bd5f9553bedef06c396ca7a2a1c14537ab134f1b661,42ef48b05a6df873c8625f632e53ce4fe584cf13f038f1c9ee6965bc3e739f7f,ac0e25072d97cb6e62f1e9e8f21de6173919bc6560ed41ab51e8aaed7faea51f,success,passed,false,1.2101617041793133e-08,1.7114270947149228e-08,1.7114270889351246e-08,1.2101617041793133e-08,True,True,steady_execution_v1,1.4440809369989438,0.119584104999376,0.006379005000781035,1.5700440469991008,0.606421028,0.075456027,0.147260171,228448,4380000,0.013125189987476915,,,,,,,0.1224656500198762,1.3846679190100986,0.07905401999960304,0.02955581104833982,0.004366847027995391,0.0037081700284034014,0.0018059380126942415,0.0,0.0006456620249082334,,,,,,1,1,1,8,1,1,physical_hardware,packed_operation_v1,True,True,True,True,True,False,False,True,True,True,0.9990081979212414,1.0,1.0,51,51,"[[0,0]]",[0],"[""/dev/dpu_rank1""]"
training,measurement,ghz_chain_18q:1dpu_t8,ghz_chain_18q,1dpu_t8,70e093aa7774e13885fc1dd7ad3acb7d0a2b9bea8a067289a654fbe18566a8c5,path_70e093aa7774e13885fc1dd7ad3acb7d0a2b9bea8a067289a654fbe18566a8c5,1dpu_t8,1,0,36,6817a7af626e1df5e431cae6584b619b4e8b62b62a812e3358832a803887ce48,42f40f56-8a48-4ce7-bc4e-083f3a5caca0,424886cb45ecf2f43b304da76c7333b4720fb882066e04025593821f1eba1e04,8b6ebfbd-1c06-4fb1-b4bf-4d072212375d,68bde98e0696765cd5def2f8b41b686c6a2ffcb0,68bde98e0696765cd5def2f8b41b686c6a2ffcb0,d452106e697890439cfc94fdabfb6a80fb0fccc2,5269bfea2a1777b041e10edf9618ba613d44021ce89b3ff0d95093a81c095b65,ae9ef515059d52d7d85bbddc07c49cabd745c0f6e8e6aea4ffb9ca2d19553eb9,3991981dd57dd352828debc445aac58a2ffa9111277b1a91939c2ea91d489f59,54e9741ad70140f854674404fb85fd72270eb01fa1578e73ac17316a2cacb7d0,941594304206db74838787c5a2ceaaa34f6813500e6be58b1f9db48355c4a229,f5ba50978adbdfbabd5197a61352b90417ffca05a0ac142fc9993afaf44340ef,56dfa726e07260290a8d9bd5f9553bedef06c396ca7a2a1c14537ab134f1b661,42ef48b05a6df873c8625f632e53ce4fe584cf13f038f1c9ee6965bc3e739f7f,ac0e25072d97cb6e62f1e9e8f21de6173919bc6560ed41ab51e8aaed7faea51f,success,passed,false,1.2101617041793133e-08,1.7114270947149228e-08,1.7114270889351246e-08,1.2101617041793133e-08,True,True,steady_execution_v1,1.4187012699985644,0.12066674300149316,0.0059003040005336516,1.5452683170005912,0.6074280419999999,0.070134484,0.13154499,228448,4380000,0.013156907996744849,,,,,,,0.12170190101824119,1.3595146699772158,0.07799295102086035,0.029089171013765736,0.004224987013003556,0.003664806023152778,0.0017892299838422332,0.0,0.000640564026980428,,,,,,1,1,1,8,1,1,physical_hardware,packed_operation_v1,True,True,True,True,True,False,False,True,True,True,0.9990081979212414,1.0,1.0,51,51,"[[0,0]]",[0],"[""/dev/dpu_rank1""]"
training,measurement,ghz_chain_18q:1dpu_t8,ghz_chain_18q,1dpu_t8,70e093aa7774e13885fc1dd7ad3acb7d0a2b9bea8a067289a654fbe18566a8c5,path_70e093aa7774e13885fc1dd7ad3acb7d0a2b9bea8a067289a654fbe18566a8c5,1dpu_t8,2,1,6,56309f6dba374d129c8241ca63c444b0a4de11782f77546521833023d8219b2d,16f915bb-edbd-4ec5-890c-7da161e87ef0,424886cb45ecf2f43b304da76c7333b4720fb882066e04025593821f1eba1e04,8b6ebfbd-1c06-4fb1-b4bf-4d072212375d,68bde98e0696765cd5def2f8b41b686c6a2ffcb0,68bde98e0696765cd5def2f8b41b686c6a2ffcb0,d452106e697890439cfc94fdabfb6a80fb0fccc2,5269bfea2a1777b041e10edf9618ba613d44021ce89b3ff0d95093a81c095b65,ae9ef515059d52d7d85bbddc07c49cabd745c0f6e8e6aea4ffb9ca2d19553eb9,3991981dd57dd352828debc445aac58a2ffa9111277b1a91939c2ea91d489f59,54e9741ad70140f854674404fb85fd72270eb01fa1578e73ac17316a2cacb7d0,941594304206db74838787c5a2ceaaa34f6813500e6be58b1f9db48355c4a229,f5ba50978adbdfbabd5197a61352b90417ffca05a0ac142fc9993afaf44340ef,56dfa726e07260290a8d9bd5f9553bedef06c396ca7a2a1c14537ab134f1b661,42ef48b05a6df873c8625f632e53ce4fe584cf13f038f1c9ee6965bc3e739f7f,ac0e25072d97cb6e62f1e9e8f21de6173919bc6560ed41ab51e8aaed7faea51f,success,passed,false,1.2101617041793133e-08,1.7114270947149228e-08,1.7114270889351246e-08,1.2101617041793133e-08,True,True,steady_execution_v1,1.4122032539999054,0.11812597899916,0.005635027999232989,1.5359642609982984,0.6046664960000001,0.06903762,0.130974345,228448,4380000,0.012626667990843998,,,,,,,0.12103296901477734,1.3543224850400293,0.07825873699039221,0.029185209012212,0.004332723990955856,0.003695185972901527,0.0017853250101325102,0.0,0.0006311900069704279,,,,,,1,1,1,8,1,1,physical_hardware,packed_operation_v1,True,True,True,True,True,False,False,True,True,True,0.9990081979212414,1.0,1.0,51,51,"[[0,0]]",[0],"[""/dev/dpu_rank1""]"
training,measurement,ghz_chain_18q:1dpu_t8,ghz_chain_18q,1dpu_t8,70e093aa7774e13885fc1dd7ad3acb7d0a2b9bea8a067289a654fbe18566a8c5,path_70e093aa7774e13885fc1dd7ad3acb7d0a2b9bea8a067289a654fbe18566a8c5,1dpu_t8,3,2,18,6d9e636462d346811fccfc1ae36a9d02a1ae6a2950b7e2af0e2f58b00b8c5877,cdb66191-550e-454c-aeb9-58f6f7a9374a,424886cb45ecf2f43b304da76c7333b4720fb882066e04025593821f1eba1e04,8b6ebfbd-1c06-4fb1-b4bf-4d072212375d,68bde98e0696765cd5def2f8b41b686c6a2ffcb0,68bde98e0696765cd5def2f8b41b686c6a2ffcb0,d452106e697890439cfc94fdabfb6a80fb0fccc2,5269bfea2a1777b041e10edf9618ba613d44021ce89b3ff0d95093a81c095b65,ae9ef515059d52d7d85bbddc07c49cabd745c0f6e8e6aea4ffb9ca2d19553eb9,3991981dd57dd352828debc445aac58a2ffa9111277b1a91939c2ea91d489f59,54e9741ad70140f854674404fb85fd72270eb01fa1578e73ac17316a2cacb7d0,941594304206db74838787c5a2ceaaa34f6813500e6be58b1f9db48355c4a229,f5ba50978adbdfbabd5197a61352b90417ffca05a0ac142fc9993afaf44340ef,56dfa726e07260290a8d9bd5f9553bedef06c396ca7a2a1c14537ab134f1b661,42ef48b05a6df873c8625f632e53ce4fe584cf13f038f1c9ee6965bc3e739f7f,ac0e25072d97cb6e62f1e9e8f21de6173919bc6560ed41ab51e8aaed7faea51f,success,passed,false,1.2101617041793133e-08,1.7114270947149228e-08,1.7114270889351246e-08,1.2101617041793133e-08,True,True,steady_execution_v1,1.4186514250031905,0.12356126300073811,0.005147489002411021,1.5473601770063397,0.6034605580000001,0.069860338,0.134462463,228448,4380000,0.01277469899650896,,,,,,,0.11814490899269003,1.3599856750188337,0.07550915098545374,0.02809119400990312,0.004136396975809475,0.0035571560001699254,0.0017026480236381758,0.0,0.0006056060155970044,,,,,,1,1,1,8,1,1,physical_hardware,packed_operation_v1,True,True,True,True,True,False,False,True,True,True,0.9990081979212414,1.0,1.0,51,51,"[[0,0]]",[0],"[""/dev/dpu_rank1""]"
training,warmup,ghz_chain_18q:1dpu_t8,ghz_chain_18q,1dpu_t8,8a53a83c45b1a831a0d3d09f8b5393cd82dbadedaf2a239bc0a4da1843a470a4,path_8a53a83c45b1a831a0d3d09f8b5393cd82dbadedaf2a239bc0a4da1843a470a4,1dpu_t8,0,0,38,1e91277be57227489b4c7c5c312ee8e5a3cbb4781d63c088f0087fe01c36dd7b,7a5ff0b5-4d10-4a08-8be5-8f6e9162b0ae,424886cb45ecf2f43b304da76c7333b4720fb882066e04025593821f1eba1e04,8b6ebfbd-1c06-4fb1-b4bf-4d072212375d,68bde98e0696765cd5def2f8b41b686c6a2ffcb0,68bde98e0696765cd5def2f8b41b686c6a2ffcb0,d452106e697890439cfc94fdabfb6a80fb0fccc2,5269bfea2a1777b041e10edf9618ba613d44021ce89b3ff0d95093a81c095b65,ae9ef515059d52d7d85bbddc07c49cabd745c0f6e8e6aea4ffb9ca2d19553eb9,3991981dd57dd352828debc445aac58a2ffa9111277b1a91939c2ea91d489f59,54e9741ad70140f854674404fb85fd72270eb01fa1578e73ac17316a2cacb7d0,103bb82686d73369c17011eb6fb0d51edca4593ec3ec167682975f34a8229d8d,30cb9ab8264481cd409fd2b63dd12aa75d41c6d0fcb4b2983f0b70899ca528a0,56dfa726e07260290a8d9bd5f9553bedef06c396ca7a2a1c14537ab134f1b661,42ef48b05a6df873c8625f632e53ce4fe584cf13f038f1c9ee6965bc3e739f7f,ac0e25072d97cb6e62f1e9e8f21de6173919bc6560ed41ab51e8aaed7faea51f,success,passed,false,1.2101617041793133e-08,1.7114270947149228e-08,1.7114270889351246e-08,1.2101617041793133e-08,True,True,steady_execution_v1,1.2153781930028345,0.0950215480006591,0.008987414999864995,1.3193871560033585,0.568936783,0.05227751,0.11700292200000001,90784,4250656,0.010639582986186724,,,,,,,0.09376907500336529,1.1619229730167717,0.054815586991026066,0.02031155202712398,0.0031410619558300823,0.002618463011458516,0.0010143060244445223,0.0,0.00043811700743390247,,,,,,1,1,1,8,1,1,physical_hardware,packed_operation_v1,True,True,True,True,True,False,False,True,True,True,0.9992979275197335,1.0,1.0,38,38,"[[0,0]]",[0],"[""/dev/dpu_rank1""]"
training,measurement,ghz_chain_18q:1dpu_t8,ghz_chain_18q,1dpu_t8,8a53a83c45b1a831a0d3d09f8b5393cd82dbadedaf2a239bc0a4da1843a470a4,path_8a53a83c45b1a831a0d3d09f8b5393cd82dbadedaf2a239bc0a4da1843a470a4,1dpu_t8,1,0,19,c83a0e167b998ad738d4208a4cf7f8dd833c12bb6cbfc00db184feaa7eed738e,554072f9-8f8b-4fe9-b1c0-e406f0ed77b6,424886cb45ecf2f43b304da76c7333b4720fb882066e04025593821f1eba1e04,8b6ebfbd-1c06-4fb1-b4bf-4d072212375d,68bde98e0696765cd5def2f8b41b686c6a2ffcb0,68bde98e0696765cd5def2f8b41b686c6a2ffcb0,d452106e697890439cfc94fdabfb6a80fb0fccc2,5269bfea2a1777b041e10edf9618ba613d44021ce89b3ff0d95093a81c095b65,ae9ef515059d52d7d85bbddc07c49cabd745c0f6e8e6aea4ffb9ca2d19553eb9,3991981dd57dd352828debc445aac58a2ffa9111277b1a91939c2ea91d489f59,54e9741ad70140f854674404fb85fd72270eb01fa1578e73ac17316a2cacb7d0,103bb82686d73369c17011eb6fb0d51edca4593ec3ec167682975f34a8229d8d,30cb9ab8264481cd409fd2b63dd12aa75d41c6d0fcb4b2983f0b70899ca528a0,56dfa726e07260290a8d9bd5f9553bedef06c396ca7a2a1c14537ab134f1b661,42ef48b05a6df873c8625f632e53ce4fe584cf13f038f1c9ee6965bc3e739f7f,ac0e25072d97cb6e62f1e9e8f21de6173919bc6560ed41ab51e8aaed7faea51f,success,passed,false,1.2101617041793133e-08,1.7114270947149228e-08,1.7114270889351246e-08,1.2101617041793133e-08,True,True,steady_execution_v1,1.215697685998748,0.09979011100222124,0.005742625002312707,1.321230422003282,0.565942203,0.05227823500000001,0.11761267,90784,4250656,0.010817513000802137,,,,,,,0.0945528559932427,1.1610062430190737,0.055848779029474827,0.02066747996286722,0.0031867510260781273,0.0026677399800973944,0.0010401670006103814,0.0,0.0004391619950183667,,,,,,1,1,1,8,1,1,physical_hardware,packed_operation_v1,True,True,True,True,True,False,False,True,True,True,0.9992979275197335,1.0,1.0,38,38,"[[0,0]]",[0],"[""/dev/dpu_rank1""]"
training,measurement,ghz_chain_18q:1dpu_t8,ghz_chain_18q,1dpu_t8,8a53a83c45b1a831a0d3d09f8b5393cd82dbadedaf2a239bc0a4da1843a470a4,path_8a53a83c45b1a831a0d3d09f8b5393cd82dbadedaf2a239bc0a4da1843a470a4,1dpu_t8,2,1,44,058a0db6239b232ec1f5afedca986623d6f551d12aacf06c8fba769bb34f13b1,3dddf076-2134-44e7-afad-078b4ccd5c98,424886cb45ecf2f43b304da76c7333b4720fb882066e04025593821f1eba1e04,8b6ebfbd-1c06-4fb1-b4bf-4d072212375d,68bde98e0696765cd5def2f8b41b686c6a2ffcb0,68bde98e0696765cd5def2f8b41b686c6a2ffcb0,d452106e697890439cfc94fdabfb6a80fb0fccc2,5269bfea2a1777b041e10edf9618ba613d44021ce89b3ff0d95093a81c095b65,ae9ef515059d52d7d85bbddc07c49cabd745c0f6e8e6aea4ffb9ca2d19553eb9,3991981dd57dd352828debc445aac58a2ffa9111277b1a91939c2ea91d489f59,54e9741ad70140f854674404fb85fd72270eb01fa1578e73ac17316a2cacb7d0,103bb82686d73369c17011eb6fb0d51edca4593ec3ec167682975f34a8229d8d,30cb9ab8264481cd409fd2b63dd12aa75d41c6d0fcb4b2983f0b70899ca528a0,56dfa726e07260290a8d9bd5f9553bedef06c396ca7a2a1c14537ab134f1b661,42ef48b05a6df873c8625f632e53ce4fe584cf13f038f1c9ee6965bc3e739f7f,ac0e25072d97cb6e62f1e9e8f21de6173919bc6560ed41ab51e8aaed7faea51f,success,passed,false,1.2101617041793133e-08,1.7114270947149228e-08,1.7114270889351246e-08,1.2101617041793133e-08,True,True,steady_execution_v1,1.2156921030000376,0.09631075200013584,0.005679468002199428,1.3176823230023729,0.568654041,0.05205226899999999,0.11722993100000001,90784,4250656,0.010677210997528164,,,,,,,0.0938332370169519,1.1624895059721894,0.0541636640264187,0.020059803944604937,0.003075515996897593,0.002611884981888579,0.0009746900250320323,0.0,0.0004299459578760434,,,,,,1,1,1,8,1,1,physical_hardware,packed_operation_v1,True,True,True,True,True,False,False,True,True,True,0.9992979275197335,1.0,1.0,38,38,"[[0,0]]",[0],"[""/dev/dpu_rank1""]"
training,measurement,ghz_chain_18q:1dpu_t8,ghz_chain_18q,1dpu_t8,8a53a83c45b1a831a0d3d09f8b5393cd82dbadedaf2a239bc0a4da1843a470a4,path_8a53a83c45b1a831a0d3d09f8b5393cd82dbadedaf2a239bc0a4da1843a470a4,1dpu_t8,3,2,12,bbcb70bfdedfdc7d940af9c2da5713d281854c370b7f53160ad12559e8e45fb6,8b4edc99-2128-4255-8797-3d26094d324a,424886cb45ecf2f43b304da76c7333b4720fb882066e04025593821f1eba1e04,8b6ebfbd-1c06-4fb1-b4bf-4d072212375d,68bde98e0696765cd5def2f8b41b686c6a2ffcb0,68bde98e0696765cd5def2f8b41b686c6a2ffcb0,d452106e697890439cfc94fdabfb6a80fb0fccc2,5269bfea2a1777b041e10edf9618ba613d44021ce89b3ff0d95093a81c095b65,ae9ef515059d52d7d85bbddc07c49cabd745c0f6e8e6aea4ffb9ca2d19553eb9,3991981dd57dd352828debc445aac58a2ffa9111277b1a91939c2ea91d489f59,54e9741ad70140f854674404fb85fd72270eb01fa1578e73ac17316a2cacb7d0,103bb82686d73369c17011eb6fb0d51edca4593ec3ec167682975f34a8229d8d,30cb9ab8264481cd409fd2b63dd12aa75d41c6d0fcb4b2983f0b70899ca528a0,56dfa726e07260290a8d9bd5f9553bedef06c396ca7a2a1c14537ab134f1b661,42ef48b05a6df873c8625f632e53ce4fe584cf13f038f1c9ee6965bc3e739f7f,ac0e25072d97cb6e62f1e9e8f21de6173919bc6560ed41ab51e8aaed7faea51f,success,passed,false,1.2101617041793133e-08,1.7114270947149228e-08,1.7114270889351246e-08,1.2101617041793133e-08,True,True,steady_execution_v1,1.2219712989972322,0.10300757399818394,0.007294342998648062,1.3322732159940642,0.5658992919999999,0.05250867,0.118066221,90784,4250656,0.010833894990355475,,,,,,,0.09644173597916961,1.1647515060030855,0.05685090503175161,0.02109559097516467,0.0032090870045067277,0.0027407329907873645,0.0010791120257636067,0.0,0.0004626619556802325,,,,,,1,1,1,8,1,1,physical_hardware,packed_operation_v1,True,True,True,True,True,False,False,True,True,True,0.9992979275197335,1.0,1.0,38,38,"[[0,0]]",[0],"[""/dev/dpu_rank1""]"
training,warmup,ghz_chain_18q:1dpu_t8,ghz_chain_18q,1dpu_t8,9f9e62a16e205e4bd5eb1d1b8f62cade3177ef00fa9bd4dc15c899a41b00d3d0,path_9f9e62a16e205e4bd5eb1d1b8f62cade3177ef00fa9bd4dc15c899a41b00d3d0,1dpu_t8,0,0,27,68892bc5e51498604d85f16bba6a9a66c22dc2eec53d35c47d7b29d634189ba0,eff3d077-523d-4551-a151-190a47c54abd,424886cb45ecf2f43b304da76c7333b4720fb882066e04025593821f1eba1e04,8b6ebfbd-1c06-4fb1-b4bf-4d072212375d,68bde98e0696765cd5def2f8b41b686c6a2ffcb0,68bde98e0696765cd5def2f8b41b686c6a2ffcb0,d452106e697890439cfc94fdabfb6a80fb0fccc2,5269bfea2a1777b041e10edf9618ba613d44021ce89b3ff0d95093a81c095b65,ae9ef515059d52d7d85bbddc07c49cabd745c0f6e8e6aea4ffb9ca2d19553eb9,3991981dd57dd352828debc445aac58a2ffa9111277b1a91939c2ea91d489f59,54e9741ad70140f854674404fb85fd72270eb01fa1578e73ac17316a2cacb7d0,7a022b3b8a3a20b1ac8adbf6f85f0f31651b3fd3e808b1a61d500e1b5baffeee,047b0a3e78678d915ee926bf3f3ca04237bfea62f65501172857af5314a96589,56dfa726e07260290a8d9bd5f9553bedef06c396ca7a2a1c14537ab134f1b661,42ef48b05a6df873c8625f632e53ce4fe584cf13f038f1c9ee6965bc3e739f7f,ac0e25072d97cb6e62f1e9e8f21de6173919bc6560ed41ab51e8aaed7faea51f,success,passed,false,1.2101617041793133e-08,1.7114270947149228e-08,1.7114270889351246e-08,1.2101617041793133e-08,True,True,steady_execution_v1,1.2156720780003525,0.095330008000019,0.0060915670001122635,1.3170936530004838,0.564824518,0.052502832000000006,0.11637165599999999,91040,4242720,0.010985315013385843,,,,,,,0.09512356396589894,1.160782949969871,0.055485853994468926,0.02048709500741097,0.0032679640426067635,0.002658345012605423,0.0010251000130665489,0.0,0.0004422939891810529,,,,,,1,1,1,8,1,1,physical_hardware,packed_operation_v1,True,True,True,True,True,False,False,True,True,True,0.9992928358321689,1.0,1.0,38,38,"[[0,0]]",[0],"[""/dev/dpu_rank1""]"
training,measurement,ghz_chain_18q:1dpu_t8,ghz_chain_18q,1dpu_t8,9f9e62a16e205e4bd5eb1d1b8f62cade3177ef00fa9bd4dc15c899a41b00d3d0,path_9f9e62a16e205e4bd5eb1d1b8f62cade3177ef00fa9bd4dc15c899a41b00d3d0,1dpu_t8,1,0,7,6e41e73d3c3829c86a794a9900214f90d80d1df2f3dbc600d060376213c938cd,e7c8cebe-a630-4d0c-aa62-0d71daf83242,424886cb45ecf2f43b304da76c7333b4720fb882066e04025593821f1eba1e04,8b6ebfbd-1c06-4fb1-b4bf-4d072212375d,68bde98e0696765cd5def2f8b41b686c6a2ffcb0,68bde98e0696765cd5def2f8b41b686c6a2ffcb0,d452106e697890439cfc94fdabfb6a80fb0fccc2,5269bfea2a1777b041e10edf9618ba613d44021ce89b3ff0d95093a81c095b65,ae9ef515059d52d7d85bbddc07c49cabd745c0f6e8e6aea4ffb9ca2d19553eb9,3991981dd57dd352828debc445aac58a2ffa9111277b1a91939c2ea91d489f59,54e9741ad70140f854674404fb85fd72270eb01fa1578e73ac17316a2cacb7d0,7a022b3b8a3a20b1ac8adbf6f85f0f31651b3fd3e808b1a61d500e1b5baffeee,047b0a3e78678d915ee926bf3f3ca04237bfea62f65501172857af5314a96589,56dfa726e07260290a8d9bd5f9553bedef06c396ca7a2a1c14537ab134f1b661,42ef48b05a6df873c8625f632e53ce4fe584cf13f038f1c9ee6965bc3e739f7f,ac0e25072d97cb6e62f1e9e8f21de6173919bc6560ed41ab51e8aaed7faea51f,success,passed,false,1.2101617041793133e-08,1.7114270947149228e-08,1.7114270889351246e-08,1.2101617041793133e-08,True,True,steady_execution_v1,1.2195226769981673,0.09836429500137456,0.00558039699899382,1.3234673689985357,0.565344284,0.05173628200000001,0.117306501,91040,4242720,0.011065652000979753,,,,,,,0.09609287498824415,1.1646551249978074,0.056329626004298916,0.020809799003473017,0.0032592289935564622,0.0027152409784321208,0.0010274880260112695,0.0,0.00044707599954563193,,,,,,1,1,1,8,1,1,physical_hardware,packed_operation_v1,True,True,True,True,True,False,False,True,True,True,0.9992928358321689,1.0,1.0,38,38,"[[0,0]]",[0],"[""/dev/dpu_rank1""]"
training,measurement,ghz_chain_18q:1dpu_t8,ghz_chain_18q,1dpu_t8,9f9e62a16e205e4bd5eb1d1b8f62cade3177ef00fa9bd4dc15c899a41b00d3d0,path_9f9e62a16e205e4bd5eb1d1b8f62cade3177ef00fa9bd4dc15c899a41b00d3d0,1dpu_t8,2,1,3,a3b9dc395f8821888eaea52ee496a2be806335c1d6fb5bd495ca87e3b76394d9,40f04f57-e215-49e3-89c7-2820d639d93c,424886cb45ecf2f43b304da76c7333b4720fb882066e04025593821f1eba1e04,8b6ebfbd-1c06-4fb1-b4bf-4d072212375d,68bde98e0696765cd5def2f8b41b686c6a2ffcb0,68bde98e0696765cd5def2f8b41b686c6a2ffcb0,d452106e697890439cfc94fdabfb6a80fb0fccc2,5269bfea2a1777b041e10edf9618ba613d44021ce89b3ff0d95093a81c095b65,ae9ef515059d52d7d85bbddc07c49cabd745c0f6e8e6aea4ffb9ca2d19553eb9,3991981dd57dd352828debc445aac58a2ffa9111277b1a91939c2ea91d489f59,54e9741ad70140f854674404fb85fd72270eb01fa1578e73ac17316a2cacb7d0,7a022b3b8a3a20b1ac8adbf6f85f0f31651b3fd3e808b1a61d500e1b5baffeee,047b0a3e78678d915ee926bf3f3ca04237bfea62f65501172857af5314a96589,56dfa726e07260290a8d9bd5f9553bedef06c396ca7a2a1c14537ab134f1b661,42ef48b05a6df873c8625f632e53ce4fe584cf13f038f1c9ee6965bc3e739f7f,ac0e25072d97cb6e62f1e9e8f21de6173919bc6560ed41ab51e8aaed7faea51f,success,passed,false,1.2101617041793133e-08,1.7114270947149228e-08,1.7114270889351246e-08,1.2101617041793133e-08,True,True,steady_execution_v1,1.213135013000283,0.09973328900014167,0.005996004998451099,1.3188643069988757,0.566851274,0.05210620899999999,0.11651340700000001,91040,4242720,0.010955956004181644,,,,,,,0.09328272099446622,1.1590141660126392,0.054501612026797375,0.02016075301435194,0.003197768011887092,0.0026202930239378475,0.000995388996670954,0.0,0.00044694601092487574,,,,,,1,1,1,8,1,1,physical_hardware,packed_operation_v1,True,True,True,True,True,False,False,True,True,True,0.9992928358321689,1.0,1.0,38,38,"[[0,0]]",[0],"[""/dev/dpu_rank1""]"
training,measurement,ghz_chain_18q:1dpu_t8,ghz_chain_18q,1dpu_t8,9f9e62a16e205e4bd5eb1d1b8f62cade3177ef00fa9bd4dc15c899a41b00d3d0,path_9f9e62a16e205e4bd5eb1d1b8f62cade3177ef00fa9bd4dc15c899a41b00d3d0,1dpu_t8,3,2,35,170d9f6c834b9d5535f722762acae9820f3296baf98e77dc9a9ed7f0951a834e,477fc074-03a2-4784-bc4d-7af4c9e95e74,424886cb45ecf2f43b304da76c7333b4720fb882066e04025593821f1eba1e04,8b6ebfbd-1c06-4fb1-b4bf-4d072212375d,68bde98e0696765cd5def2f8b41b686c6a2ffcb0,68bde98e0696765cd5def2f8b41b686c6a2ffcb0,d452106e697890439cfc94fdabfb6a80fb0fccc2,5269bfea2a1777b041e10edf9618ba613d44021ce89b3ff0d95093a81c095b65,ae9ef515059d52d7d85bbddc07c49cabd745c0f6e8e6aea4ffb9ca2d19553eb9,3991981dd57dd352828debc445aac58a2ffa9111277b1a91939c2ea91d489f59,54e9741ad70140f854674404fb85fd72270eb01fa1578e73ac17316a2cacb7d0,7a022b3b8a3a20b1ac8adbf6f85f0f31651b3fd3e808b1a61d500e1b5baffeee,047b0a3e78678d915ee926bf3f3ca04237bfea62f65501172857af5314a96589,56dfa726e07260290a8d9bd5f9553bedef06c396ca7a2a1c14537ab134f1b661,42ef48b05a6df873c8625f632e53ce4fe584cf13f038f1c9ee6965bc3e739f7f,ac0e25072d97cb6e62f1e9e8f21de6173919bc6560ed41ab51e8aaed7faea51f,success,passed,false,1.2101617041793133e-08,1.7114270947149228e-08,1.7114270889351246e-08,1.2101617041793133e-08,True,True,steady_execution_v1,1.1868285390009987,0.09283601499919314,0.005961969000054523,1.2856265230002464,0.565665414,0.051276104999999995,0.11507639800000001,91040,4242720,0.01087791500322055,,,,,,,0.09178998098286684,1.1329395599896088,0.05418380699848058,0.02055812403705204,0.003123986993159633,0.002556102022936102,0.0009722080103529152,0.0,0.000417369999922812,,,,,,1,1,1,8,1,1,physical_hardware,packed_operation_v1,True,True,True,True,True,False,False,True,True,True,0.9992928358321689,1.0,1.0,38,38,"[[0,0]]",[0],"[""/dev/dpu_rank1""]"
training,warmup,ghz_chain_18q:1dpu_t8,ghz_chain_18q,1dpu_t8,a0f7fec9778137270204333fdde142b735188034c201a7c229136e14b6f96692,path_a0f7fec9778137270204333fdde142b735188034c201a7c229136e14b6f96692,1dpu_t8,0,0,14,f161f7683e9c7119b88e8c295451dc149ff11ba04d06381c3699fa681bcf7f90,5926c687-9ae8-4d7c-b7f3-b0f2deb22932,424886cb45ecf2f43b304da76c7333b4720fb882066e04025593821f1eba1e04,8b6ebfbd-1c06-4fb1-b4bf-4d072212375d,68bde98e0696765cd5def2f8b41b686c6a2ffcb0,68bde98e0696765cd5def2f8b41b686c6a2ffcb0,d452106e697890439cfc94fdabfb6a80fb0fccc2,5269bfea2a1777b041e10edf9618ba613d44021ce89b3ff0d95093a81c095b65,ae9ef515059d52d7d85bbddc07c49cabd745c0f6e8e6aea4ffb9ca2d19553eb9,3991981dd57dd352828debc445aac58a2ffa9111277b1a91939c2ea91d489f59,54e9741ad70140f854674404fb85fd72270eb01fa1578e73ac17316a2cacb7d0,0d6b534c4363a2c66515e1eae5e80b16ee219d623eb88e311e985a90c651f2a9,8ee0971fdd28352e810eb3bb587474d7fbc8ee718c9abf2d9ec116aad135a0fa,56dfa726e07260290a8d9bd5f9553bedef06c396ca7a2a1c14537ab134f1b661,42ef48b05a6df873c8625f632e53ce4fe584cf13f038f1c9ee6965bc3e739f7f,ac0e25072d97cb6e62f1e9e8f21de6173919bc6560ed41ab51e8aaed7faea51f,success,passed,false,1.2101617041793133e-08,1.7114270947149228e-08,1.7114270889351246e-08,1.2101617041793133e-08,True,True,steady_execution_v1,1.3760805950005306,0.16471749899938004,0.005636976999085164,1.5464350709989958,0.6337597189999999,0.059846118,0.12661932299999998,210496,4369568,0.013023115003306884,,,,,,,0.11591652400238672,1.3128135509905405,0.0708731429913314,0.026549456066277344,0.0040665880223969,0.0033848650055006146,0.0016900750015338417,0.0,0.000555751033971319,,,,,,1,1,1,8,1,1,physical_hardware,packed_operation_v1,True,True,True,True,True,False,False,True,True,True,0.9896449161617792,1.0,1.0,43,43,"[[0,0]]",[0],"[""/dev/dpu_rank1""]"
training,measurement,ghz_chain_18q:1dpu_t8,ghz_chain_18q,1dpu_t8,a0f7fec9778137270204333fdde142b735188034c201a7c229136e14b6f96692,path_a0f7fec9778137270204333fdde142b735188034c201a7c229136e14b6f96692,1dpu_t8,1,0,24,bc848a9a9a1df69ca43282bbc716c4638ef79910911cd3d386d91c835ae5ea84,7c0fc514-e18c-4e81-b70d-a293611768ed,424886cb45ecf2f43b304da76c7333b4720fb882066e04025593821f1eba1e04,8b6ebfbd-1c06-4fb1-b4bf-4d072212375d,68bde98e0696765cd5def2f8b41b686c6a2ffcb0,68bde98e0696765cd5def2f8b41b686c6a2ffcb0,d452106e697890439cfc94fdabfb6a80fb0fccc2,5269bfea2a1777b041e10edf9618ba613d44021ce89b3ff0d95093a81c095b65,ae9ef515059d52d7d85bbddc07c49cabd745c0f6e8e6aea4ffb9ca2d19553eb9,3991981dd57dd352828debc445aac58a2ffa9111277b1a91939c2ea91d489f59,54e9741ad70140f854674404fb85fd72270eb01fa1578e73ac17316a2cacb7d0,0d6b534c4363a2c66515e1eae5e80b16ee219d623eb88e311e985a90c651f2a9,8ee0971fdd28352e810eb3bb587474d7fbc8ee718c9abf2d9ec116aad135a0fa,56dfa726e07260290a8d9bd5f9553bedef06c396ca7a2a1c14537ab134f1b661,42ef48b05a6df873c8625f632e53ce4fe584cf13f038f1c9ee6965bc3e739f7f,ac0e25072d97cb6e62f1e9e8f21de6173919bc6560ed41ab51e8aaed7faea51f,success,passed,false,1.2101617041793133e-08,1.7114270947149228e-08,1.7114270889351246e-08,1.2101617041793133e-08,True,True,steady_execution_v1,1.3703336940016015,0.17217022699696827,0.005730918997869594,1.5482348399964394,0.6343003020000001,0.061043184,0.12593022,210496,4369568,0.013034669012995437,,,,,,,0.11292378500365885,1.3094363849704678,0.06822660700709093,0.02541292191745015,0.003955553998821415,0.0032860669889487326,0.0015654939743399154,0.0,0.0005389319849200547,,,,,,1,1,1,8,1,1,physical_hardware,packed_operation_v1,True,True,True,True,True,False,False,True,True,True,0.9896449161617792,1.0,1.0,43,43,"[[0,0]]",[0],"[""/dev/dpu_rank1""]"
training,measurement,ghz_chain_18q:1dpu_t8,ghz_chain_18q,1dpu_t8,a0f7fec9778137270204333fdde142b735188034c201a7c229136e14b6f96692,path_a0f7fec9778137270204333fdde142b735188034c201a7c229136e14b6f96692,1dpu_t8,2,1,43,51e4aaf38fae2665cfbcc401a2e7e6130f08cc1dd42dd7d3affcbe7cafb01a25,13c05c6f-d278-4fba-8413-bded6d9d00d5,424886cb45ecf2f43b304da76c7333b4720fb882066e04025593821f1eba1e04,8b6ebfbd-1c06-4fb1-b4bf-4d072212375d,68bde98e0696765cd5def2f8b41b686c6a2ffcb0,68bde98e0696765cd5def2f8b41b686c6a2ffcb0,d452106e697890439cfc94fdabfb6a80fb0fccc2,5269bfea2a1777b041e10edf9618ba613d44021ce89b3ff0d95093a81c095b65,ae9ef515059d52d7d85bbddc07c49cabd745c0f6e8e6aea4ffb9ca2d19553eb9,3991981dd57dd352828debc445aac58a2ffa9111277b1a91939c2ea91d489f59,54e9741ad70140f854674404fb85fd72270eb01fa1578e73ac17316a2cacb7d0,0d6b534c4363a2c66515e1eae5e80b16ee219d623eb88e311e985a90c651f2a9,8ee0971fdd28352e810eb3bb587474d7fbc8ee718c9abf2d9ec116aad135a0fa,56dfa726e07260290a8d9bd5f9553bedef06c396ca7a2a1c14537ab134f1b661,42ef48b05a6df873c8625f632e53ce4fe584cf13f038f1c9ee6965bc3e739f7f,ac0e25072d97cb6e62f1e9e8f21de6173919bc6560ed41ab51e8aaed7faea51f,success,passed,false,1.2101617041793133e-08,1.7114270947149228e-08,1.7114270889351246e-08,1.2101617041793133e-08,True,True,steady_execution_v1,1.3884495759994024,0.1621896859978733,0.005182225999305956,1.5558214879965817,0.632066335,0.05982632200000001,0.12327885599999999,210496,4369568,0.0132567479959107,,,,,,,0.1161439120041905,1.3259158720247797,0.06996101100958185,0.026048658950458048,0.004018009996798355,0.003393459988728864,0.0016058499968494289,0.0,0.0005508539761649445,,,,,,1,1,1,8,1,1,physical_hardware,packed_operation_v1,True,True,True,True,True,False,False,True,True,True,0.9896449161617792,1.0,1.0,43,43,"[[0,0]]",[0],"[""/dev/dpu_rank1""]"
training,measurement,ghz_chain_18q:1dpu_t8,ghz_chain_18q,1dpu_t8,a0f7fec9778137270204333fdde142b735188034c201a7c229136e14b6f96692,path_a0f7fec9778137270204333fdde142b735188034c201a7c229136e14b6f96692,1dpu_t8,3,2,27,ce1a4724065dd7cd215c1634e17dc6f361d691dbbb225f345eb4ff2a1ea2a6ed,d6a41bfd-b674-4e57-a909-7f43bdfb3871,424886cb45ecf2f43b304da76c7333b4720fb882066e04025593821f1eba1e04,8b6ebfbd-1c06-4fb1-b4bf-4d072212375d,68bde98e0696765cd5def2f8b41b686c6a2ffcb0,68bde98e0696765cd5def2f8b41b686c6a2ffcb0,d452106e697890439cfc94fdabfb6a80fb0fccc2,5269bfea2a1777b041e10edf9618ba613d44021ce89b3ff0d95093a81c095b65,ae9ef515059d52d7d85bbddc07c49cabd745c0f6e8e6aea4ffb9ca2d19553eb9,3991981dd57dd352828debc445aac58a2ffa9111277b1a91939c2ea91d489f59,54e9741ad70140f854674404fb85fd72270eb01fa1578e73ac17316a2cacb7d0,0d6b534c4363a2c66515e1eae5e80b16ee219d623eb88e311e985a90c651f2a9,8ee0971fdd28352e810eb3bb587474d7fbc8ee718c9abf2d9ec116aad135a0fa,56dfa726e07260290a8d9bd5f9553bedef06c396ca7a2a1c14537ab134f1b661,42ef48b05a6df873c8625f632e53ce4fe584cf13f038f1c9ee6965bc3e739f7f,ac0e25072d97cb6e62f1e9e8f21de6173919bc6560ed41ab51e8aaed7faea51f,success,passed,false,1.2101617041793133e-08,1.7114270947149228e-08,1.7114270889351246e-08,1.2101617041793133e-08,True,True,steady_execution_v1,1.3742485590009892,0.16665985799772898,0.006088230002205819,1.546996647000924,0.636093123,0.061603849,0.12458910399999999,210496,4369568,0.013475931991706602,,,,,,,0.11314904999017017,1.3126249799861398,0.06817666603819816,0.025389630001882324,0.0039026279882818926,0.003291646957222838,0.0015430440325872041,0.0,0.0005375560031097848,,,,,,1,1,1,8,1,1,physical_hardware,packed_operation_v1,True,True,True,True,True,False,False,True,True,True,0.9896449161617792,1.0,1.0,43,43,"[[0,0]]",[0],"[""/dev/dpu_rank1""]"
training,warmup,ghz_chain_18q:1dpu_t8,ghz_chain_18q,1dpu_t8,b7a92f1a28cbacfef1575a0b571b79cdc92dded09222a5581a765ab352fd9637,path_b7a92f1a28cbacfef1575a0b571b79cdc92dded09222a5581a765ab352fd9637,1dpu_t8,0,0,9,259451f054a810f06c6c3d9b4320ff786f13106a0c31229d52f56d43016a324f,ac645f6b-04a7-471c-8f41-d7ce1a6b0501,424886cb45ecf2f43b304da76c7333b4720fb882066e04025593821f1eba1e04,8b6ebfbd-1c06-4fb1-b4bf-4d072212375d,68bde98e0696765cd5def2f8b41b686c6a2ffcb0,68bde98e0696765cd5def2f8b41b686c6a2ffcb0,d452106e697890439cfc94fdabfb6a80fb0fccc2,5269bfea2a1777b041e10edf9618ba613d44021ce89b3ff0d95093a81c095b65,ae9ef515059d52d7d85bbddc07c49cabd745c0f6e8e6aea4ffb9ca2d19553eb9,3991981dd57dd352828debc445aac58a2ffa9111277b1a91939c2ea91d489f59,54e9741ad70140f854674404fb85fd72270eb01fa1578e73ac17316a2cacb7d0,fea783930a1538137982196eca3e38c365a6d934c93ca9df8d6188db3dce6f75,d3d657aa6f64a4499e91b79a9e592ef6367c96dedb3aa617a21e147d54acc367,56dfa726e07260290a8d9bd5f9553bedef06c396ca7a2a1c14537ab134f1b661,42ef48b05a6df873c8625f632e53ce4fe584cf13f038f1c9ee6965bc3e739f7f,ac0e25072d97cb6e62f1e9e8f21de6173919bc6560ed41ab51e8aaed7faea51f,success,passed,false,1.2101617041793133e-08,1.7114270947149228e-08,1.7114270889351246e-08,1.2101617041793133e-08,True,True,steady_execution_v1,2.397062943000492,0.2473082249998697,0.007103030999132898,2.6514741989994945,0.9351914860000001,0.14808114,0.210430807,742816,4883552,0.015517593015829334,,,,,,,0.22357255198949133,2.324719782016473,0.16315139696234837,0.06145502510480583,0.009322928977780975,0.007643599063158035,0.004470336054509971,0.0,0.0013509070013242308,,,,,,1,1,1,8,1,1,physical_hardware,packed_operation_v1,True,True,True,True,True,False,False,True,True,True,0.962568058076225,1.0,1.0,107,107,"[[0,0]]",[0],"[""/dev/dpu_rank1""]"
training,measurement,ghz_chain_18q:1dpu_t8,ghz_chain_18q,1dpu_t8,b7a92f1a28cbacfef1575a0b571b79cdc92dded09222a5581a765ab352fd9637,path_b7a92f1a28cbacfef1575a0b571b79cdc92dded09222a5581a765ab352fd9637,1dpu_t8,1,0,22,9497194f6ed98a72fd8b16c6f28b47552686c20cece1c688ed73e58a0a996af5,b0ee4b59-2d58-43cc-8652-034a9e171253,424886cb45ecf2f43b304da76c7333b4720fb882066e04025593821f1eba1e04,8b6ebfbd-1c06-4fb1-b4bf-4d072212375d,68bde98e0696765cd5def2f8b41b686c6a2ffcb0,68bde98e0696765cd5def2f8b41b686c6a2ffcb0,d452106e697890439cfc94fdabfb6a80fb0fccc2,5269bfea2a1777b041e10edf9618ba613d44021ce89b3ff0d95093a81c095b65,ae9ef515059d52d7d85bbddc07c49cabd745c0f6e8e6aea4ffb9ca2d19553eb9,3991981dd57dd352828debc445aac58a2ffa9111277b1a91939c2ea91d489f59,54e9741ad70140f854674404fb85fd72270eb01fa1578e73ac17316a2cacb7d0,fea783930a1538137982196eca3e38c365a6d934c93ca9df8d6188db3dce6f75,d3d657aa6f64a4499e91b79a9e592ef6367c96dedb3aa617a21e147d54acc367,56dfa726e07260290a8d9bd5f9553bedef06c396ca7a2a1c14537ab134f1b661,42ef48b05a6df873c8625f632e53ce4fe584cf13f038f1c9ee6965bc3e739f7f,ac0e25072d97cb6e62f1e9e8f21de6173919bc6560ed41ab51e8aaed7faea51f,success,passed,false,1.2101617041793133e-08,1.7114270947149228e-08,1.7114270889351246e-08,1.2101617041793133e-08,True,True,steady_execution_v1,2.3807571719989937,0.23546522999822628,0.011161731003085151,2.627384133000305,0.9374686769999999,0.14856028599999999,0.189384286,742816,4883552,0.015880147999268956,,,,,,,0.222334387988667,2.3090817559932475,0.16189834001852432,0.061164584916696185,0.009286686985433334,0.00760573596926406,0.004469066981982905,0.0,0.0013124799661454745,,,,,,1,1,1,8,1,1,physical_hardware,packed_operation_v1,True,True,True,True,True,False,False,True,True,True,0.962568058076225,1.0,1.0,107,107,"[[0,0]]",[0],"[""/dev/dpu_rank1""]"
training,measurement,ghz_chain_18q:1dpu_t8,ghz_chain_18q,1dpu_t8,b7a92f1a28cbacfef1575a0b571b79cdc92dded09222a5581a765ab352fd9637,path_b7a92f1a28cbacfef1575a0b571b79cdc92dded09222a5581a765ab352fd9637,1dpu_t8,2,1,32,f290f6178b58cd8e013920a91b4414ed69df86a97891d358f4e0bd20537c6532,2abc8930-c34b-40f2-8735-95665a13ca16,424886cb45ecf2f43b304da76c7333b4720fb882066e04025593821f1eba1e04,8b6ebfbd-1c06-4fb1-b4bf-4d072212375d,68bde98e0696765cd5def2f8b41b686c6a2ffcb0,68bde98e0696765cd5def2f8b41b686c6a2ffcb0,d452106e697890439cfc94fdabfb6a80fb0fccc2,5269bfea2a1777b041e10edf9618ba613d44021ce89b3ff0d95093a81c095b65,ae9ef515059d52d7d85bbddc07c49cabd745c0f6e8e6aea4ffb9ca2d19553eb9,3991981dd57dd352828debc445aac58a2ffa9111277b1a91939c2ea91d489f59,54e9741ad70140f854674404fb85fd72270eb01fa1578e73ac17316a2cacb7d0,fea783930a1538137982196eca3e38c365a6d934c93ca9df8d6188db3dce6f75,d3d657aa6f64a4499e91b79a9e592ef6367c96dedb3aa617a21e147d54acc367,56dfa726e07260290a8d9bd5f9553bedef06c396ca7a2a1c14537ab134f1b661,42ef48b05a6df873c8625f632e53ce4fe584cf13f038f1c9ee6965bc3e739f7f,ac0e25072d97cb6e62f1e9e8f21de6173919bc6560ed41ab51e8aaed7faea51f,success,passed,false,1.2101617041793133e-08,1.7114270947149228e-08,1.7114270889351246e-08,1.2101617041793133e-08,True,True,steady_execution_v1,2.387360176002403,0.23617290800029878,0.007120679001673125,2.630653763004375,0.931340718,0.14405209000000002,0.20913597100000003,742816,4883552,0.015159388003667118,,,,,,,0.22209901399037335,2.317276331006724,0.16193753796687815,0.06120778499825974,0.009278781955799786,0.0075876680384681094,0.004462560013053007,0.0,0.0013229829710326158,,,,,,1,1,1,8,1,1,physical_hardware,packed_operation_v1,True,True,True,True,True,False,False,True,True,True,0.962568058076225,1.0,1.0,107,107,"[[0,0]]",[0],"[""/dev/dpu_rank1""]"
training,measurement,ghz_chain_18q:1dpu_t8,ghz_chain_18q,1dpu_t8,b7a92f1a28cbacfef1575a0b571b79cdc92dded09222a5581a765ab352fd9637,path_b7a92f1a28cbacfef1575a0b571b79cdc92dded09222a5581a765ab352fd9637,1dpu_t8,3,2,7,cbf47ee7c275cd81210726e9b2f7512bbf146d7f96f7b263d6ba3f8d6d7c43af,c6d3a0fb-d971-4653-b648-26606c41590d,424886cb45ecf2f43b304da76c7333b4720fb882066e04025593821f1eba1e04,8b6ebfbd-1c06-4fb1-b4bf-4d072212375d,68bde98e0696765cd5def2f8b41b686c6a2ffcb0,68bde98e0696765cd5def2f8b41b686c6a2ffcb0,d452106e697890439cfc94fdabfb6a80fb0fccc2,5269bfea2a1777b041e10edf9618ba613d44021ce89b3ff0d95093a81c095b65,ae9ef515059d52d7d85bbddc07c49cabd745c0f6e8e6aea4ffb9ca2d19553eb9,3991981dd57dd352828debc445aac58a2ffa9111277b1a91939c2ea91d489f59,54e9741ad70140f854674404fb85fd72270eb01fa1578e73ac17316a2cacb7d0,fea783930a1538137982196eca3e38c365a6d934c93ca9df8d6188db3dce6f75,d3d657aa6f64a4499e91b79a9e592ef6367c96dedb3aa617a21e147d54acc367,56dfa726e07260290a8d9bd5f9553bedef06c396ca7a2a1c14537ab134f1b661,42ef48b05a6df873c8625f632e53ce4fe584cf13f038f1c9ee6965bc3e739f7f,ac0e25072d97cb6e62f1e9e8f21de6173919bc6560ed41ab51e8aaed7faea51f,success,passed,false,1.2101617041793133e-08,1.7114270947149228e-08,1.7114270889351246e-08,1.2101617041793133e-08,True,True,steady_execution_v1,2.420293233000848,0.23857311400206527,0.006566803000168875,2.665433150003082,0.9359612650000001,0.146232855,0.212116026,742816,4883552,0.015702666005381616,,,,,,,0.22835384300196893,2.3484096430256614,0.16615748997355695,0.06326138600707054,0.00950967604512698,0.0077106040153012145,0.004529725036263699,0.0,0.0013668729625351261,,,,,,1,1,1,8,1,1,physical_hardware,packed_operation_v1,True,True,True,True,True,False,False,True,True,True,0.962568058076225,1.0,1.0,107,107,"[[0,0]]",[0],"[""/dev/dpu_rank1""]"
training,warmup,ghz_chain_18q:4dpu_t8,ghz_chain_18q,4dpu_t8,0f1afe2ce698cbfcd1496d867ba787cb5cdd487ef3b05e9bb140d58eee826743,path_0f1afe2ce698cbfcd1496d867ba787cb5cdd487ef3b05e9bb140d58eee826743,4dpu_t8,0,0,28,8d5125db4fad19c7274a93d4b7ba17df273fe9a71edaacf8f2cb3a39e24c35e1,dfe10da5-9c83-4b11-918a-e863ecd3cd35,424886cb45ecf2f43b304da76c7333b4720fb882066e04025593821f1eba1e04,8b6ebfbd-1c06-4fb1-b4bf-4d072212375d,68bde98e0696765cd5def2f8b41b686c6a2ffcb0,68bde98e0696765cd5def2f8b41b686c6a2ffcb0,d452106e697890439cfc94fdabfb6a80fb0fccc2,5269bfea2a1777b041e10edf9618ba613d44021ce89b3ff0d95093a81c095b65,ae9ef515059d52d7d85bbddc07c49cabd745c0f6e8e6aea4ffb9ca2d19553eb9,3991981dd57dd352828debc445aac58a2ffa9111277b1a91939c2ea91d489f59,54e9741ad70140f854674404fb85fd72270eb01fa1578e73ac17316a2cacb7d0,83da361a1f41fb6ad1126a28e4912204d26ee08f2cf5d1f2f3e6a45afa680193,53a7f2e2dc3972d65f5391809fc5be2d5164ece53c7d4ce16f42df6e3220370d,56dfa726e07260290a8d9bd5f9553bedef06c396ca7a2a1c14537ab134f1b661,42ef48b05a6df873c8625f632e53ce4fe584cf13f038f1c9ee6965bc3e739f7f,ac0e25072d97cb6e62f1e9e8f21de6173919bc6560ed41ab51e8aaed7faea51f,success,passed,false,1.2101617041793133e-08,1.7114270947149228e-08,1.7114270889351246e-08,1.2101617041793133e-08,True,True,steady_execution_v1,3.4653783089997887,0.1259484389993304,0.007429803001286928,3.598756551000406,0.45015358,0.5899865779999999,0.50565346,2992224,7068768,0.0219111569931556,,,,,,,0.3940359349944629,3.3598512510106957,0.3056931210048788,0.1881298468724708,0.018771316019410733,0.020816633899812587,0.013884213003620971,0.0,0.001553551930555841,,,,,,4,4,4,8,1,1,physical_hardware,packed_operation_v1,True,True,True,True,True,False,False,True,True,True,0.6997178365716743,0.9948840007503008,1.0,116,85,"[[0,0],[0,1],[0,2],[0,3]]",[0],"[""/dev/dpu_rank1""]"
training,measurement,ghz_chain_18q:4dpu_t8,ghz_chain_18q,4dpu_t8,0f1afe2ce698cbfcd1496d867ba787cb5cdd487ef3b05e9bb140d58eee826743,path_0f1afe2ce698cbfcd1496d867ba787cb5cdd487ef3b05e9bb140d58eee826743,4dpu_t8,1,0,39,1b673a527eddf3bc596ad8324839260e62490a73837a41a74d45677cba3d7576,d3e5eec1-8582-4845-85ee-1a73b08426e2,424886cb45ecf2f43b304da76c7333b4720fb882066e04025593821f1eba1e04,8b6ebfbd-1c06-4fb1-b4bf-4d072212375d,68bde98e0696765cd5def2f8b41b686c6a2ffcb0,68bde98e0696765cd5def2f8b41b686c6a2ffcb0,d452106e697890439cfc94fdabfb6a80fb0fccc2,5269bfea2a1777b041e10edf9618ba613d44021ce89b3ff0d95093a81c095b65,ae9ef515059d52d7d85bbddc07c49cabd745c0f6e8e6aea4ffb9ca2d19553eb9,3991981dd57dd352828debc445aac58a2ffa9111277b1a91939c2ea91d489f59,54e9741ad70140f854674404fb85fd72270eb01fa1578e73ac17316a2cacb7d0,83da361a1f41fb6ad1126a28e4912204d26ee08f2cf5d1f2f3e6a45afa680193,53a7f2e2dc3972d65f5391809fc5be2d5164ece53c7d4ce16f42df6e3220370d,56dfa726e07260290a8d9bd5f9553bedef06c396ca7a2a1c14537ab134f1b661,42ef48b05a6df873c8625f632e53ce4fe584cf13f038f1c9ee6965bc3e739f7f,ac0e25072d97cb6e62f1e9e8f21de6173919bc6560ed41ab51e8aaed7faea51f,success,passed,false,1.2101617041793133e-08,1.7114270947149228e-08,1.7114270889351246e-08,1.2101617041793133e-08,True,True,steady_execution_v1,3.361672469000041,0.1250981410012173,0.0071817389980424196,3.4939523489993007,0.44661787,0.5719934529999999,0.47364650799999997,2992224,7068768,0.020858005012996728,,,,,,,0.3858522790033021,3.258283672021207,0.2997488580112986,0.1850576518845628,0.01783382803114364,0.02030078799725743,0.013569903967436403,0.0,0.001498866990004899,,,,,,4,4,4,8,1,1,physical_hardware,packed_operation_v1,True,True,True,True,True,False,False,True,True,True,0.6997178365716743,0.9948840007503008,1.0,116,85,"[[0,0],[0,1],[0,2],[0,3]]",[0],"[""/dev/dpu_rank1""]"
training,measurement,ghz_chain_18q:4dpu_t8,ghz_chain_18q,4dpu_t8,0f1afe2ce698cbfcd1496d867ba787cb5cdd487ef3b05e9bb140d58eee826743,path_0f1afe2ce698cbfcd1496d867ba787cb5cdd487ef3b05e9bb140d58eee826743,4dpu_t8,2,1,18,4b70a89ce2c22ac6ed18a2fa634252c2f4c8db4cc669986f3d69a3c67f7de64c,6139472d-0825-4f63-9fb2-055cf95038bf,424886cb45ecf2f43b304da76c7333b4720fb882066e04025593821f1eba1e04,8b6ebfbd-1c06-4fb1-b4bf-4d072212375d,68bde98e0696765cd5def2f8b41b686c6a2ffcb0,68bde98e0696765cd5def2f8b41b686c6a2ffcb0,d452106e697890439cfc94fdabfb6a80fb0fccc2,5269bfea2a1777b041e10edf9618ba613d44021ce89b3ff0d95093a81c095b65,ae9ef515059d52d7d85bbddc07c49cabd745c0f6e8e6aea4ffb9ca2d19553eb9,3991981dd57dd352828debc445aac58a2ffa9111277b1a91939c2ea91d489f59,54e9741ad70140f854674404fb85fd72270eb01fa1578e73ac17316a2cacb7d0,83da361a1f41fb6ad1126a28e4912204d26ee08f2cf5d1f2f3e6a45afa680193,53a7f2e2dc3972d65f5391809fc5be2d5164ece53c7d4ce16f42df6e3220370d,56dfa726e07260290a8d9bd5f9553bedef06c396ca7a2a1c14537ab134f1b661,42ef48b05a6df873c8625f632e53ce4fe584cf13f038f1c9ee6965bc3e739f7f,ac0e25072d97cb6e62f1e9e8f21de6173919bc6560ed41ab51e8aaed7faea51f,success,passed,false,1.2101617041793133e-08,1.7114270947149228e-08,1.7114270889351246e-08,1.2101617041793133e-08,True,True,steady_execution_v1,3.311753949998092,0.12161511000158498,0.008638538998638978,3.442007598998316,0.44563860899999996,0.563152651,0.45911349599999995,2992224,7068768,0.02192552201813669,,,,,,,0.38642126201011706,3.2082287020020885,0.2993427549881744,0.18462591498609981,0.01775040300708497,0.02032606901411782,0.013665299007698195,0.0,0.0015056460251798853,,,,,,4,4,4,8,1,1,physical_hardware,packed_operation_v1,True,True,True,True,True,False,False,True,True,True,0.6997178365716743,0.9948840007503008,1.0,116,85,"[[0,0],[0,1],[0,2],[0,3]]",[0],"[""/dev/dpu_rank1""]"
training,measurement,ghz_chain_18q:4dpu_t8,ghz_chain_18q,4dpu_t8,0f1afe2ce698cbfcd1496d867ba787cb5cdd487ef3b05e9bb140d58eee826743,path_0f1afe2ce698cbfcd1496d867ba787cb5cdd487ef3b05e9bb140d58eee826743,4dpu_t8,3,2,17,f3f42eca9b97a730adb695901f5bb8a3ee3ec238cbd86e2f306a8b4151fa795e,4ff5f3fd-0aaf-4996-ae65-868fec65df75,424886cb45ecf2f43b304da76c7333b4720fb882066e04025593821f1eba1e04,8b6ebfbd-1c06-4fb1-b4bf-4d072212375d,68bde98e0696765cd5def2f8b41b686c6a2ffcb0,68bde98e0696765cd5def2f8b41b686c6a2ffcb0,d452106e697890439cfc94fdabfb6a80fb0fccc2,5269bfea2a1777b041e10edf9618ba613d44021ce89b3ff0d95093a81c095b65,ae9ef515059d52d7d85bbddc07c49cabd745c0f6e8e6aea4ffb9ca2d19553eb9,3991981dd57dd352828debc445aac58a2ffa9111277b1a91939c2ea91d489f59,54e9741ad70140f854674404fb85fd72270eb01fa1578e73ac17316a2cacb7d0,83da361a1f41fb6ad1126a28e4912204d26ee08f2cf5d1f2f3e6a45afa680193,53a7f2e2dc3972d65f5391809fc5be2d5164ece53c7d4ce16f42df6e3220370d,56dfa726e07260290a8d9bd5f9553bedef06c396ca7a2a1c14537ab134f1b661,42ef48b05a6df873c8625f632e53ce4fe584cf13f038f1c9ee6965bc3e739f7f,ac0e25072d97cb6e62f1e9e8f21de6173919bc6560ed41ab51e8aaed7faea51f,success,passed,false,1.2101617041793133e-08,1.7114270947149228e-08,1.7114270889351246e-08,1.2101617041793133e-08,True,True,steady_execution_v1,3.3269136039998557,0.11856798799999524,0.00819032000072184,3.4536719120005728,0.445113455,0.566808635,0.461631915,2992224,7068768,0.021573044992692303,,,,,,,0.38629647000925615,3.2233871280077437,0.30002284500733367,0.1851946949827834,0.017840671996964375,0.020347239023976726,0.013653622048877878,0.0,0.001497556921094656,,,,,,4,4,4,8,1,1,physical_hardware,packed_operation_v1,True,True,True,True,True,False,False,True,True,True,0.6997178365716743,0.9948840007503008,1.0,116,85,"[[0,0],[0,1],[0,2],[0,3]]",[0],"[""/dev/dpu_rank1""]"
training,warmup,ghz_chain_18q:4dpu_t8,ghz_chain_18q,4dpu_t8,70e093aa7774e13885fc1dd7ad3acb7d0a2b9bea8a067289a654fbe18566a8c5,path_70e093aa7774e13885fc1dd7ad3acb7d0a2b9bea8a067289a654fbe18566a8c5,4dpu_t8,0,0,17,99b24f1e24685d0c7a5964e898cb4681350158024219c61085a61068540c6b6f,864ef128-9bae-4dda-9708-f52190024696,424886cb45ecf2f43b304da76c7333b4720fb882066e04025593821f1eba1e04,8b6ebfbd-1c06-4fb1-b4bf-4d072212375d,68bde98e0696765cd5def2f8b41b686c6a2ffcb0,68bde98e0696765cd5def2f8b41b686c6a2ffcb0,d452106e697890439cfc94fdabfb6a80fb0fccc2,5269bfea2a1777b041e10edf9618ba613d44021ce89b3ff0d95093a81c095b65,ae9ef515059d52d7d85bbddc07c49cabd745c0f6e8e6aea4ffb9ca2d19553eb9,3991981dd57dd352828debc445aac58a2ffa9111277b1a91939c2ea91d489f59,54e9741ad70140f854674404fb85fd72270eb01fa1578e73ac17316a2cacb7d0,941594304206db74838787c5a2ceaaa34f6813500e6be58b1f9db48355c4a229,fd5d528697e74c6824c2873ed82a5ef455e65960c883b202ad9649d57748bae7,56dfa726e07260290a8d9bd5f9553bedef06c396ca7a2a1c14537ab134f1b661,42ef48b05a6df873c8625f632e53ce4fe584cf13f038f1c9ee6965bc3e739f7f,ac0e25072d97cb6e62f1e9e8f21de6173919bc6560ed41ab51e8aaed7faea51f,success,passed,false,1.2101617041793133e-08,1.7114270947149228e-08,1.7114270889351246e-08,1.2101617041793133e-08,True,True,steady_execution_v1,1.021272975998727,0.12246855700141168,0.0063191240005835425,1.1500606570007221,0.17037851299999998,0.097088798,0.13791146399999998,257536,4396160,0.01156330099911429,,,,,,,0.14703407200795482,0.961901766990195,0.10422843600827036,0.0652556729328353,0.003834592025668826,0.0062359039366128854,0.0031380389918922447,0.0,0.0005669399979524314,,,,,,4,4,4,8,1,1,physical_hardware,packed_operation_v1,True,True,True,True,True,False,False,True,True,True,0.9990081979212414,0.9770385009515444,1.0,38,4,"[[0,0],[0,1],[0,2],[0,3]]",[0],"[""/dev/dpu_rank1""]"
training,measurement,ghz_chain_18q:4dpu_t8,ghz_chain_18q,4dpu_t8,70e093aa7774e13885fc1dd7ad3acb7d0a2b9bea8a067289a654fbe18566a8c5,path_70e093aa7774e13885fc1dd7ad3acb7d0a2b9bea8a067289a654fbe18566a8c5,4dpu_t8,1,0,35,b418c9edcc573d76ef3ef825b4d24affbe2166bcccae95d7494dd5d3704b916c,6cf99559-972d-4484-8f26-11501def105a,424886cb45ecf2f43b304da76c7333b4720fb882066e04025593821f1eba1e04,8b6ebfbd-1c06-4fb1-b4bf-4d072212375d,68bde98e0696765cd5def2f8b41b686c6a2ffcb0,68bde98e0696765cd5def2f8b41b686c6a2ffcb0,d452106e697890439cfc94fdabfb6a80fb0fccc2,5269bfea2a1777b041e10edf9618ba613d44021ce89b3ff0d95093a81c095b65,ae9ef515059d52d7d85bbddc07c49cabd745c0f6e8e6aea4ffb9ca2d19553eb9,3991981dd57dd352828debc445aac58a2ffa9111277b1a91939c2ea91d489f59,54e9741ad70140f854674404fb85fd72270eb01fa1578e73ac17316a2cacb7d0,941594304206db74838787c5a2ceaaa34f6813500e6be58b1f9db48355c4a229,fd5d528697e74c6824c2873ed82a5ef455e65960c883b202ad9649d57748bae7,56dfa726e07260290a8d9bd5f9553bedef06c396ca7a2a1c14537ab134f1b661,42ef48b05a6df873c8625f632e53ce4fe584cf13f038f1c9ee6965bc3e739f7f,ac0e25072d97cb6e62f1e9e8f21de6173919bc6560ed41ab51e8aaed7faea51f,success,passed,false,1.2101617041793133e-08,1.7114270947149228e-08,1.7114270889351246e-08,1.2101617041793133e-08,True,True,steady_execution_v1,1.0170737250009552,0.11858235500039882,0.007002256999840029,1.142658337001194,0.17046486800000002,0.09625755100000002,0.14073805,257536,4396160,0.011396288991818437,,,,,,,0.14370632902137004,0.9587823529909656,0.10180296499675023,0.0639282109659689,0.003747418988496065,0.006148589978693053,0.002967286985949613,0.0,0.000553249006770784,,,,,,4,4,4,8,1,1,physical_hardware,packed_operation_v1,True,True,True,True,True,False,False,True,True,True,0.9990081979212414,0.9770385009515444,1.0,38,4,"[[0,0],[0,1],[0,2],[0,3]]",[0],"[""/dev/dpu_rank1""]"
training,measurement,ghz_chain_18q:4dpu_t8,ghz_chain_18q,4dpu_t8,70e093aa7774e13885fc1dd7ad3acb7d0a2b9bea8a067289a654fbe18566a8c5,path_70e093aa7774e13885fc1dd7ad3acb7d0a2b9bea8a067289a654fbe18566a8c5,4dpu_t8,2,1,41,d9c51d007591b6832e649b37165abf739c165d8b6812cafd739b5189f8a08226,6d66358e-0c9b-4428-99cd-fcfae56eadce,424886cb45ecf2f43b304da76c7333b4720fb882066e04025593821f1eba1e04,8b6ebfbd-1c06-4fb1-b4bf-4d072212375d,68bde98e0696765cd5def2f8b41b686c6a2ffcb0,68bde98e0696765cd5def2f8b41b686c6a2ffcb0,d452106e697890439cfc94fdabfb6a80fb0fccc2,5269bfea2a1777b041e10edf9618ba613d44021ce89b3ff0d95093a81c095b65,ae9ef515059d52d7d85bbddc07c49cabd745c0f6e8e6aea4ffb9ca2d19553eb9,3991981dd57dd352828debc445aac58a2ffa9111277b1a91939c2ea91d489f59,54e9741ad70140f854674404fb85fd72270eb01fa1578e73ac17316a2cacb7d0,941594304206db74838787c5a2ceaaa34f6813500e6be58b1f9db48355c4a229,fd5d528697e74c6824c2873ed82a5ef455e65960c883b202ad9649d57748bae7,56dfa726e07260290a8d9bd5f9553bedef06c396ca7a2a1c14537ab134f1b661,42ef48b05a6df873c8625f632e53ce4fe584cf13f038f1c9ee6965bc3e739f7f,ac0e25072d97cb6e62f1e9e8f21de6173919bc6560ed41ab51e8aaed7faea51f,success,passed,false,1.2101617041793133e-08,1.7114270947149228e-08,1.7114270889351246e-08,1.2101617041793133e-08,True,True,steady_execution_v1,1.0240648760009208,0.12358795000181999,0.007437912998284446,1.1550907390010252,0.17060034999999998,0.096240118,0.139152483,257536,4396160,0.011752957994758617,,,,,,,0.145304004985519,0.9645355230059067,0.10305150198109914,0.06471980293645174,0.003917937974620145,0.006138370983535424,0.003031361015018774,0.0,0.0005544379746424966,,,,,,4,4,4,8,1,1,physical_hardware,packed_operation_v1,True,True,True,True,True,False,False,True,True,True,0.9990081979212414,0.9770385009515444,1.0,38,4,"[[0,0],[0,1],[0,2],[0,3]]",[0],"[""/dev/dpu_rank1""]"
training,measurement,ghz_chain_18q:4dpu_t8,ghz_chain_18q,4dpu_t8,70e093aa7774e13885fc1dd7ad3acb7d0a2b9bea8a067289a654fbe18566a8c5,path_70e093aa7774e13885fc1dd7ad3acb7d0a2b9bea8a067289a654fbe18566a8c5,4dpu_t8,3,2,47,2887495af762e9bc4b4036810a3d6558152a077f701784f9047d3fe4ebeb4065,3b5479b0-ca73-40fd-8603-1491991b0a70,424886cb45ecf2f43b304da76c7333b4720fb882066e04025593821f1eba1e04,8b6ebfbd-1c06-4fb1-b4bf-4d072212375d,68bde98e0696765cd5def2f8b41b686c6a2ffcb0,68bde98e0696765cd5def2f8b41b686c6a2ffcb0,d452106e697890439cfc94fdabfb6a80fb0fccc2,5269bfea2a1777b041e10edf9618ba613d44021ce89b3ff0d95093a81c095b65,ae9ef515059d52d7d85bbddc07c49cabd745c0f6e8e6aea4ffb9ca2d19553eb9,3991981dd57dd352828debc445aac58a2ffa9111277b1a91939c2ea91d489f59,54e9741ad70140f854674404fb85fd72270eb01fa1578e73ac17316a2cacb7d0,941594304206db74838787c5a2ceaaa34f6813500e6be58b1f9db48355c4a229,fd5d528697e74c6824c2873ed82a5ef455e65960c883b202ad9649d57748bae7,56dfa726e07260290a8d9bd5f9553bedef06c396ca7a2a1c14537ab134f1b661,42ef48b05a6df873c8625f632e53ce4fe584cf13f038f1c9ee6965bc3e739f7f,ac0e25072d97cb6e62f1e9e8f21de6173919bc6560ed41ab51e8aaed7faea51f,success,passed,false,1.2101617041793133e-08,1.7114270947149228e-08,1.7114270889351246e-08,1.2101617041793133e-08,True,True,steady_execution_v1,1.0246993620021385,0.11800093900092179,0.00512373200035654,1.1478240330034168,0.170733012,0.096154993,0.137572257,257536,4396160,0.011906138999620453,,,,,,,0.1473652210079308,0.9647435849983594,0.10487407399705262,0.06574007600647747,0.003945068983739475,0.006180113065056503,0.003098855959251523,0.0,0.0005626729907817207,,,,,,4,4,4,8,1,1,physical_hardware,packed_operation_v1,True,True,True,True,True,False,False,True,True,True,0.9990081979212414,0.9770385009515444,1.0,38,4,"[[0,0],[0,1],[0,2],[0,3]]",[0],"[""/dev/dpu_rank1""]"
training,warmup,ghz_chain_18q:4dpu_t8,ghz_chain_18q,4dpu_t8,8a53a83c45b1a831a0d3d09f8b5393cd82dbadedaf2a239bc0a4da1843a470a4,path_8a53a83c45b1a831a0d3d09f8b5393cd82dbadedaf2a239bc0a4da1843a470a4,4dpu_t8,0,0,23,9bbbc0023db90b96acbb006a3ce924c10d5560a1b3b150f5dde86fb81c9ffaf8,3cacf8e5-41fe-4355-914a-7088f248d38e,424886cb45ecf2f43b304da76c7333b4720fb882066e04025593821f1eba1e04,8b6ebfbd-1c06-4fb1-b4bf-4d072212375d,68bde98e0696765cd5def2f8b41b686c6a2ffcb0,68bde98e0696765cd5def2f8b41b686c6a2ffcb0,d452106e697890439cfc94fdabfb6a80fb0fccc2,5269bfea2a1777b041e10edf9618ba613d44021ce89b3ff0d95093a81c095b65,ae9ef515059d52d7d85bbddc07c49cabd745c0f6e8e6aea4ffb9ca2d19553eb9,3991981dd57dd352828debc445aac58a2ffa9111277b1a91939c2ea91d489f59,54e9741ad70140f854674404fb85fd72270eb01fa1578e73ac17316a2cacb7d0,103bb82686d73369c17011eb6fb0d51edca4593ec3ec167682975f34a8229d8d,99091067dd40916ea80689ed42f3aa84fae3db28bddb19d8ceaf1fe6bc113fb5,56dfa726e07260290a8d9bd5f9553bedef06c396ca7a2a1c14537ab134f1b661,42ef48b05a6df873c8625f632e53ce4fe584cf13f038f1c9ee6965bc3e739f7f,ac0e25072d97cb6e62f1e9e8f21de6173919bc6560ed41ab51e8aaed7faea51f,success,passed,false,1.2101617041793133e-08,1.7114270947149228e-08,1.7114270889351246e-08,1.2101617041793133e-08,True,True,steady_execution_v1,0.8875036129975342,0.09729442200114136,0.008767193001403939,0.9935652280000795,0.157240895,0.079255556,0.124069312,120160,4266976,0.010334845988836605,,,,,,,0.12471729802564369,0.8371054749986797,0.08629118899261812,0.05453618102546898,0.0028701579867629334,0.004909193998173578,0.0020188560265523847,0.0,0.000481718987430213,,,,,,4,4,4,8,1,1,physical_hardware,packed_operation_v1,True,True,True,True,True,False,False,True,True,True,0.9992979275197335,0.9911171339610835,1.0,35,1,"[[0,0],[0,1],[0,2],[0,3]]",[0],"[""/dev/dpu_rank1""]"
training,measurement,ghz_chain_18q:4dpu_t8,ghz_chain_18q,4dpu_t8,8a53a83c45b1a831a0d3d09f8b5393cd82dbadedaf2a239bc0a4da1843a470a4,path_8a53a83c45b1a831a0d3d09f8b5393cd82dbadedaf2a239bc0a4da1843a470a4,4dpu_t8,1,0,23,b920f5833b6f2b359c8b1aeae1e42be4e6e798c4a71a0e0aa08e349ed8cc079c,90578536-426c-4961-90ac-8566914de415,424886cb45ecf2f43b304da76c7333b4720fb882066e04025593821f1eba1e04,8b6ebfbd-1c06-4fb1-b4bf-4d072212375d,68bde98e0696765cd5def2f8b41b686c6a2ffcb0,68bde98e0696765cd5def2f8b41b686c6a2ffcb0,d452106e697890439cfc94fdabfb6a80fb0fccc2,5269bfea2a1777b041e10edf9618ba613d44021ce89b3ff0d95093a81c095b65,ae9ef515059d52d7d85bbddc07c49cabd745c0f6e8e6aea4ffb9ca2d19553eb9,3991981dd57dd352828debc445aac58a2ffa9111277b1a91939c2ea91d489f59,54e9741ad70140f854674404fb85fd72270eb01fa1578e73ac17316a2cacb7d0,103bb82686d73369c17011eb6fb0d51edca4593ec3ec167682975f34a8229d8d,99091067dd40916ea80689ed42f3aa84fae3db28bddb19d8ceaf1fe6bc113fb5,56dfa726e07260290a8d9bd5f9553bedef06c396ca7a2a1c14537ab134f1b661,42ef48b05a6df873c8625f632e53ce4fe584cf13f038f1c9ee6965bc3e739f7f,ac0e25072d97cb6e62f1e9e8f21de6173919bc6560ed41ab51e8aaed7faea51f,success,passed,false,1.2101617041793133e-08,1.7114270947149228e-08,1.7114270889351246e-08,1.2101617041793133e-08,True,True,steady_execution_v1,1.0733952230002615,0.09064473599937628,0.0052874840002914425,1.1693274429999292,0.15246494400000002,0.056330439,0.117114793,120160,4266976,0.01669310200304608,,,,,,,0.21586790399305755,1.0029582450224552,0.16421510299915099,0.11462863600172568,0.003692100985063007,0.007793061042320915,0.0030894439441908617,0.0,0.0005574960014200769,,,,,,4,4,4,8,1,1,physical_hardware,packed_operation_v1,True,True,True,True,True,False,False,True,True,True,0.9992979275197335,0.9911171339610835,1.0,35,1,"[[0,0],[0,1],[0,2],[0,3]]",[0],"[""/dev/dpu_rank1""]"
training,measurement,ghz_chain_18q:4dpu_t8,ghz_chain_18q,4dpu_t8,8a53a83c45b1a831a0d3d09f8b5393cd82dbadedaf2a239bc0a4da1843a470a4,path_8a53a83c45b1a831a0d3d09f8b5393cd82dbadedaf2a239bc0a4da1843a470a4,4dpu_t8,2,1,27,af5b6fc889306c557f868f244bb19858ccd629290607ba15958a95ec50886c25,76b09514-80a4-48e7-9a8b-b34bb22ae41a,424886cb45ecf2f43b304da76c7333b4720fb882066e04025593821f1eba1e04,8b6ebfbd-1c06-4fb1-b4bf-4d072212375d,68bde98e0696765cd5def2f8b41b686c6a2ffcb0,68bde98e0696765cd5def2f8b41b686c6a2ffcb0,d452106e697890439cfc94fdabfb6a80fb0fccc2,5269bfea2a1777b041e10edf9618ba613d44021ce89b3ff0d95093a81c095b65,ae9ef515059d52d7d85bbddc07c49cabd745c0f6e8e6aea4ffb9ca2d19553eb9,3991981dd57dd352828debc445aac58a2ffa9111277b1a91939c2ea91d489f59,54e9741ad70140f854674404fb85fd72270eb01fa1578e73ac17316a2cacb7d0,103bb82686d73369c17011eb6fb0d51edca4593ec3ec167682975f34a8229d8d,99091067dd40916ea80689ed42f3aa84fae3db28bddb19d8ceaf1fe6bc113fb5,56dfa726e07260290a8d9bd5f9553bedef06c396ca7a2a1c14537ab134f1b661,42ef48b05a6df873c8625f632e53ce4fe584cf13f038f1c9ee6965bc3e739f7f,ac0e25072d97cb6e62f1e9e8f21de6173919bc6560ed41ab51e8aaed7faea51f,success,passed,false,1.2101617041793133e-08,1.7114270947149228e-08,1.7114270889351246e-08,1.2101617041793133e-08,True,True,steady_execution_v1,0.9088692170007562,0.10125298699858831,0.00538095699812402,1.0155031609974685,0.15733905199999998,0.07931945699999998,0.131501115,120160,4266976,0.010497944000235293,,,,,,,0.12629457996445126,0.852123182023206,0.08706288497705827,0.05473436696775025,0.0029503989790100604,0.004974879968358437,0.0022353739877871703,0.0,0.0004971739981556311,,,,,,4,4,4,8,1,1,physical_hardware,packed_operation_v1,True,True,True,True,True,False,False,True,True,True,0.9992979275197335,0.9911171339610835,1.0,35,1,"[[0,0],[0,1],[0,2],[0,3]]",[0],"[""/dev/dpu_rank1""]"
training,measurement,ghz_chain_18q:4dpu_t8,ghz_chain_18q,4dpu_t8,8a53a83c45b1a831a0d3d09f8b5393cd82dbadedaf2a239bc0a4da1843a470a4,path_8a53a83c45b1a831a0d3d09f8b5393cd82dbadedaf2a239bc0a4da1843a470a4,4dpu_t8,3,2,41,f4b82d42739b15af07a374b9fdc6700193cc67855634457880ebaf2eff1d46f5,0a348088-008c-4c4d-a2a9-e0b4f870d464,424886cb45ecf2f43b304da76c7333b4720fb882066e04025593821f1eba1e04,8b6ebfbd-1c06-4fb1-b4bf-4d072212375d,68bde98e0696765cd5def2f8b41b686c6a2ffcb0,68bde98e0696765cd5def2f8b41b686c6a2ffcb0,d452106e697890439cfc94fdabfb6a80fb0fccc2,5269bfea2a1777b041e10edf9618ba613d44021ce89b3ff0d95093a81c095b65,ae9ef515059d52d7d85bbddc07c49cabd745c0f6e8e6aea4ffb9ca2d19553eb9,3991981dd57dd352828debc445aac58a2ffa9111277b1a91939c2ea91d489f59,54e9741ad70140f854674404fb85fd72270eb01fa1578e73ac17316a2cacb7d0,103bb82686d73369c17011eb6fb0d51edca4593ec3ec167682975f34a8229d8d,99091067dd40916ea80689ed42f3aa84fae3db28bddb19d8ceaf1fe6bc113fb5,56dfa726e07260290a8d9bd5f9553bedef06c396ca7a2a1c14537ab134f1b661,42ef48b05a6df873c8625f632e53ce4fe584cf13f038f1c9ee6965bc3e739f7f,ac0e25072d97cb6e62f1e9e8f21de6173919bc6560ed41ab51e8aaed7faea51f,success,passed,false,1.2101617041793133e-08,1.7114270947149228e-08,1.7114270889351246e-08,1.2101617041793133e-08,True,True,steady_execution_v1,0.90443290300027,0.10051005999775953,0.0053969920008967165,1.0103399549989263,0.157232222,0.07939168699999999,0.12280707700000001,120160,4266976,0.01142099300341215,,,,,,,0.129214279975713,0.8516348799857951,0.08969600303680636,0.056539014040026814,0.002937283006758662,0.005038789040554548,0.0021206749843258876,0.0,0.0004951699847879354,,,,,,4,4,4,8,1,1,physical_hardware,packed_operation_v1,True,True,True,True,True,False,False,True,True,True,0.9992979275197335,0.9911171339610835,1.0,35,1,"[[0,0],[0,1],[0,2],[0,3]]",[0],"[""/dev/dpu_rank1""]"
training,warmup,ghz_chain_18q:4dpu_t8,ghz_chain_18q,4dpu_t8,9f9e62a16e205e4bd5eb1d1b8f62cade3177ef00fa9bd4dc15c899a41b00d3d0,path_9f9e62a16e205e4bd5eb1d1b8f62cade3177ef00fa9bd4dc15c899a41b00d3d0,4dpu_t8,0,0,24,9d81a6e5a06000bab5ba47afb950be66272b9a895f33ac8d8eee32638b68ab1d,a35a54e9-abb7-4a1f-a111-dae0a25e5f6b,424886cb45ecf2f43b304da76c7333b4720fb882066e04025593821f1eba1e04,8b6ebfbd-1c06-4fb1-b4bf-4d072212375d,68bde98e0696765cd5def2f8b41b686c6a2ffcb0,68bde98e0696765cd5def2f8b41b686c6a2ffcb0,d452106e697890439cfc94fdabfb6a80fb0fccc2,5269bfea2a1777b041e10edf9618ba613d44021ce89b3ff0d95093a81c095b65,ae9ef515059d52d7d85bbddc07c49cabd745c0f6e8e6aea4ffb9ca2d19553eb9,3991981dd57dd352828debc445aac58a2ffa9111277b1a91939c2ea91d489f59,54e9741ad70140f854674404fb85fd72270eb01fa1578e73ac17316a2cacb7d0,7a022b3b8a3a20b1ac8adbf6f85f0f31651b3fd3e808b1a61d500e1b5baffeee,37929df4cf5eb6820276677358cfa26fa99b7f591cb05407da39e6bfb45b3b73,56dfa726e07260290a8d9bd5f9553bedef06c396ca7a2a1c14537ab134f1b661,42ef48b05a6df873c8625f632e53ce4fe584cf13f038f1c9ee6965bc3e739f7f,ac0e25072d97cb6e62f1e9e8f21de6173919bc6560ed41ab51e8aaed7faea51f,success,passed,false,1.2101617041793133e-08,1.7114270947149228e-08,1.7114270889351246e-08,1.2101617041793133e-08,True,True,steady_execution_v1,0.8799546490008652,0.09872394400008488,0.00489932299751672,0.9835779159984668,0.15654585499999998,0.07850048,0.120563466,120416,4259040,0.01058101600210648,,,,,,,0.1246570739785966,0.830061264019605,0.08637098297549528,0.054629774971544975,0.0029026670308667235,0.004860420995100867,0.0019978850104962476,0.0,0.0005101009955978952,,,,,,4,4,4,8,1,1,physical_hardware,packed_operation_v1,True,True,True,True,True,False,False,True,True,True,0.9992928358321689,0.992505381623173,1.0,35,1,"[[0,0],[0,1],[0,2],[0,3]]",[0],"[""/dev/dpu_rank1""]"
training,measurement,ghz_chain_18q:4dpu_t8,ghz_chain_18q,4dpu_t8,9f9e62a16e205e4bd5eb1d1b8f62cade3177ef00fa9bd4dc15c899a41b00d3d0,path_9f9e62a16e205e4bd5eb1d1b8f62cade3177ef00fa9bd4dc15c899a41b00d3d0,4dpu_t8,1,0,40,3b43365ea7eb9218fd7125e26dee5a08e56e4d3524f149597eb21e08af61a567,76903b72-094d-4451-8555-632a2443707c,424886cb45ecf2f43b304da76c7333b4720fb882066e04025593821f1eba1e04,8b6ebfbd-1c06-4fb1-b4bf-4d072212375d,68bde98e0696765cd5def2f8b41b686c6a2ffcb0,68bde98e0696765cd5def2f8b41b686c6a2ffcb0,d452106e697890439cfc94fdabfb6a80fb0fccc2,5269bfea2a1777b041e10edf9618ba613d44021ce89b3ff0d95093a81c095b65,ae9ef515059d52d7d85bbddc07c49cabd745c0f6e8e6aea4ffb9ca2d19553eb9,3991981dd57dd352828debc445aac58a2ffa9111277b1a91939c2ea91d489f59,54e9741ad70140f854674404fb85fd72270eb01fa1578e73ac17316a2cacb7d0,7a022b3b8a3a20b1ac8adbf6f85f0f31651b3fd3e808b1a61d500e1b5baffeee,37929df4cf5eb6820276677358cfa26fa99b7f591cb05407da39e6bfb45b3b73,56dfa726e07260290a8d9bd5f9553bedef06c396ca7a2a1c14537ab134f1b661,42ef48b05a6df873c8625f632e53ce4fe584cf13f038f1c9ee6965bc3e739f7f,ac0e25072d97cb6e62f1e9e8f21de6173919bc6560ed41ab51e8aaed7faea51f,success,passed,false,1.2101617041793133e-08,1.7114270947149228e-08,1.7114270889351246e-08,1.2101617041793133e-08,True,True,steady_execution_v1,0.8986192640004447,0.0998421110016352,0.005191365002247039,1.003652740004327,0.156667422,0.07910326,0.127174134,120416,4259040,0.010639756994351046,,,,,,,0.12353155800519744,0.8378282469820988,0.08538707198749762,0.05371586603723699,0.002850180975656258,0.004795552016730653,0.001999413001612993,0.0,0.0004750439875351731,,,,,,4,4,4,8,1,1,physical_hardware,packed_operation_v1,True,True,True,True,True,False,False,True,True,True,0.9992928358321689,0.992505381623173,1.0,35,1,"[[0,0],[0,1],[0,2],[0,3]]",[0],"[""/dev/dpu_rank1""]"
training,measurement,ghz_chain_18q:4dpu_t8,ghz_chain_18q,4dpu_t8,9f9e62a16e205e4bd5eb1d1b8f62cade3177ef00fa9bd4dc15c899a41b00d3d0,path_9f9e62a16e205e4bd5eb1d1b8f62cade3177ef00fa9bd4dc15c899a41b00d3d0,4dpu_t8,2,1,24,a3a3e57d46f80f8ef604c5726fcc20713879e7afb9712adabcd7ae5826bf47e6,ee2fbe8b-db69-4924-96f9-8a0bcee66cf8,424886cb45ecf2f43b304da76c7333b4720fb882066e04025593821f1eba1e04,8b6ebfbd-1c06-4fb1-b4bf-4d072212375d,68bde98e0696765cd5def2f8b41b686c6a2ffcb0,68bde98e0696765cd5def2f8b41b686c6a2ffcb0,d452106e697890439cfc94fdabfb6a80fb0fccc2,5269bfea2a1777b041e10edf9618ba613d44021ce89b3ff0d95093a81c095b65,ae9ef515059d52d7d85bbddc07c49cabd745c0f6e8e6aea4ffb9ca2d19553eb9,3991981dd57dd352828debc445aac58a2ffa9111277b1a91939c2ea91d489f59,54e9741ad70140f854674404fb85fd72270eb01fa1578e73ac17316a2cacb7d0,7a022b3b8a3a20b1ac8adbf6f85f0f31651b3fd3e808b1a61d500e1b5baffeee,37929df4cf5eb6820276677358cfa26fa99b7f591cb05407da39e6bfb45b3b73,56dfa726e07260290a8d9bd5f9553bedef06c396ca7a2a1c14537ab134f1b661,42ef48b05a6df873c8625f632e53ce4fe584cf13f038f1c9ee6965bc3e739f7f,ac0e25072d97cb6e62f1e9e8f21de6173919bc6560ed41ab51e8aaed7faea51f,success,passed,false,1.2101617041793133e-08,1.7114270947149228e-08,1.7114270889351246e-08,1.2101617041793133e-08,True,True,steady_execution_v1,0.8961054019964649,0.09400424299747101,0.006028334999427898,0.9961379799933638,0.156459377,0.07917503,0.104276376,120416,4259040,0.010658912997314474,,,,,,,0.12951302298461087,0.8375888509945071,0.08957727500455803,0.056629283899383154,0.0031167639717750717,0.0050584939344844315,0.0022658640154986642,0.0,0.0004914689961879048,,,,,,4,4,4,8,1,1,physical_hardware,packed_operation_v1,True,True,True,True,True,False,False,True,True,True,0.9992928358321689,0.992505381623173,1.0,35,1,"[[0,0],[0,1],[0,2],[0,3]]",[0],"[""/dev/dpu_rank1""]"
training,measurement,ghz_chain_18q:4dpu_t8,ghz_chain_18q,4dpu_t8,9f9e62a16e205e4bd5eb1d1b8f62cade3177ef00fa9bd4dc15c899a41b00d3d0,path_9f9e62a16e205e4bd5eb1d1b8f62cade3177ef00fa9bd4dc15c899a41b00d3d0,4dpu_t8,3,2,33,f794360bb01a49d668869585e0e775e666e2da1aa45b63c46ac0d143753c0250,c42a6dba-06db-4162-ab3f-946b413aa171,424886cb45ecf2f43b304da76c7333b4720fb882066e04025593821f1eba1e04,8b6ebfbd-1c06-4fb1-b4bf-4d072212375d,68bde98e0696765cd5def2f8b41b686c6a2ffcb0,68bde98e0696765cd5def2f8b41b686c6a2ffcb0,d452106e697890439cfc94fdabfb6a80fb0fccc2,5269bfea2a1777b041e10edf9618ba613d44021ce89b3ff0d95093a81c095b65,ae9ef515059d52d7d85bbddc07c49cabd745c0f6e8e6aea4ffb9ca2d19553eb9,3991981dd57dd352828debc445aac58a2ffa9111277b1a91939c2ea91d489f59,54e9741ad70140f854674404fb85fd72270eb01fa1578e73ac17316a2cacb7d0,7a022b3b8a3a20b1ac8adbf6f85f0f31651b3fd3e808b1a61d500e1b5baffeee,37929df4cf5eb6820276677358cfa26fa99b7f591cb05407da39e6bfb45b3b73,56dfa726e07260290a8d9bd5f9553bedef06c396ca7a2a1c14537ab134f1b661,42ef48b05a6df873c8625f632e53ce4fe584cf13f038f1c9ee6965bc3e739f7f,ac0e25072d97cb6e62f1e9e8f21de6173919bc6560ed41ab51e8aaed7faea51f,success,passed,false,1.2101617041793133e-08,1.7114270947149228e-08,1.7114270889351246e-08,1.2101617041793133e-08,True,True,steady_execution_v1,0.8713725269990391,0.09740183900066768,0.005110327001602855,0.9738846930013096,0.157008629,0.07863237,0.118285288,120416,4259040,0.010493570007383823,,,,,,,0.12168960697817965,0.8225868050212739,0.08408935696570552,0.053107470888789976,0.0028365499783831183,0.0047085819314816035,0.0019439989846432582,0.0,0.00046809798732283525,,,,,,4,4,4,8,1,1,physical_hardware,packed_operation_v1,True,True,True,True,True,False,False,True,True,True,0.9992928358321689,0.992505381623173,1.0,35,1,"[[0,0],[0,1],[0,2],[0,3]]",[0],"[""/dev/dpu_rank1""]"
training,warmup,ghz_chain_18q:4dpu_t8,ghz_chain_18q,4dpu_t8,a0f7fec9778137270204333fdde142b735188034c201a7c229136e14b6f96692,path_a0f7fec9778137270204333fdde142b735188034c201a7c229136e14b6f96692,4dpu_t8,0,0,39,4f17bc4dcd8a8f9135fcdd66eb13b264b0193a127776a9cb2348e5d46ebcc783,7d4ad4a4-b3f8-4bfb-b3ac-5e46692e8235,424886cb45ecf2f43b304da76c7333b4720fb882066e04025593821f1eba1e04,8b6ebfbd-1c06-4fb1-b4bf-4d072212375d,68bde98e0696765cd5def2f8b41b686c6a2ffcb0,68bde98e0696765cd5def2f8b41b686c6a2ffcb0,d452106e697890439cfc94fdabfb6a80fb0fccc2,5269bfea2a1777b041e10edf9618ba613d44021ce89b3ff0d95093a81c095b65,ae9ef515059d52d7d85bbddc07c49cabd745c0f6e8e6aea4ffb9ca2d19553eb9,3991981dd57dd352828debc445aac58a2ffa9111277b1a91939c2ea91d489f59,54e9741ad70140f854674404fb85fd72270eb01fa1578e73ac17316a2cacb7d0,0d6b534c4363a2c66515e1eae5e80b16ee219d623eb88e311e985a90c651f2a9,4cecf443c5e56e624fa2eaf83de02689f5c1b17dfd7cc83c192c2305242aedb7,56dfa726e07260290a8d9bd5f9553bedef06c396ca7a2a1c14537ab134f1b661,42ef48b05a6df873c8625f632e53ce4fe584cf13f038f1c9ee6965bc3e739f7f,ac0e25072d97cb6e62f1e9e8f21de6173919bc6560ed41ab51e8aaed7faea51f,success,passed,false,1.2101617041793133e-08,1.7114270947149228e-08,1.7114270889351246e-08,1.2101617041793133e-08,True,True,steady_execution_v1,0.9758709689995158,0.17096371500156238,0.005335010999260703,1.1521696950003388,0.19657617200000005,0.086077615,0.109883552,238432,4385088,0.012320301011641277,,,,,,,0.1378433219724684,0.9139408770242881,0.09514979097730247,0.059796748973894864,0.0034004899971478153,0.005566927993641002,0.0027855979788000695,0.0,0.0005160860237083398,,,,,,4,4,4,8,1,1,physical_hardware,packed_operation_v1,True,True,True,True,True,False,False,True,True,True,0.9896449161617792,0.9748081916469846,1.0,35,2,"[[0,0],[0,1],[0,2],[0,3]]",[0],"[""/dev/dpu_rank1""]"
training,measurement,ghz_chain_18q:4dpu_t8,ghz_chain_18q,4dpu_t8,a0f7fec9778137270204333fdde142b735188034c201a7c229136e14b6f96692,path_a0f7fec9778137270204333fdde142b735188034c201a7c229136e14b6f96692,4dpu_t8,1,0,4,1bd4a4ffe1429c8a86a26942e6efe95349b04e4233d745bd9e2e52d66a5b9648,1298e99e-f41d-4bbc-999e-771bfc4113c7,424886cb45ecf2f43b304da76c7333b4720fb882066e04025593821f1eba1e04,8b6ebfbd-1c06-4fb1-b4bf-4d072212375d,68bde98e0696765cd5def2f8b41b686c6a2ffcb0,68bde98e0696765cd5def2f8b41b686c6a2ffcb0,d452106e697890439cfc94fdabfb6a80fb0fccc2,5269bfea2a1777b041e10edf9618ba613d44021ce89b3ff0d95093a81c095b65,ae9ef515059d52d7d85bbddc07c49cabd745c0f6e8e6aea4ffb9ca2d19553eb9,3991981dd57dd352828debc445aac58a2ffa9111277b1a91939c2ea91d489f59,54e9741ad70140f854674404fb85fd72270eb01fa1578e73ac17316a2cacb7d0,0d6b534c4363a2c66515e1eae5e80b16ee219d623eb88e311e985a90c651f2a9,4cecf443c5e56e624fa2eaf83de02689f5c1b17dfd7cc83c192c2305242aedb7,56dfa726e07260290a8d9bd5f9553bedef06c396ca7a2a1c14537ab134f1b661,42ef48b05a6df873c8625f632e53ce4fe584cf13f038f1c9ee6965bc3e739f7f,ac0e25072d97cb6e62f1e9e8f21de6173919bc6560ed41ab51e8aaed7faea51f,success,passed,false,1.2101617041793133e-08,1.7114270947149228e-08,1.7114270889351246e-08,1.2101617041793133e-08,True,True,steady_execution_v1,0.9663363110012142,0.17230991500036907,0.005745045000367099,1.1443912710019504,0.196541282,0.08456055600000001,0.12628289999999998,238432,4385088,0.012395613004628103,,,,,,,0.13263301700499142,0.9109987600240856,0.09147957002642215,0.057478052978694905,0.0032261060005112085,0.005268116026854841,0.002468807993864175,0.0,0.0005150870092620607,,,,,,4,4,4,8,1,1,physical_hardware,packed_operation_v1,True,True,True,True,True,False,False,True,True,True,0.9896449161617792,0.9748081916469846,1.0,35,2,"[[0,0],[0,1],[0,2],[0,3]]",[0],"[""/dev/dpu_rank1""]"
training,measurement,ghz_chain_18q:4dpu_t8,ghz_chain_18q,4dpu_t8,a0f7fec9778137270204333fdde142b735188034c201a7c229136e14b6f96692,path_a0f7fec9778137270204333fdde142b735188034c201a7c229136e14b6f96692,4dpu_t8,2,1,21,1b54f5534d63d49adb097e6ac5211a5ff1fb91e95b173f6a3b80676d4d497f73,8aebebb6-43c2-4116-9927-5d01c18239ff,424886cb45ecf2f43b304da76c7333b4720fb882066e04025593821f1eba1e04,8b6ebfbd-1c06-4fb1-b4bf-4d072212375d,68bde98e0696765cd5def2f8b41b686c6a2ffcb0,68bde98e0696765cd5def2f8b41b686c6a2ffcb0,d452106e697890439cfc94fdabfb6a80fb0fccc2,5269bfea2a1777b041e10edf9618ba613d44021ce89b3ff0d95093a81c095b65,ae9ef515059d52d7d85bbddc07c49cabd745c0f6e8e6aea4ffb9ca2d19553eb9,3991981dd57dd352828debc445aac58a2ffa9111277b1a91939c2ea91d489f59,54e9741ad70140f854674404fb85fd72270eb01fa1578e73ac17316a2cacb7d0,0d6b534c4363a2c66515e1eae5e80b16ee219d623eb88e311e985a90c651f2a9,4cecf443c5e56e624fa2eaf83de02689f5c1b17dfd7cc83c192c2305242aedb7,56dfa726e07260290a8d9bd5f9553bedef06c396ca7a2a1c14537ab134f1b661,42ef48b05a6df873c8625f632e53ce4fe584cf13f038f1c9ee6965bc3e739f7f,ac0e25072d97cb6e62f1e9e8f21de6173919bc6560ed41ab51e8aaed7faea51f,success,passed,false,1.2101617041793133e-08,1.7114270947149228e-08,1.7114270889351246e-08,1.2101617041793133e-08,True,True,steady_execution_v1,0.9600939199990535,0.1634240960011084,0.005202000000281259,1.1287200160004431,0.196420134,0.08513169000000001,0.125862829,238432,4385088,0.012506708997534588,,,,,,,0.13062037999770837,0.9040918680220784,0.09031301799041103,0.05640126208163565,0.0031897970075078774,0.005150919012521626,0.0024297910422319546,0.0,0.0004925749963149428,,,,,,4,4,4,8,1,1,physical_hardware,packed_operation_v1,True,True,True,True,True,False,False,True,True,True,0.9896449161617792,0.9748081916469846,1.0,35,2,"[[0,0],[0,1],[0,2],[0,3]]",[0],"[""/dev/dpu_rank1""]"
training,measurement,ghz_chain_18q:4dpu_t8,ghz_chain_18q,4dpu_t8,a0f7fec9778137270204333fdde142b735188034c201a7c229136e14b6f96692,path_a0f7fec9778137270204333fdde142b735188034c201a7c229136e14b6f96692,4dpu_t8,3,2,39,2ec20a53b13e194295366d80fa6433dad03c9124fd00ca6e26971150f7bc4f81,d29e3bb6-94e0-40a2-a492-af50cc9b1e43,424886cb45ecf2f43b304da76c7333b4720fb882066e04025593821f1eba1e04,8b6ebfbd-1c06-4fb1-b4bf-4d072212375d,68bde98e0696765cd5def2f8b41b686c6a2ffcb0,68bde98e0696765cd5def2f8b41b686c6a2ffcb0,d452106e697890439cfc94fdabfb6a80fb0fccc2,5269bfea2a1777b041e10edf9618ba613d44021ce89b3ff0d95093a81c095b65,ae9ef515059d52d7d85bbddc07c49cabd745c0f6e8e6aea4ffb9ca2d19553eb9,3991981dd57dd352828debc445aac58a2ffa9111277b1a91939c2ea91d489f59,54e9741ad70140f854674404fb85fd72270eb01fa1578e73ac17316a2cacb7d0,0d6b534c4363a2c66515e1eae5e80b16ee219d623eb88e311e985a90c651f2a9,4cecf443c5e56e624fa2eaf83de02689f5c1b17dfd7cc83c192c2305242aedb7,56dfa726e07260290a8d9bd5f9553bedef06c396ca7a2a1c14537ab134f1b661,42ef48b05a6df873c8625f632e53ce4fe584cf13f038f1c9ee6965bc3e739f7f,ac0e25072d97cb6e62f1e9e8f21de6173919bc6560ed41ab51e8aaed7faea51f,success,passed,false,1.2101617041793133e-08,1.7114270947149228e-08,1.7114270889351246e-08,1.2101617041793133e-08,True,True,steady_execution_v1,0.9578831869985152,0.16729224400114617,0.006192207998537924,1.1313676389981993,0.196091432,0.08461531499999997,0.12337310300000001,238432,4385088,0.012084237998351455,,,,,,,0.13176740698690992,0.9016236489806033,0.09115196701895911,0.05749729806848336,0.0031673899975430686,0.0052027749916305766,0.00250791206053691,0.0,0.0005230330025369767,,,,,,4,4,4,8,1,1,physical_hardware,packed_operation_v1,True,True,True,True,True,False,False,True,True,True,0.9896449161617792,0.9748081916469846,1.0,35,2,"[[0,0],[0,1],[0,2],[0,3]]",[0],"[""/dev/dpu_rank1""]"
training,warmup,ghz_chain_18q:4dpu_t8,ghz_chain_18q,4dpu_t8,b7a92f1a28cbacfef1575a0b571b79cdc92dded09222a5581a765ab352fd9637,path_b7a92f1a28cbacfef1575a0b571b79cdc92dded09222a5581a765ab352fd9637,4dpu_t8,0,0,2,507a9a597bc72d0e28c5703c7f03e2b03969e50ad0f6134b29575ea363f2c14c,f85e4f4a-9c28-4298-bc5c-103906651492,424886cb45ecf2f43b304da76c7333b4720fb882066e04025593821f1eba1e04,8b6ebfbd-1c06-4fb1-b4bf-4d072212375d,68bde98e0696765cd5def2f8b41b686c6a2ffcb0,68bde98e0696765cd5def2f8b41b686c6a2ffcb0,d452106e697890439cfc94fdabfb6a80fb0fccc2,5269bfea2a1777b041e10edf9618ba613d44021ce89b3ff0d95093a81c095b65,ae9ef515059d52d7d85bbddc07c49cabd745c0f6e8e6aea4ffb9ca2d19553eb9,3991981dd57dd352828debc445aac58a2ffa9111277b1a91939c2ea91d489f59,54e9741ad70140f854674404fb85fd72270eb01fa1578e73ac17316a2cacb7d0,fea783930a1538137982196eca3e38c365a6d934c93ca9df8d6188db3dce6f75,412ba1a3486ef18d1a5cbccd92d974884195c140008c88ccd82b179257b580c8,56dfa726e07260290a8d9bd5f9553bedef06c396ca7a2a1c14537ab134f1b661,42ef48b05a6df873c8625f632e53ce4fe584cf13f038f1c9ee6965bc3e739f7f,ac0e25072d97cb6e62f1e9e8f21de6173919bc6560ed41ab51e8aaed7faea51f,success,passed,false,1.2101617041793133e-08,1.7114270947149228e-08,1.7114270889351246e-08,1.2101617041793133e-08,True,True,steady_execution_v1,1.5432944640015194,0.23769749100029003,0.007334592999541201,1.7883265480013506,0.241552225,0.177809251,0.22275378900000004,768448,4897792,0.016107438004837604,,,,,,,0.223402179988625,1.4625966689891357,0.16535597299298388,0.10139771505419048,0.008485593014484039,0.011028812961740186,0.006429175042285351,0.0,0.0008234690394601785,,,,,,4,4,4,8,1,1,physical_hardware,packed_operation_v1,True,True,True,True,True,False,False,True,True,True,0.962568058076225,0.9889989215918357,1.0,49,19,"[[0,0],[0,1],[0,2],[0,3]]",[0],"[""/dev/dpu_rank1""]"
training,measurement,ghz_chain_18q:4dpu_t8,ghz_chain_18q,4dpu_t8,b7a92f1a28cbacfef1575a0b571b79cdc92dded09222a5581a765ab352fd9637,path_b7a92f1a28cbacfef1575a0b571b79cdc92dded09222a5581a765ab352fd9637,4dpu_t8,1,0,6,198cd81a4f1586512f4e041cb10c5c809a3a43bbda915bc8e407a037f2d43317,c45ba11e-f4ef-4059-9259-d8e4361506db,424886cb45ecf2f43b304da76c7333b4720fb882066e04025593821f1eba1e04,8b6ebfbd-1c06-4fb1-b4bf-4d072212375d,68bde98e0696765cd5def2f8b41b686c6a2ffcb0,68bde98e0696765cd5def2f8b41b686c6a2ffcb0,d452106e697890439cfc94fdabfb6a80fb0fccc2,5269bfea2a1777b041e10edf9618ba613d44021ce89b3ff0d95093a81c095b65,ae9ef515059d52d7d85bbddc07c49cabd745c0f6e8e6aea4ffb9ca2d19553eb9,3991981dd57dd352828debc445aac58a2ffa9111277b1a91939c2ea91d489f59,54e9741ad70140f854674404fb85fd72270eb01fa1578e73ac17316a2cacb7d0,fea783930a1538137982196eca3e38c365a6d934c93ca9df8d6188db3dce6f75,412ba1a3486ef18d1a5cbccd92d974884195c140008c88ccd82b179257b580c8,56dfa726e07260290a8d9bd5f9553bedef06c396ca7a2a1c14537ab134f1b661,42ef48b05a6df873c8625f632e53ce4fe584cf13f038f1c9ee6965bc3e739f7f,ac0e25072d97cb6e62f1e9e8f21de6173919bc6560ed41ab51e8aaed7faea51f,success,passed,false,1.2101617041793133e-08,1.7114270947149228e-08,1.7114270889351246e-08,1.2101617041793133e-08,True,True,steady_execution_v1,1.7106828759970085,0.24325866399885854,0.006573927003046265,1.9605154669989133,0.23528662299999997,0.147946183,0.204244914,768448,4897792,0.022066427998652216,,,,,,,0.30661291100477683,1.6146751570340712,0.23904165699786972,0.1596022829580761,0.009534818989777705,0.013715543016587617,0.006991968031798024,0.0,0.0009121689690800849,,,,,,4,4,4,8,1,1,physical_hardware,packed_operation_v1,True,True,True,True,True,False,False,True,True,True,0.962568058076225,0.9889989215918357,1.0,49,19,"[[0,0],[0,1],[0,2],[0,3]]",[0],"[""/dev/dpu_rank1""]"
training,measurement,ghz_chain_18q:4dpu_t8,ghz_chain_18q,4dpu_t8,b7a92f1a28cbacfef1575a0b571b79cdc92dded09222a5581a765ab352fd9637,path_b7a92f1a28cbacfef1575a0b571b79cdc92dded09222a5581a765ab352fd9637,4dpu_t8,2,1,40,d9e2e86cb0fbfd608564f3e241563353fb4cea3f2a2834ca06ada4cfc8c2e071,69cc182f-d7c7-4579-865f-99af1085885b,424886cb45ecf2f43b304da76c7333b4720fb882066e04025593821f1eba1e04,8b6ebfbd-1c06-4fb1-b4bf-4d072212375d,68bde98e0696765cd5def2f8b41b686c6a2ffcb0,68bde98e0696765cd5def2f8b41b686c6a2ffcb0,d452106e697890439cfc94fdabfb6a80fb0fccc2,5269bfea2a1777b041e10edf9618ba613d44021ce89b3ff0d95093a81c095b65,ae9ef515059d52d7d85bbddc07c49cabd745c0f6e8e6aea4ffb9ca2d19553eb9,3991981dd57dd352828debc445aac58a2ffa9111277b1a91939c2ea91d489f59,54e9741ad70140f854674404fb85fd72270eb01fa1578e73ac17316a2cacb7d0,fea783930a1538137982196eca3e38c365a6d934c93ca9df8d6188db3dce6f75,412ba1a3486ef18d1a5cbccd92d974884195c140008c88ccd82b179257b580c8,56dfa726e07260290a8d9bd5f9553bedef06c396ca7a2a1c14537ab134f1b661,42ef48b05a6df873c8625f632e53ce4fe584cf13f038f1c9ee6965bc3e739f7f,ac0e25072d97cb6e62f1e9e8f21de6173919bc6560ed41ab51e8aaed7faea51f,success,passed,false,1.2101617041793133e-08,1.7114270947149228e-08,1.7114270889351246e-08,1.2101617041793133e-08,True,True,steady_execution_v1,1.687631587999931,0.23955910499716992,0.0058816970013140235,1.933072389998415,0.23488743299999998,0.142748021,0.200702628,768448,4897792,0.021180191997700604,,,,,,,0.30663520900634467,1.5924033599985705,0.24013910399298766,0.16053854990605032,0.009327307983767241,0.013667272934981156,0.00703118395540514,0.0,0.000866708011017181,,,,,,4,4,4,8,1,1,physical_hardware,packed_operation_v1,True,True,True,True,True,False,False,True,True,True,0.962568058076225,0.9889989215918357,1.0,49,19,"[[0,0],[0,1],[0,2],[0,3]]",[0],"[""/dev/dpu_rank1""]"
training,measurement,ghz_chain_18q:4dpu_t8,ghz_chain_18q,4dpu_t8,b7a92f1a28cbacfef1575a0b571b79cdc92dded09222a5581a765ab352fd9637,path_b7a92f1a28cbacfef1575a0b571b79cdc92dded09222a5581a765ab352fd9637,4dpu_t8,3,2,36,14f02994854effe6430f3bb07c2f4c5d05aa01dff83908bf322d524b7eff3779,10b002bf-2b21-4978-aed1-c30afd730f97,424886cb45ecf2f43b304da76c7333b4720fb882066e04025593821f1eba1e04,8b6ebfbd-1c06-4fb1-b4bf-4d072212375d,68bde98e0696765cd5def2f8b41b686c6a2ffcb0,68bde98e0696765cd5def2f8b41b686c6a2ffcb0,d452106e697890439cfc94fdabfb6a80fb0fccc2,5269bfea2a1777b041e10edf9618ba613d44021ce89b3ff0d95093a81c095b65,ae9ef515059d52d7d85bbddc07c49cabd745c0f6e8e6aea4ffb9ca2d19553eb9,3991981dd57dd352828debc445aac58a2ffa9111277b1a91939c2ea91d489f59,54e9741ad70140f854674404fb85fd72270eb01fa1578e73ac17316a2cacb7d0,fea783930a1538137982196eca3e38c365a6d934c93ca9df8d6188db3dce6f75,412ba1a3486ef18d1a5cbccd92d974884195c140008c88ccd82b179257b580c8,56dfa726e07260290a8d9bd5f9553bedef06c396ca7a2a1c14537ab134f1b661,42ef48b05a6df873c8625f632e53ce4fe584cf13f038f1c9ee6965bc3e739f7f,ac0e25072d97cb6e62f1e9e8f21de6173919bc6560ed41ab51e8aaed7faea51f,success,passed,false,1.2101617041793133e-08,1.7114270947149228e-08,1.7114270889351246e-08,1.2101617041793133e-08,True,True,steady_execution_v1,1.4357604020005965,0.24088973199832253,0.005626443999062758,1.6822765779979818,0.23914450999999998,0.164728066,0.186047986,768448,4897792,0.014395961978152627,,,,,,,0.2127490819839295,1.362244779989851,0.15737902299588313,0.09770288800791604,0.008041684013733175,0.010374630037404131,0.006296353007201105,0.0,0.0008018139851628803,,,,,,4,4,4,8,1,1,physical_hardware,packed_operation_v1,True,True,True,True,True,False,False,True,True,True,0.962568058076225,0.9889989215918357,1.0,49,19,"[[0,0],[0,1],[0,2],[0,3]]",[0],"[""/dev/dpu_rank1""]"
training,warmup,hs_18q_d1:1dpu_t8,hs_18q_d1,1dpu_t8,002f633fd11c9c8ac95008a9452a63ccea24651ab38167fe6e6b762d00c2806d,path_002f633fd11c9c8ac95008a9452a63ccea24651ab38167fe6e6b762d00c2806d,1dpu_t8,0,0,11,030bdfdd534337e030ee28e279cfdda1267b5e7d535eab22759d72869a2f1430,fc044d55-d6f3-4cdd-bdfc-ed29ff29f69d,424886cb45ecf2f43b304da76c7333b4720fb882066e04025593821f1eba1e04,8b6ebfbd-1c06-4fb1-b4bf-4d072212375d,68bde98e0696765cd5def2f8b41b686c6a2ffcb0,68bde98e0696765cd5def2f8b41b686c6a2ffcb0,d452106e697890439cfc94fdabfb6a80fb0fccc2,5269bfea2a1777b041e10edf9618ba613d44021ce89b3ff0d95093a81c095b65,ae9ef515059d52d7d85bbddc07c49cabd745c0f6e8e6aea4ffb9ca2d19553eb9,3041c3f6b10c61f860b9191479ab8426d3139ce17a9839fe77b2fbe5492ee655,4cc946feedba2fd8517c36679932644f2fd129a5bd767a9db9ddaaa0e210f7b1,2591087611c7a36eed9aaadd068fb912954354c19b384af36527612c5aa7ebaa,3ede110d6e0d5d50330d6d56e2b9fe452b122cfd84191435ecb7ee4bd2535b88,56dfa726e07260290a8d9bd5f9553bedef06c396ca7a2a1c14537ab134f1b661,42ef48b05a6df873c8625f632e53ce4fe584cf13f038f1c9ee6965bc3e739f7f,b0cefc07e5f7a18159a9c4ef798571e00b6e5179dd490b4e4f42619d3401adda,success,passed,false,1.0477378925392855e-09,5.364418009801143e-07,5.364419354281225e-07,1.0477378925392855e-09,True,True,steady_execution_v1,1.3807269380013167,0.13362246999895433,0.006741648998286109,1.5210910569985572,0.503322532,0.074731588,0.130653355,63680,4233920,0.0155705370088981,,,,,,,0.13361787396570435,1.3100187580312195,0.07769948196073528,0.028926423969096504,0.004428819007443963,0.003758568982448196,0.00106985699312645,0.0,0.0006166790008137468,,,,,,1,1,1,8,1,1,physical_hardware,packed_operation_v1,True,True,True,True,True,False,False,True,True,True,0.9971689697922651,1.0,1.0,56,56,"[[0,0]]",[0],"[""/dev/dpu_rank1""]"
training,measurement,hs_18q_d1:1dpu_t8,hs_18q_d1,1dpu_t8,002f633fd11c9c8ac95008a9452a63ccea24651ab38167fe6e6b762d00c2806d,path_002f633fd11c9c8ac95008a9452a63ccea24651ab38167fe6e6b762d00c2806d,1dpu_t8,1,0,15,35126b1b101cf00939640e92977ab04bc571620be17f39934fa3116ccdc13fdb,b6e7b097-3ef2-48b0-b70b-7688536497a3,424886cb45ecf2f43b304da76c7333b4720fb882066e04025593821f1eba1e04,8b6ebfbd-1c06-4fb1-b4bf-4d072212375d,68bde98e0696765cd5def2f8b41b686c6a2ffcb0,68bde98e0696765cd5def2f8b41b686c6a2ffcb0,d452106e697890439cfc94fdabfb6a80fb0fccc2,5269bfea2a1777b041e10edf9618ba613d44021ce89b3ff0d95093a81c095b65,ae9ef515059d52d7d85bbddc07c49cabd745c0f6e8e6aea4ffb9ca2d19553eb9,3041c3f6b10c61f860b9191479ab8426d3139ce17a9839fe77b2fbe5492ee655,4cc946feedba2fd8517c36679932644f2fd129a5bd767a9db9ddaaa0e210f7b1,2591087611c7a36eed9aaadd068fb912954354c19b384af36527612c5aa7ebaa,3ede110d6e0d5d50330d6d56e2b9fe452b122cfd84191435ecb7ee4bd2535b88,56dfa726e07260290a8d9bd5f9553bedef06c396ca7a2a1c14537ab134f1b661,42ef48b05a6df873c8625f632e53ce4fe584cf13f038f1c9ee6965bc3e739f7f,b0cefc07e5f7a18159a9c4ef798571e00b6e5179dd490b4e4f42619d3401adda,success,passed,false,1.0477378925392855e-09,5.364418009801143e-07,5.364419354281225e-07,1.0477378925392855e-09,True,True,steady_execution_v1,1.390247740000632,0.13646529499965254,0.004416079998918576,1.531129114999203,0.506066562,0.074498328,0.13106859400000004,63680,4233920,0.016125862985063577,,,,,,,0.13623549704425386,1.318350384986843,0.07896499200433027,0.029001426035392797,0.004465046014956897,0.003813811028521741,0.0010829789862327743,0.0,0.0006287700125540141,,,,,,1,1,1,8,1,1,physical_hardware,packed_operation_v1,True,True,True,True,True,False,False,True,True,True,0.9971689697922651,1.0,1.0,56,56,"[[0,0]]",[0],"[""/dev/dpu_rank1""]"
training,measurement,hs_18q_d1:1dpu_t8,hs_18q_d1,1dpu_t8,002f633fd11c9c8ac95008a9452a63ccea24651ab38167fe6e6b762d00c2806d,path_002f633fd11c9c8ac95008a9452a63ccea24651ab38167fe6e6b762d00c2806d,1dpu_t8,2,1,30,2c2589d68c409f495de6fbf725de6da4df37d2aabf27170639255e2c0a7747be,b28cb1f5-a2b4-476b-86fa-90a650d7f978,424886cb45ecf2f43b304da76c7333b4720fb882066e04025593821f1eba1e04,8b6ebfbd-1c06-4fb1-b4bf-4d072212375d,68bde98e0696765cd5def2f8b41b686c6a2ffcb0,68bde98e0696765cd5def2f8b41b686c6a2ffcb0,d452106e697890439cfc94fdabfb6a80fb0fccc2,5269bfea2a1777b041e10edf9618ba613d44021ce89b3ff0d95093a81c095b65,ae9ef515059d52d7d85bbddc07c49cabd745c0f6e8e6aea4ffb9ca2d19553eb9,3041c3f6b10c61f860b9191479ab8426d3139ce17a9839fe77b2fbe5492ee655,4cc946feedba2fd8517c36679932644f2fd129a5bd767a9db9ddaaa0e210f7b1,2591087611c7a36eed9aaadd068fb912954354c19b384af36527612c5aa7ebaa,3ede110d6e0d5d50330d6d56e2b9fe452b122cfd84191435ecb7ee4bd2535b88,56dfa726e07260290a8d9bd5f9553bedef06c396ca7a2a1c14537ab134f1b661,42ef48b05a6df873c8625f632e53ce4fe584cf13f038f1c9ee6965bc3e739f7f,b0cefc07e5f7a18159a9c4ef798571e00b6e5179dd490b4e4f42619d3401adda,success,passed,false,1.0477378925392855e-09,5.364418009801143e-07,5.364419354281225e-07,1.0477378925392855e-09,True,True,steady_execution_v1,1.3605116580001777,0.1348129149992019,0.0055121909972513095,1.500836763996631,0.501658609,0.07459325700000001,0.105128589,63680,4233920,0.015553536992229056,,,,,,,0.13507577198470244,1.2887904929812066,0.07914350302598905,0.02933443900110433,0.004578435004077619,0.0038559630011150148,0.001140284013672499,0.0,0.0006357049715006724,,,,,,1,1,1,8,1,1,physical_hardware,packed_operation_v1,True,True,True,True,True,False,False,True,True,True,0.9971689697922651,1.0,1.0,56,56,"[[0,0]]",[0],"[""/dev/dpu_rank1""]"
training,measurement,hs_18q_d1:1dpu_t8,hs_18q_d1,1dpu_t8,002f633fd11c9c8ac95008a9452a63ccea24651ab38167fe6e6b762d00c2806d,path_002f633fd11c9c8ac95008a9452a63ccea24651ab38167fe6e6b762d00c2806d,1dpu_t8,3,2,20,27bd9d3a5d04107ab14b130f015fedfe3f216b01150fa5413c730e49e1d142ff,5782b3c4-bc4a-460f-9011-eca5389d5356,424886cb45ecf2f43b304da76c7333b4720fb882066e04025593821f1eba1e04,8b6ebfbd-1c06-4fb1-b4bf-4d072212375d,68bde98e0696765cd5def2f8b41b686c6a2ffcb0,68bde98e0696765cd5def2f8b41b686c6a2ffcb0,d452106e697890439cfc94fdabfb6a80fb0fccc2,5269bfea2a1777b041e10edf9618ba613d44021ce89b3ff0d95093a81c095b65,ae9ef515059d52d7d85bbddc07c49cabd745c0f6e8e6aea4ffb9ca2d19553eb9,3041c3f6b10c61f860b9191479ab8426d3139ce17a9839fe77b2fbe5492ee655,4cc946feedba2fd8517c36679932644f2fd129a5bd767a9db9ddaaa0e210f7b1,2591087611c7a36eed9aaadd068fb912954354c19b384af36527612c5aa7ebaa,3ede110d6e0d5d50330d6d56e2b9fe452b122cfd84191435ecb7ee4bd2535b88,56dfa726e07260290a8d9bd5f9553bedef06c396ca7a2a1c14537ab134f1b661,42ef48b05a6df873c8625f632e53ce4fe584cf13f038f1c9ee6965bc3e739f7f,b0cefc07e5f7a18159a9c4ef798571e00b6e5179dd490b4e4f42619d3401adda,success,passed,false,1.0477378925392855e-09,5.364418009801143e-07,5.364419354281225e-07,1.0477378925392855e-09,True,True,steady_execution_v1,1.380989856999804,0.13654185799896368,0.0065563470016059,1.5240880620003736,0.506058921,0.074670074,0.131041838,63680,4233920,0.01573741599349887,,,,,,,0.13388441800998407,1.3092975260296953,0.07769854900470818,0.028574683943588752,0.0044560940223163925,0.0037910209721303545,0.0010428380155644845,0.0,0.0006349109607981518,,,,,,1,1,1,8,1,1,physical_hardware,packed_operation_v1,True,True,True,True,True,False,False,True,True,True,0.9971689697922651,1.0,1.0,56,56,"[[0,0]]",[0],"[""/dev/dpu_rank1""]"
training,warmup,hs_18q_d1:1dpu_t8,hs_18q_d1,1dpu_t8,0f172b4535a71fb59dd5d4f406df828c33333cda1113d1c71db08b5d0e989d1e,path_0f172b4535a71fb59dd5d4f406df828c33333cda1113d1c71db08b5d0e989d1e,1dpu_t8,0,0,8,2de8904c5cca3c152cd708c8bc049a454122eedbb9e477b91c53f0a94664c35a,67ad7a3e-a318-450c-9599-9a154cc02a53,424886cb45ecf2f43b304da76c7333b4720fb882066e04025593821f1eba1e04,8b6ebfbd-1c06-4fb1-b4bf-4d072212375d,68bde98e0696765cd5def2f8b41b686c6a2ffcb0,68bde98e0696765cd5def2f8b41b686c6a2ffcb0,d452106e697890439cfc94fdabfb6a80fb0fccc2,5269bfea2a1777b041e10edf9618ba613d44021ce89b3ff0d95093a81c095b65,ae9ef515059d52d7d85bbddc07c49cabd745c0f6e8e6aea4ffb9ca2d19553eb9,3041c3f6b10c61f860b9191479ab8426d3139ce17a9839fe77b2fbe5492ee655,4cc946feedba2fd8517c36679932644f2fd129a5bd767a9db9ddaaa0e210f7b1,effb17e9fd24b9768105686a1c2df64c7143760bcef663f80c1381664f5c5360,fbe175c5e7d7ea76d48501ecb6294237406bf4534484cb0a052a87814a72c241,56dfa726e07260290a8d9bd5f9553bedef06c396ca7a2a1c14537ab134f1b661,42ef48b05a6df873c8625f632e53ce4fe584cf13f038f1c9ee6965bc3e739f7f,b0cefc07e5f7a18159a9c4ef798571e00b6e5179dd490b4e4f42619d3401adda,success,passed,false,1.0477378925392855e-09,5.364418009801143e-07,5.364419354281225e-07,1.0477378925392855e-09,True,True,steady_execution_v1,1.3942142460000468,0.11990660800074693,0.006070303999877069,1.5201911580006708,0.49754293699999996,0.072676978,0.13019119099999998,58432,4228672,0.015458149988262448,,,,,,,0.13346150897268672,1.3240664079748967,0.07769772498795646,0.028547959045681637,0.004497017984249396,0.0037500470170925837,0.0010153900184377562,0.0,0.0006155720038805157,,,,,,1,1,1,8,1,1,physical_hardware,packed_operation_v1,True,True,True,True,True,False,False,True,True,True,0.9992990087604959,1.0,1.0,56,56,"[[0,0]]",[0],"[""/dev/dpu_rank1""]"
training,measurement,hs_18q_d1:1dpu_t8,hs_18q_d1,1dpu_t8,0f172b4535a71fb59dd5d4f406df828c33333cda1113d1c71db08b5d0e989d1e,path_0f172b4535a71fb59dd5d4f406df828c33333cda1113d1c71db08b5d0e989d1e,1dpu_t8,1,0,10,df425d62013eb04392ea4b20d3c066c288735b2e84cfbe1cc190a07bcf45c28e,bfac8a03-d5a0-45e1-81bc-b133d77b2f43,424886cb45ecf2f43b304da76c7333b4720fb882066e04025593821f1eba1e04,8b6ebfbd-1c06-4fb1-b4bf-4d072212375d,68bde98e0696765cd5def2f8b41b686c6a2ffcb0,68bde98e0696765cd5def2f8b41b686c6a2ffcb0,d452106e697890439cfc94fdabfb6a80fb0fccc2,5269bfea2a1777b041e10edf9618ba613d44021ce89b3ff0d95093a81c095b65,ae9ef515059d52d7d85bbddc07c49cabd745c0f6e8e6aea4ffb9ca2d19553eb9,3041c3f6b10c61f860b9191479ab8426d3139ce17a9839fe77b2fbe5492ee655,4cc946feedba2fd8517c36679932644f2fd129a5bd767a9db9ddaaa0e210f7b1,effb17e9fd24b9768105686a1c2df64c7143760bcef663f80c1381664f5c5360,fbe175c5e7d7ea76d48501ecb6294237406bf4534484cb0a052a87814a72c241,56dfa726e07260290a8d9bd5f9553bedef06c396ca7a2a1c14537ab134f1b661,42ef48b05a6df873c8625f632e53ce4fe584cf13f038f1c9ee6965bc3e739f7f,b0cefc07e5f7a18159a9c4ef798571e00b6e5179dd490b4e4f42619d3401adda,success,passed,false,1.0477378925392855e-09,5.364418009801143e-07,5.364419354281225e-07,1.0477378925392855e-09,True,True,steady_execution_v1,1.4110460280026018,0.12410593399908976,0.005669525002303999,1.5408214870039956,0.5014412460000001,0.071918586,0.13446505700000003,58432,4228672,0.01627874799305573,,,,,,,0.14630023503195844,1.3374722700064012,0.08553325498360209,0.031635537092370214,0.004847938020247966,0.004127832038648194,0.0011546619862201624,0.0,0.0006830660240666475,,,,,,1,1,1,8,1,1,physical_hardware,packed_operation_v1,True,True,True,True,True,False,False,True,True,True,0.9992990087604959,1.0,1.0,56,56,"[[0,0]]",[0],"[""/dev/dpu_rank1""]"
training,measurement,hs_18q_d1:1dpu_t8,hs_18q_d1,1dpu_t8,0f172b4535a71fb59dd5d4f406df828c33333cda1113d1c71db08b5d0e989d1e,path_0f172b4535a71fb59dd5d4f406df828c33333cda1113d1c71db08b5d0e989d1e,1dpu_t8,2,1,28,bef43f201e1d2bf49f910845ba29e2aedaac5faa0a51b2b89ec315ed04afc19c,d244fb97-3d99-46ae-a5ff-cb737afcb6fe,424886cb45ecf2f43b304da76c7333b4720fb882066e04025593821f1eba1e04,8b6ebfbd-1c06-4fb1-b4bf-4d072212375d,68bde98e0696765cd5def2f8b41b686c6a2ffcb0,68bde98e0696765cd5def2f8b41b686c6a2ffcb0,d452106e697890439cfc94fdabfb6a80fb0fccc2,5269bfea2a1777b041e10edf9618ba613d44021ce89b3ff0d95093a81c095b65,ae9ef515059d52d7d85bbddc07c49cabd745c0f6e8e6aea4ffb9ca2d19553eb9,3041c3f6b10c61f860b9191479ab8426d3139ce17a9839fe77b2fbe5492ee655,4cc946feedba2fd8517c36679932644f2fd129a5bd767a9db9ddaaa0e210f7b1,effb17e9fd24b9768105686a1c2df64c7143760bcef663f80c1381664f5c5360,fbe175c5e7d7ea76d48501ecb6294237406bf4534484cb0a052a87814a72c241,56dfa726e07260290a8d9bd5f9553bedef06c396ca7a2a1c14537ab134f1b661,42ef48b05a6df873c8625f632e53ce4fe584cf13f038f1c9ee6965bc3e739f7f,b0cefc07e5f7a18159a9c4ef798571e00b6e5179dd490b4e4f42619d3401adda,success,passed,false,1.0477378925392855e-09,5.364418009801143e-07,5.364419354281225e-07,1.0477378925392855e-09,True,True,steady_execution_v1,1.376440181000362,0.12426138500086381,0.0070392859997809865,1.5077408520010067,0.500714748,0.07239757899999999,0.13137267200000002,58432,4228672,0.014946932024031412,,,,,,,0.13478125000256114,1.3079276269854745,0.07864917300321395,0.02910071004225756,0.004485167002712842,0.0037520019759540446,0.001042358017002698,0.0,0.0006236840454221237,,,,,,1,1,1,8,1,1,physical_hardware,packed_operation_v1,True,True,True,True,True,False,False,True,True,True,0.9992990087604959,1.0,1.0,56,56,"[[0,0]]",[0],"[""/dev/dpu_rank1""]"
training,measurement,hs_18q_d1:1dpu_t8,hs_18q_d1,1dpu_t8,0f172b4535a71fb59dd5d4f406df828c33333cda1113d1c71db08b5d0e989d1e,path_0f172b4535a71fb59dd5d4f406df828c33333cda1113d1c71db08b5d0e989d1e,1dpu_t8,3,2,10,dcfc8933f0c4e2b40c275d3f73d0476570db10da3ecfe41c9dfd0777bbd684e2,4d239039-7287-432c-9652-568822fa40b9,424886cb45ecf2f43b304da76c7333b4720fb882066e04025593821f1eba1e04,8b6ebfbd-1c06-4fb1-b4bf-4d072212375d,68bde98e0696765cd5def2f8b41b686c6a2ffcb0,68bde98e0696765cd5def2f8b41b686c6a2ffcb0,d452106e697890439cfc94fdabfb6a80fb0fccc2,5269bfea2a1777b041e10edf9618ba613d44021ce89b3ff0d95093a81c095b65,ae9ef515059d52d7d85bbddc07c49cabd745c0f6e8e6aea4ffb9ca2d19553eb9,3041c3f6b10c61f860b9191479ab8426d3139ce17a9839fe77b2fbe5492ee655,4cc946feedba2fd8517c36679932644f2fd129a5bd767a9db9ddaaa0e210f7b1,effb17e9fd24b9768105686a1c2df64c7143760bcef663f80c1381664f5c5360,fbe175c5e7d7ea76d48501ecb6294237406bf4534484cb0a052a87814a72c241,56dfa726e07260290a8d9bd5f9553bedef06c396ca7a2a1c14537ab134f1b661,42ef48b05a6df873c8625f632e53ce4fe584cf13f038f1c9ee6965bc3e739f7f,b0cefc07e5f7a18159a9c4ef798571e00b6e5179dd490b4e4f42619d3401adda,success,passed,false,1.0477378925392855e-09,5.364418009801143e-07,5.364419354281225e-07,1.0477378925392855e-09,True,True,steady_execution_v1,1.406310622998717,0.12639584699718398,0.006319689000520157,1.5390261589964211,0.5080102989999999,0.075737737,0.130256646,58432,4228672,0.01575453999976162,,,,,,,0.14419458496558946,1.3360648190282518,0.08053020600345917,0.029750987079751212,0.004604760008078301,0.003912241012585582,0.0010609120108711068,0.0,0.0006425510364351794,,,,,,1,1,1,8,1,1,physical_hardware,packed_operation_v1,True,True,True,True,True,False,False,True,True,True,0.9992990087604959,1.0,1.0,56,56,"[[0,0]]",[0],"[""/dev/dpu_rank1""]"
training,warmup,hs_18q_d1:1dpu_t8,hs_18q_d1,1dpu_t8,93535be1f45b148a1b3d81d74e0185ffb0339853e6877aa2080426e1339bf13c,path_93535be1f45b148a1b3d81d74e0185ffb0339853e6877aa2080426e1339bf13c,1dpu_t8,0,0,18,203a1d9d4cae019ecacc5e06ff5dcf8f5ce4c1415f26e176480c77451251c011,625bb515-7109-47c0-9dca-1824c50bb476,424886cb45ecf2f43b304da76c7333b4720fb882066e04025593821f1eba1e04,8b6ebfbd-1c06-4fb1-b4bf-4d072212375d,68bde98e0696765cd5def2f8b41b686c6a2ffcb0,68bde98e0696765cd5def2f8b41b686c6a2ffcb0,d452106e697890439cfc94fdabfb6a80fb0fccc2,5269bfea2a1777b041e10edf9618ba613d44021ce89b3ff0d95093a81c095b65,ae9ef515059d52d7d85bbddc07c49cabd745c0f6e8e6aea4ffb9ca2d19553eb9,3041c3f6b10c61f860b9191479ab8426d3139ce17a9839fe77b2fbe5492ee655,4cc946feedba2fd8517c36679932644f2fd129a5bd767a9db9ddaaa0e210f7b1,a0bd81b835848d8c75d3f9a1c796bb5a879b5adcdbea30497c509deb308b290d,6a2b2c56a95133c3246d402d7b8392673b8c80da6275665de530bd2bdb6cd970,56dfa726e07260290a8d9bd5f9553bedef06c396ca7a2a1c14537ab134f1b661,42ef48b05a6df873c8625f632e53ce4fe584cf13f038f1c9ee6965bc3e739f7f,b0cefc07e5f7a18159a9c4ef798571e00b6e5179dd490b4e4f42619d3401adda,success,passed,false,1.0477378925392855e-09,5.364418009801143e-07,5.364419354281225e-07,1.0477378925392855e-09,True,True,steady_execution_v1,1.3948080349982774,0.12160145900270436,0.00629241299975547,1.5227019070007373,0.498880844,0.074083304,0.13460257899999997,59552,4229792,0.01571463800064521,,,,,,,0.14153907601939864,1.3229162260249723,0.0825615470057528,0.030399729021155508,0.004646112989576068,0.0039660570182604715,0.001141934990300797,0.0,0.0006542210285260808,,,,,,1,1,1,8,1,1,physical_hardware,packed_operation_v1,True,True,True,True,True,False,False,True,True,True,0.9986877584718161,1.0,1.0,56,56,"[[0,0]]",[0],"[""/dev/dpu_rank1""]"
training,measurement,hs_18q_d1:1dpu_t8,hs_18q_d1,1dpu_t8,93535be1f45b148a1b3d81d74e0185ffb0339853e6877aa2080426e1339bf13c,path_93535be1f45b148a1b3d81d74e0185ffb0339853e6877aa2080426e1339bf13c,1dpu_t8,1,0,8,c16ed85d1f40330a3a51832cc56d8b94f9951d3ca0157041f95b42f67b315269,143517c4-0959-4aae-80b0-69e8059f5269,424886cb45ecf2f43b304da76c7333b4720fb882066e04025593821f1eba1e04,8b6ebfbd-1c06-4fb1-b4bf-4d072212375d,68bde98e0696765cd5def2f8b41b686c6a2ffcb0,68bde98e0696765cd5def2f8b41b686c6a2ffcb0,d452106e697890439cfc94fdabfb6a80fb0fccc2,5269bfea2a1777b041e10edf9618ba613d44021ce89b3ff0d95093a81c095b65,ae9ef515059d52d7d85bbddc07c49cabd745c0f6e8e6aea4ffb9ca2d19553eb9,3041c3f6b10c61f860b9191479ab8426d3139ce17a9839fe77b2fbe5492ee655,4cc946feedba2fd8517c36679932644f2fd129a5bd767a9db9ddaaa0e210f7b1,a0bd81b835848d8c75d3f9a1c796bb5a879b5adcdbea30497c509deb308b290d,6a2b2c56a95133c3246d402d7b8392673b8c80da6275665de530bd2bdb6cd970,56dfa726e07260290a8d9bd5f9553bedef06c396ca7a2a1c14537ab134f1b661,42ef48b05a6df873c8625f632e53ce4fe584cf13f038f1c9ee6965bc3e739f7f,b0cefc07e5f7a18159a9c4ef798571e00b6e5179dd490b4e4f42619d3401adda,success,passed,false,1.0477378925392855e-09,5.364418009801143e-07,5.364419354281225e-07,1.0477378925392855e-09,True,True,steady_execution_v1,1.3794898460000695,0.12623699400137411,0.006983209997997619,1.5127100499994413,0.502533208,0.07350204999999997,0.131099094,59552,4229792,0.015261794007528806,,,,,,,0.13580987300883862,1.3098836430435767,0.07900878398504574,0.02914565299579408,0.004490069000894437,0.0038245629948505666,0.001052405008522328,0.0,0.0006275769665080588,,,,,,1,1,1,8,1,1,physical_hardware,packed_operation_v1,True,True,True,True,True,False,False,True,True,True,0.9986877584718161,1.0,1.0,56,56,"[[0,0]]",[0],"[""/dev/dpu_rank1""]"
training,measurement,hs_18q_d1:1dpu_t8,hs_18q_d1,1dpu_t8,93535be1f45b148a1b3d81d74e0185ffb0339853e6877aa2080426e1339bf13c,path_93535be1f45b148a1b3d81d74e0185ffb0339853e6877aa2080426e1339bf13c,1dpu_t8,2,1,46,2a9b5598cd0020d1f8ee009f948c4bcb7a3609d251b9da584c346f960482f3f4,4e2f479e-d3eb-4616-be16-6af11a4a3d87,424886cb45ecf2f43b304da76c7333b4720fb882066e04025593821f1eba1e04,8b6ebfbd-1c06-4fb1-b4bf-4d072212375d,68bde98e0696765cd5def2f8b41b686c6a2ffcb0,68bde98e0696765cd5def2f8b41b686c6a2ffcb0,d452106e697890439cfc94fdabfb6a80fb0fccc2,5269bfea2a1777b041e10edf9618ba613d44021ce89b3ff0d95093a81c095b65,ae9ef515059d52d7d85bbddc07c49cabd745c0f6e8e6aea4ffb9ca2d19553eb9,3041c3f6b10c61f860b9191479ab8426d3139ce17a9839fe77b2fbe5492ee655,4cc946feedba2fd8517c36679932644f2fd129a5bd767a9db9ddaaa0e210f7b1,a0bd81b835848d8c75d3f9a1c796bb5a879b5adcdbea30497c509deb308b290d,6a2b2c56a95133c3246d402d7b8392673b8c80da6275665de530bd2bdb6cd970,56dfa726e07260290a8d9bd5f9553bedef06c396ca7a2a1c14537ab134f1b661,42ef48b05a6df873c8625f632e53ce4fe584cf13f038f1c9ee6965bc3e739f7f,b0cefc07e5f7a18159a9c4ef798571e00b6e5179dd490b4e4f42619d3401adda,success,passed,false,1.0477378925392855e-09,5.364418009801143e-07,5.364419354281225e-07,1.0477378925392855e-09,True,True,steady_execution_v1,1.40056450100019,0.12554112499856274,0.005678318000718718,1.5317839439994714,0.5016936820000001,0.076001324,0.134249463,59552,4229792,0.015324496001994703,,,,,,,0.13941556198187754,1.3288512930375873,0.08178426498488989,0.030203392037947197,0.004611139003827702,0.003971097008616198,0.0011631159904936794,0.0,0.0006515530258184299,,,,,,1,1,1,8,1,1,physical_hardware,packed_operation_v1,True,True,True,True,True,False,False,True,True,True,0.9986877584718161,1.0,1.0,56,56,"[[0,0]]",[0],"[""/dev/dpu_rank1""]"
training,measurement,hs_18q_d1:1dpu_t8,hs_18q_d1,1dpu_t8,93535be1f45b148a1b3d81d74e0185ffb0339853e6877aa2080426e1339bf13c,path_93535be1f45b148a1b3d81d74e0185ffb0339853e6877aa2080426e1339bf13c,1dpu_t8,3,2,3,12238fa3741ecbb39ca2a5c084b9d396e364fa95318f53e27d1f15aab78cff52,367c6cd0-f424-4b09-b418-fdeea5c50140,424886cb45ecf2f43b304da76c7333b4720fb882066e04025593821f1eba1e04,8b6ebfbd-1c06-4fb1-b4bf-4d072212375d,68bde98e0696765cd5def2f8b41b686c6a2ffcb0,68bde98e0696765cd5def2f8b41b686c6a2ffcb0,d452106e697890439cfc94fdabfb6a80fb0fccc2,5269bfea2a1777b041e10edf9618ba613d44021ce89b3ff0d95093a81c095b65,ae9ef515059d52d7d85bbddc07c49cabd745c0f6e8e6aea4ffb9ca2d19553eb9,3041c3f6b10c61f860b9191479ab8426d3139ce17a9839fe77b2fbe5492ee655,4cc946feedba2fd8517c36679932644f2fd129a5bd767a9db9ddaaa0e210f7b1,a0bd81b835848d8c75d3f9a1c796bb5a879b5adcdbea30497c509deb308b290d,6a2b2c56a95133c3246d402d7b8392673b8c80da6275665de530bd2bdb6cd970,56dfa726e07260290a8d9bd5f9553bedef06c396ca7a2a1c14537ab134f1b661,42ef48b05a6df873c8625f632e53ce4fe584cf13f038f1c9ee6965bc3e739f7f,b0cefc07e5f7a18159a9c4ef798571e00b6e5179dd490b4e4f42619d3401adda,success,passed,false,1.0477378925392855e-09,5.364418009801143e-07,5.364419354281225e-07,1.0477378925392855e-09,True,True,steady_execution_v1,1.3981899440004781,0.1235498269998061,0.005780144998425385,1.5275199159987096,0.49959419600000005,0.07375911399999999,0.13163160299999999,59552,4229792,0.01589151798543753,,,,,,,0.1396305739908712,1.3272468489776656,0.08102933597911033,0.029848405971279135,0.004631982996215811,0.003932358955353266,0.0010728919914981816,0.0,0.0006418300035875291,,,,,,1,1,1,8,1,1,physical_hardware,packed_operation_v1,True,True,True,True,True,False,False,True,True,True,0.9986877584718161,1.0,1.0,56,56,"[[0,0]]",[0],"[""/dev/dpu_rank1""]"
training,warmup,hs_18q_d1:1dpu_t8,hs_18q_d1,1dpu_t8,bf83ea123bc85b30f3c7f1f8a0de47c8366352fc37c099890eab75c8cba62cb8,path_bf83ea123bc85b30f3c7f1f8a0de47c8366352fc37c099890eab75c8cba62cb8,1dpu_t8,0,0,40,2ed8309884f0bb9749a87d5c12602c4c0f277e736b0d74d9ef9275c7eec4ffdd,a12727ad-79a6-4613-b6e9-1d6134cf90b3,424886cb45ecf2f43b304da76c7333b4720fb882066e04025593821f1eba1e04,8b6ebfbd-1c06-4fb1-b4bf-4d072212375d,68bde98e0696765cd5def2f8b41b686c6a2ffcb0,68bde98e0696765cd5def2f8b41b686c6a2ffcb0,d452106e697890439cfc94fdabfb6a80fb0fccc2,5269bfea2a1777b041e10edf9618ba613d44021ce89b3ff0d95093a81c095b65,ae9ef515059d52d7d85bbddc07c49cabd745c0f6e8e6aea4ffb9ca2d19553eb9,3041c3f6b10c61f860b9191479ab8426d3139ce17a9839fe77b2fbe5492ee655,4cc946feedba2fd8517c36679932644f2fd129a5bd767a9db9ddaaa0e210f7b1,dd46d96263bc04008e7800fc0c50b8bd6824badb435b2878a38398ab3d6a8bef,843c9972542cce4f0d7aece9d563595e6fa7ce5c41ba9d56028114bbe652ed28,56dfa726e07260290a8d9bd5f9553bedef06c396ca7a2a1c14537ab134f1b661,42ef48b05a6df873c8625f632e53ce4fe584cf13f038f1c9ee6965bc3e739f7f,b0cefc07e5f7a18159a9c4ef798571e00b6e5179dd490b4e4f42619d3401adda,success,passed,false,1.0477378925392855e-09,5.364418009801143e-07,5.364419354281225e-07,1.0477378925392855e-09,True,True,steady_execution_v1,1.363981225000316,0.11766902599993045,0.007481693002773682,1.4891319440030202,0.502019907,0.07121630699999999,0.128742511,58432,4228672,0.015113789992028615,,,,,,,0.1305717250033922,1.2953744519909378,0.07552594799926737,0.02793463004491059,0.004305608988943277,0.003656036005850183,0.000984502006758703,0.0,0.0006066510031814687,,,,,,1,1,1,8,1,1,physical_hardware,packed_operation_v1,True,True,True,True,True,False,False,True,True,True,0.9991777562217709,1.0,1.0,56,56,"[[0,0]]",[0],"[""/dev/dpu_rank1""]"
training,measurement,hs_18q_d1:1dpu_t8,hs_18q_d1,1dpu_t8,bf83ea123bc85b30f3c7f1f8a0de47c8366352fc37c099890eab75c8cba62cb8,path_bf83ea123bc85b30f3c7f1f8a0de47c8366352fc37c099890eab75c8cba62cb8,1dpu_t8,1,0,27,a2a5b07731a26b3098800aa11082a15cd64966d0c04aa7b986700a50c17e5615,97f363a3-2091-4406-802b-c100c79be17c,424886cb45ecf2f43b304da76c7333b4720fb882066e04025593821f1eba1e04,8b6ebfbd-1c06-4fb1-b4bf-4d072212375d,68bde98e0696765cd5def2f8b41b686c6a2ffcb0,68bde98e0696765cd5def2f8b41b686c6a2ffcb0,d452106e697890439cfc94fdabfb6a80fb0fccc2,5269bfea2a1777b041e10edf9618ba613d44021ce89b3ff0d95093a81c095b65,ae9ef515059d52d7d85bbddc07c49cabd745c0f6e8e6aea4ffb9ca2d19553eb9,3041c3f6b10c61f860b9191479ab8426d3139ce17a9839fe77b2fbe5492ee655,4cc946feedba2fd8517c36679932644f2fd129a5bd767a9db9ddaaa0e210f7b1,dd46d96263bc04008e7800fc0c50b8bd6824badb435b2878a38398ab3d6a8bef,843c9972542cce4f0d7aece9d563595e6fa7ce5c41ba9d56028114bbe652ed28,56dfa726e07260290a8d9bd5f9553bedef06c396ca7a2a1c14537ab134f1b661,42ef48b05a6df873c8625f632e53ce4fe584cf13f038f1c9ee6965bc3e739f7f,b0cefc07e5f7a18159a9c4ef798571e00b6e5179dd490b4e4f42619d3401adda,success,passed,false,1.0477378925392855e-09,5.364418009801143e-07,5.364419354281225e-07,1.0477378925392855e-09,True,True,steady_execution_v1,1.369037582000601,0.11585153199848719,0.00574828000026173,1.49063739399935,0.500915825,0.071517098,0.12904232300000001,58432,4228672,0.01507935899644508,,,,,,,0.13273156202558312,1.299753553015762,0.07669801502561313,0.02834596496541053,0.004437143998075044,0.003700819990626769,0.0010207589912170079,0.0,0.0006400839956768323,,,,,,1,1,1,8,1,1,physical_hardware,packed_operation_v1,True,True,True,True,True,False,False,True,True,True,0.9991777562217709,1.0,1.0,56,56,"[[0,0]]",[0],"[""/dev/dpu_rank1""]"
training,measurement,hs_18q_d1:1dpu_t8,hs_18q_d1,1dpu_t8,bf83ea123bc85b30f3c7f1f8a0de47c8366352fc37c099890eab75c8cba62cb8,path_bf83ea123bc85b30f3c7f1f8a0de47c8366352fc37c099890eab75c8cba62cb8,1dpu_t8,2,1,19,09ce6b0133ec06395d29bd6a79084639ae192b750bbb2eb373fc54deea29f22a,e607adeb-d766-46d1-b131-0868e1270024,424886cb45ecf2f43b304da76c7333b4720fb882066e04025593821f1eba1e04,8b6ebfbd-1c06-4fb1-b4bf-4d072212375d,68bde98e0696765cd5def2f8b41b686c6a2ffcb0,68bde98e0696765cd5def2f8b41b686c6a2ffcb0,d452106e697890439cfc94fdabfb6a80fb0fccc2,5269bfea2a1777b041e10edf9618ba613d44021ce89b3ff0d95093a81c095b65,ae9ef515059d52d7d85bbddc07c49cabd745c0f6e8e6aea4ffb9ca2d19553eb9,3041c3f6b10c61f860b9191479ab8426d3139ce17a9839fe77b2fbe5492ee655,4cc946feedba2fd8517c36679932644f2fd129a5bd767a9db9ddaaa0e210f7b1,dd46d96263bc04008e7800fc0c50b8bd6824badb435b2878a38398ab3d6a8bef,843c9972542cce4f0d7aece9d563595e6fa7ce5c41ba9d56028114bbe652ed28,56dfa726e07260290a8d9bd5f9553bedef06c396ca7a2a1c14537ab134f1b661,42ef48b05a6df873c8625f632e53ce4fe584cf13f038f1c9ee6965bc3e739f7f,b0cefc07e5f7a18159a9c4ef798571e00b6e5179dd490b4e4f42619d3401adda,success,passed,false,1.0477378925392855e-09,5.364418009801143e-07,5.364419354281225e-07,1.0477378925392855e-09,True,True,steady_execution_v1,1.580407125002239,0.11689833799755434,0.005630960000416962,1.7029364230002102,0.485514546,0.052395545,0.12408213599999998,58432,4228672,0.023175766007625498,,,,,,,0.19968596101170988,1.4924974119821854,0.12374217397882603,0.05086554896843154,0.005488025002705399,0.005630390962323872,0.0013053170041530393,0.0,0.0007519659739045892,,,,,,1,1,1,8,1,1,physical_hardware,packed_operation_v1,True,True,True,True,True,False,False,True,True,True,0.9991777562217709,1.0,1.0,56,56,"[[0,0]]",[0],"[""/dev/dpu_rank1""]"
training,measurement,hs_18q_d1:1dpu_t8,hs_18q_d1,1dpu_t8,bf83ea123bc85b30f3c7f1f8a0de47c8366352fc37c099890eab75c8cba62cb8,path_bf83ea123bc85b30f3c7f1f8a0de47c8366352fc37c099890eab75c8cba62cb8,1dpu_t8,3,2,40,f584eadfa1017c171cd45087cd74dd7a32526ff1d68664b1a8d7d6dec763ea9d,561e40bb-67dc-4c45-b3dd-02db0e1b1d41,424886cb45ecf2f43b304da76c7333b4720fb882066e04025593821f1eba1e04,8b6ebfbd-1c06-4fb1-b4bf-4d072212375d,68bde98e0696765cd5def2f8b41b686c6a2ffcb0,68bde98e0696765cd5def2f8b41b686c6a2ffcb0,d452106e697890439cfc94fdabfb6a80fb0fccc2,5269bfea2a1777b041e10edf9618ba613d44021ce89b3ff0d95093a81c095b65,ae9ef515059d52d7d85bbddc07c49cabd745c0f6e8e6aea4ffb9ca2d19553eb9,3041c3f6b10c61f860b9191479ab8426d3139ce17a9839fe77b2fbe5492ee655,4cc946feedba2fd8517c36679932644f2fd129a5bd767a9db9ddaaa0e210f7b1,dd46d96263bc04008e7800fc0c50b8bd6824badb435b2878a38398ab3d6a8bef,843c9972542cce4f0d7aece9d563595e6fa7ce5c41ba9d56028114bbe652ed28,56dfa726e07260290a8d9bd5f9553bedef06c396ca7a2a1c14537ab134f1b661,42ef48b05a6df873c8625f632e53ce4fe584cf13f038f1c9ee6965bc3e739f7f,b0cefc07e5f7a18159a9c4ef798571e00b6e5179dd490b4e4f42619d3401adda,success,passed,false,1.0477378925392855e-09,5.364418009801143e-07,5.364419354281225e-07,1.0477378925392855e-09,True,True,steady_execution_v1,1.3739745780003432,0.11873534199912683,0.005913589997362578,1.4986235099968326,0.50059544,0.072319851,0.130773374,58432,4228672,0.015313813997636316,,,,,,,0.13454694003303302,1.3052993240125943,0.07813581600566977,0.028709455957141472,0.004429198033903958,0.0038383309911296237,0.001040374998410698,0.0,0.0006504859738925006,,,,,,1,1,1,8,1,1,physical_hardware,packed_operation_v1,True,True,True,True,True,False,False,True,True,True,0.9991777562217709,1.0,1.0,56,56,"[[0,0]]",[0],"[""/dev/dpu_rank1""]"
training,warmup,hs_18q_d1:1dpu_t8,hs_18q_d1,1dpu_t8,e03d5d65a6118ee597f1200afdcd941cdf4e83d0e1447b7b3a199207a7853314,path_e03d5d65a6118ee597f1200afdcd941cdf4e83d0e1447b7b3a199207a7853314,1dpu_t8,0,0,20,01807699c1125af10b3bc80365bed666d94454ecf3b72e47a4545111b0fde1b4,b0dabb36-51cb-4566-b3c7-57667609bda3,424886cb45ecf2f43b304da76c7333b4720fb882066e04025593821f1eba1e04,8b6ebfbd-1c06-4fb1-b4bf-4d072212375d,68bde98e0696765cd5def2f8b41b686c6a2ffcb0,68bde98e0696765cd5def2f8b41b686c6a2ffcb0,d452106e697890439cfc94fdabfb6a80fb0fccc2,5269bfea2a1777b041e10edf9618ba613d44021ce89b3ff0d95093a81c095b65,ae9ef515059d52d7d85bbddc07c49cabd745c0f6e8e6aea4ffb9ca2d19553eb9,3041c3f6b10c61f860b9191479ab8426d3139ce17a9839fe77b2fbe5492ee655,4cc946feedba2fd8517c36679932644f2fd129a5bd767a9db9ddaaa0e210f7b1,5fa6c6b138a97b54bccda6f343186d78f302df45ae706af31d476683ca9cf363,dd297307147d4f0318b7a15ccc0f7192e1dfbb617fc0b03084e2c5cd303c7537,56dfa726e07260290a8d9bd5f9553bedef06c396ca7a2a1c14537ab134f1b661,42ef48b05a6df873c8625f632e53ce4fe584cf13f038f1c9ee6965bc3e739f7f,b0cefc07e5f7a18159a9c4ef798571e00b6e5179dd490b4e4f42619d3401adda,success,passed,false,1.0477378925392855e-09,5.364418009801143e-07,5.364419354281225e-07,1.0477378925392855e-09,True,True,steady_execution_v1,1.3662472999967576,0.1285991090007883,0.005455227001220919,1.5003016359987669,0.499043374,0.07347824399999998,0.129374017,60608,4230848,0.01508239000395406,,,,,,,0.13231368498236407,1.2972544310323428,0.07656387100360007,0.028195494960527867,0.004361685005278559,0.003683455997816054,0.001027810987579869,0.0,0.0006081749925215263,,,,,,1,1,1,8,1,1,physical_hardware,packed_operation_v1,True,True,True,True,True,False,False,True,True,True,0.998319353178088,1.0,1.0,56,56,"[[0,0]]",[0],"[""/dev/dpu_rank1""]"
training,measurement,hs_18q_d1:1dpu_t8,hs_18q_d1,1dpu_t8,e03d5d65a6118ee597f1200afdcd941cdf4e83d0e1447b7b3a199207a7853314,path_e03d5d65a6118ee597f1200afdcd941cdf4e83d0e1447b7b3a199207a7853314,1dpu_t8,1,0,12,02de35e86a9113c9e69caa559539b00f233a530d181a8660433ae2e2b8c688c3,8adc7a05-4e19-4a9b-ab52-b84240ead12b,424886cb45ecf2f43b304da76c7333b4720fb882066e04025593821f1eba1e04,8b6ebfbd-1c06-4fb1-b4bf-4d072212375d,68bde98e0696765cd5def2f8b41b686c6a2ffcb0,68bde98e0696765cd5def2f8b41b686c6a2ffcb0,d452106e697890439cfc94fdabfb6a80fb0fccc2,5269bfea2a1777b041e10edf9618ba613d44021ce89b3ff0d95093a81c095b65,ae9ef515059d52d7d85bbddc07c49cabd745c0f6e8e6aea4ffb9ca2d19553eb9,3041c3f6b10c61f860b9191479ab8426d3139ce17a9839fe77b2fbe5492ee655,4cc946feedba2fd8517c36679932644f2fd129a5bd767a9db9ddaaa0e210f7b1,5fa6c6b138a97b54bccda6f343186d78f302df45ae706af31d476683ca9cf363,dd297307147d4f0318b7a15ccc0f7192e1dfbb617fc0b03084e2c5cd303c7537,56dfa726e07260290a8d9bd5f9553bedef06c396ca7a2a1c14537ab134f1b661,42ef48b05a6df873c8625f632e53ce4fe584cf13f038f1c9ee6965bc3e739f7f,b0cefc07e5f7a18159a9c4ef798571e00b6e5179dd490b4e4f42619d3401adda,success,passed,false,1.0477378925392855e-09,5.364418009801143e-07,5.364419354281225e-07,1.0477378925392855e-09,True,True,steady_execution_v1,1.3817241379983898,0.1278407009995135,0.006044120000296971,1.5156089589982003,0.499806555,0.073534538,0.13460597700000002,60608,4230848,0.016014738004741957,,,,,,,0.13620620299479924,1.3107481540173467,0.07947825005248887,0.02945470500708325,0.004505046057602158,0.003801273040153319,0.0010734579955169465,0.0,0.0006317180050245952,,,,,,1,1,1,8,1,1,physical_hardware,packed_operation_v1,True,True,True,True,True,False,False,True,True,True,0.998319353178088,1.0,1.0,56,56,"[[0,0]]",[0],"[""/dev/dpu_rank1""]"
training,measurement,hs_18q_d1:1dpu_t8,hs_18q_d1,1dpu_t8,e03d5d65a6118ee597f1200afdcd941cdf4e83d0e1447b7b3a199207a7853314,path_e03d5d65a6118ee597f1200afdcd941cdf4e83d0e1447b7b3a199207a7853314,1dpu_t8,2,1,1,e5aa2453173c4841e9dcf63d852f0406724a884934c6221068d6b44429d3da0c,cff7bf98-a18d-4b97-899a-7bb84d5041c1,424886cb45ecf2f43b304da76c7333b4720fb882066e04025593821f1eba1e04,8b6ebfbd-1c06-4fb1-b4bf-4d072212375d,68bde98e0696765cd5def2f8b41b686c6a2ffcb0,68bde98e0696765cd5def2f8b41b686c6a2ffcb0,d452106e697890439cfc94fdabfb6a80fb0fccc2,5269bfea2a1777b041e10edf9618ba613d44021ce89b3ff0d95093a81c095b65,ae9ef515059d52d7d85bbddc07c49cabd745c0f6e8e6aea4ffb9ca2d19553eb9,3041c3f6b10c61f860b9191479ab8426d3139ce17a9839fe77b2fbe5492ee655,4cc946feedba2fd8517c36679932644f2fd129a5bd767a9db9ddaaa0e210f7b1,5fa6c6b138a97b54bccda6f343186d78f302df45ae706af31d476683ca9cf363,dd297307147d4f0318b7a15ccc0f7192e1dfbb617fc0b03084e2c5cd303c7537,56dfa726e07260290a8d9bd5f9553bedef06c396ca7a2a1c14537ab134f1b661,42ef48b05a6df873c8625f632e53ce4fe584cf13f038f1c9ee6965bc3e739f7f,b0cefc07e5f7a18159a9c4ef798571e00b6e5179dd490b4e4f42619d3401adda,success,passed,false,1.0477378925392855e-09,5.364418009801143e-07,5.364419354281225e-07,1.0477378925392855e-09,True,True,steady_execution_v1,1.3729368799977237,0.12697641300110263,0.007005753999692388,1.5069190469985188,0.49930144200000004,0.07251757800000001,0.129518783,60608,4230848,0.01551181999820983,,,,,,,0.1346179779866361,1.3029672580451006,0.07819960899360012,0.028996259992709383,0.004481619002035586,0.0037690640419896226,0.0010548739992373157,0.0,0.0006625299756706227,,,,,,1,1,1,8,1,1,physical_hardware,packed_operation_v1,True,True,True,True,True,False,False,True,True,True,0.998319353178088,1.0,1.0,56,56,"[[0,0]]",[0],"[""/dev/dpu_rank1""]"
training,measurement,hs_18q_d1:1dpu_t8,hs_18q_d1,1dpu_t8,e03d5d65a6118ee597f1200afdcd941cdf4e83d0e1447b7b3a199207a7853314,path_e03d5d65a6118ee597f1200afdcd941cdf4e83d0e1447b7b3a199207a7853314,1dpu_t8,3,2,8,c92ee046d58f1fe9b446fe8d1122f6739551dcab5a89fe361aa034fb24c7e62f,652baffa-33d9-49df-9121-7ce69b8bc3e4,424886cb45ecf2f43b304da76c7333b4720fb882066e04025593821f1eba1e04,8b6ebfbd-1c06-4fb1-b4bf-4d072212375d,68bde98e0696765cd5def2f8b41b686c6a2ffcb0,68bde98e0696765cd5def2f8b41b686c6a2ffcb0,d452106e697890439cfc94fdabfb6a80fb0fccc2,5269bfea2a1777b041e10edf9618ba613d44021ce89b3ff0d95093a81c095b65,ae9ef515059d52d7d85bbddc07c49cabd745c0f6e8e6aea4ffb9ca2d19553eb9,3041c3f6b10c61f860b9191479ab8426d3139ce17a9839fe77b2fbe5492ee655,4cc946feedba2fd8517c36679932644f2fd129a5bd767a9db9ddaaa0e210f7b1,5fa6c6b138a97b54bccda6f343186d78f302df45ae706af31d476683ca9cf363,dd297307147d4f0318b7a15ccc0f7192e1dfbb617fc0b03084e2c5cd303c7537,56dfa726e07260290a8d9bd5f9553bedef06c396ca7a2a1c14537ab134f1b661,42ef48b05a6df873c8625f632e53ce4fe584cf13f038f1c9ee6965bc3e739f7f,b0cefc07e5f7a18159a9c4ef798571e00b6e5179dd490b4e4f42619d3401adda,success,passed,false,1.0477378925392855e-09,5.364418009801143e-07,5.364419354281225e-07,1.0477378925392855e-09,True,True,steady_execution_v1,1.3916976010004873,0.12332559199785464,0.005841016001795651,1.5208642090001376,0.499303112,0.07338944399999997,0.129717614,60608,4230848,0.015723462998721516,,,,,,,0.13822320896360907,1.320441961986944,0.07986029799212702,0.029902801998105133,0.004582475001370767,0.003845946976070991,0.0010702469808165915,0.0,0.0006336980513879098,,,,,,1,1,1,8,1,1,physical_hardware,packed_operation_v1,True,True,True,True,True,False,False,True,True,True,0.998319353178088,1.0,1.0,56,56,"[[0,0]]",[0],"[""/dev/dpu_rank1""]"
training,warmup,hs_18q_d1:1dpu_t8,hs_18q_d1,1dpu_t8,e69f53f17fabdfaba58d664f1e370a4216829bde473cd84608353c345fb2b4fa,path_e69f53f17fabdfaba58d664f1e370a4216829bde473cd84608353c345fb2b4fa,1dpu_t8,0,0,16,9ffa92495cbb9eacc704a438f115eed84e462309afa4ffa7502fe005ee67d2b9,1939c9ac-8cae-43f1-afa4-25b6973d8a02,424886cb45ecf2f43b304da76c7333b4720fb882066e04025593821f1eba1e04,8b6ebfbd-1c06-4fb1-b4bf-4d072212375d,68bde98e0696765cd5def2f8b41b686c6a2ffcb0,68bde98e0696765cd5def2f8b41b686c6a2ffcb0,d452106e697890439cfc94fdabfb6a80fb0fccc2,5269bfea2a1777b041e10edf9618ba613d44021ce89b3ff0d95093a81c095b65,ae9ef515059d52d7d85bbddc07c49cabd745c0f6e8e6aea4ffb9ca2d19553eb9,3041c3f6b10c61f860b9191479ab8426d3139ce17a9839fe77b2fbe5492ee655,4cc946feedba2fd8517c36679932644f2fd129a5bd767a9db9ddaaa0e210f7b1,84de5af9132ad1b88de0ec5f5b7b655a96879f96c703dced9b65683d89223514,0aeea0c25f9e84d8a92bd78263dcc8f65a4a5aea6c11a606c54ea456a7870f5a,56dfa726e07260290a8d9bd5f9553bedef06c396ca7a2a1c14537ab134f1b661,42ef48b05a6df873c8625f632e53ce4fe584cf13f038f1c9ee6965bc3e739f7f,b0cefc07e5f7a18159a9c4ef798571e00b6e5179dd490b4e4f42619d3401adda,success,passed,false,1.0477378925392855e-09,5.364418009801143e-07,5.364419354281225e-07,1.0477378925392855e-09,True,True,steady_execution_v1,1.3738305769984436,0.12709395999991102,0.006718788001307985,1.5076433249996626,0.500355213,0.074176186,0.128763431,62144,4232384,0.01625460099603515,,,,,,,0.13334323701201356,1.302986390011938,0.0769499790185364,0.028349998054181924,0.004376238055556314,0.003701357025420293,0.0010459240038471762,0.0,0.0006117209995863959,,,,,,1,1,1,8,1,1,physical_hardware,packed_operation_v1,True,True,True,True,True,False,False,True,True,True,0.9977834599207189,1.0,1.0,56,56,"[[0,0]]",[0],"[""/dev/dpu_rank1""]"
training,measurement,hs_18q_d1:1dpu_t8,hs_18q_d1,1dpu_t8,e69f53f17fabdfaba58d664f1e370a4216829bde473cd84608353c345fb2b4fa,path_e69f53f17fabdfaba58d664f1e370a4216829bde473cd84608353c345fb2b4fa,1dpu_t8,1,0,2,c3be61394f9fe5531b8466147a8b805bcb68e7a39df0680b1d8ce2c5e49825b9,f10420ff-094e-419d-9dfb-fc5256528540,424886cb45ecf2f43b304da76c7333b4720fb882066e04025593821f1eba1e04,8b6ebfbd-1c06-4fb1-b4bf-4d072212375d,68bde98e0696765cd5def2f8b41b686c6a2ffcb0,68bde98e0696765cd5def2f8b41b686c6a2ffcb0,d452106e697890439cfc94fdabfb6a80fb0fccc2,5269bfea2a1777b041e10edf9618ba613d44021ce89b3ff0d95093a81c095b65,ae9ef515059d52d7d85bbddc07c49cabd745c0f6e8e6aea4ffb9ca2d19553eb9,3041c3f6b10c61f860b9191479ab8426d3139ce17a9839fe77b2fbe5492ee655,4cc946feedba2fd8517c36679932644f2fd129a5bd767a9db9ddaaa0e210f7b1,84de5af9132ad1b88de0ec5f5b7b655a96879f96c703dced9b65683d89223514,0aeea0c25f9e84d8a92bd78263dcc8f65a4a5aea6c11a606c54ea456a7870f5a,56dfa726e07260290a8d9bd5f9553bedef06c396ca7a2a1c14537ab134f1b661,42ef48b05a6df873c8625f632e53ce4fe584cf13f038f1c9ee6965bc3e739f7f,b0cefc07e5f7a18159a9c4ef798571e00b6e5179dd490b4e4f42619d3401adda,success,passed,false,1.0477378925392855e-09,5.364418009801143e-07,5.364419354281225e-07,1.0477378925392855e-09,True,True,steady_execution_v1,1.3922218170009728,0.13630556799762417,0.008892660000128672,1.5374200449987256,0.505454782,0.07580290799999999,0.131700073,62144,4232384,0.01575628099453752,,,,,,,0.13657490399418748,1.3210715580025862,0.07952488800219726,0.02934279205146595,0.004554960956738796,0.003848304997518426,0.0010772280147648416,0.0,0.0006345820365822874,,,,,,1,1,1,8,1,1,physical_hardware,packed_operation_v1,True,True,True,True,True,False,False,True,True,True,0.9977834599207189,1.0,1.0,56,56,"[[0,0]]",[0],"[""/dev/dpu_rank1""]"
training,measurement,hs_18q_d1:1dpu_t8,hs_18q_d1,1dpu_t8,e69f53f17fabdfaba58d664f1e370a4216829bde473cd84608353c345fb2b4fa,path_e69f53f17fabdfaba58d664f1e370a4216829bde473cd84608353c345fb2b4fa,1dpu_t8,2,1,47,dacb503a6b7ff7acd8b6e67e7c9bb391e76b33d3d51f6eaeab63f3dc7036d553,e7c3e0bb-6f68-4174-93ae-97811b894a83,424886cb45ecf2f43b304da76c7333b4720fb882066e04025593821f1eba1e04,8b6ebfbd-1c06-4fb1-b4bf-4d072212375d,68bde98e0696765cd5def2f8b41b686c6a2ffcb0,68bde98e0696765cd5def2f8b41b686c6a2ffcb0,d452106e697890439cfc94fdabfb6a80fb0fccc2,5269bfea2a1777b041e10edf9618ba613d44021ce89b3ff0d95093a81c095b65,ae9ef515059d52d7d85bbddc07c49cabd745c0f6e8e6aea4ffb9ca2d19553eb9,3041c3f6b10c61f860b9191479ab8426d3139ce17a9839fe77b2fbe5492ee655,4cc946feedba2fd8517c36679932644f2fd129a5bd767a9db9ddaaa0e210f7b1,84de5af9132ad1b88de0ec5f5b7b655a96879f96c703dced9b65683d89223514,0aeea0c25f9e84d8a92bd78263dcc8f65a4a5aea6c11a606c54ea456a7870f5a,56dfa726e07260290a8d9bd5f9553bedef06c396ca7a2a1c14537ab134f1b661,42ef48b05a6df873c8625f632e53ce4fe584cf13f038f1c9ee6965bc3e739f7f,b0cefc07e5f7a18159a9c4ef798571e00b6e5179dd490b4e4f42619d3401adda,success,passed,false,1.0477378925392855e-09,5.364418009801143e-07,5.364419354281225e-07,1.0477378925392855e-09,True,True,steady_execution_v1,1.3897063250005885,0.1319904400006635,0.005977275999612175,1.5276740410008642,0.499958894,0.07496905900000002,0.132107423,62144,4232384,0.016093741007352946,,,,,,,0.13742613096837886,1.3185502819651447,0.07969769097690005,0.029421211966109695,0.004513655007031048,0.003838296004687436,0.0010879340043175034,0.0,0.0006765189973521046,,,,,,1,1,1,8,1,1,physical_hardware,packed_operation_v1,True,True,True,True,True,False,False,True,True,True,0.9977834599207189,1.0,1.0,56,56,"[[0,0]]",[0],"[""/dev/dpu_rank1""]"
training,measurement,hs_18q_d1:1dpu_t8,hs_18q_d1,1dpu_t8,e69f53f17fabdfaba58d664f1e370a4216829bde473cd84608353c345fb2b4fa,path_e69f53f17fabdfaba58d664f1e370a4216829bde473cd84608353c345fb2b4fa,1dpu_t8,3,2,28,fc55ed547f2314465f2df146711aa955cb4d4f11366941b51daeebb5aba0a4bb,69dd6270-982c-43ef-b109-90022094a338,424886cb45ecf2f43b304da76c7333b4720fb882066e04025593821f1eba1e04,8b6ebfbd-1c06-4fb1-b4bf-4d072212375d,68bde98e0696765cd5def2f8b41b686c6a2ffcb0,68bde98e0696765cd5def2f8b41b686c6a2ffcb0,d452106e697890439cfc94fdabfb6a80fb0fccc2,5269bfea2a1777b041e10edf9618ba613d44021ce89b3ff0d95093a81c095b65,ae9ef515059d52d7d85bbddc07c49cabd745c0f6e8e6aea4ffb9ca2d19553eb9,3041c3f6b10c61f860b9191479ab8426d3139ce17a9839fe77b2fbe5492ee655,4cc946feedba2fd8517c36679932644f2fd129a5bd767a9db9ddaaa0e210f7b1,84de5af9132ad1b88de0ec5f5b7b655a96879f96c703dced9b65683d89223514,0aeea0c25f9e84d8a92bd78263dcc8f65a4a5aea6c11a606c54ea456a7870f5a,56dfa726e07260290a8d9bd5f9553bedef06c396ca7a2a1c14537ab134f1b661,42ef48b05a6df873c8625f632e53ce4fe584cf13f038f1c9ee6965bc3e739f7f,b0cefc07e5f7a18159a9c4ef798571e00b6e5179dd490b4e4f42619d3401adda,success,passed,false,1.0477378925392855e-09,5.364418009801143e-07,5.364419354281225e-07,1.0477378925392855e-09,True,True,steady_execution_v1,1.4027703179999662,0.1318690100015374,0.0063420810001844075,1.540981409001688,0.504686891,0.07451410800000002,0.12945824200000003,62144,4232384,0.015563288983685197,,,,,,,0.13373550100368448,1.3108327069894585,0.07734869498381158,0.028396571044140728,0.004500099028518889,0.003714984039106639,0.0010852689956664108,0.0,0.0006149040127638727,,,,,,1,1,1,8,1,1,physical_hardware,packed_operation_v1,True,True,True,True,True,False,False,True,True,True,0.9977834599207189,1.0,1.0,56,56,"[[0,0]]",[0],"[""/dev/dpu_rank1""]"
training,warmup,hs_18q_d1:4dpu_t8,hs_18q_d1,4dpu_t8,002f633fd11c9c8ac95008a9452a63ccea24651ab38167fe6e6b762d00c2806d,path_002f633fd11c9c8ac95008a9452a63ccea24651ab38167fe6e6b762d00c2806d,4dpu_t8,0,0,15,2c3d838621e9e930640d94f3efd34380c6062e85eaf259dfe0edc5714242facd,ef2b56c1-1408-488a-a811-c36d9bcc41d5,424886cb45ecf2f43b304da76c7333b4720fb882066e04025593821f1eba1e04,8b6ebfbd-1c06-4fb1-b4bf-4d072212375d,68bde98e0696765cd5def2f8b41b686c6a2ffcb0,68bde98e0696765cd5def2f8b41b686c6a2ffcb0,d452106e697890439cfc94fdabfb6a80fb0fccc2,5269bfea2a1777b041e10edf9618ba613d44021ce89b3ff0d95093a81c095b65,ae9ef515059d52d7d85bbddc07c49cabd745c0f6e8e6aea4ffb9ca2d19553eb9,3041c3f6b10c61f860b9191479ab8426d3139ce17a9839fe77b2fbe5492ee655,4cc946feedba2fd8517c36679932644f2fd129a5bd767a9db9ddaaa0e210f7b1,2591087611c7a36eed9aaadd068fb912954354c19b384af36527612c5aa7ebaa,25eac8f5fa140e280f646a8804add523161deefda00a95ab6ca4bd8f2645115e,56dfa726e07260290a8d9bd5f9553bedef06c396ca7a2a1c14537ab134f1b661,42ef48b05a6df873c8625f632e53ce4fe584cf13f038f1c9ee6965bc3e739f7f,b0cefc07e5f7a18159a9c4ef798571e00b6e5179dd490b4e4f42619d3401adda,success,passed,false,1.0477378925392855e-09,5.364418009801143e-07,5.364419354281225e-07,1.0477378925392855e-09,True,True,steady_execution_v1,1.1537481099985598,0.13639864300057525,0.007855055999243632,1.2980018089983787,0.14709191000000002,0.11641894700000001,0.13202076,108608,4258880,0.015525571972830221,,,,,,,0.18385984602355165,1.0896806260316225,0.12792762896060594,0.08113252696057316,0.00405878299716278,0.0070581259788013995,0.0025896000261127483,0.0,0.0007185229842434637,,,,,,4,4,4,8,1,1,physical_hardware,packed_operation_v1,True,True,True,True,True,False,False,True,True,True,0.9971689697922651,0.9931284206706782,1.0,53,1,"[[0,0],[0,1],[0,2],[0,3]]",[0],"[""/dev/dpu_rank1""]"
training,measurement,hs_18q_d1:4dpu_t8,hs_18q_d1,4dpu_t8,002f633fd11c9c8ac95008a9452a63ccea24651ab38167fe6e6b762d00c2806d,path_002f633fd11c9c8ac95008a9452a63ccea24651ab38167fe6e6b762d00c2806d,4dpu_t8,1,0,18,ec0e422fca3356a0f052875db68539a57b94ff1030d7fba987da126d66eded76,d82acc8c-75fd-4762-8383-1c1663c1e9a0,424886cb45ecf2f43b304da76c7333b4720fb882066e04025593821f1eba1e04,8b6ebfbd-1c06-4fb1-b4bf-4d072212375d,68bde98e0696765cd5def2f8b41b686c6a2ffcb0,68bde98e0696765cd5def2f8b41b686c6a2ffcb0,d452106e697890439cfc94fdabfb6a80fb0fccc2,5269bfea2a1777b041e10edf9618ba613d44021ce89b3ff0d95093a81c095b65,ae9ef515059d52d7d85bbddc07c49cabd745c0f6e8e6aea4ffb9ca2d19553eb9,3041c3f6b10c61f860b9191479ab8426d3139ce17a9839fe77b2fbe5492ee655,4cc946feedba2fd8517c36679932644f2fd129a5bd767a9db9ddaaa0e210f7b1,2591087611c7a36eed9aaadd068fb912954354c19b384af36527612c5aa7ebaa,25eac8f5fa140e280f646a8804add523161deefda00a95ab6ca4bd8f2645115e,56dfa726e07260290a8d9bd5f9553bedef06c396ca7a2a1c14537ab134f1b661,42ef48b05a6df873c8625f632e53ce4fe584cf13f038f1c9ee6965bc3e739f7f,b0cefc07e5f7a18159a9c4ef798571e00b6e5179dd490b4e4f42619d3401adda,success,passed,false,1.0477378925392855e-09,5.364418009801143e-07,5.364419354281225e-07,1.0477378925392855e-09,True,True,steady_execution_v1,1.1651778710001963,0.1326913240009162,0.009356593000120483,1.307225788001233,0.149536474,0.117543087,0.136392211,108608,4258880,0.015372890989965526,,,,,,,0.1842696719650121,1.1015009290131275,0.1277579129928199,0.08072349693611613,0.004041626012622146,0.007135444968298543,0.002648091955052223,0.0,0.0007157420041039586,,,,,,4,4,4,8,1,1,physical_hardware,packed_operation_v1,True,True,True,True,True,False,False,True,True,True,0.9971689697922651,0.9931284206706782,1.0,53,1,"[[0,0],[0,1],[0,2],[0,3]]",[0],"[""/dev/dpu_rank1""]"
training,measurement,hs_18q_d1:4dpu_t8,hs_18q_d1,4dpu_t8,002f633fd11c9c8ac95008a9452a63ccea24651ab38167fe6e6b762d00c2806d,path_002f633fd11c9c8ac95008a9452a63ccea24651ab38167fe6e6b762d00c2806d,4dpu_t8,2,1,35,4b7529f63b5794d811355d678e7c1cce4849325fad79c4d58ec8f3a0dd71d10d,94e222b7-ad4c-41db-9c17-84bc27ed2f39,424886cb45ecf2f43b304da76c7333b4720fb882066e04025593821f1eba1e04,8b6ebfbd-1c06-4fb1-b4bf-4d072212375d,68bde98e0696765cd5def2f8b41b686c6a2ffcb0,68bde98e0696765cd5def2f8b41b686c6a2ffcb0,d452106e697890439cfc94fdabfb6a80fb0fccc2,5269bfea2a1777b041e10edf9618ba613d44021ce89b3ff0d95093a81c095b65,ae9ef515059d52d7d85bbddc07c49cabd745c0f6e8e6aea4ffb9ca2d19553eb9,3041c3f6b10c61f860b9191479ab8426d3139ce17a9839fe77b2fbe5492ee655,4cc946feedba2fd8517c36679932644f2fd129a5bd767a9db9ddaaa0e210f7b1,2591087611c7a36eed9aaadd068fb912954354c19b384af36527612c5aa7ebaa,25eac8f5fa140e280f646a8804add523161deefda00a95ab6ca4bd8f2645115e,56dfa726e07260290a8d9bd5f9553bedef06c396ca7a2a1c14537ab134f1b661,42ef48b05a6df873c8625f632e53ce4fe584cf13f038f1c9ee6965bc3e739f7f,b0cefc07e5f7a18159a9c4ef798571e00b6e5179dd490b4e4f42619d3401adda,success,passed,false,1.0477378925392855e-09,5.364418009801143e-07,5.364419354281225e-07,1.0477378925392855e-09,True,True,steady_execution_v1,1.2026846330008993,0.13947431299675372,0.006394246000127168,1.3485531919977802,0.145800921,0.11649353899999997,0.13735828099999997,108608,4258880,0.016138474031322403,,,,,,,0.21041685300224344,1.137550529983855,0.13023210196843138,0.08223146010641358,0.0042975420074071735,0.007289762084838003,0.0027267059303994756,0.0,0.0007310100045287982,,,,,,4,4,4,8,1,1,physical_hardware,packed_operation_v1,True,True,True,True,True,False,False,True,True,True,0.9971689697922651,0.9931284206706782,1.0,53,1,"[[0,0],[0,1],[0,2],[0,3]]",[0],"[""/dev/dpu_rank1""]"
training,measurement,hs_18q_d1:4dpu_t8,hs_18q_d1,4dpu_t8,002f633fd11c9c8ac95008a9452a63ccea24651ab38167fe6e6b762d00c2806d,path_002f633fd11c9c8ac95008a9452a63ccea24651ab38167fe6e6b762d00c2806d,4dpu_t8,3,2,6,08bb55c6fe0b31122368df58ddc6388c892dbefe915380f9c2147cca44e27936,b75be1ce-ac62-4348-bf8d-8b0a43898675,424886cb45ecf2f43b304da76c7333b4720fb882066e04025593821f1eba1e04,8b6ebfbd-1c06-4fb1-b4bf-4d072212375d,68bde98e0696765cd5def2f8b41b686c6a2ffcb0,68bde98e0696765cd5def2f8b41b686c6a2ffcb0,d452106e697890439cfc94fdabfb6a80fb0fccc2,5269bfea2a1777b041e10edf9618ba613d44021ce89b3ff0d95093a81c095b65,ae9ef515059d52d7d85bbddc07c49cabd745c0f6e8e6aea4ffb9ca2d19553eb9,3041c3f6b10c61f860b9191479ab8426d3139ce17a9839fe77b2fbe5492ee655,4cc946feedba2fd8517c36679932644f2fd129a5bd767a9db9ddaaa0e210f7b1,2591087611c7a36eed9aaadd068fb912954354c19b384af36527612c5aa7ebaa,25eac8f5fa140e280f646a8804add523161deefda00a95ab6ca4bd8f2645115e,56dfa726e07260290a8d9bd5f9553bedef06c396ca7a2a1c14537ab134f1b661,42ef48b05a6df873c8625f632e53ce4fe584cf13f038f1c9ee6965bc3e739f7f,b0cefc07e5f7a18159a9c4ef798571e00b6e5179dd490b4e4f42619d3401adda,success,passed,false,1.0477378925392855e-09,5.364418009801143e-07,5.364419354281225e-07,1.0477378925392855e-09,True,True,steady_execution_v1,1.417155699000432,0.13209924799957662,0.005767435999587178,1.5550223829995957,0.13916864199999998,0.08118528,0.11692683499999998,108608,4258880,0.024725804978515953,,,,,,,0.3212827499919513,1.33176751195424,0.2461254019763146,0.17293522696127184,0.005170510004973039,0.011333290025504539,0.0038163819881447125,0.0,0.0008318419713759795,,,,,,4,4,4,8,1,1,physical_hardware,packed_operation_v1,True,True,True,True,True,False,False,True,True,True,0.9971689697922651,0.9931284206706782,1.0,53,1,"[[0,0],[0,1],[0,2],[0,3]]",[0],"[""/dev/dpu_rank1""]"
training,warmup,hs_18q_d1:4dpu_t8,hs_18q_d1,4dpu_t8,0f172b4535a71fb59dd5d4f406df828c33333cda1113d1c71db08b5d0e989d1e,path_0f172b4535a71fb59dd5d4f406df828c33333cda1113d1c71db08b5d0e989d1e,4dpu_t8,0,0,21,6428e6d8a3e29236187e74a89b325db9d3fb41e666381a1b2b0af40ac29c895a,4f638fb5-7e33-45b6-a671-ff2c5ab154e5,424886cb45ecf2f43b304da76c7333b4720fb882066e04025593821f1eba1e04,8b6ebfbd-1c06-4fb1-b4bf-4d072212375d,68bde98e0696765cd5def2f8b41b686c6a2ffcb0,68bde98e0696765cd5def2f8b41b686c6a2ffcb0,d452106e697890439cfc94fdabfb6a80fb0fccc2,5269bfea2a1777b041e10edf9618ba613d44021ce89b3ff0d95093a81c095b65,ae9ef515059d52d7d85bbddc07c49cabd745c0f6e8e6aea4ffb9ca2d19553eb9,3041c3f6b10c61f860b9191479ab8426d3139ce17a9839fe77b2fbe5492ee655,4cc946feedba2fd8517c36679932644f2fd129a5bd767a9db9ddaaa0e210f7b1,effb17e9fd24b9768105686a1c2df64c7143760bcef663f80c1381664f5c5360,561bda76136a7b41a5e57fe3eb0106594a012fe3e35d61776a0da23b1e2b5850,56dfa726e07260290a8d9bd5f9553bedef06c396ca7a2a1c14537ab134f1b661,42ef48b05a6df873c8625f632e53ce4fe584cf13f038f1c9ee6965bc3e739f7f,b0cefc07e5f7a18159a9c4ef798571e00b6e5179dd490b4e4f42619d3401adda,success,passed,false,1.0477378925392855e-09,5.364418009801143e-07,5.364419354281225e-07,1.0477378925392855e-09,True,True,steady_execution_v1,1.1606613250005466,0.12058964899915736,0.0042965220018231776,1.2855474960015272,0.142314317,0.11653596199999998,0.13857399999999997,103360,4253632,0.014823121015069773,,,,,,,0.18466421999255545,1.0967540450074011,0.1282491679994564,0.08121209992168588,0.004090487000212306,0.007221117972221691,0.0026439660068717785,0.0,0.0007141989881347399,,,,,,4,4,4,8,1,1,physical_hardware,packed_operation_v1,True,True,True,True,True,False,False,True,True,True,0.9992990087604959,0.9949755979265816,1.0,53,1,"[[0,0],[0,1],[0,2],[0,3]]",[0],"[""/dev/dpu_rank1""]"
training,measurement,hs_18q_d1:4dpu_t8,hs_18q_d1,4dpu_t8,0f172b4535a71fb59dd5d4f406df828c33333cda1113d1c71db08b5d0e989d1e,path_0f172b4535a71fb59dd5d4f406df828c33333cda1113d1c71db08b5d0e989d1e,4dpu_t8,1,0,29,2aaf7dadd58973b0c8e78e633bfce125235ec6fe183d2980e54dc10f6be989eb,c6fc5fa7-c509-4452-947f-53480dcecfd9,424886cb45ecf2f43b304da76c7333b4720fb882066e04025593821f1eba1e04,8b6ebfbd-1c06-4fb1-b4bf-4d072212375d,68bde98e0696765cd5def2f8b41b686c6a2ffcb0,68bde98e0696765cd5def2f8b41b686c6a2ffcb0,d452106e697890439cfc94fdabfb6a80fb0fccc2,5269bfea2a1777b041e10edf9618ba613d44021ce89b3ff0d95093a81c095b65,ae9ef515059d52d7d85bbddc07c49cabd745c0f6e8e6aea4ffb9ca2d19553eb9,3041c3f6b10c61f860b9191479ab8426d3139ce17a9839fe77b2fbe5492ee655,4cc946feedba2fd8517c36679932644f2fd129a5bd767a9db9ddaaa0e210f7b1,effb17e9fd24b9768105686a1c2df64c7143760bcef663f80c1381664f5c5360,561bda76136a7b41a5e57fe3eb0106594a012fe3e35d61776a0da23b1e2b5850,56dfa726e07260290a8d9bd5f9553bedef06c396ca7a2a1c14537ab134f1b661,42ef48b05a6df873c8625f632e53ce4fe584cf13f038f1c9ee6965bc3e739f7f,b0cefc07e5f7a18159a9c4ef798571e00b6e5179dd490b4e4f42619d3401adda,success,passed,false,1.0477378925392855e-09,5.364418009801143e-07,5.364419354281225e-07,1.0477378925392855e-09,True,True,steady_execution_v1,1.1504537929977232,0.11977089200081537,0.005797253998025553,1.2760219389965641,0.142172736,0.11475086000000002,0.13634879700000002,103360,4253632,0.014681669996207347,,,,,,,0.18204186196817318,1.0870453309944423,0.1264840809853922,0.08032684898353182,0.004016462004074128,0.007060149997414555,0.0025966800640162546,0.0,0.0007226819907373283,,,,,,4,4,4,8,1,1,physical_hardware,packed_operation_v1,True,True,True,True,True,False,False,True,True,True,0.9992990087604959,0.9949755979265816,1.0,53,1,"[[0,0],[0,1],[0,2],[0,3]]",[0],"[""/dev/dpu_rank1""]"
training,measurement,hs_18q_d1:4dpu_t8,hs_18q_d1,4dpu_t8,0f172b4535a71fb59dd5d4f406df828c33333cda1113d1c71db08b5d0e989d1e,path_0f172b4535a71fb59dd5d4f406df828c33333cda1113d1c71db08b5d0e989d1e,4dpu_t8,2,1,15,9efd4f0e0cbbb0aa97e7c82e761889127f33c37385545d9ce11399a3677dfd17,0c8878ac-7e8a-4d1b-bd9e-7d62107b6e0e,424886cb45ecf2f43b304da76c7333b4720fb882066e04025593821f1eba1e04,8b6ebfbd-1c06-4fb1-b4bf-4d072212375d,68bde98e0696765cd5def2f8b41b686c6a2ffcb0,68bde98e0696765cd5def2f8b41b686c6a2ffcb0,d452106e697890439cfc94fdabfb6a80fb0fccc2,5269bfea2a1777b041e10edf9618ba613d44021ce89b3ff0d95093a81c095b65,ae9ef515059d52d7d85bbddc07c49cabd745c0f6e8e6aea4ffb9ca2d19553eb9,3041c3f6b10c61f860b9191479ab8426d3139ce17a9839fe77b2fbe5492ee655,4cc946feedba2fd8517c36679932644f2fd129a5bd767a9db9ddaaa0e210f7b1,effb17e9fd24b9768105686a1c2df64c7143760bcef663f80c1381664f5c5360,561bda76136a7b41a5e57fe3eb0106594a012fe3e35d61776a0da23b1e2b5850,56dfa726e07260290a8d9bd5f9553bedef06c396ca7a2a1c14537ab134f1b661,42ef48b05a6df873c8625f632e53ce4fe584cf13f038f1c9ee6965bc3e739f7f,b0cefc07e5f7a18159a9c4ef798571e00b6e5179dd490b4e4f42619d3401adda,success,passed,false,1.0477378925392855e-09,5.364418009801143e-07,5.364419354281225e-07,1.0477378925392855e-09,True,True,steady_execution_v1,1.1543600510012766,0.1264813640009379,0.0064378600000054576,1.28727927500222,0.143589961,0.11649221899999998,0.137520737,103360,4253632,0.01504107298751478,,,,,,,0.1829469409858575,1.0909119719581213,0.12713659098153585,0.080479284923058,0.00409746302102576,0.007064619941957062,0.0026207159862678964,0.0,0.0007373160151473712,,,,,,4,4,4,8,1,1,physical_hardware,packed_operation_v1,True,True,True,True,True,False,False,True,True,True,0.9992990087604959,0.9949755979265816,1.0,53,1,"[[0,0],[0,1],[0,2],[0,3]]",[0],"[""/dev/dpu_rank1""]"
training,measurement,hs_18q_d1:4dpu_t8,hs_18q_d1,4dpu_t8,0f172b4535a71fb59dd5d4f406df828c33333cda1113d1c71db08b5d0e989d1e,path_0f172b4535a71fb59dd5d4f406df828c33333cda1113d1c71db08b5d0e989d1e,4dpu_t8,3,2,25,d16e69fe9020884a6dacf6763322ca8663c22cf2e8d73107f4704f06e901b7f1,5499b5ff-c10b-4356-8ab8-fbae5dc56d62,424886cb45ecf2f43b304da76c7333b4720fb882066e04025593821f1eba1e04,8b6ebfbd-1c06-4fb1-b4bf-4d072212375d,68bde98e0696765cd5def2f8b41b686c6a2ffcb0,68bde98e0696765cd5def2f8b41b686c6a2ffcb0,d452106e697890439cfc94fdabfb6a80fb0fccc2,5269bfea2a1777b041e10edf9618ba613d44021ce89b3ff0d95093a81c095b65,ae9ef515059d52d7d85bbddc07c49cabd745c0f6e8e6aea4ffb9ca2d19553eb9,3041c3f6b10c61f860b9191479ab8426d3139ce17a9839fe77b2fbe5492ee655,4cc946feedba2fd8517c36679932644f2fd129a5bd767a9db9ddaaa0e210f7b1,effb17e9fd24b9768105686a1c2df64c7143760bcef663f80c1381664f5c5360,561bda76136a7b41a5e57fe3eb0106594a012fe3e35d61776a0da23b1e2b5850,56dfa726e07260290a8d9bd5f9553bedef06c396ca7a2a1c14537ab134f1b661,42ef48b05a6df873c8625f632e53ce4fe584cf13f038f1c9ee6965bc3e739f7f,b0cefc07e5f7a18159a9c4ef798571e00b6e5179dd490b4e4f42619d3401adda,success,passed,false,1.0477378925392855e-09,5.364418009801143e-07,5.364419354281225e-07,1.0477378925392855e-09,True,True,steady_execution_v1,1.4038816510001197,0.12336731899995357,0.006495110999821918,1.5337440809998952,0.135995122,0.081151654,0.11497187499999997,103360,4253632,0.024150252003892092,,,,,,,0.32228226703591645,1.319209398025123,0.24745616501240875,0.1742756200947042,0.005156335013452917,0.011438361027103383,0.0038609400871791877,0.0,0.0008161010191543028,,,,,,4,4,4,8,1,1,physical_hardware,packed_operation_v1,True,True,True,True,True,False,False,True,True,True,0.9992990087604959,0.9949755979265816,1.0,53,1,"[[0,0],[0,1],[0,2],[0,3]]",[0],"[""/dev/dpu_rank1""]"
training,warmup,hs_18q_d1:4dpu_t8,hs_18q_d1,4dpu_t8,93535be1f45b148a1b3d81d74e0185ffb0339853e6877aa2080426e1339bf13c,path_93535be1f45b148a1b3d81d74e0185ffb0339853e6877aa2080426e1339bf13c,4dpu_t8,0,0,6,f874235759b6d2960cfec727db196c978d546846cba98b4b66fc23f7a3a19774,37ca9eee-3d22-4e34-adf4-285b10e361dc,424886cb45ecf2f43b304da76c7333b4720fb882066e04025593821f1eba1e04,8b6ebfbd-1c06-4fb1-b4bf-4d072212375d,68bde98e0696765cd5def2f8b41b686c6a2ffcb0,68bde98e0696765cd5def2f8b41b686c6a2ffcb0,d452106e697890439cfc94fdabfb6a80fb0fccc2,5269bfea2a1777b041e10edf9618ba613d44021ce89b3ff0d95093a81c095b65,ae9ef515059d52d7d85bbddc07c49cabd745c0f6e8e6aea4ffb9ca2d19553eb9,3041c3f6b10c61f860b9191479ab8426d3139ce17a9839fe77b2fbe5492ee655,4cc946feedba2fd8517c36679932644f2fd129a5bd767a9db9ddaaa0e210f7b1,a0bd81b835848d8c75d3f9a1c796bb5a879b5adcdbea30497c509deb308b290d,3e5b2782cf89abcff7112ed8bdf551644e662392676f0027ff3fd90f861b1369,56dfa726e07260290a8d9bd5f9553bedef06c396ca7a2a1c14537ab134f1b661,42ef48b05a6df873c8625f632e53ce4fe584cf13f038f1c9ee6965bc3e739f7f,b0cefc07e5f7a18159a9c4ef798571e00b6e5179dd490b4e4f42619d3401adda,success,passed,false,1.0477378925392855e-09,5.364418009801143e-07,5.364419354281225e-07,1.0477378925392855e-09,True,True,steady_execution_v1,1.1588039420021232,0.1187120850008796,0.007000133999099489,1.2845161610021023,0.143995082,0.11531188899999999,0.14021192799999999,104480,4254752,0.014902499991876539,,,,,,,0.1819415959798789,1.0942632830010552,0.1261420539849496,0.07964128794628778,0.004063793992827414,0.007071148003888084,0.0026653978784452192,0.0,0.0007104119758878369,,,,,,4,4,4,8,1,1,physical_hardware,packed_operation_v1,True,True,True,True,True,False,False,True,True,True,0.9986877584718161,0.9945806129095784,1.0,53,1,"[[0,0],[0,1],[0,2],[0,3]]",[0],"[""/dev/dpu_rank1""]"
training,measurement,hs_18q_d1:4dpu_t8,hs_18q_d1,4dpu_t8,93535be1f45b148a1b3d81d74e0185ffb0339853e6877aa2080426e1339bf13c,path_93535be1f45b148a1b3d81d74e0185ffb0339853e6877aa2080426e1339bf13c,4dpu_t8,1,0,9,cb7e58f45a5779f9e3fcb020992d87d3d470a2842fac17eafcb8b46d85954803,cdffa298-0f91-4078-9bed-683d5c0a1361,424886cb45ecf2f43b304da76c7333b4720fb882066e04025593821f1eba1e04,8b6ebfbd-1c06-4fb1-b4bf-4d072212375d,68bde98e0696765cd5def2f8b41b686c6a2ffcb0,68bde98e0696765cd5def2f8b41b686c6a2ffcb0,d452106e697890439cfc94fdabfb6a80fb0fccc2,5269bfea2a1777b041e10edf9618ba613d44021ce89b3ff0d95093a81c095b65,ae9ef515059d52d7d85bbddc07c49cabd745c0f6e8e6aea4ffb9ca2d19553eb9,3041c3f6b10c61f860b9191479ab8426d3139ce17a9839fe77b2fbe5492ee655,4cc946feedba2fd8517c36679932644f2fd129a5bd767a9db9ddaaa0e210f7b1,a0bd81b835848d8c75d3f9a1c796bb5a879b5adcdbea30497c509deb308b290d,3e5b2782cf89abcff7112ed8bdf551644e662392676f0027ff3fd90f861b1369,56dfa726e07260290a8d9bd5f9553bedef06c396ca7a2a1c14537ab134f1b661,42ef48b05a6df873c8625f632e53ce4fe584cf13f038f1c9ee6965bc3e739f7f,b0cefc07e5f7a18159a9c4ef798571e00b6e5179dd490b4e4f42619d3401adda,success,passed,false,1.0477378925392855e-09,5.364418009801143e-07,5.364419354281225e-07,1.0477378925392855e-09,True,True,steady_execution_v1,1.1599696840021352,0.12442227800056571,0.008270520000223769,1.2926624820029247,0.144363559,0.11491963500000002,0.13798542800000002,104480,4254752,0.014933241996914148,,,,,,,0.18374365603813203,1.0968554980026965,0.12717141698885825,0.08039110382378567,0.004140499004279263,0.0071167440110002644,0.0026660978910513222,0.0,0.0007133919752959628,,,,,,4,4,4,8,1,1,physical_hardware,packed_operation_v1,True,True,True,True,True,False,False,True,True,True,0.9986877584718161,0.9945806129095784,1.0,53,1,"[[0,0],[0,1],[0,2],[0,3]]",[0],"[""/dev/dpu_rank1""]"
training,measurement,hs_18q_d1:4dpu_t8,hs_18q_d1,4dpu_t8,93535be1f45b148a1b3d81d74e0185ffb0339853e6877aa2080426e1339bf13c,path_93535be1f45b148a1b3d81d74e0185ffb0339853e6877aa2080426e1339bf13c,4dpu_t8,2,1,16,c1d1d92b8104cff7856d9b5bfd6ab505dc2cef2dbd83699c94e9ca067b15f096,8b9d1735-9ad0-4aaf-a483-eadbf6900064,424886cb45ecf2f43b304da76c7333b4720fb882066e04025593821f1eba1e04,8b6ebfbd-1c06-4fb1-b4bf-4d072212375d,68bde98e0696765cd5def2f8b41b686c6a2ffcb0,68bde98e0696765cd5def2f8b41b686c6a2ffcb0,d452106e697890439cfc94fdabfb6a80fb0fccc2,5269bfea2a1777b041e10edf9618ba613d44021ce89b3ff0d95093a81c095b65,ae9ef515059d52d7d85bbddc07c49cabd745c0f6e8e6aea4ffb9ca2d19553eb9,3041c3f6b10c61f860b9191479ab8426d3139ce17a9839fe77b2fbe5492ee655,4cc946feedba2fd8517c36679932644f2fd129a5bd767a9db9ddaaa0e210f7b1,a0bd81b835848d8c75d3f9a1c796bb5a879b5adcdbea30497c509deb308b290d,3e5b2782cf89abcff7112ed8bdf551644e662392676f0027ff3fd90f861b1369,56dfa726e07260290a8d9bd5f9553bedef06c396ca7a2a1c14537ab134f1b661,42ef48b05a6df873c8625f632e53ce4fe584cf13f038f1c9ee6965bc3e739f7f,b0cefc07e5f7a18159a9c4ef798571e00b6e5179dd490b4e4f42619d3401adda,success,passed,false,1.0477378925392855e-09,5.364418009801143e-07,5.364419354281225e-07,1.0477378925392855e-09,True,True,steady_execution_v1,1.1480600419999973,0.11512134200165747,0.006379758000548463,1.2695611420022033,0.14419183,0.11552010699999998,0.13656602099999998,104480,4254752,0.014651129997218959,,,,,,,0.18078718298056629,1.0857944320014212,0.1248440490126086,0.07882689989492064,0.004408881031849887,0.0069802199250261765,0.002585384005215019,0.0,0.000701195967849344,,,,,,4,4,4,8,1,1,physical_hardware,packed_operation_v1,True,True,True,True,True,False,False,True,True,True,0.9986877584718161,0.9945806129095784,1.0,53,1,"[[0,0],[0,1],[0,2],[0,3]]",[0],"[""/dev/dpu_rank1""]"
training,measurement,hs_18q_d1:4dpu_t8,hs_18q_d1,4dpu_t8,93535be1f45b148a1b3d81d74e0185ffb0339853e6877aa2080426e1339bf13c,path_93535be1f45b148a1b3d81d74e0185ffb0339853e6877aa2080426e1339bf13c,4dpu_t8,3,2,46,2d17930a1917f3ecc91ce572b122096053a772369483ca1f3addbadb55cbbb2e,9e601953-6357-48b2-a79b-5a936f720ac5,424886cb45ecf2f43b304da76c7333b4720fb882066e04025593821f1eba1e04,8b6ebfbd-1c06-4fb1-b4bf-4d072212375d,68bde98e0696765cd5def2f8b41b686c6a2ffcb0,68bde98e0696765cd5def2f8b41b686c6a2ffcb0,d452106e697890439cfc94fdabfb6a80fb0fccc2,5269bfea2a1777b041e10edf9618ba613d44021ce89b3ff0d95093a81c095b65,ae9ef515059d52d7d85bbddc07c49cabd745c0f6e8e6aea4ffb9ca2d19553eb9,3041c3f6b10c61f860b9191479ab8426d3139ce17a9839fe77b2fbe5492ee655,4cc946feedba2fd8517c36679932644f2fd129a5bd767a9db9ddaaa0e210f7b1,a0bd81b835848d8c75d3f9a1c796bb5a879b5adcdbea30497c509deb308b290d,3e5b2782cf89abcff7112ed8bdf551644e662392676f0027ff3fd90f861b1369,56dfa726e07260290a8d9bd5f9553bedef06c396ca7a2a1c14537ab134f1b661,42ef48b05a6df873c8625f632e53ce4fe584cf13f038f1c9ee6965bc3e739f7f,b0cefc07e5f7a18159a9c4ef798571e00b6e5179dd490b4e4f42619d3401adda,success,passed,false,1.0477378925392855e-09,5.364418009801143e-07,5.364419354281225e-07,1.0477378925392855e-09,True,True,steady_execution_v1,1.1828422670005239,0.12485181399824796,0.006044182999175973,1.3137382639979478,0.14445098099999998,0.11532703300000004,0.139573848,104480,4254752,0.014873513999191346,,,,,,,0.2052313660242362,1.119797280021885,0.12664998798572924,0.07999161106999964,0.004091626993613318,0.007095580982422689,0.002607072012324352,0.0,0.0007151840218284633,,,,,,4,4,4,8,1,1,physical_hardware,packed_operation_v1,True,True,True,True,True,False,False,True,True,True,0.9986877584718161,0.9945806129095784,1.0,53,1,"[[0,0],[0,1],[0,2],[0,3]]",[0],"[""/dev/dpu_rank1""]"
training,warmup,hs_18q_d1:4dpu_t8,hs_18q_d1,4dpu_t8,bf83ea123bc85b30f3c7f1f8a0de47c8366352fc37c099890eab75c8cba62cb8,path_bf83ea123bc85b30f3c7f1f8a0de47c8366352fc37c099890eab75c8cba62cb8,4dpu_t8,0,0,4,d8cacbac1b42a9cef555c49cc8b6889803ca84e27b28f53bdc7fa0970a15179f,348f59b2-efea-4c04-9073-48b8838295ab,424886cb45ecf2f43b304da76c7333b4720fb882066e04025593821f1eba1e04,8b6ebfbd-1c06-4fb1-b4bf-4d072212375d,68bde98e0696765cd5def2f8b41b686c6a2ffcb0,68bde98e0696765cd5def2f8b41b686c6a2ffcb0,d452106e697890439cfc94fdabfb6a80fb0fccc2,5269bfea2a1777b041e10edf9618ba613d44021ce89b3ff0d95093a81c095b65,ae9ef515059d52d7d85bbddc07c49cabd745c0f6e8e6aea4ffb9ca2d19553eb9,3041c3f6b10c61f860b9191479ab8426d3139ce17a9839fe77b2fbe5492ee655,4cc946feedba2fd8517c36679932644f2fd129a5bd767a9db9ddaaa0e210f7b1,dd46d96263bc04008e7800fc0c50b8bd6824badb435b2878a38398ab3d6a8bef,dae3fe1116e570fdbfb2665618f682d9226669e0e32c65e7c4b9df308ae0654c,56dfa726e07260290a8d9bd5f9553bedef06c396ca7a2a1c14537ab134f1b661,42ef48b05a6df873c8625f632e53ce4fe584cf13f038f1c9ee6965bc3e739f7f,b0cefc07e5f7a18159a9c4ef798571e00b6e5179dd490b4e4f42619d3401adda,success,passed,false,1.0477378925392855e-09,5.364418009801143e-07,5.364419354281225e-07,1.0477378925392855e-09,True,True,steady_execution_v1,1.1641311910025252,0.11918499500097823,0.006790684998122742,1.2901068710016261,0.14328445,0.11761315899999998,0.138757352,103360,4253632,0.014767010005016346,,,,,,,0.18264292402091087,1.0977388089959277,0.12688440399506362,0.08024603185185697,0.004064528042363236,0.00708640896846191,0.002609937982924748,0.0,0.0007237629870360252,,,,,,4,4,4,8,1,1,physical_hardware,packed_operation_v1,True,True,True,True,True,False,False,True,True,True,0.9991777562217709,0.9949755979265816,1.0,53,1,"[[0,0],[0,1],[0,2],[0,3]]",[0],"[""/dev/dpu_rank1""]"
training,measurement,hs_18q_d1:4dpu_t8,hs_18q_d1,4dpu_t8,bf83ea123bc85b30f3c7f1f8a0de47c8366352fc37c099890eab75c8cba62cb8,path_bf83ea123bc85b30f3c7f1f8a0de47c8366352fc37c099890eab75c8cba62cb8,4dpu_t8,1,0,32,2b8b0a04db919c429874f9d102fd7bc9c41fff8f3b68ac0389a07c52c3ad5758,2ddd47ce-5e3d-4eba-931b-4e589c6d67b2,424886cb45ecf2f43b304da76c7333b4720fb882066e04025593821f1eba1e04,8b6ebfbd-1c06-4fb1-b4bf-4d072212375d,68bde98e0696765cd5def2f8b41b686c6a2ffcb0,68bde98e0696765cd5def2f8b41b686c6a2ffcb0,d452106e697890439cfc94fdabfb6a80fb0fccc2,5269bfea2a1777b041e10edf9618ba613d44021ce89b3ff0d95093a81c095b65,ae9ef515059d52d7d85bbddc07c49cabd745c0f6e8e6aea4ffb9ca2d19553eb9,3041c3f6b10c61f860b9191479ab8426d3139ce17a9839fe77b2fbe5492ee655,4cc946feedba2fd8517c36679932644f2fd129a5bd767a9db9ddaaa0e210f7b1,dd46d96263bc04008e7800fc0c50b8bd6824badb435b2878a38398ab3d6a8bef,dae3fe1116e570fdbfb2665618f682d9226669e0e32c65e7c4b9df308ae0654c,56dfa726e07260290a8d9bd5f9553bedef06c396ca7a2a1c14537ab134f1b661,42ef48b05a6df873c8625f632e53ce4fe584cf13f038f1c9ee6965bc3e739f7f,b0cefc07e5f7a18159a9c4ef798571e00b6e5179dd490b4e4f42619d3401adda,success,passed,false,1.0477378925392855e-09,5.364418009801143e-07,5.364419354281225e-07,1.0477378925392855e-09,True,True,steady_execution_v1,1.1476110820003669,0.11538740499963751,0.00590281300173956,1.268901300001744,0.142218315,0.11649261399999998,0.13384361900000002,103360,4253632,0.01478946600764175,,,,,,,0.1815192950052733,1.0853677340091963,0.12613182194399997,0.07984454803226981,0.00401045798935229,0.0070603590065729804,0.0025889590360748116,0.0,0.0007058129922370426,,,,,,4,4,4,8,1,1,physical_hardware,packed_operation_v1,True,True,True,True,True,False,False,True,True,True,0.9991777562217709,0.9949755979265816,1.0,53,1,"[[0,0],[0,1],[0,2],[0,3]]",[0],"[""/dev/dpu_rank1""]"
training,measurement,hs_18q_d1:4dpu_t8,hs_18q_d1,4dpu_t8,bf83ea123bc85b30f3c7f1f8a0de47c8366352fc37c099890eab75c8cba62cb8,path_bf83ea123bc85b30f3c7f1f8a0de47c8366352fc37c099890eab75c8cba62cb8,4dpu_t8,2,1,2,d13aff5e969a320812e834ed1ed14ba52f9471ab1925baa8ae9efc4a42c35901,c1807ca9-caa7-436d-af53-dd70e3b707d8,424886cb45ecf2f43b304da76c7333b4720fb882066e04025593821f1eba1e04,8b6ebfbd-1c06-4fb1-b4bf-4d072212375d,68bde98e0696765cd5def2f8b41b686c6a2ffcb0,68bde98e0696765cd5def2f8b41b686c6a2ffcb0,d452106e697890439cfc94fdabfb6a80fb0fccc2,5269bfea2a1777b041e10edf9618ba613d44021ce89b3ff0d95093a81c095b65,ae9ef515059d52d7d85bbddc07c49cabd745c0f6e8e6aea4ffb9ca2d19553eb9,3041c3f6b10c61f860b9191479ab8426d3139ce17a9839fe77b2fbe5492ee655,4cc946feedba2fd8517c36679932644f2fd129a5bd767a9db9ddaaa0e210f7b1,dd46d96263bc04008e7800fc0c50b8bd6824badb435b2878a38398ab3d6a8bef,dae3fe1116e570fdbfb2665618f682d9226669e0e32c65e7c4b9df308ae0654c,56dfa726e07260290a8d9bd5f9553bedef06c396ca7a2a1c14537ab134f1b661,42ef48b05a6df873c8625f632e53ce4fe584cf13f038f1c9ee6965bc3e739f7f,b0cefc07e5f7a18159a9c4ef798571e00b6e5179dd490b4e4f42619d3401adda,success,passed,false,1.0477378925392855e-09,5.364418009801143e-07,5.364419354281225e-07,1.0477378925392855e-09,True,True,steady_execution_v1,1.202664991000347,0.11727001399776782,0.005740984001022298,1.3256759889991372,0.14269502,0.11592128599999998,0.15625799699999998,103360,4253632,0.014951346009183908,,,,,,,0.18879219600057695,1.1322133639623644,0.13122653700702358,0.08312101993578835,0.0042984580068150535,0.007424235034704907,0.0027842329582199454,0.0,0.0007583009792142548,,,,,,4,4,4,8,1,1,physical_hardware,packed_operation_v1,True,True,True,True,True,False,False,True,True,True,0.9991777562217709,0.9949755979265816,1.0,53,1,"[[0,0],[0,1],[0,2],[0,3]]",[0],"[""/dev/dpu_rank1""]"
training,measurement,hs_18q_d1:4dpu_t8,hs_18q_d1,4dpu_t8,bf83ea123bc85b30f3c7f1f8a0de47c8366352fc37c099890eab75c8cba62cb8,path_bf83ea123bc85b30f3c7f1f8a0de47c8366352fc37c099890eab75c8cba62cb8,4dpu_t8,3,2,13,1cdc043cbcb2e048f7299d229740b6484a62fdd4dd21b0a110abd191c3129f32,b2c0ac3e-690d-49ea-a78c-0e53d90c748c,424886cb45ecf2f43b304da76c7333b4720fb882066e04025593821f1eba1e04,8b6ebfbd-1c06-4fb1-b4bf-4d072212375d,68bde98e0696765cd5def2f8b41b686c6a2ffcb0,68bde98e0696765cd5def2f8b41b686c6a2ffcb0,d452106e697890439cfc94fdabfb6a80fb0fccc2,5269bfea2a1777b041e10edf9618ba613d44021ce89b3ff0d95093a81c095b65,ae9ef515059d52d7d85bbddc07c49cabd745c0f6e8e6aea4ffb9ca2d19553eb9,3041c3f6b10c61f860b9191479ab8426d3139ce17a9839fe77b2fbe5492ee655,4cc946feedba2fd8517c36679932644f2fd129a5bd767a9db9ddaaa0e210f7b1,dd46d96263bc04008e7800fc0c50b8bd6824badb435b2878a38398ab3d6a8bef,dae3fe1116e570fdbfb2665618f682d9226669e0e32c65e7c4b9df308ae0654c,56dfa726e07260290a8d9bd5f9553bedef06c396ca7a2a1c14537ab134f1b661,42ef48b05a6df873c8625f632e53ce4fe584cf13f038f1c9ee6965bc3e739f7f,b0cefc07e5f7a18159a9c4ef798571e00b6e5179dd490b4e4f42619d3401adda,success,passed,false,1.0477378925392855e-09,5.364418009801143e-07,5.364419354281225e-07,1.0477378925392855e-09,True,True,steady_execution_v1,1.173196793999523,0.11703601099725347,0.005748501000198303,1.2959813059969747,0.142791002,0.117655266,0.137419205,103360,4253632,0.01504754701454658,,,,,,,0.1881184029916767,1.110119608027162,0.13091646800603485,0.08323824597391649,0.0041857370124489535,0.007298901979083894,0.002712649951718049,0.0,0.0007452199934050441,,,,,,4,4,4,8,1,1,physical_hardware,packed_operation_v1,True,True,True,True,True,False,False,True,True,True,0.9991777562217709,0.9949755979265816,1.0,53,1,"[[0,0],[0,1],[0,2],[0,3]]",[0],"[""/dev/dpu_rank1""]"
training,warmup,hs_18q_d1:4dpu_t8,hs_18q_d1,4dpu_t8,e03d5d65a6118ee597f1200afdcd941cdf4e83d0e1447b7b3a199207a7853314,path_e03d5d65a6118ee597f1200afdcd941cdf4e83d0e1447b7b3a199207a7853314,4dpu_t8,0,0,44,5723e6366d63b3eb6d4da33dfefe039f404e08327b3b42e33009cc358d7c8715,9ef1c3b3-4027-4cde-88c8-91de484ee939,424886cb45ecf2f43b304da76c7333b4720fb882066e04025593821f1eba1e04,8b6ebfbd-1c06-4fb1-b4bf-4d072212375d,68bde98e0696765cd5def2f8b41b686c6a2ffcb0,68bde98e0696765cd5def2f8b41b686c6a2ffcb0,d452106e697890439cfc94fdabfb6a80fb0fccc2,5269bfea2a1777b041e10edf9618ba613d44021ce89b3ff0d95093a81c095b65,ae9ef515059d52d7d85bbddc07c49cabd745c0f6e8e6aea4ffb9ca2d19553eb9,3041c3f6b10c61f860b9191479ab8426d3139ce17a9839fe77b2fbe5492ee655,4cc946feedba2fd8517c36679932644f2fd129a5bd767a9db9ddaaa0e210f7b1,5fa6c6b138a97b54bccda6f343186d78f302df45ae706af31d476683ca9cf363,ee5e1558f4b225a7e6cf19d54fce773699ad3c2fbcd300023795d3612b87b604,56dfa726e07260290a8d9bd5f9553bedef06c396ca7a2a1c14537ab134f1b661,42ef48b05a6df873c8625f632e53ce4fe584cf13f038f1c9ee6965bc3e739f7f,b0cefc07e5f7a18159a9c4ef798571e00b6e5179dd490b4e4f42619d3401adda,success,passed,false,1.0477378925392855e-09,5.364418009801143e-07,5.364419354281225e-07,1.0477378925392855e-09,True,True,steady_execution_v1,1.1512661100023251,0.12586241800090647,0.009858555000391789,1.2869870830036234,0.14422880300000002,0.11523968300000002,0.13446236100000003,105536,4255808,0.014877705998515012,,,,,,,0.1819636939690099,1.0871713320048002,0.12569936603176757,0.07926929499808466,0.004015067988802912,0.007000066041655373,0.002581233966338914,0.0,0.0007168320080381818,,,,,,4,4,4,8,1,1,physical_hardware,packed_operation_v1,True,True,True,True,True,False,False,True,True,True,0.998319353178088,0.9942085818974654,1.0,53,1,"[[0,0],[0,1],[0,2],[0,3]]",[0],"[""/dev/dpu_rank1""]"
training,measurement,hs_18q_d1:4dpu_t8,hs_18q_d1,4dpu_t8,e03d5d65a6118ee597f1200afdcd941cdf4e83d0e1447b7b3a199207a7853314,path_e03d5d65a6118ee597f1200afdcd941cdf4e83d0e1447b7b3a199207a7853314,4dpu_t8,1,0,17,76f7ebc1534473713972f645f426e4265f7828012821da0f84a26019e339ed13,70fcd5a6-e951-42ed-a1a8-080a307b26ea,424886cb45ecf2f43b304da76c7333b4720fb882066e04025593821f1eba1e04,8b6ebfbd-1c06-4fb1-b4bf-4d072212375d,68bde98e0696765cd5def2f8b41b686c6a2ffcb0,68bde98e0696765cd5def2f8b41b686c6a2ffcb0,d452106e697890439cfc94fdabfb6a80fb0fccc2,5269bfea2a1777b041e10edf9618ba613d44021ce89b3ff0d95093a81c095b65,ae9ef515059d52d7d85bbddc07c49cabd745c0f6e8e6aea4ffb9ca2d19553eb9,3041c3f6b10c61f860b9191479ab8426d3139ce17a9839fe77b2fbe5492ee655,4cc946feedba2fd8517c36679932644f2fd129a5bd767a9db9ddaaa0e210f7b1,5fa6c6b138a97b54bccda6f343186d78f302df45ae706af31d476683ca9cf363,ee5e1558f4b225a7e6cf19d54fce773699ad3c2fbcd300023795d3612b87b604,56dfa726e07260290a8d9bd5f9553bedef06c396ca7a2a1c14537ab134f1b661,42ef48b05a6df873c8625f632e53ce4fe584cf13f038f1c9ee6965bc3e739f7f,b0cefc07e5f7a18159a9c4ef798571e00b6e5179dd490b4e4f42619d3401adda,success,passed,false,1.0477378925392855e-09,5.364418009801143e-07,5.364419354281225e-07,1.0477378925392855e-09,True,True,steady_execution_v1,1.1905673410001327,0.12294998799916357,0.006723855000018375,1.3202411839993147,0.144400701,0.116684261,0.135951687,105536,4255808,0.015006658992206212,,,,,,,0.20930532801503432,1.1265952859830577,0.1523690859976341,0.10475016992131714,0.004141986017202726,0.007260889018652961,0.002681358982954407,0.0,0.0007269139896379784,,,,,,4,4,4,8,1,1,physical_hardware,packed_operation_v1,True,True,True,True,True,False,False,True,True,True,0.998319353178088,0.9942085818974654,1.0,53,1,"[[0,0],[0,1],[0,2],[0,3]]",[0],"[""/dev/dpu_rank1""]"
training,measurement,hs_18q_d1:4dpu_t8,hs_18q_d1,4dpu_t8,e03d5d65a6118ee597f1200afdcd941cdf4e83d0e1447b7b3a199207a7853314,path_e03d5d65a6118ee597f1200afdcd941cdf4e83d0e1447b7b3a199207a7853314,4dpu_t8,2,1,14,1343e01676c52b90aa6c22fb5c2c66efbacec669842ecc798f58ff627c823f2f,3859bcfa-376d-42fa-8089-42ed7435edcc,424886cb45ecf2f43b304da76c7333b4720fb882066e04025593821f1eba1e04,8b6ebfbd-1c06-4fb1-b4bf-4d072212375d,68bde98e0696765cd5def2f8b41b686c6a2ffcb0,68bde98e0696765cd5def2f8b41b686c6a2ffcb0,d452106e697890439cfc94fdabfb6a80fb0fccc2,5269bfea2a1777b041e10edf9618ba613d44021ce89b3ff0d95093a81c095b65,ae9ef515059d52d7d85bbddc07c49cabd745c0f6e8e6aea4ffb9ca2d19553eb9,3041c3f6b10c61f860b9191479ab8426d3139ce17a9839fe77b2fbe5492ee655,4cc946feedba2fd8517c36679932644f2fd129a5bd767a9db9ddaaa0e210f7b1,5fa6c6b138a97b54bccda6f343186d78f302df45ae706af31d476683ca9cf363,ee5e1558f4b225a7e6cf19d54fce773699ad3c2fbcd300023795d3612b87b604,56dfa726e07260290a8d9bd5f9553bedef06c396ca7a2a1c14537ab134f1b661,42ef48b05a6df873c8625f632e53ce4fe584cf13f038f1c9ee6965bc3e739f7f,b0cefc07e5f7a18159a9c4ef798571e00b6e5179dd490b4e4f42619d3401adda,success,passed,false,1.0477378925392855e-09,5.364418009801143e-07,5.364419354281225e-07,1.0477378925392855e-09,True,True,steady_execution_v1,1.1502338349964703,0.13043194399870117,0.0059088870002597105,1.2865746659954311,0.14529687200000002,0.11584459799999998,0.13433926200000001,105536,4255808,0.01497115200254484,,,,,,,0.18181662498682272,1.0863758099694678,0.12654571401071735,0.08017957600895897,0.0040141109384421725,0.007068255017657066,0.002607281054224586,0.0,0.0007057919719954953,,,,,,4,4,4,8,1,1,physical_hardware,packed_operation_v1,True,True,True,True,True,False,False,True,True,True,0.998319353178088,0.9942085818974654,1.0,53,1,"[[0,0],[0,1],[0,2],[0,3]]",[0],"[""/dev/dpu_rank1""]"
training,measurement,hs_18q_d1:4dpu_t8,hs_18q_d1,4dpu_t8,e03d5d65a6118ee597f1200afdcd941cdf4e83d0e1447b7b3a199207a7853314,path_e03d5d65a6118ee597f1200afdcd941cdf4e83d0e1447b7b3a199207a7853314,4dpu_t8,3,2,11,d93934225d723072ff950524adf03f0a515dae48227ba87211f6499b72fcb48d,bbb32b82-8413-43ad-bff4-8bda42ecd607,424886cb45ecf2f43b304da76c7333b4720fb882066e04025593821f1eba1e04,8b6ebfbd-1c06-4fb1-b4bf-4d072212375d,68bde98e0696765cd5def2f8b41b686c6a2ffcb0,68bde98e0696765cd5def2f8b41b686c6a2ffcb0,d452106e697890439cfc94fdabfb6a80fb0fccc2,5269bfea2a1777b041e10edf9618ba613d44021ce89b3ff0d95093a81c095b65,ae9ef515059d52d7d85bbddc07c49cabd745c0f6e8e6aea4ffb9ca2d19553eb9,3041c3f6b10c61f860b9191479ab8426d3139ce17a9839fe77b2fbe5492ee655,4cc946feedba2fd8517c36679932644f2fd129a5bd767a9db9ddaaa0e210f7b1,5fa6c6b138a97b54bccda6f343186d78f302df45ae706af31d476683ca9cf363,ee5e1558f4b225a7e6cf19d54fce773699ad3c2fbcd300023795d3612b87b604,56dfa726e07260290a8d9bd5f9553bedef06c396ca7a2a1c14537ab134f1b661,42ef48b05a6df873c8625f632e53ce4fe584cf13f038f1c9ee6965bc3e739f7f,b0cefc07e5f7a18159a9c4ef798571e00b6e5179dd490b4e4f42619d3401adda,success,passed,false,1.0477378925392855e-09,5.364418009801143e-07,5.364419354281225e-07,1.0477378925392855e-09,True,True,steady_execution_v1,1.1655435230022704,0.12823585600199294,0.005714474002161296,1.2994938530064246,0.14402299,0.11668675299999999,0.13559150899999997,105536,4255808,0.015066253992699785,,,,,,,0.1844238969788421,1.1011670739935653,0.12778828199225245,0.08090622485906351,0.004101993028598372,0.007176537990744691,0.0026599569464451633,0.0,0.0007160769673646428,,,,,,4,4,4,8,1,1,physical_hardware,packed_operation_v1,True,True,True,True,True,False,False,True,True,True,0.998319353178088,0.9942085818974654,1.0,53,1,"[[0,0],[0,1],[0,2],[0,3]]",[0],"[""/dev/dpu_rank1""]"
training,warmup,hs_18q_d1:4dpu_t8,hs_18q_d1,4dpu_t8,e69f53f17fabdfaba58d664f1e370a4216829bde473cd84608353c345fb2b4fa,path_e69f53f17fabdfaba58d664f1e370a4216829bde473cd84608353c345fb2b4fa,4dpu_t8,0,0,34,9a81f27726755332d5e58e63787187f51c83788197e13910a6b235e24cfe0f7f,102bf8b1-90bd-4c77-848b-bfd4fc1bb3c6,424886cb45ecf2f43b304da76c7333b4720fb882066e04025593821f1eba1e04,8b6ebfbd-1c06-4fb1-b4bf-4d072212375d,68bde98e0696765cd5def2f8b41b686c6a2ffcb0,68bde98e0696765cd5def2f8b41b686c6a2ffcb0,d452106e697890439cfc94fdabfb6a80fb0fccc2,5269bfea2a1777b041e10edf9618ba613d44021ce89b3ff0d95093a81c095b65,ae9ef515059d52d7d85bbddc07c49cabd745c0f6e8e6aea4ffb9ca2d19553eb9,3041c3f6b10c61f860b9191479ab8426d3139ce17a9839fe77b2fbe5492ee655,4cc946feedba2fd8517c36679932644f2fd129a5bd767a9db9ddaaa0e210f7b1,84de5af9132ad1b88de0ec5f5b7b655a96879f96c703dced9b65683d89223514,fbdeb8ec8834bdf745e3b8446829172d285ac5f4ed7c871cbad34c8d7bf215e6,56dfa726e07260290a8d9bd5f9553bedef06c396ca7a2a1c14537ab134f1b661,42ef48b05a6df873c8625f632e53ce4fe584cf13f038f1c9ee6965bc3e739f7f,b0cefc07e5f7a18159a9c4ef798571e00b6e5179dd490b4e4f42619d3401adda,success,passed,false,1.0477378925392855e-09,5.364418009801143e-07,5.364419354281225e-07,1.0477378925392855e-09,True,True,steady_execution_v1,1.168722346999857,0.13278316799915046,0.005700055000488646,1.3072055699994962,0.149453139,0.11989780999999997,0.13902609700000002,107072,4257344,0.015215836985589704,,,,,,,0.18292125197694986,1.1063715199816215,0.12715347599441884,0.08077423788927263,0.004038923976622755,0.0071087159813032486,0.0026461589186510537,0.0,0.0007260449965542648,,,,,,4,4,4,8,1,1,physical_hardware,packed_operation_v1,True,True,True,True,True,False,False,True,True,True,0.9977834599207189,0.9936681090567979,1.0,53,1,"[[0,0],[0,1],[0,2],[0,3]]",[0],"[""/dev/dpu_rank1""]"
training,measurement,hs_18q_d1:4dpu_t8,hs_18q_d1,4dpu_t8,e69f53f17fabdfaba58d664f1e370a4216829bde473cd84608353c345fb2b4fa,path_e69f53f17fabdfaba58d664f1e370a4216829bde473cd84608353c345fb2b4fa,4dpu_t8,1,0,37,3ad67d48d507b9bd1902c01558ca132481cf573785bf993bf2f8620e8e2e5b2a,170f2756-9d22-4217-b789-3e03ff0213ae,424886cb45ecf2f43b304da76c7333b4720fb882066e04025593821f1eba1e04,8b6ebfbd-1c06-4fb1-b4bf-4d072212375d,68bde98e0696765cd5def2f8b41b686c6a2ffcb0,68bde98e0696765cd5def2f8b41b686c6a2ffcb0,d452106e697890439cfc94fdabfb6a80fb0fccc2,5269bfea2a1777b041e10edf9618ba613d44021ce89b3ff0d95093a81c095b65,ae9ef515059d52d7d85bbddc07c49cabd745c0f6e8e6aea4ffb9ca2d19553eb9,3041c3f6b10c61f860b9191479ab8426d3139ce17a9839fe77b2fbe5492ee655,4cc946feedba2fd8517c36679932644f2fd129a5bd767a9db9ddaaa0e210f7b1,84de5af9132ad1b88de0ec5f5b7b655a96879f96c703dced9b65683d89223514,fbdeb8ec8834bdf745e3b8446829172d285ac5f4ed7c871cbad34c8d7bf215e6,56dfa726e07260290a8d9bd5f9553bedef06c396ca7a2a1c14537ab134f1b661,42ef48b05a6df873c8625f632e53ce4fe584cf13f038f1c9ee6965bc3e739f7f,b0cefc07e5f7a18159a9c4ef798571e00b6e5179dd490b4e4f42619d3401adda,success,passed,false,1.0477378925392855e-09,5.364418009801143e-07,5.364419354281225e-07,1.0477378925392855e-09,True,True,steady_execution_v1,1.1836153930016735,0.13335604000167223,0.005999590001010802,1.3229710230043565,0.145887483,0.11690772499999999,0.129328646,107072,4257344,0.015266553025867324,,,,,,,0.18891159102713573,1.1094513630014262,0.13099586795578944,0.08271680101825041,0.004347267982666381,0.0074485810509941075,0.0028495490369095933,0.0,0.0007303729762497824,,,,,,4,4,4,8,1,1,physical_hardware,packed_operation_v1,True,True,True,True,True,False,False,True,True,True,0.9977834599207189,0.9936681090567979,1.0,53,1,"[[0,0],[0,1],[0,2],[0,3]]",[0],"[""/dev/dpu_rank1""]"
training,measurement,hs_18q_d1:4dpu_t8,hs_18q_d1,4dpu_t8,e69f53f17fabdfaba58d664f1e370a4216829bde473cd84608353c345fb2b4fa,path_e69f53f17fabdfaba58d664f1e370a4216829bde473cd84608353c345fb2b4fa,4dpu_t8,2,1,13,ce40471c4d5839cc2af6fef894ca372663dabfbbc57e32fd3bda92b334b4d3cc,647ddbb4-d480-4858-b6fe-3b0b4addd70b,424886cb45ecf2f43b304da76c7333b4720fb882066e04025593821f1eba1e04,8b6ebfbd-1c06-4fb1-b4bf-4d072212375d,68bde98e0696765cd5def2f8b41b686c6a2ffcb0,68bde98e0696765cd5def2f8b41b686c6a2ffcb0,d452106e697890439cfc94fdabfb6a80fb0fccc2,5269bfea2a1777b041e10edf9618ba613d44021ce89b3ff0d95093a81c095b65,ae9ef515059d52d7d85bbddc07c49cabd745c0f6e8e6aea4ffb9ca2d19553eb9,3041c3f6b10c61f860b9191479ab8426d3139ce17a9839fe77b2fbe5492ee655,4cc946feedba2fd8517c36679932644f2fd129a5bd767a9db9ddaaa0e210f7b1,84de5af9132ad1b88de0ec5f5b7b655a96879f96c703dced9b65683d89223514,fbdeb8ec8834bdf745e3b8446829172d285ac5f4ed7c871cbad34c8d7bf215e6,56dfa726e07260290a8d9bd5f9553bedef06c396ca7a2a1c14537ab134f1b661,42ef48b05a6df873c8625f632e53ce4fe584cf13f038f1c9ee6965bc3e739f7f,b0cefc07e5f7a18159a9c4ef798571e00b6e5179dd490b4e4f42619d3401adda,success,passed,false,1.0477378925392855e-09,5.364418009801143e-07,5.364419354281225e-07,1.0477378925392855e-09,True,True,steady_execution_v1,1.1527170920016943,0.13593120900259237,0.005622446002234938,1.2942707470065216,0.145965717,0.11527366699999998,0.133991986,107072,4257344,0.015215798990539042,,,,,,,0.1820225400297204,1.0893219869831228,0.12639063901951886,0.07992325985833304,0.004028317023767158,0.007091940966347465,0.002644808035256574,0.0,0.0007086279911163729,,,,,,4,4,4,8,1,1,physical_hardware,packed_operation_v1,True,True,True,True,True,False,False,True,True,True,0.9977834599207189,0.9936681090567979,1.0,53,1,"[[0,0],[0,1],[0,2],[0,3]]",[0],"[""/dev/dpu_rank1""]"
training,measurement,hs_18q_d1:4dpu_t8,hs_18q_d1,4dpu_t8,e69f53f17fabdfaba58d664f1e370a4216829bde473cd84608353c345fb2b4fa,path_e69f53f17fabdfaba58d664f1e370a4216829bde473cd84608353c345fb2b4fa,4dpu_t8,3,2,14,300c2d270aa1772a78f82cc3a9aed19761761d682ee172511d09813d940e5c64,fbe26e02-c3fb-4254-b6e9-b7dd52bb99e0,424886cb45ecf2f43b304da76c7333b4720fb882066e04025593821f1eba1e04,8b6ebfbd-1c06-4fb1-b4bf-4d072212375d,68bde98e0696765cd5def2f8b41b686c6a2ffcb0,68bde98e0696765cd5def2f8b41b686c6a2ffcb0,d452106e697890439cfc94fdabfb6a80fb0fccc2,5269bfea2a1777b041e10edf9618ba613d44021ce89b3ff0d95093a81c095b65,ae9ef515059d52d7d85bbddc07c49cabd745c0f6e8e6aea4ffb9ca2d19553eb9,3041c3f6b10c61f860b9191479ab8426d3139ce17a9839fe77b2fbe5492ee655,4cc946feedba2fd8517c36679932644f2fd129a5bd767a9db9ddaaa0e210f7b1,84de5af9132ad1b88de0ec5f5b7b655a96879f96c703dced9b65683d89223514,fbdeb8ec8834bdf745e3b8446829172d285ac5f4ed7c871cbad34c8d7bf215e6,56dfa726e07260290a8d9bd5f9553bedef06c396ca7a2a1c14537ab134f1b661,42ef48b05a6df873c8625f632e53ce4fe584cf13f038f1c9ee6965bc3e739f7f,b0cefc07e5f7a18159a9c4ef798571e00b6e5179dd490b4e4f42619d3401adda,success,passed,false,1.0477378925392855e-09,5.364418009801143e-07,5.364419354281225e-07,1.0477378925392855e-09,True,True,steady_execution_v1,1.1555404089995136,0.12822585799949593,0.006379320002452005,1.2901455870014615,0.14853860000000002,0.11442440600000003,0.13551911600000002,107072,4257344,0.015282506996300071,,,,,,,0.1827076579866116,1.0920423030001984,0.1263336970259843,0.07983090399284265,0.004074769043654669,0.007110887996532256,0.002640408980369102,0.0,0.0007293060043593869,,,,,,4,4,4,8,1,1,physical_hardware,packed_operation_v1,True,True,True,True,True,False,False,True,True,True,0.9977834599207189,0.9936681090567979,1.0,53,1,"[[0,0],[0,1],[0,2],[0,3]]",[0],"[""/dev/dpu_rank1""]"
training,warmup,quantization_stress_18q_l2:1dpu_t8,quantization_stress_18q_l2,1dpu_t8,2eb807e063945083b04ae8fe3a72afca4e2a2b97d37dc739805c462caa388747,path_2eb807e063945083b04ae8fe3a72afca4e2a2b97d37dc739805c462caa388747,1dpu_t8,0,0,37,8f21280210b6fb0940c12d5d4e50670c461bcfa2989f82727b1c747fead50f31,7e8bbbf5-1ff0-4d2a-bfe6-a130ea7e8318,424886cb45ecf2f43b304da76c7333b4720fb882066e04025593821f1eba1e04,8b6ebfbd-1c06-4fb1-b4bf-4d072212375d,68bde98e0696765cd5def2f8b41b686c6a2ffcb0,68bde98e0696765cd5def2f8b41b686c6a2ffcb0,d452106e697890439cfc94fdabfb6a80fb0fccc2,5269bfea2a1777b041e10edf9618ba613d44021ce89b3ff0d95093a81c095b65,ae9ef515059d52d7d85bbddc07c49cabd745c0f6e8e6aea4ffb9ca2d19553eb9,d816fc52d21316c43ebbad0fed5385f66efef152952edc10bbd8b6036e40f36e,d3ead09e35217f5c7018de48f15145dd08d8aeb9f89812a0028c03c12a39ac15,c6a00b964c6ee0153b7c9419483267c078693159d70eda491ecd6f0075c093f4,a6ee8a52b9c89db9ef2b891ab0b8ef788f8198ab1b8afba7fbd8cc13b3f6cf61,56dfa726e07260290a8d9bd5f9553bedef06c396ca7a2a1c14537ab134f1b661,42ef48b05a6df873c8625f632e53ce4fe584cf13f038f1c9ee6965bc3e739f7f,10ebb68c971127f5a76cab999bc12c9d31159a9d5f66200629f3c0127657b163,success,passed,false,4.085070049963842e-07,1.1693813228842473e-06,1.145340963071284e-06,4.0483372105860426e-07,True,True,steady_execution_v1,5.876051113998983,1.703321949000383,0.007373626998742111,7.586746689998108,3.7135571709999997,0.19560676899999999,0.21809939299999997,385056,4447584,0.044088107999414206,,,,,,,0.36087192097329535,5.717540715984796,0.20484462002059445,0.07617976707115304,0.011457125983724836,0.009713837978779338,0.004535090010904241,0.0,0.0016181620303541422,,,,,,1,1,1,8,1,1,physical_hardware,packed_operation_v1,True,True,True,True,True,False,False,True,True,True,0.9997092974812571,1.0,1.0,144,144,"[[0,0]]",[0],"[""/dev/dpu_rank1""]"
training,measurement,quantization_stress_18q_l2:1dpu_t8,quantization_stress_18q_l2,1dpu_t8,2eb807e063945083b04ae8fe3a72afca4e2a2b97d37dc739805c462caa388747,path_2eb807e063945083b04ae8fe3a72afca4e2a2b97d37dc739805c462caa388747,1dpu_t8,1,0,5,c6199acbc976cd94017e72480dfc9d97bccc9744c24b77101a9a366b3ebb5e39,c02f8573-2137-4840-9b04-188d96df2341,424886cb45ecf2f43b304da76c7333b4720fb882066e04025593821f1eba1e04,8b6ebfbd-1c06-4fb1-b4bf-4d072212375d,68bde98e0696765cd5def2f8b41b686c6a2ffcb0,68bde98e0696765cd5def2f8b41b686c6a2ffcb0,d452106e697890439cfc94fdabfb6a80fb0fccc2,5269bfea2a1777b041e10edf9618ba613d44021ce89b3ff0d95093a81c095b65,ae9ef515059d52d7d85bbddc07c49cabd745c0f6e8e6aea4ffb9ca2d19553eb9,d816fc52d21316c43ebbad0fed5385f66efef152952edc10bbd8b6036e40f36e,d3ead09e35217f5c7018de48f15145dd08d8aeb9f89812a0028c03c12a39ac15,c6a00b964c6ee0153b7c9419483267c078693159d70eda491ecd6f0075c093f4,a6ee8a52b9c89db9ef2b891ab0b8ef788f8198ab1b8afba7fbd8cc13b3f6cf61,56dfa726e07260290a8d9bd5f9553bedef06c396ca7a2a1c14537ab134f1b661,42ef48b05a6df873c8625f632e53ce4fe584cf13f038f1c9ee6965bc3e739f7f,10ebb68c971127f5a76cab999bc12c9d31159a9d5f66200629f3c0127657b163,success,passed,false,4.085070049963842e-07,1.1693813228842473e-06,1.145340963071284e-06,4.0483372105860426e-07,True,True,steady_execution_v1,5.691847891001089,1.7083606670021254,0.008349371997610433,7.408557930000825,3.7223055940000003,0.18905533899999996,0.17758845099999998,385056,4447584,0.041267355994932586,,,,,,,0.33299779905428295,5.548952230004943,0.1878181070314895,0.06915754304282018,0.0106316389683343,0.00901022403195384,0.0030340230114234146,0.0,0.0014871830026095267,,,,,,1,1,1,8,1,1,physical_hardware,packed_operation_v1,True,True,True,True,True,False,False,True,True,True,0.9997092974812571,1.0,1.0,144,144,"[[0,0]]",[0],"[""/dev/dpu_rank1""]"
training,measurement,quantization_stress_18q_l2:1dpu_t8,quantization_stress_18q_l2,1dpu_t8,2eb807e063945083b04ae8fe3a72afca4e2a2b97d37dc739805c462caa388747,path_2eb807e063945083b04ae8fe3a72afca4e2a2b97d37dc739805c462caa388747,1dpu_t8,2,1,37,9e06ce48bff7a5e921f5fcc160a4390a7e66412eb1f136dc489d65aa217ffc99,7269ba23-4e85-4c18-a9d6-57679cf6335a,424886cb45ecf2f43b304da76c7333b4720fb882066e04025593821f1eba1e04,8b6ebfbd-1c06-4fb1-b4bf-4d072212375d,68bde98e0696765cd5def2f8b41b686c6a2ffcb0,68bde98e0696765cd5def2f8b41b686c6a2ffcb0,d452106e697890439cfc94fdabfb6a80fb0fccc2,5269bfea2a1777b041e10edf9618ba613d44021ce89b3ff0d95093a81c095b65,ae9ef515059d52d7d85bbddc07c49cabd745c0f6e8e6aea4ffb9ca2d19553eb9,d816fc52d21316c43ebbad0fed5385f66efef152952edc10bbd8b6036e40f36e,d3ead09e35217f5c7018de48f15145dd08d8aeb9f89812a0028c03c12a39ac15,c6a00b964c6ee0153b7c9419483267c078693159d70eda491ecd6f0075c093f4,a6ee8a52b9c89db9ef2b891ab0b8ef788f8198ab1b8afba7fbd8cc13b3f6cf61,56dfa726e07260290a8d9bd5f9553bedef06c396ca7a2a1c14537ab134f1b661,42ef48b05a6df873c8625f632e53ce4fe584cf13f038f1c9ee6965bc3e739f7f,10ebb68c971127f5a76cab999bc12c9d31159a9d5f66200629f3c0127657b163,success,passed,false,4.085070049963842e-07,1.1693813228842473e-06,1.145340963071284e-06,4.0483372105860426e-07,True,True,steady_execution_v1,5.871426721998432,1.6990507160007837,0.007813177002390148,7.578290615001606,3.7133463410000003,0.1934994849999999,0.191089802,385056,4447584,0.04529924099915661,,,,,,,0.37093581094814,5.707266820976656,0.2116640800559253,0.07845043202542001,0.011897691016201861,0.010061461969598895,0.004675255971960723,0.0,0.0016721660540497396,,,,,,1,1,1,8,1,1,physical_hardware,packed_operation_v1,True,True,True,True,True,False,False,True,True,True,0.9997092974812571,1.0,1.0,144,144,"[[0,0]]",[0],"[""/dev/dpu_rank1""]"
training,measurement,quantization_stress_18q_l2:1dpu_t8,quantization_stress_18q_l2,1dpu_t8,2eb807e063945083b04ae8fe3a72afca4e2a2b97d37dc739805c462caa388747,path_2eb807e063945083b04ae8fe3a72afca4e2a2b97d37dc739805c462caa388747,1dpu_t8,3,2,23,dbbe8dd0ef9cf9ab2f953b861718253f04f8697636505c1a14937ccceaaf5a1d,00068065-7aed-4383-9d9e-10ea6c5c7b54,424886cb45ecf2f43b304da76c7333b4720fb882066e04025593821f1eba1e04,8b6ebfbd-1c06-4fb1-b4bf-4d072212375d,68bde98e0696765cd5def2f8b41b686c6a2ffcb0,68bde98e0696765cd5def2f8b41b686c6a2ffcb0,d452106e697890439cfc94fdabfb6a80fb0fccc2,5269bfea2a1777b041e10edf9618ba613d44021ce89b3ff0d95093a81c095b65,ae9ef515059d52d7d85bbddc07c49cabd745c0f6e8e6aea4ffb9ca2d19553eb9,d816fc52d21316c43ebbad0fed5385f66efef152952edc10bbd8b6036e40f36e,d3ead09e35217f5c7018de48f15145dd08d8aeb9f89812a0028c03c12a39ac15,c6a00b964c6ee0153b7c9419483267c078693159d70eda491ecd6f0075c093f4,a6ee8a52b9c89db9ef2b891ab0b8ef788f8198ab1b8afba7fbd8cc13b3f6cf61,56dfa726e07260290a8d9bd5f9553bedef06c396ca7a2a1c14537ab134f1b661,42ef48b05a6df873c8625f632e53ce4fe584cf13f038f1c9ee6965bc3e739f7f,10ebb68c971127f5a76cab999bc12c9d31159a9d5f66200629f3c0127657b163,success,passed,false,4.085070049963842e-07,1.1693813228842473e-06,1.145340963071284e-06,4.0483372105860426e-07,True,True,steady_execution_v1,5.901213364999421,1.6922636529998272,0.01066717100184178,7.60414418900109,3.727796525,0.19811428600000006,0.22011111,385056,4447584,0.04364467699997476,,,,,,,0.3635515529749682,5.743022796006699,0.2062699790476472,0.07626303389770328,0.01152466199346236,0.009761351928318618,0.004402849033795064,0.0,0.0016321509829140268,,,,,,1,1,1,8,1,1,physical_hardware,packed_operation_v1,True,True,True,True,True,False,False,True,True,True,0.9997092974812571,1.0,1.0,144,144,"[[0,0]]",[0],"[""/dev/dpu_rank1""]"
training,warmup,quantization_stress_18q_l2:1dpu_t8,quantization_stress_18q_l2,1dpu_t8,348d3fb5c4d401742575f7e9ce41a5ff1fb8415c2010311fb6b13a9bb52d2de8,path_348d3fb5c4d401742575f7e9ce41a5ff1fb8415c2010311fb6b13a9bb52d2de8,1dpu_t8,0,0,33,45bf7f3965131a83242bdbd9c1a3e0e937d66ae68b8830d09747965dbb115fec,ade26c7d-d5bf-4187-a887-b0a2e8c7aa17,424886cb45ecf2f43b304da76c7333b4720fb882066e04025593821f1eba1e04,8b6ebfbd-1c06-4fb1-b4bf-4d072212375d,68bde98e0696765cd5def2f8b41b686c6a2ffcb0,68bde98e0696765cd5def2f8b41b686c6a2ffcb0,d452106e697890439cfc94fdabfb6a80fb0fccc2,5269bfea2a1777b041e10edf9618ba613d44021ce89b3ff0d95093a81c095b65,ae9ef515059d52d7d85bbddc07c49cabd745c0f6e8e6aea4ffb9ca2d19553eb9,d816fc52d21316c43ebbad0fed5385f66efef152952edc10bbd8b6036e40f36e,d3ead09e35217f5c7018de48f15145dd08d8aeb9f89812a0028c03c12a39ac15,f4cc316f399f6dd00f2b78e55943492235e3cb8760463e2065d8c4900a5f5fe3,fba11248bf5ef571848a733fd8b50e70830bf2d3cdea35fadf459feee5b69fb8,56dfa726e07260290a8d9bd5f9553bedef06c396ca7a2a1c14537ab134f1b661,42ef48b05a6df873c8625f632e53ce4fe584cf13f038f1c9ee6965bc3e739f7f,ef432f58f54d9e12d5b1e787a8d6624f7597d3307f42eca71b43cf9a9ba2ed64,success,passed,false,4.7434520696597536e-07,1.2967697925544046e-06,1.2771937784039622e-06,4.7420253942713076e-07,True,True,steady_execution_v1,4.881266093001614,1.8050873590000265,0.008954478998930426,6.6953079310005705,2.687117451,0.19585340099999998,0.216587205,258624,4353920,0.04553127602048335,,,,,,,0.3561856050073402,4.721514054963336,0.20264455799406278,0.07486070494996966,0.011549616985575994,0.009754237020388246,0.003382011938811047,0.0,0.0016041789749579038,,,,,,1,1,1,8,1,1,physical_hardware,packed_operation_v1,True,True,True,True,True,False,False,True,True,True,0.9975534566930302,1.0,1.0,144,144,"[[0,0]]",[0],"[""/dev/dpu_rank1""]"
training,measurement,quantization_stress_18q_l2:1dpu_t8,quantization_stress_18q_l2,1dpu_t8,348d3fb5c4d401742575f7e9ce41a5ff1fb8415c2010311fb6b13a9bb52d2de8,path_348d3fb5c4d401742575f7e9ce41a5ff1fb8415c2010311fb6b13a9bb52d2de8,1dpu_t8,1,0,33,6e820dc76a04a215f1502eadbc8d61ba4a2a6c7a6db24bb0272c662ec8e9fee2,55d5a3b6-9a64-4abc-98b8-352d1d2bb7aa,424886cb45ecf2f43b304da76c7333b4720fb882066e04025593821f1eba1e04,8b6ebfbd-1c06-4fb1-b4bf-4d072212375d,68bde98e0696765cd5def2f8b41b686c6a2ffcb0,68bde98e0696765cd5def2f8b41b686c6a2ffcb0,d452106e697890439cfc94fdabfb6a80fb0fccc2,5269bfea2a1777b041e10edf9618ba613d44021ce89b3ff0d95093a81c095b65,ae9ef515059d52d7d85bbddc07c49cabd745c0f6e8e6aea4ffb9ca2d19553eb9,d816fc52d21316c43ebbad0fed5385f66efef152952edc10bbd8b6036e40f36e,d3ead09e35217f5c7018de48f15145dd08d8aeb9f89812a0028c03c12a39ac15,f4cc316f399f6dd00f2b78e55943492235e3cb8760463e2065d8c4900a5f5fe3,fba11248bf5ef571848a733fd8b50e70830bf2d3cdea35fadf459feee5b69fb8,56dfa726e07260290a8d9bd5f9553bedef06c396ca7a2a1c14537ab134f1b661,42ef48b05a6df873c8625f632e53ce4fe584cf13f038f1c9ee6965bc3e739f7f,ef432f58f54d9e12d5b1e787a8d6624f7597d3307f42eca71b43cf9a9ba2ed64,success,passed,false,4.7434520696597536e-07,1.2967697925544046e-06,1.2771937784039622e-06,4.7420253942713076e-07,True,True,steady_execution_v1,4.876735563000693,1.8375982559991826,0.007862166999984765,6.722195985999861,2.678867,0.19660560900000007,0.21639368900000006,258624,4353920,0.04565248699509539,,,,,,,0.35721206098241964,4.717667483007972,0.20392223593444214,0.07527043988375226,0.011540105027961545,0.009777852970728418,0.003499001970340032,0.0,0.001616845987882698,,,,,,1,1,1,8,1,1,physical_hardware,packed_operation_v1,True,True,True,True,True,False,False,True,True,True,0.9975534566930302,1.0,1.0,144,144,"[[0,0]]",[0],"[""/dev/dpu_rank1""]"
training,measurement,quantization_stress_18q_l2:1dpu_t8,quantization_stress_18q_l2,1dpu_t8,348d3fb5c4d401742575f7e9ce41a5ff1fb8415c2010311fb6b13a9bb52d2de8,path_348d3fb5c4d401742575f7e9ce41a5ff1fb8415c2010311fb6b13a9bb52d2de8,1dpu_t8,2,1,31,f55c9aa6fc63e60ee4476f65529fb7a56cc278742386f4dea87f360df366c775,3bf2bad2-1312-40f5-8b67-0d27591374a6,424886cb45ecf2f43b304da76c7333b4720fb882066e04025593821f1eba1e04,8b6ebfbd-1c06-4fb1-b4bf-4d072212375d,68bde98e0696765cd5def2f8b41b686c6a2ffcb0,68bde98e0696765cd5def2f8b41b686c6a2ffcb0,d452106e697890439cfc94fdabfb6a80fb0fccc2,5269bfea2a1777b041e10edf9618ba613d44021ce89b3ff0d95093a81c095b65,ae9ef515059d52d7d85bbddc07c49cabd745c0f6e8e6aea4ffb9ca2d19553eb9,d816fc52d21316c43ebbad0fed5385f66efef152952edc10bbd8b6036e40f36e,d3ead09e35217f5c7018de48f15145dd08d8aeb9f89812a0028c03c12a39ac15,f4cc316f399f6dd00f2b78e55943492235e3cb8760463e2065d8c4900a5f5fe3,fba11248bf5ef571848a733fd8b50e70830bf2d3cdea35fadf459feee5b69fb8,56dfa726e07260290a8d9bd5f9553bedef06c396ca7a2a1c14537ab134f1b661,42ef48b05a6df873c8625f632e53ce4fe584cf13f038f1c9ee6965bc3e739f7f,ef432f58f54d9e12d5b1e787a8d6624f7597d3307f42eca71b43cf9a9ba2ed64,success,passed,false,4.7434520696597536e-07,1.2967697925544046e-06,1.2771937784039622e-06,4.7420253942713076e-07,True,True,steady_execution_v1,4.837390945998777,1.806131841000024,0.007553750998340547,6.651076537997142,2.687417998,0.200897704,0.221199227,258624,4353920,0.04482579102477757,,,,,,,0.35524302701014676,4.674499334018037,0.20277073803299572,0.07459434906922979,0.011685641038639005,0.00968832295257016,0.0034233130390930455,0.0,0.0015975470596458763,,,,,,1,1,1,8,1,1,physical_hardware,packed_operation_v1,True,True,True,True,True,False,False,True,True,True,0.9975534566930302,1.0,1.0,144,144,"[[0,0]]",[0],"[""/dev/dpu_rank1""]"
training,measurement,quantization_stress_18q_l2:1dpu_t8,quantization_stress_18q_l2,1dpu_t8,348d3fb5c4d401742575f7e9ce41a5ff1fb8415c2010311fb6b13a9bb52d2de8,path_348d3fb5c4d401742575f7e9ce41a5ff1fb8415c2010311fb6b13a9bb52d2de8,1dpu_t8,3,2,4,3f3dfc30ad9a3db78fa5aa51c23fb45aae8485f8ce9dec4358d3117aaa4417a3,8a74bf2c-a1ae-4794-8ab1-3386c65cfca7,424886cb45ecf2f43b304da76c7333b4720fb882066e04025593821f1eba1e04,8b6ebfbd-1c06-4fb1-b4bf-4d072212375d,68bde98e0696765cd5def2f8b41b686c6a2ffcb0,68bde98e0696765cd5def2f8b41b686c6a2ffcb0,d452106e697890439cfc94fdabfb6a80fb0fccc2,5269bfea2a1777b041e10edf9618ba613d44021ce89b3ff0d95093a81c095b65,ae9ef515059d52d7d85bbddc07c49cabd745c0f6e8e6aea4ffb9ca2d19553eb9,d816fc52d21316c43ebbad0fed5385f66efef152952edc10bbd8b6036e40f36e,d3ead09e35217f5c7018de48f15145dd08d8aeb9f89812a0028c03c12a39ac15,f4cc316f399f6dd00f2b78e55943492235e3cb8760463e2065d8c4900a5f5fe3,fba11248bf5ef571848a733fd8b50e70830bf2d3cdea35fadf459feee5b69fb8,56dfa726e07260290a8d9bd5f9553bedef06c396ca7a2a1c14537ab134f1b661,42ef48b05a6df873c8625f632e53ce4fe584cf13f038f1c9ee6965bc3e739f7f,ef432f58f54d9e12d5b1e787a8d6624f7597d3307f42eca71b43cf9a9ba2ed64,success,passed,false,4.7434520696597536e-07,1.2967697925544046e-06,1.2771937784039622e-06,4.7420253942713076e-07,True,True,steady_execution_v1,4.813966679001169,1.8113361579999037,0.010889158998907078,6.6361919959999796,2.682914145,0.19835138300000008,0.217012457,258624,4353920,0.04448277297342429,,,,,,,0.35503949698249926,4.6567988760180015,0.20326249298159382,0.07549791692144936,0.011559820974071044,0.009708061952551361,0.003395866046048468,0.0,0.0015982849690772127,,,,,,1,1,1,8,1,1,physical_hardware,packed_operation_v1,True,True,True,True,True,False,False,True,True,True,0.9975534566930302,1.0,1.0,144,144,"[[0,0]]",[0],"[""/dev/dpu_rank1""]"
training,warmup,quantization_stress_18q_l2:1dpu_t8,quantization_stress_18q_l2,1dpu_t8,9d1e1ae9a325d84cef97b0fd9beffa9d4b3d783f00a4e38f6fce3a17114d3abb,path_9d1e1ae9a325d84cef97b0fd9beffa9d4b3d783f00a4e38f6fce3a17114d3abb,1dpu_t8,0,0,31,8d331422456f794b38a0a23749172705a015f7801157d11af615b7001793e09d,4b706ac6-1906-402b-93f7-4f21d5d51d3f,424886cb45ecf2f43b304da76c7333b4720fb882066e04025593821f1eba1e04,8b6ebfbd-1c06-4fb1-b4bf-4d072212375d,68bde98e0696765cd5def2f8b41b686c6a2ffcb0,68bde98e0696765cd5def2f8b41b686c6a2ffcb0,d452106e697890439cfc94fdabfb6a80fb0fccc2,5269bfea2a1777b041e10edf9618ba613d44021ce89b3ff0d95093a81c095b65,ae9ef515059d52d7d85bbddc07c49cabd745c0f6e8e6aea4ffb9ca2d19553eb9,d816fc52d21316c43ebbad0fed5385f66efef152952edc10bbd8b6036e40f36e,d3ead09e35217f5c7018de48f15145dd08d8aeb9f89812a0028c03c12a39ac15,070ab06a1a0108c764e55b9e42b7df0c1f5c8868071fa444958ddaaf38fd46b6,e8df7bae62c8613da0647768cbb41b3e79725ef88880ce56c3750918a906b64c,56dfa726e07260290a8d9bd5f9553bedef06c396ca7a2a1c14537ab134f1b661,42ef48b05a6df873c8625f632e53ce4fe584cf13f038f1c9ee6965bc3e739f7f,7034d41c9df8fa3816d86d18c6b55da20aa02f4ca6bf7ae05ae302a1ca8f2dbc,success,passed,false,4.7164556502089596e-07,1.2127505813966637e-06,1.1837385694990488e-06,4.7037890907216813e-07,True,True,steady_execution_v1,4.760973055999784,0.7059542669994698,0.01162379599918495,5.478551118998439,2.6515717530000003,0.19020444900000005,0.21508341199999997,231168,4326464,0.04321000303752953,,,,,,,0.35032753493942437,4.604503953964013,0.20006518899390358,0.07480888000281993,0.011344084952725098,0.009425915992324008,0.0030692340260429773,0.0,0.001626748013222823,,,,,,1,1,1,8,1,1,physical_hardware,packed_operation_v1,True,True,True,True,True,False,False,True,True,True,0.99913066974768,1.0,1.0,144,144,"[[0,0]]",[0],"[""/dev/dpu_rank1""]"
training,measurement,quantization_stress_18q_l2:1dpu_t8,quantization_stress_18q_l2,1dpu_t8,9d1e1ae9a325d84cef97b0fd9beffa9d4b3d783f00a4e38f6fce3a17114d3abb,path_9d1e1ae9a325d84cef97b0fd9beffa9d4b3d783f00a4e38f6fce3a17114d3abb,1dpu_t8,1,0,42,ccac73527f621d87fe90b46ed5088ff25324ca941f27e755358e6cd50f420232,f3bffec3-30e5-4f64-a0cc-20cce160e033,424886cb45ecf2f43b304da76c7333b4720fb882066e04025593821f1eba1e04,8b6ebfbd-1c06-4fb1-b4bf-4d072212375d,68bde98e0696765cd5def2f8b41b686c6a2ffcb0,68bde98e0696765cd5def2f8b41b686c6a2ffcb0,d452106e697890439cfc94fdabfb6a80fb0fccc2,5269bfea2a1777b041e10edf9618ba613d44021ce89b3ff0d95093a81c095b65,ae9ef515059d52d7d85bbddc07c49cabd745c0f6e8e6aea4ffb9ca2d19553eb9,d816fc52d21316c43ebbad0fed5385f66efef152952edc10bbd8b6036e40f36e,d3ead09e35217f5c7018de48f15145dd08d8aeb9f89812a0028c03c12a39ac15,070ab06a1a0108c764e55b9e42b7df0c1f5c8868071fa444958ddaaf38fd46b6,e8df7bae62c8613da0647768cbb41b3e79725ef88880ce56c3750918a906b64c,56dfa726e07260290a8d9bd5f9553bedef06c396ca7a2a1c14537ab134f1b661,42ef48b05a6df873c8625f632e53ce4fe584cf13f038f1c9ee6965bc3e739f7f,7034d41c9df8fa3816d86d18c6b55da20aa02f4ca6bf7ae05ae302a1ca8f2dbc,success,passed,false,4.7164556502089596e-07,1.2127505813966637e-06,1.1837385694990488e-06,4.7037890907216813e-07,True,True,steady_execution_v1,4.766350835001504,0.6732917160006764,0.007950880000862526,5.4475934310030425,2.653579915,0.19114713000000005,0.21598194599999998,231168,4326464,0.04285716702361242,,,,,,,0.3491748810847639,4.612034245979885,0.1982624289994419,0.07317662593777641,0.011285842087090714,0.00954824097789242,0.00314056596471346,0.0,0.001600881001650123,,,,,,1,1,1,8,1,1,physical_hardware,packed_operation_v1,True,True,True,True,True,False,False,True,True,True,0.99913066974768,1.0,1.0,144,144,"[[0,0]]",[0],"[""/dev/dpu_rank1""]"
training,measurement,quantization_stress_18q_l2:1dpu_t8,quantization_stress_18q_l2,1dpu_t8,9d1e1ae9a325d84cef97b0fd9beffa9d4b3d783f00a4e38f6fce3a17114d3abb,path_9d1e1ae9a325d84cef97b0fd9beffa9d4b3d783f00a4e38f6fce3a17114d3abb,1dpu_t8,2,1,8,301c8aa178d0f8a8d6033c9a0158914011973511bce2f7898e9c22b0d9ef0cbc,25c86ed7-0af6-43a6-a55e-3689a4435feb,424886cb45ecf2f43b304da76c7333b4720fb882066e04025593821f1eba1e04,8b6ebfbd-1c06-4fb1-b4bf-4d072212375d,68bde98e0696765cd5def2f8b41b686c6a2ffcb0,68bde98e0696765cd5def2f8b41b686c6a2ffcb0,d452106e697890439cfc94fdabfb6a80fb0fccc2,5269bfea2a1777b041e10edf9618ba613d44021ce89b3ff0d95093a81c095b65,ae9ef515059d52d7d85bbddc07c49cabd745c0f6e8e6aea4ffb9ca2d19553eb9,d816fc52d21316c43ebbad0fed5385f66efef152952edc10bbd8b6036e40f36e,d3ead09e35217f5c7018de48f15145dd08d8aeb9f89812a0028c03c12a39ac15,070ab06a1a0108c764e55b9e42b7df0c1f5c8868071fa444958ddaaf38fd46b6,e8df7bae62c8613da0647768cbb41b3e79725ef88880ce56c3750918a906b64c,56dfa726e07260290a8d9bd5f9553bedef06c396ca7a2a1c14537ab134f1b661,42ef48b05a6df873c8625f632e53ce4fe584cf13f038f1c9ee6965bc3e739f7f,7034d41c9df8fa3816d86d18c6b55da20aa02f4ca6bf7ae05ae302a1ca8f2dbc,success,passed,false,4.7164556502089596e-07,1.2127505813966637e-06,1.1837385694990488e-06,4.7037890907216813e-07,True,True,steady_execution_v1,4.771204406999459,0.6775618989995564,0.008034048001718475,5.456800354000734,2.650718257,0.19041364000000008,0.213995386,231168,4326464,0.043532749008591054,,,,,,,0.3530997239831777,4.616018718032137,0.20079656604139018,0.0741364540081122,0.011515405942191137,0.00966831009282032,0.003114920029474888,0.0,0.0016323129457305185,,,,,,1,1,1,8,1,1,physical_hardware,packed_operation_v1,True,True,True,True,True,False,False,True,True,True,0.99913066974768,1.0,1.0,144,144,"[[0,0]]",[0],"[""/dev/dpu_rank1""]"
training,measurement,quantization_stress_18q_l2:1dpu_t8,quantization_stress_18q_l2,1dpu_t8,9d1e1ae9a325d84cef97b0fd9beffa9d4b3d783f00a4e38f6fce3a17114d3abb,path_9d1e1ae9a325d84cef97b0fd9beffa9d4b3d783f00a4e38f6fce3a17114d3abb,1dpu_t8,3,2,24,ce745814de60a593976d01f9757579bfc8158b00f60a39a9f86b2e3c867b9a6a,3388e487-6e06-4596-b9d5-564a5e138c60,424886cb45ecf2f43b304da76c7333b4720fb882066e04025593821f1eba1e04,8b6ebfbd-1c06-4fb1-b4bf-4d072212375d,68bde98e0696765cd5def2f8b41b686c6a2ffcb0,68bde98e0696765cd5def2f8b41b686c6a2ffcb0,d452106e697890439cfc94fdabfb6a80fb0fccc2,5269bfea2a1777b041e10edf9618ba613d44021ce89b3ff0d95093a81c095b65,ae9ef515059d52d7d85bbddc07c49cabd745c0f6e8e6aea4ffb9ca2d19553eb9,d816fc52d21316c43ebbad0fed5385f66efef152952edc10bbd8b6036e40f36e,d3ead09e35217f5c7018de48f15145dd08d8aeb9f89812a0028c03c12a39ac15,070ab06a1a0108c764e55b9e42b7df0c1f5c8868071fa444958ddaaf38fd46b6,e8df7bae62c8613da0647768cbb41b3e79725ef88880ce56c3750918a906b64c,56dfa726e07260290a8d9bd5f9553bedef06c396ca7a2a1c14537ab134f1b661,42ef48b05a6df873c8625f632e53ce4fe584cf13f038f1c9ee6965bc3e739f7f,7034d41c9df8fa3816d86d18c6b55da20aa02f4ca6bf7ae05ae302a1ca8f2dbc,success,passed,false,4.7164556502089596e-07,1.2127505813966637e-06,1.1837385694990488e-06,4.7037890907216813e-07,True,True,steady_execution_v1,4.639659866999864,0.687469828997564,0.008589159002440283,5.335718854999868,2.649448284,0.191597853,0.21271831100000005,231168,4326464,0.04215062899675104,,,,,,,0.3337209759702091,4.493549832037388,0.18910652295744512,0.06969310492058867,0.010862688017368782,0.00905800299733528,0.0026622379809850827,0.0,0.0015557709848508239,,,,,,1,1,1,8,1,1,physical_hardware,packed_operation_v1,True,True,True,True,True,False,False,True,True,True,0.99913066974768,1.0,1.0,144,144,"[[0,0]]",[0],"[""/dev/dpu_rank1""]"
training,warmup,quantization_stress_18q_l2:1dpu_t8,quantization_stress_18q_l2,1dpu_t8,b9ba7e7f9f7faa942ecf55bc10c6f9a9488b0e3dcf87233bed822bea2416c816,path_b9ba7e7f9f7faa942ecf55bc10c6f9a9488b0e3dcf87233bed822bea2416c816,1dpu_t8,0,0,10,d8e720f5125070eb8047285bcee6e27387fdf967a6cf4afa9e3b60c28ede7d8c,2f39bea6-1ce8-492c-94b9-e131b532a370,424886cb45ecf2f43b304da76c7333b4720fb882066e04025593821f1eba1e04,8b6ebfbd-1c06-4fb1-b4bf-4d072212375d,68bde98e0696765cd5def2f8b41b686c6a2ffcb0,68bde98e0696765cd5def2f8b41b686c6a2ffcb0,d452106e697890439cfc94fdabfb6a80fb0fccc2,5269bfea2a1777b041e10edf9618ba613d44021ce89b3ff0d95093a81c095b65,ae9ef515059d52d7d85bbddc07c49cabd745c0f6e8e6aea4ffb9ca2d19553eb9,d816fc52d21316c43ebbad0fed5385f66efef152952edc10bbd8b6036e40f36e,d3ead09e35217f5c7018de48f15145dd08d8aeb9f89812a0028c03c12a39ac15,d504919e20d95bac608dd906d46abb122f9680873679710b0584e71981648fb5,d8cc3207a594c610fad9da180b8ab8c68068a72779783d8b04040446003e64ed,56dfa726e07260290a8d9bd5f9553bedef06c396ca7a2a1c14537ab134f1b661,42ef48b05a6df873c8625f632e53ce4fe584cf13f038f1c9ee6965bc3e739f7f,8ef311f6474d6b269416ab306fa5756a75409dbae1d1c9fd4a40d03d93958774,success,passed,false,5.069595701844001e-07,1.4504583095312887e-06,1.4301891453349924e-06,5.070670490927207e-07,True,True,steady_execution_v1,6.686493754998082,0.3816880399972433,0.013394312998570967,7.081576107993897,3.577974835,0.33560098799999993,0.34282081799999997,1592352,5660256,0.047188816006382694,,,,,,,0.47443095001290203,6.513034296996921,0.3023438860072929,0.11281203903490677,0.01717590999760432,0.013986959966132417,0.00827398000183166,0.0,0.0023786420679243747,,,,,,1,1,1,8,1,1,physical_hardware,packed_operation_v1,True,True,True,True,True,False,False,True,True,True,0.9986201430603744,1.0,1.0,222,222,"[[0,0]]",[0],"[""/dev/dpu_rank1""]"
training,measurement,quantization_stress_18q_l2:1dpu_t8,quantization_stress_18q_l2,1dpu_t8,b9ba7e7f9f7faa942ecf55bc10c6f9a9488b0e3dcf87233bed822bea2416c816,path_b9ba7e7f9f7faa942ecf55bc10c6f9a9488b0e3dcf87233bed822bea2416c816,1dpu_t8,1,0,38,6c7666ba9c00569c56fc404820db96e3b0fa0e6b50ec41be9cff818493b35175,8c4411b8-d17e-41a7-8a2e-13e19fd6d99d,424886cb45ecf2f43b304da76c7333b4720fb882066e04025593821f1eba1e04,8b6ebfbd-1c06-4fb1-b4bf-4d072212375d,68bde98e0696765cd5def2f8b41b686c6a2ffcb0,68bde98e0696765cd5def2f8b41b686c6a2ffcb0,d452106e697890439cfc94fdabfb6a80fb0fccc2,5269bfea2a1777b041e10edf9618ba613d44021ce89b3ff0d95093a81c095b65,ae9ef515059d52d7d85bbddc07c49cabd745c0f6e8e6aea4ffb9ca2d19553eb9,d816fc52d21316c43ebbad0fed5385f66efef152952edc10bbd8b6036e40f36e,d3ead09e35217f5c7018de48f15145dd08d8aeb9f89812a0028c03c12a39ac15,d504919e20d95bac608dd906d46abb122f9680873679710b0584e71981648fb5,d8cc3207a594c610fad9da180b8ab8c68068a72779783d8b04040446003e64ed,56dfa726e07260290a8d9bd5f9553bedef06c396ca7a2a1c14537ab134f1b661,42ef48b05a6df873c8625f632e53ce4fe584cf13f038f1c9ee6965bc3e739f7f,8ef311f6474d6b269416ab306fa5756a75409dbae1d1c9fd4a40d03d93958774,success,passed,false,5.069595701844001e-07,1.4504583095312887e-06,1.4301891453349924e-06,5.070670490927207e-07,True,True,steady_execution_v1,6.7077919940020365,0.3927367750002304,0.009590543999365764,7.110119313001633,3.597182943999999,0.340957676,0.34321369800000007,1592352,5660256,0.04635334801787394,,,,,,,0.4781789729677257,6.539612009026314,0.30037667399301426,0.11235205116099678,0.017174829063151265,0.013974440102174412,0.008349980962520931,0.0,0.0023877400235505775,,,,,,1,1,1,8,1,1,physical_hardware,packed_operation_v1,True,True,True,True,True,False,False,True,True,True,0.9986201430603744,1.0,1.0,222,222,"[[0,0]]",[0],"[""/dev/dpu_rank1""]"
training,measurement,quantization_stress_18q_l2:1dpu_t8,quantization_stress_18q_l2,1dpu_t8,b9ba7e7f9f7faa942ecf55bc10c6f9a9488b0e3dcf87233bed822bea2416c816,path_b9ba7e7f9f7faa942ecf55bc10c6f9a9488b0e3dcf87233bed822bea2416c816,1dpu_t8,2,1,11,2321b8b42913c333307876d313764499f687451eac83216c46fa8634aee2f10a,baaf0edd-ae58-41ca-a6d0-9a57672af6bc,424886cb45ecf2f43b304da76c7333b4720fb882066e04025593821f1eba1e04,8b6ebfbd-1c06-4fb1-b4bf-4d072212375d,68bde98e0696765cd5def2f8b41b686c6a2ffcb0,68bde98e0696765cd5def2f8b41b686c6a2ffcb0,d452106e697890439cfc94fdabfb6a80fb0fccc2,5269bfea2a1777b041e10edf9618ba613d44021ce89b3ff0d95093a81c095b65,ae9ef515059d52d7d85bbddc07c49cabd745c0f6e8e6aea4ffb9ca2d19553eb9,d816fc52d21316c43ebbad0fed5385f66efef152952edc10bbd8b6036e40f36e,d3ead09e35217f5c7018de48f15145dd08d8aeb9f89812a0028c03c12a39ac15,d504919e20d95bac608dd906d46abb122f9680873679710b0584e71981648fb5,d8cc3207a594c610fad9da180b8ab8c68068a72779783d8b04040446003e64ed,56dfa726e07260290a8d9bd5f9553bedef06c396ca7a2a1c14537ab134f1b661,42ef48b05a6df873c8625f632e53ce4fe584cf13f038f1c9ee6965bc3e739f7f,8ef311f6474d6b269416ab306fa5756a75409dbae1d1c9fd4a40d03d93958774,success,passed,false,5.069595701844001e-07,1.4504583095312887e-06,1.4301891453349924e-06,5.070670490927207e-07,True,True,steady_execution_v1,6.71471425299751,0.3849423959982232,0.009363984001538483,7.109020632997272,3.5908778920000004,0.338315024,0.347884584,1592352,5660256,0.04630819000158226,,,,,,,0.47749774801559397,6.544079222039727,0.302521046003676,0.1130473498160427,0.017229862038220745,0.014095529939368134,0.008387811983993743,0.0,0.002451279986416921,,,,,,1,1,1,8,1,1,physical_hardware,packed_operation_v1,True,True,True,True,True,False,False,True,True,True,0.9986201430603744,1.0,1.0,222,222,"[[0,0]]",[0],"[""/dev/dpu_rank1""]"
training,measurement,quantization_stress_18q_l2:1dpu_t8,quantization_stress_18q_l2,1dpu_t8,b9ba7e7f9f7faa942ecf55bc10c6f9a9488b0e3dcf87233bed822bea2416c816,path_b9ba7e7f9f7faa942ecf55bc10c6f9a9488b0e3dcf87233bed822bea2416c816,1dpu_t8,3,2,22,61175e4cc12eeb424a9ebbdb5fcf3e0e5fc96e11dc9df553cb952c9c7e587ca7,7b22bf53-8e54-43db-b536-37e06ff769cb,424886cb45ecf2f43b304da76c7333b4720fb882066e04025593821f1eba1e04,8b6ebfbd-1c06-4fb1-b4bf-4d072212375d,68bde98e0696765cd5def2f8b41b686c6a2ffcb0,68bde98e0696765cd5def2f8b41b686c6a2ffcb0,d452106e697890439cfc94fdabfb6a80fb0fccc2,5269bfea2a1777b041e10edf9618ba613d44021ce89b3ff0d95093a81c095b65,ae9ef515059d52d7d85bbddc07c49cabd745c0f6e8e6aea4ffb9ca2d19553eb9,d816fc52d21316c43ebbad0fed5385f66efef152952edc10bbd8b6036e40f36e,d3ead09e35217f5c7018de48f15145dd08d8aeb9f89812a0028c03c12a39ac15,d504919e20d95bac608dd906d46abb122f9680873679710b0584e71981648fb5,d8cc3207a594c610fad9da180b8ab8c68068a72779783d8b04040446003e64ed,56dfa726e07260290a8d9bd5f9553bedef06c396ca7a2a1c14537ab134f1b661,42ef48b05a6df873c8625f632e53ce4fe584cf13f038f1c9ee6965bc3e739f7f,8ef311f6474d6b269416ab306fa5756a75409dbae1d1c9fd4a40d03d93958774,success,passed,false,5.069595701844001e-07,1.4504583095312887e-06,1.4301891453349924e-06,5.070670490927207e-07,True,True,steady_execution_v1,6.8321122439992905,0.38615113999912865,0.03175980200103368,7.250023185999453,3.572290691,0.32646121000000006,0.3420767600000001,1592352,5660256,0.05200922000221908,,,,,,,0.5168613779787847,6.648532725972473,0.3290992339461809,0.12593581096007256,0.0179993030433252,0.015268572002241854,0.008457790991087677,0.0,0.002492357958544744,,,,,,1,1,1,8,1,1,physical_hardware,packed_operation_v1,True,True,True,True,True,False,False,True,True,True,0.9986201430603744,1.0,1.0,222,222,"[[0,0]]",[0],"[""/dev/dpu_rank1""]"
training,warmup,quantization_stress_18q_l2:1dpu_t8,quantization_stress_18q_l2,1dpu_t8,e56fd025e7fdf900c75302bb6e7212f78d89deef09b236732a001e9f5c5001c1,path_e56fd025e7fdf900c75302bb6e7212f78d89deef09b236732a001e9f5c5001c1,1dpu_t8,0,0,12,23849afbc925c625669461ed7febde167a99a50bc4b82354ae1eafa5dfcd7832,3949f3da-e984-4e34-ba38-c6505023a43a,424886cb45ecf2f43b304da76c7333b4720fb882066e04025593821f1eba1e04,8b6ebfbd-1c06-4fb1-b4bf-4d072212375d,68bde98e0696765cd5def2f8b41b686c6a2ffcb0,68bde98e0696765cd5def2f8b41b686c6a2ffcb0,d452106e697890439cfc94fdabfb6a80fb0fccc2,5269bfea2a1777b041e10edf9618ba613d44021ce89b3ff0d95093a81c095b65,ae9ef515059d52d7d85bbddc07c49cabd745c0f6e8e6aea4ffb9ca2d19553eb9,d816fc52d21316c43ebbad0fed5385f66efef152952edc10bbd8b6036e40f36e,d3ead09e35217f5c7018de48f15145dd08d8aeb9f89812a0028c03c12a39ac15,824f32c53990b77d7f4041db2611708959be6ab40b644d36ac1c3ec53d5fd28b,78b4b26b2e3f5ee55ce329b3bbffae8f2406e2e60165a6d06ba64522d7e4efec,56dfa726e07260290a8d9bd5f9553bedef06c396ca7a2a1c14537ab134f1b661,42ef48b05a6df873c8625f632e53ce4fe584cf13f038f1c9ee6965bc3e739f7f,80c9aecb1a8f3e69e563178da4d4f80facc568384754593525dc4810da20b517,success,passed,false,2.932869026022155e-07,8.40635946793147e-07,7.98990292927293e-07,2.8771314249583815e-07,True,True,steady_execution_v1,4.786913504998665,0.5055601019994356,0.007176451999839628,5.2996500589979405,2.6685000869999995,0.19508074600000005,0.217062849,229824,4325120,0.04265670901804697,,,,,,,0.3524917069953517,4.631466560975241,0.2003000969889399,0.07392447803431423,0.01142114295362262,0.009614141981728608,0.003137902072921861,0.0,0.001601263960765209,,,,,,1,1,1,8,1,1,physical_hardware,packed_operation_v1,True,True,True,True,True,False,False,True,True,True,0.9994160793312572,1.0,1.0,144,144,"[[0,0]]",[0],"[""/dev/dpu_rank1""]"
training,measurement,quantization_stress_18q_l2:1dpu_t8,quantization_stress_18q_l2,1dpu_t8,e56fd025e7fdf900c75302bb6e7212f78d89deef09b236732a001e9f5c5001c1,path_e56fd025e7fdf900c75302bb6e7212f78d89deef09b236732a001e9f5c5001c1,1dpu_t8,1,0,1,438592a511d16089c7557abd957d47f1c83d1c9114e973d5413cf557d8c8274d,c6ec62e3-b322-4028-a530-f8bda2b8341d,424886cb45ecf2f43b304da76c7333b4720fb882066e04025593821f1eba1e04,8b6ebfbd-1c06-4fb1-b4bf-4d072212375d,68bde98e0696765cd5def2f8b41b686c6a2ffcb0,68bde98e0696765cd5def2f8b41b686c6a2ffcb0,d452106e697890439cfc94fdabfb6a80fb0fccc2,5269bfea2a1777b041e10edf9618ba613d44021ce89b3ff0d95093a81c095b65,ae9ef515059d52d7d85bbddc07c49cabd745c0f6e8e6aea4ffb9ca2d19553eb9,d816fc52d21316c43ebbad0fed5385f66efef152952edc10bbd8b6036e40f36e,d3ead09e35217f5c7018de48f15145dd08d8aeb9f89812a0028c03c12a39ac15,824f32c53990b77d7f4041db2611708959be6ab40b644d36ac1c3ec53d5fd28b,78b4b26b2e3f5ee55ce329b3bbffae8f2406e2e60165a6d06ba64522d7e4efec,56dfa726e07260290a8d9bd5f9553bedef06c396ca7a2a1c14537ab134f1b661,42ef48b05a6df873c8625f632e53ce4fe584cf13f038f1c9ee6965bc3e739f7f,80c9aecb1a8f3e69e563178da4d4f80facc568384754593525dc4810da20b517,success,passed,false,2.932869026022155e-07,8.40635946793147e-07,7.98990292927293e-07,2.8771314249583815e-07,True,True,steady_execution_v1,4.7709353620011825,0.5003587850005715,0.0078057729988358915,5.27909992000059,2.657150652,0.191683826,0.21446261000000003,229824,4325120,0.042726330011646496,,,,,,,0.354059687921108,4.6162992649988155,0.20222346599621233,0.07473069797924836,0.011610143992584199,0.009577512017131085,0.00322624597538379,0.0,0.001616725046915235,,,,,,1,1,1,8,1,1,physical_hardware,packed_operation_v1,True,True,True,True,True,False,False,True,True,True,0.9994160793312572,1.0,1.0,144,144,"[[0,0]]",[0],"[""/dev/dpu_rank1""]"
training,measurement,quantization_stress_18q_l2:1dpu_t8,quantization_stress_18q_l2,1dpu_t8,e56fd025e7fdf900c75302bb6e7212f78d89deef09b236732a001e9f5c5001c1,path_e56fd025e7fdf900c75302bb6e7212f78d89deef09b236732a001e9f5c5001c1,1dpu_t8,2,1,38,cf9f9ddc9ad5612e29b4b467dad81f08e97b941d46c5845fa4e6e18643e235c3,4d1364f1-11d8-432e-9e84-3d2f2078348b,424886cb45ecf2f43b304da76c7333b4720fb882066e04025593821f1eba1e04,8b6ebfbd-1c06-4fb1-b4bf-4d072212375d,68bde98e0696765cd5def2f8b41b686c6a2ffcb0,68bde98e0696765cd5def2f8b41b686c6a2ffcb0,d452106e697890439cfc94fdabfb6a80fb0fccc2,5269bfea2a1777b041e10edf9618ba613d44021ce89b3ff0d95093a81c095b65,ae9ef515059d52d7d85bbddc07c49cabd745c0f6e8e6aea4ffb9ca2d19553eb9,d816fc52d21316c43ebbad0fed5385f66efef152952edc10bbd8b6036e40f36e,d3ead09e35217f5c7018de48f15145dd08d8aeb9f89812a0028c03c12a39ac15,824f32c53990b77d7f4041db2611708959be6ab40b644d36ac1c3ec53d5fd28b,78b4b26b2e3f5ee55ce329b3bbffae8f2406e2e60165a6d06ba64522d7e4efec,56dfa726e07260290a8d9bd5f9553bedef06c396ca7a2a1c14537ab134f1b661,42ef48b05a6df873c8625f632e53ce4fe584cf13f038f1c9ee6965bc3e739f7f,80c9aecb1a8f3e69e563178da4d4f80facc568384754593525dc4810da20b517,success,passed,false,2.932869026022155e-07,8.40635946793147e-07,7.98990292927293e-07,2.8771314249583815e-07,True,True,steady_execution_v1,4.776382099997136,0.5030895140007487,0.008400686998356832,5.287872300996241,2.6675866499999996,0.19245397499999994,0.18717436700000006,229824,4325120,0.043177430030482356,,,,,,,0.3588841499949922,4.619194058988796,0.20468951204020414,0.07574002499313792,0.011715789980371483,0.009872300979623105,0.003356255969265476,0.0,0.001642356004595058,,,,,,1,1,1,8,1,1,physical_hardware,packed_operation_v1,True,True,True,True,True,False,False,True,True,True,0.9994160793312572,1.0,1.0,144,144,"[[0,0]]",[0],"[""/dev/dpu_rank1""]"
training,measurement,quantization_stress_18q_l2:1dpu_t8,quantization_stress_18q_l2,1dpu_t8,e56fd025e7fdf900c75302bb6e7212f78d89deef09b236732a001e9f5c5001c1,path_e56fd025e7fdf900c75302bb6e7212f78d89deef09b236732a001e9f5c5001c1,1dpu_t8,3,2,44,9ea1444d3bf9d7c26ff25a5f4376572f2e76ee25ae6a051927b55d9f60c3d920,740c1dd3-1adc-45fd-b099-a7bd935c9730,424886cb45ecf2f43b304da76c7333b4720fb882066e04025593821f1eba1e04,8b6ebfbd-1c06-4fb1-b4bf-4d072212375d,68bde98e0696765cd5def2f8b41b686c6a2ffcb0,68bde98e0696765cd5def2f8b41b686c6a2ffcb0,d452106e697890439cfc94fdabfb6a80fb0fccc2,5269bfea2a1777b041e10edf9618ba613d44021ce89b3ff0d95093a81c095b65,ae9ef515059d52d7d85bbddc07c49cabd745c0f6e8e6aea4ffb9ca2d19553eb9,d816fc52d21316c43ebbad0fed5385f66efef152952edc10bbd8b6036e40f36e,d3ead09e35217f5c7018de48f15145dd08d8aeb9f89812a0028c03c12a39ac15,824f32c53990b77d7f4041db2611708959be6ab40b644d36ac1c3ec53d5fd28b,78b4b26b2e3f5ee55ce329b3bbffae8f2406e2e60165a6d06ba64522d7e4efec,56dfa726e07260290a8d9bd5f9553bedef06c396ca7a2a1c14537ab134f1b661,42ef48b05a6df873c8625f632e53ce4fe584cf13f038f1c9ee6965bc3e739f7f,80c9aecb1a8f3e69e563178da4d4f80facc568384754593525dc4810da20b517,success,passed,false,2.932869026022155e-07,8.40635946793147e-07,7.98990292927293e-07,2.8771314249583815e-07,True,True,steady_execution_v1,4.7606445380006335,0.5010648149982444,0.00780135899913148,5.269510711998009,2.653970465,0.18863450599999995,0.21627376199999998,229824,4325120,0.043240074039204046,,,,,,,0.3486178600251151,4.604565815028764,0.19841120601267903,0.07287904315671767,0.01137201301753521,0.009543390049657319,0.0031763410443090834,0.0,0.0015796780062373728,,,,,,1,1,1,8,1,1,physical_hardware,packed_operation_v1,True,True,True,True,True,False,False,True,True,True,0.9994160793312572,1.0,1.0,144,144,"[[0,0]]",[0],"[""/dev/dpu_rank1""]"
training,warmup,quantization_stress_18q_l2:1dpu_t8,quantization_stress_18q_l2,1dpu_t8,e7f2ad3aef247ff4d7f2b7374966596ab24e96aa1fabd13234cbaebecab85d65,path_e7f2ad3aef247ff4d7f2b7374966596ab24e96aa1fabd13234cbaebecab85d65,1dpu_t8,0,0,0,613608db339a1466af261201ae8ca87fba88644c1c47a2b26c593f8f4c7c2c56,fb13b9db-bd24-4485-b834-af4f19bc4566,424886cb45ecf2f43b304da76c7333b4720fb882066e04025593821f1eba1e04,8b6ebfbd-1c06-4fb1-b4bf-4d072212375d,68bde98e0696765cd5def2f8b41b686c6a2ffcb0,68bde98e0696765cd5def2f8b41b686c6a2ffcb0,d452106e697890439cfc94fdabfb6a80fb0fccc2,5269bfea2a1777b041e10edf9618ba613d44021ce89b3ff0d95093a81c095b65,ae9ef515059d52d7d85bbddc07c49cabd745c0f6e8e6aea4ffb9ca2d19553eb9,d816fc52d21316c43ebbad0fed5385f66efef152952edc10bbd8b6036e40f36e,d3ead09e35217f5c7018de48f15145dd08d8aeb9f89812a0028c03c12a39ac15,82f6fbd5fe5eed78fa0c1dffb4e2c564daf76ae33889abb5725b2c92199b7520,4055b85622d2bafba3e53069478d257d7ecb5d571c226a48d0fd15c4c98b0f8c,56dfa726e07260290a8d9bd5f9553bedef06c396ca7a2a1c14537ab134f1b661,42ef48b05a6df873c8625f632e53ce4fe584cf13f038f1c9ee6965bc3e739f7f,5507a5c3113d5a06c816a262edad2763806f74da75e16235e837b6be1f731ba6,success,passed,false,5.469149743485493e-07,1.5457411484182812e-06,1.5294316670910746e-06,5.458098848234476e-07,True,True,steady_execution_v1,5.135390407001978,0.8468470480001997,0.014444658998399973,5.996682114000578,2.8128726539999995,0.216855474,0.23226011199999996,458816,4556672,0.04707828899336164,,,,,,,0.38771015902239014,4.966775242013682,0.2265042060353153,0.08351631307959906,0.012531536027381662,0.011006064036337193,0.004281281009753002,0.0,0.0017929690366145223,,,,,,1,1,1,8,1,1,physical_hardware,packed_operation_v1,True,True,True,True,True,False,False,True,True,True,0.9978738301191151,1.0,1.0,156,156,"[[0,0]]",[0],"[""/dev/dpu_rank1""]"
training,measurement,quantization_stress_18q_l2:1dpu_t8,quantization_stress_18q_l2,1dpu_t8,e7f2ad3aef247ff4d7f2b7374966596ab24e96aa1fabd13234cbaebecab85d65,path_e7f2ad3aef247ff4d7f2b7374966596ab24e96aa1fabd13234cbaebecab85d65,1dpu_t8,1,0,21,7e07f4246d08c7317e7566662726933bd9c235ff53ccf1dde5b20fa140b79be0,e13a254c-8937-4513-885d-10e6230d0267,424886cb45ecf2f43b304da76c7333b4720fb882066e04025593821f1eba1e04,8b6ebfbd-1c06-4fb1-b4bf-4d072212375d,68bde98e0696765cd5def2f8b41b686c6a2ffcb0,68bde98e0696765cd5def2f8b41b686c6a2ffcb0,d452106e697890439cfc94fdabfb6a80fb0fccc2,5269bfea2a1777b041e10edf9618ba613d44021ce89b3ff0d95093a81c095b65,ae9ef515059d52d7d85bbddc07c49cabd745c0f6e8e6aea4ffb9ca2d19553eb9,d816fc52d21316c43ebbad0fed5385f66efef152952edc10bbd8b6036e40f36e,d3ead09e35217f5c7018de48f15145dd08d8aeb9f89812a0028c03c12a39ac15,82f6fbd5fe5eed78fa0c1dffb4e2c564daf76ae33889abb5725b2c92199b7520,4055b85622d2bafba3e53069478d257d7ecb5d571c226a48d0fd15c4c98b0f8c,56dfa726e07260290a8d9bd5f9553bedef06c396ca7a2a1c14537ab134f1b661,42ef48b05a6df873c8625f632e53ce4fe584cf13f038f1c9ee6965bc3e739f7f,5507a5c3113d5a06c816a262edad2763806f74da75e16235e837b6be1f731ba6,success,passed,false,5.469149743485493e-07,1.5457411484182812e-06,1.5294316670910746e-06,5.458098848234476e-07,True,True,steady_execution_v1,5.078146703002858,0.8427147519978462,0.0077943369979038835,5.928655791998608,2.8117763570000003,0.21491290500000007,0.215149757,458816,4556672,0.04642410497763194,,,,,,,0.37418359695584513,4.918966771962005,0.2197838569918531,0.08122432693926385,0.012221451008372242,0.010409571998025058,0.004278367978258757,0.0,0.0017574170014995616,,,,,,1,1,1,8,1,1,physical_hardware,packed_operation_v1,True,True,True,True,True,False,False,True,True,True,0.9978738301191151,1.0,1.0,156,156,"[[0,0]]",[0],"[""/dev/dpu_rank1""]"
training,measurement,quantization_stress_18q_l2:1dpu_t8,quantization_stress_18q_l2,1dpu_t8,e7f2ad3aef247ff4d7f2b7374966596ab24e96aa1fabd13234cbaebecab85d65,path_e7f2ad3aef247ff4d7f2b7374966596ab24e96aa1fabd13234cbaebecab85d65,1dpu_t8,2,1,0,63ed67a210d76087655b5f91f215d9975b05e0a186c5874486842d6afc78670a,91db9462-2cda-4de7-bb28-f09fb29eab17,424886cb45ecf2f43b304da76c7333b4720fb882066e04025593821f1eba1e04,8b6ebfbd-1c06-4fb1-b4bf-4d072212375d,68bde98e0696765cd5def2f8b41b686c6a2ffcb0,68bde98e0696765cd5def2f8b41b686c6a2ffcb0,d452106e697890439cfc94fdabfb6a80fb0fccc2,5269bfea2a1777b041e10edf9618ba613d44021ce89b3ff0d95093a81c095b65,ae9ef515059d52d7d85bbddc07c49cabd745c0f6e8e6aea4ffb9ca2d19553eb9,d816fc52d21316c43ebbad0fed5385f66efef152952edc10bbd8b6036e40f36e,d3ead09e35217f5c7018de48f15145dd08d8aeb9f89812a0028c03c12a39ac15,82f6fbd5fe5eed78fa0c1dffb4e2c564daf76ae33889abb5725b2c92199b7520,4055b85622d2bafba3e53069478d257d7ecb5d571c226a48d0fd15c4c98b0f8c,56dfa726e07260290a8d9bd5f9553bedef06c396ca7a2a1c14537ab134f1b661,42ef48b05a6df873c8625f632e53ce4fe584cf13f038f1c9ee6965bc3e739f7f,5507a5c3113d5a06c816a262edad2763806f74da75e16235e837b6be1f731ba6,success,passed,false,5.469149743485493e-07,1.5457411484182812e-06,1.5294316670910746e-06,5.458098848234476e-07,True,True,steady_execution_v1,4.95245751299808,0.7764650570024969,0.008574846000556136,5.737497416001133,2.80351005,0.208586449,0.20700651800000003,458816,4556672,0.04519961897312896,,,,,,,0.3637845649427618,4.799110151005152,0.21029437997640343,0.07799274900025921,0.011868614026752766,0.010089830011565937,0.003512539955409011,0.0,0.0016715680321794935,,,,,,1,1,1,8,1,1,physical_hardware,packed_operation_v1,True,True,True,True,True,False,False,True,True,True,0.9978738301191151,1.0,1.0,156,156,"[[0,0]]",[0],"[""/dev/dpu_rank1""]"
training,measurement,quantization_stress_18q_l2:1dpu_t8,quantization_stress_18q_l2,1dpu_t8,e7f2ad3aef247ff4d7f2b7374966596ab24e96aa1fabd13234cbaebecab85d65,path_e7f2ad3aef247ff4d7f2b7374966596ab24e96aa1fabd13234cbaebecab85d65,1dpu_t8,3,2,9,369b0c1c4f7b8fe1e3c4a844dc9515b71012cdd8ee11f0f36bf4224c2039b13b,6f34955f-30c9-4deb-8857-c95e35fe1a29,424886cb45ecf2f43b304da76c7333b4720fb882066e04025593821f1eba1e04,8b6ebfbd-1c06-4fb1-b4bf-4d072212375d,68bde98e0696765cd5def2f8b41b686c6a2ffcb0,68bde98e0696765cd5def2f8b41b686c6a2ffcb0,d452106e697890439cfc94fdabfb6a80fb0fccc2,5269bfea2a1777b041e10edf9618ba613d44021ce89b3ff0d95093a81c095b65,ae9ef515059d52d7d85bbddc07c49cabd745c0f6e8e6aea4ffb9ca2d19553eb9,d816fc52d21316c43ebbad0fed5385f66efef152952edc10bbd8b6036e40f36e,d3ead09e35217f5c7018de48f15145dd08d8aeb9f89812a0028c03c12a39ac15,82f6fbd5fe5eed78fa0c1dffb4e2c564daf76ae33889abb5725b2c92199b7520,4055b85622d2bafba3e53069478d257d7ecb5d571c226a48d0fd15c4c98b0f8c,56dfa726e07260290a8d9bd5f9553bedef06c396ca7a2a1c14537ab134f1b661,42ef48b05a6df873c8625f632e53ce4fe584cf13f038f1c9ee6965bc3e739f7f,5507a5c3113d5a06c816a262edad2763806f74da75e16235e837b6be1f731ba6,success,passed,false,5.469149743485493e-07,1.5457411484182812e-06,1.5294316670910746e-06,5.458098848234476e-07,True,True,steady_execution_v1,5.098887788000866,0.7734920019975107,0.008419087000220316,5.880798876998597,2.8124371669999997,0.21735550199999998,0.23799423,458816,4556672,0.04558084902964765,,,,,,,0.3723180250672158,4.941067990035663,0.21814015803465736,0.08100760701927356,0.012172758993983734,0.010321228011889616,0.004228566031088121,0.0,0.001727646988001652,,,,,,1,1,1,8,1,1,physical_hardware,packed_operation_v1,True,True,True,True,True,False,False,True,True,True,0.9978738301191151,1.0,1.0,156,156,"[[0,0]]",[0],"[""/dev/dpu_rank1""]"
training,warmup,quantization_stress_18q_l2:4dpu_t8,quantization_stress_18q_l2,4dpu_t8,2eb807e063945083b04ae8fe3a72afca4e2a2b97d37dc739805c462caa388747,path_2eb807e063945083b04ae8fe3a72afca4e2a2b97d37dc739805c462caa388747,4dpu_t8,0,0,42,e872b6407f866de55c91eb69796979c97527a28a452a840c86113883ea2fffd6,24697930-d20f-4539-a637-fef16008fb87,424886cb45ecf2f43b304da76c7333b4720fb882066e04025593821f1eba1e04,8b6ebfbd-1c06-4fb1-b4bf-4d072212375d,68bde98e0696765cd5def2f8b41b686c6a2ffcb0,68bde98e0696765cd5def2f8b41b686c6a2ffcb0,d452106e697890439cfc94fdabfb6a80fb0fccc2,5269bfea2a1777b041e10edf9618ba613d44021ce89b3ff0d95093a81c095b65,ae9ef515059d52d7d85bbddc07c49cabd745c0f6e8e6aea4ffb9ca2d19553eb9,d816fc52d21316c43ebbad0fed5385f66efef152952edc10bbd8b6036e40f36e,d3ead09e35217f5c7018de48f15145dd08d8aeb9f89812a0028c03c12a39ac15,c6a00b964c6ee0153b7c9419483267c078693159d70eda491ecd6f0075c093f4,159880a52fe99a74381b4699d992929a0991479b555372421165509edd58383c,56dfa726e07260290a8d9bd5f9553bedef06c396ca7a2a1c14537ab134f1b661,42ef48b05a6df873c8625f632e53ce4fe584cf13f038f1c9ee6965bc3e739f7f,10ebb68c971127f5a76cab999bc12c9d31159a9d5f66200629f3c0127657b163,success,passed,false,4.085070049963842e-07,1.1693813228842473e-06,1.145340963071284e-06,4.0483372105860426e-07,True,True,steady_execution_v1,3.6189769340016937,1.7088480139973399,0.008333226000104332,5.336158173999138,1.055410857,0.2967633839999999,0.254747513,506016,4514784,0.041638595019321656,,,,,,,0.5112015459999384,3.4609963189541304,0.35538729894688004,0.22534584920140333,0.011072445009631338,0.019286932056274964,0.009446259151445702,0.0,0.0019706420025613625,,,,,,4,4,4,8,1,1,physical_hardware,packed_operation_v1,True,True,True,True,True,False,False,True,True,True,0.9997092974812571,0.9780820484714047,1.0,141,1,"[[0,0],[0,1],[0,2],[0,3]]",[0],"[""/dev/dpu_rank1""]"
training,measurement,quantization_stress_18q_l2:4dpu_t8,quantization_stress_18q_l2,4dpu_t8,2eb807e063945083b04ae8fe3a72afca4e2a2b97d37dc739805c462caa388747,path_2eb807e063945083b04ae8fe3a72afca4e2a2b97d37dc739805c462caa388747,4dpu_t8,1,0,34,aba64fafa10cc66c51f62829cfbc1d24d59ea1c87d5a37709aeb9aa6411b8a90,0c4e10a8-489d-4ab1-9fa5-973d151b0fed,424886cb45ecf2f43b304da76c7333b4720fb882066e04025593821f1eba1e04,8b6ebfbd-1c06-4fb1-b4bf-4d072212375d,68bde98e0696765cd5def2f8b41b686c6a2ffcb0,68bde98e0696765cd5def2f8b41b686c6a2ffcb0,d452106e697890439cfc94fdabfb6a80fb0fccc2,5269bfea2a1777b041e10edf9618ba613d44021ce89b3ff0d95093a81c095b65,ae9ef515059d52d7d85bbddc07c49cabd745c0f6e8e6aea4ffb9ca2d19553eb9,d816fc52d21316c43ebbad0fed5385f66efef152952edc10bbd8b6036e40f36e,d3ead09e35217f5c7018de48f15145dd08d8aeb9f89812a0028c03c12a39ac15,c6a00b964c6ee0153b7c9419483267c078693159d70eda491ecd6f0075c093f4,159880a52fe99a74381b4699d992929a0991479b555372421165509edd58383c,56dfa726e07260290a8d9bd5f9553bedef06c396ca7a2a1c14537ab134f1b661,42ef48b05a6df873c8625f632e53ce4fe584cf13f038f1c9ee6965bc3e739f7f,10ebb68c971127f5a76cab999bc12c9d31159a9d5f66200629f3c0127657b163,success,passed,false,4.085070049963842e-07,1.1693813228842473e-06,1.145340963071284e-06,4.0483372105860426e-07,True,True,steady_execution_v1,4.311550335998618,1.7231502079994243,0.007713522001722595,6.042414065999765,1.027488733,0.21768349899999995,0.22275257799999998,506016,4514784,0.06536061496808543,,,,,,,0.8592550140165258,4.104963402081921,0.6575759079569252,0.4612862540525384,0.013440025963063817,0.030357325020304415,0.012409403014316922,0.0,0.002181359948735917,,,,,,4,4,4,8,1,1,physical_hardware,packed_operation_v1,True,True,True,True,True,False,False,True,True,True,0.9997092974812571,0.9780820484714047,1.0,141,1,"[[0,0],[0,1],[0,2],[0,3]]",[0],"[""/dev/dpu_rank1""]"
training,measurement,quantization_stress_18q_l2:4dpu_t8,quantization_stress_18q_l2,4dpu_t8,2eb807e063945083b04ae8fe3a72afca4e2a2b97d37dc739805c462caa388747,path_2eb807e063945083b04ae8fe3a72afca4e2a2b97d37dc739805c462caa388747,4dpu_t8,2,1,42,ce18cc85ffedc535a131572b3179835f5be57ff04e8a79b4cfc293fb3361f4fa,9fcbff84-b975-497d-8d39-b5b951dae103,424886cb45ecf2f43b304da76c7333b4720fb882066e04025593821f1eba1e04,8b6ebfbd-1c06-4fb1-b4bf-4d072212375d,68bde98e0696765cd5def2f8b41b686c6a2ffcb0,68bde98e0696765cd5def2f8b41b686c6a2ffcb0,d452106e697890439cfc94fdabfb6a80fb0fccc2,5269bfea2a1777b041e10edf9618ba613d44021ce89b3ff0d95093a81c095b65,ae9ef515059d52d7d85bbddc07c49cabd745c0f6e8e6aea4ffb9ca2d19553eb9,d816fc52d21316c43ebbad0fed5385f66efef152952edc10bbd8b6036e40f36e,d3ead09e35217f5c7018de48f15145dd08d8aeb9f89812a0028c03c12a39ac15,c6a00b964c6ee0153b7c9419483267c078693159d70eda491ecd6f0075c093f4,159880a52fe99a74381b4699d992929a0991479b555372421165509edd58383c,56dfa726e07260290a8d9bd5f9553bedef06c396ca7a2a1c14537ab134f1b661,42ef48b05a6df873c8625f632e53ce4fe584cf13f038f1c9ee6965bc3e739f7f,10ebb68c971127f5a76cab999bc12c9d31159a9d5f66200629f3c0127657b163,success,passed,false,4.085070049963842e-07,1.1693813228842473e-06,1.145340963071284e-06,4.0483372105860426e-07,True,True,steady_execution_v1,3.779984869001055,1.6982450889991014,0.007960140999784926,5.486190098999941,1.061146528,0.3198769000000002,0.288322962,506016,4514784,0.04381930600357009,,,,,,,0.5199749229868758,3.619286747973092,0.3597823409945704,0.22718138112031738,0.011274989014054881,0.019744776989682578,0.009629299038351746,0.0,0.0019977650117652956,,,,,,4,4,4,8,1,1,physical_hardware,packed_operation_v1,True,True,True,True,True,False,False,True,True,True,0.9997092974812571,0.9780820484714047,1.0,141,1,"[[0,0],[0,1],[0,2],[0,3]]",[0],"[""/dev/dpu_rank1""]"
training,measurement,quantization_stress_18q_l2:4dpu_t8,quantization_stress_18q_l2,4dpu_t8,2eb807e063945083b04ae8fe3a72afca4e2a2b97d37dc739805c462caa388747,path_2eb807e063945083b04ae8fe3a72afca4e2a2b97d37dc739805c462caa388747,4dpu_t8,3,2,32,d6ed5eb41fdd59cb98bd86784e9545fe7a2033d3fe6c1d3703f463002975cbc9,ed4fd967-9859-4d7d-8465-01a7d7f0bb15,424886cb45ecf2f43b304da76c7333b4720fb882066e04025593821f1eba1e04,8b6ebfbd-1c06-4fb1-b4bf-4d072212375d,68bde98e0696765cd5def2f8b41b686c6a2ffcb0,68bde98e0696765cd5def2f8b41b686c6a2ffcb0,d452106e697890439cfc94fdabfb6a80fb0fccc2,5269bfea2a1777b041e10edf9618ba613d44021ce89b3ff0d95093a81c095b65,ae9ef515059d52d7d85bbddc07c49cabd745c0f6e8e6aea4ffb9ca2d19553eb9,d816fc52d21316c43ebbad0fed5385f66efef152952edc10bbd8b6036e40f36e,d3ead09e35217f5c7018de48f15145dd08d8aeb9f89812a0028c03c12a39ac15,c6a00b964c6ee0153b7c9419483267c078693159d70eda491ecd6f0075c093f4,159880a52fe99a74381b4699d992929a0991479b555372421165509edd58383c,56dfa726e07260290a8d9bd5f9553bedef06c396ca7a2a1c14537ab134f1b661,42ef48b05a6df873c8625f632e53ce4fe584cf13f038f1c9ee6965bc3e739f7f,10ebb68c971127f5a76cab999bc12c9d31159a9d5f66200629f3c0127657b163,success,passed,false,4.085070049963842e-07,1.1693813228842473e-06,1.145340963071284e-06,4.0483372105860426e-07,True,True,steady_execution_v1,4.458402653999656,1.6894071940005233,0.0076561589994526,6.155466006999632,1.031624941,0.22654256100000003,0.237807999,506016,4514784,0.06636330501714838,,,,,,,0.8726951579737943,4.245831129974249,0.6634542079955281,0.46482091901270906,0.013756186948739924,0.03028350110980682,0.0124792118986079,0.0,0.0022310090171231423,,,,,,4,4,4,8,1,1,physical_hardware,packed_operation_v1,True,True,True,True,True,False,False,True,True,True,0.9997092974812571,0.9780820484714047,1.0,141,1,"[[0,0],[0,1],[0,2],[0,3]]",[0],"[""/dev/dpu_rank1""]"
training,warmup,quantization_stress_18q_l2:4dpu_t8,quantization_stress_18q_l2,4dpu_t8,348d3fb5c4d401742575f7e9ce41a5ff1fb8415c2010311fb6b13a9bb52d2de8,path_348d3fb5c4d401742575f7e9ce41a5ff1fb8415c2010311fb6b13a9bb52d2de8,4dpu_t8,0,0,41,58eccd8e10b5fa727f94601fba13aa901191cc2ea28a4eb34f296883a77aea2c,8a7a816d-fbda-49a8-8ba2-b0aac54477c6,424886cb45ecf2f43b304da76c7333b4720fb882066e04025593821f1eba1e04,8b6ebfbd-1c06-4fb1-b4bf-4d072212375d,68bde98e0696765cd5def2f8b41b686c6a2ffcb0,68bde98e0696765cd5def2f8b41b686c6a2ffcb0,d452106e697890439cfc94fdabfb6a80fb0fccc2,5269bfea2a1777b041e10edf9618ba613d44021ce89b3ff0d95093a81c095b65,ae9ef515059d52d7d85bbddc07c49cabd745c0f6e8e6aea4ffb9ca2d19553eb9,d816fc52d21316c43ebbad0fed5385f66efef152952edc10bbd8b6036e40f36e,d3ead09e35217f5c7018de48f15145dd08d8aeb9f89812a0028c03c12a39ac15,f4cc316f399f6dd00f2b78e55943492235e3cb8760463e2065d8c4900a5f5fe3,1c48047aef310015d3ea14a25fa186f9a1ad3b54ec63825d4b15378e7055130d,56dfa726e07260290a8d9bd5f9553bedef06c396ca7a2a1c14537ab134f1b661,42ef48b05a6df873c8625f632e53ce4fe584cf13f038f1c9ee6965bc3e739f7f,ef432f58f54d9e12d5b1e787a8d6624f7597d3307f42eca71b43cf9a9ba2ed64,success,passed,false,4.7434520696597536e-07,1.2967697925544046e-06,1.2771937784039622e-06,4.7420253942713076e-07,True,True,steady_execution_v1,3.526007425996795,1.8100125269993441,0.008877093998307828,5.344897046994447,0.7683720310000002,0.3067790029999997,0.2791416859999999,379584,4421120,0.044203712001035456,,,,,,,0.513676691960427,3.367452826929366,0.3564611750043696,0.22612527792080073,0.011298469067696715,0.019743225911952322,0.008473407109704567,0.0,0.0019844819507852662,,,,,,4,4,4,8,1,1,physical_hardware,packed_operation_v1,True,True,True,True,True,False,False,True,True,True,0.9975534566930302,0.979355551928299,1.0,141,1,"[[0,0],[0,1],[0,2],[0,3]]",[0],"[""/dev/dpu_rank1""]"
training,measurement,quantization_stress_18q_l2:4dpu_t8,quantization_stress_18q_l2,4dpu_t8,348d3fb5c4d401742575f7e9ce41a5ff1fb8415c2010311fb6b13a9bb52d2de8,path_348d3fb5c4d401742575f7e9ce41a5ff1fb8415c2010311fb6b13a9bb52d2de8,4dpu_t8,1,0,41,69fddf5e4f8273f296c51f46b36cd93ceeeddfe5de079229c6ade2bb14605b29,e91c5407-019f-48ab-86f4-50579eb4e96b,424886cb45ecf2f43b304da76c7333b4720fb882066e04025593821f1eba1e04,8b6ebfbd-1c06-4fb1-b4bf-4d072212375d,68bde98e0696765cd5def2f8b41b686c6a2ffcb0,68bde98e0696765cd5def2f8b41b686c6a2ffcb0,d452106e697890439cfc94fdabfb6a80fb0fccc2,5269bfea2a1777b041e10edf9618ba613d44021ce89b3ff0d95093a81c095b65,ae9ef515059d52d7d85bbddc07c49cabd745c0f6e8e6aea4ffb9ca2d19553eb9,d816fc52d21316c43ebbad0fed5385f66efef152952edc10bbd8b6036e40f36e,d3ead09e35217f5c7018de48f15145dd08d8aeb9f89812a0028c03c12a39ac15,f4cc316f399f6dd00f2b78e55943492235e3cb8760463e2065d8c4900a5f5fe3,1c48047aef310015d3ea14a25fa186f9a1ad3b54ec63825d4b15378e7055130d,56dfa726e07260290a8d9bd5f9553bedef06c396ca7a2a1c14537ab134f1b661,42ef48b05a6df873c8625f632e53ce4fe584cf13f038f1c9ee6965bc3e739f7f,ef432f58f54d9e12d5b1e787a8d6624f7597d3307f42eca71b43cf9a9ba2ed64,success,passed,false,4.7434520696597536e-07,1.2967697925544046e-06,1.2771937784039622e-06,4.7420253942713076e-07,True,True,steady_execution_v1,4.215380052999535,1.8231306980014779,0.009903320999001153,6.048414072000014,0.752122088,0.224048985,0.2334398110000001,379584,4421120,0.07072570399031974,,,,,,,0.8698430050244497,3.9978769599947555,0.6649559349862102,0.4663437757153588,0.013894679941586219,0.030708114918525098,0.011357272866007406,0.0,0.0022528659719682764,,,,,,4,4,4,8,1,1,physical_hardware,packed_operation_v1,True,True,True,True,True,False,False,True,True,True,0.9975534566930302,0.979355551928299,1.0,141,1,"[[0,0],[0,1],[0,2],[0,3]]",[0],"[""/dev/dpu_rank1""]"
training,measurement,quantization_stress_18q_l2:4dpu_t8,quantization_stress_18q_l2,4dpu_t8,348d3fb5c4d401742575f7e9ce41a5ff1fb8415c2010311fb6b13a9bb52d2de8,path_348d3fb5c4d401742575f7e9ce41a5ff1fb8415c2010311fb6b13a9bb52d2de8,4dpu_t8,2,1,39,ff869ab23f7e2acd80113aa41c5d61cb0f98e1f651aedc8a7841345ff0ea3f0f,3a388c68-7f47-4ea3-8bf1-2f44ed3d3273,424886cb45ecf2f43b304da76c7333b4720fb882066e04025593821f1eba1e04,8b6ebfbd-1c06-4fb1-b4bf-4d072212375d,68bde98e0696765cd5def2f8b41b686c6a2ffcb0,68bde98e0696765cd5def2f8b41b686c6a2ffcb0,d452106e697890439cfc94fdabfb6a80fb0fccc2,5269bfea2a1777b041e10edf9618ba613d44021ce89b3ff0d95093a81c095b65,ae9ef515059d52d7d85bbddc07c49cabd745c0f6e8e6aea4ffb9ca2d19553eb9,d816fc52d21316c43ebbad0fed5385f66efef152952edc10bbd8b6036e40f36e,d3ead09e35217f5c7018de48f15145dd08d8aeb9f89812a0028c03c12a39ac15,f4cc316f399f6dd00f2b78e55943492235e3cb8760463e2065d8c4900a5f5fe3,1c48047aef310015d3ea14a25fa186f9a1ad3b54ec63825d4b15378e7055130d,56dfa726e07260290a8d9bd5f9553bedef06c396ca7a2a1c14537ab134f1b661,42ef48b05a6df873c8625f632e53ce4fe584cf13f038f1c9ee6965bc3e739f7f,ef432f58f54d9e12d5b1e787a8d6624f7597d3307f42eca71b43cf9a9ba2ed64,success,passed,false,4.7434520696597536e-07,1.2967697925544046e-06,1.2771937784039622e-06,4.7420253942713076e-07,True,True,steady_execution_v1,4.1453565529991465,1.801926636002463,0.008126649998303037,5.955409838999913,0.7513589190000001,0.22285446900000005,0.23405963800000001,379584,4421120,0.06811100103368517,,,,,,,0.8651896609990217,3.930370496967953,0.6617241450076108,0.46546188821594114,0.01367562896120944,0.030448248086031526,0.011387682003260124,0.0,0.0021974560331727844,,,,,,4,4,4,8,1,1,physical_hardware,packed_operation_v1,True,True,True,True,True,False,False,True,True,True,0.9975534566930302,0.979355551928299,1.0,141,1,"[[0,0],[0,1],[0,2],[0,3]]",[0],"[""/dev/dpu_rank1""]"
training,measurement,quantization_stress_18q_l2:4dpu_t8,quantization_stress_18q_l2,4dpu_t8,348d3fb5c4d401742575f7e9ce41a5ff1fb8415c2010311fb6b13a9bb52d2de8,path_348d3fb5c4d401742575f7e9ce41a5ff1fb8415c2010311fb6b13a9bb52d2de8,4dpu_t8,3,2,21,93ff6887206198619a1a2e3c2b5ac51e7f41cc5acf95e6b5dd44edf9136f4d07,bd9133cc-f4cf-45e4-b494-d64efa70a85b,424886cb45ecf2f43b304da76c7333b4720fb882066e04025593821f1eba1e04,8b6ebfbd-1c06-4fb1-b4bf-4d072212375d,68bde98e0696765cd5def2f8b41b686c6a2ffcb0,68bde98e0696765cd5def2f8b41b686c6a2ffcb0,d452106e697890439cfc94fdabfb6a80fb0fccc2,5269bfea2a1777b041e10edf9618ba613d44021ce89b3ff0d95093a81c095b65,ae9ef515059d52d7d85bbddc07c49cabd745c0f6e8e6aea4ffb9ca2d19553eb9,d816fc52d21316c43ebbad0fed5385f66efef152952edc10bbd8b6036e40f36e,d3ead09e35217f5c7018de48f15145dd08d8aeb9f89812a0028c03c12a39ac15,f4cc316f399f6dd00f2b78e55943492235e3cb8760463e2065d8c4900a5f5fe3,1c48047aef310015d3ea14a25fa186f9a1ad3b54ec63825d4b15378e7055130d,56dfa726e07260290a8d9bd5f9553bedef06c396ca7a2a1c14537ab134f1b661,42ef48b05a6df873c8625f632e53ce4fe584cf13f038f1c9ee6965bc3e739f7f,ef432f58f54d9e12d5b1e787a8d6624f7597d3307f42eca71b43cf9a9ba2ed64,success,passed,false,4.7434520696597536e-07,1.2967697925544046e-06,1.2771937784039622e-06,4.7420253942713076e-07,True,True,steady_execution_v1,3.5548073499994643,1.802428218001296,0.00813908999771229,5.365374657998473,0.770628705,0.3051137609999998,0.2753837249999999,379584,4421120,0.04686276301799808,,,,,,,0.547862850020465,3.388707341029658,0.385549107031693,0.2479987731021538,0.011632759946223814,0.020952799033693736,0.008660960018460173,0.0,0.0020311099833634216,,,,,,4,4,4,8,1,1,physical_hardware,packed_operation_v1,True,True,True,True,True,False,False,True,True,True,0.9975534566930302,0.979355551928299,1.0,141,1,"[[0,0],[0,1],[0,2],[0,3]]",[0],"[""/dev/dpu_rank1""]"
training,warmup,quantization_stress_18q_l2:4dpu_t8,quantization_stress_18q_l2,4dpu_t8,9d1e1ae9a325d84cef97b0fd9beffa9d4b3d783f00a4e38f6fce3a17114d3abb,path_9d1e1ae9a325d84cef97b0fd9beffa9d4b3d783f00a4e38f6fce3a17114d3abb,4dpu_t8,0,0,36,23712ab8d872498c63c761862145e553f579f5b7f73798167281f39cdfcad9fb,da1437c2-4cf3-4331-a089-69504310e712,424886cb45ecf2f43b304da76c7333b4720fb882066e04025593821f1eba1e04,8b6ebfbd-1c06-4fb1-b4bf-4d072212375d,68bde98e0696765cd5def2f8b41b686c6a2ffcb0,68bde98e0696765cd5def2f8b41b686c6a2ffcb0,d452106e697890439cfc94fdabfb6a80fb0fccc2,5269bfea2a1777b041e10edf9618ba613d44021ce89b3ff0d95093a81c095b65,ae9ef515059d52d7d85bbddc07c49cabd745c0f6e8e6aea4ffb9ca2d19553eb9,d816fc52d21316c43ebbad0fed5385f66efef152952edc10bbd8b6036e40f36e,d3ead09e35217f5c7018de48f15145dd08d8aeb9f89812a0028c03c12a39ac15,070ab06a1a0108c764e55b9e42b7df0c1f5c8868071fa444958ddaaf38fd46b6,06fa7f5b1b3f674adef4567189891c74a7dee05304c1505de0976964fc2275e1,56dfa726e07260290a8d9bd5f9553bedef06c396ca7a2a1c14537ab134f1b661,42ef48b05a6df873c8625f632e53ce4fe584cf13f038f1c9ee6965bc3e739f7f,7034d41c9df8fa3816d86d18c6b55da20aa02f4ca6bf7ae05ae302a1ca8f2dbc,success,passed,false,4.7164556502089596e-07,1.2127505813966637e-06,1.1837385694990488e-06,4.7037890907216813e-07,True,True,steady_execution_v1,3.408653135997156,0.6783429089991841,0.007597871001053136,4.094593915997393,0.7453711219999999,0.30493889499999993,0.27996821899999996,352128,4393664,0.04275940001025447,,,,,,,0.5016073580482043,3.250664307990519,0.34812787896589725,0.22043702618248062,0.011129491100291489,0.019276527080364758,0.00803677908697864,0.0,0.0019399219745537266,,,,,,4,4,4,8,1,1,physical_hardware,packed_operation_v1,True,True,True,True,True,False,False,True,True,True,0.99913066974768,0.9827643397562521,1.0,141,1,"[[0,0],[0,1],[0,2],[0,3]]",[0],"[""/dev/dpu_rank1""]"
training,measurement,quantization_stress_18q_l2:4dpu_t8,quantization_stress_18q_l2,4dpu_t8,9d1e1ae9a325d84cef97b0fd9beffa9d4b3d783f00a4e38f6fce3a17114d3abb,path_9d1e1ae9a325d84cef97b0fd9beffa9d4b3d783f00a4e38f6fce3a17114d3abb,4dpu_t8,1,0,16,8b057520d89a559648d93e5992ca7a88121adcc9f0d1afe5a7e79d967afbc0fb,3ba1df89-6d73-4a8e-98a7-8b23a7ffc34a,424886cb45ecf2f43b304da76c7333b4720fb882066e04025593821f1eba1e04,8b6ebfbd-1c06-4fb1-b4bf-4d072212375d,68bde98e0696765cd5def2f8b41b686c6a2ffcb0,68bde98e0696765cd5def2f8b41b686c6a2ffcb0,d452106e697890439cfc94fdabfb6a80fb0fccc2,5269bfea2a1777b041e10edf9618ba613d44021ce89b3ff0d95093a81c095b65,ae9ef515059d52d7d85bbddc07c49cabd745c0f6e8e6aea4ffb9ca2d19553eb9,d816fc52d21316c43ebbad0fed5385f66efef152952edc10bbd8b6036e40f36e,d3ead09e35217f5c7018de48f15145dd08d8aeb9f89812a0028c03c12a39ac15,070ab06a1a0108c764e55b9e42b7df0c1f5c8868071fa444958ddaaf38fd46b6,06fa7f5b1b3f674adef4567189891c74a7dee05304c1505de0976964fc2275e1,56dfa726e07260290a8d9bd5f9553bedef06c396ca7a2a1c14537ab134f1b661,42ef48b05a6df873c8625f632e53ce4fe584cf13f038f1c9ee6965bc3e739f7f,7034d41c9df8fa3816d86d18c6b55da20aa02f4ca6bf7ae05ae302a1ca8f2dbc,success,passed,false,4.7164556502089596e-07,1.2127505813966637e-06,1.1837385694990488e-06,4.7037890907216813e-07,True,True,steady_execution_v1,3.351342089001264,0.6698136300001352,0.008127408000291325,4.0292831270016904,0.745132234,0.30689071000000007,0.2710912030000001,352128,4393664,0.04180844797883765,,,,,,,0.4971484000197961,3.204618482013757,0.3451834279949253,0.21848186200440978,0.010873541006731102,0.01937571597227361,0.0075927599136775825,0.0,0.001961263009434333,,,,,,4,4,4,8,1,1,physical_hardware,packed_operation_v1,True,True,True,True,True,False,False,True,True,True,0.99913066974768,0.9827643397562521,1.0,141,1,"[[0,0],[0,1],[0,2],[0,3]]",[0],"[""/dev/dpu_rank1""]"
training,measurement,quantization_stress_18q_l2:4dpu_t8,quantization_stress_18q_l2,4dpu_t8,9d1e1ae9a325d84cef97b0fd9beffa9d4b3d783f00a4e38f6fce3a17114d3abb,path_9d1e1ae9a325d84cef97b0fd9beffa9d4b3d783f00a4e38f6fce3a17114d3abb,4dpu_t8,2,1,22,a7d4a387111fafc939e50b624b71512d98d3b528e2f7470cbf692f4cc8796f0b,8004729e-8cf7-48f1-8adf-3fa0baeb03a3,424886cb45ecf2f43b304da76c7333b4720fb882066e04025593821f1eba1e04,8b6ebfbd-1c06-4fb1-b4bf-4d072212375d,68bde98e0696765cd5def2f8b41b686c6a2ffcb0,68bde98e0696765cd5def2f8b41b686c6a2ffcb0,d452106e697890439cfc94fdabfb6a80fb0fccc2,5269bfea2a1777b041e10edf9618ba613d44021ce89b3ff0d95093a81c095b65,ae9ef515059d52d7d85bbddc07c49cabd745c0f6e8e6aea4ffb9ca2d19553eb9,d816fc52d21316c43ebbad0fed5385f66efef152952edc10bbd8b6036e40f36e,d3ead09e35217f5c7018de48f15145dd08d8aeb9f89812a0028c03c12a39ac15,070ab06a1a0108c764e55b9e42b7df0c1f5c8868071fa444958ddaaf38fd46b6,06fa7f5b1b3f674adef4567189891c74a7dee05304c1505de0976964fc2275e1,56dfa726e07260290a8d9bd5f9553bedef06c396ca7a2a1c14537ab134f1b661,42ef48b05a6df873c8625f632e53ce4fe584cf13f038f1c9ee6965bc3e739f7f,7034d41c9df8fa3816d86d18c6b55da20aa02f4ca6bf7ae05ae302a1ca8f2dbc,success,passed,false,4.7164556502089596e-07,1.2127505813966637e-06,1.1837385694990488e-06,4.7037890907216813e-07,True,True,steady_execution_v1,3.3414857179996034,0.674726749999536,0.009262924999347888,4.025475392998487,0.747773657,0.30605273099999997,0.271957466,352128,4393664,0.04133825698227156,,,,,,,0.4924973309862253,3.195938232980552,0.34191048596039764,0.21643095093168085,0.010692785974242724,0.01908517111223773,0.007628181938343914,0.0,0.0019314929631946143,,,,,,4,4,4,8,1,1,physical_hardware,packed_operation_v1,True,True,True,True,True,False,False,True,True,True,0.99913066974768,0.9827643397562521,1.0,141,1,"[[0,0],[0,1],[0,2],[0,3]]",[0],"[""/dev/dpu_rank1""]"
training,measurement,quantization_stress_18q_l2:4dpu_t8,quantization_stress_18q_l2,4dpu_t8,9d1e1ae9a325d84cef97b0fd9beffa9d4b3d783f00a4e38f6fce3a17114d3abb,path_9d1e1ae9a325d84cef97b0fd9beffa9d4b3d783f00a4e38f6fce3a17114d3abb,4dpu_t8,3,2,43,b753745a425cd502497e2a1d684af62d9f5c5a2e8007b0cb020e88af18c4e603,ca65c11d-48d5-4e99-a5db-ce82cd5c8b36,424886cb45ecf2f43b304da76c7333b4720fb882066e04025593821f1eba1e04,8b6ebfbd-1c06-4fb1-b4bf-4d072212375d,68bde98e0696765cd5def2f8b41b686c6a2ffcb0,68bde98e0696765cd5def2f8b41b686c6a2ffcb0,d452106e697890439cfc94fdabfb6a80fb0fccc2,5269bfea2a1777b041e10edf9618ba613d44021ce89b3ff0d95093a81c095b65,ae9ef515059d52d7d85bbddc07c49cabd745c0f6e8e6aea4ffb9ca2d19553eb9,d816fc52d21316c43ebbad0fed5385f66efef152952edc10bbd8b6036e40f36e,d3ead09e35217f5c7018de48f15145dd08d8aeb9f89812a0028c03c12a39ac15,070ab06a1a0108c764e55b9e42b7df0c1f5c8868071fa444958ddaaf38fd46b6,06fa7f5b1b3f674adef4567189891c74a7dee05304c1505de0976964fc2275e1,56dfa726e07260290a8d9bd5f9553bedef06c396ca7a2a1c14537ab134f1b661,42ef48b05a6df873c8625f632e53ce4fe584cf13f038f1c9ee6965bc3e739f7f,7034d41c9df8fa3816d86d18c6b55da20aa02f4ca6bf7ae05ae302a1ca8f2dbc,success,passed,false,4.7164556502089596e-07,1.2127505813966637e-06,1.1837385694990488e-06,4.7037890907216813e-07,True,True,steady_execution_v1,3.3921620979999716,0.6777273139996396,0.007839918998797657,4.077729330998409,0.747763223,0.307756246,0.2796092250000001,352128,4393664,0.04181199499362265,,,,,,,0.5047099029980018,3.2345029710049857,0.35069621802540496,0.2222135849915503,0.01113716388863395,0.01945594497374259,0.008094417084066663,0.0,0.001961935944564175,,,,,,4,4,4,8,1,1,physical_hardware,packed_operation_v1,True,True,True,True,True,False,False,True,True,True,0.99913066974768,0.9827643397562521,1.0,141,1,"[[0,0],[0,1],[0,2],[0,3]]",[0],"[""/dev/dpu_rank1""]"
training,warmup,quantization_stress_18q_l2:4dpu_t8,quantization_stress_18q_l2,4dpu_t8,b9ba7e7f9f7faa942ecf55bc10c6f9a9488b0e3dcf87233bed822bea2416c816,path_b9ba7e7f9f7faa942ecf55bc10c6f9a9488b0e3dcf87233bed822bea2416c816,4dpu_t8,0,0,19,63d49d1f0b650250fe407bbe716bd0335f088cfcc52b74c2ebf49fc0fd95406c,a1df077f-c1fc-49a4-996f-637da914d806,424886cb45ecf2f43b304da76c7333b4720fb882066e04025593821f1eba1e04,8b6ebfbd-1c06-4fb1-b4bf-4d072212375d,68bde98e0696765cd5def2f8b41b686c6a2ffcb0,68bde98e0696765cd5def2f8b41b686c6a2ffcb0,d452106e697890439cfc94fdabfb6a80fb0fccc2,5269bfea2a1777b041e10edf9618ba613d44021ce89b3ff0d95093a81c095b65,ae9ef515059d52d7d85bbddc07c49cabd745c0f6e8e6aea4ffb9ca2d19553eb9,d816fc52d21316c43ebbad0fed5385f66efef152952edc10bbd8b6036e40f36e,d3ead09e35217f5c7018de48f15145dd08d8aeb9f89812a0028c03c12a39ac15,d504919e20d95bac608dd906d46abb122f9680873679710b0584e71981648fb5,a2d4c9a0de41337d4e19212efc4acfdc8b2524f4bc71d8eb53702aa5bcce76d7,56dfa726e07260290a8d9bd5f9553bedef06c396ca7a2a1c14537ab134f1b661,42ef48b05a6df873c8625f632e53ce4fe584cf13f038f1c9ee6965bc3e739f7f,8ef311f6474d6b269416ab306fa5756a75409dbae1d1c9fd4a40d03d93958774,success,passed,false,5.069595701844001e-07,1.4504583095312887e-06,1.4301891453349924e-06,5.070670490927207e-07,True,True,steady_execution_v1,4.342254888997559,0.37702963199990336,0.006852755999716464,4.726137276997179,0.97838132,0.4411695269999999,0.38044541000000004,1711584,5726496,0.047754099025041796,,,,,,,0.5948847790532454,4.165257016975374,0.4213506800515461,0.2641272438886517,0.01626394202685333,0.024735533021157607,0.014354213908518432,0.0,0.0022510279595735483,,,,,,4,4,4,8,1,1,physical_hardware,packed_operation_v1,True,True,True,True,True,False,False,True,True,True,0.9986201430603744,0.9856804205712721,1.0,159,21,"[[0,0],[0,1],[0,2],[0,3]]",[0],"[""/dev/dpu_rank1""]"
training,measurement,quantization_stress_18q_l2:4dpu_t8,quantization_stress_18q_l2,4dpu_t8,b9ba7e7f9f7faa942ecf55bc10c6f9a9488b0e3dcf87233bed822bea2416c816,path_b9ba7e7f9f7faa942ecf55bc10c6f9a9488b0e3dcf87233bed822bea2416c816,4dpu_t8,1,0,28,887327992d6dbad00f918fb05c6a4262b71bcfe8b267af5ba3cc55bfe88a9249,89d5df4e-2c0e-4c47-a878-2cd4e6cc99bb,424886cb45ecf2f43b304da76c7333b4720fb882066e04025593821f1eba1e04,8b6ebfbd-1c06-4fb1-b4bf-4d072212375d,68bde98e0696765cd5def2f8b41b686c6a2ffcb0,68bde98e0696765cd5def2f8b41b686c6a2ffcb0,d452106e697890439cfc94fdabfb6a80fb0fccc2,5269bfea2a1777b041e10edf9618ba613d44021ce89b3ff0d95093a81c095b65,ae9ef515059d52d7d85bbddc07c49cabd745c0f6e8e6aea4ffb9ca2d19553eb9,d816fc52d21316c43ebbad0fed5385f66efef152952edc10bbd8b6036e40f36e,d3ead09e35217f5c7018de48f15145dd08d8aeb9f89812a0028c03c12a39ac15,d504919e20d95bac608dd906d46abb122f9680873679710b0584e71981648fb5,a2d4c9a0de41337d4e19212efc4acfdc8b2524f4bc71d8eb53702aa5bcce76d7,56dfa726e07260290a8d9bd5f9553bedef06c396ca7a2a1c14537ab134f1b661,42ef48b05a6df873c8625f632e53ce4fe584cf13f038f1c9ee6965bc3e739f7f,8ef311f6474d6b269416ab306fa5756a75409dbae1d1c9fd4a40d03d93958774,success,passed,false,5.069595701844001e-07,1.4504583095312887e-06,1.4301891453349924e-06,5.070670490927207e-07,True,True,steady_execution_v1,4.341384074999951,0.39636740300193196,0.008331185999850277,4.746082664001733,0.9768164159999999,0.4439838079999999,0.39023515799999997,1711584,5726496,0.048384254001575755,,,,,,,0.5899311379980645,4.163223284049309,0.4152097410551505,0.2602708180274931,0.016011684008844895,0.02414150896947831,0.014160163042106433,0.0,0.0022286000130407047,,,,,,4,4,4,8,1,1,physical_hardware,packed_operation_v1,True,True,True,True,True,False,False,True,True,True,0.9986201430603744,0.9856804205712721,1.0,159,21,"[[0,0],[0,1],[0,2],[0,3]]",[0],"[""/dev/dpu_rank1""]"
training,measurement,quantization_stress_18q_l2:4dpu_t8,quantization_stress_18q_l2,4dpu_t8,b9ba7e7f9f7faa942ecf55bc10c6f9a9488b0e3dcf87233bed822bea2416c816,path_b9ba7e7f9f7faa942ecf55bc10c6f9a9488b0e3dcf87233bed822bea2416c816,4dpu_t8,2,1,9,ef489deeab44a772f32aebdfec519a36e828e7d1322a1fc6c19563d15b2d4a73,3a5580ee-aa41-4b04-9882-bc07bd011651,424886cb45ecf2f43b304da76c7333b4720fb882066e04025593821f1eba1e04,8b6ebfbd-1c06-4fb1-b4bf-4d072212375d,68bde98e0696765cd5def2f8b41b686c6a2ffcb0,68bde98e0696765cd5def2f8b41b686c6a2ffcb0,d452106e697890439cfc94fdabfb6a80fb0fccc2,5269bfea2a1777b041e10edf9618ba613d44021ce89b3ff0d95093a81c095b65,ae9ef515059d52d7d85bbddc07c49cabd745c0f6e8e6aea4ffb9ca2d19553eb9,d816fc52d21316c43ebbad0fed5385f66efef152952edc10bbd8b6036e40f36e,d3ead09e35217f5c7018de48f15145dd08d8aeb9f89812a0028c03c12a39ac15,d504919e20d95bac608dd906d46abb122f9680873679710b0584e71981648fb5,a2d4c9a0de41337d4e19212efc4acfdc8b2524f4bc71d8eb53702aa5bcce76d7,56dfa726e07260290a8d9bd5f9553bedef06c396ca7a2a1c14537ab134f1b661,42ef48b05a6df873c8625f632e53ce4fe584cf13f038f1c9ee6965bc3e739f7f,8ef311f6474d6b269416ab306fa5756a75409dbae1d1c9fd4a40d03d93958774,success,passed,false,5.069595701844001e-07,1.4504583095312887e-06,1.4301891453349924e-06,5.070670490927207e-07,True,True,steady_execution_v1,4.407832139000675,0.3841253880018485,0.008351476000825642,4.800309003003349,0.9787714590000001,0.4453267269999999,0.3755106109999999,1711584,5726496,0.04848337099974742,,,,,,,0.6117021259524336,4.226240362964745,0.4292052480777784,0.26883072486089077,0.016917909000767395,0.02487980883961427,0.014090858025156194,0.0,0.0023457720199075993,,,,,,4,4,4,8,1,1,physical_hardware,packed_operation_v1,True,True,True,True,True,False,False,True,True,True,0.9986201430603744,0.9856804205712721,1.0,159,21,"[[0,0],[0,1],[0,2],[0,3]]",[0],"[""/dev/dpu_rank1""]"
training,measurement,quantization_stress_18q_l2:4dpu_t8,quantization_stress_18q_l2,4dpu_t8,b9ba7e7f9f7faa942ecf55bc10c6f9a9488b0e3dcf87233bed822bea2416c816,path_b9ba7e7f9f7faa942ecf55bc10c6f9a9488b0e3dcf87233bed822bea2416c816,4dpu_t8,3,2,30,b9f4ea58eccd017338111ce365f9e26f2a152097513aecf033acdda5e62ae9d5,bab6fd84-9ac1-415e-9b1f-a3716f76c595,424886cb45ecf2f43b304da76c7333b4720fb882066e04025593821f1eba1e04,8b6ebfbd-1c06-4fb1-b4bf-4d072212375d,68bde98e0696765cd5def2f8b41b686c6a2ffcb0,68bde98e0696765cd5def2f8b41b686c6a2ffcb0,d452106e697890439cfc94fdabfb6a80fb0fccc2,5269bfea2a1777b041e10edf9618ba613d44021ce89b3ff0d95093a81c095b65,ae9ef515059d52d7d85bbddc07c49cabd745c0f6e8e6aea4ffb9ca2d19553eb9,d816fc52d21316c43ebbad0fed5385f66efef152952edc10bbd8b6036e40f36e,d3ead09e35217f5c7018de48f15145dd08d8aeb9f89812a0028c03c12a39ac15,d504919e20d95bac608dd906d46abb122f9680873679710b0584e71981648fb5,a2d4c9a0de41337d4e19212efc4acfdc8b2524f4bc71d8eb53702aa5bcce76d7,56dfa726e07260290a8d9bd5f9553bedef06c396ca7a2a1c14537ab134f1b661,42ef48b05a6df873c8625f632e53ce4fe584cf13f038f1c9ee6965bc3e739f7f,8ef311f6474d6b269416ab306fa5756a75409dbae1d1c9fd4a40d03d93958774,success,passed,false,5.069595701844001e-07,1.4504583095312887e-06,1.4301891453349924e-06,5.070670490927207e-07,True,True,steady_execution_v1,4.333123465999961,0.3871087420011463,0.011468459997558966,4.731700667998666,0.983843848,0.44463983999999995,0.3777084029999999,1711584,5726496,0.04813959297098336,,,,,,,0.5952710439960356,4.153763470018021,0.42057716595445527,0.26366871506979805,0.01607433904428035,0.0241768290179607,0.01450391705657239,0.0,0.002280517972394591,,,,,,4,4,4,8,1,1,physical_hardware,packed_operation_v1,True,True,True,True,True,False,False,True,True,True,0.9986201430603744,0.9856804205712721,1.0,159,21,"[[0,0],[0,1],[0,2],[0,3]]",[0],"[""/dev/dpu_rank1""]"
training,warmup,quantization_stress_18q_l2:4dpu_t8,quantization_stress_18q_l2,4dpu_t8,e56fd025e7fdf900c75302bb6e7212f78d89deef09b236732a001e9f5c5001c1,path_e56fd025e7fdf900c75302bb6e7212f78d89deef09b236732a001e9f5c5001c1,4dpu_t8,0,0,25,bdf4c223cefddbd3e49dc9e4a13cbb6988e8a7f6dd0be35fcaf66712709494f2,fa0570bd-fc98-449d-a75e-c2ae9b030b27,424886cb45ecf2f43b304da76c7333b4720fb882066e04025593821f1eba1e04,8b6ebfbd-1c06-4fb1-b4bf-4d072212375d,68bde98e0696765cd5def2f8b41b686c6a2ffcb0,68bde98e0696765cd5def2f8b41b686c6a2ffcb0,d452106e697890439cfc94fdabfb6a80fb0fccc2,5269bfea2a1777b041e10edf9618ba613d44021ce89b3ff0d95093a81c095b65,ae9ef515059d52d7d85bbddc07c49cabd745c0f6e8e6aea4ffb9ca2d19553eb9,d816fc52d21316c43ebbad0fed5385f66efef152952edc10bbd8b6036e40f36e,d3ead09e35217f5c7018de48f15145dd08d8aeb9f89812a0028c03c12a39ac15,824f32c53990b77d7f4041db2611708959be6ab40b644d36ac1c3ec53d5fd28b,539de505b156b9b358469242b093fcee513f6d8c2bd4385818dd586433cfd07d,56dfa726e07260290a8d9bd5f9553bedef06c396ca7a2a1c14537ab134f1b661,42ef48b05a6df873c8625f632e53ce4fe584cf13f038f1c9ee6965bc3e739f7f,80c9aecb1a8f3e69e563178da4d4f80facc568384754593525dc4810da20b517,success,passed,false,2.932869026022155e-07,8.40635946793147e-07,7.98990292927293e-07,2.8771314249583815e-07,True,True,steady_execution_v1,3.3296397140002227,0.5022988299970166,0.006861387999379076,3.8387999319966184,0.745189715,0.3047280889999998,0.24937559999999992,350784,4392320,0.04138829901421559,,,,,,,0.499696507005865,3.177888276975864,0.34676659995602677,0.21969322298537008,0.01099765896651661,0.019262845886260038,0.008078303031652467,0.0,0.0019454279863566626,,,,,,4,4,4,8,1,1,physical_hardware,packed_operation_v1,True,True,True,True,True,False,False,True,True,True,0.9994160793312572,0.9823985635737807,1.0,141,1,"[[0,0],[0,1],[0,2],[0,3]]",[0],"[""/dev/dpu_rank1""]"
training,measurement,quantization_stress_18q_l2:4dpu_t8,quantization_stress_18q_l2,4dpu_t8,e56fd025e7fdf900c75302bb6e7212f78d89deef09b236732a001e9f5c5001c1,path_e56fd025e7fdf900c75302bb6e7212f78d89deef09b236732a001e9f5c5001c1,4dpu_t8,1,0,25,c7939ac8bb3cb08ff149529c3d3d9e6720c402071e75c69c066f7dedefdd0238,86ed34c6-83f5-4642-ae3d-f91a0cdfb187,424886cb45ecf2f43b304da76c7333b4720fb882066e04025593821f1eba1e04,8b6ebfbd-1c06-4fb1-b4bf-4d072212375d,68bde98e0696765cd5def2f8b41b686c6a2ffcb0,68bde98e0696765cd5def2f8b41b686c6a2ffcb0,d452106e697890439cfc94fdabfb6a80fb0fccc2,5269bfea2a1777b041e10edf9618ba613d44021ce89b3ff0d95093a81c095b65,ae9ef515059d52d7d85bbddc07c49cabd745c0f6e8e6aea4ffb9ca2d19553eb9,d816fc52d21316c43ebbad0fed5385f66efef152952edc10bbd8b6036e40f36e,d3ead09e35217f5c7018de48f15145dd08d8aeb9f89812a0028c03c12a39ac15,824f32c53990b77d7f4041db2611708959be6ab40b644d36ac1c3ec53d5fd28b,539de505b156b9b358469242b093fcee513f6d8c2bd4385818dd586433cfd07d,56dfa726e07260290a8d9bd5f9553bedef06c396ca7a2a1c14537ab134f1b661,42ef48b05a6df873c8625f632e53ce4fe584cf13f038f1c9ee6965bc3e739f7f,80c9aecb1a8f3e69e563178da4d4f80facc568384754593525dc4810da20b517,success,passed,false,2.932869026022155e-07,8.40635946793147e-07,7.98990292927293e-07,2.8771314249583815e-07,True,True,steady_execution_v1,3.3849498279996624,0.5229607959990972,0.007614861999172717,3.9155254859979323,0.752566559,0.3104562760000001,0.27485400699999996,350784,4392320,0.04280392700093216,,,,,,,0.5027253639564151,3.2344147800577048,0.3491434959905746,0.22086396684244392,0.010968834001687355,0.019533654904080322,0.0076765729681937955,0.0,0.0019742589829547796,,,,,,4,4,4,8,1,1,physical_hardware,packed_operation_v1,True,True,True,True,True,False,False,True,True,True,0.9994160793312572,0.9823985635737807,1.0,141,1,"[[0,0],[0,1],[0,2],[0,3]]",[0],"[""/dev/dpu_rank1""]"
training,measurement,quantization_stress_18q_l2:4dpu_t8,quantization_stress_18q_l2,4dpu_t8,e56fd025e7fdf900c75302bb6e7212f78d89deef09b236732a001e9f5c5001c1,path_e56fd025e7fdf900c75302bb6e7212f78d89deef09b236732a001e9f5c5001c1,4dpu_t8,2,1,7,6a0db38f2e130e1490aa42a67b2c444fbbff0c2b5f6c97337a0aca48213471ef,3511df10-7eb2-4c21-bbb6-22c5b13d1ddd,424886cb45ecf2f43b304da76c7333b4720fb882066e04025593821f1eba1e04,8b6ebfbd-1c06-4fb1-b4bf-4d072212375d,68bde98e0696765cd5def2f8b41b686c6a2ffcb0,68bde98e0696765cd5def2f8b41b686c6a2ffcb0,d452106e697890439cfc94fdabfb6a80fb0fccc2,5269bfea2a1777b041e10edf9618ba613d44021ce89b3ff0d95093a81c095b65,ae9ef515059d52d7d85bbddc07c49cabd745c0f6e8e6aea4ffb9ca2d19553eb9,d816fc52d21316c43ebbad0fed5385f66efef152952edc10bbd8b6036e40f36e,d3ead09e35217f5c7018de48f15145dd08d8aeb9f89812a0028c03c12a39ac15,824f32c53990b77d7f4041db2611708959be6ab40b644d36ac1c3ec53d5fd28b,539de505b156b9b358469242b093fcee513f6d8c2bd4385818dd586433cfd07d,56dfa726e07260290a8d9bd5f9553bedef06c396ca7a2a1c14537ab134f1b661,42ef48b05a6df873c8625f632e53ce4fe584cf13f038f1c9ee6965bc3e739f7f,80c9aecb1a8f3e69e563178da4d4f80facc568384754593525dc4810da20b517,success,passed,false,2.932869026022155e-07,8.40635946793147e-07,7.98990292927293e-07,2.8771314249583815e-07,True,True,steady_execution_v1,3.338684768998064,0.5037171459989622,0.00836516900017159,3.850767083997198,0.743360471,0.3071758849999999,0.267993097,350784,4392320,0.04162119299871847,,,,,,,0.4926591260045825,3.191706332978356,0.3419150950212497,0.2161317001664429,0.01076132199523272,0.018987517036293866,0.007500821033318061,0.0,0.0019318439699418377,,,,,,4,4,4,8,1,1,physical_hardware,packed_operation_v1,True,True,True,True,True,False,False,True,True,True,0.9994160793312572,0.9823985635737807,1.0,141,1,"[[0,0],[0,1],[0,2],[0,3]]",[0],"[""/dev/dpu_rank1""]"
training,measurement,quantization_stress_18q_l2:4dpu_t8,quantization_stress_18q_l2,4dpu_t8,e56fd025e7fdf900c75302bb6e7212f78d89deef09b236732a001e9f5c5001c1,path_e56fd025e7fdf900c75302bb6e7212f78d89deef09b236732a001e9f5c5001c1,4dpu_t8,3,2,37,2edf72d83b0680eaac7edab8d33ce55c4f0af19b049112b89eaa87debda2f222,5c3d5766-0528-4be7-8111-21f145cdc608,424886cb45ecf2f43b304da76c7333b4720fb882066e04025593821f1eba1e04,8b6ebfbd-1c06-4fb1-b4bf-4d072212375d,68bde98e0696765cd5def2f8b41b686c6a2ffcb0,68bde98e0696765cd5def2f8b41b686c6a2ffcb0,d452106e697890439cfc94fdabfb6a80fb0fccc2,5269bfea2a1777b041e10edf9618ba613d44021ce89b3ff0d95093a81c095b65,ae9ef515059d52d7d85bbddc07c49cabd745c0f6e8e6aea4ffb9ca2d19553eb9,d816fc52d21316c43ebbad0fed5385f66efef152952edc10bbd8b6036e40f36e,d3ead09e35217f5c7018de48f15145dd08d8aeb9f89812a0028c03c12a39ac15,824f32c53990b77d7f4041db2611708959be6ab40b644d36ac1c3ec53d5fd28b,539de505b156b9b358469242b093fcee513f6d8c2bd4385818dd586433cfd07d,56dfa726e07260290a8d9bd5f9553bedef06c396ca7a2a1c14537ab134f1b661,42ef48b05a6df873c8625f632e53ce4fe584cf13f038f1c9ee6965bc3e739f7f,80c9aecb1a8f3e69e563178da4d4f80facc568384754593525dc4810da20b517,success,passed,false,2.932869026022155e-07,8.40635946793147e-07,7.98990292927293e-07,2.8771314249583815e-07,True,True,steady_execution_v1,3.3253076229993894,0.4998452450017794,0.007803333999618189,3.832956202000787,0.743662645,0.30530771,0.248402588,350784,4392320,0.04140927101980196,,,,,,,0.4942215499941085,3.1725631399422127,0.3425278549948416,0.21654769508677418,0.010925456022960134,0.018994604019098915,0.007933921082440065,0.0,0.0019431299624557141,,,,,,4,4,4,8,1,1,physical_hardware,packed_operation_v1,True,True,True,True,True,False,False,True,True,True,0.9994160793312572,0.9823985635737807,1.0,141,1,"[[0,0],[0,1],[0,2],[0,3]]",[0],"[""/dev/dpu_rank1""]"
training,warmup,quantization_stress_18q_l2:4dpu_t8,quantization_stress_18q_l2,4dpu_t8,e7f2ad3aef247ff4d7f2b7374966596ab24e96aa1fabd13234cbaebecab85d65,path_e7f2ad3aef247ff4d7f2b7374966596ab24e96aa1fabd13234cbaebecab85d65,4dpu_t8,0,0,5,b7382fd6604c7edf320cfd0240ab2a93aca26af91e6d1f3d5fc3e2cc1ff3d748,9d626a1f-98ba-49a7-af78-bf343100436a,424886cb45ecf2f43b304da76c7333b4720fb882066e04025593821f1eba1e04,8b6ebfbd-1c06-4fb1-b4bf-4d072212375d,68bde98e0696765cd5def2f8b41b686c6a2ffcb0,68bde98e0696765cd5def2f8b41b686c6a2ffcb0,d452106e697890439cfc94fdabfb6a80fb0fccc2,5269bfea2a1777b041e10edf9618ba613d44021ce89b3ff0d95093a81c095b65,ae9ef515059d52d7d85bbddc07c49cabd745c0f6e8e6aea4ffb9ca2d19553eb9,d816fc52d21316c43ebbad0fed5385f66efef152952edc10bbd8b6036e40f36e,d3ead09e35217f5c7018de48f15145dd08d8aeb9f89812a0028c03c12a39ac15,82f6fbd5fe5eed78fa0c1dffb4e2c564daf76ae33889abb5725b2c92199b7520,0d138b1615cac85dee41d9207bb7f8871e118a748aad51df746bb105f8b69cb4,56dfa726e07260290a8d9bd5f9553bedef06c396ca7a2a1c14537ab134f1b661,42ef48b05a6df873c8625f632e53ce4fe584cf13f038f1c9ee6965bc3e739f7f,5507a5c3113d5a06c816a262edad2763806f74da75e16235e837b6be1f731ba6,success,passed,false,5.469149743485493e-07,1.5457411484182812e-06,1.5294316670910746e-06,5.458098848234476e-07,True,True,steady_execution_v1,3.6174872660012625,0.8478162350002094,0.01210210899807862,4.4774056099995505,0.884657562,0.321125538,0.2631477259999999,579776,4623872,0.04495732599389157,,,,,,,0.5297673139684775,3.4557914430588426,0.3714502910479496,0.2332042639136489,0.012193772930913838,0.02082490002794657,0.009701116923679365,0.0,0.0020528689892671537,,,,,,4,4,4,8,1,1,physical_hardware,packed_operation_v1,True,True,True,True,True,False,False,True,True,True,0.9978738301191151,0.9469937606352807,1.0,144,4,"[[0,0],[0,1],[0,2],[0,3]]",[0],"[""/dev/dpu_rank1""]"
training,measurement,quantization_stress_18q_l2:4dpu_t8,quantization_stress_18q_l2,4dpu_t8,e7f2ad3aef247ff4d7f2b7374966596ab24e96aa1fabd13234cbaebecab85d65,path_e7f2ad3aef247ff4d7f2b7374966596ab24e96aa1fabd13234cbaebecab85d65,4dpu_t8,1,0,11,b759078001f69e0779a0d868a0944846bcf1a93da910fa4a09576369c1ce6a66,7430124e-2304-4566-88d4-f974a48f02f8,424886cb45ecf2f43b304da76c7333b4720fb882066e04025593821f1eba1e04,8b6ebfbd-1c06-4fb1-b4bf-4d072212375d,68bde98e0696765cd5def2f8b41b686c6a2ffcb0,68bde98e0696765cd5def2f8b41b686c6a2ffcb0,d452106e697890439cfc94fdabfb6a80fb0fccc2,5269bfea2a1777b041e10edf9618ba613d44021ce89b3ff0d95093a81c095b65,ae9ef515059d52d7d85bbddc07c49cabd745c0f6e8e6aea4ffb9ca2d19553eb9,d816fc52d21316c43ebbad0fed5385f66efef152952edc10bbd8b6036e40f36e,d3ead09e35217f5c7018de48f15145dd08d8aeb9f89812a0028c03c12a39ac15,82f6fbd5fe5eed78fa0c1dffb4e2c564daf76ae33889abb5725b2c92199b7520,0d138b1615cac85dee41d9207bb7f8871e118a748aad51df746bb105f8b69cb4,56dfa726e07260290a8d9bd5f9553bedef06c396ca7a2a1c14537ab134f1b661,42ef48b05a6df873c8625f632e53ce4fe584cf13f038f1c9ee6965bc3e739f7f,5507a5c3113d5a06c816a262edad2763806f74da75e16235e837b6be1f731ba6,success,passed,false,5.469149743485493e-07,1.5457411484182812e-06,1.5294316670910746e-06,5.458098848234476e-07,True,True,steady_execution_v1,3.506519021000713,0.8275645749999967,0.01604346599924611,4.350127061999956,0.8809727099999999,0.3314173779999999,0.292455869,579776,4623872,0.04218301000582869,,,,,,,0.49978875596571015,3.358219112014922,0.34978131906609633,0.22154865006086766,0.011094291014160262,0.019447411948931403,0.008115520035062218,0.0,0.0019631290415418334,,,,,,4,4,4,8,1,1,physical_hardware,packed_operation_v1,True,True,True,True,True,False,False,True,True,True,0.9978738301191151,0.9469937606352807,1.0,144,4,"[[0,0],[0,1],[0,2],[0,3]]",[0],"[""/dev/dpu_rank1""]"
training,measurement,quantization_stress_18q_l2:4dpu_t8,quantization_stress_18q_l2,4dpu_t8,e7f2ad3aef247ff4d7f2b7374966596ab24e96aa1fabd13234cbaebecab85d65,path_e7f2ad3aef247ff4d7f2b7374966596ab24e96aa1fabd13234cbaebecab85d65,4dpu_t8,2,1,25,bc941207cdf71eb4f266aa198098e57d6219d8f2273c48455b7da2e5387bd68f,50cca1dd-3551-4dd7-a2ec-0758204742d1,424886cb45ecf2f43b304da76c7333b4720fb882066e04025593821f1eba1e04,8b6ebfbd-1c06-4fb1-b4bf-4d072212375d,68bde98e0696765cd5def2f8b41b686c6a2ffcb0,68bde98e0696765cd5def2f8b41b686c6a2ffcb0,d452106e697890439cfc94fdabfb6a80fb0fccc2,5269bfea2a1777b041e10edf9618ba613d44021ce89b3ff0d95093a81c095b65,ae9ef515059d52d7d85bbddc07c49cabd745c0f6e8e6aea4ffb9ca2d19553eb9,d816fc52d21316c43ebbad0fed5385f66efef152952edc10bbd8b6036e40f36e,d3ead09e35217f5c7018de48f15145dd08d8aeb9f89812a0028c03c12a39ac15,82f6fbd5fe5eed78fa0c1dffb4e2c564daf76ae33889abb5725b2c92199b7520,0d138b1615cac85dee41d9207bb7f8871e118a748aad51df746bb105f8b69cb4,56dfa726e07260290a8d9bd5f9553bedef06c396ca7a2a1c14537ab134f1b661,42ef48b05a6df873c8625f632e53ce4fe584cf13f038f1c9ee6965bc3e739f7f,5507a5c3113d5a06c816a262edad2763806f74da75e16235e837b6be1f731ba6,success,passed,false,5.469149743485493e-07,1.5457411484182812e-06,1.5294316670910746e-06,5.458098848234476e-07,True,True,steady_execution_v1,3.721373931999551,0.7709890500009351,0.008317993000673596,4.50068097500116,0.890852073,0.33338725699999994,0.30909553400000006,579776,4623872,0.04703028297808487,,,,,,,0.5384909519816574,3.5555178690119646,0.3773749879801471,0.2380628019636788,0.012139044982177438,0.021116137962962966,0.00976425810586079,0.0,0.0020764039545611013,,,,,,4,4,4,8,1,1,physical_hardware,packed_operation_v1,True,True,True,True,True,False,False,True,True,True,0.9978738301191151,0.9469937606352807,1.0,144,4,"[[0,0],[0,1],[0,2],[0,3]]",[0],"[""/dev/dpu_rank1""]"
training,measurement,quantization_stress_18q_l2:4dpu_t8,quantization_stress_18q_l2,4dpu_t8,e7f2ad3aef247ff4d7f2b7374966596ab24e96aa1fabd13234cbaebecab85d65,path_e7f2ad3aef247ff4d7f2b7374966596ab24e96aa1fabd13234cbaebecab85d65,4dpu_t8,3,2,38,7a90acb2fe8a732e99d170f2e762d3d448e570b8d5dcd15a126b50863158f7c2,ee2f41cb-3cc1-48b4-b027-990a0d9c4b05,424886cb45ecf2f43b304da76c7333b4720fb882066e04025593821f1eba1e04,8b6ebfbd-1c06-4fb1-b4bf-4d072212375d,68bde98e0696765cd5def2f8b41b686c6a2ffcb0,68bde98e0696765cd5def2f8b41b686c6a2ffcb0,d452106e697890439cfc94fdabfb6a80fb0fccc2,5269bfea2a1777b041e10edf9618ba613d44021ce89b3ff0d95093a81c095b65,ae9ef515059d52d7d85bbddc07c49cabd745c0f6e8e6aea4ffb9ca2d19553eb9,d816fc52d21316c43ebbad0fed5385f66efef152952edc10bbd8b6036e40f36e,d3ead09e35217f5c7018de48f15145dd08d8aeb9f89812a0028c03c12a39ac15,82f6fbd5fe5eed78fa0c1dffb4e2c564daf76ae33889abb5725b2c92199b7520,0d138b1615cac85dee41d9207bb7f8871e118a748aad51df746bb105f8b69cb4,56dfa726e07260290a8d9bd5f9553bedef06c396ca7a2a1c14537ab134f1b661,42ef48b05a6df873c8625f632e53ce4fe584cf13f038f1c9ee6965bc3e739f7f,5507a5c3113d5a06c816a262edad2763806f74da75e16235e837b6be1f731ba6,success,passed,false,5.469149743485493e-07,1.5457411484182812e-06,1.5294316670910746e-06,5.458098848234476e-07,True,True,steady_execution_v1,3.6524390509985096,0.7795810819989129,0.011130039998533903,4.443150172995956,0.886752847,0.326427649,0.30430059499999995,579776,4623872,0.04437146501732059,,,,,,,0.5217673829793057,3.4936899749845907,0.3642490800593805,0.22914224712076248,0.011962871976720635,0.020634490127122262,0.009508442981314147,0.0,0.0020234290132066235,,,,,,4,4,4,8,1,1,physical_hardware,packed_operation_v1,True,True,True,True,True,False,False,True,True,True,0.9978738301191151,0.9469937606352807,1.0,144,4,"[[0,0],[0,1],[0,2],[0,3]]",[0],"[""/dev/dpu_rank1""]"
