circuit_id,logical_plan_id,node_index,node_id,operand_a_shape,operand_b_shape,output_shape,B,M,N,K,operand_a_scale,operand_b_scale,operand_a_max_abs_component,operand_b_max_abs_component,operand_a_encoded_element_count,operand_b_encoded_element_count,operand_a_q_real_min,operand_a_q_real_max,operand_a_q_imag_min,operand_a_q_imag_max,operand_b_q_real_min,operand_b_q_real_max,operand_b_q_imag_min,operand_b_q_imag_max,operand_a_zero_count,operand_b_zero_count,operand_a_clipping_count,operand_b_clipping_count,operand_a_saturation_at_boundary_count,operand_b_saturation_at_boundary_count,int32_theoretical_accumulator_bound,int32_accumulator_safe,local_output_max_abs_error_vs_same_node_float32,local_output_relative_l2_vs_same_node_float32,local_output_norm_drift_vs_same_node_float32,cumulative_output_max_abs_error_vs_same_node_float32,cumulative_output_relative_l2_vs_same_node_float32,cumulative_output_norm_drift_vs_same_node_float32,theoretical_local_error_bound,observed_local_error,rounding_bound_applicable,logical_encoded_bytes,corresponding_float32_complex_bytes,nominal_compression_ratio,scale_metadata_bytes,quantized_complex_values,scalar_components_quantized,scale_computation_count,quantization_event_count,requantization_event_count,dequantized_output_elements,four_real_products_per_complex_product,integer_multiply_accumulate_count
bell2,4d6277f945adc1d4ad6b87df86909ed6670979f8d6decc099fde3dc074fc847a,0,contract_0,[2],"[2,2,2,2]","[2,2,2]",1,1,8,2,0.007874015748031496,0.007874015748031496,1.0,1.0,2,16,0,127,0,0,0,127,0,0,3,28,0,0,1,4,64516,true,0.0,0.0,0.0,0.0,0.0,0.0,0.03801911121847394,1.5700924586837752e-16,true,52,144,2.769230769230769,16,18,36,2,2,0,8,4,64
bell2,4d6277f945adc1d4ad6b87df86909ed6670979f8d6decc099fde3dc074fc847a,1,contract_1,[2],"[2,2]",[2],1,1,2,2,0.007874015748031496,0.0055677698353144124,1.0,0.7071067690849304,2,4,0,127,0,0,-127,127,0,0,3,4,0,0,1,4,64516,true,0.0,0.0,0.0,0.0,0.0,0.0,0.01900955528390228,0.0,true,28,48,1.7142857142857142,16,6,12,2,2,0,2,4,16
bell2,4d6277f945adc1d4ad6b87df86909ed6670979f8d6decc099fde3dc074fc847a,2,contract_2,"[2,2,2]",[2],"[2,2]",1,4,1,2,0.007874015748031496,0.0055677698353144124,1.0,0.7071067690849304,8,2,0,127,0,0,127,127,0,0,14,2,0,0,2,2,64516,true,0.0,0.0,0.0,0.0,0.0,0.0,0.023622046839820367,0.0,true,36,80,2.2222222222222223,16,10,20,2,2,2,4,4,32
stress4_l2,0893aab5797f8fe01bfda4345fc0b71efbbcb10941be3b158565149d8755a95f,0,contract_0,[2],"[2,2]",[2],1,1,2,2,0.007874015748031496,0.0055677698353144124,1.0,0.7071067690849304,2,4,0,127,0,0,-127,127,0,0,3,4,0,0,1,4,64516,true,0.0,0.0,0.0,0.0,0.0,0.0,0.01900955528390228,0.0,true,28,48,1.7142857142857142,16,6,12,2,2,0,2,4,16
stress4_l2,0893aab5797f8fe01bfda4345fc0b71efbbcb10941be3b158565149d8755a95f,1,contract_1,[2],"[2,2]",[2],1,1,2,2,0.007874015748031496,0.0055677698353144124,1.0,0.7071067690849304,2,4,0,127,0,0,-127,127,0,0,3,4,0,0,1,4,64516,true,0.0,0.0,0.0,0.0,0.0,0.0,0.01900955528390228,0.0,true,28,48,1.7142857142857142,16,6,12,2,2,0,2,4,16
stress4_l2,0893aab5797f8fe01bfda4345fc0b71efbbcb10941be3b158565149d8755a95f,2,contract_10,"[2,2]","[2,2]","[2,2]",1,2,2,2,0.0055677698353144124,0.0076765976552888165,0.7071067690849304,0.9749279022216797,4,4,-127,127,0,0,0,127,-29,29,4,4,0,0,4,2,64516,true,7.098913192749023e-05,0.00010039379412773997,3.159046173095703e-05,7.098913192749023e-05,0.00010039379412773997,3.159046173095703e-05,0.02648873460684511,0.00014198625883671268,true,32,64,2.0,16,8,16,2,2,0,4,4,32
stress4_l2,0893aab5797f8fe01bfda4345fc0b71efbbcb10941be3b158565149d8755a95f,3,contract_11,"[2,2]","[2,2]","[2,2]",1,2,2,2,0.0055677698353144124,0.007488634173325666,0.7071067690849304,0.9510565400123596,4,4,-127,127,0,0,0,127,-41,41,4,4,0,0,4,2,64516,true,0.0014021992683410645,0.0019830092787742615,0.0008640289306640625,0.0014021992683410645,0.0019830092787742615,0.0008640289306640625,0.026112808040375798,0.0028043875338496504,true,32,64,2.0,16,8,16,2,2,0,4,4,32
stress4_l2,0893aab5797f8fe01bfda4345fc0b71efbbcb10941be3b158565149d8755a95f,4,contract_12,"[2,2]","[2,2]","[2,2]",1,2,2,2,0.0055677698353144124,0.0068190975452032615,0.7071067690849304,0.8660253882408142,4,4,-127,127,0,0,0,127,-73,73,4,4,0,0,4,2,64516,true,0.0015597939491271973,0.0022058819886296988,0.0015571117401123047,0.0015597939491271973,0.0022058819886296988,0.0015571117401123047,0.02477373437773015,0.0031195842284363895,true,32,64,2.0,16,8,16,2,2,0,4,4,32
stress4_l2,0893aab5797f8fe01bfda4345fc0b71efbbcb10941be3b158565149d8755a95f,5,contract_13,"[2,2]","[2,2]","[2,2]",1,2,2,2,0.0055677698353144124,0.007274641765384223,0.7071067690849304,0.9238795042037964,4,4,-127,127,0,0,0,127,-53,53,4,4,0,0,4,2,64516,true,0.0020312070846557617,0.0028725608717650175,0.001559615135192871,0.0020312070846557617,0.0028725608717650175,0.001559615135192871,0.025684822634652237,0.004062452024066854,true,32,64,2.0,16,8,16,2,2,0,4,4,32
stress4_l2,0893aab5797f8fe01bfda4345fc0b71efbbcb10941be3b158565149d8755a95f,6,contract_14,"[2,2,2,2]","[2,2]","[2,2,2,2]",1,8,2,2,0.007874015748031496,0.0068190975452032615,1.0,0.8660253882408142,16,4,0,127,0,0,0,127,-73,73,28,4,0,0,4,2,64516,true,0.002205878496170044,0.002205878496170044,0.002202272415161133,0.002205878496170044,0.002205878496170044,0.002202272415161133,0.05078338303129508,0.0044117584003238175,true,56,160,2.857142857142857,16,20,40,2,2,0,16,4,128
stress4_l2,0893aab5797f8fe01bfda4345fc0b71efbbcb10941be3b158565149d8755a95f,7,contract_15,"[2,2,2,2]","[2,2]","[2,2,2,2]",1,8,2,2,0.007874015748031496,0.007274641765384223,1.0,0.9238795042037964,16,4,0,127,0,0,0,127,-53,53,28,4,0,0,4,2,64516,true,0.0028725862503051758,0.0028725864831358194,0.0022057294845581055,0.0028725862503051758,0.0028725864831358194,0.0022057294845581055,0.05207185618543261,0.00574517484724979,true,56,160,2.857142857142857,16,20,40,2,2,0,16,4,128
stress4_l2,0893aab5797f8fe01bfda4345fc0b71efbbcb10941be3b158565149d8755a95f,8,contract_16,"[2,2,2,2]","[2,2]","[2,2,2,2]",1,8,2,2,0.007874015748031496,0.007605715060797263,1.0,0.9659258127212524,16,4,0,127,0,0,0,127,-34,34,28,4,0,0,4,2,64516,true,0.00022473931312561035,0.00022473932767752558,0.00011622905731201172,0.00022473931312561035,0.00022473932767752558,0.00011622905731201172,0.05300827334845168,0.00044946313843019503,true,56,160,2.857142857142857,16,20,40,2,2,0,16,4,128
stress4_l2,0893aab5797f8fe01bfda4345fc0b71efbbcb10941be3b158565149d8755a95f,9,contract_2,[2],"[2,2]",[2],1,1,2,2,0.007874015748031496,0.0055677698353144124,1.0,0.7071067690849304,2,4,0,127,0,0,-127,127,0,0,3,4,0,0,1,4,64516,true,0.0,0.0,0.0,0.0,0.0,0.0,0.01900955528390228,0.0,true,28,48,1.7142857142857142,16,6,12,2,2,0,2,4,16
stress4_l2,0893aab5797f8fe01bfda4345fc0b71efbbcb10941be3b158565149d8755a95f,10,contract_3,[2],"[2,2]",[2],1,1,2,2,0.007874015748031496,0.0055677698353144124,1.0,0.7071067690849304,2,4,0,127,0,0,-127,127,0,0,3,4,0,0,1,4,64516,true,0.0,0.0,0.0,0.0,0.0,0.0,0.01900955528390228,0.0,true,28,48,1.7142857142857142,16,6,12,2,2,0,2,4,16
stress4_l2,0893aab5797f8fe01bfda4345fc0b71efbbcb10941be3b158565149d8755a95f,11,contract_4,"[2,2]","[2,2,2,2]","[2,2,2,2]",1,2,8,2,0.0076765976552888165,0.007874015748031496,0.9749279022216797,1.0,4,16,0,127,-29,29,0,127,0,0,4,28,0,0,2,4,64516,true,0.00010040402412414551,0.00010040403140010312,4.470348358154297e-05,0.00010040402412414551,0.00010040403140010312,4.470348358154297e-05,0.05320946351420924,0.00020079889635399306,true,56,160,2.857142857142857,16,20,40,2,2,0,16,4,128
stress4_l2,0893aab5797f8fe01bfda4345fc0b71efbbcb10941be3b158565149d8755a95f,12,contract_6,"[2,2]","[2,2,2,2]","[2,2,2,2]",1,2,8,2,0.0068190975452032615,0.007874015748031496,0.8660253882408142,1.0,4,16,0,127,-73,73,0,127,0,0,4,28,0,0,2,4,64516,true,0.002205878496170044,0.002205878496170044,0.002202272415161133,0.002205878496170044,0.002205878496170044,0.002202272415161133,0.05074870231040762,0.0044117584003238175,true,56,160,2.857142857142857,16,20,40,2,2,0,16,4,128
stress4_l2,0893aab5797f8fe01bfda4345fc0b71efbbcb10941be3b158565149d8755a95f,13,contract_8,"[2,2]","[2,2,2,2]","[2,2,2,2]",1,2,8,2,0.007274641765384223,0.007874015748031496,0.9238795042037964,1.0,4,16,0,127,-53,53,0,127,0,0,4,28,0,0,2,4,64516,true,0.0028725862503051758,0.0028725864831358194,0.0022057294845581055,0.0028725862503051758,0.0028725864831358194,0.0022057294845581055,0.052106590340191175,0.00574517484724979,true,56,160,2.857142857142857,16,20,40,2,2,0,16,4,128
stress4_l2,0893aab5797f8fe01bfda4345fc0b71efbbcb10941be3b158565149d8755a95f,14,contract_17,"[2,2]",[2],[2],1,2,1,2,0.007488634173325666,0.0055677698353144124,0.9510565400123596,0.7071067690849304,4,2,0,127,-41,41,127,127,0,0,4,2,0,0,2,2,64516,true,0.0014021992683410645,0.0019830092787742615,0.0006110072135925293,0.0014021992683410645,0.0019830092787742615,0.0006110072135925293,0.018459732604474716,0.0019830014422601064,true,28,48,1.7142857142857142,16,6,12,2,2,1,2,4,16
stress4_l2,0893aab5797f8fe01bfda4345fc0b71efbbcb10941be3b158565149d8755a95f,15,contract_19,"[2,2]","[2,2,2,2]","[2,2,2,2]",1,2,8,2,0.005428174349266713,0.0068190975452032615,0.6893781423568726,0.8660253882408142,4,16,-127,127,-29,29,0,127,-73,73,0,24,0,0,4,4,64516,true,0.0014921373222023249,0.002110200934112072,0.00215756893157959,0.0014921373222023249,0.002110200934112072,0.00215756893157959,0.04263019523614716,0.004220366271462236,true,56,160,2.857142857142857,16,20,40,2,2,2,16,4,128
stress4_l2,0893aab5797f8fe01bfda4345fc0b71efbbcb10941be3b158565149d8755a95f,16,contract_20,"[2,2]","[2,2,2,2]","[2,2,2,2]",1,2,8,2,0.004821829908476101,0.007274641765384223,0.6123723983764648,0.9238795042037964,4,16,-127,127,-73,73,0,127,-53,53,0,24,0,0,4,4,64516,true,0.003226866479963064,0.003268844448029995,9.5367431640625e-07,0.003226866479963064,0.003268844448029995,9.5367431640625e-07,0.04270471872782161,0.006537685967540517,true,56,160,2.857142857142857,16,20,40,2,2,2,16,4,128
stress4_l2,0893aab5797f8fe01bfda4345fc0b71efbbcb10941be3b158565149d8755a95f,17,contract_21,"[2,2]","[2,2,2,2]","[2,2,2,2]",1,2,8,2,0.007722718509163443,0.007605715060797263,0.9807852506637573,0.9659258127212524,4,16,0,127,-25,25,0,127,-34,34,4,24,0,0,2,4,64516,true,0.002246572868898511,0.0020459515508264303,0.000901341438293457,0.002246572868898511,0.0020459515508264303,0.000901341438293457,0.052254062320322474,0.004091860028673153,true,56,160,2.857142857142857,16,20,40,2,2,1,16,4,128
stress4_l2,0893aab5797f8fe01bfda4345fc0b71efbbcb10941be3b158565149d8755a95f,18,contract_5,[2],"[2,2,2,2]","[2,2,2]",1,1,8,2,0.0055677698353144124,0.0076765976552888165,0.7071067690849304,0.9749279022216797,2,16,127,127,0,0,0,127,-29,29,2,24,0,0,2,4,64516,true,7.098913192749023e-05,0.00010039379412773997,3.159046173095703e-05,7.098913192749023e-05,0.00010039379412773997,3.159046173095703e-05,0.03284823622141113,0.00014198625883671268,true,52,144,2.769230769230769,16,18,36,2,2,2,8,4,64
stress4_l2,0893aab5797f8fe01bfda4345fc0b71efbbcb10941be3b158565149d8755a95f,19,contract_7,[2],"[2,2,2,2]","[2,2,2]",1,1,8,2,0.0055677698353144124,0.0068190975452032615,0.7071067690849304,0.8660253882408142,2,16,127,127,0,0,0,127,-73,73,2,24,0,0,2,4,64516,true,0.0015597939491271973,0.0022058819886296988,0.0015571117401123047,0.0015597939491271973,0.0022058819886296988,0.0015571117401123047,0.03042285965378603,0.0031195842284363895,true,52,144,2.769230769230769,16,18,36,2,2,2,8,4,64
stress4_l2,0893aab5797f8fe01bfda4345fc0b71efbbcb10941be3b158565149d8755a95f,20,contract_9,[2],"[2,2,2,2]","[2,2,2]",1,1,8,2,0.0055677698353144124,0.007274641765384223,0.7071067690849304,0.9238795042037964,2,16,127,127,0,0,0,127,-53,53,2,24,0,0,2,4,64516,true,0.0020312070846557617,0.0028725608717650175,0.001559615135192871,0.0020312070846557617,0.0028725608717650175,0.001559615135192871,0.031711333092768704,0.004062452024066854,true,52,144,2.769230769230769,16,18,36,2,2,2,8,4,64
stress4_l2,0893aab5797f8fe01bfda4345fc0b71efbbcb10941be3b158565149d8755a95f,21,contract_18,"[2,2,2]",[2],"[2,2]",1,4,1,2,0.005428174349266713,0.00529526396999209,0.6893781423568726,0.6724985241889954,8,2,0,127,-29,29,127,127,-41,41,8,0,0,0,4,2,64516,true,0.0010349323274567723,0.0019786639604717493,0.0005886554718017578,0.0010349323274567723,0.0019786639604717493,0.0005886554718017578,0.01834515042631346,0.0019786805516775648,true,36,80,2.2222222222222223,16,10,20,2,2,2,4,4,32
stress4_l2,0893aab5797f8fe01bfda4345fc0b71efbbcb10941be3b158565149d8755a95f,22,contract_23,"[2,2]","[2,2,2,2]","[2,2,2,2]",1,2,8,2,0.00529526396999209,0.004083918774221826,0.6724985241889954,0.5186576843261719,4,16,-127,127,-41,41,-127,127,-117,117,0,16,0,0,4,8,64516,true,0.0012844732264056802,0.0020065929275006056,4.363059997558594e-05,0.003179971594363451,0.005201388616114855,0.006593227386474609,0.031293150373578944,0.004013212774519571,true,56,160,2.857142857142857,16,20,40,2,2,2,16,4,128
stress4_l2,0893aab5797f8fe01bfda4345fc0b71efbbcb10941be3b158565149d8755a95f,23,contract_25,"[2,2]","[2,2,2,2]","[2,2,2,2]",1,2,8,2,0.005143948427335484,0.0078526932423509,0.6532814502716064,0.9972920417785645,4,16,-127,127,-53,53,0,127,-56,56,0,24,0,0,4,2,64516,true,0.0037324707955121994,0.0035126812290400267,7.510185241699219e-06,0.005658891052007675,0.004879678599536419,0.00061798095703125,0.04601256681786511,0.007025367084758076,true,56,160,2.857142857142857,16,20,40,2,2,2,16,4,128
stress4_l2,0893aab5797f8fe01bfda4345fc0b71efbbcb10941be3b158565149d8755a95f,24,contract_22,"[2,2,2]","[2,2]","[2,2,2]",1,4,2,2,0.004821829908476101,0.003919542774440735,0.6123723983764648,0.4977819323539734,8,4,0,127,-73,73,110,127,-65,65,8,0,0,0,4,2,64516,true,0.0022791267838329077,0.005255537107586861,0.003612339496612549,0.0023979826364666224,0.004777101334184408,0.0006580352783203125,0.01747734177018019,0.005255537160242172,true,40,96,2.4,16,12,24,2,2,2,8,4,64
stress4_l2,0893aab5797f8fe01bfda4345fc0b71efbbcb10941be3b158565149d8755a95f,25,contract_24,"[2,2,2]","[2,2,2,2]","[2,2,2]",1,2,4,4,0.00278505260550131,0.0035632574182795727,0.3537016808986664,0.45253369212150574,8,16,63,127,-111,111,-127,127,-122,122,0,0,0,0,2,8,129032,true,0.0015155426226556301,0.0031481911428272724,0.0006328821182250977,0.004299885593354702,0.007393961306661367,0.0018295049667358398,0.02123403879270109,0.0031482183208395107,true,64,192,3.0,16,24,48,2,2,2,8,4,128
stress4_l2,0893aab5797f8fe01bfda4345fc0b71efbbcb10941be3b158565149d8755a95f,26,contract_26,"[2,2,2]","[2,2,2]","[2,2,2,2]",1,4,4,2,0.005143948427335484,0.004132623278249906,0.6532814502716064,0.524843156337738,8,8,0,127,-53,53,-64,127,-63,48,8,0,0,0,4,1,64516,true,0.0020396194886416197,0.004564700182527304,9.006261825561523e-05,0.003928894177079201,0.00894542783498764,0.001429915428161621,0.022002395838084998,0.004564713958825367,true,48,128,2.6666666666666665,16,16,32,2,2,2,16,4,128
stress4_l2,0893aab5797f8fe01bfda4345fc0b71efbbcb10941be3b158565149d8755a95f,27,contract_27,"[2,2,2,2]","[2,2,2,2]","[2,2,2,2]",1,4,4,4,0.005523398166566383,0.0031699528844337764,0.7014715671539307,0.4025840163230896,16,16,-127,127,-102,102,-71,127,-97,51,16,2,0,0,4,1,129032,true,0.002786512952297926,0.0056562721729278564,0.0024539828300476074,0.004938193131238222,0.011548401787877083,0.0008321404457092285,0.03353731481719127,0.005656252193595617,true,80,256,3.2,16,32,64,2,2,2,16,4,256
stress4_l2,0893aab5797f8fe01bfda4345fc0b71efbbcb10941be3b158565149d8755a95f,28,contract_28,"[2,2,2,2]","[2,2,2,2]","[2,2,2,2]",1,4,4,4,0.00554890613856278,0.0035438314666898234,0.7047110795974731,0.45006659626960754,16,16,-127,127,-96,96,-72,127,-80,54,16,1,0,0,2,1,129032,true,0.003595602000132203,0.008156638592481613,0.003971278667449951,0.004636859055608511,0.011377864517271519,0.0001984238624572754,0.035821634244723205,0.008156622164769008,true,80,256,3.2,16,32,64,2,2,2,16,4,256
ghz18,83da361a1f41fb6ad1126a28e4912204d26ee08f2cf5d1f2f3e6a45afa680193,0,contract_0,[2],"[2,2,2,2]","[2,2,2]",1,1,8,2,0.007874015748031496,0.007874015748031496,1.0,1.0,2,16,0,127,0,0,0,127,0,0,3,28,0,0,1,4,64516,true,0.0,0.0,0.0,0.0,0.0,0.0,0.03801911121847394,1.5700924586837752e-16,true,52,144,2.769230769230769,16,18,36,2,2,0,8,4,64
ghz18,83da361a1f41fb6ad1126a28e4912204d26ee08f2cf5d1f2f3e6a45afa680193,1,contract_1,[2],"[2,2,2,2]","[2,2,2]",1,1,8,2,0.007874015748031496,0.007874015748031496,1.0,1.0,2,16,0,127,0,0,0,127,0,0,3,28,0,0,1,4,64516,true,0.0,0.0,0.0,0.0,0.0,0.0,0.03801911121847394,1.5700924586837752e-16,true,52,144,2.769230769230769,16,18,36,2,2,0,8,4,64
ghz18,83da361a1f41fb6ad1126a28e4912204d26ee08f2cf5d1f2f3e6a45afa680193,2,contract_10,[2],"[2,2,2,2]","[2,2,2]",1,1,8,2,0.007874015748031496,0.007874015748031496,1.0,1.0,2,16,0,127,0,0,0,127,0,0,3,28,0,0,1,4,64516,true,0.0,0.0,0.0,0.0,0.0,0.0,0.03801911121847394,1.5700924586837752e-16,true,52,144,2.769230769230769,16,18,36,2,2,0,8,4,64
ghz18,83da361a1f41fb6ad1126a28e4912204d26ee08f2cf5d1f2f3e6a45afa680193,3,contract_11,[2],"[2,2,2,2]","[2,2,2]",1,1,8,2,0.007874015748031496,0.007874015748031496,1.0,1.0,2,16,0,127,0,0,0,127,0,0,3,28,0,0,1,4,64516,true,0.0,0.0,0.0,0.0,0.0,0.0,0.03801911121847394,1.5700924586837752e-16,true,52,144,2.769230769230769,16,18,36,2,2,0,8,4,64
ghz18,83da361a1f41fb6ad1126a28e4912204d26ee08f2cf5d1f2f3e6a45afa680193,4,contract_12,[2],"[2,2,2,2]","[2,2,2]",1,1,8,2,0.007874015748031496,0.007874015748031496,1.0,1.0,2,16,0,127,0,0,0,127,0,0,3,28,0,0,1,4,64516,true,0.0,0.0,0.0,0.0,0.0,0.0,0.03801911121847394,1.5700924586837752e-16,true,52,144,2.769230769230769,16,18,36,2,2,0,8,4,64
ghz18,83da361a1f41fb6ad1126a28e4912204d26ee08f2cf5d1f2f3e6a45afa680193,5,contract_13,[2],"[2,2,2,2]","[2,2,2]",1,1,8,2,0.007874015748031496,0.007874015748031496,1.0,1.0,2,16,0,127,0,0,0,127,0,0,3,28,0,0,1,4,64516,true,0.0,0.0,0.0,0.0,0.0,0.0,0.03801911121847394,1.5700924586837752e-16,true,52,144,2.769230769230769,16,18,36,2,2,0,8,4,64
ghz18,83da361a1f41fb6ad1126a28e4912204d26ee08f2cf5d1f2f3e6a45afa680193,6,contract_14,[2],"[2,2,2,2]","[2,2,2]",1,1,8,2,0.007874015748031496,0.007874015748031496,1.0,1.0,2,16,0,127,0,0,0,127,0,0,3,28,0,0,1,4,64516,true,0.0,0.0,0.0,0.0,0.0,0.0,0.03801911121847394,1.5700924586837752e-16,true,52,144,2.769230769230769,16,18,36,2,2,0,8,4,64
ghz18,83da361a1f41fb6ad1126a28e4912204d26ee08f2cf5d1f2f3e6a45afa680193,7,contract_15,[2],"[2,2,2,2]","[2,2,2]",1,1,8,2,0.007874015748031496,0.007874015748031496,1.0,1.0,2,16,0,127,0,0,0,127,0,0,3,28,0,0,1,4,64516,true,0.0,0.0,0.0,0.0,0.0,0.0,0.03801911121847394,1.5700924586837752e-16,true,52,144,2.769230769230769,16,18,36,2,2,0,8,4,64
ghz18,83da361a1f41fb6ad1126a28e4912204d26ee08f2cf5d1f2f3e6a45afa680193,8,contract_16,[2],"[2,2,2,2]","[2,2,2]",1,1,8,2,0.007874015748031496,0.007874015748031496,1.0,1.0,2,16,0,127,0,0,0,127,0,0,3,28,0,0,1,4,64516,true,0.0,0.0,0.0,0.0,0.0,0.0,0.03801911121847394,1.5700924586837752e-16,true,52,144,2.769230769230769,16,18,36,2,2,0,8,4,64
ghz18,83da361a1f41fb6ad1126a28e4912204d26ee08f2cf5d1f2f3e6a45afa680193,9,contract_17,[2],"[2,2]",[2],1,1,2,2,0.007874015748031496,0.0055677698353144124,1.0,0.7071067690849304,2,4,0,127,0,0,-127,127,0,0,3,4,0,0,1,4,64516,true,0.0,0.0,0.0,0.0,0.0,0.0,0.01900955528390228,0.0,true,28,48,1.7142857142857142,16,6,12,2,2,0,2,4,16
ghz18,83da361a1f41fb6ad1126a28e4912204d26ee08f2cf5d1f2f3e6a45afa680193,10,contract_2,[2],"[2,2,2,2]","[2,2,2]",1,1,8,2,0.007874015748031496,0.007874015748031496,1.0,1.0,2,16,0,127,0,0,0,127,0,0,3,28,0,0,1,4,64516,true,0.0,0.0,0.0,0.0,0.0,0.0,0.03801911121847394,1.5700924586837752e-16,true,52,144,2.769230769230769,16,18,36,2,2,0,8,4,64
ghz18,83da361a1f41fb6ad1126a28e4912204d26ee08f2cf5d1f2f3e6a45afa680193,11,contract_3,[2],"[2,2,2,2]","[2,2,2]",1,1,8,2,0.007874015748031496,0.007874015748031496,1.0,1.0,2,16,0,127,0,0,0,127,0,0,3,28,0,0,1,4,64516,true,0.0,0.0,0.0,0.0,0.0,0.0,0.03801911121847394,1.5700924586837752e-16,true,52,144,2.769230769230769,16,18,36,2,2,0,8,4,64
ghz18,83da361a1f41fb6ad1126a28e4912204d26ee08f2cf5d1f2f3e6a45afa680193,12,contract_4,[2],"[2,2,2,2]","[2,2,2]",1,1,8,2,0.007874015748031496,0.007874015748031496,1.0,1.0,2,16,0,127,0,0,0,127,0,0,3,28,0,0,1,4,64516,true,0.0,0.0,0.0,0.0,0.0,0.0,0.03801911121847394,1.5700924586837752e-16,true,52,144,2.769230769230769,16,18,36,2,2,0,8,4,64
ghz18,83da361a1f41fb6ad1126a28e4912204d26ee08f2cf5d1f2f3e6a45afa680193,13,contract_5,[2],"[2,2,2,2]","[2,2,2]",1,1,8,2,0.007874015748031496,0.007874015748031496,1.0,1.0,2,16,0,127,0,0,0,127,0,0,3,28,0,0,1,4,64516,true,0.0,0.0,0.0,0.0,0.0,0.0,0.03801911121847394,1.5700924586837752e-16,true,52,144,2.769230769230769,16,18,36,2,2,0,8,4,64
ghz18,83da361a1f41fb6ad1126a28e4912204d26ee08f2cf5d1f2f3e6a45afa680193,14,contract_6,[2],"[2,2,2,2]","[2,2,2]",1,1,8,2,0.007874015748031496,0.007874015748031496,1.0,1.0,2,16,0,127,0,0,0,127,0,0,3,28,0,0,1,4,64516,true,0.0,0.0,0.0,0.0,0.0,0.0,0.03801911121847394,1.5700924586837752e-16,true,52,144,2.769230769230769,16,18,36,2,2,0,8,4,64
ghz18,83da361a1f41fb6ad1126a28e4912204d26ee08f2cf5d1f2f3e6a45afa680193,15,contract_7,[2],"[2,2,2,2]","[2,2,2]",1,1,8,2,0.007874015748031496,0.007874015748031496,1.0,1.0,2,16,0,127,0,0,0,127,0,0,3,28,0,0,1,4,64516,true,0.0,0.0,0.0,0.0,0.0,0.0,0.03801911121847394,1.5700924586837752e-16,true,52,144,2.769230769230769,16,18,36,2,2,0,8,4,64
ghz18,83da361a1f41fb6ad1126a28e4912204d26ee08f2cf5d1f2f3e6a45afa680193,16,contract_8,[2],"[2,2,2,2]","[2,2,2]",1,1,8,2,0.007874015748031496,0.007874015748031496,1.0,1.0,2,16,0,127,0,0,0,127,0,0,3,28,0,0,1,4,64516,true,0.0,0.0,0.0,0.0,0.0,0.0,0.03801911121847394,1.5700924586837752e-16,true,52,144,2.769230769230769,16,18,36,2,2,0,8,4,64
ghz18,83da361a1f41fb6ad1126a28e4912204d26ee08f2cf5d1f2f3e6a45afa680193,17,contract_9,[2],"[2,2,2,2]","[2,2,2]",1,1,8,2,0.007874015748031496,0.007874015748031496,1.0,1.0,2,16,0,127,0,0,0,127,0,0,3,28,0,0,1,4,64516,true,0.0,0.0,0.0,0.0,0.0,0.0,0.03801911121847394,1.5700924586837752e-16,true,52,144,2.769230769230769,16,18,36,2,2,0,8,4,64
ghz18,83da361a1f41fb6ad1126a28e4912204d26ee08f2cf5d1f2f3e6a45afa680193,18,contract_18,"[2,2,2]",[2],"[2,2]",1,4,1,2,0.007874015748031496,0.0055677698353144124,1.0,0.7071067690849304,8,2,0,127,0,0,127,127,0,0,14,2,0,0,2,2,64516,true,0.0,0.0,0.0,0.0,0.0,0.0,0.023622046839820367,0.0,true,36,80,2.2222222222222223,16,10,20,2,2,2,4,4,32
ghz18,83da361a1f41fb6ad1126a28e4912204d26ee08f2cf5d1f2f3e6a45afa680193,19,contract_20,"[2,2,2]","[2,2,2]","[2,2,2,2]",1,4,4,2,0.007874015748031496,0.007874015748031496,1.0,1.0,8,8,0,127,0,0,0,127,0,0,14,14,0,0,2,2,64516,true,0.0,0.0,0.0,0.0,0.0,0.0,0.04454215944482189,1.5700924586837752e-16,true,48,128,2.6666666666666665,16,16,32,2,2,2,16,4,128
ghz18,83da361a1f41fb6ad1126a28e4912204d26ee08f2cf5d1f2f3e6a45afa680193,20,contract_21,"[2,2,2]","[2,2,2]","[2,2,2,2]",1,4,4,2,0.007874015748031496,0.007874015748031496,1.0,1.0,8,8,0,127,0,0,0,127,0,0,14,14,0,0,2,2,64516,true,0.0,0.0,0.0,0.0,0.0,0.0,0.04454215944482189,1.5700924586837752e-16,true,48,128,2.6666666666666665,16,16,32,2,2,2,16,4,128
ghz18,83da361a1f41fb6ad1126a28e4912204d26ee08f2cf5d1f2f3e6a45afa680193,21,contract_22,"[2,2,2]","[2,2,2]","[2,2,2,2]",1,4,4,2,0.007874015748031496,0.007874015748031496,1.0,1.0,8,8,0,127,0,0,0,127,0,0,14,14,0,0,2,2,64516,true,0.0,0.0,0.0,0.0,0.0,0.0,0.04454215944482189,1.5700924586837752e-16,true,48,128,2.6666666666666665,16,16,32,2,2,2,16,4,128
ghz18,83da361a1f41fb6ad1126a28e4912204d26ee08f2cf5d1f2f3e6a45afa680193,22,contract_23,"[2,2,2]","[2,2,2]","[2,2,2,2]",1,4,4,2,0.007874015748031496,0.007874015748031496,1.0,1.0,8,8,0,127,0,0,0,127,0,0,14,14,0,0,2,2,64516,true,0.0,0.0,0.0,0.0,0.0,0.0,0.04454215944482189,1.5700924586837752e-16,true,48,128,2.6666666666666665,16,16,32,2,2,2,16,4,128
ghz18,83da361a1f41fb6ad1126a28e4912204d26ee08f2cf5d1f2f3e6a45afa680193,23,contract_24,"[2,2,2]","[2,2,2]","[2,2,2,2]",1,4,4,2,0.007874015748031496,0.007874015748031496,1.0,1.0,8,8,0,127,0,0,0,127,0,0,14,14,0,0,2,2,64516,true,0.0,0.0,0.0,0.0,0.0,0.0,0.04454215944482189,1.5700924586837752e-16,true,48,128,2.6666666666666665,16,16,32,2,2,2,16,4,128
ghz18,83da361a1f41fb6ad1126a28e4912204d26ee08f2cf5d1f2f3e6a45afa680193,24,contract_25,"[2,2,2]","[2,2,2]","[2,2,2,2]",1,4,4,2,0.007874015748031496,0.007874015748031496,1.0,1.0,8,8,0,127,0,0,0,127,0,0,14,14,0,0,2,2,64516,true,0.0,0.0,0.0,0.0,0.0,0.0,0.04454215944482189,1.5700924586837752e-16,true,48,128,2.6666666666666665,16,16,32,2,2,2,16,4,128
ghz18,83da361a1f41fb6ad1126a28e4912204d26ee08f2cf5d1f2f3e6a45afa680193,25,contract_26,"[2,2,2]","[2,2,2]","[2,2,2,2]",1,4,4,2,0.007874015748031496,0.007874015748031496,1.0,1.0,8,8,0,127,0,0,0,127,0,0,14,14,0,0,2,2,64516,true,0.0,0.0,0.0,0.0,0.0,0.0,0.04454215944482189,1.5700924586837752e-16,true,48,128,2.6666666666666665,16,16,32,2,2,2,16,4,128
ghz18,83da361a1f41fb6ad1126a28e4912204d26ee08f2cf5d1f2f3e6a45afa680193,26,contract_19,"[2,2,2]","[2,2]","[2,2,2]",1,4,2,2,0.007874015748031496,0.0055677698353144124,1.0,0.7071067690849304,8,4,0,127,0,0,0,127,0,0,14,6,0,0,2,2,64516,true,0.0,0.0,0.0,0.0,0.0,0.0,0.02688357089717574,0.0,true,40,96,2.4,16,12,24,2,2,2,8,4,64
ghz18,83da361a1f41fb6ad1126a28e4912204d26ee08f2cf5d1f2f3e6a45afa680193,27,contract_27,"[2,2,2]","[2,2,2,2]","[2,2,2,2,2]",1,4,8,2,0.007874015748031496,0.007874015748031496,1.0,1.0,8,16,0,127,0,0,0,127,0,0,14,30,0,0,2,2,64516,true,0.0,0.0,0.0,0.0,0.0,0.0,0.053767142714536934,1.5700924586837752e-16,true,64,192,3.0,16,24,48,2,2,2,32,4,256
ghz18,83da361a1f41fb6ad1126a28e4912204d26ee08f2cf5d1f2f3e6a45afa680193,28,contract_28,"[2,2,2,2]","[2,2,2,2,2]","[2,2,2,2,2,2,2]",1,8,16,2,0.007874015748031496,0.007874015748031496,1.0,1.0,16,32,0,127,0,0,0,127,0,0,30,62,0,0,2,2,64516,true,0.0,0.0,0.0,0.0,0.0,0.0,0.07603822243694788,1.5700924586837752e-16,true,112,384,3.4285714285714284,16,48,96,2,2,2,128,4,1024
ghz18,83da361a1f41fb6ad1126a28e4912204d26ee08f2cf5d1f2f3e6a45afa680193,29,contract_29,"[2,2,2,2]","[2,2,2,2,2,2,2]","[2,2,2,2,2,2,2,2,2]",1,8,64,2,0.007874015748031496,0.007874015748031496,1.0,1.0,16,128,0,127,0,0,0,127,0,0,30,254,0,0,2,2,64516,true,0.0,0.0,0.0,0.0,0.0,0.0,0.12058038188176977,1.5700924586837752e-16,true,304,1152,3.789473684210526,16,144,288,2,2,2,512,4,4096
ghz18,83da361a1f41fb6ad1126a28e4912204d26ee08f2cf5d1f2f3e6a45afa680193,30,contract_30,"[2,2,2,2]","[2,2,2,2,2,2,2,2,2]","[2,2,2,2,2,2,2,2,2,2,2]",1,8,256,2,0.007874015748031496,0.007874015748031496,1.0,1.0,16,512,0,127,0,0,0,127,0,0,30,1022,0,0,2,2,64516,true,0.0,0.0,0.0,0.0,0.0,0.0,0.20966470077141355,1.5700924586837752e-16,true,1072,4224,3.9402985074626864,16,528,1056,2,2,2,2048,4,16384
ghz18,83da361a1f41fb6ad1126a28e4912204d26ee08f2cf5d1f2f3e6a45afa680193,31,contract_31,"[2,2,2,2]","[2,2,2,2,2,2,2,2,2,2,2]","[2,2,2,2,2,2,2,2,2,2,2,2,2]",1,8,1024,2,0.007874015748031496,0.007874015748031496,1.0,1.0,16,2048,0,127,0,0,0,127,0,0,30,4094,0,0,2,2,64516,true,0.0,0.0,0.0,0.0,0.0,0.0,0.3878333385507011,1.5700924586837752e-16,true,4144,16512,3.9845559845559846,16,2064,4128,2,2,2,8192,4,65536
ghz18,83da361a1f41fb6ad1126a28e4912204d26ee08f2cf5d1f2f3e6a45afa680193,32,contract_32,"[2,2,2,2]","[2,2,2,2,2,2,2,2,2,2,2,2,2]","[2,2,2,2,2,2,2,2,2,2,2,2,2,2,2]",1,8,4096,2,0.007874015748031496,0.007874015748031496,1.0,1.0,16,8192,0,127,0,0,0,127,0,0,30,16382,0,0,2,2,64516,true,0.0,0.0,0.0,0.0,0.0,0.0,0.7441706141092763,1.5700924586837752e-16,true,16432,65664,3.9961051606621227,16,8208,16416,2,2,2,32768,4,262144
ghz18,83da361a1f41fb6ad1126a28e4912204d26ee08f2cf5d1f2f3e6a45afa680193,33,contract_33,"[2,2,2,2]","[2,2,2,2,2,2,2,2,2,2,2,2,2,2,2]","[2,2,2,2,2,2,2,2,2,2,2,2,2,2,2,2,2]",1,8,16384,2,0.007874015748031496,0.007874015748031496,1.0,1.0,16,32768,0,127,0,0,0,127,0,0,30,65534,0,0,2,2,64516,true,0.0,0.0,0.0,0.0,0.0,0.0,1.4568451652264265,1.5700924586837752e-16,true,65584,262272,3.9990241522322516,16,32784,65568,2,2,2,131072,4,1048576
ghz18,83da361a1f41fb6ad1126a28e4912204d26ee08f2cf5d1f2f3e6a45afa680193,34,contract_34,"[2,2,2]","[2,2,2,2,2,2,2,2,2,2,2,2,2,2,2,2,2]","[2,2,2,2,2,2,2,2,2,2,2,2,2,2,2,2,2,2]",1,4,65536,2,0.0055677698353144124,0.007874015748031496,0.7071067690849304,1.0,8,131072,0,127,0,0,0,127,0,0,14,262142,0,0,2,2,64516,true,0.0,0.0,0.0,0.0,0.0,0.0,2.0314960282245518,0.0,true,262176,1048640,3.999755889173685,16,131080,262160,2,2,2,262144,4,2097152
hs18_d1,dd46d96263bc04008e7800fc0c50b8bd6824badb435b2878a38398ab3d6a8bef,0,contract_0,[2],"[2,2]",[2],1,1,2,2,0.007874015748031496,0.0055677698353144124,1.0,0.7071067690849304,2,4,0,127,0,0,-127,127,0,0,3,4,0,0,1,4,64516,true,0.0,0.0,0.0,0.0,0.0,0.0,0.01900955528390228,0.0,true,28,48,1.7142857142857142,16,6,12,2,2,0,2,4,16
hs18_d1,dd46d96263bc04008e7800fc0c50b8bd6824badb435b2878a38398ab3d6a8bef,1,contract_10,[2],"[2,2]",[2],1,1,2,2,0.007874015748031496,0.0055677698353144124,1.0,0.7071067690849304,2,4,0,127,0,0,-127,127,0,0,3,4,0,0,1,4,64516,true,0.0,0.0,0.0,0.0,0.0,0.0,0.01900955528390228,0.0,true,28,48,1.7142857142857142,16,6,12,2,2,0,2,4,16
hs18_d1,dd46d96263bc04008e7800fc0c50b8bd6824badb435b2878a38398ab3d6a8bef,2,contract_12,[2],"[2,2]",[2],1,1,2,2,0.007874015748031496,0.0055677698353144124,1.0,0.7071067690849304,2,4,0,127,0,0,-127,127,0,0,3,4,0,0,1,4,64516,true,0.0,0.0,0.0,0.0,0.0,0.0,0.01900955528390228,0.0,true,28,48,1.7142857142857142,16,6,12,2,2,0,2,4,16
hs18_d1,dd46d96263bc04008e7800fc0c50b8bd6824badb435b2878a38398ab3d6a8bef,3,contract_14,[2],"[2,2]",[2],1,1,2,2,0.007874015748031496,0.0055677698353144124,1.0,0.7071067690849304,2,4,0,127,0,0,-127,127,0,0,3,4,0,0,1,4,64516,true,0.0,0.0,0.0,0.0,0.0,0.0,0.01900955528390228,0.0,true,28,48,1.7142857142857142,16,6,12,2,2,0,2,4,16
hs18_d1,dd46d96263bc04008e7800fc0c50b8bd6824badb435b2878a38398ab3d6a8bef,4,contract_16,[2],"[2,2]",[2],1,1,2,2,0.007874015748031496,0.0055677698353144124,1.0,0.7071067690849304,2,4,0,127,0,0,-127,127,0,0,3,4,0,0,1,4,64516,true,0.0,0.0,0.0,0.0,0.0,0.0,0.01900955528390228,0.0,true,28,48,1.7142857142857142,16,6,12,2,2,0,2,4,16
hs18_d1,dd46d96263bc04008e7800fc0c50b8bd6824badb435b2878a38398ab3d6a8bef,5,contract_18,[2],"[2,2]",[2],1,1,2,2,0.007874015748031496,0.0055677698353144124,1.0,0.7071067690849304,2,4,0,127,0,0,-127,127,0,0,3,4,0,0,1,4,64516,true,0.0,0.0,0.0,0.0,0.0,0.0,0.01900955528390228,0.0,true,28,48,1.7142857142857142,16,6,12,2,2,0,2,4,16
hs18_d1,dd46d96263bc04008e7800fc0c50b8bd6824badb435b2878a38398ab3d6a8bef,6,contract_2,[2],"[2,2]",[2],1,1,2,2,0.007874015748031496,0.0055677698353144124,1.0,0.7071067690849304,2,4,0,127,0,0,-127,127,0,0,3,4,0,0,1,4,64516,true,0.0,0.0,0.0,0.0,0.0,0.0,0.01900955528390228,0.0,true,28,48,1.7142857142857142,16,6,12,2,2,0,2,4,16
hs18_d1,dd46d96263bc04008e7800fc0c50b8bd6824badb435b2878a38398ab3d6a8bef,7,contract_20,[2],"[2,2]",[2],1,1,2,2,0.007874015748031496,0.0055677698353144124,1.0,0.7071067690849304,2,4,0,127,0,0,-127,127,0,0,3,4,0,0,1,4,64516,true,0.0,0.0,0.0,0.0,0.0,0.0,0.01900955528390228,0.0,true,28,48,1.7142857142857142,16,6,12,2,2,0,2,4,16
hs18_d1,dd46d96263bc04008e7800fc0c50b8bd6824badb435b2878a38398ab3d6a8bef,8,contract_22,[2],"[2,2]",[2],1,1,2,2,0.007874015748031496,0.0055677698353144124,1.0,0.7071067690849304,2,4,0,127,0,0,-127,127,0,0,3,4,0,0,1,4,64516,true,0.0,0.0,0.0,0.0,0.0,0.0,0.01900955528390228,0.0,true,28,48,1.7142857142857142,16,6,12,2,2,0,2,4,16
hs18_d1,dd46d96263bc04008e7800fc0c50b8bd6824badb435b2878a38398ab3d6a8bef,9,contract_24,[2],"[2,2]",[2],1,1,2,2,0.007874015748031496,0.0055677698353144124,1.0,0.7071067690849304,2,4,0,127,0,0,-127,127,0,0,3,4,0,0,1,4,64516,true,0.0,0.0,0.0,0.0,0.0,0.0,0.01900955528390228,0.0,true,28,48,1.7142857142857142,16,6,12,2,2,0,2,4,16
hs18_d1,dd46d96263bc04008e7800fc0c50b8bd6824badb435b2878a38398ab3d6a8bef,10,contract_26,[2],"[2,2]",[2],1,1,2,2,0.007874015748031496,0.0055677698353144124,1.0,0.7071067690849304,2,4,0,127,0,0,-127,127,0,0,3,4,0,0,1,4,64516,true,0.0,0.0,0.0,0.0,0.0,0.0,0.01900955528390228,0.0,true,28,48,1.7142857142857142,16,6,12,2,2,0,2,4,16
hs18_d1,dd46d96263bc04008e7800fc0c50b8bd6824badb435b2878a38398ab3d6a8bef,11,contract_28,[2],"[2,2]",[2],1,1,2,2,0.007874015748031496,0.0055677698353144124,1.0,0.7071067690849304,2,4,0,127,0,0,-127,127,0,0,3,4,0,0,1,4,64516,true,0.0,0.0,0.0,0.0,0.0,0.0,0.01900955528390228,0.0,true,28,48,1.7142857142857142,16,6,12,2,2,0,2,4,16
hs18_d1,dd46d96263bc04008e7800fc0c50b8bd6824badb435b2878a38398ab3d6a8bef,12,contract_30,[2],"[2,2]",[2],1,1,2,2,0.007874015748031496,0.0055677698353144124,1.0,0.7071067690849304,2,4,0,127,0,0,-127,127,0,0,3,4,0,0,1,4,64516,true,0.0,0.0,0.0,0.0,0.0,0.0,0.01900955528390228,0.0,true,28,48,1.7142857142857142,16,6,12,2,2,0,2,4,16
hs18_d1,dd46d96263bc04008e7800fc0c50b8bd6824badb435b2878a38398ab3d6a8bef,13,contract_32,[2],"[2,2]",[2],1,1,2,2,0.007874015748031496,0.0055677698353144124,1.0,0.7071067690849304,2,4,0,127,0,0,-127,127,0,0,3,4,0,0,1,4,64516,true,0.0,0.0,0.0,0.0,0.0,0.0,0.01900955528390228,0.0,true,28,48,1.7142857142857142,16,6,12,2,2,0,2,4,16
hs18_d1,dd46d96263bc04008e7800fc0c50b8bd6824badb435b2878a38398ab3d6a8bef,14,contract_34,[2],"[2,2]",[2],1,1,2,2,0.007874015748031496,0.0055677698353144124,1.0,0.7071067690849304,2,4,0,127,0,0,-127,127,0,0,3,4,0,0,1,4,64516,true,0.0,0.0,0.0,0.0,0.0,0.0,0.01900955528390228,0.0,true,28,48,1.7142857142857142,16,6,12,2,2,0,2,4,16
hs18_d1,dd46d96263bc04008e7800fc0c50b8bd6824badb435b2878a38398ab3d6a8bef,15,contract_4,[2],"[2,2]",[2],1,1,2,2,0.007874015748031496,0.0055677698353144124,1.0,0.7071067690849304,2,4,0,127,0,0,-127,127,0,0,3,4,0,0,1,4,64516,true,0.0,0.0,0.0,0.0,0.0,0.0,0.01900955528390228,0.0,true,28,48,1.7142857142857142,16,6,12,2,2,0,2,4,16
hs18_d1,dd46d96263bc04008e7800fc0c50b8bd6824badb435b2878a38398ab3d6a8bef,16,contract_6,[2],"[2,2]",[2],1,1,2,2,0.007874015748031496,0.0055677698353144124,1.0,0.7071067690849304,2,4,0,127,0,0,-127,127,0,0,3,4,0,0,1,4,64516,true,0.0,0.0,0.0,0.0,0.0,0.0,0.01900955528390228,0.0,true,28,48,1.7142857142857142,16,6,12,2,2,0,2,4,16
hs18_d1,dd46d96263bc04008e7800fc0c50b8bd6824badb435b2878a38398ab3d6a8bef,17,contract_8,[2],"[2,2]",[2],1,1,2,2,0.007874015748031496,0.0055677698353144124,1.0,0.7071067690849304,2,4,0,127,0,0,-127,127,0,0,3,4,0,0,1,4,64516,true,0.0,0.0,0.0,0.0,0.0,0.0,0.01900955528390228,0.0,true,28,48,1.7142857142857142,16,6,12,2,2,0,2,4,16
hs18_d1,dd46d96263bc04008e7800fc0c50b8bd6824badb435b2878a38398ab3d6a8bef,18,contract_1,"[2,2,2,2]",[2],"[2,2,2]",1,8,1,2,0.007874015748031496,0.0055677698353144124,1.0,0.7071067690849304,16,2,-127,127,0,0,127,127,0,0,28,2,0,0,4,2,64516,true,0.0,0.0,0.0,0.0,0.0,0.0,0.033406619011886476,0.0,true,52,144,2.769230769230769,16,18,36,2,2,1,8,4,64
hs18_d1,dd46d96263bc04008e7800fc0c50b8bd6824badb435b2878a38398ab3d6a8bef,19,contract_13,"[2,2,2,2]",[2],"[2,2,2]",1,8,1,2,0.007874015748031496,0.0055677698353144124,1.0,0.7071067690849304,16,2,-127,127,0,0,127,127,0,0,28,2,0,0,4,2,64516,true,0.0,0.0,0.0,0.0,0.0,0.0,0.033406619011886476,0.0,true,52,144,2.769230769230769,16,18,36,2,2,1,8,4,64
hs18_d1,dd46d96263bc04008e7800fc0c50b8bd6824badb435b2878a38398ab3d6a8bef,20,contract_17,"[2,2,2,2]",[2],"[2,2,2]",1,8,1,2,0.007874015748031496,0.0055677698353144124,1.0,0.7071067690849304,16,2,-127,127,0,0,127,127,0,0,28,2,0,0,4,2,64516,true,0.0,0.0,0.0,0.0,0.0,0.0,0.033406619011886476,0.0,true,52,144,2.769230769230769,16,18,36,2,2,1,8,4,64
hs18_d1,dd46d96263bc04008e7800fc0c50b8bd6824badb435b2878a38398ab3d6a8bef,21,contract_21,"[2,2,2,2]",[2],"[2,2,2]",1,8,1,2,0.007874015748031496,0.0055677698353144124,1.0,0.7071067690849304,16,2,-127,127,0,0,127,127,0,0,28,2,0,0,4,2,64516,true,0.0,0.0,0.0,0.0,0.0,0.0,0.033406619011886476,0.0,true,52,144,2.769230769230769,16,18,36,2,2,1,8,4,64
hs18_d1,dd46d96263bc04008e7800fc0c50b8bd6824badb435b2878a38398ab3d6a8bef,22,contract_25,"[2,2,2,2]",[2],"[2,2,2]",1,8,1,2,0.007874015748031496,0.0055677698353144124,1.0,0.7071067690849304,16,2,-127,127,0,0,127,127,0,0,28,2,0,0,4,2,64516,true,0.0,0.0,0.0,0.0,0.0,0.0,0.033406619011886476,0.0,true,52,144,2.769230769230769,16,18,36,2,2,1,8,4,64
hs18_d1,dd46d96263bc04008e7800fc0c50b8bd6824badb435b2878a38398ab3d6a8bef,23,contract_29,"[2,2,2,2]",[2],"[2,2,2]",1,8,1,2,0.007874015748031496,0.0055677698353144124,1.0,0.7071067690849304,16,2,-127,127,0,0,127,127,0,0,28,2,0,0,4,2,64516,true,0.0,0.0,0.0,0.0,0.0,0.0,0.033406619011886476,0.0,true,52,144,2.769230769230769,16,18,36,2,2,1,8,4,64
hs18_d1,dd46d96263bc04008e7800fc0c50b8bd6824badb435b2878a38398ab3d6a8bef,24,contract_33,"[2,2,2,2]",[2],"[2,2,2]",1,8,1,2,0.007874015748031496,0.0055677698353144124,1.0,0.7071067690849304,16,2,-127,127,0,0,127,127,0,0,28,2,0,0,4,2,64516,true,0.0,0.0,0.0,0.0,0.0,0.0,0.033406619011886476,0.0,true,52,144,2.769230769230769,16,18,36,2,2,1,8,4,64
hs18_d1,dd46d96263bc04008e7800fc0c50b8bd6824badb435b2878a38398ab3d6a8bef,25,contract_5,"[2,2,2,2]",[2],"[2,2,2]",1,8,1,2,0.007874015748031496,0.0055677698353144124,1.0,0.7071067690849304,16,2,-127,127,0,0,127,127,0,0,28,2,0,0,4,2,64516,true,0.0,0.0,0.0,0.0,0.0,0.0,0.033406619011886476,0.0,true,52,144,2.769230769230769,16,18,36,2,2,1,8,4,64
hs18_d1,dd46d96263bc04008e7800fc0c50b8bd6824badb435b2878a38398ab3d6a8bef,26,contract_9,"[2,2,2,2]",[2],"[2,2,2]",1,8,1,2,0.007874015748031496,0.0055677698353144124,1.0,0.7071067690849304,16,2,-127,127,0,0,127,127,0,0,28,2,0,0,4,2,64516,true,0.0,0.0,0.0,0.0,0.0,0.0,0.033406619011886476,0.0,true,52,144,2.769230769230769,16,18,36,2,2,1,8,4,64
hs18_d1,dd46d96263bc04008e7800fc0c50b8bd6824badb435b2878a38398ab3d6a8bef,27,contract_11,"[2,2,2]",[2],"[2,2]",1,4,1,2,0.0055677698353144124,0.0055677698353144124,0.7071067690849304,0.7071067690849304,8,2,-127,127,0,0,127,127,0,0,12,2,0,0,4,2,64516,true,0.0,0.0,0.0,0.0,0.0,0.0,0.019009554958567598,0.0,true,36,80,2.2222222222222223,16,10,20,2,2,2,4,4,32
hs18_d1,dd46d96263bc04008e7800fc0c50b8bd6824badb435b2878a38398ab3d6a8bef,28,contract_15,"[2,2,2]",[2],"[2,2]",1,4,1,2,0.0055677698353144124,0.0055677698353144124,0.7071067690849304,0.7071067690849304,8,2,-127,127,0,0,127,127,0,0,12,2,0,0,4,2,64516,true,0.0,0.0,0.0,0.0,0.0,0.0,0.019009554958567598,0.0,true,36,80,2.2222222222222223,16,10,20,2,2,2,4,4,32
hs18_d1,dd46d96263bc04008e7800fc0c50b8bd6824badb435b2878a38398ab3d6a8bef,29,contract_19,"[2,2,2]",[2],"[2,2]",1,4,1,2,0.0055677698353144124,0.0055677698353144124,0.7071067690849304,0.7071067690849304,8,2,-127,127,0,0,127,127,0,0,12,2,0,0,4,2,64516,true,0.0,0.0,0.0,0.0,0.0,0.0,0.019009554958567598,0.0,true,36,80,2.2222222222222223,16,10,20,2,2,2,4,4,32
hs18_d1,dd46d96263bc04008e7800fc0c50b8bd6824badb435b2878a38398ab3d6a8bef,30,contract_23,"[2,2,2]",[2],"[2,2]",1,4,1,2,0.0055677698353144124,0.0055677698353144124,0.7071067690849304,0.7071067690849304,8,2,-127,127,0,0,127,127,0,0,12,2,0,0,4,2,64516,true,0.0,0.0,0.0,0.0,0.0,0.0,0.019009554958567598,0.0,true,36,80,2.2222222222222223,16,10,20,2,2,2,4,4,32
hs18_d1,dd46d96263bc04008e7800fc0c50b8bd6824badb435b2878a38398ab3d6a8bef,31,contract_27,"[2,2,2]",[2],"[2,2]",1,4,1,2,0.0055677698353144124,0.0055677698353144124,0.7071067690849304,0.7071067690849304,8,2,-127,127,0,0,127,127,0,0,12,2,0,0,4,2,64516,true,0.0,0.0,0.0,0.0,0.0,0.0,0.019009554958567598,0.0,true,36,80,2.2222222222222223,16,10,20,2,2,2,4,4,32
hs18_d1,dd46d96263bc04008e7800fc0c50b8bd6824badb435b2878a38398ab3d6a8bef,32,contract_3,"[2,2,2]",[2],"[2,2]",1,4,1,2,0.0055677698353144124,0.0055677698353144124,0.7071067690849304,0.7071067690849304,8,2,-127,127,0,0,127,127,0,0,12,2,0,0,4,2,64516,true,0.0,0.0,0.0,0.0,0.0,0.0,0.019009554958567598,0.0,true,36,80,2.2222222222222223,16,10,20,2,2,2,4,4,32
hs18_d1,dd46d96263bc04008e7800fc0c50b8bd6824badb435b2878a38398ab3d6a8bef,33,contract_31,"[2,2,2]",[2],"[2,2]",1,4,1,2,0.0055677698353144124,0.0055677698353144124,0.7071067690849304,0.7071067690849304,8,2,-127,127,0,0,127,127,0,0,12,2,0,0,4,2,64516,true,0.0,0.0,0.0,0.0,0.0,0.0,0.019009554958567598,0.0,true,36,80,2.2222222222222223,16,10,20,2,2,2,4,4,32
hs18_d1,dd46d96263bc04008e7800fc0c50b8bd6824badb435b2878a38398ab3d6a8bef,34,contract_35,"[2,2,2]",[2],"[2,2]",1,4,1,2,0.0055677698353144124,0.0055677698353144124,0.7071067690849304,0.7071067690849304,8,2,-127,127,0,0,127,127,0,0,12,2,0,0,4,2,64516,true,0.0,0.0,0.0,0.0,0.0,0.0,0.019009554958567598,0.0,true,36,80,2.2222222222222223,16,10,20,2,2,2,4,4,32
hs18_d1,dd46d96263bc04008e7800fc0c50b8bd6824badb435b2878a38398ab3d6a8bef,35,contract_7,"[2,2,2]",[2],"[2,2]",1,4,1,2,0.0055677698353144124,0.0055677698353144124,0.7071067690849304,0.7071067690849304,8,2,-127,127,0,0,127,127,0,0,12,2,0,0,4,2,64516,true,0.0,0.0,0.0,0.0,0.0,0.0,0.019009554958567598,0.0,true,36,80,2.2222222222222223,16,10,20,2,2,2,4,4,32
hs18_d1,dd46d96263bc04008e7800fc0c50b8bd6824badb435b2878a38398ab3d6a8bef,36,contract_36,"[2,2]","[2,2]","[2,2]",1,2,2,2,0.007874015748031496,0.003937007639351792,1.0,0.4999999701976776,4,4,0,127,0,0,-127,127,0,0,6,4,0,0,2,4,64516,true,0.0,0.0,0.0,0.0,0.0,0.0,0.019009554476179163,1.1102230246251565e-16,true,32,64,2.0,16,8,16,2,2,1,4,4,32
hs18_d1,dd46d96263bc04008e7800fc0c50b8bd6824badb435b2878a38398ab3d6a8bef,37,contract_37,"[2,2]","[2,2]","[2,2]",1,2,2,2,0.007874015748031496,0.003937007639351792,1.0,0.4999999701976776,4,4,0,127,0,0,-127,127,0,0,6,4,0,0,2,4,64516,true,0.0,0.0,0.0,0.0,0.0,0.0,0.019009554476179163,1.1102230246251565e-16,true,32,64,2.0,16,8,16,2,2,1,4,4,32
hs18_d1,dd46d96263bc04008e7800fc0c50b8bd6824badb435b2878a38398ab3d6a8bef,38,contract_38,"[2,2]","[2,2]","[2,2]",1,2,2,2,0.007874015748031496,0.003937007639351792,1.0,0.4999999701976776,4,4,0,127,0,0,-127,127,0,0,6,4,0,0,2,4,64516,true,0.0,0.0,0.0,0.0,0.0,0.0,0.019009554476179163,1.1102230246251565e-16,true,32,64,2.0,16,8,16,2,2,1,4,4,32
hs18_d1,dd46d96263bc04008e7800fc0c50b8bd6824badb435b2878a38398ab3d6a8bef,39,contract_39,"[2,2]","[2,2]","[2,2]",1,2,2,2,0.007874015748031496,0.003937007639351792,1.0,0.4999999701976776,4,4,0,127,0,0,-127,127,0,0,6,4,0,0,2,4,64516,true,0.0,0.0,0.0,0.0,0.0,0.0,0.019009554476179163,1.1102230246251565e-16,true,32,64,2.0,16,8,16,2,2,1,4,4,32
hs18_d1,dd46d96263bc04008e7800fc0c50b8bd6824badb435b2878a38398ab3d6a8bef,40,contract_40,"[2,2]","[2,2]","[2,2]",1,2,2,2,0.007874015748031496,0.003937007639351792,1.0,0.4999999701976776,4,4,0,127,0,0,-127,127,0,0,6,4,0,0,2,4,64516,true,0.0,0.0,0.0,0.0,0.0,0.0,0.019009554476179163,1.1102230246251565e-16,true,32,64,2.0,16,8,16,2,2,1,4,4,32
hs18_d1,dd46d96263bc04008e7800fc0c50b8bd6824badb435b2878a38398ab3d6a8bef,41,contract_45,"[2,2]","[2,2]","[2,2,2,2]",1,4,4,1,0.003937007639351792,0.003937007639351792,0.4999999701976776,0.4999999701976776,4,4,-127,127,0,0,-127,127,0,0,4,4,0,0,4,4,32258,true,0.0,0.0,0.0,0.0,0.0,0.0,0.011135538533745718,1.1102230246251565e-16,true,32,64,2.0,16,8,16,2,2,2,16,4,64
hs18_d1,dd46d96263bc04008e7800fc0c50b8bd6824badb435b2878a38398ab3d6a8bef,42,contract_46,"[2,2]","[2,2]","[2,2,2,2]",1,4,4,1,0.003937007639351792,0.003937007639351792,0.4999999701976776,0.4999999701976776,4,4,-127,127,0,0,-127,127,0,0,4,4,0,0,4,4,32258,true,0.0,0.0,0.0,0.0,0.0,0.0,0.011135538533745718,1.1102230246251565e-16,true,32,64,2.0,16,8,16,2,2,2,16,4,64
hs18_d1,dd46d96263bc04008e7800fc0c50b8bd6824badb435b2878a38398ab3d6a8bef,43,contract_41,"[2,2]","[2,2]","[2,2]",1,2,2,2,0.007874015748031496,0.003937007639351792,1.0,0.4999999701976776,4,4,0,127,0,0,-127,127,0,0,6,4,0,0,2,4,64516,true,0.0,0.0,0.0,0.0,0.0,0.0,0.019009554476179163,1.1102230246251565e-16,true,32,64,2.0,16,8,16,2,2,1,4,4,32
hs18_d1,dd46d96263bc04008e7800fc0c50b8bd6824badb435b2878a38398ab3d6a8bef,44,contract_42,"[2,2]","[2,2]","[2,2]",1,2,2,2,0.007874015748031496,0.003937007639351792,1.0,0.4999999701976776,4,4,0,127,0,0,-127,127,0,0,6,4,0,0,2,4,64516,true,0.0,0.0,0.0,0.0,0.0,0.0,0.019009554476179163,1.1102230246251565e-16,true,32,64,2.0,16,8,16,2,2,1,4,4,32
hs18_d1,dd46d96263bc04008e7800fc0c50b8bd6824badb435b2878a38398ab3d6a8bef,45,contract_43,"[2,2]","[2,2]","[2,2]",1,2,2,2,0.007874015748031496,0.003937007639351792,1.0,0.4999999701976776,4,4,0,127,0,0,-127,127,0,0,6,4,0,0,2,4,64516,true,0.0,0.0,0.0,0.0,0.0,0.0,0.019009554476179163,1.1102230246251565e-16,true,32,64,2.0,16,8,16,2,2,1,4,4,32
hs18_d1,dd46d96263bc04008e7800fc0c50b8bd6824badb435b2878a38398ab3d6a8bef,46,contract_44,"[2,2]","[2,2]","[2,2]",1,2,2,2,0.007874015748031496,0.003937007639351792,1.0,0.4999999701976776,4,4,0,127,0,0,-127,127,0,0,6,4,0,0,2,4,64516,true,0.0,0.0,0.0,0.0,0.0,0.0,0.019009554476179163,1.1102230246251565e-16,true,32,64,2.0,16,8,16,2,2,1,4,4,32
hs18_d1,dd46d96263bc04008e7800fc0c50b8bd6824badb435b2878a38398ab3d6a8bef,47,contract_47,"[2,2]","[2,2]","[2,2,2,2]",1,4,4,1,0.003937007639351792,0.003937007639351792,0.4999999701976776,0.4999999701976776,4,4,-127,127,0,0,-127,127,0,0,4,4,0,0,4,4,32258,true,0.0,0.0,0.0,0.0,0.0,0.0,0.011135538533745718,1.1102230246251565e-16,true,32,64,2.0,16,8,16,2,2,2,16,4,64
hs18_d1,dd46d96263bc04008e7800fc0c50b8bd6824badb435b2878a38398ab3d6a8bef,48,contract_48,"[2,2]","[2,2]","[2,2,2,2]",1,4,4,1,0.003937007639351792,0.003937007639351792,0.4999999701976776,0.4999999701976776,4,4,-127,127,0,0,-127,127,0,0,4,4,0,0,4,4,32258,true,0.0,0.0,0.0,0.0,0.0,0.0,0.011135538533745718,1.1102230246251565e-16,true,32,64,2.0,16,8,16,2,2,2,16,4,64
hs18_d1,dd46d96263bc04008e7800fc0c50b8bd6824badb435b2878a38398ab3d6a8bef,49,contract_49,"[2,2]","[2,2,2,2]","[2,2,2,2,2,2]",1,4,16,1,0.003937007639351792,0.001968503702343918,0.4999999701976776,0.2499999701976776,4,16,-127,127,0,0,-127,127,0,0,4,16,0,0,4,16,32258,true,0.0,0.0,0.0,0.0,0.0,0.0,0.011135537870015859,0.0,true,56,160,2.857142857142857,16,20,40,2,2,2,64,4,256
hs18_d1,dd46d96263bc04008e7800fc0c50b8bd6824badb435b2878a38398ab3d6a8bef,50,contract_50,"[2,2,2,2]","[2,2,2,2]","[2,2,2,2,2,2,2,2]",1,16,16,1,0.001968503702343918,0.001968503702343918,0.2499999701976776,0.2499999701976776,16,16,-127,127,0,0,-127,127,0,0,16,16,0,0,16,16,32258,true,0.0,0.0,0.0,0.0,0.0,0.0,0.011135537206286041,1.1102230246251565e-16,true,80,256,3.2,16,32,64,2,2,2,256,4,1024
hs18_d1,dd46d96263bc04008e7800fc0c50b8bd6824badb435b2878a38398ab3d6a8bef,51,contract_51,"[2,2,2,2]","[2,2,2,2,2,2]","[2,2,2,2,2,2,2,2,2,2]",1,16,64,1,0.001968503702343918,0.0009842517925059701,0.2499999701976776,0.12499997764825821,16,64,-127,127,0,0,-127,127,0,0,16,64,0,0,16,64,32258,true,0.0,0.0,0.0,0.0,0.0,0.0,0.011135536542556222,0.0,true,176,640,3.6363636363636362,16,80,160,2,2,2,1024,4,4096
hs18_d1,dd46d96263bc04008e7800fc0c50b8bd6824badb435b2878a38398ab3d6a8bef,52,contract_52,"[2,2,2,2,2,2,2,2]","[2,2,2,2,2,2,2,2,2,2]","[2,2,2,2,2,2,2,2,2,2,2,2,2,2,2,2,2,2]",1,256,1024,1,0.0004921258669199906,0.00024606291879349806,0.062499985098838806,0.031249990686774254,256,1024,-127,127,0,0,-127,127,0,0,256,1024,0,0,256,1024,32258,true,0.0,0.0,0.0,0.0,0.0,0.0,0.011135533887637175,0.0,true,2576,10240,3.9751552795031055,16,1280,2560,2,2,2,262144,4,1048576
stress18_l2,d504919e20d95bac608dd906d46abb122f9680873679710b0584e71981648fb5,0,contract_0,[2],"[2,2]",[2],1,1,2,2,0.007874015748031496,0.0055677698353144124,1.0,0.7071067690849304,2,4,0,127,0,0,-127,127,0,0,3,4,0,0,1,4,64516,true,0.0,0.0,0.0,0.0,0.0,0.0,0.01900955528390228,0.0,true,28,48,1.7142857142857142,16,6,12,2,2,0,2,4,16
stress18_l2,d504919e20d95bac608dd906d46abb122f9680873679710b0584e71981648fb5,1,contract_1,[2],"[2,2]",[2],1,1,2,2,0.007874015748031496,0.0055677698353144124,1.0,0.7071067690849304,2,4,0,127,0,0,-127,127,0,0,3,4,0,0,1,4,64516,true,0.0,0.0,0.0,0.0,0.0,0.0,0.01900955528390228,0.0,true,28,48,1.7142857142857142,16,6,12,2,2,0,2,4,16
stress18_l2,d504919e20d95bac608dd906d46abb122f9680873679710b0584e71981648fb5,2,contract_10,[2],"[2,2]",[2],1,1,2,2,0.007874015748031496,0.0055677698353144124,1.0,0.7071067690849304,2,4,0,127,0,0,-127,127,0,0,3,4,0,0,1,4,64516,true,0.0,0.0,0.0,0.0,0.0,0.0,0.01900955528390228,0.0,true,28,48,1.7142857142857142,16,6,12,2,2,0,2,4,16
stress18_l2,d504919e20d95bac608dd906d46abb122f9680873679710b0584e71981648fb5,3,contract_11,[2],"[2,2]",[2],1,1,2,2,0.007874015748031496,0.0055677698353144124,1.0,0.7071067690849304,2,4,0,127,0,0,-127,127,0,0,3,4,0,0,1,4,64516,true,0.0,0.0,0.0,0.0,0.0,0.0,0.01900955528390228,0.0,true,28,48,1.7142857142857142,16,6,12,2,2,0,2,4,16
stress18_l2,d504919e20d95bac608dd906d46abb122f9680873679710b0584e71981648fb5,4,contract_12,[2],"[2,2]",[2],1,1,2,2,0.007874015748031496,0.0055677698353144124,1.0,0.7071067690849304,2,4,0,127,0,0,-127,127,0,0,3,4,0,0,1,4,64516,true,0.0,0.0,0.0,0.0,0.0,0.0,0.01900955528390228,0.0,true,28,48,1.7142857142857142,16,6,12,2,2,0,2,4,16
stress18_l2,d504919e20d95bac608dd906d46abb122f9680873679710b0584e71981648fb5,5,contract_13,[2],"[2,2]",[2],1,1,2,2,0.007874015748031496,0.0055677698353144124,1.0,0.7071067690849304,2,4,0,127,0,0,-127,127,0,0,3,4,0,0,1,4,64516,true,0.0,0.0,0.0,0.0,0.0,0.0,0.01900955528390228,0.0,true,28,48,1.7142857142857142,16,6,12,2,2,0,2,4,16
stress18_l2,d504919e20d95bac608dd906d46abb122f9680873679710b0584e71981648fb5,6,contract_14,[2],"[2,2]",[2],1,1,2,2,0.007874015748031496,0.0055677698353144124,1.0,0.7071067690849304,2,4,0,127,0,0,-127,127,0,0,3,4,0,0,1,4,64516,true,0.0,0.0,0.0,0.0,0.0,0.0,0.01900955528390228,0.0,true,28,48,1.7142857142857142,16,6,12,2,2,0,2,4,16
stress18_l2,d504919e20d95bac608dd906d46abb122f9680873679710b0584e71981648fb5,7,contract_15,[2],"[2,2]",[2],1,1,2,2,0.007874015748031496,0.0055677698353144124,1.0,0.7071067690849304,2,4,0,127,0,0,-127,127,0,0,3,4,0,0,1,4,64516,true,0.0,0.0,0.0,0.0,0.0,0.0,0.01900955528390228,0.0,true,28,48,1.7142857142857142,16,6,12,2,2,0,2,4,16
stress18_l2,d504919e20d95bac608dd906d46abb122f9680873679710b0584e71981648fb5,8,contract_16,[2],"[2,2]",[2],1,1,2,2,0.007874015748031496,0.0055677698353144124,1.0,0.7071067690849304,2,4,0,127,0,0,-127,127,0,0,3,4,0,0,1,4,64516,true,0.0,0.0,0.0,0.0,0.0,0.0,0.01900955528390228,0.0,true,28,48,1.7142857142857142,16,6,12,2,2,0,2,4,16
stress18_l2,d504919e20d95bac608dd906d46abb122f9680873679710b0584e71981648fb5,9,contract_17,[2],"[2,2]",[2],1,1,2,2,0.007874015748031496,0.0055677698353144124,1.0,0.7071067690849304,2,4,0,127,0,0,-127,127,0,0,3,4,0,0,1,4,64516,true,0.0,0.0,0.0,0.0,0.0,0.0,0.01900955528390228,0.0,true,28,48,1.7142857142857142,16,6,12,2,2,0,2,4,16
stress18_l2,d504919e20d95bac608dd906d46abb122f9680873679710b0584e71981648fb5,10,contract_18,"[2,2]","[2,2,2,2]","[2,2,2,2]",1,2,8,2,0.0076765976552888165,0.007874015748031496,0.9749279022216797,1.0,4,16,0,127,-29,29,0,127,0,0,4,28,0,0,2,4,64516,true,0.00010040402412414551,0.00010040403140010312,4.470348358154297e-05,0.00010040402412414551,0.00010040403140010312,4.470348358154297e-05,0.05320946351420924,0.00020079889635399306,true,56,160,2.857142857142857,16,20,40,2,2,0,16,4,128
stress18_l2,d504919e20d95bac608dd906d46abb122f9680873679710b0584e71981648fb5,11,contract_2,[2],"[2,2]",[2],1,1,2,2,0.007874015748031496,0.0055677698353144124,1.0,0.7071067690849304,2,4,0,127,0,0,-127,127,0,0,3,4,0,0,1,4,64516,true,0.0,0.0,0.0,0.0,0.0,0.0,0.01900955528390228,0.0,true,28,48,1.7142857142857142,16,6,12,2,2,0,2,4,16
stress18_l2,d504919e20d95bac608dd906d46abb122f9680873679710b0584e71981648fb5,12,contract_20,"[2,2]","[2,2,2,2]","[2,2,2,2]",1,2,8,2,0.0068190975452032615,0.007874015748031496,0.8660253882408142,1.0,4,16,0,127,-73,73,0,127,0,0,4,28,0,0,2,4,64516,true,0.002205878496170044,0.002205878496170044,0.002202272415161133,0.002205878496170044,0.002205878496170044,0.002202272415161133,0.05074870231040762,0.0044117584003238175,true,56,160,2.857142857142857,16,20,40,2,2,0,16,4,128
stress18_l2,d504919e20d95bac608dd906d46abb122f9680873679710b0584e71981648fb5,13,contract_22,"[2,2]","[2,2,2,2]","[2,2,2,2]",1,2,8,2,0.007274641765384223,0.007874015748031496,0.9238795042037964,1.0,4,16,0,127,-53,53,0,127,0,0,4,28,0,0,2,4,64516,true,0.0028725862503051758,0.0028725864831358194,0.0022057294845581055,0.0028725862503051758,0.0028725864831358194,0.0022057294845581055,0.052106590340191175,0.00574517484724979,true,56,160,2.857142857142857,16,20,40,2,2,0,16,4,128
stress18_l2,d504919e20d95bac608dd906d46abb122f9680873679710b0584e71981648fb5,14,contract_24,"[2,2]","[2,2,2,2]","[2,2,2,2]",1,2,8,2,0.007605715060797263,0.007874015748031496,0.9659258127212524,1.0,4,16,0,127,-34,34,0,127,0,0,4,28,0,0,2,4,64516,true,0.00022473931312561035,0.00022473932767752558,0.00011622905731201172,0.00022473931312561035,0.00022473932767752558,0.00011622905731201172,0.05300644212802124,0.00044946313843019503,true,56,160,2.857142857142857,16,20,40,2,2,0,16,4,128
stress18_l2,d504919e20d95bac608dd906d46abb122f9680873679710b0584e71981648fb5,15,contract_26,"[2,2]","[2,2,2,2]","[2,2,2,2]",1,2,8,2,0.007722718509163443,0.007874015748031496,0.9807852506637573,1.0,4,16,0,127,-25,25,0,127,0,0,4,28,0,0,2,4,64516,true,0.002022355794906616,0.00202235602773726,0.0007851123809814453,0.002022355794906616,0.00202235602773726,0.0007851123809814453,0.05332684402012937,0.004044721915027305,true,56,160,2.857142857142857,16,20,40,2,2,0,16,4,128
stress18_l2,d504919e20d95bac608dd906d46abb122f9680873679710b0584e71981648fb5,16,contract_28,"[2,2]","[2,2,2,2]","[2,2,2,2]",1,2,8,2,0.0076765976552888165,0.007874015748031496,0.9749279022216797,1.0,4,16,0,127,-29,29,0,127,0,0,4,28,0,0,2,4,64516,true,0.00010040402412414551,0.00010040403140010312,4.470348358154297e-05,0.00010040402412414551,0.00010040403140010312,4.470348358154297e-05,0.05320946351420924,0.00020079889635399306,true,56,160,2.857142857142857,16,20,40,2,2,0,16,4,128
stress18_l2,d504919e20d95bac608dd906d46abb122f9680873679710b0584e71981648fb5,17,contract_3,[2],"[2,2]",[2],1,1,2,2,0.007874015748031496,0.0055677698353144124,1.0,0.7071067690849304,2,4,0,127,0,0,-127,127,0,0,3,4,0,0,1,4,64516,true,0.0,0.0,0.0,0.0,0.0,0.0,0.01900955528390228,0.0,true,28,48,1.7142857142857142,16,6,12,2,2,0,2,4,16
stress18_l2,d504919e20d95bac608dd906d46abb122f9680873679710b0584e71981648fb5,18,contract_30,"[2,2]","[2,2,2,2]","[2,2,2,2]",1,2,8,2,0.007488634173325666,0.007874015748031496,0.9510565400123596,1.0,4,16,0,127,-41,41,0,127,0,0,4,28,0,0,2,4,64516,true,0.0019829869270324707,0.0019829869270324707,0.0012220144271850586,0.0019829869270324707,0.0019829869270324707,0.0012220144271850586,0.05265787565846278,0.003966002952395464,true,56,160,2.857142857142857,16,20,40,2,2,0,16,4,128
stress18_l2,d504919e20d95bac608dd906d46abb122f9680873679710b0584e71981648fb5,19,contract_32,"[2,2]","[2,2,2,2]","[2,2,2,2]",1,2,8,2,0.0068190975452032615,0.007874015748031496,0.8660253882408142,1.0,4,16,0,127,-73,73,0,127,0,0,4,28,0,0,2,4,64516,true,0.002205878496170044,0.002205878496170044,0.002202272415161133,0.002205878496170044,0.002205878496170044,0.002202272415161133,0.05074870231040762,0.0044117584003238175,true,56,160,2.857142857142857,16,20,40,2,2,0,16,4,128
stress18_l2,d504919e20d95bac608dd906d46abb122f9680873679710b0584e71981648fb5,20,contract_34,"[2,2]","[2,2,2,2]","[2,2,2,2]",1,2,8,2,0.007274641765384223,0.007874015748031496,0.9238795042037964,1.0,4,16,0,127,-53,53,0,127,0,0,4,28,0,0,2,4,64516,true,0.0028725862503051758,0.0028725864831358194,0.0022057294845581055,0.0028725862503051758,0.0028725864831358194,0.0022057294845581055,0.052106590340191175,0.00574517484724979,true,56,160,2.857142857142857,16,20,40,2,2,0,16,4,128
stress18_l2,d504919e20d95bac608dd906d46abb122f9680873679710b0584e71981648fb5,21,contract_36,"[2,2]","[2,2,2,2]","[2,2,2,2]",1,2,8,2,0.007605715060797263,0.007874015748031496,0.9659258127212524,1.0,4,16,0,127,-34,34,0,127,0,0,4,28,0,0,2,4,64516,true,0.00022473931312561035,0.00022473932767752558,0.00011622905731201172,0.00022473931312561035,0.00022473932767752558,0.00011622905731201172,0.05300644212802124,0.00044946313843019503,true,56,160,2.857142857142857,16,20,40,2,2,0,16,4,128
stress18_l2,d504919e20d95bac608dd906d46abb122f9680873679710b0584e71981648fb5,22,contract_38,"[2,2]","[2,2,2,2]","[2,2,2,2]",1,2,8,2,0.007722718509163443,0.007874015748031496,0.9807852506637573,1.0,4,16,0,127,-25,25,0,127,0,0,4,28,0,0,2,4,64516,true,0.002022355794906616,0.00202235602773726,0.0007851123809814453,0.002022355794906616,0.00202235602773726,0.0007851123809814453,0.05332684402012937,0.004044721915027305,true,56,160,2.857142857142857,16,20,40,2,2,0,16,4,128
stress18_l2,d504919e20d95bac608dd906d46abb122f9680873679710b0584e71981648fb5,23,contract_4,[2],"[2,2]",[2],1,1,2,2,0.007874015748031496,0.0055677698353144124,1.0,0.7071067690849304,2,4,0,127,0,0,-127,127,0,0,3,4,0,0,1,4,64516,true,0.0,0.0,0.0,0.0,0.0,0.0,0.01900955528390228,0.0,true,28,48,1.7142857142857142,16,6,12,2,2,0,2,4,16
stress18_l2,d504919e20d95bac608dd906d46abb122f9680873679710b0584e71981648fb5,24,contract_40,"[2,2]","[2,2,2,2]","[2,2,2,2]",1,2,8,2,0.0076765976552888165,0.007874015748031496,0.9749279022216797,1.0,4,16,0,127,-29,29,0,127,0,0,4,28,0,0,2,4,64516,true,0.00010040402412414551,0.00010040403140010312,4.470348358154297e-05,0.00010040402412414551,0.00010040403140010312,4.470348358154297e-05,0.05320946351420924,0.00020079889635399306,true,56,160,2.857142857142857,16,20,40,2,2,0,16,4,128
stress18_l2,d504919e20d95bac608dd906d46abb122f9680873679710b0584e71981648fb5,25,contract_42,"[2,2]","[2,2,2,2]","[2,2,2,2]",1,2,8,2,0.007488634173325666,0.007874015748031496,0.9510565400123596,1.0,4,16,0,127,-41,41,0,127,0,0,4,28,0,0,2,4,64516,true,0.0019829869270324707,0.0019829869270324707,0.0012220144271850586,0.0019829869270324707,0.0019829869270324707,0.0012220144271850586,0.05265787565846278,0.003966002952395464,true,56,160,2.857142857142857,16,20,40,2,2,0,16,4,128
stress18_l2,d504919e20d95bac608dd906d46abb122f9680873679710b0584e71981648fb5,26,contract_44,"[2,2]","[2,2,2,2]","[2,2,2,2]",1,2,8,2,0.0068190975452032615,0.007874015748031496,0.8660253882408142,1.0,4,16,0,127,-73,73,0,127,0,0,4,28,0,0,2,4,64516,true,0.002205878496170044,0.002205878496170044,0.002202272415161133,0.002205878496170044,0.002205878496170044,0.002202272415161133,0.05074870231040762,0.0044117584003238175,true,56,160,2.857142857142857,16,20,40,2,2,0,16,4,128
stress18_l2,d504919e20d95bac608dd906d46abb122f9680873679710b0584e71981648fb5,27,contract_46,"[2,2]","[2,2,2,2]","[2,2,2,2]",1,2,8,2,0.007274641765384223,0.007874015748031496,0.9238795042037964,1.0,4,16,0,127,-53,53,0,127,0,0,4,28,0,0,2,4,64516,true,0.0028725862503051758,0.0028725864831358194,0.0022057294845581055,0.0028725862503051758,0.0028725864831358194,0.0022057294845581055,0.052106590340191175,0.00574517484724979,true,56,160,2.857142857142857,16,20,40,2,2,0,16,4,128
stress18_l2,d504919e20d95bac608dd906d46abb122f9680873679710b0584e71981648fb5,28,contract_48,"[2,2]","[2,2,2,2]","[2,2,2,2]",1,2,8,2,0.007605715060797263,0.007874015748031496,0.9659258127212524,1.0,4,16,0,127,-34,34,0,127,0,0,4,28,0,0,2,4,64516,true,0.00022473931312561035,0.00022473932767752558,0.00011622905731201172,0.00022473931312561035,0.00022473932767752558,0.00011622905731201172,0.05300644212802124,0.00044946313843019503,true,56,160,2.857142857142857,16,20,40,2,2,0,16,4,128
stress18_l2,d504919e20d95bac608dd906d46abb122f9680873679710b0584e71981648fb5,29,contract_5,[2],"[2,2]",[2],1,1,2,2,0.007874015748031496,0.0055677698353144124,1.0,0.7071067690849304,2,4,0,127,0,0,-127,127,0,0,3,4,0,0,1,4,64516,true,0.0,0.0,0.0,0.0,0.0,0.0,0.01900955528390228,0.0,true,28,48,1.7142857142857142,16,6,12,2,2,0,2,4,16
stress18_l2,d504919e20d95bac608dd906d46abb122f9680873679710b0584e71981648fb5,30,contract_50,"[2,2]","[2,2,2,2]","[2,2,2,2]",1,2,8,2,0.007722718509163443,0.007874015748031496,0.9807852506637573,1.0,4,16,0,127,-25,25,0,127,0,0,4,28,0,0,2,4,64516,true,0.002022355794906616,0.00202235602773726,0.0007851123809814453,0.002022355794906616,0.00202235602773726,0.0007851123809814453,0.05332684402012937,0.004044721915027305,true,56,160,2.857142857142857,16,20,40,2,2,0,16,4,128
stress18_l2,d504919e20d95bac608dd906d46abb122f9680873679710b0584e71981648fb5,31,contract_52,"[2,2]","[2,2]","[2,2]",1,2,2,2,0.0055677698353144124,0.0076765976552888165,0.7071067690849304,0.9749279022216797,4,4,-127,127,0,0,0,127,-29,29,4,4,0,0,4,2,64516,true,7.098913192749023e-05,0.00010039379412773997,3.159046173095703e-05,7.098913192749023e-05,0.00010039379412773997,3.159046173095703e-05,0.02648873460684511,0.00014198625883671268,true,32,64,2.0,16,8,16,2,2,0,4,4,32
stress18_l2,d504919e20d95bac608dd906d46abb122f9680873679710b0584e71981648fb5,32,contract_53,"[2,2]","[2,2]","[2,2]",1,2,2,2,0.0055677698353144124,0.007488634173325666,0.7071067690849304,0.9510565400123596,4,4,-127,127,0,0,0,127,-41,41,4,4,0,0,4,2,64516,true,0.0014021992683410645,0.0019830092787742615,0.0008640289306640625,0.0014021992683410645,0.0019830092787742615,0.0008640289306640625,0.026112808040375798,0.0028043875338496504,true,32,64,2.0,16,8,16,2,2,0,4,4,32
stress18_l2,d504919e20d95bac608dd906d46abb122f9680873679710b0584e71981648fb5,33,contract_54,"[2,2]","[2,2]","[2,2]",1,2,2,2,0.0055677698353144124,0.0068190975452032615,0.7071067690849304,0.8660253882408142,4,4,-127,127,0,0,0,127,-73,73,4,4,0,0,4,2,64516,true,0.0015597939491271973,0.0022058819886296988,0.0015571117401123047,0.0015597939491271973,0.0022058819886296988,0.0015571117401123047,0.02477373437773015,0.0031195842284363895,true,32,64,2.0,16,8,16,2,2,0,4,4,32
stress18_l2,d504919e20d95bac608dd906d46abb122f9680873679710b0584e71981648fb5,34,contract_55,"[2,2]","[2,2]","[2,2]",1,2,2,2,0.0055677698353144124,0.007274641765384223,0.7071067690849304,0.9238795042037964,4,4,-127,127,0,0,0,127,-53,53,4,4,0,0,4,2,64516,true,0.0020312070846557617,0.0028725608717650175,0.001559615135192871,0.0020312070846557617,0.0028725608717650175,0.001559615135192871,0.025684822634652237,0.004062452024066854,true,32,64,2.0,16,8,16,2,2,0,4,4,32
stress18_l2,d504919e20d95bac608dd906d46abb122f9680873679710b0584e71981648fb5,35,contract_56,"[2,2]","[2,2]","[2,2]",1,2,2,2,0.0055677698353144124,0.007605715060797263,0.7071067690849304,0.9659258127212524,4,4,-127,127,0,0,0,127,-34,34,4,4,0,0,4,2,64516,true,0.0001589059829711914,0.00022472701675724238,8.213520050048828e-05,0.0001589059829711914,0.00022472701675724238,8.213520050048828e-05,0.026346969381728237,0.00031781842763817236,true,32,64,2.0,16,8,16,2,2,0,4,4,32
stress18_l2,d504919e20d95bac608dd906d46abb122f9680873679710b0584e71981648fb5,36,contract_57,"[2,2]","[2,2]","[2,2]",1,2,2,2,0.0055677698353144124,0.007722718509163443,0.7071067690849304,0.9807852506637573,4,4,-127,127,0,0,0,127,-25,25,4,4,0,0,4,2,64516,true,0.001430019736289978,0.002022353233769536,0.0005551576614379883,0.001430019736289978,0.002022353233769536,0.0005551576614379883,0.026580976103445474,0.0028600502451819887,true,32,64,2.0,16,8,16,2,2,0,4,4,32
stress18_l2,d504919e20d95bac608dd906d46abb122f9680873679710b0584e71981648fb5,37,contract_58,"[2,2]","[2,2]","[2,2]",1,2,2,2,0.0055677698353144124,0.0076765976552888165,0.7071067690849304,0.9749279022216797,4,4,-127,127,0,0,0,127,-29,29,4,4,0,0,4,2,64516,true,7.098913192749023e-05,0.00010039379412773997,3.159046173095703e-05,7.098913192749023e-05,0.00010039379412773997,3.159046173095703e-05,0.02648873460684511,0.00014198625883671268,true,32,64,2.0,16,8,16,2,2,0,4,4,32
stress18_l2,d504919e20d95bac608dd906d46abb122f9680873679710b0584e71981648fb5,38,contract_59,"[2,2]","[2,2]","[2,2]",1,2,2,2,0.0055677698353144124,0.007488634173325666,0.7071067690849304,0.9510565400123596,4,4,-127,127,0,0,0,127,-41,41,4,4,0,0,4,2,64516,true,0.0014021992683410645,0.0019830092787742615,0.0008640289306640625,0.0014021992683410645,0.0019830092787742615,0.0008640289306640625,0.026112808040375798,0.0028043875338496504,true,32,64,2.0,16,8,16,2,2,0,4,4,32
stress18_l2,d504919e20d95bac608dd906d46abb122f9680873679710b0584e71981648fb5,39,contract_6,[2],"[2,2]",[2],1,1,2,2,0.007874015748031496,0.0055677698353144124,1.0,0.7071067690849304,2,4,0,127,0,0,-127,127,0,0,3,4,0,0,1,4,64516,true,0.0,0.0,0.0,0.0,0.0,0.0,0.01900955528390228,0.0,true,28,48,1.7142857142857142,16,6,12,2,2,0,2,4,16
stress18_l2,d504919e20d95bac608dd906d46abb122f9680873679710b0584e71981648fb5,40,contract_60,"[2,2]","[2,2]","[2,2]",1,2,2,2,0.0055677698353144124,0.0068190975452032615,0.7071067690849304,0.8660253882408142,4,4,-127,127,0,0,0,127,-73,73,4,4,0,0,4,2,64516,true,0.0015597939491271973,0.0022058819886296988,0.0015571117401123047,0.0015597939491271973,0.0022058819886296988,0.0015571117401123047,0.02477373437773015,0.0031195842284363895,true,32,64,2.0,16,8,16,2,2,0,4,4,32
stress18_l2,d504919e20d95bac608dd906d46abb122f9680873679710b0584e71981648fb5,41,contract_61,"[2,2]","[2,2]","[2,2]",1,2,2,2,0.0055677698353144124,0.007274641765384223,0.7071067690849304,0.9238795042037964,4,4,-127,127,0,0,0,127,-53,53,4,4,0,0,4,2,64516,true,0.0020312070846557617,0.0028725608717650175,0.001559615135192871,0.0020312070846557617,0.0028725608717650175,0.001559615135192871,0.025684822634652237,0.004062452024066854,true,32,64,2.0,16,8,16,2,2,0,4,4,32
stress18_l2,d504919e20d95bac608dd906d46abb122f9680873679710b0584e71981648fb5,42,contract_62,"[2,2]","[2,2]","[2,2]",1,2,2,2,0.0055677698353144124,0.007605715060797263,0.7071067690849304,0.9659258127212524,4,4,-127,127,0,0,0,127,-34,34,4,4,0,0,4,2,64516,true,0.0001589059829711914,0.00022472701675724238,8.213520050048828e-05,0.0001589059829711914,0.00022472701675724238,8.213520050048828e-05,0.026346969381728237,0.00031781842763817236,true,32,64,2.0,16,8,16,2,2,0,4,4,32
stress18_l2,d504919e20d95bac608dd906d46abb122f9680873679710b0584e71981648fb5,43,contract_63,"[2,2]","[2,2]","[2,2]",1,2,2,2,0.0055677698353144124,0.007722718509163443,0.7071067690849304,0.9807852506637573,4,4,-127,127,0,0,0,127,-25,25,4,4,0,0,4,2,64516,true,0.001430019736289978,0.002022353233769536,0.0005551576614379883,0.001430019736289978,0.002022353233769536,0.0005551576614379883,0.026580976103445474,0.0028600502451819887,true,32,64,2.0,16,8,16,2,2,0,4,4,32
stress18_l2,d504919e20d95bac608dd906d46abb122f9680873679710b0584e71981648fb5,44,contract_64,"[2,2]","[2,2]","[2,2]",1,2,2,2,0.0055677698353144124,0.0076765976552888165,0.7071067690849304,0.9749279022216797,4,4,-127,127,0,0,0,127,-29,29,4,4,0,0,4,2,64516,true,7.098913192749023e-05,0.00010039379412773997,3.159046173095703e-05,7.098913192749023e-05,0.00010039379412773997,3.159046173095703e-05,0.02648873460684511,0.00014198625883671268,true,32,64,2.0,16,8,16,2,2,0,4,4,32
stress18_l2,d504919e20d95bac608dd906d46abb122f9680873679710b0584e71981648fb5,45,contract_65,"[2,2]","[2,2]","[2,2]",1,2,2,2,0.0055677698353144124,0.007488634173325666,0.7071067690849304,0.9510565400123596,4,4,-127,127,0,0,0,127,-41,41,4,4,0,0,4,2,64516,true,0.0014021992683410645,0.0019830092787742615,0.0008640289306640625,0.0014021992683410645,0.0019830092787742615,0.0008640289306640625,0.026112808040375798,0.0028043875338496504,true,32,64,2.0,16,8,16,2,2,0,4,4,32
stress18_l2,d504919e20d95bac608dd906d46abb122f9680873679710b0584e71981648fb5,46,contract_66,"[2,2]","[2,2]","[2,2]",1,2,2,2,0.0055677698353144124,0.0068190975452032615,0.7071067690849304,0.8660253882408142,4,4,-127,127,0,0,0,127,-73,73,4,4,0,0,4,2,64516,true,0.0015597939491271973,0.0022058819886296988,0.0015571117401123047,0.0015597939491271973,0.0022058819886296988,0.0015571117401123047,0.02477373437773015,0.0031195842284363895,true,32,64,2.0,16,8,16,2,2,0,4,4,32
stress18_l2,d504919e20d95bac608dd906d46abb122f9680873679710b0584e71981648fb5,47,contract_67,"[2,2]","[2,2]","[2,2]",1,2,2,2,0.0055677698353144124,0.007274641765384223,0.7071067690849304,0.9238795042037964,4,4,-127,127,0,0,0,127,-53,53,4,4,0,0,4,2,64516,true,0.0020312070846557617,0.0028725608717650175,0.001559615135192871,0.0020312070846557617,0.0028725608717650175,0.001559615135192871,0.025684822634652237,0.004062452024066854,true,32,64,2.0,16,8,16,2,2,0,4,4,32
stress18_l2,d504919e20d95bac608dd906d46abb122f9680873679710b0584e71981648fb5,48,contract_68,"[2,2]","[2,2]","[2,2]",1,2,2,2,0.0055677698353144124,0.007605715060797263,0.7071067690849304,0.9659258127212524,4,4,-127,127,0,0,0,127,-34,34,4,4,0,0,4,2,64516,true,0.0001589059829711914,0.00022472701675724238,8.213520050048828e-05,0.0001589059829711914,0.00022472701675724238,8.213520050048828e-05,0.026346969381728237,0.00031781842763817236,true,32,64,2.0,16,8,16,2,2,0,4,4,32
stress18_l2,d504919e20d95bac608dd906d46abb122f9680873679710b0584e71981648fb5,49,contract_69,"[2,2]","[2,2]","[2,2]",1,2,2,2,0.0055677698353144124,0.007722718509163443,0.7071067690849304,0.9807852506637573,4,4,-127,127,0,0,0,127,-25,25,4,4,0,0,4,2,64516,true,0.001430019736289978,0.002022353233769536,0.0005551576614379883,0.001430019736289978,0.002022353233769536,0.0005551576614379883,0.026580976103445474,0.0028600502451819887,true,32,64,2.0,16,8,16,2,2,0,4,4,32
stress18_l2,d504919e20d95bac608dd906d46abb122f9680873679710b0584e71981648fb5,50,contract_7,[2],"[2,2]",[2],1,1,2,2,0.007874015748031496,0.0055677698353144124,1.0,0.7071067690849304,2,4,0,127,0,0,-127,127,0,0,3,4,0,0,1,4,64516,true,0.0,0.0,0.0,0.0,0.0,0.0,0.01900955528390228,0.0,true,28,48,1.7142857142857142,16,6,12,2,2,0,2,4,16
stress18_l2,d504919e20d95bac608dd906d46abb122f9680873679710b0584e71981648fb5,51,contract_70,"[2,2,2,2]","[2,2]","[2,2,2,2]",1,8,2,2,0.007874015748031496,0.0068190975452032615,1.0,0.8660253882408142,16,4,0,127,0,0,0,127,-73,73,28,4,0,0,4,2,64516,true,0.002205878496170044,0.002205878496170044,0.002202272415161133,0.002205878496170044,0.002205878496170044,0.002202272415161133,0.05078338303129508,0.0044117584003238175,true,56,160,2.857142857142857,16,20,40,2,2,0,16,4,128
stress18_l2,d504919e20d95bac608dd906d46abb122f9680873679710b0584e71981648fb5,52,contract_71,"[2,2,2,2]","[2,2]","[2,2,2,2]",1,8,2,2,0.007874015748031496,0.007274641765384223,1.0,0.9238795042037964,16,4,0,127,0,0,0,127,-53,53,28,4,0,0,4,2,64516,true,0.0028725862503051758,0.0028725864831358194,0.0022057294845581055,0.0028725862503051758,0.0028725864831358194,0.0022057294845581055,0.05207185618543261,0.00574517484724979,true,56,160,2.857142857142857,16,20,40,2,2,0,16,4,128
stress18_l2,d504919e20d95bac608dd906d46abb122f9680873679710b0584e71981648fb5,53,contract_72,"[2,2,2,2]","[2,2]","[2,2,2,2]",1,8,2,2,0.007874015748031496,0.007605715060797263,1.0,0.9659258127212524,16,4,0,127,0,0,0,127,-34,34,28,4,0,0,4,2,64516,true,0.00022473931312561035,0.00022473932767752558,0.00011622905731201172,0.00022473931312561035,0.00022473932767752558,0.00011622905731201172,0.05300827334845168,0.00044946313843019503,true,56,160,2.857142857142857,16,20,40,2,2,0,16,4,128
stress18_l2,d504919e20d95bac608dd906d46abb122f9680873679710b0584e71981648fb5,54,contract_73,"[2,2,2,2]","[2,2]","[2,2,2,2]",1,8,2,2,0.007874015748031496,0.007722718509163443,1.0,0.9807852506637573,16,4,0,127,0,0,0,127,-25,25,28,4,0,0,4,2,64516,true,0.002022355794906616,0.00202235602773726,0.0007851123809814453,0.002022355794906616,0.00202235602773726,0.0007851123809814453,0.05333920859180932,0.004044721915027305,true,56,160,2.857142857142857,16,20,40,2,2,0,16,4,128
stress18_l2,d504919e20d95bac608dd906d46abb122f9680873679710b0584e71981648fb5,55,contract_74,"[2,2,2,2]","[2,2]","[2,2,2,2]",1,8,2,2,0.007874015748031496,0.0076765976552888165,1.0,0.9749279022216797,16,4,0,127,0,0,0,127,-29,29,28,4,0,0,4,2,64516,true,0.00010040402412414551,0.00010040403140010312,4.470348358154297e-05,0.00010040402412414551,0.00010040403140010312,4.470348358154297e-05,0.05320875971044804,0.00020079889635399306,true,56,160,2.857142857142857,16,20,40,2,2,0,16,4,128
stress18_l2,d504919e20d95bac608dd906d46abb122f9680873679710b0584e71981648fb5,56,contract_75,"[2,2,2,2]","[2,2]","[2,2,2,2]",1,8,2,2,0.007874015748031496,0.007488634173325666,1.0,0.9510565400123596,16,4,0,127,0,0,0,127,-41,41,28,4,0,0,4,2,64516,true,0.0019829869270324707,0.0019829869270324707,0.0012220144271850586,0.0019829869270324707,0.0019829869270324707,0.0012220144271850586,0.05267711980558257,0.003966002952395464,true,56,160,2.857142857142857,16,20,40,2,2,0,16,4,128
stress18_l2,d504919e20d95bac608dd906d46abb122f9680873679710b0584e71981648fb5,57,contract_76,"[2,2,2,2]","[2,2]","[2,2,2,2]",1,8,2,2,0.007874015748031496,0.0068190975452032615,1.0,0.8660253882408142,16,4,0,127,0,0,0,127,-73,73,28,4,0,0,4,2,64516,true,0.002205878496170044,0.002205878496170044,0.002202272415161133,0.002205878496170044,0.002205878496170044,0.002202272415161133,0.05078338303129508,0.0044117584003238175,true,56,160,2.857142857142857,16,20,40,2,2,0,16,4,128
stress18_l2,d504919e20d95bac608dd906d46abb122f9680873679710b0584e71981648fb5,58,contract_77,"[2,2,2,2]","[2,2]","[2,2,2,2]",1,8,2,2,0.007874015748031496,0.007274641765384223,1.0,0.9238795042037964,16,4,0,127,0,0,0,127,-53,53,28,4,0,0,4,2,64516,true,0.0028725862503051758,0.0028725864831358194,0.0022057294845581055,0.0028725862503051758,0.0028725864831358194,0.0022057294845581055,0.05207185618543261,0.00574517484724979,true,56,160,2.857142857142857,16,20,40,2,2,0,16,4,128
stress18_l2,d504919e20d95bac608dd906d46abb122f9680873679710b0584e71981648fb5,59,contract_78,"[2,2,2,2]","[2,2]","[2,2,2,2]",1,8,2,2,0.007874015748031496,0.007605715060797263,1.0,0.9659258127212524,16,4,0,127,0,0,0,127,-34,34,28,4,0,0,4,2,64516,true,0.00022473931312561035,0.00022473932767752558,0.00011622905731201172,0.00022473931312561035,0.00022473932767752558,0.00011622905731201172,0.05300827334845168,0.00044946313843019503,true,56,160,2.857142857142857,16,20,40,2,2,0,16,4,128
stress18_l2,d504919e20d95bac608dd906d46abb122f9680873679710b0584e71981648fb5,60,contract_79,"[2,2,2,2]","[2,2]","[2,2,2,2]",1,8,2,2,0.007874015748031496,0.007722718509163443,1.0,0.9807852506637573,16,4,0,127,0,0,0,127,-25,25,28,4,0,0,4,2,64516,true,0.002022355794906616,0.00202235602773726,0.0007851123809814453,0.002022355794906616,0.00202235602773726,0.0007851123809814453,0.05333920859180932,0.004044721915027305,true,56,160,2.857142857142857,16,20,40,2,2,0,16,4,128
stress18_l2,d504919e20d95bac608dd906d46abb122f9680873679710b0584e71981648fb5,61,contract_8,[2],"[2,2]",[2],1,1,2,2,0.007874015748031496,0.0055677698353144124,1.0,0.7071067690849304,2,4,0,127,0,0,-127,127,0,0,3,4,0,0,1,4,64516,true,0.0,0.0,0.0,0.0,0.0,0.0,0.01900955528390228,0.0,true,28,48,1.7142857142857142,16,6,12,2,2,0,2,4,16
stress18_l2,d504919e20d95bac608dd906d46abb122f9680873679710b0584e71981648fb5,62,contract_80,"[2,2,2,2]","[2,2]","[2,2,2,2]",1,8,2,2,0.007874015748031496,0.0076765976552888165,1.0,0.9749279022216797,16,4,0,127,0,0,0,127,-29,29,28,4,0,0,4,2,64516,true,0.00010040402412414551,0.00010040403140010312,4.470348358154297e-05,0.00010040402412414551,0.00010040403140010312,4.470348358154297e-05,0.05320875971044804,0.00020079889635399306,true,56,160,2.857142857142857,16,20,40,2,2,0,16,4,128
stress18_l2,d504919e20d95bac608dd906d46abb122f9680873679710b0584e71981648fb5,63,contract_81,"[2,2,2,2]","[2,2]","[2,2,2,2]",1,8,2,2,0.007874015748031496,0.007488634173325666,1.0,0.9510565400123596,16,4,0,127,0,0,0,127,-41,41,28,4,0,0,4,2,64516,true,0.0019829869270324707,0.0019829869270324707,0.0012220144271850586,0.0019829869270324707,0.0019829869270324707,0.0012220144271850586,0.05267711980558257,0.003966002952395464,true,56,160,2.857142857142857,16,20,40,2,2,0,16,4,128
stress18_l2,d504919e20d95bac608dd906d46abb122f9680873679710b0584e71981648fb5,64,contract_82,"[2,2,2,2]","[2,2]","[2,2,2,2]",1,8,2,2,0.007874015748031496,0.0068190975452032615,1.0,0.8660253882408142,16,4,0,127,0,0,0,127,-73,73,28,4,0,0,4,2,64516,true,0.002205878496170044,0.002205878496170044,0.002202272415161133,0.002205878496170044,0.002205878496170044,0.002202272415161133,0.05078338303129508,0.0044117584003238175,true,56,160,2.857142857142857,16,20,40,2,2,0,16,4,128
stress18_l2,d504919e20d95bac608dd906d46abb122f9680873679710b0584e71981648fb5,65,contract_83,"[2,2,2,2]","[2,2]","[2,2,2,2]",1,8,2,2,0.007874015748031496,0.007274641765384223,1.0,0.9238795042037964,16,4,0,127,0,0,0,127,-53,53,28,4,0,0,4,2,64516,true,0.0028725862503051758,0.0028725864831358194,0.0022057294845581055,0.0028725862503051758,0.0028725864831358194,0.0022057294845581055,0.05207185618543261,0.00574517484724979,true,56,160,2.857142857142857,16,20,40,2,2,0,16,4,128
stress18_l2,d504919e20d95bac608dd906d46abb122f9680873679710b0584e71981648fb5,66,contract_84,"[2,2,2,2]","[2,2]","[2,2,2,2]",1,8,2,2,0.007874015748031496,0.007605715060797263,1.0,0.9659258127212524,16,4,0,127,0,0,0,127,-34,34,28,4,0,0,4,2,64516,true,0.00022473931312561035,0.00022473932767752558,0.00011622905731201172,0.00022473931312561035,0.00022473932767752558,0.00011622905731201172,0.05300827334845168,0.00044946313843019503,true,56,160,2.857142857142857,16,20,40,2,2,0,16,4,128
stress18_l2,d504919e20d95bac608dd906d46abb122f9680873679710b0584e71981648fb5,67,contract_85,"[2,2,2,2]","[2,2]","[2,2,2,2]",1,8,2,2,0.007874015748031496,0.007722718509163443,1.0,0.9807852506637573,16,4,0,127,0,0,0,127,-25,25,28,4,0,0,4,2,64516,true,0.002022355794906616,0.00202235602773726,0.0007851123809814453,0.002022355794906616,0.00202235602773726,0.0007851123809814453,0.05333920859180932,0.004044721915027305,true,56,160,2.857142857142857,16,20,40,2,2,0,16,4,128
stress18_l2,d504919e20d95bac608dd906d46abb122f9680873679710b0584e71981648fb5,68,contract_86,"[2,2,2,2]","[2,2]","[2,2,2,2]",1,8,2,2,0.007874015748031496,0.0076765976552888165,1.0,0.9749279022216797,16,4,0,127,0,0,0,127,-29,29,28,4,0,0,4,2,64516,true,0.00010040402412414551,0.00010040403140010312,4.470348358154297e-05,0.00010040402412414551,0.00010040403140010312,4.470348358154297e-05,0.05320875971044804,0.00020079889635399306,true,56,160,2.857142857142857,16,20,40,2,2,0,16,4,128
stress18_l2,d504919e20d95bac608dd906d46abb122f9680873679710b0584e71981648fb5,69,contract_9,[2],"[2,2]",[2],1,1,2,2,0.007874015748031496,0.0055677698353144124,1.0,0.7071067690849304,2,4,0,127,0,0,-127,127,0,0,3,4,0,0,1,4,64516,true,0.0,0.0,0.0,0.0,0.0,0.0,0.01900955528390228,0.0,true,28,48,1.7142857142857142,16,6,12,2,2,0,2,4,16
stress18_l2,d504919e20d95bac608dd906d46abb122f9680873679710b0584e71981648fb5,70,contract_100,"[2,2]","[2,2,2,2]","[2,2,2,2]",1,2,8,2,0.005428174349266713,0.007488634173325666,0.6893781423568726,0.9510565400123596,4,16,-127,127,-29,29,0,127,-41,41,0,24,0,0,4,4,64516,true,0.0014636148698627949,0.0019786686170846224,0.001177072525024414,0.0014636148698627949,0.0019786686170846224,0.001177072525024414,0.04530840220375095,0.003957351265172723,true,56,160,2.857142857142857,16,20,40,2,2,2,16,4,128
stress18_l2,d504919e20d95bac608dd906d46abb122f9680873679710b0584e71981648fb5,71,contract_101,"[2,2]","[2,2,2,2]","[2,2,2,2]",1,2,8,2,0.00529526396999209,0.0068190975452032615,0.6724985241889954,0.8660253882408142,4,16,-127,127,-41,41,0,127,-73,73,0,24,0,0,4,4,64516,true,0.0029445961117744446,0.0031836226116865873,0.003422975540161133,0.0029445961117744446,0.0031836226116865873,0.003422975540161133,0.04223699280482132,0.0063672045907936115,true,56,160,2.857142857142857,16,20,40,2,2,2,16,4,128
stress18_l2,d504919e20d95bac608dd906d46abb122f9680873679710b0584e71981648fb5,72,contract_102,"[2,2]","[2,2,2,2]","[2,2,2,2]",1,2,8,2,0.004821829908476101,0.007274641765384223,0.6123723983764648,0.9238795042037964,4,16,-127,127,-73,73,0,127,-53,53,0,24,0,0,4,4,64516,true,0.003226866479963064,0.003268844448029995,9.5367431640625e-07,0.003226866479963064,0.003268844448029995,9.5367431640625e-07,0.04270471872782161,0.006537685967540517,true,56,160,2.857142857142857,16,20,40,2,2,2,16,4,128
stress18_l2,d504919e20d95bac608dd906d46abb122f9680873679710b0584e71981648fb5,73,contract_103,"[2,2]","[2,2,2,2]","[2,2,2,2]",1,2,8,2,0.005143948427335484,0.007605715060797263,0.6532814502716064,0.9659258127212524,4,16,-127,127,-53,53,0,127,-34,34,0,24,0,0,4,4,64516,true,0.002159357536584139,0.0028589298017323017,0.0020890235900878906,0.002159357536584139,0.0028589298017323017,0.0020890235900878906,0.04500569248928461,0.005717841010803046,true,56,160,2.857142857142857,16,20,40,2,2,2,16,4,128
stress18_l2,d504919e20d95bac608dd906d46abb122f9680873679710b0584e71981648fb5,74,contract_104,"[2,2]","[2,2,2,2]","[2,2,2,2]",1,2,8,2,0.0053780524749455485,0.007722718509163443,0.6830126643180847,0.9807852506637573,4,16,-127,127,-34,34,0,127,-25,25,0,24,0,0,4,4,64516,true,0.0015885772882029414,0.0020459501538425684,0.0009012222290039062,0.0015885772882029414,0.0020459501538425684,0.0009012222290039062,0.04610050538041673,0.00409186020537022,true,56,160,2.857142857142857,16,20,40,2,2,2,16,4,128
stress18_l2,d504919e20d95bac608dd906d46abb122f9680873679710b0584e71981648fb5,75,contract_105,"[2,2]","[2,2,2,2]","[2,2,2,2]",1,2,8,2,0.007488634173325666,0.0076765976552888165,0.9510565400123596,0.9749279022216797,4,16,0,127,-41,41,0,127,-29,29,4,24,0,0,2,4,64516,true,0.0020698646549135447,0.0019786639604717493,0.0011773109436035156,0.0020698646549135447,0.0019786639604717493,0.0011773109436035156,0.051868685546534524,0.003957351615219624,true,56,160,2.857142857142857,16,20,40,2,2,1,16,4,128
stress18_l2,d504919e20d95bac608dd906d46abb122f9680873679710b0584e71981648fb5,76,contract_19,[2],"[2,2,2,2]","[2,2,2]",1,1,8,2,0.0055677698353144124,0.0076765976552888165,0.7071067690849304,0.9749279022216797,2,16,127,127,0,0,0,127,-29,29,2,24,0,0,2,4,64516,true,7.098913192749023e-05,0.00010039379412773997,3.159046173095703e-05,7.098913192749023e-05,0.00010039379412773997,3.159046173095703e-05,0.03284823622141113,0.00014198625883671268,true,52,144,2.769230769230769,16,18,36,2,2,2,8,4,64
stress18_l2,d504919e20d95bac608dd906d46abb122f9680873679710b0584e71981648fb5,77,contract_21,[2],"[2,2,2,2]","[2,2,2]",1,1,8,2,0.0055677698353144124,0.0068190975452032615,0.7071067690849304,0.8660253882408142,2,16,127,127,0,0,0,127,-73,73,2,24,0,0,2,4,64516,true,0.0015597939491271973,0.0022058819886296988,0.0015571117401123047,0.0015597939491271973,0.0022058819886296988,0.0015571117401123047,0.03042285965378603,0.0031195842284363895,true,52,144,2.769230769230769,16,18,36,2,2,2,8,4,64
stress18_l2,d504919e20d95bac608dd906d46abb122f9680873679710b0584e71981648fb5,78,contract_23,[2],"[2,2,2,2]","[2,2,2]",1,1,8,2,0.0055677698353144124,0.007274641765384223,0.7071067690849304,0.9238795042037964,2,16,127,127,0,0,0,127,-53,53,2,24,0,0,2,4,64516,true,0.0020312070846557617,0.0028725608717650175,0.001559615135192871,0.0020312070846557617,0.0028725608717650175,0.001559615135192871,0.031711333092768704,0.004062452024066854,true,52,144,2.769230769230769,16,18,36,2,2,2,8,4,64
stress18_l2,d504919e20d95bac608dd906d46abb122f9680873679710b0584e71981648fb5,79,contract_25,[2],"[2,2,2,2]","[2,2,2]",1,1,8,2,0.0055677698353144124,0.007605715060797263,0.7071067690849304,0.9659258127212524,2,16,127,127,0,0,0,127,-34,34,2,24,0,0,2,4,64516,true,0.0001589059829711914,0.00022472701675724238,8.213520050048828e-05,0.0001589059829711914,0.00022472701675724238,8.213520050048828e-05,0.03264774993335005,0.00031781842763817236,true,52,144,2.769230769230769,16,18,36,2,2,2,8,4,64
stress18_l2,d504919e20d95bac608dd906d46abb122f9680873679710b0584e71981648fb5,80,contract_27,[2],"[2,2,2,2]","[2,2,2]",1,1,8,2,0.0055677698353144124,0.007722718509163443,0.7071067690849304,0.9807852506637573,2,16,127,127,0,0,0,127,-25,25,2,24,0,0,2,4,64516,true,0.001430019736289978,0.002022353233769536,0.0005551576614379883,0.001430019736289978,0.002022353233769536,0.0005551576614379883,0.03297868548372379,0.0028600502451819887,true,52,144,2.769230769230769,16,18,36,2,2,2,8,4,64
stress18_l2,d504919e20d95bac608dd906d46abb122f9680873679710b0584e71981648fb5,81,contract_29,[2],"[2,2,2,2]","[2,2,2]",1,1,8,2,0.0055677698353144124,0.0076765976552888165,0.7071067690849304,0.9749279022216797,2,16,127,127,0,0,0,127,-29,29,2,24,0,0,2,4,64516,true,7.098913192749023e-05,0.00010039379412773997,3.159046173095703e-05,7.098913192749023e-05,0.00010039379412773997,3.159046173095703e-05,0.03284823622141113,0.00014198625883671268,true,52,144,2.769230769230769,16,18,36,2,2,2,8,4,64
stress18_l2,d504919e20d95bac608dd906d46abb122f9680873679710b0584e71981648fb5,82,contract_31,[2],"[2,2,2,2]","[2,2,2]",1,1,8,2,0.0055677698353144124,0.007488634173325666,0.7071067690849304,0.9510565400123596,2,16,127,127,0,0,0,127,-41,41,2,24,0,0,2,4,64516,true,0.0014021992683410645,0.0019830092787742615,0.0008640289306640625,0.0014021992683410645,0.0019830092787742615,0.0008640289306640625,0.03231659561068674,0.0028043875338496504,true,52,144,2.769230769230769,16,18,36,2,2,2,8,4,64
stress18_l2,d504919e20d95bac608dd906d46abb122f9680873679710b0584e71981648fb5,83,contract_33,[2],"[2,2,2,2]","[2,2,2]",1,1,8,2,0.0055677698353144124,0.0068190975452032615,0.7071067690849304,0.8660253882408142,2,16,127,127,0,0,0,127,-73,73,2,24,0,0,2,4,64516,true,0.0015597939491271973,0.0022058819886296988,0.0015571117401123047,0.0015597939491271973,0.0022058819886296988,0.0015571117401123047,0.03042285965378603,0.0031195842284363895,true,52,144,2.769230769230769,16,18,36,2,2,2,8,4,64
stress18_l2,d504919e20d95bac608dd906d46abb122f9680873679710b0584e71981648fb5,84,contract_35,[2],"[2,2,2,2]","[2,2,2]",1,1,8,2,0.0055677698353144124,0.007274641765384223,0.7071067690849304,0.9238795042037964,2,16,127,127,0,0,0,127,-53,53,2,24,0,0,2,4,64516,true,0.0020312070846557617,0.0028725608717650175,0.001559615135192871,0.0020312070846557617,0.0028725608717650175,0.001559615135192871,0.031711333092768704,0.004062452024066854,true,52,144,2.769230769230769,16,18,36,2,2,2,8,4,64
stress18_l2,d504919e20d95bac608dd906d46abb122f9680873679710b0584e71981648fb5,85,contract_37,[2],"[2,2,2,2]","[2,2,2]",1,1,8,2,0.0055677698353144124,0.007605715060797263,0.7071067690849304,0.9659258127212524,2,16,127,127,0,0,0,127,-34,34,2,24,0,0,2,4,64516,true,0.0001589059829711914,0.00022472701675724238,8.213520050048828e-05,0.0001589059829711914,0.00022472701675724238,8.213520050048828e-05,0.03264774993335005,0.00031781842763817236,true,52,144,2.769230769230769,16,18,36,2,2,2,8,4,64
stress18_l2,d504919e20d95bac608dd906d46abb122f9680873679710b0584e71981648fb5,86,contract_39,[2],"[2,2,2,2]","[2,2,2]",1,1,8,2,0.0055677698353144124,0.007722718509163443,0.7071067690849304,0.9807852506637573,2,16,127,127,0,0,0,127,-25,25,2,24,0,0,2,4,64516,true,0.001430019736289978,0.002022353233769536,0.0005551576614379883,0.001430019736289978,0.002022353233769536,0.0005551576614379883,0.03297868548372379,0.0028600502451819887,true,52,144,2.769230769230769,16,18,36,2,2,2,8,4,64
stress18_l2,d504919e20d95bac608dd906d46abb122f9680873679710b0584e71981648fb5,87,contract_41,[2],"[2,2,2,2]","[2,2,2]",1,1,8,2,0.0055677698353144124,0.0076765976552888165,0.7071067690849304,0.9749279022216797,2,16,127,127,0,0,0,127,-29,29,2,24,0,0,2,4,64516,true,7.098913192749023e-05,0.00010039379412773997,3.159046173095703e-05,7.098913192749023e-05,0.00010039379412773997,3.159046173095703e-05,0.03284823622141113,0.00014198625883671268,true,52,144,2.769230769230769,16,18,36,2,2,2,8,4,64
stress18_l2,d504919e20d95bac608dd906d46abb122f9680873679710b0584e71981648fb5,88,contract_43,[2],"[2,2,2,2]","[2,2,2]",1,1,8,2,0.0055677698353144124,0.007488634173325666,0.7071067690849304,0.9510565400123596,2,16,127,127,0,0,0,127,-41,41,2,24,0,0,2,4,64516,true,0.0014021992683410645,0.0019830092787742615,0.0008640289306640625,0.0014021992683410645,0.0019830092787742615,0.0008640289306640625,0.03231659561068674,0.0028043875338496504,true,52,144,2.769230769230769,16,18,36,2,2,2,8,4,64
stress18_l2,d504919e20d95bac608dd906d46abb122f9680873679710b0584e71981648fb5,89,contract_45,[2],"[2,2,2,2]","[2,2,2]",1,1,8,2,0.0055677698353144124,0.0068190975452032615,0.7071067690849304,0.8660253882408142,2,16,127,127,0,0,0,127,-73,73,2,24,0,0,2,4,64516,true,0.0015597939491271973,0.0022058819886296988,0.0015571117401123047,0.0015597939491271973,0.0022058819886296988,0.0015571117401123047,0.03042285965378603,0.0031195842284363895,true,52,144,2.769230769230769,16,18,36,2,2,2,8,4,64
stress18_l2,d504919e20d95bac608dd906d46abb122f9680873679710b0584e71981648fb5,90,contract_47,[2],"[2,2,2,2]","[2,2,2]",1,1,8,2,0.0055677698353144124,0.007274641765384223,0.7071067690849304,0.9238795042037964,2,16,127,127,0,0,0,127,-53,53,2,24,0,0,2,4,64516,true,0.0020312070846557617,0.0028725608717650175,0.001559615135192871,0.0020312070846557617,0.0028725608717650175,0.001559615135192871,0.031711333092768704,0.004062452024066854,true,52,144,2.769230769230769,16,18,36,2,2,2,8,4,64
stress18_l2,d504919e20d95bac608dd906d46abb122f9680873679710b0584e71981648fb5,91,contract_49,[2],"[2,2,2,2]","[2,2,2]",1,1,8,2,0.0055677698353144124,0.007605715060797263,0.7071067690849304,0.9659258127212524,2,16,127,127,0,0,0,127,-34,34,2,24,0,0,2,4,64516,true,0.0001589059829711914,0.00022472701675724238,8.213520050048828e-05,0.0001589059829711914,0.00022472701675724238,8.213520050048828e-05,0.03264774993335005,0.00031781842763817236,true,52,144,2.769230769230769,16,18,36,2,2,2,8,4,64
stress18_l2,d504919e20d95bac608dd906d46abb122f9680873679710b0584e71981648fb5,92,contract_51,[2],"[2,2,2,2]","[2,2,2]",1,1,8,2,0.0055677698353144124,0.007722718509163443,0.7071067690849304,0.9807852506637573,2,16,127,127,0,0,0,127,-25,25,2,24,0,0,2,4,64516,true,0.001430019736289978,0.002022353233769536,0.0005551576614379883,0.001430019736289978,0.002022353233769536,0.0005551576614379883,0.03297868548372379,0.0028600502451819887,true,52,144,2.769230769230769,16,18,36,2,2,2,8,4,64
stress18_l2,d504919e20d95bac608dd906d46abb122f9680873679710b0584e71981648fb5,93,contract_87,"[2,2]",[2],[2],1,2,1,2,0.007488634173325666,0.0055677698353144124,0.9510565400123596,0.7071067690849304,4,2,0,127,-41,41,127,127,0,0,4,2,0,0,2,2,64516,true,0.0014021992683410645,0.0019830092787742615,0.0006110072135925293,0.0014021992683410645,0.0019830092787742615,0.0006110072135925293,0.018459732604474716,0.0019830014422601064,true,28,48,1.7142857142857142,16,6,12,2,2,1,2,4,16
stress18_l2,d504919e20d95bac608dd906d46abb122f9680873679710b0584e71981648fb5,94,contract_89,"[2,2]","[2,2,2,2]","[2,2,2,2]",1,2,8,2,0.005428174349266713,0.0068190975452032615,0.6893781423568726,0.8660253882408142,4,16,-127,127,-29,29,0,127,-73,73,0,24,0,0,4,4,64516,true,0.0014921373222023249,0.002110200934112072,0.00215756893157959,0.0014921373222023249,0.002110200934112072,0.00215756893157959,0.04263019523614716,0.004220366271462236,true,56,160,2.857142857142857,16,20,40,2,2,2,16,4,128
stress18_l2,d504919e20d95bac608dd906d46abb122f9680873679710b0584e71981648fb5,95,contract_90,"[2,2]","[2,2,2,2]","[2,2,2,2]",1,2,8,2,0.004821829908476101,0.007274641765384223,0.6123723983764648,0.9238795042037964,4,16,-127,127,-73,73,0,127,-53,53,0,24,0,0,4,4,64516,true,0.003226866479963064,0.003268844448029995,9.5367431640625e-07,0.003226866479963064,0.003268844448029995,9.5367431640625e-07,0.04270471872782161,0.006537685967540517,true,56,160,2.857142857142857,16,20,40,2,2,2,16,4,128
stress18_l2,d504919e20d95bac608dd906d46abb122f9680873679710b0584e71981648fb5,96,contract_91,"[2,2]","[2,2,2,2]","[2,2,2,2]",1,2,8,2,0.005143948427335484,0.007605715060797263,0.6532814502716064,0.9659258127212524,4,16,-127,127,-53,53,0,127,-34,34,0,24,0,0,4,4,64516,true,0.002159357536584139,0.0028589298017323017,0.0020890235900878906,0.002159357536584139,0.0028589298017323017,0.0020890235900878906,0.04500569248928461,0.005717841010803046,true,56,160,2.857142857142857,16,20,40,2,2,2,16,4,128
stress18_l2,d504919e20d95bac608dd906d46abb122f9680873679710b0584e71981648fb5,97,contract_92,"[2,2]","[2,2,2,2]","[2,2,2,2]",1,2,8,2,0.0053780524749455485,0.007722718509163443,0.6830126643180847,0.9807852506637573,4,16,-127,127,-34,34,0,127,-25,25,0,24,0,0,4,4,64516,true,0.0015885772882029414,0.0020459501538425684,0.0009012222290039062,0.0015885772882029414,0.0020459501538425684,0.0009012222290039062,0.04610050538041673,0.00409186020537022,true,56,160,2.857142857142857,16,20,40,2,2,2,16,4,128
stress18_l2,d504919e20d95bac608dd906d46abb122f9680873679710b0584e71981648fb5,98,contract_93,"[2,2]","[2,2,2,2]","[2,2,2,2]",1,2,8,2,0.005460786537861261,0.0076765976552888165,0.6935198903083801,0.9749279022216797,4,16,-127,127,-25,25,0,127,-29,29,0,24,0,0,4,4,64516,true,0.00149513129144907,0.0020205408800393343,0.0007405281066894531,0.00149513129144907,0.0020205408800393343,0.0007405281066894531,0.046139771279752224,0.004041078561932322,true,56,160,2.857142857142857,16,20,40,2,2,2,16,4,128
stress18_l2,d504919e20d95bac608dd906d46abb122f9680873679710b0584e71981648fb5,99,contract_94,"[2,2]","[2,2,2,2]","[2,2,2,2]",1,2,8,2,0.005428174349266713,0.007488634173325666,0.6893781423568726,0.9510565400123596,4,16,-127,127,-29,29,0,127,-41,41,0,24,0,0,4,4,64516,true,0.0014636148698627949,0.0019786686170846224,0.001177072525024414,0.0014636148698627949,0.0019786686170846224,0.001177072525024414,0.04530840220375095,0.003957351265172723,true,56,160,2.857142857142857,16,20,40,2,2,2,16,4,128
stress18_l2,d504919e20d95bac608dd906d46abb122f9680873679710b0584e71981648fb5,100,contract_95,"[2,2]","[2,2,2,2]","[2,2,2,2]",1,2,8,2,0.00529526396999209,0.0068190975452032615,0.6724985241889954,0.8660253882408142,4,16,-127,127,-41,41,0,127,-73,73,0,24,0,0,4,4,64516,true,0.0029445961117744446,0.0031836226116865873,0.003422975540161133,0.0029445961117744446,0.0031836226116865873,0.003422975540161133,0.04223699280482132,0.0063672045907936115,true,56,160,2.857142857142857,16,20,40,2,2,2,16,4,128
stress18_l2,d504919e20d95bac608dd906d46abb122f9680873679710b0584e71981648fb5,101,contract_96,"[2,2]","[2,2,2,2]","[2,2,2,2]",1,2,8,2,0.004821829908476101,0.007274641765384223,0.6123723983764648,0.9238795042037964,4,16,-127,127,-73,73,0,127,-53,53,0,24,0,0,4,4,64516,true,0.003226866479963064,0.003268844448029995,9.5367431640625e-07,0.003226866479963064,0.003268844448029995,9.5367431640625e-07,0.04270471872782161,0.006537685967540517,true,56,160,2.857142857142857,16,20,40,2,2,2,16,4,128
stress18_l2,d504919e20d95bac608dd906d46abb122f9680873679710b0584e71981648fb5,102,contract_97,"[2,2]","[2,2,2,2]","[2,2,2,2]",1,2,8,2,0.005143948427335484,0.007605715060797263,0.6532814502716064,0.9659258127212524,4,16,-127,127,-53,53,0,127,-34,34,0,24,0,0,4,4,64516,true,0.002159357536584139,0.0028589298017323017,0.0020890235900878906,0.002159357536584139,0.0028589298017323017,0.0020890235900878906,0.04500569248928461,0.005717841010803046,true,56,160,2.857142857142857,16,20,40,2,2,2,16,4,128
stress18_l2,d504919e20d95bac608dd906d46abb122f9680873679710b0584e71981648fb5,103,contract_98,"[2,2]","[2,2,2,2]","[2,2,2,2]",1,2,8,2,0.0053780524749455485,0.007722718509163443,0.6830126643180847,0.9807852506637573,4,16,-127,127,-34,34,0,127,-25,25,0,24,0,0,4,4,64516,true,0.0015885772882029414,0.0020459501538425684,0.0009012222290039062,0.0015885772882029414,0.0020459501538425684,0.0009012222290039062,0.04610050538041673,0.00409186020537022,true,56,160,2.857142857142857,16,20,40,2,2,2,16,4,128
stress18_l2,d504919e20d95bac608dd906d46abb122f9680873679710b0584e71981648fb5,104,contract_99,"[2,2]","[2,2,2,2]","[2,2,2,2]",1,2,8,2,0.005460786537861261,0.0076765976552888165,0.6935198903083801,0.9749279022216797,4,16,-127,127,-25,25,0,127,-29,29,0,24,0,0,4,4,64516,true,0.00149513129144907,0.0020205408800393343,0.0007405281066894531,0.00149513129144907,0.0020205408800393343,0.0007405281066894531,0.046139771279752224,0.004041078561932322,true,56,160,2.857142857142857,16,20,40,2,2,2,16,4,128
stress18_l2,d504919e20d95bac608dd906d46abb122f9680873679710b0584e71981648fb5,105,contract_107,"[2,2]","[2,2,2,2]","[2,2,2,2]",1,2,8,2,0.00529526396999209,0.004083918774221826,0.6724985241889954,0.5186576843261719,4,16,-127,127,-41,41,-127,127,-117,117,0,16,0,0,4,8,64516,true,0.0012844732264056802,0.0020065929275006056,4.363059997558594e-05,0.003179971594363451,0.005201388616114855,0.006593227386474609,0.031293150373578944,0.004013212774519571,true,56,160,2.857142857142857,16,20,40,2,2,2,16,4,128
stress18_l2,d504919e20d95bac608dd906d46abb122f9680873679710b0584e71981648fb5,106,contract_109,"[2,2]","[2,2,2,2]","[2,2,2,2]",1,2,8,2,0.005460786537861261,0.00783908554888147,0.6935198903083801,0.9955638647079468,4,16,-127,127,-25,25,0,127,-65,65,0,24,0,0,4,2,64516,true,0.004137089941650629,0.004827354568988085,0.005811214447021484,0.004909882787615061,0.004762996453791857,0.00010156631469726562,0.046802390448052525,0.009654725163692411,true,56,160,2.857142857142857,16,20,40,2,2,2,16,4,128
stress18_l2,d504919e20d95bac608dd906d46abb122f9680873679710b0584e71981648fb5,107,contract_112,"[2,2,2]","[2,2,2,2]","[2,2,2,2,2]",1,4,8,2,0.0053780524749455485,0.005523793809995877,0.6830126643180847,0.7015218138694763,8,16,0,127,-34,34,-127,127,-78,78,8,16,0,0,4,4,64516,true,0.0015057557029649615,0.0025641440879553556,0.0025904178619384766,0.0022952002473175526,0.0035547504667192698,0.0022735595703125,0.04359147160303329,0.005128284615511858,true,64,192,3.0,16,24,48,2,2,2,32,4,256
stress18_l2,d504919e20d95bac608dd906d46abb122f9680873679710b0584e71981648fb5,108,contract_114,"[2,2,2]","[2,2,2,2]","[2,2,2,2,2]",1,4,8,2,0.005460786537861261,0.005552692676153708,0.6935198903083801,0.705191969871521,8,16,0,127,-25,25,-127,127,-56,56,8,16,0,0,4,4,64516,true,0.00227894214913249,0.003387802978977561,0.0029948949813842773,0.0036523649469017982,0.004882989451289177,0.0036045312881469727,0.04405781252278554,0.0067756178123729305,true,64,192,3.0,16,24,48,2,2,2,32,4,256
stress18_l2,d504919e20d95bac608dd906d46abb122f9680873679710b0584e71981648fb5,109,contract_116,"[2,2,2]","[2,2,2,2]","[2,2,2,2,2]",1,4,8,2,0.005428174349266713,0.005563181685650442,0.6893781423568726,0.7065240740776062,8,16,0,127,-29,29,-127,127,-52,52,8,16,0,0,4,4,64516,true,0.0017680058954283595,0.0025136361364275217,0.0007138252258300781,0.0017731476109474897,0.0024887332692742348,0.0001481771469116211,0.04397551221237064,0.005027278614370099,true,64,192,3.0,16,24,48,2,2,2,32,4,256
stress18_l2,d504919e20d95bac608dd906d46abb122f9680873679710b0584e71981648fb5,110,contract_117,"[2,2,2]","[2,2,2,2]","[2,2,2,2,2]",1,4,8,2,0.00529526396999209,0.005543070515309732,0.6724985241889954,0.7039699554443359,8,16,0,127,-41,41,-127,127,-65,65,8,16,0,0,4,4,64516,true,0.002998677548021078,0.004923250526189804,0.006246805191040039,0.0034061067271977663,0.004725533537566662,0.00033533573150634766,0.04334892592724354,0.00984652894466953,true,64,192,3.0,16,24,48,2,2,2,32,4,256
stress18_l2,d504919e20d95bac608dd906d46abb122f9680873679710b0584e71981648fb5,111,contract_119,"[2,2,2]","[2,2,2,2]","[2,2,2,2,2]",1,4,8,2,0.004821829908476101,0.005436809513512559,0.6123723983764648,0.690474808216095,8,16,0,127,-73,73,-127,127,-96,96,8,16,0,0,4,4,64516,true,0.0030356694478541613,0.003836472984403372,0.004349350929260254,0.0035632748622447252,0.005000327713787556,0.007753968238830566,0.041047734856183155,0.007672921637034212,true,64,192,3.0,16,24,48,2,2,2,32,4,256
stress18_l2,d504919e20d95bac608dd906d46abb122f9680873679710b0584e71981648fb5,112,contract_120,"[2,2,2]","[2,2,2,2]","[2,2,2,2,2]",1,4,8,2,0.005143948427335484,0.005523398166566383,0.6532814502716064,0.7014715671539307,8,16,0,127,-53,53,-127,127,-102,102,8,16,0,0,4,4,64516,true,0.0027835939545184374,0.00423568207770586,0.004915595054626465,0.004144127480685711,0.005737832747399807,0.005093932151794434,0.04268068675564794,0.008471335665639155,true,64,192,3.0,16,24,48,2,2,2,32,4,256
stress18_l2,d504919e20d95bac608dd906d46abb122f9680873679710b0584e71981648fb5,113,contract_122,"[2,2,2]","[2,2,2,2]","[2,2,2,2,2]",1,4,8,2,0.0053780524749455485,0.005523793809995877,0.6830126643180847,0.7015218138694763,8,16,0,127,-34,34,-127,127,-78,78,8,16,0,0,4,4,64516,true,0.0015057557029649615,0.0025641440879553556,0.0025904178619384766,0.0022952002473175526,0.0035547504667192698,0.0022735595703125,0.04359147160303329,0.005128284615511858,true,64,192,3.0,16,24,48,2,2,2,32,4,256
stress18_l2,d504919e20d95bac608dd906d46abb122f9680873679710b0584e71981648fb5,114,contract_123,"[2,2,2]","[2,2,2,2]","[2,2,2,2,2]",1,4,8,2,0.005460786537861261,0.005552692676153708,0.6935198903083801,0.705191969871521,8,16,0,127,-25,25,-127,127,-56,56,8,16,0,0,4,4,64516,true,0.00227894214913249,0.003387802978977561,0.0029948949813842773,0.0036523649469017982,0.004882989451289177,0.0036045312881469727,0.04405781252278554,0.0067756178123729305,true,64,192,3.0,16,24,48,2,2,2,32,4,256
stress18_l2,d504919e20d95bac608dd906d46abb122f9680873679710b0584e71981648fb5,115,contract_125,"[2,2,2]","[2,2,2,2]","[2,2,2,2,2]",1,4,8,2,0.005428174349266713,0.005563181685650442,0.6893781423568726,0.7065240740776062,8,16,0,127,-29,29,-127,127,-52,52,8,16,0,0,4,4,64516,true,0.0017680058954283595,0.0025136361364275217,0.0007138252258300781,0.0017731476109474897,0.0024887332692742348,0.0001481771469116211,0.04397551221237064,0.005027278614370099,true,64,192,3.0,16,24,48,2,2,2,32,4,256
stress18_l2,d504919e20d95bac608dd906d46abb122f9680873679710b0584e71981648fb5,116,contract_126,"[2,2,2]","[2,2,2,2]","[2,2,2,2,2]",1,4,8,2,0.00529526396999209,0.005543070515309732,0.6724985241889954,0.7039699554443359,8,16,0,127,-41,41,-127,127,-65,65,8,16,0,0,4,4,64516,true,0.002998677548021078,0.004923250526189804,0.006246805191040039,0.0034061067271977663,0.004725533537566662,0.00033533573150634766,0.04334892592724354,0.00984652894466953,true,64,192,3.0,16,24,48,2,2,2,32,4,256
stress18_l2,d504919e20d95bac608dd906d46abb122f9680873679710b0584e71981648fb5,117,contract_128,"[2,2,2]","[2,2,2,2]","[2,2,2,2,2]",1,4,8,2,0.004821829908476101,0.005436809513512559,0.6123723983764648,0.690474808216095,8,16,0,127,-73,73,-127,127,-96,96,8,16,0,0,4,4,64516,true,0.0030356694478541613,0.003836472984403372,0.004349350929260254,0.0035632748622447252,0.005000327713787556,0.007753968238830566,0.041047734856183155,0.007672921637034212,true,64,192,3.0,16,24,48,2,2,2,32,4,256
stress18_l2,d504919e20d95bac608dd906d46abb122f9680873679710b0584e71981648fb5,118,contract_129,"[2,2,2]","[2,2,2,2]","[2,2,2,2,2]",1,4,8,2,0.005143948427335484,0.005523398166566383,0.6532814502716064,0.7014715671539307,8,16,0,127,-53,53,-127,127,-102,102,8,16,0,0,4,4,64516,true,0.0027835939545184374,0.00423568207770586,0.004915595054626465,0.004144127480685711,0.005737832747399807,0.005093932151794434,0.04268068675564794,0.008471335665639155,true,64,192,3.0,16,24,48,2,2,2,32,4,256
stress18_l2,d504919e20d95bac608dd906d46abb122f9680873679710b0584e71981648fb5,119,contract_131,"[2,2,2]","[2,2,2,2]","[2,2,2,2,2]",1,4,8,2,0.0053780524749455485,0.005523793809995877,0.6830126643180847,0.7015218138694763,8,16,0,127,-34,34,-127,127,-78,78,8,16,0,0,4,4,64516,true,0.0015057557029649615,0.0025641440879553556,0.0025904178619384766,0.0022952002473175526,0.0035547504667192698,0.0022735595703125,0.04359147160303329,0.005128284615511858,true,64,192,3.0,16,24,48,2,2,2,32,4,256
stress18_l2,d504919e20d95bac608dd906d46abb122f9680873679710b0584e71981648fb5,120,contract_132,"[2,2,2]","[2,2,2,2]","[2,2,2,2,2]",1,4,8,2,0.005460786537861261,0.005552692676153708,0.6935198903083801,0.705191969871521,8,16,0,127,-25,25,-127,127,-56,56,8,16,0,0,4,4,64516,true,0.00227894214913249,0.003387802978977561,0.0029948949813842773,0.0036523649469017982,0.004882989451289177,0.0036045312881469727,0.04405781252278554,0.0067756178123729305,true,64,192,3.0,16,24,48,2,2,2,32,4,256
stress18_l2,d504919e20d95bac608dd906d46abb122f9680873679710b0584e71981648fb5,121,contract_88,"[2,2,2]",[2],"[2,2]",1,4,1,2,0.005428174349266713,0.00529526396999209,0.6893781423568726,0.6724985241889954,8,2,0,127,-29,29,127,127,-41,41,8,0,0,0,4,2,64516,true,0.0010349323274567723,0.0019786639604717493,0.0005886554718017578,0.0010349323274567723,0.0019786639604717493,0.0005886554718017578,0.01834515042631346,0.0019786805516775648,true,36,80,2.2222222222222223,16,10,20,2,2,2,4,4,32
stress18_l2,d504919e20d95bac608dd906d46abb122f9680873679710b0584e71981648fb5,122,contract_106,"[2,2,2]","[2,2]","[2,2,2]",1,4,2,2,0.004821829908476101,0.003919542774440735,0.6123723983764648,0.4977819323539734,8,4,0,127,-73,73,110,127,-65,65,8,0,0,0,4,2,64516,true,0.0022791267838329077,0.005255537107586861,0.003612339496612549,0.0023979826364666224,0.004777101334184408,0.0006580352783203125,0.01747734177018019,0.005255537160242172,true,40,96,2.4,16,12,24,2,2,2,8,4,64
stress18_l2,d504919e20d95bac608dd906d46abb122f9680873679710b0584e71981648fb5,123,contract_118,"[2,2,2,2,2]","[2,2,2,2,2]","[2,2,2,2,2,2]",1,8,8,4,0.0038627181935498097,0.0038446525889118824,0.4905652105808258,0.4882708787918091,32,32,-127,127,-78,78,-127,127,-97,97,32,32,0,0,8,8,129032,true,0.0020490807946771383,0.003248035442084074,0.0023211240768432617,0.004279055166989565,0.007214270997792482,0.001703500747680664,0.06154717037309529,0.006496067955694588,true,144,512,3.5555555555555554,16,64,128,2,2,2,64,4,1024
stress18_l2,d504919e20d95bac608dd906d46abb122f9680873679710b0584e71981648fb5,124,contract_121,"[2,2,2,2,2]","[2,2,2,2,2]","[2,2,2,2,2,2]",1,8,8,4,0.00382765048132168,0.003822878355116356,0.4861116111278534,0.4855055510997772,32,32,-124,124,-127,127,-126,126,-127,127,32,32,0,0,4,4,129032,true,0.002050764625892043,0.003146727802231908,0.0030797719955444336,0.005149215925484896,0.008237939327955246,0.0007358789443969727,0.06115615079550757,0.006293454180628326,true,144,512,3.5555555555555554,16,64,128,2,2,2,64,4,1024
stress18_l2,d504919e20d95bac608dd906d46abb122f9680873679710b0584e71981648fb5,125,contract_124,"[2,2,2,2,2]","[2,2,2,2,2]","[2,2,2,2,2,2]",1,8,8,4,0.003908024294169869,0.003904623074794379,0.49631908535957336,0.4958871304988861,32,32,-127,127,-101,101,-127,127,-77,77,32,32,0,0,4,4,129032,true,0.001968426164239645,0.0034956352319568396,0.0018796920776367188,0.005061729811131954,0.009106401354074478,0.006610393524169922,0.062434592546164985,0.006991249887250149,true,144,512,3.5555555555555554,16,64,128,2,2,2,64,4,1024
stress18_l2,d504919e20d95bac608dd906d46abb122f9680873679710b0584e71981648fb5,126,contract_127,"[2,2,2,2,2]","[2,2,2,2,2]","[2,2,2,2,2,2]",1,8,8,4,0.0038627181935498097,0.0038446525889118824,0.4905652105808258,0.4882708787918091,32,32,-127,127,-78,78,-127,127,-97,97,32,32,0,0,8,8,129032,true,0.0020490807946771383,0.003248035442084074,0.0023211240768432617,0.004279055166989565,0.007214270997792482,0.001703500747680664,0.06154717037309529,0.006496067955694588,true,144,512,3.5555555555555554,16,64,128,2,2,2,64,4,1024
stress18_l2,d504919e20d95bac608dd906d46abb122f9680873679710b0584e71981648fb5,127,contract_130,"[2,2,2,2,2]","[2,2,2,2,2]","[2,2,2,2,2,2]",1,8,8,4,0.00382765048132168,0.003822878355116356,0.4861116111278534,0.4855055510997772,32,32,-124,124,-127,127,-126,126,-127,127,32,32,0,0,4,4,129032,true,0.002050764625892043,0.003146727802231908,0.0030797719955444336,0.005149215925484896,0.008237939327955246,0.0007358789443969727,0.06115615079550757,0.006293454180628326,true,144,512,3.5555555555555554,16,64,128,2,2,2,64,4,1024
stress18_l2,d504919e20d95bac608dd906d46abb122f9680873679710b0584e71981648fb5,128,contract_133,"[2,2,2,2]","[2,2,2,2,2]","[2,2,2,2,2]",1,4,8,4,0.005529255378903366,0.003904623074794379,0.7022154331207275,0.4958871304988861,16,32,-121,127,-85,85,-127,127,-77,77,16,32,0,0,2,4,129032,true,0.0037451342213898897,0.00469973823055625,0.006738543510437012,0.010504658333957195,0.009449765086174011,0.002495408058166504,0.06258346652671504,0.009399452903240796,true,112,384,3.4285714285714284,16,48,96,2,2,2,32,4,512
stress18_l2,d504919e20d95bac608dd906d46abb122f9680873679710b0584e71981648fb5,129,contract_108,"[2,2,2]","[2,2,2,2]","[2,2,2]",1,2,4,4,0.00278505260550131,0.0035632574182795727,0.3537016808986664,0.45253369212150574,8,16,63,127,-111,111,-127,127,-122,122,0,0,0,0,2,8,129032,true,0.0015155426226556301,0.0031481911428272724,0.0006328821182250977,0.004299885593354702,0.007393961306661367,0.0018295049667358398,0.02123403879270109,0.0031482183208395107,true,64,192,3.0,16,24,48,2,2,2,8,4,128
stress18_l2,d504919e20d95bac608dd906d46abb122f9680873679710b0584e71981648fb5,130,contract_134,"[2,2,2,2,2]","[2,2,2,2,2]","[2,2,2,2,2,2]",1,8,8,4,0.003908024294169869,0.005355425237670658,0.49631908535957336,0.6801390051841736,32,32,-127,127,-101,101,-122,127,-69,69,32,32,0,0,4,2,129032,true,0.0035064395051449537,0.004956237506121397,0.0026350021362304688,0.01457823533564806,0.015451268292963505,0.009800076484680176,0.07382822922842651,0.009912476214981467,true,144,512,3.5555555555555554,16,64,128,2,2,2,64,4,1024
stress18_l2,d504919e20d95bac608dd906d46abb122f9680873679710b0584e71981648fb5,131,contract_110,"[2,2,2]","[2,2,2]","[2,2,2,2]",1,4,4,2,0.005143948427335484,0.004132623278249906,0.6532814502716064,0.524843156337738,8,8,0,127,-53,53,-64,127,-63,48,8,0,0,0,4,1,64516,true,0.0020396194886416197,0.004564700182527304,9.006261825561523e-05,0.003928894177079201,0.00894542783498764,0.001429915428161621,0.022002395838084998,0.004564713958825367,true,48,128,2.6666666666666665,16,16,32,2,2,2,16,4,128
stress18_l2,d504919e20d95bac608dd906d46abb122f9680873679710b0584e71981648fb5,132,contract_135,"[2,2,2,2,2,2]","[2,2,2,2,2,2]","[2,2,2,2,2,2,2,2]",1,16,16,4,0.0038976981414584663,0.0052690327636838894,0.4950076639652252,0.669167160987854,64,64,-127,127,-125,125,-127,127,-106,106,64,66,0,0,4,2,129032,true,0.002698306692764163,0.007071624509990215,0.0038756132125854492,0.0092385932803154,0.015439605340361595,0.009352326393127441,0.10348994871378422,0.014143260244131838,true,272,1024,3.764705882352941,16,128,256,2,2,2,256,4,4096
stress18_l2,d504919e20d95bac608dd906d46abb122f9680873679710b0584e71981648fb5,133,contract_111,"[2,2,2,2]","[2,2,2,2]","[2,2,2,2]",1,4,4,4,0.005523398166566383,0.0031699528844337764,0.7014715671539307,0.4025840163230896,16,16,-127,127,-102,102,-71,127,-97,51,16,2,0,0,4,1,129032,true,0.002786512952297926,0.0056562721729278564,0.0024539828300476074,0.004938193131238222,0.011548401787877083,0.0008321404457092285,0.03353731481719127,0.005656252193595617,true,80,256,3.2,16,32,64,2,2,2,16,4,256
stress18_l2,d504919e20d95bac608dd906d46abb122f9680873679710b0584e71981648fb5,134,contract_136,"[2,2,2,2,2,2]","[2,2,2,2,2,2,2,2]","[2,2,2,2,2,2,2,2,2,2]",1,16,64,4,0.003917807199823575,0.004226438173158901,0.497561514377594,0.5367576479911804,64,256,-126,127,-104,104,-116,127,-125,125,64,272,0,0,2,2,129032,true,0.002538948552682996,0.009685208089649677,0.00030684471130371094,0.009288514964282513,0.019832462072372437,0.009418368339538574,0.13965418896988244,0.019370416773876298,true,656,2560,3.902439024390244,16,320,640,2,2,2,1024,4,16384
stress18_l2,d504919e20d95bac608dd906d46abb122f9680873679710b0584e71981648fb5,135,contract_113,"[2,2,2,2]","[2,2,2,2,2]","[2,2,2,2,2]",1,4,8,4,0.0035438314666898234,0.003908024294169869,0.45006659626960754,0.49631908535957336,16,32,-72,127,-80,54,-127,127,-101,101,1,32,0,0,1,4,129032,true,0.0028105650562793016,0.006692445371299982,0.0003057718276977539,0.003967612516134977,0.012871049344539642,0.001765906810760498,0.03571618608322063,0.006692445765481775,true,112,384,3.4285714285714284,16,48,96,2,2,2,32,4,512
stress18_l2,d504919e20d95bac608dd906d46abb122f9680873679710b0584e71981648fb5,136,contract_137,"[2,2,2,2,2,2]","[2,2,2,2,2,2,2,2,2,2]","[2,2,2,2,2,2,2,2,2,2,2,2]",1,16,256,4,0.003926942667623204,0.003924333673762524,0.498721718788147,0.4983903765678406,64,1024,-125,127,-113,113,-126,127,-85,85,64,1244,0,0,2,2,129032,true,0.002615510718896985,0.01891401782631874,0.002768278121948242,0.012519817799329758,0.03159494325518608,0.014703512191772461,0.22089526292890077,0.03782801128019299,true,2192,8704,3.9708029197080292,16,1088,2176,2,2,2,4096,4,65536
stress18_l2,d504919e20d95bac608dd906d46abb122f9680873679710b0584e71981648fb5,137,contract_115,"[2,2,2,2,2]","[2,2,2,2,2]","[2,2,2,2,2,2]",1,8,8,4,0.0036308274963709314,0.003904623074794379,0.4611150920391083,0.4958871304988861,32,32,-58,127,-58,55,-127,127,-77,77,0,32,0,0,1,4,129032,true,0.001800887519493699,0.007572528440505266,0.00023746490478515625,0.004052070435136557,0.014465877786278725,0.0015523433685302734,0.04462562980692897,0.007572530339048618,true,144,512,3.5555555555555554,16,64,128,2,2,2,64,4,1024
stress18_l2,d504919e20d95bac608dd906d46abb122f9680873679710b0584e71981648fb5,138,contract_138,"[2,2,2,2,2,2]","[2,2,2,2,2,2,2,2,2,2,2,2]","[2,2,2,2,2,2,2,2,2,2,2,2,2,2]",1,16,1024,4,0.0038976981414584663,0.003701221520506491,0.4950076639652252,0.47005513310432434,64,4096,-127,127,-125,125,-127,127,-106,106,64,6186,0,0,4,4,129032,true,0.0020819026976823807,0.03050779551267624,0.002359628677368164,0.007611013483256102,0.04334697127342224,0.01439809799194336,0.3771670078050823,0.06101554096336164,true,8336,33280,3.9923224568138194,16,4160,8320,2,2,2,16384,4,262144
stress18_l2,d504919e20d95bac608dd906d46abb122f9680873679710b0584e71981648fb5,139,contract_139,"[2,2,2,2,2,2]","[2,2,2,2,2,2,2,2,2,2,2,2,2,2]","[2,2,2,2,2,2,2,2,2,2,2,2,2,2,2,2]",1,16,4096,4,0.003917807199823575,0.0029267100837287,0.497561514377594,0.3716921806335449,64,16384,-126,127,-104,104,-127,127,-125,125,64,26826,0,0,2,2,129032,true,0.0018839639378711581,0.04406837746500969,0.0016682147979736328,0.00851458590477705,0.05997809022665024,0.013615846633911133,0.5767301344475422,0.08813667113471327,true,32912,131584,3.9980554205153136,16,16448,32896,2,2,2,65536,4,1048576
stress18_l2,d504919e20d95bac608dd906d46abb122f9680873679710b0584e71981648fb5,140,contract_140,"[2,2,2,2,2,2]","[2,2,2,2,2,2,2,2,2,2,2,2,2,2,2,2]","[2,2,2,2,2,2,2,2,2,2,2,2,2,2,2,2,2,2]",1,16,16384,4,0.0034315069829385114,0.002744144107413104,0.4358013868331909,0.34850630164146423,64,65536,-64,127,-69,58,-127,127,-84,84,9,118576,0,0,2,2,129032,true,0.001893754699267447,0.06521672010421753,0.00012111663818359375,0.00811358168721199,0.0831613689661026,0.005077719688415527,0.5348854274859065,0.06521662470713639,true,131216,524800,3.999512254603097,16,65600,131200,2,2,2,262144,4,4194304
