schema_version,suite_id,case_id,case_family,n_qubits,actual_n_qubits,benchmark_n_qubits,actual_n_qubits_source,actual_n_qubits_warning,route_id,benchmark_role,backend_family,execution_model,parallelism_mode,circuit_semantics_hash,tensor_network_hash,contraction_plan_hash,contraction_execution_target,upmem_execution_mode,policy,quantization_mode,generic_only_all_tasks_used_generic_backend,valid_primary_upmem_codepath_result,upmem_program_executed,dpu_program_invocations,state_output_mode,validation_method,performance_tier,timing_scope,repeat_count,total_wall_time_s_median,total_wall_time_s_mean,total_wall_time_s_min,total_wall_time_s_max,total_wall_time_s_std,total_host_residual_time_s_median,total_host_residual_time_s_mean,total_host_residual_time_s_min,total_host_residual_time_s_max,total_host_residual_time_s_std,reported_time_s_median,reported_time_s_mean,reported_time_s_min,reported_time_s_max,reported_time_s_std,timing_basis,simulation_compute_time_s_median,simulation_compute_time_s_mean,simulation_compute_time_s_min,simulation_compute_time_s_max,simulation_compute_time_s_std,planning_time_s_median,planning_time_s_mean,planning_time_s_min,planning_time_s_max,planning_time_s_std,actual_transfer_bytes_median,tn_estimated_flops,tn_max_intermediate_bytes,validation_passed_count,validation_failed_count,unsupported_count,slice_count,slicing_flop_ratio,slicing_flop_change_kind,max_abs_error,l2_error,execution_max_abs_error,execution_l2_error,full_precision_max_abs_error,full_precision_l2_error,hardware_speedup_applicable,gpu_backend_verified,gpu_device_name,cpu_fallback_used,resource_skip_reason
research_benchmark_pack_v1,research_cpu_gpu,quest_bb84_10q_research_perf,bb84,10,10,10,n_qubits,,quest_cpu_full_state_exact,serious_full_state_baseline,quest,full_state,not_applicable,,,,cpu,,not_applicable,not_applicable,,,False,,none,native_status_gate_counts,True,end_to_end_and_compute,5,0.014971236999826942,0.015084534399920812,0.014203606999672047,0.016297159000259853,0.000728589818527603,,,,,,0.014971236999826942,0.015084534399920812,0.014203606999672047,0.016297159000259853,0.000728589818527603,total_wall,0.009982177,0.0099950314,0.00918966,0.011063704,0.0006513121519737216,0.0,0.0,0.0,0.0,0.0,,0,16384,5,0,0,,,unavailable,,,,,,,False,False,,False,
research_benchmark_pack_v1,research_cpu_gpu,quest_bb84_10q_research_perf,bb84,10,10,10,n_qubits,,quest_gpu_full_state_exact,serious_gpu_full_state_baseline,quest,full_state,not_applicable,,,,gpu,,not_applicable,not_applicable,,,False,,none,native_status_gate_counts,True,end_to_end_and_compute,5,0.07415991899961227,0.07460951559987734,0.056821879999915836,0.10930445600024541,0.018936906996398075,,,,,,0.07415991899961227,0.07460951559987734,0.056821879999915836,0.10930445600024541,0.018936906996398075,total_wall,0.029207945,0.029898118999999997,0.012099028,0.065621853,0.019544510770364624,0.0,0.0,0.0,0.0,0.0,,0,16384,5,0,0,,,unavailable,,,,,,,False,True,AMD Radeon RX 6600 (gfx1032),False,
research_benchmark_pack_v1,research_cpu_gpu,quest_bb84_12q_research_perf,bb84,12,12,12,n_qubits,,quest_cpu_full_state_exact,serious_full_state_baseline,quest,full_state,not_applicable,,,,cpu,,not_applicable,not_applicable,,,False,,none,native_status_gate_counts,True,end_to_end_and_compute,5,0.021272793000207457,0.026272438800060628,0.019915180999760196,0.0398408810001456,0.007770951450931133,,,,,,0.021272793000207457,0.026272438800060628,0.019915180999760196,0.0398408810001456,0.007770951450931133,total_wall,0.015047181,0.015439391,0.014566917,0.01697066,0.0008868324677518293,0.0,0.0,0.0,0.0,0.0,,0,65536,5,0,0,,,unavailable,,,,,,,False,False,,False,
research_benchmark_pack_v1,research_cpu_gpu,quest_bb84_12q_research_perf,bb84,12,12,12,n_qubits,,quest_gpu_full_state_exact,serious_gpu_full_state_baseline,quest,full_state,not_applicable,,,,gpu,,not_applicable,not_applicable,,,False,,none,native_status_gate_counts,True,end_to_end_and_compute,5,0.5160402840001552,0.5177006864000759,0.5139369230000739,0.5267564069999935,0.0047435179783715,,,,,,0.5160402840001552,0.5177006864000759,0.5139369230000739,0.5267564069999935,0.0047435179783715,total_wall,0.054836988,0.0546959876,0.053730011,0.055444002,0.0005565082859396071,0.0,0.0,0.0,0.0,0.0,,0,65536,5,0,0,,,unavailable,,,,,,,False,True,AMD Radeon RX 6600 (gfx1032),False,
research_benchmark_pack_v1,research_cpu_gpu,quest_bb84_14q_research_perf,bb84,14,14,14,n_qubits,,quest_cpu_full_state_exact,serious_full_state_baseline,quest,full_state,not_applicable,,,,cpu,,not_applicable,not_applicable,,,False,,none,native_status_gate_counts,True,end_to_end_and_compute,5,0.03200210099976175,0.04551393959991401,0.027549090999855252,0.08232538999982353,0.021210811952744657,,,,,,0.03200210099976175,0.04551393959991401,0.027549090999855252,0.08232538999982353,0.021210811952744657,total_wall,0.026846074,0.0334144112,0.022165261,0.060126506,0.013971317588820597,0.0,0.0,0.0,0.0,0.0,,0,262144,5,0,0,,,unavailable,,,,,,,False,False,,False,
research_benchmark_pack_v1,research_cpu_gpu,quest_bb84_14q_research_perf,bb84,14,14,14,n_qubits,,quest_gpu_full_state_exact,serious_gpu_full_state_baseline,quest,full_state,not_applicable,,,,gpu,,not_applicable,not_applicable,,,False,,none,native_status_gate_counts,True,end_to_end_and_compute,5,0.5181278350000866,0.5219273862000591,0.5134623910003029,0.531371295000099,0.007808143715202341,,,,,,0.5181278350000866,0.5219273862000591,0.5134623910003029,0.531371295000099,0.007808143715202341,total_wall,0.06405282,0.064124775,0.062268019,0.065196991,0.0010640025772346586,0.0,0.0,0.0,0.0,0.0,,0,262144,5,0,0,,,unavailable,,,,,,,False,True,AMD Radeon RX 6600 (gfx1032),False,
research_benchmark_pack_v1,research_cpu_gpu,quest_bb84_16q_research_perf,bb84,16,16,16,n_qubits,,quest_cpu_full_state_exact,serious_full_state_baseline,quest,full_state,not_applicable,,,,cpu,,not_applicable,not_applicable,,,False,,none,native_status_gate_counts,True,end_to_end_and_compute,5,0.06462405100000979,0.09044089680010074,0.05894270499993581,0.14698229300029197,0.03629879799678886,,,,,,0.06462405100000979,0.09044089680010074,0.05894270499993581,0.14698229300029197,0.03629879799678886,total_wall,0.058804552,0.077549929,0.053376848,0.124681034,0.028011550302885886,0.0,0.0,0.0,0.0,0.0,,0,1048576,5,0,0,,,unavailable,,,,,,,False,False,,False,
research_benchmark_pack_v1,research_cpu_gpu,quest_bb84_16q_research_perf,bb84,16,16,16,n_qubits,,quest_gpu_full_state_exact,serious_gpu_full_state_baseline,quest,full_state,not_applicable,,,,gpu,,not_applicable,not_applicable,,,False,,none,native_status_gate_counts,True,end_to_end_and_compute,5,0.5401426799999172,0.5390541570000096,0.529616156999964,0.5473266340000009,0.0057282879341808675,,,,,,0.5401426799999172,0.5390541570000096,0.529616156999964,0.5473266340000009,0.0057282879341808675,total_wall,0.083640099,0.0827661516,0.081179857,0.084074974,0.0012655496279170724,0.0,0.0,0.0,0.0,0.0,,0,1048576,5,0,0,,,unavailable,,,,,,,False,True,AMD Radeon RX 6600 (gfx1032),False,
research_benchmark_pack_v1,research_cpu_gpu,quest_bb84_4q_research_perf,bb84,4,4,4,n_qubits,,quest_cpu_full_state_exact,serious_full_state_baseline,quest,full_state,not_applicable,,,,cpu,,not_applicable,not_applicable,,,False,,none,native_status_gate_counts,True,end_to_end_and_compute,5,0.008318593000240071,0.008320317799916665,0.008184798000002047,0.008436616999915714,8.548883186094951e-05,,,,,,0.008318593000240071,0.008320317799916665,0.008184798000002047,0.008436616999915714,8.548883186094951e-05,total_wall,0.003229763,0.0032391076,0.003229183,0.003256515,1.1888323844848848e-05,0.0,0.0,0.0,0.0,0.0,,0,256,5,0,0,,,unavailable,,,,,,,False,False,,False,
research_benchmark_pack_v1,research_cpu_gpu,quest_bb84_4q_research_perf,bb84,4,4,4,n_qubits,,quest_gpu_full_state_exact,serious_gpu_full_state_baseline,quest,full_state,not_applicable,,,,gpu,,not_applicable,not_applicable,,,False,,none,native_status_gate_counts,True,end_to_end_and_compute,5,0.04608529799997996,0.046321890400122356,0.04590980500006481,0.04729707300020891,0.0005117286526641675,,,,,,0.04608529799997996,0.046321890400122356,0.04590980500006481,0.04729707300020891,0.0005117286526641675,total_wall,0.003362894,0.0031199932,0.002093077,0.003432989,0.0005143800340391916,0.0,0.0,0.0,0.0,0.0,,0,256,5,0,0,,,unavailable,,,,,,,False,True,AMD Radeon RX 6600 (gfx1032),False,
research_benchmark_pack_v1,research_cpu_gpu,quest_bb84_6q_research_perf,bb84,6,6,6,n_qubits,,quest_cpu_full_state_exact,serious_full_state_baseline,quest,full_state,not_applicable,,,,cpu,,not_applicable,not_applicable,,,False,,none,native_status_gate_counts,True,end_to_end_and_compute,5,0.010053311999854486,0.012721092400079214,0.009970725000130187,0.017543118000048707,0.0033539553638569455,,,,,,0.010053311999854486,0.012721092400079214,0.009970725000130187,0.017543118000048707,0.0033539553638569455,total_wall,0.00481632,0.0054836002,0.004802375,0.006911897,0.0008687446245656776,0.0,0.0,0.0,0.0,0.0,,0,1024,5,0,0,,,unavailable,,,,,,,False,False,,False,
research_benchmark_pack_v1,research_cpu_gpu,quest_bb84_6q_research_perf,bb84,6,6,6,n_qubits,,quest_gpu_full_state_exact,serious_gpu_full_state_baseline,quest,full_state,not_applicable,,,,gpu,,not_applicable,not_applicable,,,False,,none,native_status_gate_counts,True,end_to_end_and_compute,5,0.05009083799996006,0.049556035999921734,0.047421379999832425,0.05190755200010244,0.0015915940299692252,,,,,,0.05009083799996006,0.049556035999921734,0.047421379999832425,0.05190755200010244,0.0015915940299692252,total_wall,0.005120993,0.0051265716,0.005089998,0.005182028,3.0435513497228864e-05,0.0,0.0,0.0,0.0,0.0,,0,1024,5,0,0,,,unavailable,,,,,,,False,True,AMD Radeon RX 6600 (gfx1032),False,
research_benchmark_pack_v1,research_cpu_gpu,quest_bb84_8q_research_perf,bb84,8,8,8,n_qubits,,quest_cpu_full_state_exact,serious_full_state_baseline,quest,full_state,not_applicable,,,,cpu,,not_applicable,not_applicable,,,False,,none,native_status_gate_counts,True,end_to_end_and_compute,5,0.018113052999979118,0.04175900359996376,0.012732167999729427,0.08989219300019613,0.03311751060124239,,,,,,0.018113052999979118,0.04175900359996376,0.012732167999729427,0.08989219300019613,0.03311751060124239,total_wall,0.013062355,0.030084008199999998,0.007455581,0.067843424,0.02523893270271113,0.0,0.0,0.0,0.0,0.0,,0,4096,5,0,0,,,unavailable,,,,,,,False,False,,False,
research_benchmark_pack_v1,research_cpu_gpu,quest_bb84_8q_research_perf,bb84,8,8,8,n_qubits,,quest_gpu_full_state_exact,serious_gpu_full_state_baseline,quest,full_state,not_applicable,,,,gpu,,not_applicable,not_applicable,,,False,,none,native_status_gate_counts,True,end_to_end_and_compute,5,0.06796257099995273,0.06509007320000819,0.05012528299994301,0.0731790530003309,0.00801630301895555,,,,,,0.06796257099995273,0.06509007320000819,0.05012528299994301,0.0731790530003309,0.00801630301895555,total_wall,0.02425909,0.0207735538,0.007678032,0.025274992,0.00668828435761179,0.0,0.0,0.0,0.0,0.0,,0,4096,5,0,0,,,unavailable,,,,,,,False,True,AMD Radeon RX 6600 (gfx1032),False,
research_benchmark_pack_v1,research_cpu_gpu,quest_bv_10q_research_perf,bv,10,10,10,n_qubits,,quest_cpu_full_state_exact,serious_full_state_baseline,quest,full_state,not_applicable,,,,cpu,,not_applicable,not_applicable,,,False,,none,native_status_gate_counts,True,end_to_end_and_compute,5,0.019924758999877668,0.020319429200026207,0.019272728000032657,0.02164579199961736,0.0009405810096939666,,,,,,0.019924758999877668,0.020319429200026207,0.019272728000032657,0.02164579199961736,0.0009405810096939666,total_wall,0.014799199,0.0152652074,0.014201652,0.016606156,0.0009426897983386896,0.0,0.0,0.0,0.0,0.0,,0,16384,5,0,0,,,unavailable,,,,,,,False,False,,False,
research_benchmark_pack_v1,research_cpu_gpu,quest_bv_10q_research_perf,bv,10,10,10,n_qubits,,quest_gpu_full_state_exact,serious_gpu_full_state_baseline,quest,full_state,not_applicable,,,,gpu,,not_applicable,not_applicable,,,False,,none,native_status_gate_counts,True,end_to_end_and_compute,5,0.06182938500023738,0.07737079220005398,0.060649381000075664,0.11746392599980027,0.02213848614091784,,,,,,0.06182938500023738,0.07737079220005398,0.060649381000075664,0.11746392599980027,0.02213848614091784,total_wall,0.018361092,0.0335978032,0.016374826,0.074485064,0.022594402200861792,0.0,0.0,0.0,0.0,0.0,,0,16384,5,0,0,,,unavailable,,,,,,,False,True,AMD Radeon RX 6600 (gfx1032),False,
research_benchmark_pack_v1,research_cpu_gpu,quest_bv_12q_research_perf,bv,12,12,12,n_qubits,,quest_cpu_full_state_exact,serious_full_state_baseline,quest,full_state,not_applicable,,,,cpu,,not_applicable,not_applicable,,,False,,none,native_status_gate_counts,True,end_to_end_and_compute,5,0.02569867100010015,0.03426281480005855,0.02450095300036992,0.07003124499988189,0.017893869479192,,,,,,0.02569867100010015,0.03426281480005855,0.02450095300036992,0.07003124499988189,0.017893869479192,total_wall,0.020543015,0.025861681,0.019309348,0.048917725,0.011544762829607494,0.0,0.0,0.0,0.0,0.0,,0,65536,5,0,0,,,unavailable,,,,,,,False,False,,False,
research_benchmark_pack_v1,research_cpu_gpu,quest_bv_12q_research_perf,bv,12,12,12,n_qubits,,quest_gpu_full_state_exact,serious_gpu_full_state_baseline,quest,full_state,not_applicable,,,,gpu,,not_applicable,not_applicable,,,False,,none,native_status_gate_counts,True,end_to_end_and_compute,5,0.5337657189998026,0.5347119747999386,0.5305724549998558,0.5398584770000525,0.003048556077182892,,,,,,0.5337657189998026,0.5347119747999386,0.5305724549998558,0.5398584770000525,0.003048556077182892,total_wall,0.078663111,0.0789489748,0.077875853,0.081417084,0.0012959849611026205,0.0,0.0,0.0,0.0,0.0,,0,65536,5,0,0,,,unavailable,,,,,,,False,True,AMD Radeon RX 6600 (gfx1032),False,
research_benchmark_pack_v1,research_cpu_gpu,quest_bv_14q_research_perf,bv,14,14,14,n_qubits,,quest_cpu_full_state_exact,serious_full_state_baseline,quest,full_state,not_applicable,,,,cpu,,not_applicable,not_applicable,,,False,,none,native_status_gate_counts,True,end_to_end_and_compute,5,0.044285023999691475,0.04430047340001693,0.03723677800007863,0.051437549000183935,0.006077533084517434,,,,,,0.044285023999691475,0.04430047340001693,0.03723677800007863,0.051437549000183935,0.006077533084517434,total_wall,0.031709735,0.0312757734,0.02955165,0.03261673,0.0012032456361100337,0.0,0.0,0.0,0.0,0.0,,0,262144,5,0,0,,,unavailable,,,,,,,False,False,,False,
research_benchmark_pack_v1,research_cpu_gpu,quest_bv_14q_research_perf,bv,14,14,14,n_qubits,,quest_gpu_full_state_exact,serious_gpu_full_state_baseline,quest,full_state,not_applicable,,,,gpu,,not_applicable,not_applicable,,,False,,none,native_status_gate_counts,True,end_to_end_and_compute,5,0.5531479159999435,0.5558728105998852,0.5509111309997934,0.568288794000182,0.006345705224577634,,,,,,0.5531479159999435,0.5558728105998852,0.5509111309997934,0.568288794000182,0.006345705224577634,total_wall,0.094297171,0.0949744224,0.09235692,0.0985291,0.0020388630417934994,0.0,0.0,0.0,0.0,0.0,,0,262144,5,0,0,,,unavailable,,,,,,,False,True,AMD Radeon RX 6600 (gfx1032),False,
research_benchmark_pack_v1,research_cpu_gpu,quest_bv_16q_research_perf,bv,16,16,16,n_qubits,,quest_cpu_full_state_exact,serious_full_state_baseline,quest,full_state,not_applicable,,,,cpu,,not_applicable,not_applicable,,,False,,none,native_status_gate_counts,True,end_to_end_and_compute,5,0.08671011999967959,0.09960471859976679,0.08161073099972782,0.12958276799963642,0.020109898608246995,,,,,,0.08671011999967959,0.09960471859976679,0.08161073099972782,0.12958276799963642,0.020109898608246995,total_wall,0.081229506,0.08777113240000001,0.07600563,0.109163007,0.012824361129299824,0.0,0.0,0.0,0.0,0.0,,0,1048576,5,0,0,,,unavailable,,,,,,,False,False,,False,
research_benchmark_pack_v1,research_cpu_gpu,quest_bv_16q_research_perf,bv,16,16,16,n_qubits,,quest_gpu_full_state_exact,serious_gpu_full_state_baseline,quest,full_state,not_applicable,,,,gpu,,not_applicable,not_applicable,,,False,,none,native_status_gate_counts,True,end_to_end_and_compute,5,0.5767171560000861,0.5740553335999721,0.5653149390000181,0.5788791690001744,0.004987031635537504,,,,,,0.5767171560000861,0.5740553335999721,0.5653149390000181,0.5788791690001744,0.004987031635537504,total_wall,0.118878126,0.1191024302,0.11767292,0.121124983,0.0011187804119356776,0.0,0.0,0.0,0.0,0.0,,0,1048576,5,0,0,,,unavailable,,,,,,,False,True,AMD Radeon RX 6600 (gfx1032),False,
research_benchmark_pack_v1,research_cpu_gpu,quest_bv_4q_research_perf,bv,4,4,4,n_qubits,,quest_cpu_full_state_exact,serious_full_state_baseline,quest,full_state,not_applicable,,,,cpu,,not_applicable,not_applicable,,,False,,none,native_status_gate_counts,True,end_to_end_and_compute,5,0.009837081000114267,0.011145381400092446,0.009570083000198792,0.01663413899996158,0.0027469652148568624,,,,,,0.009837081000114267,0.011145381400092446,0.009570083000198792,0.01663413899996158,0.0027469652148568624,total_wall,0.004666456,0.0050761254,0.004649203,0.006696888,0.0008105934568034952,0.0,0.0,0.0,0.0,0.0,,0,256,5,0,0,,,unavailable,,,,,,,False,False,,False,
research_benchmark_pack_v1,research_cpu_gpu,quest_bv_4q_research_perf,bv,4,4,4,n_qubits,,quest_gpu_full_state_exact,serious_gpu_full_state_baseline,quest,full_state,not_applicable,,,,gpu,,not_applicable,not_applicable,,,False,,none,native_status_gate_counts,True,end_to_end_and_compute,5,0.04783120899992355,0.04792164140008026,0.04658942800006116,0.049241752000398264,0.0009016980331952206,,,,,,0.04783120899992355,0.04792164140008026,0.04658942800006116,0.049241752000398264,0.0009016980331952206,total_wall,0.004911184,0.0050123214,0.004899025,0.005365133,0.0001792409639324672,0.0,0.0,0.0,0.0,0.0,,0,256,5,0,0,,,unavailable,,,,,,,False,True,AMD Radeon RX 6600 (gfx1032),False,
research_benchmark_pack_v1,research_cpu_gpu,quest_bv_6q_research_perf,bv,6,6,6,n_qubits,,quest_cpu_full_state_exact,serious_full_state_baseline,quest,full_state,not_applicable,,,,cpu,,not_applicable,not_applicable,,,False,,none,native_status_gate_counts,True,end_to_end_and_compute,5,0.01188772199975574,0.012921151199952874,0.011629309999989346,0.01744435099999464,0.002265397670473798,,,,,,0.01188772199975574,0.012921151199952874,0.011629309999989346,0.01744435099999464,0.002265397670473798,total_wall,0.006509131,0.0067089534,0.006448957,0.007578145,0.0004351826255532726,0.0,0.0,0.0,0.0,0.0,,0,1024,5,0,0,,,unavailable,,,,,,,False,False,,False,
research_benchmark_pack_v1,research_cpu_gpu,quest_bv_6q_research_perf,bv,6,6,6,n_qubits,,quest_gpu_full_state_exact,serious_gpu_full_state_baseline,quest,full_state,not_applicable,,,,gpu,,not_applicable,not_applicable,,,False,,none,native_status_gate_counts,True,end_to_end_and_compute,5,0.05125485100006699,0.05174663439984215,0.0496379859996523,0.0542538249997051,0.0016013322280840343,,,,,,0.05125485100006699,0.05174663439984215,0.0496379859996523,0.0542538249997051,0.0016013322280840343,total_wall,0.007668972,0.0071144104,0.004695892,0.00780797,0.0012104039178544655,0.0,0.0,0.0,0.0,0.0,,0,1024,5,0,0,,,unavailable,,,,,,,False,True,AMD Radeon RX 6600 (gfx1032),False,
research_benchmark_pack_v1,research_cpu_gpu,quest_bv_8q_research_perf,bv,8,8,8,n_qubits,,quest_cpu_full_state_exact,serious_full_state_baseline,quest,full_state,not_applicable,,,,cpu,,not_applicable,not_applicable,,,False,,none,native_status_gate_counts,True,end_to_end_and_compute,5,0.016691487999651144,0.018329289999928732,0.016093280999939452,0.021792171000015514,0.0025059371118258773,,,,,,0.016691487999651144,0.018329289999928732,0.016093280999939452,0.021792171000015514,0.0025059371118258773,total_wall,0.011682932,0.0131657322,0.010996787,0.016582882,0.0023964860078412643,0.0,0.0,0.0,0.0,0.0,,0,4096,5,0,0,,,unavailable,,,,,,,False,False,,False,
research_benchmark_pack_v1,research_cpu_gpu,quest_bv_8q_research_perf,bv,8,8,8,n_qubits,,quest_gpu_full_state_exact,serious_gpu_full_state_baseline,quest,full_state,not_applicable,,,,gpu,,not_applicable,not_applicable,,,False,,none,native_status_gate_counts,True,end_to_end_and_compute,5,0.05652254100004939,0.06431605440002386,0.054337664999820845,0.07737114600013228,0.010671654528558967,,,,,,0.05652254100004939,0.06431605440002386,0.054337664999820845,0.07737114600013228,0.010671654528558967,total_wall,0.013975859,0.0210232258,0.011363983,0.033183098,0.009829090383679934,0.0,0.0,0.0,0.0,0.0,,0,4096,5,0,0,,,unavailable,,,,,,,False,True,AMD Radeon RX 6600 (gfx1032),False,
research_benchmark_pack_v1,research_cpu_gpu,quest_edc_10q_research_perf,edc,10,10,10,n_qubits,,quest_cpu_full_state_exact,serious_full_state_baseline,quest,full_state,not_applicable,,,,cpu,,not_applicable,not_applicable,,,False,,none,native_status_gate_counts,True,end_to_end_and_compute,5,0.030906897000022582,0.031107302800046456,0.026912840000022697,0.03412290500000381,0.0024240186507358233,,,,,,0.030906897000022582,0.031107302800046456,0.026912840000022697,0.03412290500000381,0.0024240186507358233,total_wall,0.025604622,0.0249464546,0.021200355,0.028816702,0.0030557484784214553,0.0,0.0,0.0,0.0,0.0,,0,16384,5,0,0,,,unavailable,,,,,,,False,False,,False,
research_benchmark_pack_v1,research_cpu_gpu,quest_edc_10q_research_perf,edc,10,10,10,n_qubits,,quest_gpu_full_state_exact,serious_gpu_full_state_baseline,quest,full_state,not_applicable,,,,gpu,,not_applicable,not_applicable,,,False,,none,native_status_gate_counts,True,end_to_end_and_compute,5,0.0756778459999623,0.07875050039992856,0.06770746599977429,0.10153505800008134,0.011818691151377488,,,,,,0.0756778459999623,0.07875050039992856,0.06770746599977429,0.10153505800008134,0.011818691151377488,total_wall,0.030480862,0.0348739624,0.024067879,0.058744907,0.012249665678017184,0.0,0.0,0.0,0.0,0.0,,0,16384,5,0,0,,,unavailable,,,,,,,False,True,AMD Radeon RX 6600 (gfx1032),False,
research_benchmark_pack_v1,research_cpu_gpu,quest_edc_12q_research_perf,edc,12,12,12,n_qubits,,quest_cpu_full_state_exact,serious_full_state_baseline,quest,full_state,not_applicable,,,,cpu,,not_applicable,not_applicable,,,False,,none,native_status_gate_counts,True,end_to_end_and_compute,5,0.034006763999968825,0.04327459799987991,0.033477456999662536,0.08093852199999674,0.018833128436061802,,,,,,0.034006763999968825,0.04327459799987991,0.033477456999662536,0.08093852199999674,0.018833128436061802,total_wall,0.02881564,0.0346985396,0.028403806,0.058696506,0.012000072315120782,0.0,0.0,0.0,0.0,0.0,,0,65536,5,0,0,,,unavailable,,,,,,,False,False,,False,
research_benchmark_pack_v1,research_cpu_gpu,quest_edc_12q_research_perf,edc,12,12,12,n_qubits,,quest_gpu_full_state_exact,serious_gpu_full_state_baseline,quest,full_state,not_applicable,,,,gpu,,not_applicable,not_applicable,,,False,,none,native_status_gate_counts,True,end_to_end_and_compute,5,0.5580791759998647,0.5575020243998552,0.5532899069999075,0.5600180339997678,0.002318319210262038,,,,,,0.5580791759998647,0.5575020243998552,0.5532899069999075,0.5600180339997678,0.002318319210262038,total_wall,0.104046106,0.1043958186,0.103487015,0.105453968,0.0007273577818000139,0.0,0.0,0.0,0.0,0.0,,0,65536,5,0,0,,,unavailable,,,,,,,False,True,AMD Radeon RX 6600 (gfx1032),False,
research_benchmark_pack_v1,research_cpu_gpu,quest_edc_14q_research_perf,edc,14,14,14,n_qubits,,quest_cpu_full_state_exact,serious_full_state_baseline,quest,full_state,not_applicable,,,,cpu,,not_applicable,not_applicable,,,False,,none,native_status_gate_counts,True,end_to_end_and_compute,5,0.04959662700002809,0.06068499639995935,0.048042211000392854,0.09465710599988597,0.01782290056109325,,,,,,0.04959662700002809,0.06068499639995935,0.048042211000392854,0.09465710599988597,0.01782290056109325,total_wall,0.044196175,0.049515444799999996,0.042927291,0.072203388,0.011364443416685787,0.0,0.0,0.0,0.0,0.0,,0,262144,5,0,0,,,unavailable,,,,,,,False,False,,False,
research_benchmark_pack_v1,research_cpu_gpu,quest_edc_14q_research_perf,edc,14,14,14,n_qubits,,quest_gpu_full_state_exact,serious_gpu_full_state_baseline,quest,full_state,not_applicable,,,,gpu,,not_applicable,not_applicable,,,False,,none,native_status_gate_counts,True,end_to_end_and_compute,5,0.5829185540001163,0.5831451062001178,0.5754639639999368,0.5886107000001175,0.004768542834076134,,,,,,0.5829185540001163,0.5831451062001178,0.5754639639999368,0.5886107000001175,0.004768542834076134,total_wall,0.126590014,0.1275027752,0.126143932,0.131195068,0.001869893770089135,0.0,0.0,0.0,0.0,0.0,,0,262144,5,0,0,,,unavailable,,,,,,,False,True,AMD Radeon RX 6600 (gfx1032),False,
research_benchmark_pack_v1,research_cpu_gpu,quest_edc_16q_research_perf,edc,16,16,16,n_qubits,,quest_cpu_full_state_exact,serious_full_state_baseline,quest,full_state,not_applicable,,,,cpu,,not_applicable,not_applicable,,,False,,none,native_status_gate_counts,True,end_to_end_and_compute,5,0.12514189100011208,0.3211963182000545,0.1049354570000105,1.104566493999755,0.3923062706775981,,,,,,0.12514189100011208,0.3211963182000545,0.1049354570000105,1.104566493999755,0.3923062706775981,total_wall,0.103283816,0.3045672104,0.099489628,1.076315569,0.3862277870953924,0.0,0.0,0.0,0.0,0.0,,0,1048576,5,0,0,,,unavailable,,,,,,,False,False,,False,
research_benchmark_pack_v1,research_cpu_gpu,quest_edc_16q_research_perf,edc,16,16,16,n_qubits,,quest_gpu_full_state_exact,serious_gpu_full_state_baseline,quest,full_state,not_applicable,,,,gpu,,not_applicable,not_applicable,,,False,,none,native_status_gate_counts,True,end_to_end_and_compute,5,0.6125929960003305,0.614210541600005,0.6020294439999816,0.6330744349997985,0.010885082356947972,,,,,,0.6125929960003305,0.614210541600005,0.6020294439999816,0.6330744349997985,0.010885082356947972,total_wall,0.156915188,0.15708923360000002,0.154707909,0.159717083,0.001955799149029326,0.0,0.0,0.0,0.0,0.0,,0,1048576,5,0,0,,,unavailable,,,,,,,False,True,AMD Radeon RX 6600 (gfx1032),False,
research_benchmark_pack_v1,research_cpu_gpu,quest_edc_4q_research_perf,edc,4,4,4,n_qubits,,quest_cpu_full_state_exact,serious_full_state_baseline,quest,full_state,not_applicable,,,,cpu,,not_applicable,not_applicable,,,False,,none,native_status_gate_counts,True,end_to_end_and_compute,5,0.011070305999965058,0.01114968760002739,0.011049807999825134,0.011480767000193737,0.00016586088523044178,,,,,,0.011070305999965058,0.01114968760002739,0.011049807999825134,0.011480767000193737,0.00016586088523044178,total_wall,0.006073963,0.0060800848,0.005992228,0.006257131,9.619583219537119e-05,0.0,0.0,0.0,0.0,0.0,,0,256,5,0,0,,,unavailable,,,,,,,False,False,,False,
research_benchmark_pack_v1,research_cpu_gpu,quest_edc_4q_research_perf,edc,4,4,4,n_qubits,,quest_gpu_full_state_exact,serious_gpu_full_state_baseline,quest,full_state,not_applicable,,,,gpu,,not_applicable,not_applicable,,,False,,none,native_status_gate_counts,True,end_to_end_and_compute,5,0.049605354000050284,0.04987690419993669,0.049391777999971964,0.05073817799984681,0.0005297779654047793,,,,,,0.049605354000050284,0.04987690419993669,0.049391777999971964,0.05073817799984681,0.0005297779654047793,total_wall,0.00696516,0.007019615,0.006955147,0.007196903,9.235364697292691e-05,0.0,0.0,0.0,0.0,0.0,,0,256,5,0,0,,,unavailable,,,,,,,False,True,AMD Radeon RX 6600 (gfx1032),False,
research_benchmark_pack_v1,research_cpu_gpu,quest_edc_6q_research_perf,edc,6,6,6,n_qubits,,quest_cpu_full_state_exact,serious_full_state_baseline,quest,full_state,not_applicable,,,,cpu,,not_applicable,not_applicable,,,False,,none,native_status_gate_counts,True,end_to_end_and_compute,5,0.01388350699971852,0.013924862399835546,0.013804537999931199,0.014104898999903526,0.00011842326779588203,,,,,,0.01388350699971852,0.013924862399835546,0.013804537999931199,0.014104898999903526,0.00011842326779588203,total_wall,0.008725557,0.0087273122,0.008629094,0.008894758,9.167900769401863e-05,0.0,0.0,0.0,0.0,0.0,,0,1024,5,0,0,,,unavailable,,,,,,,False,False,,False,
research_benchmark_pack_v1,research_cpu_gpu,quest_edc_6q_research_perf,edc,6,6,6,n_qubits,,quest_gpu_full_state_exact,serious_gpu_full_state_baseline,quest,full_state,not_applicable,,,,gpu,,not_applicable,not_applicable,,,False,,none,native_status_gate_counts,True,end_to_end_and_compute,5,0.05579229199975089,0.05565060259996244,0.05399372100009714,0.05772295500037217,0.0014637998319637776,,,,,,0.05579229199975089,0.05565060259996244,0.05399372100009714,0.05772295500037217,0.0014637998319637776,total_wall,0.011317968,0.0113536358,0.011162043,0.011612177,0.00015883232342240659,0.0,0.0,0.0,0.0,0.0,,0,1024,5,0,0,,,unavailable,,,,,,,False,True,AMD Radeon RX 6600 (gfx1032),False,
research_benchmark_pack_v1,research_cpu_gpu,quest_edc_8q_research_perf,edc,8,8,8,n_qubits,,quest_cpu_full_state_exact,serious_full_state_baseline,quest,full_state,not_applicable,,,,cpu,,not_applicable,not_applicable,,,False,,none,native_status_gate_counts,True,end_to_end_and_compute,5,0.02970269700017525,0.04312604960005047,0.02130604600006336,0.10737755199988896,0.03227846586224746,,,,,,0.02970269700017525,0.04312604960005047,0.02130604600006336,0.10737755199988896,0.03227846586224746,total_wall,0.024590974,0.0346195654,0.016351192,0.085536227,0.025638901470995047,0.0,0.0,0.0,0.0,0.0,,0,4096,5,0,0,,,unavailable,,,,,,,False,False,,False,
research_benchmark_pack_v1,research_cpu_gpu,quest_edc_8q_research_perf,edc,8,8,8,n_qubits,,quest_gpu_full_state_exact,serious_gpu_full_state_baseline,quest,full_state,not_applicable,,,,gpu,,not_applicable,not_applicable,,,False,,none,native_status_gate_counts,True,end_to_end_and_compute,5,0.08632176199989772,0.08368048380007168,0.07204116899993096,0.08922513400011667,0.006053455099647222,,,,,,0.08632176199989772,0.08368048380007168,0.07204116899993096,0.08922513400011667,0.006053455099647222,total_wall,0.040879011,0.0398856162,0.029784918,0.044457912,0.005374971134693373,0.0,0.0,0.0,0.0,0.0,,0,4096,5,0,0,,,unavailable,,,,,,,False,True,AMD Radeon RX 6600 (gfx1032),False,
research_benchmark_pack_v1,research_cpu_gpu,quest_hs_10q_research_perf,hs,10,10,10,n_qubits,,quest_cpu_full_state_exact,serious_full_state_baseline,quest,full_state,not_applicable,,,,cpu,,not_applicable,not_applicable,,,False,,none,native_status_gate_counts,True,end_to_end_and_compute,5,0.04564501000004384,0.0507973328000844,0.029010781000124553,0.07393083299984937,0.018794877040690317,,,,,,0.04564501000004384,0.0507973328000844,0.029010781000124553,0.07393083299984937,0.018794877040690317,total_wall,0.040210875,0.038776987400000004,0.023607534,0.052161576,0.011369500410020814,0.0,0.0,0.0,0.0,0.0,,0,16384,5,0,0,,,unavailable,,,,,,,False,False,,False,
research_benchmark_pack_v1,research_cpu_gpu,quest_hs_10q_research_perf,hs,10,10,10,n_qubits,,quest_gpu_full_state_exact,serious_gpu_full_state_baseline,quest,full_state,not_applicable,,,,gpu,,not_applicable,not_applicable,,,False,,none,native_status_gate_counts,True,end_to_end_and_compute,5,0.1028683950003142,0.09301691440023205,0.07253042900038054,0.10831162800013772,0.015459799051580132,,,,,,0.1028683950003142,0.09301691440023205,0.07253042900038054,0.10831162800013772,0.015459799051580132,total_wall,0.05605197,0.047522592599999997,0.029235125,0.061697006,0.014766409614373638,0.0,0.0,0.0,0.0,0.0,,0,16384,5,0,0,,,unavailable,,,,,,,False,True,AMD Radeon RX 6600 (gfx1032),False,
research_benchmark_pack_v1,research_cpu_gpu,quest_hs_12q_research_perf,hs,12,12,12,n_qubits,,quest_cpu_full_state_exact,serious_full_state_baseline,quest,full_state,not_applicable,,,,cpu,,not_applicable,not_applicable,,,False,,none,native_status_gate_counts,True,end_to_end_and_compute,5,0.05323855500000718,0.05176663079992068,0.03655511099987052,0.07648821700013286,0.014766054291349662,,,,,,0.05323855500000718,0.05176663079992068,0.03655511099987052,0.07648821700013286,0.014766054291349662,total_wall,0.031431716,0.0365068134,0.031093363,0.054924211,0.009257895894528015,0.0,0.0,0.0,0.0,0.0,,0,65536,5,0,0,,,unavailable,,,,,,,False,False,,False,
research_benchmark_pack_v1,research_cpu_gpu,quest_hs_12q_research_perf,hs,12,12,12,n_qubits,,quest_gpu_full_state_exact,serious_gpu_full_state_baseline,quest,full_state,not_applicable,,,,gpu,,not_applicable,not_applicable,,,False,,none,native_status_gate_counts,True,end_to_end_and_compute,5,0.5667140810001001,0.567593425800078,0.5643100090001099,0.5710314729999482,0.0028881301355557147,,,,,,0.5667140810001001,0.567593425800078,0.5643100090001099,0.5710314729999482,0.0028881301355557147,total_wall,0.109576941,0.1091722014,0.10777998,0.110745907,0.0010806925660520861,0.0,0.0,0.0,0.0,0.0,,0,65536,5,0,0,,,unavailable,,,,,,,False,True,AMD Radeon RX 6600 (gfx1032),False,
research_benchmark_pack_v1,research_cpu_gpu,quest_hs_14q_research_perf,hs,14,14,14,n_qubits,,quest_cpu_full_state_exact,serious_full_state_baseline,quest,full_state,not_applicable,,,,cpu,,not_applicable,not_applicable,,,False,,none,native_status_gate_counts,True,end_to_end_and_compute,5,0.05504226599987305,0.07348390299994208,0.05077704299992547,0.10953068700018775,0.025297305778216726,,,,,,0.05504226599987305,0.07348390299994208,0.05077704299992547,0.10953068700018775,0.025297305778216726,total_wall,0.049518198,0.0621276266,0.045587722,0.090323093,0.018180828504804323,0.0,0.0,0.0,0.0,0.0,,0,262144,5,0,0,,,unavailable,,,,,,,False,False,,False,
research_benchmark_pack_v1,research_cpu_gpu,quest_hs_14q_research_perf,hs,14,14,14,n_qubits,,quest_gpu_full_state_exact,serious_gpu_full_state_baseline,quest,full_state,not_applicable,,,,gpu,,not_applicable,not_applicable,,,False,,none,native_status_gate_counts,True,end_to_end_and_compute,5,0.5879403760000059,0.5933328787999926,0.586454238999977,0.6121413079999911,0.009735100841544098,,,,,,0.5879403760000059,0.5933328787999926,0.586454238999977,0.6121413079999911,0.009735100841544098,total_wall,0.130246878,0.130147028,0.126703978,0.132520914,0.0021724540322700468,0.0,0.0,0.0,0.0,0.0,,0,262144,5,0,0,,,unavailable,,,,,,,False,True,AMD Radeon RX 6600 (gfx1032),False,
research_benchmark_pack_v1,research_cpu_gpu,quest_hs_16q_research_perf,hs,16,16,16,n_qubits,,quest_cpu_full_state_exact,serious_full_state_baseline,quest,full_state,not_applicable,,,,cpu,,not_applicable,not_applicable,,,False,,none,native_status_gate_counts,True,end_to_end_and_compute,5,0.12014249200001359,0.13061526439996668,0.11078397099981885,0.16963007200001812,0.021420230936778247,,,,,,0.12014249200001359,0.13061526439996668,0.11078397099981885,0.16963007200001812,0.021420230936778247,total_wall,0.114697726,0.1250837246,0.10537877,0.163863803,0.021294218793891574,0.0,0.0,0.0,0.0,0.0,,0,1048576,5,0,0,,,unavailable,,,,,,,False,False,,False,
research_benchmark_pack_v1,research_cpu_gpu,quest_hs_16q_research_perf,hs,16,16,16,n_qubits,,quest_gpu_full_state_exact,serious_gpu_full_state_baseline,quest,full_state,not_applicable,,,,gpu,,not_applicable,not_applicable,,,False,,none,native_status_gate_counts,True,end_to_end_and_compute,5,0.6169069929997022,0.616208951399949,0.607831509999869,0.6229894620000778,0.005481826489080085,,,,,,0.6169069929997022,0.616208951399949,0.607831509999869,0.6229894620000778,0.005481826489080085,total_wall,0.161382198,0.1619818688,0.160988092,0.16356802,0.0010635185010464854,0.0,0.0,0.0,0.0,0.0,,0,1048576,5,0,0,,,unavailable,,,,,,,False,True,AMD Radeon RX 6600 (gfx1032),False,
research_benchmark_pack_v1,research_cpu_gpu,quest_hs_4q_research_perf,hs,4,4,4,n_qubits,,quest_cpu_full_state_exact,serious_full_state_baseline,quest,full_state,not_applicable,,,,cpu,,not_applicable,not_applicable,,,False,,none,native_status_gate_counts,True,end_to_end_and_compute,5,0.011488462000215804,0.013741113000014593,0.011376689999906375,0.022893214999839984,0.004576600326067679,,,,,,0.011488462000215804,0.013741113000014593,0.011376689999906375,0.022893214999839984,0.004576600326067679,total_wall,0.006241982,0.006615733600000001,0.006198941,0.008141115,0.0007630798722392306,0.0,0.0,0.0,0.0,0.0,,0,256,5,0,0,,,unavailable,,,,,,,False,False,,False,
research_benchmark_pack_v1,research_cpu_gpu,quest_hs_4q_research_perf,hs,4,4,4,n_qubits,,quest_gpu_full_state_exact,serious_gpu_full_state_baseline,quest,full_state,not_applicable,,,,gpu,,not_applicable,not_applicable,,,False,,none,native_status_gate_counts,True,end_to_end_and_compute,5,0.05185046400038118,0.05190927000003285,0.05122327099979884,0.05278286800012211,0.0005011206045379121,,,,,,0.05185046400038118,0.05190927000003285,0.05122327099979884,0.05278286800012211,0.0005011206045379121,total_wall,0.007277012,0.0072220326,0.006952047,0.007344961,0.0001394285555753912,0.0,0.0,0.0,0.0,0.0,,0,256,5,0,0,,,unavailable,,,,,,,False,True,AMD Radeon RX 6600 (gfx1032),False,
research_benchmark_pack_v1,research_cpu_gpu,quest_hs_6q_research_perf,hs,6,6,6,n_qubits,,quest_cpu_full_state_exact,serious_full_state_baseline,quest,full_state,not_applicable,,,,cpu,,not_applicable,not_applicable,,,False,,none,native_status_gate_counts,True,end_to_end_and_compute,5,0.014230326999950194,0.014919444200131693,0.014122743000370974,0.01753488299982564,0.0013134907982816297,,,,,,0.014230326999950194,0.014919444200131693,0.014122743000370974,0.01753488299982564,0.0013134907982816297,total_wall,0.008748841,0.0087346096,0.008563087,0.008865373,9.787204175575341e-05,0.0,0.0,0.0,0.0,0.0,,0,1024,5,0,0,,,unavailable,,,,,,,False,False,,False,
research_benchmark_pack_v1,research_cpu_gpu,quest_hs_6q_research_perf,hs,6,6,6,n_qubits,,quest_gpu_full_state_exact,serious_gpu_full_state_baseline,quest,full_state,not_applicable,,,,gpu,,not_applicable,not_applicable,,,False,,none,native_status_gate_counts,True,end_to_end_and_compute,5,0.05630040900041422,0.05603615779991742,0.05507155099985539,0.057240165999701276,0.0008251300552564142,,,,,,0.05630040900041422,0.05603615779991742,0.05507155099985539,0.057240165999701276,0.0008251300552564142,total_wall,0.011144161,0.0111874104,0.011044979,0.011328936,0.00010783503219010033,0.0,0.0,0.0,0.0,0.0,,0,1024,5,0,0,,,unavailable,,,,,,,False,True,AMD Radeon RX 6600 (gfx1032),False,
research_benchmark_pack_v1,research_cpu_gpu,quest_hs_8q_research_perf,hs,8,8,8,n_qubits,,quest_cpu_full_state_exact,serious_full_state_baseline,quest,full_state,not_applicable,,,,cpu,,not_applicable,not_applicable,,,False,,none,native_status_gate_counts,True,end_to_end_and_compute,5,0.027331927999966865,0.03035435880010482,0.022223510999992868,0.051153398000224115,0.010634303192502892,,,,,,0.027331927999966865,0.03035435880010482,0.022223510999992868,0.051153398000224115,0.010634303192502892,total_wall,0.020515683,0.0199642378,0.017026436,0.022407681,0.0021490338167127476,0.0,0.0,0.0,0.0,0.0,,0,4096,5,0,0,,,unavailable,,,,,,,False,False,,False,
research_benchmark_pack_v1,research_cpu_gpu,quest_hs_8q_research_perf,hs,8,8,8,n_qubits,,quest_gpu_full_state_exact,serious_gpu_full_state_baseline,quest,full_state,not_applicable,,,,gpu,,not_applicable,not_applicable,,,False,,none,native_status_gate_counts,True,end_to_end_and_compute,5,0.06960011599994687,0.07767127759998402,0.06424505999984831,0.11528549300010127,0.018922294464248184,,,,,,0.06960011599994687,0.07767127759998402,0.06424505999984831,0.11528549300010127,0.018922294464248184,total_wall,0.024446011,0.0320121766,0.019769907,0.069642067,0.01891486624656353,0.0,0.0,0.0,0.0,0.0,,0,4096,5,0,0,,,unavailable,,,,,,,False,True,AMD Radeon RX 6600 (gfx1032),False,
research_benchmark_pack_v1,research_cpu_gpu,quest_qrng_10q_research_perf,qrng,10,10,10,n_qubits,,quest_cpu_full_state_exact,serious_full_state_baseline,quest,full_state,not_applicable,,,,cpu,,not_applicable,not_applicable,,,False,,none,native_status_gate_counts,True,end_to_end_and_compute,5,0.009538172000247869,0.022341671800040784,0.00915309999982128,0.0732114949996685,0.025440146210005357,,,,,,0.009538172000247869,0.022341671800040784,0.00915309999982128,0.0732114949996685,0.025440146210005357,total_wall,0.004357378,0.0139012034,0.004172838,0.051179718,0.0186466174491,0.0,0.0,0.0,0.0,0.0,,0,16384,5,0,0,,,unavailable,,,,,,,False,False,,False,
research_benchmark_pack_v1,research_cpu_gpu,quest_qrng_10q_research_perf,qrng,10,10,10,n_qubits,,quest_gpu_full_state_exact,serious_gpu_full_state_baseline,quest,full_state,not_applicable,,,,gpu,,not_applicable,not_applicable,,,False,,none,native_status_gate_counts,True,end_to_end_and_compute,5,0.04991604400038341,0.053942930000084745,0.04690092900000309,0.06952923100016051,0.00849963986417589,,,,,,0.04991604400038341,0.053942930000084745,0.04690092900000309,0.06952923100016051,0.00849963986417589,total_wall,0.004582882,0.0106281758,0.004472017,0.025179863,0.008219810068710965,0.0,0.0,0.0,0.0,0.0,,0,16384,5,0,0,,,unavailable,,,,,,,False,True,AMD Radeon RX 6600 (gfx1032),False,
research_benchmark_pack_v1,research_cpu_gpu,quest_qrng_12q_research_perf,qrng,12,12,12,n_qubits,,quest_cpu_full_state_exact,serious_full_state_baseline,quest,full_state,not_applicable,,,,cpu,,not_applicable,not_applicable,,,False,,none,native_status_gate_counts,True,end_to_end_and_compute,5,0.012235352000061539,0.015183103600065806,0.011260088000199175,0.026820705000318412,0.005913477885103609,,,,,,0.012235352000061539,0.015183103600065806,0.011260088000199175,0.026820705000318412,0.005913477885103609,total_wall,0.00679263,0.0071912644,0.005902457,0.008575251,0.0011496467150784368,0.0,0.0,0.0,0.0,0.0,,0,65536,5,0,0,,,unavailable,,,,,,,False,False,,False,
research_benchmark_pack_v1,research_cpu_gpu,quest_qrng_12q_research_perf,qrng,12,12,12,n_qubits,,quest_gpu_full_state_exact,serious_gpu_full_state_baseline,quest,full_state,not_applicable,,,,gpu,,not_applicable,not_applicable,,,False,,none,native_status_gate_counts,True,end_to_end_and_compute,5,0.4846024359999319,0.4912478259998352,0.4802498569997624,0.5222499749997951,0.015635705517991906,,,,,,0.4846024359999319,0.4912478259998352,0.4802498569997624,0.5222499749997951,0.015635705517991906,total_wall,0.026733875,0.0266819952,0.026312828,0.02704215,0.00024458876934920816,0.0,0.0,0.0,0.0,0.0,,0,65536,5,0,0,,,unavailable,,,,,,,False,True,AMD Radeon RX 6600 (gfx1032),False,
research_benchmark_pack_v1,research_cpu_gpu,quest_qrng_14q_research_perf,qrng,14,14,14,n_qubits,,quest_cpu_full_state_exact,serious_full_state_baseline,quest,full_state,not_applicable,,,,cpu,,not_applicable,not_applicable,,,False,,none,native_status_gate_counts,True,end_to_end_and_compute,5,0.01625786299973697,0.016878774799988606,0.01576611900009084,0.019633624000107375,0.0014460164230411495,,,,,,0.01625786299973697,0.016878774799988606,0.01576611900009084,0.019633624000107375,0.0014460164230411495,total_wall,0.010620781,0.0106773912,0.009839836,0.011794535,0.0006428569485935112,0.0,0.0,0.0,0.0,0.0,,0,262144,5,0,0,,,unavailable,,,,,,,False,False,,False,
research_benchmark_pack_v1,research_cpu_gpu,quest_qrng_14q_research_perf,qrng,14,14,14,n_qubits,,quest_gpu_full_state_exact,serious_gpu_full_state_baseline,quest,full_state,not_applicable,,,,gpu,,not_applicable,not_applicable,,,False,,none,native_status_gate_counts,True,end_to_end_and_compute,5,0.4868776139996953,0.48597971940007484,0.4831328300001587,0.4882026940003925,0.001988564865104027,,,,,,0.4868776139996953,0.48597971940007484,0.4831328300001587,0.4882026940003925,0.001988564865104027,total_wall,0.031734943,0.031811142,0.030956984,0.032879829,0.0006362763609944974,0.0,0.0,0.0,0.0,0.0,,0,262144,5,0,0,,,unavailable,,,,,,,False,True,AMD Radeon RX 6600 (gfx1032),False,
research_benchmark_pack_v1,research_cpu_gpu,quest_qrng_16q_research_perf,qrng,16,16,16,n_qubits,,quest_cpu_full_state_exact,serious_full_state_baseline,quest,full_state,not_applicable,,,,cpu,,not_applicable,not_applicable,,,False,,none,native_status_gate_counts,True,end_to_end_and_compute,5,0.029938856000171654,0.05615689340020254,0.029179893000218726,0.10576472400043713,0.03313812719130226,,,,,,0.029938856000171654,0.05615689340020254,0.029179893000218726,0.10576472400043713,0.03313812719130226,total_wall,0.024390022,0.044470699,0.023678228,0.085338872,0.02575778500465485,0.0,0.0,0.0,0.0,0.0,,0,1048576,5,0,0,,,unavailable,,,,,,,False,False,,False,
research_benchmark_pack_v1,research_cpu_gpu,quest_qrng_16q_research_perf,qrng,16,16,16,n_qubits,,quest_gpu_full_state_exact,serious_gpu_full_state_baseline,quest,full_state,not_applicable,,,,gpu,,not_applicable,not_applicable,,,False,,none,native_status_gate_counts,True,end_to_end_and_compute,5,0.49266679500033206,0.49359323540002153,0.4914575549996698,0.4978664149998622,0.002226563467159828,,,,,,0.49266679500033206,0.49359323540002153,0.4914575549996698,0.4978664149998622,0.002226563467159828,total_wall,0.042433023,0.0420857906,0.041059017,0.042783976,0.0006403926356636524,0.0,0.0,0.0,0.0,0.0,,0,1048576,5,0,0,,,unavailable,,,,,,,False,True,AMD Radeon RX 6600 (gfx1032),False,
research_benchmark_pack_v1,research_cpu_gpu,quest_qrng_4q_research_perf,qrng,4,4,4,n_qubits,,quest_cpu_full_state_exact,serious_full_state_baseline,quest,full_state,not_applicable,,,,cpu,,not_applicable,not_applicable,,,False,,none,native_status_gate_counts,True,end_to_end_and_compute,5,0.011489274000268779,0.010560927599999558,0.006571588999577216,0.01654474900033165,0.003714641155086199,,,,,,0.011489274000268779,0.010560927599999558,0.006571588999577216,0.01654474900033165,0.003714641155086199,total_wall,0.00147197,0.0014771916,0.001460799,0.001495545,1.2655107421116568e-05,0.0,0.0,0.0,0.0,0.0,,0,256,5,0,0,,,unavailable,,,,,,,False,False,,False,
research_benchmark_pack_v1,research_cpu_gpu,quest_qrng_4q_research_perf,qrng,4,4,4,n_qubits,,quest_gpu_full_state_exact,serious_gpu_full_state_baseline,quest,full_state,not_applicable,,,,gpu,,not_applicable,not_applicable,,,False,,none,native_status_gate_counts,True,end_to_end_and_compute,5,0.04606015099989236,0.04616099200002281,0.04476131899991742,0.04817475299978469,0.0012868949772730479,,,,,,0.04606015099989236,0.04616099200002281,0.04476131899991742,0.04817475299978469,0.0012868949772730479,total_wall,0.001534939,0.0014525414,0.001045942,0.001617908,0.00020600992387707925,0.0,0.0,0.0,0.0,0.0,,0,256,5,0,0,,,unavailable,,,,,,,False,True,AMD Radeon RX 6600 (gfx1032),False,
research_benchmark_pack_v1,research_cpu_gpu,quest_qrng_6q_research_perf,qrng,6,6,6,n_qubits,,quest_cpu_full_state_exact,serious_full_state_baseline,quest,full_state,not_applicable,,,,cpu,,not_applicable,not_applicable,,,False,,none,native_status_gate_counts,True,end_to_end_and_compute,5,0.007430853999721876,0.008520747600141477,0.007378145000075165,0.012121467000270059,0.001830537615970567,,,,,,0.007430853999721876,0.008520747600141477,0.007378145000075165,0.012121467000270059,0.001830537615970567,total_wall,0.002228088,0.0022288616,0.002224341,0.002232888,3.176320424642399e-06,0.0,0.0,0.0,0.0,0.0,,0,1024,5,0,0,,,unavailable,,,,,,,False,False,,False,
research_benchmark_pack_v1,research_cpu_gpu,quest_qrng_6q_research_perf,qrng,6,6,6,n_qubits,,quest_gpu_full_state_exact,serious_gpu_full_state_baseline,quest,full_state,not_applicable,,,,gpu,,not_applicable,not_applicable,,,False,,none,native_status_gate_counts,True,end_to_end_and_compute,5,0.04618538900012936,0.046441138800037154,0.045228006999877834,0.047966045000066515,0.001134634015812415,,,,,,0.04618538900012936,0.046441138800037154,0.045228006999877834,0.047966045000066515,0.001134634015812415,total_wall,0.002308846,0.0022127152,0.001778841,0.002352953,0.0002175862919445065,0.0,0.0,0.0,0.0,0.0,,0,1024,5,0,0,,,unavailable,,,,,,,False,True,AMD Radeon RX 6600 (gfx1032),False,
research_benchmark_pack_v1,research_cpu_gpu,quest_qrng_8q_research_perf,qrng,8,8,8,n_qubits,,quest_cpu_full_state_exact,serious_full_state_baseline,quest,full_state,not_applicable,,,,cpu,,not_applicable,not_applicable,,,False,,none,native_status_gate_counts,True,end_to_end_and_compute,5,0.016502890000083426,0.04332538039998326,0.008418521999828954,0.13818828600005872,0.04931178138110384,,,,,,0.016502890000083426,0.04332538039998326,0.008418521999828954,0.13818828600005872,0.04931178138110384,total_wall,0.011260779,0.0313747834,0.003231787,0.115742291,0.0428206869452373,0.0,0.0,0.0,0.0,0.0,,0,4096,5,0,0,,,unavailable,,,,,,,False,False,,False,
research_benchmark_pack_v1,research_cpu_gpu,quest_qrng_8q_research_perf,qrng,8,8,8,n_qubits,,quest_gpu_full_state_exact,serious_gpu_full_state_baseline,quest,full_state,not_applicable,,,,gpu,,not_applicable,not_applicable,,,False,,none,native_status_gate_counts,True,end_to_end_and_compute,5,0.062354703999972116,0.060122973200031994,0.04690881500027899,0.07983977200001391,0.01218716921400517,,,,,,0.062354703999972116,0.060122973200031994,0.04690881500027899,0.07983977200001391,0.01218716921400517,total_wall,0.018743038,0.0157346248,0.003757,0.032154083,0.010682926368981702,0.0,0.0,0.0,0.0,0.0,,0,4096,5,0,0,,,unavailable,,,,,,,False,True,AMD Radeon RX 6600 (gfx1032),False,
research_benchmark_pack_v1,research_cpu_gpu,quest_xor_10q_research_perf,xor,10,10,10,n_qubits,,quest_cpu_full_state_exact,serious_full_state_baseline,quest,full_state,not_applicable,,,,cpu,,not_applicable,not_applicable,,,False,,none,native_status_gate_counts,True,end_to_end_and_compute,5,0.02000284699988697,0.035395523599891024,0.018426829999953043,0.07859243999973842,0.023131267234686392,,,,,,0.02000284699988697,0.035395523599891024,0.018426829999953043,0.07859243999973842,0.023131267234686392,total_wall,0.01481534,0.026816882,0.013260322,0.056722391,0.01709208272800645,0.0,0.0,0.0,0.0,0.0,,0,16384,5,0,0,,,unavailable,,,,,,,False,False,,False,
research_benchmark_pack_v1,research_cpu_gpu,quest_xor_10q_research_perf,xor,10,10,10,n_qubits,,quest_gpu_full_state_exact,serious_gpu_full_state_baseline,quest,full_state,not_applicable,,,,gpu,,not_applicable,not_applicable,,,False,,none,native_status_gate_counts,True,end_to_end_and_compute,5,0.0618725069998618,0.06401226499992844,0.0566595509999388,0.0737598179998713,0.006785622669081325,,,,,,0.0618725069998618,0.06401226499992844,0.0566595509999388,0.0737598179998713,0.006785622669081325,total_wall,0.017704964,0.0203183652,0.013437986,0.030278921,0.006707324027930525,0.0,0.0,0.0,0.0,0.0,,0,16384,5,0,0,,,unavailable,,,,,,,False,True,AMD Radeon RX 6600 (gfx1032),False,
research_benchmark_pack_v1,research_cpu_gpu,quest_xor_12q_research_perf,xor,12,12,12,n_qubits,,quest_cpu_full_state_exact,serious_full_state_baseline,quest,full_state,not_applicable,,,,cpu,,not_applicable,not_applicable,,,False,,none,native_status_gate_counts,True,end_to_end_and_compute,5,0.02071514199997182,0.03303361079988463,0.020145940000020346,0.06156712599977254,0.01653085197511733,,,,,,0.02071514199997182,0.03303361079988463,0.020145940000020346,0.06156712599977254,0.01653085197511733,total_wall,0.01535715,0.021052844,0.014804349,0.040100154,0.009691643119976941,0.0,0.0,0.0,0.0,0.0,,0,65536,5,0,0,,,unavailable,,,,,,,False,False,,False,
research_benchmark_pack_v1,research_cpu_gpu,quest_xor_12q_research_perf,xor,12,12,12,n_qubits,,quest_gpu_full_state_exact,serious_gpu_full_state_baseline,quest,full_state,not_applicable,,,,gpu,,not_applicable,not_applicable,,,False,,none,native_status_gate_counts,True,end_to_end_and_compute,5,0.5084437550003713,0.5084701248001693,0.5030021540001144,0.5151295120003851,0.0049087525061989636,,,,,,0.5084437550003713,0.5084701248001693,0.5030021540001144,0.5151295120003851,0.0049087525061989636,total_wall,0.0523839,0.0521659852,0.050601006,0.053078175,0.0008298269480101025,0.0,0.0,0.0,0.0,0.0,,0,65536,5,0,0,,,unavailable,,,,,,,False,True,AMD Radeon RX 6600 (gfx1032),False,
research_benchmark_pack_v1,research_cpu_gpu,quest_xor_14q_research_perf,xor,14,14,14,n_qubits,,quest_cpu_full_state_exact,serious_full_state_baseline,quest,full_state,not_applicable,,,,cpu,,not_applicable,not_applicable,,,False,,none,native_status_gate_counts,True,end_to_end_and_compute,5,0.03102769699989949,0.05193903419985872,0.02626192199977595,0.09317884400024923,0.029691666664604002,,,,,,0.03102769699989949,0.05193903419985872,0.02626192199977595,0.09317884400024923,0.029691666664604002,total_wall,0.025632365,0.0399410174,0.020745359,0.071458079,0.021742100000125154,0.0,0.0,0.0,0.0,0.0,,0,262144,5,0,0,,,unavailable,,,,,,,False,False,,False,
research_benchmark_pack_v1,research_cpu_gpu,quest_xor_14q_research_perf,xor,14,14,14,n_qubits,,quest_gpu_full_state_exact,serious_gpu_full_state_baseline,quest,full_state,not_applicable,,,,gpu,,not_applicable,not_applicable,,,False,,none,native_status_gate_counts,True,end_to_end_and_compute,5,0.5207026220000444,0.5220304537999254,0.5173756639997009,0.5257843079998565,0.0032330143989574346,,,,,,0.5207026220000444,0.5220304537999254,0.5173756639997009,0.5257843079998565,0.0032330143989574346,total_wall,0.062717915,0.0621992112,0.060559988,0.063097,0.0009199465373116854,0.0,0.0,0.0,0.0,0.0,,0,262144,5,0,0,,,unavailable,,,,,,,False,True,AMD Radeon RX 6600 (gfx1032),False,
research_benchmark_pack_v1,research_cpu_gpu,quest_xor_16q_research_perf,xor,16,16,16,n_qubits,,quest_cpu_full_state_exact,serious_full_state_baseline,quest,full_state,not_applicable,,,,cpu,,not_applicable,not_applicable,,,False,,none,native_status_gate_counts,True,end_to_end_and_compute,5,0.050346863999948255,0.053548049199980595,0.04800442900022972,0.068870116999733,0.007756041599359342,,,,,,0.050346863999948255,0.053548049199980595,0.04800442900022972,0.068870116999733,0.007756041599359342,total_wall,0.044515713,0.0478747402,0.042576605,0.063347283,0.007823377392358813,0.0,0.0,0.0,0.0,0.0,,0,1048576,5,0,0,,,unavailable,,,,,,,False,False,,False,
research_benchmark_pack_v1,research_cpu_gpu,quest_xor_16q_research_perf,xor,16,16,16,n_qubits,,quest_gpu_full_state_exact,serious_gpu_full_state_baseline,quest,full_state,not_applicable,,,,gpu,,not_applicable,not_applicable,,,False,,none,native_status_gate_counts,True,end_to_end_and_compute,5,0.5363261490001605,0.5391776151999693,0.529949810999824,0.553980700000011,0.008222919115843741,,,,,,0.5363261490001605,0.5391776151999693,0.529949810999824,0.553980700000011,0.008222919115843741,total_wall,0.078439951,0.0793818474,0.076878071,0.084387064,0.0026856831787768687,0.0,0.0,0.0,0.0,0.0,,0,1048576,5,0,0,,,unavailable,,,,,,,False,True,AMD Radeon RX 6600 (gfx1032),False,
research_benchmark_pack_v1,research_cpu_gpu,quest_xor_4q_research_perf,xor,4,4,4,n_qubits,,quest_cpu_full_state_exact,serious_full_state_baseline,quest,full_state,not_applicable,,,,cpu,,not_applicable,not_applicable,,,False,,none,native_status_gate_counts,True,end_to_end_and_compute,5,0.008497592999901826,0.011049266999998508,0.008305017000111548,0.01508826000008412,0.003259000033434509,,,,,,0.008497592999901826,0.011049266999998508,0.008305017000111548,0.01508826000008412,0.003259000033434509,total_wall,0.003443059,0.0042060764,0.003421398,0.005452251,0.0009457799636830122,0.0,0.0,0.0,0.0,0.0,,0,256,5,0,0,,,unavailable,,,,,,,False,False,,False,
research_benchmark_pack_v1,research_cpu_gpu,quest_xor_4q_research_perf,xor,4,4,4,n_qubits,,quest_gpu_full_state_exact,serious_gpu_full_state_baseline,quest,full_state,not_applicable,,,,gpu,,not_applicable,not_applicable,,,False,,none,native_status_gate_counts,True,end_to_end_and_compute,5,0.04693544500014468,0.047411472400017377,0.04520825999998124,0.05033430000003136,0.001773485520051582,,,,,,0.04693544500014468,0.047411472400017377,0.04520825999998124,0.05033430000003136,0.001773485520051582,total_wall,0.003627062,0.0033634662,0.002236128,0.003667116,0.000563976962809085,0.0,0.0,0.0,0.0,0.0,,0,256,5,0,0,,,unavailable,,,,,,,False,True,AMD Radeon RX 6600 (gfx1032),False,
research_benchmark_pack_v1,research_cpu_gpu,quest_xor_6q_research_perf,xor,6,6,6,n_qubits,,quest_cpu_full_state_exact,serious_full_state_baseline,quest,full_state,not_applicable,,,,cpu,,not_applicable,not_applicable,,,False,,none,native_status_gate_counts,True,end_to_end_and_compute,5,0.010626482000134274,0.014380180399984965,0.010510893000173382,0.022687563999625127,0.00495650104469066,,,,,,0.010626482000134274,0.014380180399984965,0.010510893000173382,0.022687563999625127,0.00495650104469066,total_wall,0.005413507,0.0063572642,0.005348964,0.007988164,0.0012099362187802133,0.0,0.0,0.0,0.0,0.0,,0,1024,5,0,0,,,unavailable,,,,,,,False,False,,False,
research_benchmark_pack_v1,research_cpu_gpu,quest_xor_6q_research_perf,xor,6,6,6,n_qubits,,quest_gpu_full_state_exact,serious_gpu_full_state_baseline,quest,full_state,not_applicable,,,,gpu,,not_applicable,not_applicable,,,False,,none,native_status_gate_counts,True,end_to_end_and_compute,5,0.050442476000171155,0.050131480200070654,0.04878281900028014,0.05119953599978544,0.0010043481829851552,,,,,,0.050442476000171155,0.050131480200070654,0.04878281900028014,0.05119953599978544,0.0010043481829851552,total_wall,0.006082058,0.0060882568,0.006062031,0.006116152,1.865336753940152e-05,0.0,0.0,0.0,0.0,0.0,,0,1024,5,0,0,,,unavailable,,,,,,,False,True,AMD Radeon RX 6600 (gfx1032),False,
research_benchmark_pack_v1,research_cpu_gpu,quest_xor_8q_research_perf,xor,8,8,8,n_qubits,,quest_cpu_full_state_exact,serious_full_state_baseline,quest,full_state,not_applicable,,,,cpu,,not_applicable,not_applicable,,,False,,none,native_status_gate_counts,True,end_to_end_and_compute,5,0.01417642500018701,0.043087686600119926,0.013501501000064309,0.1559714510003687,0.0564641493399989,,,,,,0.01417642500018701,0.043087686600119926,0.013501501000064309,0.1559714510003687,0.0564641493399989,total_wall,0.009282346,0.034551548200000004,0.008559952,0.13341652,0.049456852027347196,0.0,0.0,0.0,0.0,0.0,,0,4096,5,0,0,,,unavailable,,,,,,,False,False,,False,
research_benchmark_pack_v1,research_cpu_gpu,quest_xor_8q_research_perf,xor,8,8,8,n_qubits,,quest_gpu_full_state_exact,serious_gpu_full_state_baseline,quest,full_state,not_applicable,,,,gpu,,not_applicable,not_applicable,,,False,,none,native_status_gate_counts,True,end_to_end_and_compute,5,0.05743776200006323,0.05974859499992817,0.05422177499985992,0.07024484200019288,0.005639754237802357,,,,,,0.05743776200006323,0.05974859499992817,0.05422177499985992,0.07024484200019288,0.005639754237802357,total_wall,0.012824059,0.0140570164,0.009183884,0.025522947,0.005973191659481809,0.0,0.0,0.0,0.0,0.0,,0,4096,5,0,0,,,unavailable,,,,,,,False,True,AMD Radeon RX 6600 (gfx1032),False,
research_benchmark_pack_v1,research_cpu_gpu_correctness,quest_bb84_12q_research_correctness,bb84,12,12,12,n_qubits,,quest_cpu_full_state_exact,serious_full_state_baseline,quest,full_state,not_applicable,,,,cpu,,not_applicable,not_applicable,,,False,,full_dump,full_statevector,False,end_to_end_and_compute,1,0.01229363300035402,0.01229363300035402,0.01229363300035402,0.01229363300035402,0.0,,,,,,0.01229363300035402,0.01229363300035402,0.01229363300035402,0.01229363300035402,0.0,total_wall,0.000871898,0.000871898,0.000871898,0.000871898,0.0,0.0,0.0,0.0,0.0,0.0,,0,65536,1,0,0,,,unavailable,0.0,0.0,0.0,0.0,0.0,0.0,False,False,,False,
research_benchmark_pack_v1,research_cpu_gpu_correctness,quest_bb84_12q_research_correctness,bb84,12,12,12,n_qubits,,quest_gpu_full_state_exact,serious_gpu_full_state_baseline,quest,full_state,not_applicable,,,,gpu,,not_applicable,not_applicable,,,False,,full_dump,full_statevector,False,end_to_end_and_compute,1,0.6579009510001015,0.6579009510001015,0.6579009510001015,0.6579009510001015,0.0,,,,,,0.6579009510001015,0.6579009510001015,0.6579009510001015,0.6579009510001015,0.0,total_wall,0.003959179,0.003959179,0.003959179,0.003959179,0.0,0.0,0.0,0.0,0.0,0.0,,0,65536,1,0,0,,,unavailable,3.0206719197305785e-17,5.935268645319832e-17,3.0206719197305785e-17,5.935268645319832e-17,3.0206719197305785e-17,5.935268645319832e-17,False,True,AMD Radeon RX 6600 (gfx1032),False,
research_benchmark_pack_v1,research_cpu_gpu_correctness,quest_bb84_16q_research_correctness,bb84,16,16,16,n_qubits,,quest_cpu_full_state_exact,serious_full_state_baseline,quest,full_state,not_applicable,,,,cpu,,not_applicable,not_applicable,,,False,,full_dump,full_statevector,False,end_to_end_and_compute,1,0.08801011199966524,0.08801011199966524,0.08801011199966524,0.08801011199966524,0.0,,,,,,0.08801011199966524,0.08801011199966524,0.08801011199966524,0.08801011199966524,0.0,total_wall,0.00320163,0.00320163,0.00320163,0.00320163,0.0,0.0,0.0,0.0,0.0,0.0,,0,1048576,1,0,0,,,unavailable,0.0,0.0,0.0,0.0,0.0,0.0,False,False,,False,
research_benchmark_pack_v1,research_cpu_gpu_correctness,quest_bb84_16q_research_correctness,bb84,16,16,16,n_qubits,,quest_gpu_full_state_exact,serious_gpu_full_state_baseline,quest,full_state,not_applicable,,,,gpu,,not_applicable,not_applicable,,,False,,full_dump,full_statevector,False,end_to_end_and_compute,1,3.544901828000093,3.544901828000093,3.544901828000093,3.544901828000093,0.0,,,,,,3.544901828000093,3.544901828000093,3.544901828000093,3.544901828000093,0.0,total_wall,0.005481005,0.005481005,0.005481005,0.005481005,0.0,0.0,0.0,0.0,0.0,0.0,,0,1048576,1,0,0,,,unavailable,3.5785870970562734e-17,7.453683748902168e-17,3.5785870970562734e-17,7.453683748902168e-17,3.5785870970562734e-17,7.453683748902168e-17,False,True,AMD Radeon RX 6600 (gfx1032),False,
research_benchmark_pack_v1,research_cpu_gpu_correctness,quest_bb84_4q_research_correctness,bb84,4,4,4,n_qubits,,quest_cpu_full_state_exact,serious_full_state_baseline,quest,full_state,not_applicable,,,,cpu,,not_applicable,not_applicable,,,False,,full_dump,full_statevector,False,end_to_end_and_compute,1,0.00498505199993815,0.00498505199993815,0.00498505199993815,0.00498505199993815,0.0,,,,,,0.00498505199993815,0.00498505199993815,0.00498505199993815,0.00498505199993815,0.0,total_wall,0.00024754,0.00024754,0.00024754,0.00024754,0.0,0.0,0.0,0.0,0.0,0.0,,0,256,1,0,0,,,unavailable,0.0,0.0,0.0,0.0,0.0,0.0,False,False,,False,
research_benchmark_pack_v1,research_cpu_gpu_correctness,quest_bb84_4q_research_correctness,bb84,4,4,4,n_qubits,,quest_gpu_full_state_exact,serious_gpu_full_state_baseline,quest,full_state,not_applicable,,,,gpu,,not_applicable,not_applicable,,,False,,full_dump,full_statevector,False,end_to_end_and_compute,1,0.04362337599968669,0.04362337599968669,0.04362337599968669,0.04362337599968669,0.0,,,,,,0.04362337599968669,0.04362337599968669,0.04362337599968669,0.04362337599968669,0.0,total_wall,0.000270844,0.000270844,0.000270844,0.000270844,0.0,0.0,0.0,0.0,0.0,0.0,,0,256,1,0,0,,,unavailable,0.0,0.0,0.0,0.0,0.0,0.0,False,True,AMD Radeon RX 6600 (gfx1032),False,
research_benchmark_pack_v1,research_cpu_gpu_correctness,quest_bb84_8q_research_correctness,bb84,8,8,8,n_qubits,,quest_cpu_full_state_exact,serious_full_state_baseline,quest,full_state,not_applicable,,,,cpu,,not_applicable,not_applicable,,,False,,full_dump,full_statevector,False,end_to_end_and_compute,1,0.005669714000305248,0.005669714000305248,0.005669714000305248,0.005669714000305248,0.0,,,,,,0.005669714000305248,0.005669714000305248,0.005669714000305248,0.005669714000305248,0.0,total_wall,0.000511052,0.000511052,0.000511052,0.000511052,0.0,0.0,0.0,0.0,0.0,0.0,,0,4096,1,0,0,,,unavailable,0.0,0.0,0.0,0.0,0.0,0.0,False,False,,False,
research_benchmark_pack_v1,research_cpu_gpu_correctness,quest_bb84_8q_research_correctness,bb84,8,8,8,n_qubits,,quest_gpu_full_state_exact,serious_gpu_full_state_baseline,quest,full_state,not_applicable,,,,gpu,,not_applicable,not_applicable,,,False,,full_dump,full_statevector,False,end_to_end_and_compute,1,0.07516689300018697,0.07516689300018697,0.07516689300018697,0.07516689300018697,0.0,,,,,,0.07516689300018697,0.07516689300018697,0.07516689300018697,0.07516689300018697,0.0,total_wall,0.010108948,0.010108948,0.010108948,0.010108948,0.0,0.0,0.0,0.0,0.0,0.0,,0,4096,1,0,0,,,unavailable,0.0,0.0,0.0,0.0,0.0,0.0,False,True,AMD Radeon RX 6600 (gfx1032),False,
research_benchmark_pack_v1,research_cpu_gpu_correctness,quest_bv_12q_research_correctness,bv,12,12,12,n_qubits,,quest_cpu_full_state_exact,serious_full_state_baseline,quest,full_state,not_applicable,,,,cpu,,not_applicable,not_applicable,,,False,,full_dump,full_statevector,False,end_to_end_and_compute,1,0.012279637000119692,0.012279637000119692,0.012279637000119692,0.012279637000119692,0.0,,,,,,0.012279637000119692,0.012279637000119692,0.012279637000119692,0.012279637000119692,0.0,total_wall,0.001293981,0.001293981,0.001293981,0.001293981,0.0,0.0,0.0,0.0,0.0,0.0,,0,65536,1,0,0,,,unavailable,0.0,0.0,0.0,0.0,0.0,0.0,False,False,,False,
research_benchmark_pack_v1,research_cpu_gpu_correctness,quest_bv_12q_research_correctness,bv,12,12,12,n_qubits,,quest_gpu_full_state_exact,serious_gpu_full_state_baseline,quest,full_state,not_applicable,,,,gpu,,not_applicable,not_applicable,,,False,,full_dump,full_statevector,False,end_to_end_and_compute,1,0.6596663870000157,0.6596663870000157,0.6596663870000157,0.6596663870000157,0.0,,,,,,0.6596663870000157,0.6596663870000157,0.6596663870000157,0.6596663870000157,0.0,total_wall,0.005053997,0.005053997,0.005053997,0.005053997,0.0,0.0,0.0,0.0,0.0,0.0,,0,65536,1,0,0,,,unavailable,3.3306690738754696e-16,4.396846117998343e-16,3.3306690738754696e-16,4.396846117998343e-16,3.3306690738754696e-16,4.396846117998343e-16,False,True,AMD Radeon RX 6600 (gfx1032),False,
research_benchmark_pack_v1,research_cpu_gpu_correctness,quest_bv_16q_research_correctness,bv,16,16,16,n_qubits,,quest_cpu_full_state_exact,serious_full_state_baseline,quest,full_state,not_applicable,,,,cpu,,not_applicable,not_applicable,,,False,,full_dump,full_statevector,False,end_to_end_and_compute,1,0.09038874599991686,0.09038874599991686,0.09038874599991686,0.09038874599991686,0.0,,,,,,0.09038874599991686,0.09038874599991686,0.09038874599991686,0.09038874599991686,0.0,total_wall,0.004286734,0.004286734,0.004286734,0.004286734,0.0,0.0,0.0,0.0,0.0,0.0,,0,1048576,1,0,0,,,unavailable,0.0,0.0,0.0,0.0,0.0,0.0,False,False,,False,
research_benchmark_pack_v1,research_cpu_gpu_correctness,quest_bv_16q_research_correctness,bv,16,16,16,n_qubits,,quest_gpu_full_state_exact,serious_gpu_full_state_baseline,quest,full_state,not_applicable,,,,gpu,,not_applicable,not_applicable,,,False,,full_dump,full_statevector,False,end_to_end_and_compute,1,3.5527639860001727,3.5527639860001727,3.5527639860001727,3.5527639860001727,0.0,,,,,,3.5527639860001727,3.5527639860001727,3.5527639860001727,3.5527639860001727,0.0,total_wall,0.007735968,0.007735968,0.007735968,0.007735968,0.0,0.0,0.0,0.0,0.0,0.0,,0,1048576,1,0,0,,,unavailable,3.3306690738754696e-16,3.9612761988951345e-16,3.3306690738754696e-16,3.9612761988951345e-16,3.3306690738754696e-16,3.9612761988951345e-16,False,True,AMD Radeon RX 6600 (gfx1032),False,
research_benchmark_pack_v1,research_cpu_gpu_correctness,quest_bv_4q_research_correctness,bv,4,4,4,n_qubits,,quest_cpu_full_state_exact,serious_full_state_baseline,quest,full_state,not_applicable,,,,cpu,,not_applicable,not_applicable,,,False,,full_dump,full_statevector,False,end_to_end_and_compute,1,0.005140277000009519,0.005140277000009519,0.005140277000009519,0.005140277000009519,0.0,,,,,,0.005140277000009519,0.005140277000009519,0.005140277000009519,0.005140277000009519,0.0,total_wall,0.000346318,0.000346318,0.000346318,0.000346318,0.0,0.0,0.0,0.0,0.0,0.0,,0,256,1,0,0,,,unavailable,0.0,0.0,0.0,0.0,0.0,0.0,False,False,,False,
research_benchmark_pack_v1,research_cpu_gpu_correctness,quest_bv_4q_research_correctness,bv,4,4,4,n_qubits,,quest_gpu_full_state_exact,serious_gpu_full_state_baseline,quest,full_state,not_applicable,,,,gpu,,not_applicable,not_applicable,,,False,,full_dump,full_statevector,False,end_to_end_and_compute,1,0.04518477499959772,0.04518477499959772,0.04518477499959772,0.04518477499959772,0.0,,,,,,0.04518477499959772,0.04518477499959772,0.04518477499959772,0.04518477499959772,0.0,total_wall,0.000370979,0.000370979,0.000370979,0.000370979,0.0,0.0,0.0,0.0,0.0,0.0,,0,256,1,0,0,,,unavailable,0.0,0.0,0.0,0.0,0.0,0.0,False,True,AMD Radeon RX 6600 (gfx1032),False,
research_benchmark_pack_v1,research_cpu_gpu_correctness,quest_bv_8q_research_correctness,bv,8,8,8,n_qubits,,quest_cpu_full_state_exact,serious_full_state_baseline,quest,full_state,not_applicable,,,,cpu,,not_applicable,not_applicable,,,False,,full_dump,full_statevector,False,end_to_end_and_compute,1,0.0898623459997907,0.0898623459997907,0.0898623459997907,0.0898623459997907,0.0,,,,,,0.0898623459997907,0.0898623459997907,0.0898623459997907,0.0898623459997907,0.0,total_wall,0.067718125,0.067718125,0.067718125,0.067718125,0.0,0.0,0.0,0.0,0.0,0.0,,0,4096,1,0,0,,,unavailable,0.0,0.0,0.0,0.0,0.0,0.0,False,False,,False,
research_benchmark_pack_v1,research_cpu_gpu_correctness,quest_bv_8q_research_correctness,bv,8,8,8,n_qubits,,quest_gpu_full_state_exact,serious_gpu_full_state_baseline,quest,full_state,not_applicable,,,,gpu,,not_applicable,not_applicable,,,False,,full_dump,full_statevector,False,end_to_end_and_compute,1,0.047211008999966,0.047211008999966,0.047211008999966,0.047211008999966,0.0,,,,,,0.047211008999966,0.047211008999966,0.047211008999966,0.047211008999966,0.0,total_wall,0.000932932,0.000932932,0.000932932,0.000932932,0.0,0.0,0.0,0.0,0.0,0.0,,0,4096,1,0,0,,,unavailable,0.0,0.0,0.0,0.0,0.0,0.0,False,True,AMD Radeon RX 6600 (gfx1032),False,
research_benchmark_pack_v1,research_cpu_gpu_correctness,quest_edc_12q_research_correctness,edc,12,12,12,n_qubits,,quest_cpu_full_state_exact,serious_full_state_baseline,quest,full_state,not_applicable,,,,cpu,,not_applicable,not_applicable,,,False,,full_dump,full_statevector,False,end_to_end_and_compute,1,0.020872691000022314,0.020872691000022314,0.020872691000022314,0.020872691000022314,0.0,,,,,,0.020872691000022314,0.020872691000022314,0.020872691000022314,0.020872691000022314,0.0,total_wall,0.009695853,0.009695853,0.009695853,0.009695853,0.0,0.0,0.0,0.0,0.0,0.0,,0,65536,1,0,0,,,unavailable,0.0,0.0,0.0,0.0,0.0,0.0,False,False,,False,
research_benchmark_pack_v1,research_cpu_gpu_correctness,quest_edc_12q_research_correctness,edc,12,12,12,n_qubits,,quest_gpu_full_state_exact,serious_gpu_full_state_baseline,quest,full_state,not_applicable,,,,gpu,,not_applicable,not_applicable,,,False,,full_dump,full_statevector,False,end_to_end_and_compute,1,0.6636556370003746,0.6636556370003746,0.6636556370003746,0.6636556370003746,0.0,,,,,,0.6636556370003746,0.6636556370003746,0.6636556370003746,0.6636556370003746,0.0,total_wall,0.006690979,0.006690979,0.006690979,0.006690979,0.0,0.0,0.0,0.0,0.0,0.0,,0,65536,1,0,0,,,unavailable,2.220446049250313e-16,2.5326350809870195e-16,2.220446049250313e-16,2.5326350809870195e-16,2.220446049250313e-16,2.5326350809870195e-16,False,True,AMD Radeon RX 6600 (gfx1032),False,
research_benchmark_pack_v1,research_cpu_gpu_correctness,quest_edc_16q_research_correctness,edc,16,16,16,n_qubits,,quest_cpu_full_state_exact,serious_full_state_baseline,quest,full_state,not_applicable,,,,cpu,,not_applicable,not_applicable,,,False,,full_dump,full_statevector,False,end_to_end_and_compute,1,0.0912173530000473,0.0912173530000473,0.0912173530000473,0.0912173530000473,0.0,,,,,,0.0912173530000473,0.0912173530000473,0.0912173530000473,0.0912173530000473,0.0,total_wall,0.005466127,0.005466127,0.005466127,0.005466127,0.0,0.0,0.0,0.0,0.0,0.0,,0,1048576,1,0,0,,,unavailable,0.0,0.0,0.0,0.0,0.0,0.0,False,False,,False,
research_benchmark_pack_v1,research_cpu_gpu_correctness,quest_edc_16q_research_correctness,edc,16,16,16,n_qubits,,quest_gpu_full_state_exact,serious_gpu_full_state_baseline,quest,full_state,not_applicable,,,,gpu,,not_applicable,not_applicable,,,False,,full_dump,full_statevector,False,end_to_end_and_compute,1,3.534838481999941,3.534838481999941,3.534838481999941,3.534838481999941,0.0,,,,,,3.534838481999941,3.534838481999941,3.534838481999941,3.534838481999941,0.0,total_wall,0.009455919,0.009455919,0.009455919,0.009455919,0.0,0.0,0.0,0.0,0.0,0.0,,0,1048576,1,0,0,,,unavailable,3.184081491842375e-17,1.1429334706030616e-16,3.184081491842375e-17,1.1429334706030616e-16,3.184081491842375e-17,1.1429334706030616e-16,False,True,AMD Radeon RX 6600 (gfx1032),False,
research_benchmark_pack_v1,research_cpu_gpu_correctness,quest_edc_4q_research_correctness,edc,4,4,4,n_qubits,,quest_cpu_full_state_exact,serious_full_state_baseline,quest,full_state,not_applicable,,,,cpu,,not_applicable,not_applicable,,,False,,full_dump,full_statevector,False,end_to_end_and_compute,1,0.021976601000005758,0.021976601000005758,0.021976601000005758,0.021976601000005758,0.0,,,,,,0.021976601000005758,0.021976601000005758,0.021976601000005758,0.021976601000005758,0.0,total_wall,0.000558202,0.000558202,0.000558202,0.000558202,0.0,0.0,0.0,0.0,0.0,0.0,,0,256,1,0,0,,,unavailable,0.0,0.0,0.0,0.0,0.0,0.0,False,False,,False,
research_benchmark_pack_v1,research_cpu_gpu_correctness,quest_edc_4q_research_correctness,edc,4,4,4,n_qubits,,quest_gpu_full_state_exact,serious_gpu_full_state_baseline,quest,full_state,not_applicable,,,,gpu,,not_applicable,not_applicable,,,False,,full_dump,full_statevector,False,end_to_end_and_compute,1,0.06108150199997908,0.06108150199997908,0.06108150199997908,0.06108150199997908,0.0,,,,,,0.06108150199997908,0.06108150199997908,0.06108150199997908,0.06108150199997908,0.0,total_wall,0.000501871,0.000501871,0.000501871,0.000501871,0.0,0.0,0.0,0.0,0.0,0.0,,0,256,1,0,0,,,unavailable,0.0,0.0,0.0,0.0,0.0,0.0,False,True,AMD Radeon RX 6600 (gfx1032),False,
research_benchmark_pack_v1,research_cpu_gpu_correctness,quest_edc_8q_research_correctness,edc,8,8,8,n_qubits,,quest_cpu_full_state_exact,serious_full_state_baseline,quest,full_state,not_applicable,,,,cpu,,not_applicable,not_applicable,,,False,,full_dump,full_statevector,False,end_to_end_and_compute,1,0.0060986600001342595,0.0060986600001342595,0.0060986600001342595,0.0060986600001342595,0.0,,,,,,0.0060986600001342595,0.0060986600001342595,0.0060986600001342595,0.0060986600001342595,0.0,total_wall,0.001077679,0.001077679,0.001077679,0.001077679,0.0,0.0,0.0,0.0,0.0,0.0,,0,4096,1,0,0,,,unavailable,0.0,0.0,0.0,0.0,0.0,0.0,False,False,,False,
research_benchmark_pack_v1,research_cpu_gpu_correctness,quest_edc_8q_research_correctness,edc,8,8,8,n_qubits,,quest_gpu_full_state_exact,serious_gpu_full_state_baseline,quest,full_state,not_applicable,,,,gpu,,not_applicable,not_applicable,,,False,,full_dump,full_statevector,False,end_to_end_and_compute,1,0.04565782500003479,0.04565782500003479,0.04565782500003479,0.04565782500003479,0.0,,,,,,0.04565782500003479,0.04565782500003479,0.04565782500003479,0.04565782500003479,0.0,total_wall,0.001117945,0.001117945,0.001117945,0.001117945,0.0,0.0,0.0,0.0,0.0,0.0,,0,4096,1,0,0,,,unavailable,0.0,0.0,0.0,0.0,0.0,0.0,False,True,AMD Radeon RX 6600 (gfx1032),False,
research_benchmark_pack_v1,research_cpu_gpu_correctness,quest_hs_12q_research_correctness,hs,12,12,12,n_qubits,,quest_cpu_full_state_exact,serious_full_state_baseline,quest,full_state,not_applicable,,,,cpu,,not_applicable,not_applicable,,,False,,full_dump,full_statevector,False,end_to_end_and_compute,1,0.05764570699966498,0.05764570699966498,0.05764570699966498,0.05764570699966498,0.0,,,,,,0.05764570699966498,0.05764570699966498,0.05764570699966498,0.05764570699966498,0.0,total_wall,0.029554816,0.029554816,0.029554816,0.029554816,0.0,0.0,0.0,0.0,0.0,0.0,,0,65536,1,0,0,,,unavailable,0.0,0.0,0.0,0.0,0.0,0.0,False,False,,False,
research_benchmark_pack_v1,research_cpu_gpu_correctness,quest_hs_12q_research_correctness,hs,12,12,12,n_qubits,,quest_gpu_full_state_exact,serious_gpu_full_state_baseline,quest,full_state,not_applicable,,,,gpu,,not_applicable,not_applicable,,,False,,full_dump,full_statevector,False,end_to_end_and_compute,1,0.6529999800000041,0.6529999800000041,0.6529999800000041,0.6529999800000041,0.0,,,,,,0.6529999800000041,0.6529999800000041,0.6529999800000041,0.6529999800000041,0.0,total_wall,0.00742507,0.00742507,0.00742507,0.00742507,0.0,0.0,0.0,0.0,0.0,0.0,,0,65536,1,0,0,,,unavailable,7.771561172376096e-16,8.12612038644756e-16,7.771561172376096e-16,8.12612038644756e-16,7.771561172376096e-16,8.12612038644756e-16,False,True,AMD Radeon RX 6600 (gfx1032),False,
research_benchmark_pack_v1,research_cpu_gpu_correctness,quest_hs_16q_research_correctness,hs,16,16,16,n_qubits,,quest_cpu_full_state_exact,serious_full_state_baseline,quest,full_state,not_applicable,,,,cpu,,not_applicable,not_applicable,,,False,,full_dump,full_statevector,False,end_to_end_and_compute,1,0.09038697300002241,0.09038697300002241,0.09038697300002241,0.09038697300002241,0.0,,,,,,0.09038697300002241,0.09038697300002241,0.09038697300002241,0.09038697300002241,0.0,total_wall,0.006378543,0.006378543,0.006378543,0.006378543,0.0,0.0,0.0,0.0,0.0,0.0,,0,1048576,1,0,0,,,unavailable,0.0,0.0,0.0,0.0,0.0,0.0,False,False,,False,
research_benchmark_pack_v1,research_cpu_gpu_correctness,quest_hs_16q_research_correctness,hs,16,16,16,n_qubits,,quest_gpu_full_state_exact,serious_gpu_full_state_baseline,quest,full_state,not_applicable,,,,gpu,,not_applicable,not_applicable,,,False,,full_dump,full_statevector,False,end_to_end_and_compute,1,3.551262346000385,3.551262346000385,3.551262346000385,3.551262346000385,0.0,,,,,,3.551262346000385,3.551262346000385,3.551262346000385,3.551262346000385,0.0,total_wall,0.011462927,0.011462927,0.011462927,0.011462927,0.0,0.0,0.0,0.0,0.0,0.0,,0,1048576,1,0,0,,,unavailable,6.661338147750939e-16,6.86706222609646e-16,6.661338147750939e-16,6.86706222609646e-16,6.661338147750939e-16,6.86706222609646e-16,False,True,AMD Radeon RX 6600 (gfx1032),False,
research_benchmark_pack_v1,research_cpu_gpu_correctness,quest_hs_4q_research_correctness,hs,4,4,4,n_qubits,,quest_cpu_full_state_exact,serious_full_state_baseline,quest,full_state,not_applicable,,,,cpu,,not_applicable,not_applicable,,,False,,full_dump,full_statevector,False,end_to_end_and_compute,1,0.005204950000006647,0.005204950000006647,0.005204950000006647,0.005204950000006647,0.0,,,,,,0.005204950000006647,0.005204950000006647,0.005204950000006647,0.005204950000006647,0.0,total_wall,0.000489691,0.000489691,0.000489691,0.000489691,0.0,0.0,0.0,0.0,0.0,0.0,,0,256,1,0,0,,,unavailable,0.0,0.0,0.0,0.0,0.0,0.0,False,False,,False,
research_benchmark_pack_v1,research_cpu_gpu_correctness,quest_hs_4q_research_correctness,hs,4,4,4,n_qubits,,quest_gpu_full_state_exact,serious_gpu_full_state_baseline,quest,full_state,not_applicable,,,,gpu,,not_applicable,not_applicable,,,False,,full_dump,full_statevector,False,end_to_end_and_compute,1,0.04372241300006863,0.04372241300006863,0.04372241300006863,0.04372241300006863,0.0,,,,,,0.04372241300006863,0.04372241300006863,0.04372241300006863,0.04372241300006863,0.0,total_wall,0.000527143,0.000527143,0.000527143,0.000527143,0.0,0.0,0.0,0.0,0.0,0.0,,0,256,1,0,0,,,unavailable,0.0,0.0,0.0,0.0,0.0,0.0,False,True,AMD Radeon RX 6600 (gfx1032),False,
research_benchmark_pack_v1,research_cpu_gpu_correctness,quest_hs_8q_research_correctness,hs,8,8,8,n_qubits,,quest_cpu_full_state_exact,serious_full_state_baseline,quest,full_state,not_applicable,,,,cpu,,not_applicable,not_applicable,,,False,,full_dump,full_statevector,False,end_to_end_and_compute,1,0.006229729000096995,0.006229729000096995,0.006229729000096995,0.006229729000096995,0.0,,,,,,0.006229729000096995,0.006229729000096995,0.006229729000096995,0.006229729000096995,0.0,total_wall,0.001054706,0.001054706,0.001054706,0.001054706,0.0,0.0,0.0,0.0,0.0,0.0,,0,4096,1,0,0,,,unavailable,0.0,0.0,0.0,0.0,0.0,0.0,False,False,,False,
research_benchmark_pack_v1,research_cpu_gpu_correctness,quest_hs_8q_research_correctness,hs,8,8,8,n_qubits,,quest_gpu_full_state_exact,serious_gpu_full_state_baseline,quest,full_state,not_applicable,,,,gpu,,not_applicable,not_applicable,,,False,,full_dump,full_statevector,False,end_to_end_and_compute,1,0.04934826399994563,0.04934826399994563,0.04934826399994563,0.04934826399994563,0.0,,,,,,0.04934826399994563,0.04934826399994563,0.04934826399994563,0.04934826399994563,0.0,total_wall,0.006146908,0.006146908,0.006146908,0.006146908,0.0,0.0,0.0,0.0,0.0,0.0,,0,4096,1,0,0,,,unavailable,0.0,0.0,0.0,0.0,0.0,0.0,False,True,AMD Radeon RX 6600 (gfx1032),False,
research_benchmark_pack_v1,research_cpu_gpu_correctness,quest_qrng_12q_research_correctness,qrng,12,12,12,n_qubits,,quest_cpu_full_state_exact,serious_full_state_baseline,quest,full_state,not_applicable,,,,cpu,,not_applicable,not_applicable,,,False,,full_dump,full_statevector,False,end_to_end_and_compute,1,0.04590369300012753,0.04590369300012753,0.04590369300012753,0.04590369300012753,0.0,,,,,,0.04590369300012753,0.04590369300012753,0.04590369300012753,0.04590369300012753,0.0,total_wall,0.017325635,0.017325635,0.017325635,0.017325635,0.0,0.0,0.0,0.0,0.0,0.0,,0,65536,1,0,0,,,unavailable,0.0,0.0,0.0,0.0,0.0,0.0,False,False,,False,
research_benchmark_pack_v1,research_cpu_gpu_correctness,quest_qrng_12q_research_correctness,qrng,12,12,12,n_qubits,,quest_gpu_full_state_exact,serious_gpu_full_state_baseline,quest,full_state,not_applicable,,,,gpu,,not_applicable,not_applicable,,,False,,full_dump,full_statevector,False,end_to_end_and_compute,1,0.6556573220000246,0.6556573220000246,0.6556573220000246,0.6556573220000246,0.0,,,,,,0.6556573220000246,0.6556573220000246,0.6556573220000246,0.6556573220000246,0.0,total_wall,0.001642942,0.001642942,0.001642942,0.001642942,0.0,0.0,0.0,0.0,0.0,0.0,,0,65536,1,0,0,,,unavailable,3.0206719197305785e-17,5.935268645319832e-17,3.0206719197305785e-17,5.935268645319832e-17,3.0206719197305785e-17,5.935268645319832e-17,False,True,AMD Radeon RX 6600 (gfx1032),False,
research_benchmark_pack_v1,research_cpu_gpu_correctness,quest_qrng_16q_research_correctness,qrng,16,16,16,n_qubits,,quest_cpu_full_state_exact,serious_full_state_baseline,quest,full_state,not_applicable,,,,cpu,,not_applicable,not_applicable,,,False,,full_dump,full_statevector,False,end_to_end_and_compute,1,0.10657609600002615,0.10657609600002615,0.10657609600002615,0.10657609600002615,0.0,,,,,,0.10657609600002615,0.10657609600002615,0.10657609600002615,0.10657609600002615,0.0,total_wall,0.005411072,0.005411072,0.005411072,0.005411072,0.0,0.0,0.0,0.0,0.0,0.0,,0,1048576,1,0,0,,,unavailable,0.0,0.0,0.0,0.0,0.0,0.0,False,False,,False,
research_benchmark_pack_v1,research_cpu_gpu_correctness,quest_qrng_16q_research_correctness,qrng,16,16,16,n_qubits,,quest_gpu_full_state_exact,serious_gpu_full_state_baseline,quest,full_state,not_applicable,,,,gpu,,not_applicable,not_applicable,,,False,,full_dump,full_statevector,False,end_to_end_and_compute,1,3.5687401899999713,3.5687401899999713,3.5687401899999713,3.5687401899999713,0.0,,,,,,3.5687401899999713,3.5687401899999713,3.5687401899999713,3.5687401899999713,0.0,total_wall,0.002650976,0.002650976,0.002650976,0.002650976,0.0,0.0,0.0,0.0,0.0,0.0,,0,1048576,1,0,0,,,unavailable,8.129720527623919e-17,1.3708755978908687e-16,8.129720527623919e-17,1.3708755978908687e-16,8.129720527623919e-17,1.3708755978908687e-16,False,True,AMD Radeon RX 6600 (gfx1032),False,
research_benchmark_pack_v1,research_cpu_gpu_correctness,quest_qrng_4q_research_correctness,qrng,4,4,4,n_qubits,,quest_cpu_full_state_exact,serious_full_state_baseline,quest,full_state,not_applicable,,,,cpu,,not_applicable,not_applicable,,,False,,full_dump,full_statevector,False,end_to_end_and_compute,1,0.004774059999817837,0.004774059999817837,0.004774059999817837,0.004774059999817837,0.0,,,,,,0.004774059999817837,0.004774059999817837,0.004774059999817837,0.004774059999817837,0.0,total_wall,0.00013136,0.00013136,0.00013136,0.00013136,0.0,0.0,0.0,0.0,0.0,0.0,,0,256,1,0,0,,,unavailable,0.0,0.0,0.0,0.0,0.0,0.0,False,False,,False,
research_benchmark_pack_v1,research_cpu_gpu_correctness,quest_qrng_4q_research_correctness,qrng,4,4,4,n_qubits,,quest_gpu_full_state_exact,serious_gpu_full_state_baseline,quest,full_state,not_applicable,,,,gpu,,not_applicable,not_applicable,,,False,,full_dump,full_statevector,False,end_to_end_and_compute,1,0.044692338000004384,0.044692338000004384,0.044692338000004384,0.044692338000004384,0.0,,,,,,0.044692338000004384,0.044692338000004384,0.044692338000004384,0.044692338000004384,0.0,total_wall,0.000119925,0.000119925,0.000119925,0.000119925,0.0,0.0,0.0,0.0,0.0,0.0,,0,256,1,0,0,,,unavailable,0.0,0.0,0.0,0.0,0.0,0.0,False,True,AMD Radeon RX 6600 (gfx1032),False,
research_benchmark_pack_v1,research_cpu_gpu_correctness,quest_qrng_8q_research_correctness,qrng,8,8,8,n_qubits,,quest_cpu_full_state_exact,serious_full_state_baseline,quest,full_state,not_applicable,,,,cpu,,not_applicable,not_applicable,,,False,,full_dump,full_statevector,False,end_to_end_and_compute,1,0.005316662000041106,0.005316662000041106,0.005316662000041106,0.005316662000041106,0.0,,,,,,0.005316662000041106,0.005316662000041106,0.005316662000041106,0.005316662000041106,0.0,total_wall,0.000279932,0.000279932,0.000279932,0.000279932,0.0,0.0,0.0,0.0,0.0,0.0,,0,4096,1,0,0,,,unavailable,0.0,0.0,0.0,0.0,0.0,0.0,False,False,,False,
research_benchmark_pack_v1,research_cpu_gpu_correctness,quest_qrng_8q_research_correctness,qrng,8,8,8,n_qubits,,quest_gpu_full_state_exact,serious_gpu_full_state_baseline,quest,full_state,not_applicable,,,,gpu,,not_applicable,not_applicable,,,False,,full_dump,full_statevector,False,end_to_end_and_compute,1,0.043107845000122325,0.043107845000122325,0.043107845000122325,0.043107845000122325,0.0,,,,,,0.043107845000122325,0.043107845000122325,0.043107845000122325,0.043107845000122325,0.0,total_wall,0.000309944,0.000309944,0.000309944,0.000309944,0.0,0.0,0.0,0.0,0.0,0.0,,0,4096,1,0,0,,,unavailable,0.0,0.0,0.0,0.0,0.0,0.0,False,True,AMD Radeon RX 6600 (gfx1032),False,
research_benchmark_pack_v1,research_cpu_gpu_correctness,quest_xor_12q_research_correctness,xor,12,12,12,n_qubits,,quest_cpu_full_state_exact,serious_full_state_baseline,quest,full_state,not_applicable,,,,cpu,,not_applicable,not_applicable,,,False,,full_dump,full_statevector,False,end_to_end_and_compute,1,0.012146494000262464,0.012146494000262464,0.012146494000262464,0.012146494000262464,0.0,,,,,,0.012146494000262464,0.012146494000262464,0.012146494000262464,0.012146494000262464,0.0,total_wall,0.001007927,0.001007927,0.001007927,0.001007927,0.0,0.0,0.0,0.0,0.0,0.0,,0,65536,1,0,0,,,unavailable,0.0,0.0,0.0,0.0,0.0,0.0,False,False,,False,
research_benchmark_pack_v1,research_cpu_gpu_correctness,quest_xor_12q_research_correctness,xor,12,12,12,n_qubits,,quest_gpu_full_state_exact,serious_gpu_full_state_baseline,quest,full_state,not_applicable,,,,gpu,,not_applicable,not_applicable,,,False,,full_dump,full_statevector,False,end_to_end_and_compute,1,0.6609558300001481,0.6609558300001481,0.6609558300001481,0.6609558300001481,0.0,,,,,,0.6609558300001481,0.6609558300001481,0.6609558300001481,0.6609558300001481,0.0,total_wall,0.00347805,0.00347805,0.00347805,0.00347805,0.0,0.0,0.0,0.0,0.0,0.0,,0,65536,1,0,0,,,unavailable,0.0,0.0,0.0,0.0,0.0,0.0,False,True,AMD Radeon RX 6600 (gfx1032),False,
research_benchmark_pack_v1,research_cpu_gpu_correctness,quest_xor_16q_research_correctness,xor,16,16,16,n_qubits,,quest_cpu_full_state_exact,serious_full_state_baseline,quest,full_state,not_applicable,,,,cpu,,not_applicable,not_applicable,,,False,,full_dump,full_statevector,False,end_to_end_and_compute,1,0.08927816499999608,0.08927816499999608,0.08927816499999608,0.08927816499999608,0.0,,,,,,0.08927816499999608,0.08927816499999608,0.08927816499999608,0.08927816499999608,0.0,total_wall,0.005132062,0.005132062,0.005132062,0.005132062,0.0,0.0,0.0,0.0,0.0,0.0,,0,1048576,1,0,0,,,unavailable,0.0,0.0,0.0,0.0,0.0,0.0,False,False,,False,
research_benchmark_pack_v1,research_cpu_gpu_correctness,quest_xor_16q_research_correctness,xor,16,16,16,n_qubits,,quest_gpu_full_state_exact,serious_gpu_full_state_baseline,quest,full_state,not_applicable,,,,gpu,,not_applicable,not_applicable,,,False,,full_dump,full_statevector,False,end_to_end_and_compute,1,3.5545363400001406,3.5545363400001406,3.5545363400001406,3.5545363400001406,0.0,,,,,,3.5545363400001406,3.5545363400001406,3.5545363400001406,3.5545363400001406,0.0,total_wall,0.004928112,0.004928112,0.004928112,0.004928112,0.0,0.0,0.0,0.0,0.0,0.0,,0,1048576,1,0,0,,,unavailable,0.0,0.0,0.0,0.0,0.0,0.0,False,True,AMD Radeon RX 6600 (gfx1032),False,
research_benchmark_pack_v1,research_cpu_gpu_correctness,quest_xor_4q_research_correctness,xor,4,4,4,n_qubits,,quest_cpu_full_state_exact,serious_full_state_baseline,quest,full_state,not_applicable,,,,cpu,,not_applicable,not_applicable,,,False,,full_dump,full_statevector,False,end_to_end_and_compute,1,0.009904088999974192,0.009904088999974192,0.009904088999974192,0.009904088999974192,0.0,,,,,,0.009904088999974192,0.009904088999974192,0.009904088999974192,0.009904088999974192,0.0,total_wall,0.000258512,0.000258512,0.000258512,0.000258512,0.0,0.0,0.0,0.0,0.0,0.0,,0,256,1,0,0,,,unavailable,0.0,0.0,0.0,0.0,0.0,0.0,False,False,,False,
research_benchmark_pack_v1,research_cpu_gpu_correctness,quest_xor_4q_research_correctness,xor,4,4,4,n_qubits,,quest_gpu_full_state_exact,serious_gpu_full_state_baseline,quest,full_state,not_applicable,,,,gpu,,not_applicable,not_applicable,,,False,,full_dump,full_statevector,False,end_to_end_and_compute,1,0.04419912100001966,0.04419912100001966,0.04419912100001966,0.04419912100001966,0.0,,,,,,0.04419912100001966,0.04419912100001966,0.04419912100001966,0.04419912100001966,0.0,total_wall,0.000298977,0.000298977,0.000298977,0.000298977,0.0,0.0,0.0,0.0,0.0,0.0,,0,256,1,0,0,,,unavailable,0.0,0.0,0.0,0.0,0.0,0.0,False,True,AMD Radeon RX 6600 (gfx1032),False,
research_benchmark_pack_v1,research_cpu_gpu_correctness,quest_xor_8q_research_correctness,xor,8,8,8,n_qubits,,quest_cpu_full_state_exact,serious_full_state_baseline,quest,full_state,not_applicable,,,,cpu,,not_applicable,not_applicable,,,False,,full_dump,full_statevector,False,end_to_end_and_compute,1,0.005863652999778424,0.005863652999778424,0.005863652999778424,0.005863652999778424,0.0,,,,,,0.005863652999778424,0.005863652999778424,0.005863652999778424,0.005863652999778424,0.0,total_wall,0.00061515,0.00061515,0.00061515,0.00061515,0.0,0.0,0.0,0.0,0.0,0.0,,0,4096,1,0,0,,,unavailable,0.0,0.0,0.0,0.0,0.0,0.0,False,False,,False,
research_benchmark_pack_v1,research_cpu_gpu_correctness,quest_xor_8q_research_correctness,xor,8,8,8,n_qubits,,quest_gpu_full_state_exact,serious_gpu_full_state_baseline,quest,full_state,not_applicable,,,,gpu,,not_applicable,not_applicable,,,False,,full_dump,full_statevector,False,end_to_end_and_compute,1,0.04467351299990696,0.04467351299990696,0.04467351299990696,0.04467351299990696,0.0,,,,,,0.04467351299990696,0.04467351299990696,0.04467351299990696,0.04467351299990696,0.0,total_wall,0.000678062,0.000678062,0.000678062,0.000678062,0.0,0.0,0.0,0.0,0.0,0.0,,0,4096,1,0,0,,,unavailable,0.0,0.0,0.0,0.0,0.0,0.0,False,True,AMD Radeon RX 6600 (gfx1032),False,
research_benchmark_pack_v1,research_cpu_tn,quest_bb84_10q_research_tn,bb84,10,10,10,n_qubits,,quest_cpu_full_state_exact,serious_full_state_baseline,quest,full_state,not_applicable,,,,cpu,,not_applicable,not_applicable,,,False,,full_dump,full_statevector,False,end_to_end_and_compute,3,0.007043821000024764,0.053469170999960625,0.006912080999882164,0.14645161099997495,0.06574853585251465,,,,,,0.007043821000024764,0.053469170999960625,0.006912080999882164,0.14645161099997495,0.06574853585251465,total_wall,0.000234425,0.040813361,0.000216873,0.121988785,0.057399693223355634,0.0,0.0,0.0,0.0,0.0,,0,16384,3,0,0,,,unavailable,0.0,0.0,0.0,0.0,0.0,0.0,False,False,,False,
research_benchmark_pack_v1,research_cpu_tn,quest_bb84_10q_research_tn,bb84,10,10,10,n_qubits,,quimb_tn_exact,serious_external_tn_baseline,quimb,tensor_network,sequential,,,,cpu,,not_applicable,not_applicable,,,False,,full_dump,full_statevector,False,end_to_end_and_compute,3,0.0015729609999652894,0.0015531196665961033,0.001435067999864259,0.0016513299999587616,8.93963908802402e-05,,,,,,0.0015729609999652894,0.0015531196665961033,0.001435067999864259,0.0016513299999587616,8.93963908802402e-05,total_wall,0.0007162809999954334,0.0006905460000628713,0.0006378630000654084,0.0007174940001277719,3.7255797838544656e-05,0.00035863200014318863,0.0003618150000572011,0.0003299380000498786,0.0003968749999785359,2.741944694557398e-05,,1220,16384,3,0,0,,,unavailable,1.0408340855860843e-17,3.3306690738754696e-16,1.0408340855860843e-17,3.3306690738754696e-16,1.0408340855860843e-17,3.3306690738754696e-16,False,False,,False,
research_benchmark_pack_v1,research_cpu_tn,quest_bb84_10q_research_tn,bb84,10,10,10,n_qubits,,quimb_tn_sliced_exact,explicit_slicing_evidence,quimb,tensor_network,slicing,,,,cpu,,not_applicable,not_applicable,,,False,,full_dump,full_statevector,False,end_to_end_and_compute,3,0.002916094000056546,0.0029462810000495665,0.0029090799998812145,0.003013669000210939,4.773647085074989e-05,,,,,,0.002916094000056546,0.0029462810000495665,0.0029090799998812145,0.003013669000210939,4.773647085074989e-05,total_wall,0.0008561079998798959,0.0008551856665993304,0.0008319510000092123,0.0008774979999088828,1.860591884276748e-05,0.0012031479998313444,0.0012156710000302458,0.0011881280001944106,0.0012557370000649826,2.898693230130911e-05,,1400,8192,3,0,0,2,1.1111111111111112,inflation,1.0408340855860843e-17,3.3306690738754696e-16,1.0408340855860843e-17,3.3306690738754696e-16,1.0408340855860843e-17,3.3306690738754696e-16,False,False,,False,
research_benchmark_pack_v1,research_cpu_tn,quest_bb84_12q_research_tn,bb84,12,12,12,n_qubits,,quest_cpu_full_state_exact,serious_full_state_baseline,quest,full_state,not_applicable,,,,cpu,,not_applicable,not_applicable,,,False,,full_dump,full_statevector,False,end_to_end_and_compute,3,0.012050540000018373,0.012049083999954746,0.011889533999919877,0.012207177999925989,0.00012968170684952624,,,,,,0.012050540000018373,0.012049083999954746,0.011889533999919877,0.012207177999925989,0.00012968170684952624,total_wall,0.000264453,0.000270037,0.000250416,0.000295242,1.8721259946915958e-05,0.0,0.0,0.0,0.0,0.0,,0,65536,3,0,0,,,unavailable,0.0,0.0,0.0,0.0,0.0,0.0,False,False,,False,
research_benchmark_pack_v1,research_cpu_tn,quest_bb84_12q_research_tn,bb84,12,12,12,n_qubits,,quimb_tn_exact,serious_external_tn_baseline,quimb,tensor_network,sequential,,,,cpu,,not_applicable,not_applicable,,,False,,full_dump,full_statevector,False,end_to_end_and_compute,3,0.0017331449998891912,0.0017363309999988512,0.0017175250000036613,0.001758323000103701,1.680738231779463e-05,,,,,,0.0017331449998891912,0.0017363309999988512,0.0017175250000036613,0.001758323000103701,1.680738231779463e-05,total_wall,0.0007075549999626674,0.000712497666654599,0.0006674490000477817,0.000762488999953348,3.8957009305413875e-05,0.00039027200000418816,0.00039283999997981783,0.0003882679998241656,0.0003999800001110998,5.11460038102765e-06,,4520,65536,3,0,0,,,unavailable,5.204170427930421e-18,3.3306690738754696e-16,5.204170427930421e-18,3.3306690738754696e-16,5.204170427930421e-18,3.3306690738754696e-16,False,False,,False,
research_benchmark_pack_v1,research_cpu_tn,quest_bb84_12q_research_tn,bb84,12,12,12,n_qubits,,quimb_tn_sliced_exact,explicit_slicing_evidence,quimb,tensor_network,slicing,,,,cpu,,not_applicable,not_applicable,,,False,,full_dump,full_statevector,False,end_to_end_and_compute,3,0.0035007660001156182,0.0034914510000210917,0.00346080899998924,0.0035127779999584163,2.2215177387240432e-05,,,,,,0.0035007660001156182,0.0034914510000210917,0.00346080899998924,0.0035127779999584163,2.2215177387240432e-05,total_wall,0.0010265720000006695,0.0010363903333351725,0.0010085170001730148,0.001074081999831833,2.7652511003111017e-05,0.0014495059999717341,0.0014284456666852445,0.0013693430000785156,0.0014664880000054836,4.236304192183066e-05,,4624,32768,3,0,0,2,1.0140350877192983,inflation,5.204170427930421e-18,3.3306690738754696e-16,5.204170427930421e-18,3.3306690738754696e-16,5.204170427930421e-18,3.3306690738754696e-16,False,False,,False,
research_benchmark_pack_v1,research_cpu_tn,quest_bb84_14q_research_tn,bb84,14,14,14,n_qubits,,quest_cpu_full_state_exact,serious_full_state_baseline,quest,full_state,not_applicable,,,,cpu,,not_applicable,not_applicable,,,False,,full_dump,full_statevector,False,end_to_end_and_compute,3,0.02904678499999136,0.02894395933337061,0.028329311000106827,0.02945578200001364,0.00046559214390191043,,,,,,0.02904678499999136,0.02894395933337061,0.028329311000106827,0.02945578200001364,0.00046559214390191043,total_wall,0.000407595,0.00040977233333333335,0.000385032,0.00043669,2.114541441752535e-05,0.0,0.0,0.0,0.0,0.0,,0,262144,3,0,0,,,unavailable,0.0,0.0,0.0,0.0,0.0,0.0,False,False,,False,
research_benchmark_pack_v1,research_cpu_tn,quest_bb84_14q_research_tn,bb84,14,14,14,n_qubits,,quimb_tn_exact,serious_external_tn_baseline,quimb,tensor_network,sequential,,,,cpu,,not_applicable,not_applicable,,,False,,full_dump,full_statevector,False,end_to_end_and_compute,3,0.0020747050000409217,0.00206493599997278,0.0020326139999724546,0.002087488999904963,2.3443427311248854e-05,,,,,,0.0020747050000409217,0.00206493599997278,0.0020326139999724546,0.002087488999904963,2.3443427311248854e-05,total_wall,0.0008110620001389179,0.0008096393333592763,0.0008066339999004413,0.0008112220000384696,2.1260953084718374e-06,0.0005597239999133308,0.0005588959999537716,0.0005407789999480883,0.0005761849999998958,1.4466291804672924e-05,,16892,262144,3,0,0,,,unavailable,3.469446951953614e-18,4.440892098500626e-16,3.469446951953614e-18,4.440892098500626e-16,3.469446951953614e-18,4.440892098500626e-16,False,False,,False,
research_benchmark_pack_v1,research_cpu_tn,quest_bb84_14q_research_tn,bb84,14,14,14,n_qubits,,quimb_tn_sliced_exact,explicit_slicing_evidence,quimb,tensor_network,slicing,,,,cpu,,not_applicable,not_applicable,,,False,,full_dump,full_statevector,False,end_to_end_and_compute,3,0.004272522999826833,0.004326538999976037,0.004233950000070763,0.004473144000030516,0.00010485462510312594,,,,,,0.004272522999826833,0.004326538999976037,0.004233950000070763,0.004473144000030516,0.00010485462510312594,total_wall,0.0013976069999444007,0.0013974266666991753,0.0013771380001799116,0.0014175349999732134,1.6492499065423784e-05,0.0017019859999436449,0.0016911550000410596,0.0016286460001992964,0.0017428329999802372,4.724158231128235e-05,,17152,131072,3,0,0,2,1.0129931490668556,inflation,3.469446951953614e-18,4.440892098500626e-16,3.469446951953614e-18,4.440892098500626e-16,3.469446951953614e-18,4.440892098500626e-16,False,False,,False,
research_benchmark_pack_v1,research_cpu_tn,quest_bb84_16q_research_tn,bb84,16,16,16,n_qubits,,quest_cpu_full_state_exact,serious_full_state_baseline,quest,full_state,not_applicable,,,,cpu,,not_applicable,not_applicable,,,False,,full_dump,full_statevector,False,end_to_end_and_compute,3,0.09348122599999442,0.0941463903333594,0.092883509000103,0.09607443599998078,0.0013849997526890038,,,,,,0.09348122599999442,0.0941463903333594,0.092883509000103,0.09607443599998078,0.0013849997526890038,total_wall,0.000961448,0.0009497426666666666,0.000892487,0.000995293,4.277872937440859e-05,0.0,0.0,0.0,0.0,0.0,,0,1048576,3,0,0,,,unavailable,0.0,0.0,0.0,0.0,0.0,0.0,False,False,,False,
research_benchmark_pack_v1,research_cpu_tn,quest_bb84_16q_research_tn,bb84,16,16,16,n_qubits,,quimb_tn_exact,serious_external_tn_baseline,quimb,tensor_network,sequential,,,,cpu,,not_applicable,not_applicable,,,False,,full_dump,full_statevector,False,end_to_end_and_compute,3,0.002554757000098107,0.0025457433334092152,0.002526553000052445,0.0025559200000770943,1.3577918667104604e-05,,,,,,0.002554757000098107,0.0025457433334092152,0.002526553000052445,0.0025559200000770943,1.3577918667104604e-05,total_wall,0.0010168429998884676,0.001017093666708509,0.0010150200000680343,0.0010194180001690256,1.8042037233605799e-06,0.0006835500000761385,0.0006439613334047559,0.0005521699999917473,0.000696164000146382,6.511023942385003e-05,,66272,1048576,3,0,0,,,unavailable,2.168404344971009e-18,5.551115123125783e-16,2.168404344971009e-18,5.551115123125783e-16,2.168404344971009e-18,5.551115123125783e-16,False,False,,False,
research_benchmark_pack_v1,research_cpu_tn,quest_bb84_16q_research_tn,bb84,16,16,16,n_qubits,,quimb_tn_sliced_exact,explicit_slicing_evidence,quimb,tensor_network,slicing,,,,cpu,,not_applicable,not_applicable,,,False,,full_dump,full_statevector,False,end_to_end_and_compute,3,0.006056103999981133,0.006009462333243694,0.005891340999824024,0.006080941999925926,8.413765949103917e-05,,,,,,0.006056103999981133,0.006009462333243694,0.005891340999824024,0.006080941999925926,8.413765949103917e-05,total_wall,0.002400052999973923,0.0024216236666537347,0.0023824289999083703,0.0024823890000789106,4.3565817290487885e-05,0.0020595359999333596,0.00211357533332072,0.0020327150000412075,0.002248474999987593,9.601486537312433e-05,,66832,524288,3,0,0,2,1.0084500241429262,inflation,2.168404344971009e-18,5.551115123125783e-16,2.168404344971009e-18,5.551115123125783e-16,2.168404344971009e-18,5.551115123125783e-16,False,False,,False,
research_benchmark_pack_v1,research_cpu_tn,quest_bb84_4q_research_tn,bb84,4,4,4,n_qubits,,quest_cpu_full_state_exact,serious_full_state_baseline,quest,full_state,not_applicable,,,,cpu,,not_applicable,not_applicable,,,False,,full_dump,full_statevector,False,end_to_end_and_compute,3,0.004890636000027371,0.006727478333308075,0.004840400999910344,0.010451397999986511,0.0026332887108094843,,,,,,0.004890636000027371,0.006727478333308075,0.004840400999910344,0.010451397999986511,0.0026332887108094843,total_wall,8.1044e-05,8.215266666666666e-05,8.0823e-05,8.4591e-05,1.7265210363296752e-06,0.0,0.0,0.0,0.0,0.0,,0,256,3,0,0,,,unavailable,0.0,0.0,0.0,0.0,0.0,0.0,False,False,,False,
research_benchmark_pack_v1,research_cpu_tn,quest_bb84_4q_research_tn,bb84,4,4,4,n_qubits,,quimb_tn_exact,serious_external_tn_baseline,quimb,tensor_network,sequential,,,,cpu,,not_applicable,not_applicable,,,False,,full_dump,full_statevector,False,end_to_end_and_compute,3,0.0006801330000598682,0.000677307666668033,0.000653883000040878,0.0006979069999033527,1.808341823428411e-05,,,,,,0.0006801330000598682,0.000677307666668033,0.000653883000040878,0.0006979069999033527,1.808341823428411e-05,total_wall,0.00025577600013093615,0.00025895866663934913,0.0002544529997976497,0.0002666469999894616,5.463236815131223e-06,0.00016467299997202645,0.00016808933332868037,0.00016374100005123182,0.00017585399996278284,5.503616502939887e-06,,56,256,3,0,0,,,unavailable,2.7755575615628914e-17,1.1102230246251565e-16,2.7755575615628914e-17,1.1102230246251565e-16,2.7755575615628914e-17,1.1102230246251565e-16,False,False,,False,
research_benchmark_pack_v1,research_cpu_tn,quest_bb84_4q_research_tn,bb84,4,4,4,n_qubits,,quimb_tn_sliced_exact,explicit_slicing_evidence,quimb,tensor_network,slicing,,,,cpu,,not_applicable,not_applicable,,,False,,full_dump,full_statevector,False,end_to_end_and_compute,3,0.001453393000019787,0.0014471343333752884,0.0014091190000726783,0.0014788910000334,2.8826043499527214e-05,,,,,,0.001453393000019787,0.0014471343333752884,0.0014091190000726783,0.0014788910000334,2.8826043499527214e-05,total_wall,0.00039812700015318114,0.0003997766666543612,0.00039664399992034305,0.00040455899988955935,3.4353899149888045e-06,0.0005900019998534844,0.0005955486666001283,0.000567949000014778,0.0006286949999321223,2.5107678247742487e-05,,112,128,3,0,0,2,1.5555555555555556,inflation,2.7755575615628914e-17,1.1102230246251565e-16,2.7755575615628914e-17,1.1102230246251565e-16,2.7755575615628914e-17,1.1102230246251565e-16,False,False,,False,
research_benchmark_pack_v1,research_cpu_tn,quest_bb84_6q_research_tn,bb84,6,6,6,n_qubits,,quest_cpu_full_state_exact,serious_full_state_baseline,quest,full_state,not_applicable,,,,cpu,,not_applicable,not_applicable,,,False,,full_dump,full_statevector,False,end_to_end_and_compute,3,0.005085086000008232,0.006808124999982586,0.004837024999915229,0.010502264000024297,0.002614113078230507,,,,,,0.005085086000008232,0.006808124999982586,0.004837024999915229,0.010502264000024297,0.002614113078230507,total_wall,0.000110831,0.000110203,0.000107464,0.000112314,2.0291891648307852e-06,0.0,0.0,0.0,0.0,0.0,,0,1024,3,0,0,,,unavailable,0.0,0.0,0.0,0.0,0.0,0.0,False,False,,False,
research_benchmark_pack_v1,research_cpu_tn,quest_bb84_6q_research_tn,bb84,6,6,6,n_qubits,,quimb_tn_exact,serious_external_tn_baseline,quimb,tensor_network,sequential,,,,cpu,,not_applicable,not_applicable,,,False,,full_dump,full_statevector,False,end_to_end_and_compute,3,0.0008914039999581291,0.0008908499999809768,0.0008683809999183723,0.0009127650000664289,1.8123926253559352e-05,,,,,,0.0008914039999581291,0.0008908499999809768,0.0008683809999183723,0.0009127650000664289,1.8123926253559352e-05,total_wall,0.00036677799994322413,0.0003630736666764278,0.0003495739999834768,0.0003728690001025825,9.864272953472168e-06,0.00021954799990453466,0.00022219299997535322,0.00021702300000470132,0.00023000800001682364,5.621362548924521e-06,,140,1024,3,0,0,,,unavailable,2.7755575615628914e-17,2.220446049250313e-16,2.7755575615628914e-17,2.220446049250313e-16,2.7755575615628914e-17,2.220446049250313e-16,False,False,,False,
research_benchmark_pack_v1,research_cpu_tn,quest_bb84_6q_research_tn,bb84,6,6,6,n_qubits,,quimb_tn_sliced_exact,explicit_slicing_evidence,quimb,tensor_network,slicing,,,,cpu,,not_applicable,not_applicable,,,False,,full_dump,full_statevector,False,end_to_end_and_compute,3,0.0019593550000536197,0.001952698666627839,0.0019264819998170424,0.001972259000012855,1.9271974777523062e-05,,,,,,0.0019593550000536197,0.001952698666627839,0.0019264819998170424,0.001972259000012855,1.9271974777523062e-05,total_wall,0.0005574090000664,0.0005587816666926907,0.0005513680000603927,0.0005675679999512795,6.6844675363304005e-06,0.0008034170000428276,0.0008037913333585797,0.0007894810000834696,0.0008184759999494418,1.184011819705624e-05,,232,512,3,0,0,2,1.4146341463414633,inflation,2.7755575615628914e-17,2.220446049250313e-16,2.7755575615628914e-17,2.220446049250313e-16,2.7755575615628914e-17,2.220446049250313e-16,False,False,,False,
research_benchmark_pack_v1,research_cpu_tn,quest_bb84_8q_research_tn,bb84,8,8,8,n_qubits,,quest_cpu_full_state_exact,serious_full_state_baseline,quest,full_state,not_applicable,,,,cpu,,not_applicable,not_applicable,,,False,,full_dump,full_statevector,False,end_to_end_and_compute,3,0.005639771999994991,0.012590268333269705,0.005322317999798543,0.02680871500001558,0.01005479532269331,,,,,,0.005639771999994991,0.012590268333269705,0.005322317999798543,0.02680871500001558,0.01005479532269331,total_wall,0.000212063,0.0015101239999999998,0.000207114,0.004111195,0.0018392360521751053,0.0,0.0,0.0,0.0,0.0,,0,4096,3,0,0,,,unavailable,0.0,0.0,0.0,0.0,0.0,0.0,False,False,,False,
research_benchmark_pack_v1,research_cpu_tn,quest_bb84_8q_research_tn,bb84,8,8,8,n_qubits,,quimb_tn_exact,serious_external_tn_baseline,quimb,tensor_network,sequential,,,,cpu,,not_applicable,not_applicable,,,False,,full_dump,full_statevector,False,end_to_end_and_compute,3,0.0012133259999700385,0.0012196916666198376,0.0011848019998978998,0.0012609469999915746,3.1410258873375596e-05,,,,,,0.0012133259999700385,0.0012196916666198376,0.0011848019998978998,0.0012609469999915746,3.1410258873375596e-05,total_wall,0.0004624589998911688,0.00047242466659251175,0.00045860199998060125,0.0004962129999057652,1.6894431300369596e-05,0.00033866399985527096,0.00032400599995222973,0.00028563299997586,0.00034772100002555817,2.7384577878932732e-05,,368,4096,3,0,0,,,unavailable,1.3877787807814457e-17,2.220446049250313e-16,1.3877787807814457e-17,2.220446049250313e-16,1.3877787807814457e-17,2.220446049250313e-16,False,False,,False,
research_benchmark_pack_v1,research_cpu_tn,quest_bb84_8q_research_tn,bb84,8,8,8,n_qubits,,quimb_tn_sliced_exact,explicit_slicing_evidence,quimb,tensor_network,slicing,,,,cpu,,not_applicable,not_applicable,,,False,,full_dump,full_statevector,False,end_to_end_and_compute,3,0.0024824689999149996,0.002458009666649256,0.0023911860000680463,0.0025003739999647223,4.7813520181448423e-05,,,,,,0.0024824689999149996,0.002458009666649256,0.0023911860000680463,0.0025003739999647223,4.7813520181448423e-05,total_wall,0.0007019649999620015,0.0007008623333604191,0.000695462000066982,0.000705160000052274,4.0352369739884e-06,0.0010441950000767974,0.001019351333297891,0.0009611069999664323,0.001052751999850443,4.1332854851002726e-05,,512,2048,3,0,0,2,1.3473684210526315,inflation,1.3877787807814457e-17,2.220446049250313e-16,1.3877787807814457e-17,2.220446049250313e-16,1.3877787807814457e-17,2.220446049250313e-16,False,False,,False,
research_benchmark_pack_v1,research_cpu_tn,quest_bv_10q_research_tn,bv,10,10,10,n_qubits,,quest_cpu_full_state_exact,serious_full_state_baseline,quest,full_state,not_applicable,,,,cpu,,not_applicable,not_applicable,,,False,,full_dump,full_statevector,False,end_to_end_and_compute,3,0.006868070999871634,0.00732964766658976,0.006820870999945328,0.008300000999952317,0.000686413943950311,,,,,,0.006868070999871634,0.00732964766658976,0.006820870999945328,0.008300000999952317,0.000686413943950311,total_wall,0.000316371,0.0007611326666666666,0.00028982,0.001677207,0.0006478530579508151,0.0,0.0,0.0,0.0,0.0,,0,16384,3,0,0,,,unavailable,0.0,0.0,0.0,0.0,0.0,0.0,False,False,,False,
research_benchmark_pack_v1,research_cpu_tn,quest_bv_10q_research_tn,bv,10,10,10,n_qubits,,quimb_tn_exact,serious_external_tn_baseline,quimb,tensor_network,sequential,,,,cpu,,not_applicable,not_applicable,,,False,,full_dump,full_statevector,False,end_to_end_and_compute,3,0.0020643820000714186,0.0020704839999628652,0.002000130999931571,0.002146938999885606,6.008922817850355e-05,,,,,,0.0020643820000714186,0.0020704839999628652,0.002000130999931571,0.002146938999885606,6.008922817850355e-05,total_wall,0.0007984179999311891,0.0007859503333141523,0.0007609859999320179,0.0007984470000792498,1.765245339252516e-05,0.0005560559998230019,0.0006112813332492806,0.0005395449998104596,0.0007382430001143803,9.002815085748441e-05,,2888,16384,3,0,0,,,unavailable,3.3306690738754696e-16,4.7403334569926e-16,3.3306690738754696e-16,4.7403334569926e-16,3.3306690738754696e-16,4.7403334569926e-16,False,False,,False,
research_benchmark_pack_v1,research_cpu_tn,quest_bv_10q_research_tn,bv,10,10,10,n_qubits,,quimb_tn_sliced_exact,explicit_slicing_evidence,quimb,tensor_network,slicing,,,,cpu,,not_applicable,not_applicable,,,False,,full_dump,full_statevector,False,end_to_end_and_compute,3,0.0053598949998558965,0.0050545410000116435,0.004330407999987074,0.005473320000191961,0.0005141288807090736,,,,,,0.0053598949998558965,0.0050545410000116435,0.004330407999987074,0.005473320000191961,0.0005141288807090736,total_wall,0.0015809040000931418,0.0015183519999482087,0.0012085669998214144,0.00176558499993007,0.00023166330115472947,0.0024104809999698773,0.0021577069999996943,0.0016274320000775333,0.002435207999951672,0.00037509690995693424,,63936,32768,3,0,0,2,22.138504155124654,inflation,3.3306690738754696e-16,4.734589207382475e-16,3.3306690738754696e-16,4.734589207382475e-16,3.3306690738754696e-16,4.734589207382475e-16,False,False,,False,
research_benchmark_pack_v1,research_cpu_tn,quest_bv_12q_research_tn,bv,12,12,12,n_qubits,,quest_cpu_full_state_exact,serious_full_state_baseline,quest,full_state,not_applicable,,,,cpu,,not_applicable,not_applicable,,,False,,full_dump,full_statevector,False,end_to_end_and_compute,3,0.07897064299982048,0.06426760366662165,0.011832344999902489,0.10199982300014199,0.03825073460258519,,,,,,0.07897064299982048,0.06426760366662165,0.011832344999902489,0.10199982300014199,0.03825073460258519,total_wall,0.002268561,0.024623961333333333,0.000402615,0.071200708,0.03294354196861516,0.0,0.0,0.0,0.0,0.0,,0,65536,3,0,0,,,unavailable,0.0,0.0,0.0,0.0,0.0,0.0,False,False,,False,
research_benchmark_pack_v1,research_cpu_tn,quest_bv_12q_research_tn,bv,12,12,12,n_qubits,,quimb_tn_exact,serious_external_tn_baseline,quimb,tensor_network,sequential,,,,cpu,,not_applicable,not_applicable,,,False,,full_dump,full_statevector,False,end_to_end_and_compute,3,0.0025193579999722715,0.0025262340000153927,0.0024327930000254128,0.0026265510000484937,7.9250657939144e-05,,,,,,0.0025193579999722715,0.0025262340000153927,0.0024327930000254128,0.0026265510000484937,7.9250657939144e-05,total_wall,0.0009509869998964859,0.0009566009999465072,0.0009436230000119394,0.000975192999931096,1.3485893151613761e-05,0.0008375909999358555,0.000808843333288678,0.0007348359999923559,0.0008541029999378225,5.276346951089621e-05,,10032,65536,3,0,0,,,unavailable,4.440892098500626e-16,6.307259302265434e-16,4.440892098500626e-16,6.307259302265434e-16,4.440892098500626e-16,6.307259302265434e-16,False,False,,False,
research_benchmark_pack_v1,research_cpu_tn,quest_bv_12q_research_tn,bv,12,12,12,n_qubits,,quimb_tn_sliced_exact,explicit_slicing_evidence,quimb,tensor_network,slicing,,,,cpu,,not_applicable,not_applicable,,,False,,full_dump,full_statevector,False,end_to_end_and_compute,3,0.006126451000000088,0.006058218333312955,0.005424757999890062,0.006623446000048716,0.0004917350255530692,,,,,,0.006126451000000088,0.006058218333312955,0.005424757999890062,0.006623446000048716,0.0004917350255530692,total_wall,0.0019364899999345653,0.0018771799999891907,0.0014528799999879993,0.0022421700000450073,0.00032494402914721396,0.002537741999958598,0.00247344366660703,0.0020511179998266016,0.00283147100003589,0.00032180574677668664,,46144,65536,3,0,0,2,4.43010752688172,inflation,4.440892098500626e-16,6.298624235844861e-16,4.440892098500626e-16,6.298624235844861e-16,4.440892098500626e-16,6.298624235844861e-16,False,False,,False,
research_benchmark_pack_v1,research_cpu_tn,quest_bv_14q_research_tn,bv,14,14,14,n_qubits,,quest_cpu_full_state_exact,serious_full_state_baseline,quest,full_state,not_applicable,,,,cpu,,not_applicable,not_applicable,,,False,,full_dump,full_statevector,False,end_to_end_and_compute,3,0.08164534999991702,0.07415259866669051,0.026889889000131006,0.11392255700002352,0.035923783363310105,,,,,,0.08164534999991702,0.07415259866669051,0.026889889000131006,0.11392255700002352,0.035923783363310105,total_wall,0.050229621,0.03704870366666667,0.000580563,0.060335927,0.02611485296409241,0.0,0.0,0.0,0.0,0.0,,0,262144,3,0,0,,,unavailable,0.0,0.0,0.0,0.0,0.0,0.0,False,False,,False,
research_benchmark_pack_v1,research_cpu_tn,quest_bv_14q_research_tn,bv,14,14,14,n_qubits,,quimb_tn_exact,serious_external_tn_baseline,quimb,tensor_network,sequential,,,,cpu,,not_applicable,not_applicable,,,False,,full_dump,full_statevector,False,end_to_end_and_compute,3,0.0031077559999630466,0.003150717666737061,0.0029760960001112835,0.003368301000136853,0.00016297334980555425,,,,,,0.0031077559999630466,0.003150717666737061,0.0029760960001112835,0.003368301000136853,0.00016297334980555425,total_wall,0.001258882000001904,0.001266242999993968,0.001184560999945461,0.001355286000034539,6.989227260346836e-05,0.0008172830000603426,0.0008472300000145575,0.0007913639999514999,0.0009330430000318302,6.159465274753359e-05,,34968,262144,3,0,0,,,unavailable,5.551115123125783e-16,7.869883184960574e-16,5.551115123125783e-16,7.869883184960574e-16,5.551115123125783e-16,7.869883184960574e-16,False,False,,False,
research_benchmark_pack_v1,research_cpu_tn,quest_bv_14q_research_tn,bv,14,14,14,n_qubits,,quimb_tn_sliced_exact,explicit_slicing_evidence,quimb,tensor_network,slicing,,,,cpu,,not_applicable,not_applicable,,,False,,full_dump,full_statevector,False,end_to_end_and_compute,3,0.009299030999954994,0.00859358033327832,0.006134857999995802,0.010346851999884166,0.0017904317628456394,,,,,,0.009299030999954994,0.00859358033327832,0.006134857999995802,0.010346851999884166,0.0017904317628456394,total_wall,0.0034630200000265177,0.0031756213333361907,0.0020099500000014814,0.004053893999980573,0.0008588268214931987,0.003860466000105589,0.0033865523333436918,0.002389089999951466,0.00391010099997402,0.0007056034005044583,,35704,262144,3,0,0,2,1.0208142726440987,inflation,4.440892098500626e-16,6.29875085555683e-16,4.440892098500626e-16,6.29875085555683e-16,4.440892098500626e-16,6.29875085555683e-16,False,False,,False,
research_benchmark_pack_v1,research_cpu_tn,quest_bv_16q_research_tn,bv,16,16,16,n_qubits,,quest_cpu_full_state_exact,serious_full_state_baseline,quest,full_state,not_applicable,,,,cpu,,not_applicable,not_applicable,,,False,,full_dump,full_statevector,False,end_to_end_and_compute,3,0.08968249899999137,0.10301248099995064,0.08684948499990242,0.13250545899995814,0.020886731123895694,,,,,,0.08968249899999137,0.10301248099995064,0.08684948499990242,0.13250545899995814,0.020886731123895694,total_wall,0.001285443,0.010476015333333333,0.00123109,0.028911513,0.013035884300023694,0.0,0.0,0.0,0.0,0.0,,0,1048576,3,0,0,,,unavailable,0.0,0.0,0.0,0.0,0.0,0.0,False,False,,False,
research_benchmark_pack_v1,research_cpu_tn,quest_bv_16q_research_tn,bv,16,16,16,n_qubits,,quimb_tn_exact,serious_external_tn_baseline,quimb,tensor_network,sequential,,,,cpu,,not_applicable,not_applicable,,,False,,full_dump,full_statevector,False,end_to_end_and_compute,3,0.003569963999780157,0.003640715666582158,0.003480534999880547,0.00387164800008577,0.00016732541846917892,,,,,,0.003569963999780157,0.003640715666582158,0.003480534999880547,0.00387164800008577,0.00016732541846917892,total_wall,0.0014163510002163093,0.0015321480000238807,0.0014054409998607298,0.001774651999994603,0.00017153405789772434,0.000975043000153164,0.000970187333374876,0.0009474910000335512,0.0009880279999379127,1.6901582079948955e-05,,134272,1048576,3,0,0,,,unavailable,6.661338147750939e-16,9.436909857328742e-16,6.661338147750939e-16,9.436909857328742e-16,6.661338147750939e-16,9.436909857328742e-16,False,False,,False,
research_benchmark_pack_v1,research_cpu_tn,quest_bv_16q_research_tn,bv,16,16,16,n_qubits,,quimb_tn_sliced_exact,explicit_slicing_evidence,quimb,tensor_network,slicing,,,,cpu,,not_applicable,not_applicable,,,False,,full_dump,full_statevector,False,end_to_end_and_compute,3,0.008818879000045854,0.01115507533336313,0.008518007000020589,0.016128340000022945,0.00351877365698004,,,,,,0.008818879000045854,0.01115507533336313,0.008518007000020589,0.016128340000022945,0.00351877365698004,total_wall,0.0034793920001447987,0.0049853740000192675,0.0030670280000322236,0.008409701999880781,0.0024272107043715667,0.003118657000186431,0.0037101776667896047,0.0028177650001453003,0.005194111000037083,0.0010564650497656217,,1925408,1048576,3,0,0,2,0.5496492125552673,reduction,5.551115123125783e-16,7.870261730396545e-16,5.551115123125783e-16,7.870261730396545e-16,5.551115123125783e-16,7.870261730396545e-16,False,False,,False,
research_benchmark_pack_v1,research_cpu_tn,quest_bv_4q_research_tn,bv,4,4,4,n_qubits,,quest_cpu_full_state_exact,serious_full_state_baseline,quest,full_state,not_applicable,,,,cpu,,not_applicable,not_applicable,,,False,,full_dump,full_statevector,False,end_to_end_and_compute,3,0.004826841000067361,0.006709508000009616,0.0048006909999003256,0.01050099200006116,0.0026810053024456243,,,,,,0.004826841000067361,0.006709508000009616,0.0048006909999003256,0.01050099200006116,0.0026810053024456243,total_wall,0.000111321,0.000111475,0.000109568,0.000113536,1.6235851276316458e-06,0.0,0.0,0.0,0.0,0.0,,0,256,3,0,0,,,unavailable,0.0,0.0,0.0,0.0,0.0,0.0,False,False,,False,
research_benchmark_pack_v1,research_cpu_tn,quest_bv_4q_research_tn,bv,4,4,4,n_qubits,,quimb_tn_exact,serious_external_tn_baseline,quimb,tensor_network,sequential,,,,cpu,,not_applicable,not_applicable,,,False,,full_dump,full_statevector,False,end_to_end_and_compute,3,0.0008615069998541003,0.0008600309998503993,0.0008303979998345312,0.0008881879998625664,2.3615742741065324e-05,,,,,,0.0008615069998541003,0.0008600309998503993,0.0008303979998345312,0.0008881879998625664,2.3615742741065324e-05,total_wall,0.0003396249999241263,0.0003366396667085307,0.0003272320000178297,0.000343062000183636,6.798597263085997e-06,0.000245686999960526,0.0002458433333837699,0.0002350060001390375,0.00025683700005174614,8.913153927448601e-06,,176,256,3,0,0,,,unavailable,2.2993471702930907e-17,5.63222730873045e-17,2.2993471702930907e-17,5.63222730873045e-17,2.2993471702930907e-17,5.63222730873045e-17,False,False,,False,
research_benchmark_pack_v1,research_cpu_tn,quest_bv_4q_research_tn,bv,4,4,4,n_qubits,,quimb_tn_sliced_exact,explicit_slicing_evidence,quimb,tensor_network,slicing,,,,cpu,,not_applicable,not_applicable,,,False,,full_dump,full_statevector,False,end_to_end_and_compute,3,0.0023631699998531985,0.002293757999950685,0.0021225020000201766,0.0023956019999786804,0.00012181795650938486,,,,,,0.0023631699998531985,0.002293757999950685,0.0021225020000201766,0.0023956019999786804,0.00012181795650938486,total_wall,0.0007254990000546968,0.0007203319999765275,0.0006423499999073101,0.0007931469999675755,6.16709398023076e-05,0.0008874560001004284,0.0008714390000174413,0.0008383029999095015,0.0008885580000423943,2.3435009115040772e-05,,1344,1024,3,0,0,2,0.7924528301886793,reduction,1.6698892489389224e-17,2.3623998678172942e-17,1.6698892489389224e-17,2.3623998678172942e-17,1.6698892489389224e-17,2.3623998678172942e-17,False,False,,False,
research_benchmark_pack_v1,research_cpu_tn,quest_bv_6q_research_tn,bv,6,6,6,n_qubits,,quest_cpu_full_state_exact,serious_full_state_baseline,quest,full_state,not_applicable,,,,cpu,,not_applicable,not_applicable,,,False,,full_dump,full_statevector,False,end_to_end_and_compute,3,0.00500693300000421,0.005087709999922178,0.004998166999939713,0.005258029999822611,0.00012048758570587355,,,,,,0.00500693300000421,0.005087709999922178,0.004998166999939713,0.005258029999822611,0.00012048758570587355,total_wall,0.000159614,0.000159497,0.00015753,0.000161347,1.5604783454654785e-06,0.0,0.0,0.0,0.0,0.0,,0,1024,3,0,0,,,unavailable,0.0,0.0,0.0,0.0,0.0,0.0,False,False,,False,
research_benchmark_pack_v1,research_cpu_tn,quest_bv_6q_research_tn,bv,6,6,6,n_qubits,,quimb_tn_exact,serious_external_tn_baseline,quimb,tensor_network,sequential,,,,cpu,,not_applicable,not_applicable,,,False,,full_dump,full_statevector,False,end_to_end_and_compute,3,0.0012339940001311334,0.0012548873333647255,0.0012215809999815974,0.0013090869999814458,3.8658535402511166e-05,,,,,,0.0012339940001311334,0.0012548873333647255,0.0012215809999815974,0.0013090869999814458,3.8658535402511166e-05,total_wall,0.0004858129998410732,0.0004892959999172793,0.0004812739998669713,0.0005008010000437935,8.343636342528451e-06,0.00035511500004759,0.0003736599999986841,0.00035470399984660617,0.0004111610001018562,2.6517742322765537e-05,,440,1024,3,0,0,,,unavailable,1.1102230246251565e-16,1.6734850702435377e-16,1.1102230246251565e-16,1.6734850702435377e-16,1.1102230246251565e-16,1.6734850702435377e-16,False,False,,False,
research_benchmark_pack_v1,research_cpu_tn,quest_bv_6q_research_tn,bv,6,6,6,n_qubits,,quimb_tn_sliced_exact,explicit_slicing_evidence,quimb,tensor_network,slicing,,,,cpu,,not_applicable,not_applicable,,,False,,full_dump,full_statevector,False,end_to_end_and_compute,3,0.002951027000108297,0.002926784333340038,0.0028046489999269397,0.0030246769999848766,9.144710810591194e-05,,,,,,0.002951027000108297,0.002926784333340038,0.0028046489999269397,0.0030246769999848766,9.144710810591194e-05,total_wall,0.0007978569999522733,0.0008420133332644278,0.0007914129998880526,0.0009367699999529577,6.705470749394495e-05,0.0011766559998704906,0.001177898333404907,0.0011226430001443077,0.0012343960001999221,4.563142776505091e-05,,880,1024,3,0,0,2,0.5034324942791762,reduction,1.6698892489389218e-17,3.3257564800457786e-17,1.6698892489389218e-17,3.3257564800457786e-17,1.6698892489389218e-17,3.3257564800457786e-17,False,False,,False,
research_benchmark_pack_v1,research_cpu_tn,quest_bv_8q_research_tn,bv,8,8,8,n_qubits,,quest_cpu_full_state_exact,serious_full_state_baseline,quest,full_state,not_applicable,,,,cpu,,not_applicable,not_applicable,,,False,,full_dump,full_statevector,False,end_to_end_and_compute,3,0.005514659000027677,0.0055084133333214895,0.005452190000141854,0.005558390999794938,4.3580724686357485e-05,,,,,,0.005514659000027677,0.0055084133333214895,0.005452190000141854,0.005558390999794938,4.3580724686357485e-05,total_wall,0.000260405,0.000251725,0.000220529,0.000274241,2.2770617558599508e-05,0.0,0.0,0.0,0.0,0.0,,0,4096,3,0,0,,,unavailable,0.0,0.0,0.0,0.0,0.0,0.0,False,False,,False,
research_benchmark_pack_v1,research_cpu_tn,quest_bv_8q_research_tn,bv,8,8,8,n_qubits,,quimb_tn_exact,serious_external_tn_baseline,quimb,tensor_network,sequential,,,,cpu,,not_applicable,not_applicable,,,False,,full_dump,full_statevector,False,end_to_end_and_compute,3,0.0016518289999112312,0.0016553283332996216,0.0016482609999002307,0.0016658950000874029,7.612423673295519e-06,,,,,,0.0016518289999112312,0.0016553283332996216,0.0016482609999002307,0.0016658950000874029,7.612423673295519e-06,total_wall,0.0006344050000279822,0.0006353736666824261,0.0006321509999906993,0.0006395650000285968,3.103287016058912e-06,0.0004976259999693866,0.0004989613332782028,0.0004933569998684106,0.0005059009999968112,5.207387130449301e-06,,992,4096,3,0,0,,,unavailable,2.220446049250313e-16,3.182242531999225e-16,2.220446049250313e-16,3.182242531999225e-16,2.220446049250313e-16,3.182242531999225e-16,False,False,,False,
research_benchmark_pack_v1,research_cpu_tn,quest_bv_8q_research_tn,bv,8,8,8,n_qubits,,quimb_tn_sliced_exact,explicit_slicing_evidence,quimb,tensor_network,slicing,,,,cpu,,not_applicable,not_applicable,,,False,,full_dump,full_statevector,False,end_to_end_and_compute,3,0.0037868360000175016,0.003798798333339922,0.0036187160001190932,0.003990842999883171,0.00015215551047583072,,,,,,0.0037868360000175016,0.003798798333339922,0.0036187160001190932,0.003990842999883171,0.00015215551047583072,total_wall,0.0010727579999638692,0.0011112913333211811,0.0009711850000257982,0.0012899309999738762,0.00013294953041272046,0.001430298000059338,0.0014897410000382176,0.0014066630001252634,0.0016322619999300514,0.00010123843098710753,,1760,4096,3,0,0,2,0.07913669064748201,reduction,3.3306690738754696e-16,4.726293146236543e-16,3.3306690738754696e-16,4.726293146236543e-16,3.3306690738754696e-16,4.726293146236543e-16,False,False,,False,
research_benchmark_pack_v1,research_cpu_tn,quest_edc_4q_research_tn,edc,4,4,4,n_qubits,,quest_cpu_full_state_exact,serious_full_state_baseline,quest,full_state,not_applicable,,,,cpu,,not_applicable,not_applicable,,,False,,full_dump,full_statevector,False,end_to_end_and_compute,3,0.004968466000036642,0.0050136126667439385,0.004914695000024949,0.005157677000170224,0.00010420725897535299,,,,,,0.004968466000036642,0.0050136126667439385,0.004914695000024949,0.005157677000170224,0.00010420725897535299,total_wall,0.000140317,0.00014174633333333334,0.000140187,0.000144735,2.1139727739232822e-06,0.0,0.0,0.0,0.0,0.0,,0,256,3,0,0,,,unavailable,0.0,0.0,0.0,0.0,0.0,0.0,False,False,,False,
research_benchmark_pack_v1,research_cpu_tn,quest_edc_4q_research_tn,edc,4,4,4,n_qubits,,quimb_tn_exact,serious_external_tn_baseline,quimb,tensor_network,sequential,,,,cpu,,not_applicable,not_applicable,,,False,,full_dump,full_statevector,False,end_to_end_and_compute,3,0.001044484999965789,0.001106680666680404,0.0010400680000657303,0.001235489000009693,9.109909448262434e-05,,,,,,0.001044484999965789,0.001106680666680404,0.0010400680000657303,0.001235489000009693,9.109909448262434e-05,total_wall,0.00040924799986896687,0.0004161413332894881,0.0004065630000695819,0.00043261299992991553,1.1698693870562409e-05,0.00031891599996924924,0.0003307150000182446,0.00031122100017455523,0.00036200799991092936,2.2349379367561283e-05,,424,256,3,0,0,,,unavailable,0.0,0.0,0.0,0.0,0.0,0.0,False,False,,False,
research_benchmark_pack_v1,research_cpu_tn,quest_edc_4q_research_tn,edc,4,4,4,n_qubits,,quimb_tn_sliced_exact,explicit_slicing_evidence,quimb,tensor_network,slicing,,,,cpu,,not_applicable,not_applicable,,,False,,full_dump,full_statevector,False,end_to_end_and_compute,3,0.0025540659999023774,0.002639544999889646,0.0024961859999166336,0.0028683829998499277,0.00016352909276120417,,,,,,0.0025540659999023774,0.002639544999889646,0.0024961859999166336,0.0028683829998499277,0.00016352909276120417,total_wall,0.000720640000054118,0.0007427386667586688,0.0007079660001636512,0.0007996100000582373,4.054560380410224e-05,0.0010141079999357316,0.0010760459999801242,0.0010104620000674913,0.0012035679999371496,9.018395527490646e-05,,4832,2048,3,0,0,2,2.9607843137254903,inflation,0.0,0.0,0.0,0.0,0.0,0.0,False,False,,False,
research_benchmark_pack_v1,research_cpu_tn,quest_edc_6q_research_tn,edc,6,6,6,n_qubits,,quest_cpu_full_state_exact,serious_full_state_baseline,quest,full_state,not_applicable,,,,cpu,,not_applicable,not_applicable,,,False,,full_dump,full_statevector,False,end_to_end_and_compute,3,0.005212360999848897,0.006962445333329015,0.005005247000099189,0.010669728000038958,0.002622807990225879,,,,,,0.005212360999848897,0.006962445333329015,0.005005247000099189,0.010669728000038958,0.002622807990225879,total_wall,0.000208256,0.000207558,0.000205942,0.000208476,1.146208823324384e-06,0.0,0.0,0.0,0.0,0.0,,0,1024,3,0,0,,,unavailable,0.0,0.0,0.0,0.0,0.0,0.0,False,False,,False,
research_benchmark_pack_v1,research_cpu_tn,quest_edc_6q_research_tn,edc,6,6,6,n_qubits,,quimb_tn_exact,serious_external_tn_baseline,quimb,tensor_network,sequential,,,,cpu,,not_applicable,not_applicable,,,False,,full_dump,full_statevector,False,end_to_end_and_compute,3,0.0016136179999648448,0.0016276846666490503,0.0016000319999420753,0.001669404000040231,3.001690560454262e-05,,,,,,0.0016136179999648448,0.0016276846666490503,0.0016000319999420753,0.001669404000040231,3.001690560454262e-05,total_wall,0.0006726490000801277,0.0006643403334389101,0.0006470810001246718,0.0006732910001119308,1.2207005662028397e-05,0.00048354999989896896,0.0004943903333393488,0.00048211700004685554,0.000517504000072222,1.6354297386778485e-05,,1168,1024,3,0,0,,,unavailable,0.0,0.0,0.0,0.0,0.0,0.0,False,False,,False,
research_benchmark_pack_v1,research_cpu_tn,quest_edc_6q_research_tn,edc,6,6,6,n_qubits,,quimb_tn_sliced_exact,explicit_slicing_evidence,quimb,tensor_network,slicing,,,,cpu,,not_applicable,not_applicable,,,False,,full_dump,full_statevector,False,end_to_end_and_compute,3,0.003449649000003774,0.0039788289999857325,0.0034323469999435474,0.005054491000009875,0.0007606406920149511,,,,,,0.003449649000003774,0.0039788289999857325,0.0034323469999435474,0.005054491000009875,0.0007606406920149511,total_wall,0.0009869359998901928,0.0011894446666550114,0.0009579710001617059,0.0016234269999131357,0.00030709959512340837,0.0013841219999903842,0.0016400656666822517,0.0013722900000630034,0.002163784999993368,0.00037035699365022597,,2008,1024,3,0,0,2,1.2938144329896908,inflation,2.7755575615628914e-17,2.220446049250313e-16,2.7755575615628914e-17,2.220446049250313e-16,2.7755575615628914e-17,2.220446049250313e-16,False,False,,False,
research_benchmark_pack_v1,research_cpu_tn,quest_edc_8q_research_tn,edc,8,8,8,n_qubits,,quest_cpu_full_state_exact,serious_full_state_baseline,quest,full_state,not_applicable,,,,cpu,,not_applicable,not_applicable,,,False,,full_dump,full_statevector,False,end_to_end_and_compute,3,0.08465450799985774,0.09904594299996461,0.016352855000150157,0.19613046599988593,0.07409602960669712,,,,,,0.08465450799985774,0.09904594299996461,0.016352855000150157,0.19613046599988593,0.07409602960669712,total_wall,0.059192773,0.07532088366666667,0.000324928,0.16644495,0.06877040251240503,0.0,0.0,0.0,0.0,0.0,,0,4096,3,0,0,,,unavailable,0.0,0.0,0.0,0.0,0.0,0.0,False,False,,False,
research_benchmark_pack_v1,research_cpu_tn,quest_edc_8q_research_tn,edc,8,8,8,n_qubits,,quimb_tn_exact,serious_external_tn_baseline,quimb,tensor_network,sequential,,,,cpu,,not_applicable,not_applicable,,,False,,full_dump,full_statevector,False,end_to_end_and_compute,3,0.002479946000221389,0.0024950976667241775,0.0023658580003029783,0.002639488999648165,0.00011222198447428562,,,,,,0.002479946000221389,0.0024950976667241775,0.0023658580003029783,0.002639488999648165,0.00011222198447428562,total_wall,0.0009209719996761123,0.000911696999992273,0.0008843109999361332,0.0009298080003645737,1.9697943654906265e-05,0.0007479619998775888,0.0007491976666642586,0.0007442450000780809,0.000755386000037106,4.6314594048030696e-06,,2968,4096,3,0,0,,,unavailable,0.0,0.0,0.0,0.0,0.0,0.0,False,False,,False,
research_benchmark_pack_v1,research_cpu_tn,quest_edc_8q_research_tn,edc,8,8,8,n_qubits,,quimb_tn_sliced_exact,explicit_slicing_evidence,quimb,tensor_network,slicing,,,,cpu,,not_applicable,not_applicable,,,False,,full_dump,full_statevector,False,end_to_end_and_compute,3,0.005424855000001116,0.0057419049999225535,0.0052787780000471685,0.006522081999719376,0.0005548824114097596,,,,,,0.005424855000001116,0.0057419049999225535,0.0052787780000471685,0.006522081999719376,0.0005548824114097596,total_wall,0.0016217739998865,0.0016621906665932329,0.001496875999691838,0.0018679220002013608,0.0001541512543668081,0.0020809359998565924,0.002377250000032897,0.002003059000344365,0.003047754999897734,0.0004751834192506198,,96896,32768,3,0,0,2,19.986798679867988,inflation,0.0,0.0,0.0,0.0,0.0,0.0,False,False,,False,
research_benchmark_pack_v1,research_cpu_tn,quest_qrng_10q_research_tn,qrng,10,10,10,n_qubits,,quest_cpu_full_state_exact,serious_full_state_baseline,quest,full_state,not_applicable,,,,cpu,,not_applicable,not_applicable,,,False,,full_dump,full_statevector,False,end_to_end_and_compute,3,0.006993146000013439,0.013302025999943604,0.006857167999896774,0.0260557639999206,0.009018425480949981,,,,,,0.006993146000013439,0.013302025999943604,0.006857167999896774,0.0260557639999206,0.009018425480949981,total_wall,0.000153382,0.0007961296666666667,0.000128855,0.002106152,0.0009263797920962127,0.0,0.0,0.0,0.0,0.0,,0,16384,3,0,0,,,unavailable,0.0,0.0,0.0,0.0,0.0,0.0,False,False,,False,
research_benchmark_pack_v1,research_cpu_tn,quest_qrng_10q_research_tn,qrng,10,10,10,n_qubits,,quimb_tn_exact,serious_external_tn_baseline,quimb,tensor_network,sequential,,,,cpu,,not_applicable,not_applicable,,,False,,full_dump,full_statevector,False,end_to_end_and_compute,3,0.0010088569999879837,0.0010087566666546384,0.001000170999986949,0.0010172419999889826,6.969567674334491e-06,,,,,,0.0010088569999879837,0.0010087566666546384,0.001000170999986949,0.0010172419999889826,6.969567674334491e-06,total_wall,0.0004201280000870611,0.00042009466665149375,0.0004165309999279998,0.0004236249999394204,2.896209290199153e-06,0.00023454600000150094,0.0002384666666633469,0.00023382399990623526,0.00024703000008230447,6.062360951948653e-06,,1180,16384,3,0,0,,,unavailable,1.0408340855860843e-17,3.3306690738754696e-16,1.0408340855860843e-17,3.3306690738754696e-16,1.0408340855860843e-17,3.3306690738754696e-16,False,False,,False,
research_benchmark_pack_v1,research_cpu_tn,quest_qrng_10q_research_tn,qrng,10,10,10,n_qubits,,quimb_tn_sliced_exact,explicit_slicing_evidence,quimb,tensor_network,slicing,,,,cpu,,not_applicable,not_applicable,,,False,,full_dump,full_statevector,False,end_to_end_and_compute,3,0.002188498000123218,0.002168820333433056,0.0021256980000998738,0.002192265000076077,3.0530851022474314e-05,,,,,,0.002188498000123218,0.002168820333433056,0.0021256980000998738,0.002192265000076077,3.0530851022474314e-05,total_wall,0.0006219019999207376,0.0006220420000317972,0.0006051400000615104,0.0006390840001131437,1.3857933585727312e-05,0.0009251179999409942,0.0009184483333228854,0.0009036060000653379,0.0009266209999623243,1.0513036182508735e-05,,1248,8192,3,0,0,2,1.0612244897959184,inflation,1.0408340855860843e-17,3.3306690738754696e-16,1.0408340855860843e-17,3.3306690738754696e-16,1.0408340855860843e-17,3.3306690738754696e-16,False,False,,False,
research_benchmark_pack_v1,research_cpu_tn,quest_qrng_12q_research_tn,qrng,12,12,12,n_qubits,,quest_cpu_full_state_exact,serious_full_state_baseline,quest,full_state,not_applicable,,,,cpu,,not_applicable,not_applicable,,,False,,full_dump,full_statevector,False,end_to_end_and_compute,3,0.011586113000021214,0.011646751333349433,0.011549823999985165,0.01180431700004192,0.0001123964037713246,,,,,,0.011586113000021214,0.011646751333349433,0.011549823999985165,0.01180431700004192,0.0001123964037713246,total_wall,0.00015763,0.00016561166666666667,0.000157409,0.000181796,1.1444407494007227e-05,0.0,0.0,0.0,0.0,0.0,,0,65536,3,0,0,,,unavailable,0.0,0.0,0.0,0.0,0.0,0.0,False,False,,False,
research_benchmark_pack_v1,research_cpu_tn,quest_qrng_12q_research_tn,qrng,12,12,12,n_qubits,,quimb_tn_exact,serious_external_tn_baseline,quimb,tensor_network,sequential,,,,cpu,,not_applicable,not_applicable,,,False,,full_dump,full_statevector,False,end_to_end_and_compute,3,0.0011385140001038963,0.0011388473333984923,0.0011380920000192418,0.001139936000072339,7.888461459289387e-07,,,,,,0.0011385140001038963,0.0011388473333984923,0.0011380920000192418,0.001139936000072339,7.888461459289387e-07,total_wall,0.0005003600001600716,0.0004929529999723551,0.00047608399995624495,0.0005024149998007488,1.1957651024579466e-05,0.0002616369999941526,0.00026388133331541513,0.0002609549999306182,0.00026905200002147467,3.6667993909793224e-06,,4472,65536,3,0,0,,,unavailable,5.204170427930421e-18,3.3306690738754696e-16,5.204170427930421e-18,3.3306690738754696e-16,5.204170427930421e-18,3.3306690738754696e-16,False,False,,False,
research_benchmark_pack_v1,research_cpu_tn,quest_qrng_12q_research_tn,qrng,12,12,12,n_qubits,,quimb_tn_sliced_exact,explicit_slicing_evidence,quimb,tensor_network,slicing,,,,cpu,,not_applicable,not_applicable,,,False,,full_dump,full_statevector,False,end_to_end_and_compute,3,0.00252147099990907,0.0025284369999099,0.0024934470000061992,0.0025703929998144304,3.179691377718648e-05,,,,,,0.00252147099990907,0.0025284369999099,0.0024934470000061992,0.0025703929998144304,3.179691377718648e-05,total_wall,0.000749534000078711,0.0007579633333231565,0.0007483419999516627,0.0007760139999390958,1.277302209177766e-05,0.001053350999882241,0.001057195333260097,0.0010440239998388279,0.001074211000059222,1.2620034863041954e-05,,4568,32768,3,0,0,2,1.0486685032139578,inflation,5.204170427930421e-18,3.3306690738754696e-16,5.204170427930421e-18,3.3306690738754696e-16,5.204170427930421e-18,3.3306690738754696e-16,False,False,,False,
research_benchmark_pack_v1,research_cpu_tn,quest_qrng_14q_research_tn,qrng,14,14,14,n_qubits,,quest_cpu_full_state_exact,serious_full_state_baseline,quest,full_state,not_applicable,,,,cpu,,not_applicable,not_applicable,,,False,,full_dump,full_statevector,False,end_to_end_and_compute,3,0.02812789199992949,0.028765339666582197,0.02794342099991809,0.030224705999899015,0.0010346722374985008,,,,,,0.02812789199992949,0.028765339666582197,0.02794342099991809,0.030224705999899015,0.0010346722374985008,total_wall,0.000227021,0.00024040999999999998,0.000223715,0.000270494,2.1315373184628963e-05,0.0,0.0,0.0,0.0,0.0,,0,262144,3,0,0,,,unavailable,0.0,0.0,0.0,0.0,0.0,0.0,False,False,,False,
research_benchmark_pack_v1,research_cpu_tn,quest_qrng_14q_research_tn,qrng,14,14,14,n_qubits,,quimb_tn_exact,serious_external_tn_baseline,quimb,tensor_network,sequential,,,,cpu,,not_applicable,not_applicable,,,False,,full_dump,full_statevector,False,end_to_end_and_compute,3,0.001387054999895554,0.0013926529999631991,0.0013744119999046234,0.0014164920000894199,1.7629233438735312e-05,,,,,,0.001387054999895554,0.0013926529999631991,0.0013744119999046234,0.0014164920000894199,1.7629233438735312e-05,total_wall,0.0006022340000981785,0.0006093010000161788,0.0005799020000267774,0.0006457669999235804,2.7349666892940744e-05,0.0003233239999644866,0.00032257933329068084,0.0003124130000742298,0.0003320009998333262,8.014084683933988e-06,,16836,262144,3,0,0,,,unavailable,3.469446951953614e-18,4.440892098500626e-16,3.469446951953614e-18,4.440892098500626e-16,3.469446951953614e-18,4.440892098500626e-16,False,False,,False,
research_benchmark_pack_v1,research_cpu_tn,quest_qrng_14q_research_tn,qrng,14,14,14,n_qubits,,quimb_tn_sliced_exact,explicit_slicing_evidence,quimb,tensor_network,slicing,,,,cpu,,not_applicable,not_applicable,,,False,,full_dump,full_statevector,False,end_to_end_and_compute,3,0.0033164410001518263,0.0033169820001148764,0.0031359980000615906,0.0034985070001312124,0.00014799417396998952,,,,,,0.0033164410001518263,0.0033169820001148764,0.0031359980000615906,0.0034985070001312124,0.00014799417396998952,total_wall,0.0010827769999650627,0.0011506393332941418,0.0010373210000125255,0.0013318199999048375,0.0001294511167662483,0.0012997789999644738,0.0012857559999398898,0.0012114219998693443,0.001346066999985851,5.585578102793322e-05,,17008,131072,3,0,0,2,1.010216203373723,inflation,3.469446951953614e-18,4.440892098500626e-16,3.469446951953614e-18,4.440892098500626e-16,3.469446951953614e-18,4.440892098500626e-16,False,False,,False,
research_benchmark_pack_v1,research_cpu_tn,quest_qrng_16q_research_tn,qrng,16,16,16,n_qubits,,quest_cpu_full_state_exact,serious_full_state_baseline,quest,full_state,not_applicable,,,,cpu,,not_applicable,not_applicable,,,False,,full_dump,full_statevector,False,end_to_end_and_compute,3,0.09214010499999858,0.09232904800001052,0.09184587699996882,0.09300116200006414,0.0004902009457365021,,,,,,0.09214010499999858,0.09232904800001052,0.09184587699996882,0.09300116200006414,0.0004902009457365021,total_wall,0.000499759,0.0005232143333333333,0.000492827,0.000577057,3.817754768912682e-05,0.0,0.0,0.0,0.0,0.0,,0,1048576,3,0,0,,,unavailable,0.0,0.0,0.0,0.0,0.0,0.0,False,False,,False,
research_benchmark_pack_v1,research_cpu_tn,quest_qrng_16q_research_tn,qrng,16,16,16,n_qubits,,quimb_tn_exact,serious_external_tn_baseline,quimb,tensor_network,sequential,,,,cpu,,not_applicable,not_applicable,,,False,,full_dump,full_statevector,False,end_to_end_and_compute,3,0.0017923150001024624,0.0017794673334113516,0.001744324000128472,0.0018017630000031204,2.5147651728731636e-05,,,,,,0.0017923150001024624,0.0017794673334113516,0.001744324000128472,0.0018017630000031204,2.5147651728731636e-05,total_wall,0.0008332429999882152,0.0008332333333479861,0.0008303880001676589,0.0008360689998880844,2.319268496576529e-06,0.00038612399998783076,0.00038270066670520464,0.00037379000013970654,0.0003881879999880766,6.356886448640722e-06,,66208,1048576,3,0,0,,,unavailable,2.168404344971009e-18,5.551115123125783e-16,2.168404344971009e-18,5.551115123125783e-16,2.168404344971009e-18,5.551115123125783e-16,False,False,,False,
research_benchmark_pack_v1,research_cpu_tn,quest_qrng_16q_research_tn,qrng,16,16,16,n_qubits,,quimb_tn_sliced_exact,explicit_slicing_evidence,quimb,tensor_network,slicing,,,,cpu,,not_applicable,not_applicable,,,False,,full_dump,full_statevector,False,end_to_end_and_compute,3,0.004345977999946626,0.00436158066668213,0.004326170000013008,0.004412594000086756,3.696718683852116e-05,,,,,,0.004345977999946626,0.00436158066668213,0.004326170000013008,0.004412594000086756,3.696718683852116e-05,total_wall,0.0019928369999888673,0.0019836490000670892,0.0019326820001879241,0.002025428000024476,3.8416746594355396e-05,0.0014386230000127398,0.0014591656667259183,0.0013933780001025298,0.0015454960000624851,6.377811717049868e-05,,68000,524288,3,0,0,2,1.0270662155630739,inflation,2.168404344971009e-18,5.551115123125783e-16,2.168404344971009e-18,5.551115123125783e-16,2.168404344971009e-18,5.551115123125783e-16,False,False,,False,
research_benchmark_pack_v1,research_cpu_tn,quest_qrng_4q_research_tn,qrng,4,4,4,n_qubits,,quest_cpu_full_state_exact,serious_full_state_baseline,quest,full_state,not_applicable,,,,cpu,,not_applicable,not_applicable,,,False,,full_dump,full_statevector,False,end_to_end_and_compute,3,0.00486579499988693,0.004847974333339759,0.004800350000095932,0.004877778000036415,3.402896717832164e-05,,,,,,0.00486579499988693,0.004847974333339759,0.004800350000095932,0.004877778000036415,3.402896717832164e-05,total_wall,5.257e-05,5.358833333333334e-05,5.2459e-05,5.5736e-05,1.5193056162456451e-06,0.0,0.0,0.0,0.0,0.0,,0,256,3,0,0,,,unavailable,0.0,0.0,0.0,0.0,0.0,0.0,False,False,,False,
research_benchmark_pack_v1,research_cpu_tn,quest_qrng_4q_research_tn,qrng,4,4,4,n_qubits,,quimb_tn_exact,serious_external_tn_baseline,quimb,tensor_network,sequential,,,,cpu,,not_applicable,not_applicable,,,False,,full_dump,full_statevector,False,end_to_end_and_compute,3,0.0005021750000651082,0.0004980766667207112,0.00048823800011632557,0.0005038169999806996,6.989208889180009e-06,,,,,,0.0005021750000651082,0.0004980766667207112,0.00048823800011632557,0.0005038169999806996,6.989208889180009e-06,total_wall,0.00019774600013988675,0.0001968973333532631,0.00019509999992806115,0.00019784599999184138,1.2715621818872627e-06,0.00012360499999886088,0.00012314066672540017,0.00012069900003552902,0.00012511800014181063,1.8336838197939591e-06,,40,256,3,0,0,,,unavailable,2.7755575615628914e-17,1.1102230246251565e-16,2.7755575615628914e-17,1.1102230246251565e-16,2.7755575615628914e-17,1.1102230246251565e-16,False,False,,False,
research_benchmark_pack_v1,research_cpu_tn,quest_qrng_4q_research_tn,qrng,4,4,4,n_qubits,,quimb_tn_sliced_exact,explicit_slicing_evidence,quimb,tensor_network,slicing,,,,cpu,,not_applicable,not_applicable,,,False,,full_dump,full_statevector,False,end_to_end_and_compute,3,0.0011760140000660613,0.001163533666688939,0.0011291650000657683,0.001185421999934988,2.4603950217724903e-05,,,,,,0.0011760140000660613,0.001163533666688939,0.0011291650000657683,0.001185421999934988,2.4603950217724903e-05,total_wall,0.00032504800014976354,0.00032443300005979836,0.0003120429998944019,0.00033620800013522967,9.874900100517294e-06,0.0005001800000172807,0.0004893296666826549,0.00046672700000272016,0.0005010820000279637,1.5986740480535526e-05,,56,128,3,0,0,2,1.4,inflation,2.7755575615628914e-17,1.1102230246251565e-16,2.7755575615628914e-17,1.1102230246251565e-16,2.7755575615628914e-17,1.1102230246251565e-16,False,False,,False,
research_benchmark_pack_v1,research_cpu_tn,quest_qrng_6q_research_tn,qrng,6,6,6,n_qubits,,quest_cpu_full_state_exact,serious_full_state_baseline,quest,full_state,not_applicable,,,,cpu,,not_applicable,not_applicable,,,False,,full_dump,full_statevector,False,end_to_end_and_compute,3,0.004870984000035605,0.0049182303333357895,0.004848911999943084,0.00503479500002868,8.291475316226706e-05,,,,,,0.004870984000035605,0.0049182303333357895,0.004848911999943084,0.00503479500002868,8.291475316226706e-05,total_wall,6.4333e-05,6.573833333333333e-05,6.4202e-05,6.868e-05,2.0807598505246953e-06,0.0,0.0,0.0,0.0,0.0,,0,1024,3,0,0,,,unavailable,0.0,0.0,0.0,0.0,0.0,0.0,False,False,,False,
research_benchmark_pack_v1,research_cpu_tn,quest_qrng_6q_research_tn,qrng,6,6,6,n_qubits,,quimb_tn_exact,serious_external_tn_baseline,quimb,tensor_network,sequential,,,,cpu,,not_applicable,not_applicable,,,False,,full_dump,full_statevector,False,end_to_end_and_compute,3,0.0007142869999370305,0.0006962359999912829,0.0006568979999883595,0.0007175230000484589,2.7847520623959755e-05,,,,,,0.0007142869999370305,0.0006962359999912829,0.0006568979999883595,0.0007175230000484589,2.7847520623959755e-05,total_wall,0.00026763799996842863,0.0002691446666934401,0.00026464300003681274,0.00027515300007507904,4.420977166968261e-06,0.00016395099987676076,0.0001770059999823085,0.00016384099990318646,0.00020322600016697834,1.854039431910067e-05,,116,1024,3,0,0,,,unavailable,2.7755575615628914e-17,2.220446049250313e-16,2.7755575615628914e-17,2.220446049250313e-16,2.7755575615628914e-17,2.220446049250313e-16,False,False,,False,
research_benchmark_pack_v1,research_cpu_tn,quest_qrng_6q_research_tn,qrng,6,6,6,n_qubits,,quimb_tn_sliced_exact,explicit_slicing_evidence,quimb,tensor_network,slicing,,,,cpu,,not_applicable,not_applicable,,,False,,full_dump,full_statevector,False,end_to_end_and_compute,3,0.0014408469999125373,0.0014543029999458668,0.0014342550000492338,0.0014878069998758292,2.3843267729482063e-05,,,,,,0.0014408469999125373,0.0014543029999458668,0.0014342550000492338,0.0014878069998758292,2.3843267729482063e-05,total_wall,0.0004184550000445597,0.0004218813332954596,0.00041274399995927524,0.0004344449998825439,9.184703554537245e-06,0.0005756040000051144,0.0005775406667301771,0.0005716360001315479,0.000585382000053869,5.776454331686324e-06,,144,512,3,0,0,2,1.2413793103448276,inflation,2.7755575615628914e-17,2.220446049250313e-16,2.7755575615628914e-17,2.220446049250313e-16,2.7755575615628914e-17,2.220446049250313e-16,False,False,,False,
research_benchmark_pack_v1,research_cpu_tn,quest_qrng_8q_research_tn,qrng,8,8,8,n_qubits,,quest_cpu_full_state_exact,serious_full_state_baseline,quest,full_state,not_applicable,,,,cpu,,not_applicable,not_applicable,,,False,,full_dump,full_statevector,False,end_to_end_and_compute,3,0.005301613000028738,0.01253270433335274,0.005260723999981565,0.027035776000047917,0.010255233909393244,,,,,,0.005301613000028738,0.01253270433335274,0.005260723999981565,0.027035776000047917,0.010255233909393244,total_wall,0.000141589,0.0017597633333333333,8.7396e-05,0.005050305,0.002326869508640931,0.0,0.0,0.0,0.0,0.0,,0,4096,3,0,0,,,unavailable,0.0,0.0,0.0,0.0,0.0,0.0,False,False,,False,
research_benchmark_pack_v1,research_cpu_tn,quest_qrng_8q_research_tn,qrng,8,8,8,n_qubits,,quimb_tn_exact,serious_external_tn_baseline,quimb,tensor_network,sequential,,,,cpu,,not_applicable,not_applicable,,,False,,full_dump,full_statevector,False,end_to_end_and_compute,3,0.0008706839998922078,0.001005646999980551,0.0008454460000848485,0.0013008109999645967,0.0002089666310259533,,,,,,0.0008706839998922078,0.001005646999980551,0.0008454460000848485,0.0013008109999645967,0.0002089666310259533,total_wall,0.00033710100001371757,0.0004028456666371009,0.0003249179999329499,0.0005465179999646352,0.0001017133583346704,0.00020422700004019134,0.00023497600000155217,0.0001906320001126005,0.00031006899985186465,5.3388044701955954e-05,,336,4096,3,0,0,,,unavailable,1.3877787807814457e-17,2.220446049250313e-16,1.3877787807814457e-17,2.220446049250313e-16,1.3877787807814457e-17,2.220446049250313e-16,False,False,,False,
research_benchmark_pack_v1,research_cpu_tn,quest_qrng_8q_research_tn,qrng,8,8,8,n_qubits,,quimb_tn_sliced_exact,explicit_slicing_evidence,quimb,tensor_network,slicing,,,,cpu,,not_applicable,not_applicable,,,False,,full_dump,full_statevector,False,end_to_end_and_compute,3,0.0019235849999859056,0.0018975620000674098,0.001838453000118534,0.00193064800009779,4.189571894487768e-05,,,,,,0.0019235849999859056,0.0018975620000674098,0.001838453000118534,0.00193064800009779,4.189571894487768e-05,total_wall,0.0005468890001338877,0.0005376580000605221,0.0005136350000611856,0.0005524499999864929,1.7137864055287252e-05,0.0007929370001420466,0.0007951243333081948,0.0007756739998967532,0.0008167619998857845,1.6845261560440006e-05,,392,2048,3,0,0,2,1.1666666666666667,inflation,1.3877787807814457e-17,2.220446049250313e-16,1.3877787807814457e-17,2.220446049250313e-16,1.3877787807814457e-17,2.220446049250313e-16,False,False,,False,
research_benchmark_pack_v1,research_cpu_tn,quest_xor_10q_research_tn,xor,10,10,10,n_qubits,,quest_cpu_full_state_exact,serious_full_state_baseline,quest,full_state,not_applicable,,,,cpu,,not_applicable,not_applicable,,,False,,full_dump,full_statevector,False,end_to_end_and_compute,3,0.0156339239999852,0.021729188666768096,0.006738527000152317,0.04281511500016677,0.015345884115929277,,,,,,0.0156339239999852,0.021729188666768096,0.006738527000152317,0.04281511500016677,0.015345884115929277,total_wall,0.000162488,0.012103567333333334,0.000146709,0.036001505,0.016898395008286524,0.0,0.0,0.0,0.0,0.0,,0,16384,3,0,0,,,unavailable,0.0,0.0,0.0,0.0,0.0,0.0,False,False,,False,
research_benchmark_pack_v1,research_cpu_tn,quest_xor_10q_research_tn,xor,10,10,10,n_qubits,,quimb_tn_exact,serious_external_tn_baseline,quimb,tensor_network,sequential,,,,cpu,,not_applicable,not_applicable,,,False,,full_dump,full_statevector,False,end_to_end_and_compute,3,0.0010964440000407194,0.0010966310000336914,0.0010553259999142028,0.0011381230001461518,3.380199243240321e-05,,,,,,0.0010964440000407194,0.0010966310000336914,0.0010553259999142028,0.0011381230001461518,3.380199243240321e-05,total_wall,0.0004389240000364225,0.00043575433331473806,0.0004201879999072844,0.00044815100000050734,1.163378510770282e-05,0.0003155700001116202,0.0003191130000080496,0.0003071629998885328,0.0003346060000239959,1.148024971587671e-05,,2696,16384,3,0,0,,,unavailable,0.0,0.0,0.0,0.0,0.0,0.0,False,False,,False,
research_benchmark_pack_v1,research_cpu_tn,quest_xor_10q_research_tn,xor,10,10,10,n_qubits,,quimb_tn_sliced_exact,explicit_slicing_evidence,quimb,tensor_network,slicing,,,,cpu,,not_applicable,not_applicable,,,False,,full_dump,full_statevector,False,end_to_end_and_compute,3,0.0026561690001472016,0.0027656199999910314,0.0026124859998617467,0.003028204999964146,0.00018653009191842685,,,,,,0.0026561690001472016,0.0027656199999910314,0.0026124859998617467,0.003028204999964146,0.00018653009191842685,total_wall,0.0007410079999772279,0.0007947099999607113,0.0007388439998976537,0.0009042780000072526,7.74813125845419e-05,0.0011284140000498155,0.0011831416667670662,0.0010924660000455333,0.0013285450002058496,0.00010385779286251469,,14336,16384,3,0,0,2,0.5423728813559322,reduction,0.0,0.0,0.0,0.0,0.0,0.0,False,False,,False,
research_benchmark_pack_v1,research_cpu_tn,quest_xor_12q_research_tn,xor,12,12,12,n_qubits,,quest_cpu_full_state_exact,serious_full_state_baseline,quest,full_state,not_applicable,,,,cpu,,not_applicable,not_applicable,,,False,,full_dump,full_statevector,False,end_to_end_and_compute,3,0.07973856900002829,0.060156633333311525,0.011636477999900308,0.08909485300000597,0.034520903017889744,,,,,,0.07973856900002829,0.060156633333311525,0.011636477999900308,0.08909485300000597,0.034520903017889744,total_wall,0.031064204,0.02235483666666667,0.000187566,0.03581274,0.015794050887233235,0.0,0.0,0.0,0.0,0.0,,0,65536,3,0,0,,,unavailable,0.0,0.0,0.0,0.0,0.0,0.0,False,False,,False,
research_benchmark_pack_v1,research_cpu_tn,quest_xor_12q_research_tn,xor,12,12,12,n_qubits,,quimb_tn_exact,serious_external_tn_baseline,quimb,tensor_network,sequential,,,,cpu,,not_applicable,not_applicable,,,False,,full_dump,full_statevector,False,end_to_end_and_compute,3,0.001442312000108359,0.0014494250001462206,0.0013268520001474826,0.0015791110001828201,0.00010310705391925123,,,,,,0.001442312000108359,0.0014494250001462206,0.0013268520001474826,0.0015791110001828201,0.00010310705391925123,total_wall,0.0005573389998971834,0.0005862643332269121,0.0005319509998571448,0.0006695029999264079,5.976422766137269e-05,0.0004258190001564799,0.0004134993333385258,0.0003817859999344364,0.0004328929999246611,2.2609909403906017e-05,,9800,65536,3,0,0,,,unavailable,0.0,0.0,0.0,0.0,0.0,0.0,False,False,,False,
research_benchmark_pack_v1,research_cpu_tn,quest_xor_12q_research_tn,xor,12,12,12,n_qubits,,quimb_tn_sliced_exact,explicit_slicing_evidence,quimb,tensor_network,slicing,,,,cpu,,not_applicable,not_applicable,,,False,,full_dump,full_statevector,False,end_to_end_and_compute,3,0.0031408090001150413,0.003407336333339117,0.003063633000010668,0.004017566999891642,0.00043264699509637305,,,,,,0.0031408090001150413,0.003407336333339117,0.003063633000010668,0.004017566999891642,0.00043264699509637305,total_wall,0.0009135370000876719,0.0010228343332983059,0.0008825569998407445,0.0012724089999665011,0.00017692856521909342,0.0012981780000700383,0.0014806546666174352,0.001298147999932553,0.001845637999849714,0.00025808219023922165,,53184,65536,3,0,0,2,4.202275600505689,inflation,0.0,0.0,0.0,0.0,0.0,0.0,False,False,,False,
research_benchmark_pack_v1,research_cpu_tn,quest_xor_14q_research_tn,xor,14,14,14,n_qubits,,quest_cpu_full_state_exact,serious_full_state_baseline,quest,full_state,not_applicable,,,,cpu,,not_applicable,not_applicable,,,False,,full_dump,full_statevector,False,end_to_end_and_compute,3,0.04958412799987855,0.060399148666647307,0.04829384599997866,0.08331947200008472,0.016215673964651258,,,,,,0.04958412799987855,0.060399148666647307,0.04829384599997866,0.08331947200008472,0.016215673964651258,total_wall,0.012006982,0.019075,0.005141362,0.040076656,0.015112607331912255,0.0,0.0,0.0,0.0,0.0,,0,262144,3,0,0,,,unavailable,0.0,0.0,0.0,0.0,0.0,0.0,False,False,,False,
research_benchmark_pack_v1,research_cpu_tn,quest_xor_14q_research_tn,xor,14,14,14,n_qubits,,quimb_tn_exact,serious_external_tn_baseline,quimb,tensor_network,sequential,,,,cpu,,not_applicable,not_applicable,,,False,,full_dump,full_statevector,False,end_to_end_and_compute,3,0.001827263999985007,0.0018824183333284357,0.0016803940000045259,0.0021395969999957742,0.00019148254779510873,,,,,,0.001827263999985007,0.0018824183333284357,0.0016803940000045259,0.0021395969999957742,0.00019148254779510873,total_wall,0.0007105610000053275,0.0007382133333824944,0.0006713560001117003,0.0008327230000304553,6.87183421491737e-05,0.0004920460000903404,0.0006004310000662372,0.0004870650000157184,0.0008221820000926527,0.00015681482094065039,,34696,262144,3,0,0,,,unavailable,0.0,0.0,0.0,0.0,0.0,0.0,False,False,,False,
research_benchmark_pack_v1,research_cpu_tn,quest_xor_14q_research_tn,xor,14,14,14,n_qubits,,quimb_tn_sliced_exact,explicit_slicing_evidence,quimb,tensor_network,slicing,,,,cpu,,not_applicable,not_applicable,,,False,,full_dump,full_statevector,False,end_to_end_and_compute,3,0.004404813000064678,0.004504101333319947,0.004135780999831695,0.004971710000063467,0.0003484135026062944,,,,,,0.004404813000064678,0.004504101333319947,0.004135780999831695,0.004971710000063467,0.0003484135026062944,total_wall,0.0014338959999804501,0.0015643440000682556,0.0013375830001223221,0.0019215530001019943,0.00025562700791615067,0.0018565489999673446,0.0018410396667150053,0.0016781599999831087,0.0019884100001945626,0.00012713292314542516,,38016,131072,3,0,0,2,0.9202168861347793,reduction,0.0,0.0,0.0,0.0,0.0,0.0,False,False,,False,
research_benchmark_pack_v1,research_cpu_tn,quest_xor_16q_research_tn,xor,16,16,16,n_qubits,,quest_cpu_full_state_exact,serious_full_state_baseline,quest,full_state,not_applicable,,,,cpu,,not_applicable,not_applicable,,,False,,full_dump,full_statevector,False,end_to_end_and_compute,3,0.13071216399998775,0.13721070633331087,0.0874900549999893,0.19342989999995552,0.0434931870450052,,,,,,0.13071216399998775,0.13721070633331087,0.0874900549999893,0.19342989999995552,0.0434931870450052,total_wall,0.028189273,0.039526921,0.000410039,0.089981451,0.037435866568015265,0.0,0.0,0.0,0.0,0.0,,0,1048576,3,0,0,,,unavailable,0.0,0.0,0.0,0.0,0.0,0.0,False,False,,False,
research_benchmark_pack_v1,research_cpu_tn,quest_xor_16q_research_tn,xor,16,16,16,n_qubits,,quimb_tn_exact,serious_external_tn_baseline,quimb,tensor_network,sequential,,,,cpu,,not_applicable,not_applicable,,,False,,full_dump,full_statevector,False,end_to_end_and_compute,3,0.0021470610001870227,0.0024381743333682,0.0021205709999776445,0.003046890999939933,0.00043056351846498787,,,,,,0.0021470610001870227,0.0024381743333682,0.0021205709999776445,0.003046890999939933,0.00043056351846498787,total_wall,0.0008424809998359706,0.0010621089999555504,0.0008408890000737301,0.0015029569999569503,0.00031172728780643773,0.0005811850001009589,0.0006354046667335448,0.000561878000098659,0.0007631510000010167,9.067353274149772e-05,,133960,1048576,3,0,0,,,unavailable,0.0,0.0,0.0,0.0,0.0,0.0,False,False,,False,
research_benchmark_pack_v1,research_cpu_tn,quest_xor_16q_research_tn,xor,16,16,16,n_qubits,,quimb_tn_sliced_exact,explicit_slicing_evidence,quimb,tensor_network,slicing,,,,cpu,,not_applicable,not_applicable,,,False,,full_dump,full_statevector,False,end_to_end_and_compute,3,0.01323223200006396,0.010732090000071063,0.005326485000068715,0.013637553000080516,0.003825919962597353,,,,,,0.01323223200006396,0.010732090000071063,0.005326485000068715,0.013637553000080516,0.003825919962597353,total_wall,0.009091601999898558,0.00682340033328425,0.0021202600000833627,0.00925833899987083,0.003326318991731015,0.0028968460001124186,0.0026408963334082123,0.0019558680000955064,0.0030699750000167114,0.0004895176372259075,,136944,524288,3,0,0,2,0.9818181818181818,reduction,0.0,0.0,0.0,0.0,0.0,0.0,False,False,,False,
research_benchmark_pack_v1,research_cpu_tn,quest_xor_4q_research_tn,xor,4,4,4,n_qubits,,quest_cpu_full_state_exact,serious_full_state_baseline,quest,full_state,not_applicable,,,,cpu,,not_applicable,not_applicable,,,False,,full_dump,full_statevector,False,end_to_end_and_compute,3,0.0048801450000155455,0.004868335333336897,0.004833925999946587,0.004890935000048557,2.4726607712505695e-05,,,,,,0.0048801450000155455,0.004868335333336897,0.004833925999946587,0.004890935000048557,2.4726607712505695e-05,total_wall,6.1718e-05,6.253233333333334e-05,6.1406e-05,6.4473e-05,1.3781573043580922e-06,0.0,0.0,0.0,0.0,0.0,,0,256,3,0,0,,,unavailable,0.0,0.0,0.0,0.0,0.0,0.0,False,False,,False,
research_benchmark_pack_v1,research_cpu_tn,quest_xor_4q_research_tn,xor,4,4,4,n_qubits,,quimb_tn_exact,serious_external_tn_baseline,quimb,tensor_network,sequential,,,,cpu,,not_applicable,not_applicable,,,False,,full_dump,full_statevector,False,end_to_end_and_compute,3,0.0005012330000226939,0.0005014666666435611,0.0004943599999478465,0.000508806999960143,5.900276965595445e-06,,,,,,0.0005012330000226939,0.0005014666666435611,0.0004943599999478465,0.000508806999960143,5.900276965595445e-06,total_wall,0.00019157399992764113,0.00019171099999463573,0.00018928000008600065,0.00019427899997026543,2.0431310489029997e-06,0.0001425709999693936,0.00014276800000819398,0.00014227099995878234,0.00014346200009640597,5.057846006752869e-07,,104,256,3,0,0,,,unavailable,0.0,0.0,0.0,0.0,0.0,0.0,False,False,,False,
research_benchmark_pack_v1,research_cpu_tn,quest_xor_4q_research_tn,xor,4,4,4,n_qubits,,quimb_tn_sliced_exact,explicit_slicing_evidence,quimb,tensor_network,slicing,,,,cpu,,not_applicable,not_applicable,,,False,,full_dump,full_statevector,False,end_to_end_and_compute,3,0.0013160109999716951,0.001287853999959528,0.0011925859998882515,0.0013549650000186375,6.921631507142351e-05,,,,,,0.0013160109999716951,0.001287853999959528,0.0011925859998882515,0.0013549650000186375,6.921631507142351e-05,total_wall,0.0004066229998898052,0.00037839266663771315,0.000316071000042939,0.0004124839999803953,4.413298408128263e-05,0.0005212910000409465,0.0005204760000196984,0.0004994989999431709,0.0005406380000749778,1.6804810853585475e-05,,136,256,3,0,0,2,0.30357142857142855,reduction,0.0,0.0,0.0,0.0,0.0,0.0,False,False,,False,
research_benchmark_pack_v1,research_cpu_tn,quest_xor_6q_research_tn,xor,6,6,6,n_qubits,,quest_cpu_full_state_exact,serious_full_state_baseline,quest,full_state,not_applicable,,,,cpu,,not_applicable,not_applicable,,,False,,full_dump,full_statevector,False,end_to_end_and_compute,3,0.0049915459999283485,0.0066222089999428135,0.004922175000046991,0.009952905999853101,0.0023553287049885665,,,,,,0.0049915459999283485,0.0066222089999428135,0.004922175000046991,0.009952905999853101,0.0023553287049885665,total_wall,7.92e-05,7.964166666666667e-05,7.854e-05,8.1185e-05,1.124072457134721e-06,0.0,0.0,0.0,0.0,0.0,,0,1024,3,0,0,,,unavailable,0.0,0.0,0.0,0.0,0.0,0.0,False,False,,False,
research_benchmark_pack_v1,research_cpu_tn,quest_xor_6q_research_tn,xor,6,6,6,n_qubits,,quimb_tn_exact,serious_external_tn_baseline,quimb,tensor_network,sequential,,,,cpu,,not_applicable,not_applicable,,,False,,full_dump,full_statevector,False,end_to_end_and_compute,3,0.0007323719999021705,0.0007358519999343116,0.000717092999821034,0.0007580910000797303,1.691728517366762e-05,,,,,,0.0007323719999021705,0.0007358519999343116,0.000717092999821034,0.0007580910000797303,1.691728517366762e-05,total_wall,0.0002779280000595463,0.0002779513332977028,0.00027625500001704495,0.000279670999816517,1.3946736744965146e-06,0.0002076150001357746,0.0002118793333920621,0.00020221400018272107,0.00022580899985769065,1.0093542688470466e-05,,328,1024,3,0,0,,,unavailable,0.0,0.0,0.0,0.0,0.0,0.0,False,False,,False,
research_benchmark_pack_v1,research_cpu_tn,quest_xor_6q_research_tn,xor,6,6,6,n_qubits,,quimb_tn_sliced_exact,explicit_slicing_evidence,quimb,tensor_network,slicing,,,,cpu,,not_applicable,not_applicable,,,False,,full_dump,full_statevector,False,end_to_end_and_compute,3,0.0016589829999702488,0.0016457376666494383,0.0015584909999688534,0.0017197390000092128,6.649214750800008e-05,,,,,,0.0016589829999702488,0.0016457376666494383,0.0015584909999688534,0.0017197390000092128,6.649214750800008e-05,total_wall,0.0004702530000031402,0.0004619979999915813,0.0004183959999863873,0.0004973449999852164,3.27551005605428e-05,0.0006765360001281806,0.0006710086666619949,0.0006248969998523535,0.0007115930000054504,3.560863820359006e-05,,368,1024,3,0,0,2,0.2169811320754717,reduction,0.0,0.0,0.0,0.0,0.0,0.0,False,False,,False,
research_benchmark_pack_v1,research_cpu_tn,quest_xor_8q_research_tn,xor,8,8,8,n_qubits,,quest_cpu_full_state_exact,serious_full_state_baseline,quest,full_state,not_applicable,,,,cpu,,not_applicable,not_applicable,,,False,,full_dump,full_statevector,False,end_to_end_and_compute,3,0.0052206220000243775,0.005235560333403555,0.005165407000049527,0.005320652000136761,6.425271909230464e-05,,,,,,0.0052206220000243775,0.005235560333403555,0.005165407000049527,0.005320652000136761,6.425271909230464e-05,total_wall,0.000143222,0.00014130833333333333,0.000126099,0.000154604,1.1715526630169996e-05,0.0,0.0,0.0,0.0,0.0,,0,4096,3,0,0,,,unavailable,0.0,0.0,0.0,0.0,0.0,0.0,False,False,,False,
research_benchmark_pack_v1,research_cpu_tn,quest_xor_8q_research_tn,xor,8,8,8,n_qubits,,quimb_tn_exact,serious_external_tn_baseline,quimb,tensor_network,sequential,,,,cpu,,not_applicable,not_applicable,,,False,,full_dump,full_statevector,False,end_to_end_and_compute,3,0.000948112000060064,0.0009371046667183691,0.0008898520000002463,0.000973350000094797,3.496522124834702e-05,,,,,,0.000948112000060064,0.0009371046667183691,0.0008898520000002463,0.000973350000094797,3.496522124834702e-05,total_wall,0.00038535299995601235,0.0003847813332716517,0.0003530110000156128,0.00041597999984333,2.5710164487017813e-05,0.0002663660000052914,0.0002629996667261973,0.00025533500001984066,0.0002672980001534597,5.433077265460464e-06,,840,4096,3,0,0,,,unavailable,0.0,0.0,0.0,0.0,0.0,0.0,False,False,,False,
research_benchmark_pack_v1,research_cpu_tn,quest_xor_8q_research_tn,xor,8,8,8,n_qubits,,quimb_tn_sliced_exact,explicit_slicing_evidence,quimb,tensor_network,slicing,,,,cpu,,not_applicable,not_applicable,,,False,,full_dump,full_statevector,False,end_to_end_and_compute,3,0.0023621789998742315,0.0022915649998746326,0.0021014739998008736,0.002411041999948793,0.0001358868142385495,,,,,,0.0023621789998742315,0.0022915649998746326,0.0021014739998008736,0.002411041999948793,0.0001358868142385495,total_wall,0.0006144579999727284,0.0006434426666904377,0.0006123430000570806,0.0007035270000415039,4.249481256061213e-05,0.001024827000037476,0.0009753433333420011,0.0008643930000289402,0.001036809999959587,7.860610840764988e-05,,6688,8192,3,0,0,2,2.375,inflation,0.0,0.0,0.0,0.0,0.0,0.0,False,False,,False,
research_benchmark_pack_v1,research_internal_parallelism,quest_bv_6q_internal_diag,bv,6,6,6,n_qubits,,cpu_tn_einsum_exact,internal_debug_baseline,cpu,tensor_network,sequential,,,,cpu,,not_applicable,not_applicable,,,False,,full_dump,full_statevector,False,end_to_end_and_compute,1,0.00026514399996813154,0.00026514399996813154,0.00026514399996813154,0.00026514399996813154,0.0,,,,,,0.00026514399996813154,0.00026514399996813154,0.00026514399996813154,0.00026514399996813154,0.0,total_wall,0.00026514399996813154,0.00026514399996813154,0.00026514399996813154,0.00026514399996813154,0.0,0.0,0.0,0.0,0.0,0.0,,3264,1024,1,0,0,,,unavailable,1.1102230246251565e-16,1.5700924586837752e-16,1.1102230246251565e-16,1.5700924586837752e-16,1.1102230246251565e-16,1.5700924586837752e-16,False,False,,False,
research_benchmark_pack_v1,research_internal_parallelism,quest_bv_6q_internal_diag,bv,6,6,6,n_qubits,,cpu_tn_frontier_exact,internal_frontier_diagnostic,cpu,tensor_network,frontier,,,,cpu,,not_applicable,not_applicable,,,False,,full_dump,full_statevector,False,end_to_end_and_compute,1,0.0016796340000837517,0.0016796340000837517,0.0016796340000837517,0.0016796340000837517,0.0,,,,,,0.0016796340000837517,0.0016796340000837517,0.0016796340000837517,0.0016796340000837517,0.0,total_wall,0.0016796340000837517,0.0016796340000837517,0.0016796340000837517,0.0016796340000837517,0.0,0.0,0.0,0.0,0.0,0.0,,3264,1024,1,0,0,,,unavailable,1.1102230246251565e-16,1.5700924586837752e-16,1.1102230246251565e-16,1.5700924586837752e-16,1.1102230246251565e-16,1.5700924586837752e-16,False,False,,False,
research_benchmark_pack_v1,research_internal_parallelism,quest_bv_6q_internal_diag,bv,6,6,6,n_qubits,,cpu_tn_hybrid_sliced_frontier_exact,internal_hybrid_diagnostic,cpu,tensor_network,hybrid,,,,cpu,,not_applicable,not_applicable,,,False,,full_dump,full_statevector,False,end_to_end_and_compute,1,0.0018096210001203872,0.0018096210001203872,0.0018096210001203872,0.0018096210001203872,0.0,,,,,,0.0018096210001203872,0.0018096210001203872,0.0018096210001203872,0.0018096210001203872,0.0,total_wall,0.0018096210001203872,0.0018096210001203872,0.0018096210001203872,0.0018096210001203872,0.0,0.0,0.0,0.0,0.0,0.0,,3264,1024,1,0,0,2,,unavailable,1.1102230246251565e-16,1.5700924586837752e-16,1.1102230246251565e-16,1.5700924586837752e-16,1.1102230246251565e-16,1.5700924586837752e-16,False,False,,False,
research_benchmark_pack_v1,research_internal_parallelism,quest_bv_6q_internal_diag,bv,6,6,6,n_qubits,,quest_cpu_full_state_exact,serious_full_state_baseline,quest,full_state,not_applicable,,,,cpu,,not_applicable,not_applicable,,,False,,full_dump,full_statevector,False,end_to_end_and_compute,1,0.004833452000184479,0.004833452000184479,0.004833452000184479,0.004833452000184479,0.0,,,,,,0.004833452000184479,0.004833452000184479,0.004833452000184479,0.004833452000184479,0.0,total_wall,0.000169002,0.000169002,0.000169002,0.000169002,0.0,0.0,0.0,0.0,0.0,0.0,,3264,1024,1,0,0,,,unavailable,0.0,0.0,0.0,0.0,0.0,0.0,False,False,,False,
research_benchmark_pack_v1,research_internal_parallelism,quest_bv_8q_internal_diag,bv,8,8,8,n_qubits,,cpu_tn_einsum_exact,internal_debug_baseline,cpu,tensor_network,sequential,,,,cpu,,not_applicable,not_applicable,,,False,,full_dump,full_statevector,False,end_to_end_and_compute,1,0.0003171630000906589,0.0003171630000906589,0.0003171630000906589,0.0003171630000906589,0.0,,,,,,0.0003171630000906589,0.0003171630000906589,0.0003171630000906589,0.0003171630000906589,0.0,total_wall,0.0003171630000906589,0.0003171630000906589,0.0003171630000906589,0.0003171630000906589,0.0,0.0,0.0,0.0,0.0,0.0,,7936,4096,1,0,0,,,unavailable,1.1102230246251565e-16,1.5700924586837752e-16,1.1102230246251565e-16,1.5700924586837752e-16,1.1102230246251565e-16,1.5700924586837752e-16,False,False,,False,
research_benchmark_pack_v1,research_internal_parallelism,quest_bv_8q_internal_diag,bv,8,8,8,n_qubits,,cpu_tn_frontier_exact,internal_frontier_diagnostic,cpu,tensor_network,frontier,,,,cpu,,not_applicable,not_applicable,,,False,,full_dump,full_statevector,False,end_to_end_and_compute,1,0.001966288999938115,0.001966288999938115,0.001966288999938115,0.001966288999938115,0.0,,,,,,0.001966288999938115,0.001966288999938115,0.001966288999938115,0.001966288999938115,0.0,total_wall,0.001966288999938115,0.001966288999938115,0.001966288999938115,0.001966288999938115,0.0,0.0,0.0,0.0,0.0,0.0,,7936,4096,1,0,0,,,unavailable,1.1102230246251565e-16,1.5700924586837752e-16,1.1102230246251565e-16,1.5700924586837752e-16,1.1102230246251565e-16,1.5700924586837752e-16,False,False,,False,
research_benchmark_pack_v1,research_internal_parallelism,quest_bv_8q_internal_diag,bv,8,8,8,n_qubits,,cpu_tn_hybrid_sliced_frontier_exact,internal_hybrid_diagnostic,cpu,tensor_network,hybrid,,,,cpu,,not_applicable,not_applicable,,,False,,full_dump,full_statevector,False,end_to_end_and_compute,1,0.0021558000003096822,0.0021558000003096822,0.0021558000003096822,0.0021558000003096822,0.0,,,,,,0.0021558000003096822,0.0021558000003096822,0.0021558000003096822,0.0021558000003096822,0.0,total_wall,0.0021558000003096822,0.0021558000003096822,0.0021558000003096822,0.0021558000003096822,0.0,0.0,0.0,0.0,0.0,0.0,,7936,4096,1,0,0,2,,unavailable,1.1102230246251565e-16,1.5700924586837752e-16,1.1102230246251565e-16,1.5700924586837752e-16,1.1102230246251565e-16,1.5700924586837752e-16,False,False,,False,
research_benchmark_pack_v1,research_internal_parallelism,quest_bv_8q_internal_diag,bv,8,8,8,n_qubits,,quest_cpu_full_state_exact,serious_full_state_baseline,quest,full_state,not_applicable,,,,cpu,,not_applicable,not_applicable,,,False,,full_dump,full_statevector,False,end_to_end_and_compute,1,0.005521278999822243,0.005521278999822243,0.005521278999822243,0.005521278999822243,0.0,,,,,,0.005521278999822243,0.005521278999822243,0.005521278999822243,0.005521278999822243,0.0,total_wall,0.000284371,0.000284371,0.000284371,0.000284371,0.0,0.0,0.0,0.0,0.0,0.0,,7936,4096,1,0,0,,,unavailable,0.0,0.0,0.0,0.0,0.0,0.0,False,False,,False,
research_benchmark_pack_v1,research_internal_parallelism,quest_edc_6q_internal_diag,edc,6,6,6,n_qubits,,cpu_tn_einsum_exact,internal_debug_baseline,cpu,tensor_network,sequential,,,,cpu,,not_applicable,not_applicable,,,False,,full_dump,full_statevector,False,end_to_end_and_compute,1,0.0005785400003333052,0.0005785400003333052,0.0005785400003333052,0.0005785400003333052,0.0,,,,,,0.0005785400003333052,0.0005785400003333052,0.0005785400003333052,0.0005785400003333052,0.0,total_wall,0.0005785400003333052,0.0005785400003333052,0.0005785400003333052,0.0005785400003333052,0.0,0.0,0.0,0.0,0.0,0.0,,17024,2048,1,0,0,,,unavailable,0.0,0.0,0.0,0.0,0.0,0.0,False,False,,False,
research_benchmark_pack_v1,research_internal_parallelism,quest_edc_6q_internal_diag,edc,6,6,6,n_qubits,,cpu_tn_frontier_exact,internal_frontier_diagnostic,cpu,tensor_network,frontier,,,,cpu,,not_applicable,not_applicable,,,False,,full_dump,full_statevector,False,end_to_end_and_compute,1,0.0015636130001439597,0.0015636130001439597,0.0015636130001439597,0.0015636130001439597,0.0,,,,,,0.0015636130001439597,0.0015636130001439597,0.0015636130001439597,0.0015636130001439597,0.0,total_wall,0.0015636130001439597,0.0015636130001439597,0.0015636130001439597,0.0015636130001439597,0.0,0.0,0.0,0.0,0.0,0.0,,17024,2048,1,0,0,,,unavailable,0.0,0.0,0.0,0.0,0.0,0.0,False,False,,False,
research_benchmark_pack_v1,research_internal_parallelism,quest_edc_6q_internal_diag,edc,6,6,6,n_qubits,,cpu_tn_hybrid_sliced_frontier_exact,internal_hybrid_diagnostic,cpu,tensor_network,hybrid,,,,cpu,,not_applicable,not_applicable,,,False,,full_dump,full_statevector,False,end_to_end_and_compute,1,0.0017686430001049303,0.0017686430001049303,0.0017686430001049303,0.0017686430001049303,0.0,,,,,,0.0017686430001049303,0.0017686430001049303,0.0017686430001049303,0.0017686430001049303,0.0,total_wall,0.0017686430001049303,0.0017686430001049303,0.0017686430001049303,0.0017686430001049303,0.0,0.0,0.0,0.0,0.0,0.0,,17024,2048,1,0,0,2,,unavailable,0.0,0.0,0.0,0.0,0.0,0.0,False,False,,False,
research_benchmark_pack_v1,research_internal_parallelism,quest_edc_6q_internal_diag,edc,6,6,6,n_qubits,,quest_cpu_full_state_exact,serious_full_state_baseline,quest,full_state,not_applicable,,,,cpu,,not_applicable,not_applicable,,,False,,full_dump,full_statevector,False,end_to_end_and_compute,1,0.005305700000008073,0.005305700000008073,0.005305700000008073,0.005305700000008073,0.0,,,,,,0.005305700000008073,0.005305700000008073,0.005305700000008073,0.005305700000008073,0.0,total_wall,0.000219868,0.000219868,0.000219868,0.000219868,0.0,0.0,0.0,0.0,0.0,0.0,,17024,2048,1,0,0,,,unavailable,0.0,0.0,0.0,0.0,0.0,0.0,False,False,,False,
research_benchmark_pack_v1,research_internal_parallelism,quest_hs_8q_internal_diag,hs,8,8,8,n_qubits,,cpu_tn_einsum_exact,internal_debug_baseline,cpu,tensor_network,sequential,,,,cpu,,not_applicable,not_applicable,,,False,,full_dump,full_statevector,False,end_to_end_and_compute,1,0.00040430900025967276,0.00040430900025967276,0.00040430900025967276,0.00040430900025967276,0.0,,,,,,0.00040430900025967276,0.00040430900025967276,0.00040430900025967276,0.00040430900025967276,0.0,total_wall,0.00040430900025967276,0.00040430900025967276,0.00040430900025967276,0.00040430900025967276,0.0,0.0,0.0,0.0,0.0,0.0,,6784,4096,1,0,0,,,unavailable,5.551115123125783e-16,5.551115123125783e-16,5.551115123125783e-16,5.551115123125783e-16,5.551115123125783e-16,5.551115123125783e-16,False,False,,False,
research_benchmark_pack_v1,research_internal_parallelism,quest_hs_8q_internal_diag,hs,8,8,8,n_qubits,,cpu_tn_frontier_exact,internal_frontier_diagnostic,cpu,tensor_network,frontier,,,,cpu,,not_applicable,not_applicable,,,False,,full_dump,full_statevector,False,end_to_end_and_compute,1,0.002739368999755243,0.002739368999755243,0.002739368999755243,0.002739368999755243,0.0,,,,,,0.002739368999755243,0.002739368999755243,0.002739368999755243,0.002739368999755243,0.0,total_wall,0.002739368999755243,0.002739368999755243,0.002739368999755243,0.002739368999755243,0.0,0.0,0.0,0.0,0.0,0.0,,6784,4096,1,0,0,,,unavailable,5.551115123125783e-16,5.551115123125783e-16,5.551115123125783e-16,5.551115123125783e-16,5.551115123125783e-16,5.551115123125783e-16,False,False,,False,
research_benchmark_pack_v1,research_internal_parallelism,quest_hs_8q_internal_diag,hs,8,8,8,n_qubits,,cpu_tn_hybrid_sliced_frontier_exact,internal_hybrid_diagnostic,cpu,tensor_network,hybrid,,,,cpu,,not_applicable,not_applicable,,,False,,full_dump,full_statevector,False,end_to_end_and_compute,1,0.0026109649998034,0.0026109649998034,0.0026109649998034,0.0026109649998034,0.0,,,,,,0.0026109649998034,0.0026109649998034,0.0026109649998034,0.0026109649998034,0.0,total_wall,0.0026109649998034,0.0026109649998034,0.0026109649998034,0.0026109649998034,0.0,0.0,0.0,0.0,0.0,0.0,,6784,4096,1,0,0,2,,unavailable,5.551115123125783e-16,5.551115123125783e-16,5.551115123125783e-16,5.551115123125783e-16,5.551115123125783e-16,5.551115123125783e-16,False,False,,False,
research_benchmark_pack_v1,research_internal_parallelism,quest_hs_8q_internal_diag,hs,8,8,8,n_qubits,,quest_cpu_full_state_exact,serious_full_state_baseline,quest,full_state,not_applicable,,,,cpu,,not_applicable,not_applicable,,,False,,full_dump,full_statevector,False,end_to_end_and_compute,1,0.005503055000190216,0.005503055000190216,0.005503055000190216,0.005503055000190216,0.0,,,,,,0.005503055000190216,0.005503055000190216,0.005503055000190216,0.005503055000190216,0.0,total_wall,0.000336941,0.000336941,0.000336941,0.000336941,0.0,0.0,0.0,0.0,0.0,0.0,,6784,4096,1,0,0,,,unavailable,0.0,0.0,0.0,0.0,0.0,0.0,False,False,,False,
research_benchmark_pack_v1,research_internal_parallelism,quest_xor_6q_internal_diag,xor,6,6,6,n_qubits,,cpu_tn_einsum_exact,internal_debug_baseline,cpu,tensor_network,sequential,,,,cpu,,not_applicable,not_applicable,,,False,,full_dump,full_statevector,False,end_to_end_and_compute,1,0.00013444600017464836,0.00013444600017464836,0.00013444600017464836,0.00013444600017464836,0.0,,,,,,0.00013444600017464836,0.00013444600017464836,0.00013444600017464836,0.00013444600017464836,0.0,total_wall,0.00013444600017464836,0.00013444600017464836,0.00013444600017464836,0.00013444600017464836,0.0,0.0,0.0,0.0,0.0,0.0,,2624,1024,1,0,0,,,unavailable,0.0,0.0,0.0,0.0,0.0,0.0,False,False,,False,
research_benchmark_pack_v1,research_internal_parallelism,quest_xor_6q_internal_diag,xor,6,6,6,n_qubits,,cpu_tn_frontier_exact,internal_frontier_diagnostic,cpu,tensor_network,frontier,,,,cpu,,not_applicable,not_applicable,,,False,,full_dump,full_statevector,False,end_to_end_and_compute,1,0.0008733710001251893,0.0008733710001251893,0.0008733710001251893,0.0008733710001251893,0.0,,,,,,0.0008733710001251893,0.0008733710001251893,0.0008733710001251893,0.0008733710001251893,0.0,total_wall,0.0008733710001251893,0.0008733710001251893,0.0008733710001251893,0.0008733710001251893,0.0,0.0,0.0,0.0,0.0,0.0,,2624,1024,1,0,0,,,unavailable,0.0,0.0,0.0,0.0,0.0,0.0,False,False,,False,
research_benchmark_pack_v1,research_internal_parallelism,quest_xor_6q_internal_diag,xor,6,6,6,n_qubits,,cpu_tn_hybrid_sliced_frontier_exact,internal_hybrid_diagnostic,cpu,tensor_network,hybrid,,,,cpu,,not_applicable,not_applicable,,,False,,full_dump,full_statevector,False,end_to_end_and_compute,1,0.001073039999937464,0.001073039999937464,0.001073039999937464,0.001073039999937464,0.0,,,,,,0.001073039999937464,0.001073039999937464,0.001073039999937464,0.001073039999937464,0.0,total_wall,0.001073039999937464,0.001073039999937464,0.001073039999937464,0.001073039999937464,0.0,0.0,0.0,0.0,0.0,0.0,,2624,1024,1,0,0,2,,unavailable,0.0,0.0,0.0,0.0,0.0,0.0,False,False,,False,
research_benchmark_pack_v1,research_internal_parallelism,quest_xor_6q_internal_diag,xor,6,6,6,n_qubits,,quest_cpu_full_state_exact,serious_full_state_baseline,quest,full_state,not_applicable,,,,cpu,,not_applicable,not_applicable,,,False,,full_dump,full_statevector,False,end_to_end_and_compute,1,0.005078476999642589,0.005078476999642589,0.005078476999642589,0.005078476999642589,0.0,,,,,,0.005078476999642589,0.005078476999642589,0.005078476999642589,0.005078476999642589,0.0,total_wall,9.1974e-05,9.1974e-05,9.1974e-05,9.1974e-05,0.0,0.0,0.0,0.0,0.0,0.0,,2624,1024,1,0,0,,,unavailable,0.0,0.0,0.0,0.0,0.0,0.0,False,False,,False,
research_benchmark_pack_v1,research_internal_parallelism,quest_xor_8q_internal_diag,xor,8,8,8,n_qubits,,cpu_tn_einsum_exact,internal_debug_baseline,cpu,tensor_network,sequential,,,,cpu,,not_applicable,not_applicable,,,False,,full_dump,full_statevector,False,end_to_end_and_compute,1,0.0002102899998135399,0.0002102899998135399,0.0002102899998135399,0.0002102899998135399,0.0,,,,,,0.0002102899998135399,0.0002102899998135399,0.0002102899998135399,0.0002102899998135399,0.0,total_wall,0.0002102899998135399,0.0002102899998135399,0.0002102899998135399,0.0002102899998135399,0.0,0.0,0.0,0.0,0.0,0.0,,8256,4096,1,0,0,,,unavailable,0.0,0.0,0.0,0.0,0.0,0.0,False,False,,False,
research_benchmark_pack_v1,research_internal_parallelism,quest_xor_8q_internal_diag,xor,8,8,8,n_qubits,,cpu_tn_frontier_exact,internal_frontier_diagnostic,cpu,tensor_network,frontier,,,,cpu,,not_applicable,not_applicable,,,False,,full_dump,full_statevector,False,end_to_end_and_compute,1,0.0010986800002683594,0.0010986800002683594,0.0010986800002683594,0.0010986800002683594,0.0,,,,,,0.0010986800002683594,0.0010986800002683594,0.0010986800002683594,0.0010986800002683594,0.0,total_wall,0.0010986800002683594,0.0010986800002683594,0.0010986800002683594,0.0010986800002683594,0.0,0.0,0.0,0.0,0.0,0.0,,8256,4096,1,0,0,,,unavailable,0.0,0.0,0.0,0.0,0.0,0.0,False,False,,False,
research_benchmark_pack_v1,research_internal_parallelism,quest_xor_8q_internal_diag,xor,8,8,8,n_qubits,,cpu_tn_hybrid_sliced_frontier_exact,internal_hybrid_diagnostic,cpu,tensor_network,hybrid,,,,cpu,,not_applicable,not_applicable,,,False,,full_dump,full_statevector,False,end_to_end_and_compute,1,0.0015419930000462045,0.0015419930000462045,0.0015419930000462045,0.0015419930000462045,0.0,,,,,,0.0015419930000462045,0.0015419930000462045,0.0015419930000462045,0.0015419930000462045,0.0,total_wall,0.0015419930000462045,0.0015419930000462045,0.0015419930000462045,0.0015419930000462045,0.0,0.0,0.0,0.0,0.0,0.0,,8256,4096,1,0,0,2,,unavailable,0.0,0.0,0.0,0.0,0.0,0.0,False,False,,False,
research_benchmark_pack_v1,research_internal_parallelism,quest_xor_8q_internal_diag,xor,8,8,8,n_qubits,,quest_cpu_full_state_exact,serious_full_state_baseline,quest,full_state,not_applicable,,,,cpu,,not_applicable,not_applicable,,,False,,full_dump,full_statevector,False,end_to_end_and_compute,1,0.005322641000020667,0.005322641000020667,0.005322641000020667,0.005322641000020667,0.0,,,,,,0.005322641000020667,0.005322641000020667,0.005322641000020667,0.005322641000020667,0.0,total_wall,0.000180082,0.000180082,0.000180082,0.000180082,0.0,0.0,0.0,0.0,0.0,0.0,,8256,4096,1,0,0,,,unavailable,0.0,0.0,0.0,0.0,0.0,0.0,False,False,,False,
research_benchmark_pack_v1,research_planner_compare,quest_bb84_10q_planner,bb84,10,10,10,n_qubits,,planner_candidate_model,contraction_path_candidate,opt_einsum,tensor_network_planning,not_executed,454d2bb734e01088d742ac6a994fcf096e6587047effca70e57503fbceb786d7,8a06f7cab0af0030b77d4b9a7301ee89994449995c9207c0b5aee479c71d38b2,b5d6acb801fa86fa901dc7996d198195231622fcd165aae94b28f47fdb94aa7a,modeled,,,,,,,,,,False,,2,,,,,,,,,,,,,,,,unavailable,,,,,,0.0006018894998760516,0.0006018894998760516,0.0005985279999549675,0.0006052509997971356,3.3614999210840324e-06,,9760,16384,0,2,0,,,unavailable,,,,,,,False,False,,False,
research_benchmark_pack_v1,research_planner_compare,quest_bb84_12q_planner,bb84,12,12,12,n_qubits,,planner_candidate_model,contraction_path_candidate,opt_einsum,tensor_network_planning,not_executed,4eb1203b0e3c980ff8d217c4dbce58376f01fad10cb12cd42cdfa84e90339c68,6c72b50e8fa8102adc498db190941dc66ec19e88af3f6a4bea00198bd5d9a168,c7fcb45bb90ca3855dfcd6473e4249a282ae21fd13c0e912080558b70f905ca2,modeled,,,,,,,,,,False,,2,,,,,,,,,,,,,,,,unavailable,,,,,,0.0007380530000773433,0.0007380530000773433,0.0007320420004361949,0.0007440639997184917,6.0109996411483735e-06,,36160,65536,0,2,0,,,unavailable,,,,,,,False,False,,False,
research_benchmark_pack_v1,research_planner_compare,quest_bb84_14q_planner,bb84,14,14,14,n_qubits,,planner_candidate_model,contraction_path_candidate,opt_einsum,tensor_network_planning,not_executed,c601b2de9ec91514f6cac1ab6790a1cac16311a068ffb70e80d511f8b41fa303,5d84d3a2c37452d36ad1d49e375381947d109d33c4e74777e587955a2937f749,267d660ea135b186a82f7f9d26d0f771a9a6661f74b0c5ae8b042f3bd6e23cb4,modeled,,,,,,,,,,False,,2,,,,,,,,,,,,,,,,unavailable,,,,,,0.0008465099999739323,0.0008465099999739323,0.0008087979999800154,0.0008842219999678491,3.7711999993916834e-05,,135136,262144,0,2,0,,,unavailable,,,,,,,False,False,,False,
research_benchmark_pack_v1,research_planner_compare,quest_bb84_16q_planner,bb84,16,16,16,n_qubits,,planner_candidate_model,contraction_path_candidate,opt_einsum,tensor_network_planning,not_executed,471783f00631450b23c8394232b0beb500dcc5f95c52f6630ca9ce5c611ab68a,33c07f1dd2a9b6bdb9fd69fec92d5b3341e45ad4605526faa6d44b8eceaaaff0,9f347584c89b2309be31b0b786e4250eccd6320c265ddd3e7000d05962c14df4,modeled,,,,,,,,,,False,,2,,,,,,,,,,,,,,,,unavailable,,,,,,0.0010378389997640625,0.0010378389997640625,0.0009762569998201798,0.0010994209997079452,6.158199994388269e-05,,530176,1048576,0,2,0,,,unavailable,,,,,,,False,False,,False,
research_benchmark_pack_v1,research_planner_compare,quest_bb84_4q_planner,bb84,4,4,4,n_qubits,,planner_candidate_model,contraction_path_candidate,opt_einsum,tensor_network_planning,not_executed,3cad92ada9366b82706e4a082bdc14b5d865ef6caa767293619e5595b84b99ff,8ec33f198c09af9d03d96c42205f367cbf6e8301be9229afc934a73a9d814dc9,125847ea3f006bf0e9e50a8ea266e1b893edb6e14c971be7f006bec3badda9c3,modeled,,,,,,,,,,False,,2,,,,,,,,,,,,,,,,unavailable,,,,,,0.0004525850001755316,0.0004525850001755316,0.0004468890001589898,0.0004582810001920734,5.696000016541802e-06,,448,256,0,2,0,,,unavailable,,,,,,,False,False,,False,
research_benchmark_pack_v1,research_planner_compare,quest_bb84_6q_planner,bb84,6,6,6,n_qubits,,planner_candidate_model,contraction_path_candidate,opt_einsum,tensor_network_planning,not_executed,ac5cfebccb63f10b9bc545749ea5128e05a95c3cfeb9681843d9cd916305db25,7fdb0cceab080e1c28d1aa797319d7a93a560372dbe268ee89c4fce9b69f899b,dc6c5c5eb27fcd1522488f611e6f2378ab19df3feda4d6fe9e392cbb4f61e6ac,modeled,,,,,,,,,,False,,2,,,,,,,,,,,,,,,,unavailable,,,,,,0.00048198650006270327,0.00048198650006270327,0.00041246399996452965,0.0005515090001608769,6.952250009817362e-05,,1120,1024,0,2,0,,,unavailable,,,,,,,False,False,,False,
research_benchmark_pack_v1,research_planner_compare,quest_bb84_8q_planner,bb84,8,8,8,n_qubits,,planner_candidate_model,contraction_path_candidate,opt_einsum,tensor_network_planning,not_executed,0b059bbf7c3e9d678e12a11155c19af8513135170287a8cde88f59c37070155b,cf37611c62723e0f9b9ebb70c8eab4ee30ed5177fe726d855026e90ff8d1707d,a9249710f76180fe5687fc63a7ac0fdd1296431a50a09c54e2894e06b08d7bac,modeled,,,,,,,,,,False,,2,,,,,,,,,,,,,,,,unavailable,,,,,,0.0005112320000080217,0.0005112320000080217,0.0005064130000391742,0.0005160509999768692,4.818999968847493e-06,,2944,4096,0,2,0,,,unavailable,,,,,,,False,False,,False,
research_benchmark_pack_v1,research_planner_compare,quest_bv_10q_planner,bv,10,10,10,n_qubits,,planner_candidate_model,contraction_path_candidate,opt_einsum,tensor_network_planning,not_executed,b28cf328de2c98a2107bd7b9dc968cc7b04b32fe66c41045dbac0dc41d4a3bbc,cc0d531c0d220c6bdf6ace8b2a8d10e3aee3cd6299f9de358fdf34ce1cae48fd,43b91693aa8bcf6579bbba8a983ac392556ee9025df2ab3b114147bc66bb14db,modeled,,,,,,,,,,False,,2,,,,,,,,,,,,,,,,unavailable,,,,,,0.0011557320001429616,0.0011557320001429616,0.001116362000175286,0.0011951020001106372,3.936999996767554e-05,,22848,16384,0,2,0,,,unavailable,,,,,,,False,False,,False,
research_benchmark_pack_v1,research_planner_compare,quest_bv_12q_planner,bv,12,12,12,n_qubits,,planner_candidate_model,contraction_path_candidate,opt_einsum,tensor_network_planning,not_executed,b41ee6110bebe2a2bda425a5e022d008540866f8ce73f12a6a5613e756badb7e,77f6de1c6879166fe0d134d2c93fd4d86345e60514d535509095af1919805b4c,6d7f1174905757595db38433c1b24ad3c5cc4ac6a3cb5eff4b828d89dc1e3885,modeled,,,,,,,,,,False,,2,,,,,,,,,,,,,,,,unavailable,,,,,,0.0013884649999909016,0.0013884649999909016,0.0013668589999724645,0.0014100710000093386,2.1606000018437044e-05,,76672,65536,0,2,0,,,unavailable,,,,,,,False,False,,False,
research_benchmark_pack_v1,research_planner_compare,quest_bv_14q_planner,bv,14,14,14,n_qubits,,planner_candidate_model,contraction_path_candidate,opt_einsum,tensor_network_planning,not_executed,9af5f801f316be4605a9d147416450ed922680f6ff61941173626078e545a806,010409b50f981be5ecd19ef433a72f4f190adb08e8ff59b86cf011e522471df7,ef25412d84d277edbbe7518fd3c31dbc3310ffca06f1cdc916bea10cd55f8e38,modeled,,,,,,,,,,False,,2,,,,,,,,,,,,,,,,unavailable,,,,,,0.0016692589999820484,0.0016692589999820484,0.0016118949997689924,0.0017266230001951044,5.736400021305599e-05,,282048,262144,0,2,0,,,unavailable,,,,,,,False,False,,False,
research_benchmark_pack_v1,research_planner_compare,quest_bv_16q_planner,bv,16,16,16,n_qubits,,planner_candidate_model,contraction_path_candidate,opt_einsum,tensor_network_planning,not_executed,01b40e350f4e938a34ee888bd26bd39ef95c640acbfea8cf26647f6ef9bec48c,0b1f323917eab71a69bc94874c9dda766e04751fd9856c62a86a6d8f23577924,93fd7756420fe4bf6094bee3eb240511643b7d8e97e375bf6deb6ece71bb2283,modeled,,,,,,,,,,False,,2,,,,,,,,,,,,,,,,unavailable,,,,,,0.0020020175002173346,0.0020020175002173346,0.0019191300002603384,0.0020849050001743308,8.288749995699618e-05,,1085440,1048576,0,2,0,,,unavailable,,,,,,,False,False,,False,
research_benchmark_pack_v1,research_planner_compare,quest_bv_4q_planner,bv,4,4,4,n_qubits,,planner_candidate_model,contraction_path_candidate,opt_einsum,tensor_network_planning,not_executed,df084c1317b7c3dec41cf149647f49dc83951bc4abac4fd0fc4e388277640415,607af2fbe55d4f37eb5e5d93ab91905e055f7f9dda9862b905a80a8711ea76c6,c93ee2c5f086f63f0ad72fcdb9636aac90eb8f9dc370bfbcf939fbc84056818e,modeled,,,,,,,,,,False,,2,,,,,,,,,,,,,,,,unavailable,,,,,,0.00042993250008294126,0.00042993250008294126,0.0004291459999876679,0.00043071900017821463,7.865000952733681e-07,,1408,256,0,2,0,,,unavailable,,,,,,,False,False,,False,
research_benchmark_pack_v1,research_planner_compare,quest_bv_6q_planner,bv,6,6,6,n_qubits,,planner_candidate_model,contraction_path_candidate,opt_einsum,tensor_network_planning,not_executed,b0a91974e9352e17a38c0665c6e482e96719b779374c4923b8175ad6c7f86a05,bfc8c82ec1937ce347774fde09db271a067330371ca64607831e32d237992ce1,1607e94b2b9b067030c60d5f1ab6a79ab356a0d8715f1adabdb23a41d2d93117,modeled,,,,,,,,,,False,,2,,,,,,,,,,,,,,,,unavailable,,,,,,0.0006510680000246793,0.0006510680000246793,0.0006456179999076994,0.0006565180001416593,5.450000116979936e-06,,3264,1024,0,2,0,,,unavailable,,,,,,,False,False,,False,
research_benchmark_pack_v1,research_planner_compare,quest_bv_8q_planner,bv,8,8,8,n_qubits,,planner_candidate_model,contraction_path_candidate,opt_einsum,tensor_network_planning,not_executed,61e1938ebea16df13008a808ef002d53ab5e61fe8bd55cad9927df6bb8cde6b1,f32cffdeac056a9780485a1e335eb4a6e7193f1a593d029d5103dc8f07b06a13,150bbd324ca6d1968eccffd1f8f236dc8e5c0e95b1033150d31ac300b7c19c0c,modeled,,,,,,,,,,False,,2,,,,,,,,,,,,,,,,unavailable,,,,,,0.0008764665001308458,0.0008764665001308458,0.0008692629999131896,0.0008836700003485021,7.203500217656256e-06,,7936,4096,0,2,0,,,unavailable,,,,,,,False,False,,False,
research_benchmark_pack_v1,research_planner_compare,quest_edc_10q_planner,edc,10,10,10,n_qubits,,planner_candidate_model,contraction_path_candidate,opt_einsum,tensor_network_planning,not_executed,83889088f487aa4299ab0e556702a82b701cf5501eb6c2ae6f2062829ec13124,4d31a36bf97bd823b2ba8540e3606c013567070634528562c76dd22d87819385,6f35692f01cedae3f31f3ab77dc5bc94c8f6af1fa56bb386eba3391ad9e6e2b2,modeled,,,,,,,,,,False,,2,,,,,,,,,,,,,,,,unavailable,,,,,,0.0018407555000976572,0.0018407555000976572,0.0016333660000782402,0.0020481450001170742,0.00020738950001941703,,62720,16384,0,2,0,,,unavailable,,,,,,,False,False,,False,
research_benchmark_pack_v1,research_planner_compare,quest_edc_12q_planner,edc,12,12,12,n_qubits,,planner_candidate_model,contraction_path_candidate,opt_einsum,tensor_network_planning,not_executed,9789f7097e039fee8074f1f6b669debc7560cd05df29a92f1afcfe8211a4f28b,b3c4c1ffd916047a05ad171d7a2eaf2a26a3f15ac52e61abb1ae92c569bfe9ef,f81fa0f22df80e1de4b388206aa8f9a115471876371e84223dd6a3fd4f87a9e3,modeled,,,,,,,,,,False,,2,,,,,,,,,,,,,,,,unavailable,,,,,,0.002076383000030546,0.002076383000030546,0.001971739000055095,0.0021810270000059973,0.00010464399997545115,,203072,65536,0,2,0,,,unavailable,,,,,,,False,False,,False,
research_benchmark_pack_v1,research_planner_compare,quest_edc_14q_planner,edc,14,14,14,n_qubits,,planner_candidate_model,contraction_path_candidate,opt_einsum,tensor_network_planning,not_executed,e9cbb52d66ce6fcc06f12570d90dadf5f60a078a6b1d66c5394d098dda947b88,99d9027bb5a6d70d054e0c3545b3a29400a081a8f6a0b684881706dc939296c9,b186c4cd072e90783c091b53ca36209c9e9a49da4ce3644c16810eb46a20e481,modeled,,,,,,,,,,False,,2,,,,,,,,,,,,,,,,unavailable,,,,,,0.0023875349997979356,0.0023875349997979356,0.0023254619995896064,0.0024496080000062648,6.207300020832918e-05,,638336,262144,0,2,0,,,unavailable,,,,,,,False,False,,False,
research_benchmark_pack_v1,research_planner_compare,quest_edc_16q_planner,edc,16,16,16,n_qubits,,planner_candidate_model,contraction_path_candidate,opt_einsum,tensor_network_planning,not_executed,de3251b439078371ccaf6001d9eb5d0da266a629df2f78e72130eee42924cdda,c212dd55247e7d0e97115d883159d01c0e6a7a7210ce36216e4212dfdce7040c,0f73e320462511fd1b37c50a948a75c7013f70ffeaf09167ad065a862bebe763,modeled,,,,,,,,,,False,,2,,,,,,,,,,,,,,,,unavailable,,,,,,0.0027337085000453953,0.0027337085000453953,0.0026821000001291395,0.002785316999961651,5.160849991625582e-05,,2376128,1048576,0,2,0,,,unavailable,,,,,,,False,False,,False,
research_benchmark_pack_v1,research_planner_compare,quest_edc_4q_planner,edc,4,4,4,n_qubits,,planner_candidate_model,contraction_path_candidate,opt_einsum,tensor_network_planning,not_executed,a5ba8a22001bc1fa299be6571252a10e686c2b0058e8b795c9ef071961461d67,1a763a794d895f7b9acee5d73d14a1c6c57b9420f49f551e3a721df4d22c540a,06d41f0fe0658bbbc4859f75bdabd57fd7aa70dc5bc8dc48dce8afac621cffea,modeled,,,,,,,,,,False,,2,,,,,,,,,,,,,,,,unavailable,,,,,,0.0005946059998223063,0.0005946059998223063,0.0005891309997423377,0.0006000809999022749,5.475000079968595e-06,,3392,256,0,2,0,,,unavailable,,,,,,,False,False,,False,
research_benchmark_pack_v1,research_planner_compare,quest_edc_6q_planner,edc,6,6,6,n_qubits,,planner_candidate_model,contraction_path_candidate,opt_einsum,tensor_network_planning,not_executed,fe39fe67a61c91f11acaad6040c32d59a08a43df65e66a57b87c46ef969bac35,6f59c0ae42ab58981688c4d9d0c33958f5f2cfb496c77d031f4ce2361190c139,c3ba7815827bb1a8ae56963bed13feddc68c3a4cbef67d3e1fe4c85b4242ad4b,modeled,,,,,,,,,,False,,2,,,,,,,,,,,,,,,,unavailable,,,,,,0.0009291370001847099,0.0009291370001847099,0.0009202100000038627,0.0009380640003655571,8.927000180847244e-06,,17024,2048,0,2,0,,,unavailable,,,,,,,False,False,,False,
research_benchmark_pack_v1,research_planner_compare,quest_edc_8q_planner,edc,8,8,8,n_qubits,,planner_candidate_model,contraction_path_candidate,opt_einsum,tensor_network_planning,not_executed,054dcb1a00a15b17ef86c01dc1b1ccc248395ba715104be17450bd0c6d54f340,52fabd37fe961b52dd6cfb1a36e7045bd9c83ce073d83e0d4885308ee6ae0cf6,5989a9f1c11237a13a9b97b85ebc2b67e9cb0f68cb9b6e349def0c72c1c7e96b,modeled,,,,,,,,,,False,,2,,,,,,,,,,,,,,,,unavailable,,,,,,0.0013027370000600058,0.0013027370000600058,0.0012446870000530907,0.0013607870000669209,5.805000000691507e-05,,26816,4096,0,2,0,,,unavailable,,,,,,,False,False,,False,
research_benchmark_pack_v1,research_planner_compare,quest_hs_10q_planner,hs,10,10,10,n_qubits,,planner_candidate_model,contraction_path_candidate,opt_einsum,tensor_network_planning,not_executed,44049a093c81346affffad4c01689e2f6b053d2c2986e0e9819be87da6ea276d,92f1a257681487ee7a3f560ae3fcefe9784e50422117e5c3830543e9a95c536c,26cbcc79877f642e06f624f32d356f1cffe3205914d54a2b6b21f5ea6aec5d24,modeled,,,,,,,,,,False,,2,,,,,,,,,,,,,,,,unavailable,,,,,,0.001319644499972128,0.001319644499972128,0.0013096299999233452,0.0013296590000209108,1.0014500048782793e-05,,14560,16384,0,2,0,,,unavailable,,,,,,,False,False,,False,
research_benchmark_pack_v1,research_planner_compare,quest_hs_12q_planner,hs,12,12,12,n_qubits,,planner_candidate_model,contraction_path_candidate,opt_einsum,tensor_network_planning,not_executed,d6106218f682d88d60789f4c8a5c4f5c8cd969e93a3d098c642e128d15d275b2,34129698c37215142a28b114fb7769efc7098791cc6c5ace5a242722318a285d,9ae379637b7a7bbfa7fb60c719a2c8f6ffcec94d3a0c2a6092a4ad7662dd351a,modeled,,,,,,,,,,False,,2,,,,,,,,,,,,,,,,unavailable,,,,,,0.001557216499804781,0.001557216499804781,0.0015538249999735854,0.0015606079996359767,3.391499831195688e-06,,41920,65536,0,2,0,,,unavailable,,,,,,,False,False,,False,
research_benchmark_pack_v1,research_planner_compare,quest_hs_14q_planner,hs,14,14,14,n_qubits,,planner_candidate_model,contraction_path_candidate,opt_einsum,tensor_network_planning,not_executed,2de81b0fbb00e085a858e85dc1caab32194d39d6823c039a038718144bc58f48,21600aa58121b2d698a4442eafcea361b01c402755cd683cc33ee69de0ec93a9,88cd95cf37cc771ef2d8f0c69e8bb445d67091da001da1f076d7e6eb88c87e62,modeled,,,,,,,,,,False,,2,,,,,,,,,,,,,,,,unavailable,,,,,,0.001883306000081575,0.001883306000081575,0.0018715989999691374,0.0018950130001940124,1.1707000112437527e-05,,141856,262144,0,2,0,,,unavailable,,,,,,,False,False,,False,
research_benchmark_pack_v1,research_planner_compare,quest_hs_16q_planner,hs,16,16,16,n_qubits,,planner_candidate_model,contraction_path_candidate,opt_einsum,tensor_network_planning,not_executed,d408b5d181644712449fa56206522b5f1271c937474e0d36829adf2510fb16c1,c886a19596c73e6f8433225674b9d8fc563eb3c98aa01b4f816f7e33cf061d0b,9d79e18870ce187231055ad7b249679a3db387dc8c0c5b62e67001676523e205,modeled,,,,,,,,,,False,,2,,,,,,,,,,,,,,,,unavailable,,,,,,0.002135145499778446,0.002135145499778446,0.002126573999703396,0.0021437169998534955,8.571500075049698e-06,,537856,1048576,0,2,0,,,unavailable,,,,,,,False,False,,False,
research_benchmark_pack_v1,research_planner_compare,quest_hs_4q_planner,hs,4,4,4,n_qubits,,planner_candidate_model,contraction_path_candidate,opt_einsum,tensor_network_planning,not_executed,54dccc9d033d393462ca696662829cdfd6261176dd6933734f3176cfd3e43233,6dd68b606f6e627d3e9859a178e812b4d6e5f855b3114c51d646cd69177c8a86,636a420bf5c2b0186d97ec6fad12a9629d02df8442cde8e7a0d51e694b9cb201,modeled,,,,,,,,,,False,,2,,,,,,,,,,,,,,,,unavailable,,,,,,0.0005667374998665764,0.0005667374998665764,0.0005653349999192869,0.0005681399998138659,1.4024999472894706e-06,,2368,256,0,2,0,,,unavailable,,,,,,,False,False,,False,
research_benchmark_pack_v1,research_planner_compare,quest_hs_6q_planner,hs,6,6,6,n_qubits,,planner_candidate_model,contraction_path_candidate,opt_einsum,tensor_network_planning,not_executed,e26337d03509e1fa4310850a68d131ec857ce3ff678382a9b919866d61657ded,f538a1599f204990ff593d673a13144b0eb8fa4c6d34e3258e24a78b8853b646,be7f14ec557e59d8e39ed07dc26a4951a2998b38f2fa95becc1b8999c22d7d0b,modeled,,,,,,,,,,False,,2,,,,,,,,,,,,,,,,unavailable,,,,,,0.0007979775000421796,0.0007979775000421796,0.0007943810001052043,0.0008015739999791549,3.596499936975306e-06,,4000,1024,0,2,0,,,unavailable,,,,,,,False,False,,False,
research_benchmark_pack_v1,research_planner_compare,quest_hs_8q_planner,hs,8,8,8,n_qubits,,planner_candidate_model,contraction_path_candidate,opt_einsum,tensor_network_planning,not_executed,ee6f07e7bca37f137f5382d5a43625aaac733dfdf411e41afdb753b1b33086f9,cc4e959970e367625c185021508d9bf675ff484f5986c8a7dd5b20c0faac584a,9a2d9c2992f1cd541831369beee3238353bfed32fbe5e72902511b90161183b5,modeled,,,,,,,,,,False,,2,,,,,,,,,,,,,,,,unavailable,,,,,,0.0010352384999805508,0.0010352384999805508,0.0010351089999858232,0.0010353679999752785,1.294999947276665e-07,,6784,4096,0,2,0,,,unavailable,,,,,,,False,False,,False,
research_benchmark_pack_v1,research_planner_compare,quest_qrng_10q_planner,qrng,10,10,10,n_qubits,,planner_candidate_model,contraction_path_candidate,opt_einsum,tensor_network_planning,not_executed,3ee07a0b18755505e7d13cd7f5dc71b317787af6eb908fa0231f91ad50df7065,e574bfa4aae9b422dc40a4c9b32d348c3a75b097803430508ca779531ab1a1c9,4b9d86302ee13b4250f7aae519cc0b31e364d4b8888363a0f83657cdacfabb1d,modeled,,,,,,,,,,False,,2,,,,,,,,,,,,,,,,unavailable,,,,,,0.000388018000194279,0.000388018000194279,0.00038792800023657037,0.00038810800015198765,8.999995770864189e-08,,9440,16384,0,2,0,,,unavailable,,,,,,,False,False,,False,
research_benchmark_pack_v1,research_planner_compare,quest_qrng_12q_planner,qrng,12,12,12,n_qubits,,planner_candidate_model,contraction_path_candidate,opt_einsum,tensor_network_planning,not_executed,02e7277937f472783a8fddfdeef200ddf83bbb19991bd31af64ad0ac8dd63a1a,d535e10cc0b34ec0a6b6e4c080f4b336e1c2de4991ebeb4db3d7f5b4318bc2a8,0ae72a48e51ed7c2a820b788365685c9c14ae9df5d4f2b61f69cb4a0cea5fcae,modeled,,,,,,,,,,False,,2,,,,,,,,,,,,,,,,unavailable,,,,,,0.0004492144998948788,0.0004492144998948788,0.00044670999977824977,0.0004517190000115079,2.5045001166290604e-06,,35776,65536,0,2,0,,,unavailable,,,,,,,False,False,,False,
research_benchmark_pack_v1,research_planner_compare,quest_qrng_14q_planner,qrng,14,14,14,n_qubits,,planner_candidate_model,contraction_path_candidate,opt_einsum,tensor_network_planning,not_executed,92f8791b740292e603d354619964941625380b86fae6bdbbcda27f91ba20d95f,b45e08cb91b26f028ee57e4153d46c364f8297e5a8c7bc3182ef06cf1eae7d50,1e40725922a5505d0b6e20e6fdc0053f2862356961b6b3ecdd5f8eaa5e4404c7,modeled,,,,,,,,,,False,,2,,,,,,,,,,,,,,,,unavailable,,,,,,0.0005151949999344652,0.0005151949999344652,0.0005127750000610831,0.0005176149998078472,2.4199998733820394e-06,,134688,262144,0,2,0,,,unavailable,,,,,,,False,False,,False,
research_benchmark_pack_v1,research_planner_compare,quest_qrng_16q_planner,qrng,16,16,16,n_qubits,,planner_candidate_model,contraction_path_candidate,opt_einsum,tensor_network_planning,not_executed,61c2b2d89ce4684b8b6ece3c3d285e85b79ef5a95504ace0b0a37062fa043316,fab5f0a2475997ad14616a4060320bc2a889f56021d869c41ef0f8f996bdb563,55fa639dd0a7cc88eb7f62bb2e44e4414831dcfae88a5771afdc1711958636ed,modeled,,,,,,,,,,False,,2,,,,,,,,,,,,,,,,unavailable,,,,,,0.0005644785001095443,0.0005644785001095443,0.0005602649998763809,0.0005686920003427076,4.213500233163359e-06,,529664,1048576,0,2,0,,,unavailable,,,,,,,False,False,,False,
research_benchmark_pack_v1,research_planner_compare,quest_qrng_4q_planner,qrng,4,4,4,n_qubits,,planner_candidate_model,contraction_path_candidate,opt_einsum,tensor_network_planning,not_executed,32b6241d6b4ed216e8d0326cdf0a47ae0676c9b1aff4b1a5dc49cd4fdcccdde8,f30c8c7724b392cdfe952b40e942e343f105235625027089e14560544998b6c2,b72284f7473142958b961e8a37c9aeabb94d22ae18a8f9ac201e38e77748512e,modeled,,,,,,,,,,False,,2,,,,,,,,,,,,,,,,unavailable,,,,,,0.0003979614998570469,0.0003979614998570469,0.00021304499978214153,0.0005828779999319522,0.00018491650007490534,,320,256,0,2,0,,,unavailable,,,,,,,False,False,,False,
research_benchmark_pack_v1,research_planner_compare,quest_qrng_6q_planner,qrng,6,6,6,n_qubits,,planner_candidate_model,contraction_path_candidate,opt_einsum,tensor_network_planning,not_executed,f996195c73a0e33c4cb8c462796131b11c00d0db51fc848ec172eb4d471e6a2b,20c1e0f21e44e8a969d8086a960c97b6d575aea975a228e7f35c2ece41920d20,cac491b09cbc35106cbc4e0991d4a683df9bd94122fc01e0911d4dff44da8662,modeled,,,,,,,,,,False,,2,,,,,,,,,,,,,,,,unavailable,,,,,,0.00032837449975886557,0.00032837449975886557,0.0002516689996809873,0.0004050799998367438,7.670550007787824e-05,,928,1024,0,2,0,,,unavailable,,,,,,,False,False,,False,
research_benchmark_pack_v1,research_planner_compare,quest_qrng_8q_planner,qrng,8,8,8,n_qubits,,planner_candidate_model,contraction_path_candidate,opt_einsum,tensor_network_planning,not_executed,e0297852c95215c4f7cee8379103481efde0f0b0220eff19a1162c4b5adef0ab,17f189a598fac53bf18740474f1061f986e19f82055e9032ace010f5faf188cd,ca35c73f9cde2379122b4734d589497e0b8aa201e60bda63cfee691e356f7d06,modeled,,,,,,,,,,False,,2,,,,,,,,,,,,,,,,unavailable,,,,,,0.0003172335000272142,0.0003172335000272142,0.0003130860000055691,0.0003213810000488593,4.147500021645101e-06,,2688,4096,0,2,0,,,unavailable,,,,,,,False,False,,False,
research_benchmark_pack_v1,research_planner_compare,quest_xor_10q_planner,xor,10,10,10,n_qubits,,planner_candidate_model,contraction_path_candidate,opt_einsum,tensor_network_planning,not_executed,7c5772f0d6bdf6131c0f4e3b1bcbb6fdb22bf43239678964ddc050d4d1e661b4,5816acc540a00ff06000e4c184522567645bbd4d580c21cc98d673d176132585,0bff78aedaf9bd52e03ea9925dace36ea038d7b3d4d181ea18768e927e3cc4c5,modeled,,,,,,,,,,False,,2,,,,,,,,,,,,,,,,unavailable,,,,,,0.0006548854998982279,0.0006548854998982279,0.000629386999662529,0.0006803840001339267,2.5498500235698884e-05,,29248,16384,0,2,0,,,unavailable,,,,,,,False,False,,False,
research_benchmark_pack_v1,research_planner_compare,quest_xor_12q_planner,xor,12,12,12,n_qubits,,planner_candidate_model,contraction_path_candidate,opt_einsum,tensor_network_planning,not_executed,b566fe2e9ad3875a09f03c9f284dcde9b4ab7e1a023e7e27c51dd146af0bfaf6,f8cee295aa452b6de158e4dec8f99a96fce2e9fcb233edbd141582a958a907fd,13d057271b719d56f746cb9c9586a4614890d31d8dd6f19ed2f52288632d08d2,modeled,,,,,,,,,,False,,2,,,,,,,,,,,,,,,,unavailable,,,,,,0.0012239774998761277,0.0012239774998761277,0.0011334549999446608,0.0013144999998075946,9.052249993146688e-05,,111680,65536,0,2,0,,,unavailable,,,,,,,False,False,,False,
research_benchmark_pack_v1,research_planner_compare,quest_xor_14q_planner,xor,14,14,14,n_qubits,,planner_candidate_model,contraction_path_candidate,opt_einsum,tensor_network_planning,not_executed,9c1f1592c82dea4b472e02bfa93b6c2fa87232572d83dc6f8ae4b4a8adce45bb,0fb79099839182d3a5769abdbb0c13188c0d489a5a81c71098b2cc85967e8a99,81a73be756d2211ba7bbbc6c39bf4b7ab52992a835e79a50f89a3f390016c295,modeled,,,,,,,,,,False,,2,,,,,,,,,,,,,,,,unavailable,,,,,,0.001080794999779755,0.001080794999779755,0.0010079059998133744,0.0011536839997461357,7.288899996638065e-05,,439872,262144,0,2,0,,,unavailable,,,,,,,False,False,,False,
research_benchmark_pack_v1,research_planner_compare,quest_xor_16q_planner,xor,16,16,16,n_qubits,,planner_candidate_model,contraction_path_candidate,opt_einsum,tensor_network_planning,not_executed,959030630ea6a3bc969a910d68ec3476777cc83daf85800a0580545f78c0a9bc,c3eea586ce2153f313f0802a8c6aa131a6b4a69a833bed694b260e40771518ac,300b340b4a651ee9ceec3e186a81197097582af8b347ecf0ff895d85f4670a1f,modeled,,,,,,,,,,False,,2,,,,,,,,,,,,,,,,unavailable,,,,,,0.0013546159998440999,0.0013546159998440999,0.001092216999950324,0.0016170149997378758,0.0002623989998937759,,1751104,1048576,0,2,0,,,unavailable,,,,,,,False,False,,False,
research_benchmark_pack_v1,research_planner_compare,quest_xor_4q_planner,xor,4,4,4,n_qubits,,planner_candidate_model,contraction_path_candidate,opt_einsum,tensor_network_planning,not_executed,0f5da966751ac25da14a1f7e230763c4939eb4f05385eb990dd1c25d4d16e342,7044a808b3a8074faad4423b520a85195f8320fabe3fe9307fd602127775af10,c34a367d97fbd469991d32d99bcbf43e9b5e6c3c70fa014874c7c1a67712a0da,modeled,,,,,,,,,,False,,2,,,,,,,,,,,,,,,,unavailable,,,,,,0.00047125600008257607,0.00047125600008257607,0.00038487199981318554,0.0005576400003519666,8.638400026939053e-05,,832,256,0,2,0,,,unavailable,,,,,,,False,False,,False,
research_benchmark_pack_v1,research_planner_compare,quest_xor_6q_planner,xor,6,6,6,n_qubits,,planner_candidate_model,contraction_path_candidate,opt_einsum,tensor_network_planning,not_executed,8fa01f0875ae9003829cfac6e398d06f2170618b85707803650862521aef1a1e,b6b3ed6f97815d39e7407bb75d95b47b4969d62dbe6e00c6d685d39a0a24a926,ade53e91d2fbd2ce742946200d5d09c381c34f5f24a69fa915d2195d6f505bbb,modeled,,,,,,,,,,False,,2,,,,,,,,,,,,,,,,unavailable,,,,,,0.0004198434999125311,0.0004198434999125311,0.0003857639999296225,0.0004539229998954397,3.40794999829086e-05,,2624,1024,0,2,0,,,unavailable,,,,,,,False,False,,False,
research_benchmark_pack_v1,research_planner_compare,quest_xor_8q_planner,xor,8,8,8,n_qubits,,planner_candidate_model,contraction_path_candidate,opt_einsum,tensor_network_planning,not_executed,d5213b59c93966ba5c26226205899cbc31f27637a2826054d9a2bd02888460b5,ef9a29dc37bf88fd41847555fabf9e9f83b68b8716d0faea4af3fdcc7759e405,ed4c75966a46565e1f547f3d3aa23798a765c99b4c7de485a2c85ebae7add32d,modeled,,,,,,,,,,False,,2,,,,,,,,,,,,,,,,unavailable,,,,,,0.0005283345001316775,0.0005283345001316775,0.0004934480002702912,0.0005632209999930637,3.4886499861386255e-05,,8256,4096,0,2,0,,,unavailable,,,,,,,False,False,,False,
research_benchmark_pack_v1,thesis_upmem_quantization_boundary,bb84_4q_thesis_upmem,bb84,4,4,4,case_id,,cpu_tn_einsum_exact,,,,not_applicable,712bb61c13a0f5238ab06697e013cb8c4aee90e1846476c1857176cb29003b72,77642d0a4272ee03f718b6c5e1900a13f913757564e1d307e71a554e61aa586c,720da59c30ca003e49937786f8324e410ecb70a9adf21b17ad114d455446ab44,cpu,,,,,,,,,,False,,1,0.00010637199966367916,0.00010637199966367916,0.00010637199966367916,0.00010637199966367916,0.0,,,,,,0.00010637199966367916,0.00010637199966367916,0.00010637199966367916,0.00010637199966367916,0.0,total_wall,,,,,,,,,,,,,,0,1,0,,,unavailable,,,,,,,False,False,,False,
research_benchmark_pack_v1,thesis_upmem_quantization_boundary,bb84_4q_thesis_upmem,bb84,4,4,4,n_qubits,,upmem_tn_runtime,strict_upmem_sdk_simulator_generic,upmem_sdk,tensor_network,sequential,712bb61c13a0f5238ab06697e013cb8c4aee90e1846476c1857176cb29003b72,77642d0a4272ee03f718b6c5e1900a13f913757564e1d307e71a554e61aa586c,720da59c30ca003e49937786f8324e410ecb70a9adf21b17ad114d455446ab44,upmem,sdk_simulator,generic-only,none,True,True,True,9,,quantized_execution_tolerance,False,sdk_simulator_route_total_and_kernel,1,2.1967253130001154,2.1967253130001154,2.1967253130001154,2.1967253130001154,0.0,2.168005948999962,2.168005948999962,2.168005948999962,2.168005948999962,0.0,2.168005948999962,2.168005948999962,2.168005948999962,2.168005948999962,0.0,host_residual,0.02871936400015329,0.02871936400015329,0.02871936400015329,0.02871936400015329,0.0,,,,,,7012.0,,,1,0,0,,,unavailable,0.0,0.0,0.0,0.0,5.960464460885717e-08,1.1920928921771434e-07,False,False,,False,
research_benchmark_pack_v1,thesis_upmem_quantization_boundary,bb84_4q_thesis_upmem,bb84,4,4,4,n_qubits,,upmem_tn_runtime,strict_upmem_sdk_simulator_generic,upmem_sdk,tensor_network,sequential,712bb61c13a0f5238ab06697e013cb8c4aee90e1846476c1857176cb29003b72,77642d0a4272ee03f718b6c5e1900a13f913757564e1d307e71a554e61aa586c,720da59c30ca003e49937786f8324e410ecb70a9adf21b17ad114d455446ab44,upmem,sdk_simulator,generic-only,per_task_input_quantize,True,True,True,9,,quantized_execution_tolerance,False,sdk_simulator_route_total_and_kernel,1,2.247964543999842,2.247964543999842,2.247964543999842,2.247964543999842,0.0,2.2199100139996517,2.2199100139996517,2.2199100139996517,2.2199100139996517,0.0,2.2199100139996517,2.2199100139996517,2.2199100139996517,2.2199100139996517,0.0,host_residual,0.028054530000190425,0.028054530000190425,0.028054530000190425,0.028054530000190425,0.0,,,,,,6948.0,,,1,0,0,,,unavailable,1.1102230246251565e-16,2.220446049250313e-16,0.0,0.0,1.1102230246251565e-16,2.220446049250313e-16,False,False,,False,
research_benchmark_pack_v1,thesis_upmem_quantization_boundary,bb84_5q_thesis_upmem,bb84,5,5,5,case_id,,cpu_tn_einsum_exact,,,,not_applicable,ffb18925104ec4ff6a938957d609428ec8396e84e1d25f10f554b5898f3ae1db,a166330095d1bb91b9ff9c6f8188b63176730fdaba8a031bf78f875e7988e990,bc151c497a73028bc9b31fed5d1bfa0983616c19250749d079b95563c1f99505,cpu,,,,,,,,,,False,,1,0.00016688799996700254,0.00016688799996700254,0.00016688799996700254,0.00016688799996700254,0.0,,,,,,0.00016688799996700254,0.00016688799996700254,0.00016688799996700254,0.00016688799996700254,0.0,total_wall,,,,,,,,,,,,,,0,1,0,,,unavailable,,,,,,,False,False,,False,
research_benchmark_pack_v1,thesis_upmem_quantization_boundary,bb84_5q_thesis_upmem,bb84,5,5,5,n_qubits,,upmem_tn_runtime,strict_upmem_sdk_simulator_generic,upmem_sdk,tensor_network,sequential,ffb18925104ec4ff6a938957d609428ec8396e84e1d25f10f554b5898f3ae1db,a166330095d1bb91b9ff9c6f8188b63176730fdaba8a031bf78f875e7988e990,bc151c497a73028bc9b31fed5d1bfa0983616c19250749d079b95563c1f99505,upmem,sdk_simulator,generic-only,none,True,True,True,11,,quantized_execution_tolerance,False,sdk_simulator_route_total_and_kernel,1,2.7296347820001756,2.7296347820001756,2.7296347820001756,2.7296347820001756,0.0,2.694488010999976,2.694488010999976,2.694488010999976,2.694488010999976,0.0,2.694488010999976,2.694488010999976,2.694488010999976,2.694488010999976,0.0,host_residual,0.035146771000199806,0.035146771000199806,0.035146771000199806,0.035146771000199806,0.0,,,,,,8660.0,,,1,0,0,,,unavailable,0.0,0.0,0.0,0.0,5.960464460885717e-08,1.1920928921771434e-07,False,False,,False,
research_benchmark_pack_v1,thesis_upmem_quantization_boundary,bb84_5q_thesis_upmem,bb84,5,5,5,n_qubits,,upmem_tn_runtime,strict_upmem_sdk_simulator_generic,upmem_sdk,tensor_network,sequential,ffb18925104ec4ff6a938957d609428ec8396e84e1d25f10f554b5898f3ae1db,a166330095d1bb91b9ff9c6f8188b63176730fdaba8a031bf78f875e7988e990,bc151c497a73028bc9b31fed5d1bfa0983616c19250749d079b95563c1f99505,upmem,sdk_simulator,generic-only,per_task_input_quantize,True,True,True,11,,quantized_execution_tolerance,False,sdk_simulator_route_total_and_kernel,1,2.7139900910001415,2.7139900910001415,2.7139900910001415,2.7139900910001415,0.0,2.6790901010003836,2.6790901010003836,2.6790901010003836,2.6790901010003836,0.0,2.6790901010003836,2.6790901010003836,2.6790901010003836,2.6790901010003836,0.0,host_residual,0.03489998999975796,0.03489998999975796,0.03489998999975796,0.03489998999975796,0.0,,,,,,8564.0,,,1,0,0,,,unavailable,1.1102230246251565e-16,2.220446049250313e-16,0.0,0.0,1.1102230246251565e-16,2.220446049250313e-16,False,False,,False,
research_benchmark_pack_v1,thesis_upmem_quantization_boundary,bb84_6q_thesis_upmem_boundary,bb84,6,6,6,case_id,,cpu_tn_einsum_exact,,,,not_applicable,e7f7c567178593abeda95ccc705b8839161d9a18654143ce6bdcd99c75ad5bf3,25a988d75bf5a9aea12829da5f3a0a92c3a17fadccfbcb936a2a65c2e076ff7c,0421cdbe5126d4e18135af96182c8fb316a9ac5cc8fbae17abb4a147404f334a,cpu,,,,,,,,,,False,,1,0.0001473299998906441,0.0001473299998906441,0.0001473299998906441,0.0001473299998906441,0.0,,,,,,0.0001473299998906441,0.0001473299998906441,0.0001473299998906441,0.0001473299998906441,0.0,total_wall,,,,,,,,,,,,,,0,1,0,,,unavailable,,,,,,,False,False,,False,
research_benchmark_pack_v1,thesis_upmem_quantization_boundary,bb84_6q_thesis_upmem_boundary,bb84,6,6,6,n_qubits,,upmem_tn_runtime,strict_upmem_sdk_simulator_generic,upmem_sdk,tensor_network,sequential,e7f7c567178593abeda95ccc705b8839161d9a18654143ce6bdcd99c75ad5bf3,25a988d75bf5a9aea12829da5f3a0a92c3a17fadccfbcb936a2a65c2e076ff7c,0421cdbe5126d4e18135af96182c8fb316a9ac5cc8fbae17abb4a147404f334a,upmem,sdk_simulator,generic-only,none,True,True,True,13,,quantized_execution_tolerance,False,sdk_simulator_route_total_and_kernel,1,3.233175690999815,3.233175690999815,3.233175690999815,3.233175690999815,0.0,3.190897999000299,3.190897999000299,3.190897999000299,3.190897999000299,0.0,3.190897999000299,3.190897999000299,3.190897999000299,3.190897999000299,0.0,host_residual,0.04227769199951581,0.04227769199951581,0.04227769199951581,0.04227769199951581,0.0,,,,,,10404.0,,,1,0,0,,,unavailable,0.0,0.0,0.0,0.0,6.565545318526489e-08,1.8570166467670685e-07,False,False,,False,
research_benchmark_pack_v1,thesis_upmem_quantization_boundary,bb84_6q_thesis_upmem_boundary,bb84,6,6,6,n_qubits,,upmem_tn_runtime,strict_upmem_sdk_simulator_generic,upmem_sdk,tensor_network,sequential,e7f7c567178593abeda95ccc705b8839161d9a18654143ce6bdcd99c75ad5bf3,25a988d75bf5a9aea12829da5f3a0a92c3a17fadccfbcb936a2a65c2e076ff7c,0421cdbe5126d4e18135af96182c8fb316a9ac5cc8fbae17abb4a147404f334a,upmem,sdk_simulator,generic-only,per_task_input_quantize,True,True,True,13,,quantized_execution_tolerance,False,sdk_simulator_route_total_and_kernel,1,3.2126516140001513,3.2126516140001513,3.2126516140001513,3.2126516140001513,0.0,3.1709159429992724,3.1709159429992724,3.1709159429992724,3.1709159429992724,0.0,3.1709159429992724,3.1709159429992724,3.1709159429992724,3.1709159429992724,0.0,host_residual,0.04173567100087894,0.04173567100087894,0.04173567100087894,0.04173567100087894,0.0,,,,,,10268.0,,,1,0,0,,,unavailable,1.1102230246251565e-16,3.1401849173675503e-16,0.0,0.0,1.1102230246251565e-16,3.1401849173675503e-16,False,False,,False,
research_benchmark_pack_v1,thesis_upmem_quantization_boundary,bv_3q_thesis_upmem,bv,3,3,3,case_id,,cpu_tn_einsum_exact,,,,not_applicable,9fd3a850cebe36376eb5bada087d9db5c066ac5598d8455b5024b6afe25429be,cb5967d55424e16d199d329593765d07ad4a19e5553313ce454918ba0351ec1c,e2ef85ed5c77ea4fef6986a66dcf6bc24b4a005b4dfcb926d4660be5f10d43f2,cpu,,,,,,,,,,False,,1,0.00011677199972837116,0.00011677199972837116,0.00011677199972837116,0.00011677199972837116,0.0,,,,,,0.00011677199972837116,0.00011677199972837116,0.00011677199972837116,0.00011677199972837116,0.0,total_wall,,,,,,,,,,,,,,0,1,0,,,unavailable,,,,,,,False,False,,False,
research_benchmark_pack_v1,thesis_upmem_quantization_boundary,bv_3q_thesis_upmem,bv,3,3,3,n_qubits,,upmem_tn_runtime,strict_upmem_sdk_simulator_generic,upmem_sdk,tensor_network,sequential,9fd3a850cebe36376eb5bada087d9db5c066ac5598d8455b5024b6afe25429be,cb5967d55424e16d199d329593765d07ad4a19e5553313ce454918ba0351ec1c,e2ef85ed5c77ea4fef6986a66dcf6bc24b4a005b4dfcb926d4660be5f10d43f2,upmem,sdk_simulator,generic-only,none,True,True,True,9,,quantized_execution_tolerance,False,sdk_simulator_route_total_and_kernel,1,2.2306892449996667,2.2306892449996667,2.2306892449996667,2.2306892449996667,0.0,2.2021652199991877,2.2021652199991877,2.2021652199991877,2.2021652199991877,0.0,2.2021652199991877,2.2021652199991877,2.2021652199991877,2.2021652199991877,0.0,host_residual,0.028524025000479014,0.028524025000479014,0.028524025000479014,0.028524025000479014,0.0,,,,,,7084.0,,,1,0,0,,,unavailable,0.0,0.0,0.0,0.0,1.3131090637052978e-07,1.8570166467670685e-07,False,False,,False,
research_benchmark_pack_v1,thesis_upmem_quantization_boundary,bv_3q_thesis_upmem,bv,3,3,3,n_qubits,,upmem_tn_runtime,strict_upmem_sdk_simulator_generic,upmem_sdk,tensor_network,sequential,9fd3a850cebe36376eb5bada087d9db5c066ac5598d8455b5024b6afe25429be,cb5967d55424e16d199d329593765d07ad4a19e5553313ce454918ba0351ec1c,e2ef85ed5c77ea4fef6986a66dcf6bc24b4a005b4dfcb926d4660be5f10d43f2,upmem,sdk_simulator,generic-only,per_task_input_quantize,True,True,True,9,,quantized_execution_tolerance,False,sdk_simulator_route_total_and_kernel,1,2.219432993999817,2.219432993999817,2.219432993999817,2.219432993999817,0.0,2.190944034999575,2.190944034999575,2.190944034999575,2.190944034999575,0.0,2.190944034999575,2.190944034999575,2.190944034999575,2.190944034999575,0.0,host_residual,0.028488959000242176,0.028488959000242176,0.028488959000242176,0.028488959000242176,0.0,,,,,,6948.0,,,1,0,0,,,unavailable,2.220446049250313e-16,3.1401849173675503e-16,0.0,0.0,2.220446049250313e-16,3.1401849173675503e-16,False,False,,False,
research_benchmark_pack_v1,thesis_upmem_quantization_boundary,bv_4q_thesis_upmem,bv,4,4,4,case_id,,cpu_tn_einsum_exact,,,,not_applicable,d8fd4a710bfbeabe4ce64d00487152bac41246448f8aa97264ecd602251a656a,6d183a0bc98530449a216197bc63ad41f75f05947d0a9abb989d5793ab42e199,c916cd864b03e9655e6878ac26ed29f511d1490076c208c05671cc98ecc5dffc,cpu,,,,,,,,,,False,,1,0.0001502960003563203,0.0001502960003563203,0.0001502960003563203,0.0001502960003563203,0.0,,,,,,0.0001502960003563203,0.0001502960003563203,0.0001502960003563203,0.0001502960003563203,0.0,total_wall,,,,,,,,,,,,,,0,1,0,,,unavailable,,,,,,,False,False,,False,
research_benchmark_pack_v1,thesis_upmem_quantization_boundary,bv_4q_thesis_upmem,bv,4,4,4,n_qubits,,upmem_tn_runtime,strict_upmem_sdk_simulator_generic,upmem_sdk,tensor_network,sequential,d8fd4a710bfbeabe4ce64d00487152bac41246448f8aa97264ecd602251a656a,6d183a0bc98530449a216197bc63ad41f75f05947d0a9abb989d5793ab42e199,c916cd864b03e9655e6878ac26ed29f511d1490076c208c05671cc98ecc5dffc,upmem,sdk_simulator,generic-only,none,True,True,True,13,,quantized_execution_tolerance,False,sdk_simulator_route_total_and_kernel,1,3.240067566000107,3.240067566000107,3.240067566000107,3.240067566000107,0.0,3.1979554790013935,3.1979554790013935,3.1979554790013935,3.1979554790013935,0.0,3.1979554790013935,3.1979554790013935,3.1979554790013935,3.1979554790013935,0.0,host_residual,0.042112086998713494,0.042112086998713494,0.042112086998713494,0.042112086998713494,0.0,,,,,,10388.0,,,1,0,0,,,unavailable,0.0,0.0,0.0,0.0,1.909155510348981e-07,2.699953615414857e-07,False,False,,False,
research_benchmark_pack_v1,thesis_upmem_quantization_boundary,bv_4q_thesis_upmem,bv,4,4,4,n_qubits,,upmem_tn_runtime,strict_upmem_sdk_simulator_generic,upmem_sdk,tensor_network,sequential,d8fd4a710bfbeabe4ce64d00487152bac41246448f8aa97264ecd602251a656a,6d183a0bc98530449a216197bc63ad41f75f05947d0a9abb989d5793ab42e199,c916cd864b03e9655e6878ac26ed29f511d1490076c208c05671cc98ecc5dffc,upmem,sdk_simulator,generic-only,per_task_input_quantize,True,True,True,13,,quantized_execution_tolerance,False,sdk_simulator_route_total_and_kernel,1,3.2812216359998274,3.2812216359998274,3.2812216359998274,3.2812216359998274,0.0,3.240077860999463,3.240077860999463,3.240077860999463,3.240077860999463,0.0,3.240077860999463,3.240077860999463,3.240077860999463,3.240077860999463,0.0,host_residual,0.04114377500036426,0.04114377500036426,0.04114377500036426,0.04114377500036426,0.0,,,,,,10116.0,,,1,0,0,,,unavailable,3.3306690738754696e-16,4.710277376051325e-16,0.0,0.0,3.3306690738754696e-16,4.710277376051325e-16,False,False,,False,
research_benchmark_pack_v1,thesis_upmem_quantization_boundary,edc_4q_thesis_upmem,edc,4,4,4,case_id,,cpu_tn_einsum_exact,,,,not_applicable,d3dc5e929767265821e2a19b3c5b1f956e5053876dbb418ccefe14b4b2b0ede2,1e475ee17435bb64dd5ae2fc6ce792abc18147d5eaf2ccade5adc3f0ea430f08,23d56bc546adb0b0aa68a89ad009e2a38efc1f6e443f5bdd98aaed1ca9014350,cpu,,,,,,,,,,False,,1,0.00011287399956927402,0.00011287399956927402,0.00011287399956927402,0.00011287399956927402,0.0,,,,,,0.00011287399956927402,0.00011287399956927402,0.00011287399956927402,0.00011287399956927402,0.0,total_wall,,,,,,,,,,,,,,0,1,0,,,unavailable,,,,,,,False,False,,False,
research_benchmark_pack_v1,thesis_upmem_quantization_boundary,edc_4q_thesis_upmem,edc,4,4,4,n_qubits,,upmem_tn_runtime,strict_upmem_sdk_simulator_generic,upmem_sdk,tensor_network,sequential,d3dc5e929767265821e2a19b3c5b1f956e5053876dbb418ccefe14b4b2b0ede2,1e475ee17435bb64dd5ae2fc6ce792abc18147d5eaf2ccade5adc3f0ea430f08,23d56bc546adb0b0aa68a89ad009e2a38efc1f6e443f5bdd98aaed1ca9014350,upmem,sdk_simulator,generic-only,none,True,True,True,8,,quantized_execution_tolerance,False,sdk_simulator_route_total_and_kernel,1,1.9790599009998004,1.9790599009998004,1.9790599009998004,1.9790599009998004,0.0,1.9529889599998569,1.9529889599998569,1.9529889599998569,1.9529889599998569,0.0,1.9529889599998569,1.9529889599998569,1.9529889599998569,1.9529889599998569,0.0,host_residual,0.02607094099994356,0.02607094099994356,0.02607094099994356,0.02607094099994356,0.0,,,,,,6576.0,,,1,0,0,,,unavailable,0.0,0.0,0.0,0.0,1.2101617041793133e-08,1.7114270947149224e-08,False,False,,False,
research_benchmark_pack_v1,thesis_upmem_quantization_boundary,edc_4q_thesis_upmem,edc,4,4,4,n_qubits,,upmem_tn_runtime,strict_upmem_sdk_simulator_generic,upmem_sdk,tensor_network,sequential,d3dc5e929767265821e2a19b3c5b1f956e5053876dbb418ccefe14b4b2b0ede2,1e475ee17435bb64dd5ae2fc6ce792abc18147d5eaf2ccade5adc3f0ea430f08,23d56bc546adb0b0aa68a89ad009e2a38efc1f6e443f5bdd98aaed1ca9014350,upmem,sdk_simulator,generic-only,per_task_input_quantize,True,True,True,8,,quantized_execution_tolerance,False,sdk_simulator_route_total_and_kernel,1,1.9870090529998379,1.9870090529998379,1.9870090529998379,1.9870090529998379,0.0,1.9608036970003013,1.9608036970003013,1.9608036970003013,1.9608036970003013,0.0,1.9608036970003013,1.9608036970003013,1.9608036970003013,1.9608036970003013,0.0,host_residual,0.02620535599953655,0.02620535599953655,0.02620535599953655,0.02620535599953655,0.0,,,,,,6304.0,,,1,0,0,,,unavailable,0.0,0.0,0.0,0.0,0.0,0.0,False,False,,False,
research_benchmark_pack_v1,thesis_upmem_quantization_boundary,edc_5q_thesis_upmem_boundary,edc,5,5,5,case_id,,cpu_tn_einsum_exact,,,,not_applicable,e60284dd79929e4c61fabf441192dd8b5613dbb81b06a84f0f0b0db146b362ec,9e503c0e0986ef07e94c459dd190f43db9e9289d46478cb9391fe9ba90faa944,b25f5add95ff0544a2eac2deb8e024df21f6a7cd8d99949e09ab683e6c927f4e,cpu,,,,,,,,,,False,,1,0.0001297270000577555,0.0001297270000577555,0.0001297270000577555,0.0001297270000577555,0.0,,,,,,0.0001297270000577555,0.0001297270000577555,0.0001297270000577555,0.0001297270000577555,0.0,total_wall,,,,,,,,,,,,,,0,1,0,,,unavailable,,,,,,,False,False,,False,
research_benchmark_pack_v1,thesis_upmem_quantization_boundary,edc_5q_thesis_upmem_boundary,edc,5,5,5,n_qubits,,upmem_tn_runtime,strict_upmem_sdk_simulator_generic,upmem_sdk,tensor_network,sequential,e60284dd79929e4c61fabf441192dd8b5613dbb81b06a84f0f0b0db146b362ec,9e503c0e0986ef07e94c459dd190f43db9e9289d46478cb9391fe9ba90faa944,b25f5add95ff0544a2eac2deb8e024df21f6a7cd8d99949e09ab683e6c927f4e,upmem,sdk_simulator,generic-only,none,True,True,True,10,,quantized_execution_tolerance,False,sdk_simulator_route_total_and_kernel,1,2.518427691999932,2.518427691999932,2.518427691999932,2.518427691999932,0.0,2.485225347999858,2.485225347999858,2.485225347999858,2.485225347999858,0.0,2.485225347999858,2.485225347999858,2.485225347999858,2.485225347999858,0.0,host_residual,0.033202344000073936,0.033202344000073936,0.033202344000073936,0.033202344000073936,0.0,,,,,,8384.0,,,1,0,0,,,unavailable,0.0,0.0,0.0,0.0,1.2101617041793133e-08,1.7114270947149224e-08,False,False,,False,
research_benchmark_pack_v1,thesis_upmem_quantization_boundary,edc_5q_thesis_upmem_boundary,edc,5,5,5,n_qubits,,upmem_tn_runtime,strict_upmem_sdk_simulator_generic,upmem_sdk,tensor_network,sequential,e60284dd79929e4c61fabf441192dd8b5613dbb81b06a84f0f0b0db146b362ec,9e503c0e0986ef07e94c459dd190f43db9e9289d46478cb9391fe9ba90faa944,b25f5add95ff0544a2eac2deb8e024df21f6a7cd8d99949e09ab683e6c927f4e,upmem,sdk_simulator,generic-only,per_task_input_quantize,True,True,True,10,,quantized_execution_tolerance,False,sdk_simulator_route_total_and_kernel,1,2.4745093169999564,2.4745093169999564,2.4745093169999564,2.4745093169999564,0.0,2.4420354800004134,2.4420354800004134,2.4420354800004134,2.4420354800004134,0.0,2.4420354800004134,2.4420354800004134,2.4420354800004134,2.4420354800004134,0.0,host_residual,0.03247383699954298,0.03247383699954298,0.03247383699954298,0.03247383699954298,0.0,,,,,,7992.0,,,1,0,0,,,unavailable,0.0,0.0,0.0,0.0,0.0,0.0,False,False,,False,
research_benchmark_pack_v1,thesis_upmem_quantization_boundary,ghz_4q_thesis_upmem,ghz,4,4,4,case_id,,cpu_tn_einsum_exact,,,,not_applicable,e1b2168c1e609c2ee1db7e6b85b9ac098e3c6a3d614af528684140a2a3b4fade,a3977d1a1f6265a5ba337093cbf524d4bdc55387de7c2fb6aa5c92ae26cce67c,148568db3e6980639dc145cebb9cae3a8d3df0e255320587b32916a43d2d71eb,cpu,,,,,,,,,,False,,1,0.00010720399995989283,0.00010720399995989283,0.00010720399995989283,0.00010720399995989283,0.0,,,,,,0.00010720399995989283,0.00010720399995989283,0.00010720399995989283,0.00010720399995989283,0.0,total_wall,,,,,,,,,,,,,,0,1,0,,,unavailable,,,,,,,False,False,,False,
research_benchmark_pack_v1,thesis_upmem_quantization_boundary,ghz_4q_thesis_upmem,ghz,4,4,4,n_qubits,,upmem_tn_runtime,strict_upmem_sdk_simulator_generic,upmem_sdk,tensor_network,sequential,e1b2168c1e609c2ee1db7e6b85b9ac098e3c6a3d614af528684140a2a3b4fade,a3977d1a1f6265a5ba337093cbf524d4bdc55387de7c2fb6aa5c92ae26cce67c,148568db3e6980639dc145cebb9cae3a8d3df0e255320587b32916a43d2d71eb,upmem,sdk_simulator,generic-only,none,True,True,True,7,,quantized_execution_tolerance,False,sdk_simulator_route_total_and_kernel,1,1.7430194339999616,1.7430194339999616,1.7430194339999616,1.7430194339999616,0.0,1.7197977800001354,1.7197977800001354,1.7197977800001354,1.7197977800001354,0.0,1.7197977800001354,1.7197977800001354,1.7197977800001354,1.7197977800001354,0.0,host_residual,0.02322165399982623,0.02322165399982623,0.02322165399982623,0.02322165399982623,0.0,,,,,,5788.0,,,1,0,0,,,unavailable,0.0,0.0,0.0,0.0,1.2101617041793133e-08,1.7114270947149224e-08,False,False,,False,
research_benchmark_pack_v1,thesis_upmem_quantization_boundary,ghz_4q_thesis_upmem,ghz,4,4,4,n_qubits,,upmem_tn_runtime,strict_upmem_sdk_simulator_generic,upmem_sdk,tensor_network,sequential,e1b2168c1e609c2ee1db7e6b85b9ac098e3c6a3d614af528684140a2a3b4fade,a3977d1a1f6265a5ba337093cbf524d4bdc55387de7c2fb6aa5c92ae26cce67c,148568db3e6980639dc145cebb9cae3a8d3df0e255320587b32916a43d2d71eb,upmem,sdk_simulator,generic-only,per_task_input_quantize,True,True,True,7,,quantized_execution_tolerance,False,sdk_simulator_route_total_and_kernel,1,1.7737975120003284,1.7737975120003284,1.7737975120003284,1.7737975120003284,0.0,1.7517637470014051,1.7517637470014051,1.7517637470014051,1.7517637470014051,0.0,1.7517637470014051,1.7517637470014051,1.7517637470014051,1.7517637470014051,0.0,host_residual,0.02203376499892329,0.02203376499892329,0.02203376499892329,0.02203376499892329,0.0,,,,,,5532.0,,,1,0,0,,,unavailable,0.0,0.0,0.0,0.0,0.0,0.0,False,False,,False,
research_benchmark_pack_v1,thesis_upmem_quantization_boundary,ghz_5q_thesis_upmem_boundary,ghz,5,5,5,case_id,,cpu_tn_einsum_exact,,,,not_applicable,5c1001ecce76a8eed5ef5e18ad4b35be6ccc4a08051ff68e864012aa4cad9bad,ba398e80a5df2d1add6c5d5c16ffa4b0b5ee765a85ec2ee3597a29008c3d5351,f410fc65af4b9333cccc40d77433577f93eb843e28df96706f4df9ee39b3dee7,cpu,,,,,,,,,,False,,1,0.00012482700003602076,0.00012482700003602076,0.00012482700003602076,0.00012482700003602076,0.0,,,,,,0.00012482700003602076,0.00012482700003602076,0.00012482700003602076,0.00012482700003602076,0.0,total_wall,,,,,,,,,,,,,,0,1,0,,,unavailable,,,,,,,False,False,,False,
research_benchmark_pack_v1,thesis_upmem_quantization_boundary,ghz_5q_thesis_upmem_boundary,ghz,5,5,5,n_qubits,,upmem_tn_runtime,strict_upmem_sdk_simulator_generic,upmem_sdk,tensor_network,sequential,5c1001ecce76a8eed5ef5e18ad4b35be6ccc4a08051ff68e864012aa4cad9bad,ba398e80a5df2d1add6c5d5c16ffa4b0b5ee765a85ec2ee3597a29008c3d5351,f410fc65af4b9333cccc40d77433577f93eb843e28df96706f4df9ee39b3dee7,upmem,sdk_simulator,generic-only,none,True,True,True,9,,quantized_execution_tolerance,False,sdk_simulator_route_total_and_kernel,1,2.24851141299996,2.24851141299996,2.24851141299996,2.24851141299996,0.0,2.2177931750002244,2.2177931750002244,2.2177931750002244,2.2177931750002244,0.0,2.2177931750002244,2.2177931750002244,2.2177931750002244,2.2177931750002244,0.0,host_residual,0.03071823799973572,0.03071823799973572,0.03071823799973572,0.03071823799973572,0.0,,,,,,7596.0,,,1,0,0,,,unavailable,0.0,0.0,0.0,0.0,1.2101617041793133e-08,1.7114270947149224e-08,False,False,,False,
research_benchmark_pack_v1,thesis_upmem_quantization_boundary,ghz_5q_thesis_upmem_boundary,ghz,5,5,5,n_qubits,,upmem_tn_runtime,strict_upmem_sdk_simulator_generic,upmem_sdk,tensor_network,sequential,5c1001ecce76a8eed5ef5e18ad4b35be6ccc4a08051ff68e864012aa4cad9bad,ba398e80a5df2d1add6c5d5c16ffa4b0b5ee765a85ec2ee3597a29008c3d5351,f410fc65af4b9333cccc40d77433577f93eb843e28df96706f4df9ee39b3dee7,upmem,sdk_simulator,generic-only,per_task_input_quantize,True,True,True,9,,quantized_execution_tolerance,False,sdk_simulator_route_total_and_kernel,1,2.3998276520001127,2.3998276520001127,2.3998276520001127,2.3998276520001127,0.0,2.369578143000126,2.369578143000126,2.369578143000126,2.369578143000126,0.0,2.369578143000126,2.369578143000126,2.369578143000126,2.369578143000126,0.0,host_residual,0.030249508999986574,0.030249508999986574,0.030249508999986574,0.030249508999986574,0.0,,,,,,7220.0,,,1,0,0,,,unavailable,0.0,0.0,0.0,0.0,0.0,0.0,False,False,,False,
research_benchmark_pack_v1,thesis_upmem_quantization_boundary,qrng_13q_thesis_upmem_supported,qrng,13,13,13,case_id,,cpu_tn_einsum_exact,,,,not_applicable,98a596fafa4b84ffadb9c9b6d65ea6194caf37a29fae89c9703dedaee7a3b6c1,33c007bea34a76549f6659e14abb7ecc6f921ae9b016b1183062f5cbba110987,8ba4a88fb66a4e2a04d680bcf7ea521fa33f42288f97ac9bc59f56a47585de15,cpu,,,,,,,,,,False,,1,0.00027925099993808544,0.00027925099993808544,0.00027925099993808544,0.00027925099993808544,0.0,,,,,,0.00027925099993808544,0.00027925099993808544,0.00027925099993808544,0.00027925099993808544,0.0,total_wall,,,,,,,,,,,,,,0,1,0,,,unavailable,,,,,,,False,False,,False,
research_benchmark_pack_v1,thesis_upmem_quantization_boundary,qrng_13q_thesis_upmem_supported,qrng,13,13,13,n_qubits,,upmem_tn_runtime,strict_upmem_sdk_simulator_generic,upmem_sdk,tensor_network,sequential,98a596fafa4b84ffadb9c9b6d65ea6194caf37a29fae89c9703dedaee7a3b6c1,33c007bea34a76549f6659e14abb7ecc6f921ae9b016b1183062f5cbba110987,8ba4a88fb66a4e2a04d680bcf7ea521fa33f42288f97ac9bc59f56a47585de15,upmem,sdk_simulator,generic-only,none,True,True,True,25,,quantized_execution_tolerance,False,sdk_simulator_route_total_and_kernel,1,6.659687828000187,6.659687828000187,6.659687828000187,6.659687828000187,0.0,6.246171624999079,6.246171624999079,6.246171624999079,6.246171624999079,0.0,6.246171624999079,6.246171624999079,6.246171624999079,6.246171624999079,0.0,host_residual,0.4135162030011088,0.4135162030011088,0.4135162030011088,0.4135162030011088,0.0,,,,,,54604.0,,,1,0,0,,,unavailable,0.0,0.0,0.0,0.0,4.8457006254776225e-09,4.385827548000078e-07,False,False,,False,
research_benchmark_pack_v1,thesis_upmem_quantization_boundary,qrng_13q_thesis_upmem_supported,qrng,13,13,13,n_qubits,,upmem_tn_runtime,strict_upmem_sdk_simulator_generic,upmem_sdk,tensor_network,sequential,98a596fafa4b84ffadb9c9b6d65ea6194caf37a29fae89c9703dedaee7a3b6c1,33c007bea34a76549f6659e14abb7ecc6f921ae9b016b1183062f5cbba110987,8ba4a88fb66a4e2a04d680bcf7ea521fa33f42288f97ac9bc59f56a47585de15,upmem,sdk_simulator,generic-only,per_task_input_quantize,True,True,True,25,,quantized_execution_tolerance,False,sdk_simulator_route_total_and_kernel,1,6.785397740999997,6.785397740999997,6.785397740999997,6.785397740999997,0.0,6.45587555900056,6.45587555900056,6.45587555900056,6.45587555900056,0.0,6.45587555900056,6.45587555900056,6.45587555900056,6.45587555900056,0.0,host_residual,0.3295221819994367,0.3295221819994367,0.3295221819994367,0.3295221819994367,0.0,,,,,,53468.0,,,1,0,0,,,unavailable,3.469446951953614e-18,3.1401849173675503e-16,0.0,0.0,3.469446951953614e-18,3.1401849173675503e-16,False,False,,False,
research_benchmark_pack_v1,thesis_upmem_quantization_boundary,qrng_17q_thesis_upmem_feasibility_boundary,qrng,17,17,17,case_id,,cpu_tn_einsum_exact,,,,not_applicable,7fc476e5881c7f19bf22deaa0fb3cc2e81f6e458b39d2853b42cb17362fa5fe4,a66504a2c74e2176a9ff1e490acfd9bcc8c5f73229a61fd3c3e579eee9fc5d3c,1a562fcbf9e20a5af5b72a7aede967316ac3f33dabb49cbf5e96c129d0910b12,cpu,,,,,,,,,,False,,1,0.0014562699998350581,0.0014562699998350581,0.0014562699998350581,0.0014562699998350581,0.0,,,,,,0.0014562699998350581,0.0014562699998350581,0.0014562699998350581,0.0014562699998350581,0.0,total_wall,,,,,,,,,,,,,,0,1,0,,,unavailable,,,,,,,False,False,,False,
research_benchmark_pack_v1,thesis_upmem_quantization_boundary,qrng_17q_thesis_upmem_feasibility_boundary,qrng,17,17,17,n_qubits,,upmem_tn_runtime,strict_upmem_sdk_simulator_generic,upmem_sdk,tensor_network,not_applicable,,,,upmem,sdk_simulator,generic-only,none,,False,,,,,False,sdk_simulator_route_total_and_kernel,1,0.0,0.0,0.0,0.0,0.0,0.0,0.0,0.0,0.0,0.0,0.0,0.0,0.0,0.0,0.0,host_residual,0.0,0.0,0.0,0.0,0.0,,,,,,,,,0,0,1,,,unavailable,,,,,,,False,False,,False,generic_feasibility_rank_cap_exceeded
research_benchmark_pack_v1,thesis_upmem_quantization_boundary,qrng_17q_thesis_upmem_feasibility_boundary,qrng,17,17,17,n_qubits,,upmem_tn_runtime,strict_upmem_sdk_simulator_generic,upmem_sdk,tensor_network,not_applicable,,,,upmem,sdk_simulator,generic-only,per_task_input_quantize,,False,,,,,False,sdk_simulator_route_total_and_kernel,1,0.0,0.0,0.0,0.0,0.0,0.0,0.0,0.0,0.0,0.0,0.0,0.0,0.0,0.0,0.0,host_residual,0.0,0.0,0.0,0.0,0.0,,,,,,,,,0,0,1,,,unavailable,,,,,,,False,False,,False,generic_feasibility_rank_cap_exceeded
research_benchmark_pack_v1,thesis_upmem_quantization_boundary,qrng_4q_thesis_upmem,qrng,4,4,4,case_id,,cpu_tn_einsum_exact,,,,not_applicable,133003c2811248e2c1f13a8213a7e32eecc79ed2676b8cb365973030c1041014,db67177f5586b5cd4be61762a127d3847c086b9fe49430050e6d8a583eee4cf4,8edf47b1d92d90a30af95c7ee39a7fef1530fd283fe8446d007a383cf27d7cbe,cpu,,,,,,,,,,False,,1,0.00011947700022574281,0.00011947700022574281,0.00011947700022574281,0.00011947700022574281,0.0,,,,,,0.00011947700022574281,0.00011947700022574281,0.00011947700022574281,0.00011947700022574281,0.0,total_wall,,,,,,,,,,,,,,0,1,0,,,unavailable,,,,,,,False,False,,False,
research_benchmark_pack_v1,thesis_upmem_quantization_boundary,qrng_4q_thesis_upmem,qrng,4,4,4,n_qubits,,upmem_tn_runtime,strict_upmem_sdk_simulator_generic,upmem_sdk,tensor_network,sequential,133003c2811248e2c1f13a8213a7e32eecc79ed2676b8cb365973030c1041014,db67177f5586b5cd4be61762a127d3847c086b9fe49430050e6d8a583eee4cf4,8edf47b1d92d90a30af95c7ee39a7fef1530fd283fe8446d007a383cf27d7cbe,upmem,sdk_simulator,generic-only,none,True,True,True,7,,quantized_execution_tolerance,False,sdk_simulator_route_total_and_kernel,1,1.7244483649997164,1.7244483649997164,1.7244483649997164,1.7244483649997164,0.0,1.7025551119995725,1.7025551119995725,1.7025551119995725,1.7025551119995725,0.0,1.7025551119995725,1.7025551119995725,1.7025551119995725,1.7025551119995725,0.0,host_residual,0.021893253000143886,0.021893253000143886,0.021893253000143886,0.021893253000143886,0.0,,,,,,5468.0,,,1,0,0,,,unavailable,0.0,0.0,0.0,0.0,2.980232227667301e-08,1.1920928910669204e-07,False,False,,False,
research_benchmark_pack_v1,thesis_upmem_quantization_boundary,qrng_4q_thesis_upmem,qrng,4,4,4,n_qubits,,upmem_tn_runtime,strict_upmem_sdk_simulator_generic,upmem_sdk,tensor_network,sequential,133003c2811248e2c1f13a8213a7e32eecc79ed2676b8cb365973030c1041014,db67177f5586b5cd4be61762a127d3847c086b9fe49430050e6d8a583eee4cf4,8edf47b1d92d90a30af95c7ee39a7fef1530fd283fe8446d007a383cf27d7cbe,upmem,sdk_simulator,generic-only,per_task_input_quantize,True,True,True,7,,quantized_execution_tolerance,False,sdk_simulator_route_total_and_kernel,1,1.7343151139998554,1.7343151139998554,1.7343151139998554,1.7343151139998554,0.0,1.7128602249999858,1.7128602249999858,1.7128602249999858,1.7128602249999858,0.0,1.7128602249999858,1.7128602249999858,1.7128602249999858,1.7128602249999858,0.0,host_residual,0.02145488899986958,0.02145488899986958,0.02145488899986958,0.02145488899986958,0.0,,,,,,5420.0,,,1,0,0,,,unavailable,2.7755575615628914e-17,1.1102230246251565e-16,2.7755575615628914e-17,1.1102230246251565e-16,2.7755575615628914e-17,1.1102230246251565e-16,False,False,,False,
research_benchmark_pack_v1,thesis_upmem_quantization_boundary,qrng_5q_thesis_upmem,qrng,5,5,5,case_id,,cpu_tn_einsum_exact,,,,not_applicable,23a8e62f38ef0807d1c4c355e3388ae1db0a07d023f8b25c3cd74d8d62d5f9c5,0f93e406a38c00ff84a666eea634e2efa7cfbf898d2b99139cf85efb6fba26c5,009ee793c21367a74d1f58d161ccb84c5a1aeb69b1f598b572c39a0b4be9a220,cpu,,,,,,,,,,False,,1,0.00011811499962277594,0.00011811499962277594,0.00011811499962277594,0.00011811499962277594,0.0,,,,,,0.00011811499962277594,0.00011811499962277594,0.00011811499962277594,0.00011811499962277594,0.0,total_wall,,,,,,,,,,,,,,0,1,0,,,unavailable,,,,,,,False,False,,False,
research_benchmark_pack_v1,thesis_upmem_quantization_boundary,qrng_5q_thesis_upmem,qrng,5,5,5,n_qubits,,upmem_tn_runtime,strict_upmem_sdk_simulator_generic,upmem_sdk,tensor_network,sequential,23a8e62f38ef0807d1c4c355e3388ae1db0a07d023f8b25c3cd74d8d62d5f9c5,0f93e406a38c00ff84a666eea634e2efa7cfbf898d2b99139cf85efb6fba26c5,009ee793c21367a74d1f58d161ccb84c5a1aeb69b1f598b572c39a0b4be9a220,upmem,sdk_simulator,generic-only,none,True,True,True,9,,quantized_execution_tolerance,False,sdk_simulator_route_total_and_kernel,1,2.25344915200003,2.25344915200003,2.25344915200003,2.25344915200003,0.0,2.224621962999663,2.224621962999663,2.224621962999663,2.224621962999663,0.0,2.224621962999663,2.224621962999663,2.224621962999663,2.224621962999663,0.0,host_residual,0.02882718900036707,0.02882718900036707,0.02882718900036707,0.02882718900036707,0.0,,,,,,7116.0,,,1,0,0,,,unavailable,0.0,0.0,0.0,0.0,3.2827726592632445e-08,1.8570166467670685e-07,False,False,,False,
research_benchmark_pack_v1,thesis_upmem_quantization_boundary,qrng_5q_thesis_upmem,qrng,5,5,5,n_qubits,,upmem_tn_runtime,strict_upmem_sdk_simulator_generic,upmem_sdk,tensor_network,sequential,23a8e62f38ef0807d1c4c355e3388ae1db0a07d023f8b25c3cd74d8d62d5f9c5,0f93e406a38c00ff84a666eea634e2efa7cfbf898d2b99139cf85efb6fba26c5,009ee793c21367a74d1f58d161ccb84c5a1aeb69b1f598b572c39a0b4be9a220,upmem,sdk_simulator,generic-only,per_task_input_quantize,True,True,True,9,,quantized_execution_tolerance,False,sdk_simulator_route_total_and_kernel,1,2.247184136999749,2.247184136999749,2.247184136999749,2.247184136999749,0.0,2.218298875997789,2.218298875997789,2.218298875997789,2.218298875997789,0.0,2.218298875997789,2.218298875997789,2.218298875997789,2.218298875997789,0.0,host_residual,0.028885261001960316,0.028885261001960316,0.028885261001960316,0.028885261001960316,0.0,,,,,,7036.0,,,1,0,0,,,unavailable,5.551115123125783e-17,3.1401849173675503e-16,0.0,0.0,5.551115123125783e-17,3.1401849173675503e-16,False,False,,False,
research_benchmark_pack_v1,thesis_upmem_quantization_boundary,qrng_6q_thesis_upmem,qrng,6,6,6,case_id,,cpu_tn_einsum_exact,,,,not_applicable,7765b2586dce52ee4c0f8bbdfbefdda7b88ed920fdab08bdcd5a012139f66966,409b5e0cce3794f32840519f4006531b16fa193ab5b4597721bf39c0c6377e76,3396576e3d87eae8840cdc4399fc31da1291d2b855542b5c9f11082740587801,cpu,,,,,,,,,,False,,1,0.0001377109997520165,0.0001377109997520165,0.0001377109997520165,0.0001377109997520165,0.0,,,,,,0.0001377109997520165,0.0001377109997520165,0.0001377109997520165,0.0001377109997520165,0.0,total_wall,,,,,,,,,,,,,,0,1,0,,,unavailable,,,,,,,False,False,,False,
research_benchmark_pack_v1,thesis_upmem_quantization_boundary,qrng_6q_thesis_upmem,qrng,6,6,6,n_qubits,,upmem_tn_runtime,strict_upmem_sdk_simulator_generic,upmem_sdk,tensor_network,sequential,7765b2586dce52ee4c0f8bbdfbefdda7b88ed920fdab08bdcd5a012139f66966,409b5e0cce3794f32840519f4006531b16fa193ab5b4597721bf39c0c6377e76,3396576e3d87eae8840cdc4399fc31da1291d2b855542b5c9f11082740587801,upmem,sdk_simulator,generic-only,none,True,True,True,11,,quantized_execution_tolerance,False,sdk_simulator_route_total_and_kernel,1,2.7946378890001142,2.7946378890001142,2.7946378890001142,2.7946378890001142,0.0,2.7573609589990156,2.7573609589990156,2.7573609589990156,2.7573609589990156,0.0,2.7573609589990156,2.7573609589990156,2.7573609589990156,2.7573609589990156,0.0,host_residual,0.03727693000109866,0.03727693000109866,0.03727693000109866,0.03727693000109866,0.0,,,,,,8860.0,,,1,0,0,,,unavailable,0.0,0.0,0.0,0.0,2.2351741707504758e-08,1.7881393366003806e-07,False,False,,False,
research_benchmark_pack_v1,thesis_upmem_quantization_boundary,qrng_6q_thesis_upmem,qrng,6,6,6,n_qubits,,upmem_tn_runtime,strict_upmem_sdk_simulator_generic,upmem_sdk,tensor_network,sequential,7765b2586dce52ee4c0f8bbdfbefdda7b88ed920fdab08bdcd5a012139f66966,409b5e0cce3794f32840519f4006531b16fa193ab5b4597721bf39c0c6377e76,3396576e3d87eae8840cdc4399fc31da1291d2b855542b5c9f11082740587801,upmem,sdk_simulator,generic-only,per_task_input_quantize,True,True,True,11,,quantized_execution_tolerance,False,sdk_simulator_route_total_and_kernel,1,2.7877110589997756,2.7877110589997756,2.7877110589997756,2.7877110589997756,0.0,2.7526537309995547,2.7526537309995547,2.7526537309995547,2.7526537309995547,0.0,2.7526537309995547,2.7526537309995547,2.7526537309995547,2.7526537309995547,0.0,host_residual,0.03505732800022088,0.03505732800022088,0.03505732800022088,0.03505732800022088,0.0,,,,,,8740.0,,,1,0,0,,,unavailable,1.3877787807814457e-17,1.1102230246251565e-16,1.3877787807814457e-17,1.1102230246251565e-16,1.3877787807814457e-17,1.1102230246251565e-16,False,False,,False,
research_benchmark_pack_v1,thesis_upmem_quantization_boundary,qrng_7q_thesis_upmem_boundary,qrng,7,7,7,case_id,,cpu_tn_einsum_exact,,,,not_applicable,3d2a43a03ea285c60b8cdc205675dee1bc83b31cad640bc5ebee99728089d956,853cd253cd9dd88476fb376d3c3efde20583a345bfb95c6c75233ad59a4c66cd,3257314e5bc3848c131c307ff2441a57719c93112bfb7e25318d4f4d41112a48,cpu,,,,,,,,,,False,,1,0.0001505360000919609,0.0001505360000919609,0.0001505360000919609,0.0001505360000919609,0.0,,,,,,0.0001505360000919609,0.0001505360000919609,0.0001505360000919609,0.0001505360000919609,0.0,total_wall,,,,,,,,,,,,,,0,1,0,,,unavailable,,,,,,,False,False,,False,
research_benchmark_pack_v1,thesis_upmem_quantization_boundary,qrng_7q_thesis_upmem_boundary,qrng,7,7,7,n_qubits,,upmem_tn_runtime,strict_upmem_sdk_simulator_generic,upmem_sdk,tensor_network,sequential,3d2a43a03ea285c60b8cdc205675dee1bc83b31cad640bc5ebee99728089d956,853cd253cd9dd88476fb376d3c3efde20583a345bfb95c6c75233ad59a4c66cd,3257314e5bc3848c131c307ff2441a57719c93112bfb7e25318d4f4d41112a48,upmem,sdk_simulator,generic-only,none,True,True,True,13,,quantized_execution_tolerance,False,sdk_simulator_route_total_and_kernel,1,3.224293587000375,3.224293587000375,3.224293587000375,3.224293587000375,0.0,3.1797853039993242,3.1797853039993242,3.1797853039993242,3.1797853039993242,0.0,3.1797853039993242,3.1797853039993242,3.1797853039993242,3.1797853039993242,0.0,host_residual,0.044508283001050586,0.044508283001050586,0.044508283001050586,0.044508283001050586,0.0,,,,,,10700.0,,,1,0,0,,,unavailable,0.0,0.0,0.0,0.0,1.6413863268560647e-08,1.8570166436268837e-07,False,False,,False,
research_benchmark_pack_v1,thesis_upmem_quantization_boundary,qrng_7q_thesis_upmem_boundary,qrng,7,7,7,n_qubits,,upmem_tn_runtime,strict_upmem_sdk_simulator_generic,upmem_sdk,tensor_network,sequential,3d2a43a03ea285c60b8cdc205675dee1bc83b31cad640bc5ebee99728089d956,853cd253cd9dd88476fb376d3c3efde20583a345bfb95c6c75233ad59a4c66cd,3257314e5bc3848c131c307ff2441a57719c93112bfb7e25318d4f4d41112a48,upmem,sdk_simulator,generic-only,per_task_input_quantize,True,True,True,13,,quantized_execution_tolerance,False,sdk_simulator_route_total_and_kernel,1,3.2758828820001327,3.2758828820001327,3.2758828820001327,3.2758828820001327,0.0,3.233021188999828,3.233021188999828,3.233021188999828,3.233021188999828,0.0,3.233021188999828,3.233021188999828,3.233021188999828,3.233021188999828,0.0,host_residual,0.04286169300030451,0.04286169300030451,0.04286169300030451,0.04286169300030451,0.0,,,,,,10548.0,,,1,0,0,,,unavailable,1.3877787807814457e-17,1.5700924586837752e-16,0.0,0.0,1.3877787807814457e-17,1.5700924586837752e-16,False,False,,False,
research_benchmark_pack_v1,thesis_upmem_quantization_boundary,qrng_8q_thesis_upmem_boundary,qrng,8,8,8,case_id,,cpu_tn_einsum_exact,,,,not_applicable,b62a66269d8ca46657d6e8e2b55f9a7ab1cc31ea71ef67d7cd66a12346afdede,ada86718659758863562203865b9238ae07a8f4d682fdcd96e4e285d48761066,aa95bf779864cb340a5846f73947cb7a6d8f7e827a527102ccabbe32e7cdef41,cpu,,,,,,,,,,False,,1,0.00025142899994534673,0.00025142899994534673,0.00025142899994534673,0.00025142899994534673,0.0,,,,,,0.00025142899994534673,0.00025142899994534673,0.00025142899994534673,0.00025142899994534673,0.0,total_wall,,,,,,,,,,,,,,0,1,0,,,unavailable,,,,,,,False,False,,False,
research_benchmark_pack_v1,thesis_upmem_quantization_boundary,qrng_8q_thesis_upmem_boundary,qrng,8,8,8,n_qubits,,upmem_tn_runtime,strict_upmem_sdk_simulator_generic,upmem_sdk,tensor_network,sequential,b62a66269d8ca46657d6e8e2b55f9a7ab1cc31ea71ef67d7cd66a12346afdede,ada86718659758863562203865b9238ae07a8f4d682fdcd96e4e285d48761066,aa95bf779864cb340a5846f73947cb7a6d8f7e827a527102ccabbe32e7cdef41,upmem,sdk_simulator,generic-only,none,True,True,True,15,,quantized_execution_tolerance,False,sdk_simulator_route_total_and_kernel,1,3.7714599189998808,3.7714599189998808,3.7714599189998808,3.7714599189998808,0.0,3.7151663449999432,3.7151663449999432,3.7151663449999432,3.7151663449999432,0.0,3.7151663449999432,3.7151663449999432,3.7151663449999432,3.7151663449999432,0.0,host_residual,0.05629357399993751,0.05629357399993751,0.05629357399993751,0.05629357399993751,0.0,,,,,,12828.0,,,1,0,0,,,unavailable,0.0,0.0,0.0,0.0,1.4901161138336505e-08,2.3841857821338408e-07,False,False,,False,
research_benchmark_pack_v1,thesis_upmem_quantization_boundary,qrng_8q_thesis_upmem_boundary,qrng,8,8,8,n_qubits,,upmem_tn_runtime,strict_upmem_sdk_simulator_generic,upmem_sdk,tensor_network,sequential,b62a66269d8ca46657d6e8e2b55f9a7ab1cc31ea71ef67d7cd66a12346afdede,ada86718659758863562203865b9238ae07a8f4d682fdcd96e4e285d48761066,aa95bf779864cb340a5846f73947cb7a6d8f7e827a527102ccabbe32e7cdef41,upmem,sdk_simulator,generic-only,per_task_input_quantize,True,True,True,15,,quantized_execution_tolerance,False,sdk_simulator_route_total_and_kernel,1,3.7742327750002005,3.7742327750002005,3.7742327750002005,3.7742327750002005,0.0,3.7215966539993133,3.7215966539993133,3.7215966539993133,3.7215966539993133,0.0,3.7215966539993133,3.7215966539993133,3.7215966539993133,3.7215966539993133,0.0,host_residual,0.052636121000887215,0.052636121000887215,0.052636121000887215,0.052636121000887215,0.0,,,,,,12636.0,,,1,0,0,,,unavailable,6.938893903907228e-18,1.1102230246251565e-16,6.938893903907228e-18,1.1102230246251565e-16,6.938893903907228e-18,1.1102230246251565e-16,False,False,,False,
research_benchmark_pack_v1,thesis_upmem_quantization_boundary,xor_3q_thesis_upmem,xor,3,3,3,case_id,,cpu_tn_einsum_exact,,,,not_applicable,2fbb146c724f3d73c6aac1b55827fb048572eda0f6a5f33abdd2ae47a7a588a5,ff52f46229923f44c141d144d815396b1e730309a8e259ac5576bdb471e6216b,22930d5b8d1f78c7c4f1098e6b246e90855df84bc41853722592655a3875c5df,cpu,,,,,,,,,,False,,1,8.383899967157049e-05,8.383899967157049e-05,8.383899967157049e-05,8.383899967157049e-05,0.0,,,,,,8.383899967157049e-05,8.383899967157049e-05,8.383899967157049e-05,8.383899967157049e-05,0.0,total_wall,,,,,,,,,,,,,,0,1,0,,,unavailable,,,,,,,False,False,,False,
research_benchmark_pack_v1,thesis_upmem_quantization_boundary,xor_3q_thesis_upmem,xor,3,3,3,n_qubits,,upmem_tn_runtime,strict_upmem_sdk_simulator_generic,upmem_sdk,tensor_network,sequential,2fbb146c724f3d73c6aac1b55827fb048572eda0f6a5f33abdd2ae47a7a588a5,ff52f46229923f44c141d144d815396b1e730309a8e259ac5576bdb471e6216b,22930d5b8d1f78c7c4f1098e6b246e90855df84bc41853722592655a3875c5df,upmem,sdk_simulator,generic-only,none,True,True,True,5,,quantized_execution_tolerance,False,sdk_simulator_route_total_and_kernel,1,1.2346295199999986,1.2346295199999986,1.2346295199999986,1.2346295199999986,0.0,1.2184850859998733,1.2184850859998733,1.2184850859998733,1.2184850859998733,0.0,1.2184850859998733,1.2184850859998733,1.2184850859998733,1.2184850859998733,0.0,host_residual,0.01614443400012533,0.01614443400012533,0.01614443400012533,0.01614443400012533,0.0,,,,,,4076.0,,,1,0,0,,,unavailable,0.0,0.0,0.0,0.0,1.2101617041793133e-08,1.7114270947149224e-08,False,False,,False,
research_benchmark_pack_v1,thesis_upmem_quantization_boundary,xor_3q_thesis_upmem,xor,3,3,3,n_qubits,,upmem_tn_runtime,strict_upmem_sdk_simulator_generic,upmem_sdk,tensor_network,sequential,2fbb146c724f3d73c6aac1b55827fb048572eda0f6a5f33abdd2ae47a7a588a5,ff52f46229923f44c141d144d815396b1e730309a8e259ac5576bdb471e6216b,22930d5b8d1f78c7c4f1098e6b246e90855df84bc41853722592655a3875c5df,upmem,sdk_simulator,generic-only,per_task_input_quantize,True,True,True,5,,quantized_execution_tolerance,False,sdk_simulator_route_total_and_kernel,1,1.2386570020003091,1.2386570020003091,1.2386570020003091,1.2386570020003091,0.0,1.2223517429997628,1.2223517429997628,1.2223517429997628,1.2223517429997628,0.0,1.2223517429997628,1.2223517429997628,1.2223517429997628,1.2223517429997628,0.0,host_residual,0.016305259000546357,0.016305259000546357,0.016305259000546357,0.016305259000546357,0.0,,,,,,3916.0,,,1,0,0,,,unavailable,0.0,0.0,0.0,0.0,0.0,0.0,False,False,,False,
research_benchmark_pack_v1,thesis_upmem_quantization_boundary,xor_4q_thesis_upmem,xor,4,4,4,case_id,,cpu_tn_einsum_exact,,,,not_applicable,62c04646e9d088da2b094f5bbc8abc8958fd15e3a7998d33910bfa0d80f05a51,d992cb307069b339fffde612c4060f1862921b1c83e47ec399cbfb83e8bb0adb,d4ce1cbc45096f430eda8c51775c139c90e832772bf9d837ae5800ee2abf717e,cpu,,,,,,,,,,False,,1,0.00010418800002298667,0.00010418800002298667,0.00010418800002298667,0.00010418800002298667,0.0,,,,,,0.00010418800002298667,0.00010418800002298667,0.00010418800002298667,0.00010418800002298667,0.0,total_wall,,,,,,,,,,,,,,0,1,0,,,unavailable,,,,,,,False,False,,False,
research_benchmark_pack_v1,thesis_upmem_quantization_boundary,xor_4q_thesis_upmem,xor,4,4,4,n_qubits,,upmem_tn_runtime,strict_upmem_sdk_simulator_generic,upmem_sdk,tensor_network,sequential,62c04646e9d088da2b094f5bbc8abc8958fd15e3a7998d33910bfa0d80f05a51,d992cb307069b339fffde612c4060f1862921b1c83e47ec399cbfb83e8bb0adb,d4ce1cbc45096f430eda8c51775c139c90e832772bf9d837ae5800ee2abf717e,upmem,sdk_simulator,generic-only,none,True,True,True,7,,quantized_execution_tolerance,False,sdk_simulator_route_total_and_kernel,1,1.7801218670001617,1.7801218670001617,1.7801218670001617,1.7801218670001617,0.0,1.7568833320001431,1.7568833320001431,1.7568833320001431,1.7568833320001431,0.0,1.7568833320001431,1.7568833320001431,1.7568833320001431,1.7568833320001431,0.0,host_residual,0.0232385350000186,0.0232385350000186,0.0232385350000186,0.0232385350000186,0.0,,,,,,5788.0,,,1,0,0,,,unavailable,0.0,0.0,0.0,0.0,1.2101617041793133e-08,1.7114270947149224e-08,False,False,,False,
research_benchmark_pack_v1,thesis_upmem_quantization_boundary,xor_4q_thesis_upmem,xor,4,4,4,n_qubits,,upmem_tn_runtime,strict_upmem_sdk_simulator_generic,upmem_sdk,tensor_network,sequential,62c04646e9d088da2b094f5bbc8abc8958fd15e3a7998d33910bfa0d80f05a51,d992cb307069b339fffde612c4060f1862921b1c83e47ec399cbfb83e8bb0adb,d4ce1cbc45096f430eda8c51775c139c90e832772bf9d837ae5800ee2abf717e,upmem,sdk_simulator,generic-only,per_task_input_quantize,True,True,True,7,,quantized_execution_tolerance,False,sdk_simulator_route_total_and_kernel,1,1.728960202000053,1.728960202000053,1.728960202000053,1.728960202000053,0.0,1.7061847779996242,1.7061847779996242,1.7061847779996242,1.7061847779996242,0.0,1.7061847779996242,1.7061847779996242,1.7061847779996242,1.7061847779996242,0.0,host_residual,0.022775424000428757,0.022775424000428757,0.022775424000428757,0.022775424000428757,0.0,,,,,,5532.0,,,1,0,0,,,unavailable,0.0,0.0,0.0,0.0,0.0,0.0,False,False,,False,
research_benchmark_pack_v1,thesis_upmem_quantization_stress,quantization_stress_4q_thesis_upmem,quantization,4,4,4,case_id,,cpu_tn_einsum_exact,,,,not_applicable,a6ff33f501b451707bc1c4eb4da5faf8b8482da68e1b86de58dc1e985d0df335,b8f2952d6d1f4392e0be74045c0661a57b5828b1658cbbddbaafb7b1d954bf38,8b6f29e0c51458c5e80dee51c36c49e29336ca0fbf475cf54490218a6a3a8794,cpu,,,,,,,,,,False,,1,0.0003603249997468083,0.0003603249997468083,0.0003603249997468083,0.0003603249997468083,0.0,,,,,,0.0003603249997468083,0.0003603249997468083,0.0003603249997468083,0.0003603249997468083,0.0,total_wall,,,,,,,,,,,,,,0,1,0,,,unavailable,,,,,,,False,False,,False,
research_benchmark_pack_v1,thesis_upmem_quantization_stress,quantization_stress_4q_thesis_upmem,quantization,4,4,4,n_qubits,,upmem_tn_runtime,strict_upmem_sdk_simulator_generic,upmem_sdk,tensor_network,sequential,a6ff33f501b451707bc1c4eb4da5faf8b8482da68e1b86de58dc1e985d0df335,b8f2952d6d1f4392e0be74045c0661a57b5828b1658cbbddbaafb7b1d954bf38,8b6f29e0c51458c5e80dee51c36c49e29336ca0fbf475cf54490218a6a3a8794,upmem,sdk_simulator,generic-only,none,True,True,True,29,,quantized_execution_tolerance,False,sdk_simulator_route_total_and_kernel,1,25.934456456000134,25.934456456000134,25.934456456000134,25.934456456000134,0.0,25.921833709999646,25.921833709999646,25.921833709999646,25.921833709999646,0.0,25.921833709999646,25.921833709999646,25.921833709999646,25.921833709999646,0.0,host_residual,0.012622746000488405,0.012622746000488405,0.012622746000488405,0.012622746000488405,0.0,,,,,,3088.0,,,1,0,0,,,unavailable,0.0,0.0,0.0,0.0,2.2922572827213867e-07,3.1319827576366073e-07,False,False,,False,
research_benchmark_pack_v1,thesis_upmem_quantization_stress,quantization_stress_4q_thesis_upmem,quantization,4,4,4,n_qubits,,upmem_tn_runtime,strict_upmem_sdk_simulator_generic,upmem_sdk,tensor_network,sequential,a6ff33f501b451707bc1c4eb4da5faf8b8482da68e1b86de58dc1e985d0df335,b8f2952d6d1f4392e0be74045c0661a57b5828b1658cbbddbaafb7b1d954bf38,8b6f29e0c51458c5e80dee51c36c49e29336ca0fbf475cf54490218a6a3a8794,upmem,sdk_simulator,generic-only,per_task_input_quantize,True,True,True,29,,quantized_execution_tolerance,False,sdk_simulator_route_total_and_kernel,1,26.087856611000007,26.087856611000007,26.087856611000007,26.087856611000007,0.0,26.075670415999866,26.075670415999866,26.075670415999866,26.075670415999866,0.0,26.075670415999866,26.075670415999866,26.075670415999866,26.075670415999866,0.0,host_residual,0.012186195000140287,0.012186195000140287,0.012186195000140287,0.012186195000140287,0.0,,,,,,3056.0,,,1,0,0,,,unavailable,0.0037080563259659694,0.009012241285994612,2.220446049250313e-16,2.541532702434203e-16,0.0037080563259659694,0.009012241285994612,False,False,,False,
research_benchmark_pack_v1,thesis_upmem_quantization_stress,quantization_stress_6q_thesis_upmem,quantization,6,6,6,case_id,,cpu_tn_einsum_exact,,,,not_applicable,a5c6cf736059dbec63702f8279566f064b8231107ad7e3676d14144ba0a9c422,c16b8d1bfea53977396e32ac9dca8f013b5afecc451ddfbb1865cdd89c40f967,32c066495c21a755501e8c11d037e6ec3c13a6515daa7b1fffba7c8cbaf13e17,cpu,,,,,,,,,,False,,1,0.0005150699998921482,0.0005150699998921482,0.0005150699998921482,0.0005150699998921482,0.0,,,,,,0.0005150699998921482,0.0005150699998921482,0.0005150699998921482,0.0005150699998921482,0.0,total_wall,,,,,,,,,,,,,,0,1,0,,,unavailable,,,,,,,False,False,,False,
research_benchmark_pack_v1,thesis_upmem_quantization_stress,quantization_stress_6q_thesis_upmem,quantization,6,6,6,n_qubits,,upmem_tn_runtime,strict_upmem_sdk_simulator_generic,upmem_sdk,tensor_network,sequential,a5c6cf736059dbec63702f8279566f064b8231107ad7e3676d14144ba0a9c422,c16b8d1bfea53977396e32ac9dca8f013b5afecc451ddfbb1865cdd89c40f967,32c066495c21a755501e8c11d037e6ec3c13a6515daa7b1fffba7c8cbaf13e17,upmem,sdk_simulator,generic-only,none,True,True,True,45,,quantized_execution_tolerance,False,sdk_simulator_route_total_and_kernel,1,40.540074731000004,40.540074731000004,40.540074731000004,40.540074731000004,0.0,40.52111609299982,40.52111609299982,40.52111609299982,40.52111609299982,0.0,40.52111609299982,40.52111609299982,40.52111609299982,40.52111609299982,0.0,host_residual,0.0189586380001856,0.0189586380001856,0.0189586380001856,0.0189586380001856,0.0,,,,,,4632.0,,,1,0,0,,,unavailable,0.0,0.0,0.0,0.0,3.054277131539781e-07,4.627336322503579e-07,False,False,,False,
research_benchmark_pack_v1,thesis_upmem_quantization_stress,quantization_stress_6q_thesis_upmem,quantization,6,6,6,n_qubits,,upmem_tn_runtime,strict_upmem_sdk_simulator_generic,upmem_sdk,tensor_network,sequential,a5c6cf736059dbec63702f8279566f064b8231107ad7e3676d14144ba0a9c422,c16b8d1bfea53977396e32ac9dca8f013b5afecc451ddfbb1865cdd89c40f967,32c066495c21a755501e8c11d037e6ec3c13a6515daa7b1fffba7c8cbaf13e17,upmem,sdk_simulator,generic-only,per_task_input_quantize,True,True,True,45,,quantized_execution_tolerance,False,sdk_simulator_route_total_and_kernel,1,41.04165085800014,41.04165085800014,41.04165085800014,41.04165085800014,0.0,41.02303992199995,41.02303992199995,41.02303992199995,41.02303992199995,0.0,41.02303992199995,41.02303992199995,41.02303992199995,41.02303992199995,0.0,host_residual,0.018610936000186484,0.018610936000186484,0.018610936000186484,0.018610936000186484,0.0,,,,,,4584.0,,,1,0,0,,,unavailable,0.004260181740356001,0.012952350757544263,6.667118051786499e-16,8.519064877463631e-16,0.004260181740356001,0.012952350757544263,False,False,,False,
research_benchmark_pack_v1,thesis_upmem_quantization_stress,quantization_stress_8q_thesis_upmem,quantization,8,8,8,case_id,,cpu_tn_einsum_exact,,,,not_applicable,15d35d536fe4ad40536a5615fcfe2295d0cfae62665ac46a0298e41b71400cdf,d7136816a546d6e887eacf020cf892c31d004554ecca40bac8483887cc0ac719,b2452bac054471ead87aee41ff9076633ab99fddd8f7fbeb52bb6aec5f5ed675,cpu,,,,,,,,,,False,,1,0.0007055420001051971,0.0007055420001051971,0.0007055420001051971,0.0007055420001051971,0.0,,,,,,0.0007055420001051971,0.0007055420001051971,0.0007055420001051971,0.0007055420001051971,0.0,total_wall,,,,,,,,,,,,,,0,1,0,,,unavailable,,,,,,,False,False,,False,
research_benchmark_pack_v1,thesis_upmem_quantization_stress,quantization_stress_8q_thesis_upmem,quantization,8,8,8,n_qubits,,upmem_tn_runtime,strict_upmem_sdk_simulator_generic,upmem_sdk,tensor_network,sequential,15d35d536fe4ad40536a5615fcfe2295d0cfae62665ac46a0298e41b71400cdf,d7136816a546d6e887eacf020cf892c31d004554ecca40bac8483887cc0ac719,b2452bac054471ead87aee41ff9076633ab99fddd8f7fbeb52bb6aec5f5ed675,upmem,sdk_simulator,generic-only,none,True,True,True,61,,quantized_execution_tolerance,False,sdk_simulator_route_total_and_kernel,1,56.837382809000246,56.837382809000246,56.837382809000246,56.837382809000246,0.0,56.811614098000064,56.811614098000064,56.811614098000064,56.811614098000064,0.0,56.811614098000064,56.811614098000064,56.811614098000064,56.811614098000064,0.0,host_residual,0.02576871100018252,0.02576871100018252,0.02576871100018252,0.02576871100018252,0.0,,,,,,6176.0,,,1,0,0,,,unavailable,0.0,0.0,0.0,0.0,2.59933236261592e-07,4.639085881776087e-07,False,False,,False,
research_benchmark_pack_v1,thesis_upmem_quantization_stress,quantization_stress_8q_thesis_upmem,quantization,8,8,8,n_qubits,,upmem_tn_runtime,strict_upmem_sdk_simulator_generic,upmem_sdk,tensor_network,sequential,15d35d536fe4ad40536a5615fcfe2295d0cfae62665ac46a0298e41b71400cdf,d7136816a546d6e887eacf020cf892c31d004554ecca40bac8483887cc0ac719,b2452bac054471ead87aee41ff9076633ab99fddd8f7fbeb52bb6aec5f5ed675,upmem,sdk_simulator,generic-only,per_task_input_quantize,True,True,True,61,,quantized_execution_tolerance,False,sdk_simulator_route_total_and_kernel,1,55.87611284600007,55.87611284600007,55.87611284600007,55.87611284600007,0.0,55.85131651499978,55.85131651499978,55.85131651499978,55.85131651499978,0.0,55.85131651499978,55.85131651499978,55.85131651499978,55.85131651499978,0.0,host_residual,0.024796331000288774,0.024796331000288774,0.024796331000288774,0.024796331000288774,0.0,,,,,,6112.0,,,1,0,0,,,unavailable,0.0064228029066517095,0.0162564623406738,5.558049685633556e-16,7.579388204452646e-16,0.0064228029066517095,0.0162564623406738,False,False,,False,
