circuit_id,split,candidate_path_id,source_kind,source_seed,is_greedy,topology_id,feasible,infeasibility_reason,logical_plan_id,physical_plan_id,flops,macs,peak_intermediate_elements,peak_intermediate_bytes,total_intermediate_writes,maximum_intermediate_rank,contraction_count,B_host_dpu,B_mram_wram,I_dpu,N_sync,E_num,P_wram,h2d_bytes,d2h_bytes,work_unit_count,wave_count,packed_operation_count,dpu_launch_count,host_reduce_count,barrier_events,partial_wave_count,tasklet_utilization,dpu_utilization,host_memory_estimate_bytes,semantic_identity_expansion_units
quantization_stress_16q_l2,training,31a9997e87f38005e081aad56952a30bd31277dafe425c44de78613365a45e02,opt_einsum_greedy,,True,1dpu_t8,True,,d489edba75d22a96543ee1960bb4b800922f3240de64b4b60327ebd5eae70e12,90b181769e4c2c061f2b44e7fa5f61df39ac0a9354b86ad38f6b0db65c4bb3df,707672.0,353836.0,16384.0,262144.0,23614.0,14,125,1835968.0,1987680.0,1415344.0,5331.0,0.0,13568.0,409568,1426400,143,143,143,572,0,4616,0,0.9951135554324603,1.0,2879424,3472
quantization_stress_16q_l2,training,31a9997e87f38005e081aad56952a30bd31277dafe425c44de78613365a45e02,opt_einsum_greedy,,True,4dpu_t8,True,,d489edba75d22a96543ee1960bb4b800922f3240de64b4b60327ebd5eae70e12,97127a116de314d294458b0892be5ae4f7bce7a46ae690cc13d55260e9414497,707672.0,353836.0,16384.0,262144.0,23614.0,14,125,1835968.0,1987680.0,1415344.0,5256.0,0.0,13568.0,409568,1426400,143,128,128,512,0,4616,123,0.9951135554324603,0.9445590612600188,2879424,3472
quantization_stress_16q_l2,training,0044ef4173bfc9c1be5c2896554562d32b7fb8e56a72636ce337d93950677484,cotengra_one_trial,20260912,False,1dpu_t8,True,,b2235e63478eb015ca3a68ab10f697ba5ecd6d6839ef503110a9b1c9cf01e4b7,a4869f7a50aad5f461dd436b66f9891759101fd60d2b09d368feba9b44dd2385,561056.0,280528.0,2048.0,32768.0,4928.0,11,125,1227776.0,1346496.0,1122112.0,3774.0,0.0,13568.0,100352,1127424,126,126,126,504,0,3144,0,0.9975688701306108,1.0,2281472,19220
quantization_stress_16q_l2,training,0044ef4173bfc9c1be5c2896554562d32b7fb8e56a72636ce337d93950677484,cotengra_one_trial,20260912,False,4dpu_t8,False,collection_resource_admission_failed:dominant_work_wave_underfilled,b2235e63478eb015ca3a68ab10f697ba5ecd6d6839ef503110a9b1c9cf01e4b7,2f556188fcc41e2044b1bb08ba4b6b6374573c52e251c2bef880ff6ec404638b,561056.0,280528.0,2048.0,32768.0,4928.0,11,125,1227776.0,1346496.0,1122112.0,3769.0,0.0,13568.0,100352,1127424,126,125,125,500,0,3144,125,0.9975688701306108,0.4836166086807734,2281472,19220
quantization_stress_16q_l2,training,047750cd95b32e9b9b58d3f2ff059d413b518897cd160f2a074db0264b30d2bc,cotengra_one_trial,20260919,False,1dpu_t8,False,semantic_identity_expansion_exceeds_preregistered_bound,,,,,,,,,,,,,,,,,,,,,,,,,,,,
quantization_stress_16q_l2,training,047750cd95b32e9b9b58d3f2ff059d413b518897cd160f2a074db0264b30d2bc,cotengra_one_trial,20260919,False,4dpu_t8,False,semantic_identity_expansion_exceeds_preregistered_bound,,,,,,,,,,,,,,,,,,,,,,,,,,,,
quantization_stress_16q_l2,training,06604d2005189a6646a4de63da67449923830aafbe433066631f7ee559c21c4d,cotengra_one_trial,20260918,False,1dpu_t8,False,estimated_work_unit_count_exceeds_preregistered_bound,,,,,,,,,,,,,,,,,,,,,,,,,,,,
quantization_stress_16q_l2,training,06604d2005189a6646a4de63da67449923830aafbe433066631f7ee559c21c4d,cotengra_one_trial,20260918,False,4dpu_t8,False,estimated_work_unit_count_exceeds_preregistered_bound,,,,,,,,,,,,,,,,,,,,,,,,,,,,
quantization_stress_16q_l2,training,06eb5f79cf68466e28351769d459e6a0760554e5765c619ae84c2aa0bc56c686,cotengra_one_trial,20260915,False,1dpu_t8,True,,a92e8d3022bf06efe88ca41781f6856f953391c80cf4e15ad77b022ab27cb128,89307a6840da1ba200c3dfc4ff9d88b82a7197f224ec02d9465eb228b5f597a4,565520.0,282760.0,2048.0,32768.0,6108.0,11,125,1265536.0,1364352.0,1131040.0,3710.0,0.0,13568.0,119232,1146304,126,126,126,504,0,3080,0,0.9919401612675061,1.0,2319232,37120
quantization_stress_16q_l2,training,06eb5f79cf68466e28351769d459e6a0760554e5765c619ae84c2aa0bc56c686,cotengra_one_trial,20260915,False,4dpu_t8,False,collection_resource_admission_failed:dominant_work_wave_underfilled,a92e8d3022bf06efe88ca41781f6856f953391c80cf4e15ad77b022ab27cb128,21a5f336fd639e36775ad20bc1723c268933cf104fb0998170093652e9d70db0,565520.0,282760.0,2048.0,32768.0,6108.0,11,125,1265536.0,1364352.0,1131040.0,3705.0,0.0,13568.0,119232,1146304,126,125,125,500,0,3080,125,0.9919401612675061,0.4817725279388881,2319232,37120
quantization_stress_16q_l2,training,08f7269cb0d72abc3ea1c49129cb2ed79fe6bce42c7ebbe992be73f9b3ad2f86,cotengra_one_trial,20260931,False,1dpu_t8,True,,c88fc1ea88b99b82983cb56ddd1e9266f41b83c7e57efbe526f764ef783f21df,626c242bc3cd3a1a40b7ac0299699192496fc2ae75af7baa8726bba7c84393fc,573728.0,286864.0,4096.0,65536.0,6736.0,12,125,1289728.0,1358784.0,1147456.0,3744.0,0.0,13568.0,133376,1156352,128,128,128,512,0,3104,0,0.9980687712644319,1.0,2339328,69228
quantization_stress_16q_l2,training,08f7269cb0d72abc3ea1c49129cb2ed79fe6bce42c7ebbe992be73f9b3ad2f86,cotengra_one_trial,20260931,False,4dpu_t8,True,,c88fc1ea88b99b82983cb56ddd1e9266f41b83c7e57efbe526f764ef783f21df,b4df584953ed635b55ed1525b8ee3d392dce515e9f48a06729e7c4529e02de18,573728.0,286864.0,4096.0,65536.0,6736.0,12,125,1289728.0,1358784.0,1147456.0,3729.0,0.0,13568.0,133376,1156352,128,125,125,500,0,3104,124,0.9980687712644319,0.9353700708349602,2339328,69228
quantization_stress_16q_l2,training,096b9e3c36ae92e846b2b602473cf60a8997e39a89c7af8d5e23eab104fd2a38,cotengra_one_trial,20260954,False,1dpu_t8,False,estimated_work_unit_count_exceeds_preregistered_bound,,,,,,,,,,,,,,,,,,,,,,,,,,,,
quantization_stress_16q_l2,training,096b9e3c36ae92e846b2b602473cf60a8997e39a89c7af8d5e23eab104fd2a38,cotengra_one_trial,20260954,False,4dpu_t8,False,estimated_work_unit_count_exceeds_preregistered_bound,,,,,,,,,,,,,,,,,,,,,,,,,,,,
quantization_stress_16q_l2,training,0d996e819e840bf376c51dedcac48ca79b4d9f43c7a5d0ff970e402864e5cf4a,cotengra_one_trial,20260955,False,1dpu_t8,False,estimated_work_unit_count_exceeds_preregistered_bound,,,,,,,,,,,,,,,,,,,,,,,,,,,,
quantization_stress_16q_l2,training,0d996e819e840bf376c51dedcac48ca79b4d9f43c7a5d0ff970e402864e5cf4a,cotengra_one_trial,20260955,False,4dpu_t8,False,estimated_work_unit_count_exceeds_preregistered_bound,,,,,,,,,,,,,,,,,,,,,,,,,,,,
quantization_stress_16q_l2,training,0ddc92c23c999aa26d838441475d8a690f247e338923ab6e74bec2fe8c124b17,cotengra_one_trial,20260925,False,1dpu_t8,True,,9c14c3de963f71566185af53d06b44b277c68597d265cc415cddb47dcd0b8f34,1d8f47f1aaac2d189dc5f01bfa44ac94452417313aef3c74a829f8b629fdb0e0,617856.0,308928.0,4096.0,65536.0,7768.0,12,125,1322752.0,1399552.0,1235712.0,3752.0,0.0,13568.0,149888,1172864,128,128,128,512,0,3112,0,0.9979477418686554,1.0,2372352,69548
quantization_stress_16q_l2,training,0ddc92c23c999aa26d838441475d8a690f247e338923ab6e74bec2fe8c124b17,cotengra_one_trial,20260925,False,4dpu_t8,True,,9c14c3de963f71566185af53d06b44b277c68597d265cc415cddb47dcd0b8f34,3b6d182d7f1707882bb59fb474d6c39c3cc6f4ede3e708dfd677c133660178f4,617856.0,308928.0,4096.0,65536.0,7768.0,12,125,1322752.0,1399552.0,1235712.0,3737.0,0.0,13568.0,149888,1172864,128,125,125,500,0,3112,124,0.9979477418686554,0.8864201367308887,2372352,69548
quantization_stress_16q_l2,training,125b3ea8b2c9ff52536fc53f62eb8e4009ab0adc2f9d8c86e94f05748e03530b,cotengra_one_trial,20260907,False,1dpu_t8,False,estimated_work_unit_count_exceeds_preregistered_bound,,,,,,,,,,,,,,,,,,,,,,,,,,,,
quantization_stress_16q_l2,training,125b3ea8b2c9ff52536fc53f62eb8e4009ab0adc2f9d8c86e94f05748e03530b,cotengra_one_trial,20260907,False,4dpu_t8,False,estimated_work_unit_count_exceeds_preregistered_bound,,,,,,,,,,,,,,,,,,,,,,,,,,,,
quantization_stress_16q_l2,training,128c6ab93bbd87030235d7d7a326f8446511b611812cfe209a3f31a79043eaa1,cotengra_one_trial,20260965,False,1dpu_t8,True,,b1e9a63b5b1be3bccaaf20405fdec9cdc2b6a01271116c08fcb6d34278926edc,3437d37da4b0e083052d736424645ddd455161370dde004b476f3e587d98fb09,560928.0,280464.0,2048.0,32768.0,4928.0,11,125,1227776.0,1331264.0,1121856.0,3710.0,0.0,13568.0,100352,1127424,126,126,126,504,0,3080,0,0.9975540532831308,1.0,2281472,19222
quantization_stress_16q_l2,training,128c6ab93bbd87030235d7d7a326f8446511b611812cfe209a3f31a79043eaa1,cotengra_one_trial,20260965,False,4dpu_t8,False,collection_resource_admission_failed:dominant_work_wave_underfilled,b1e9a63b5b1be3bccaaf20405fdec9cdc2b6a01271116c08fcb6d34278926edc,3e4e66dda5da67416e3b9134098840e005e81baa308ce25ac315ee22b64a01cf,560928.0,280464.0,2048.0,32768.0,4928.0,11,125,1227776.0,1331264.0,1121856.0,3705.0,0.0,13568.0,100352,1127424,126,125,125,500,0,3080,125,0.9975540532831308,0.4836699184209025,2281472,19222
quantization_stress_16q_l2,training,166e365b19a0bbacfb874bbb888a0dfb911d2efaa717dfd4db2ba0a9185a7dab,cotengra_one_trial,20260936,False,1dpu_t8,True,,7eced28ff351e16b801e5b3064ef3ca252f7c93c4e211038ac12fdef33215ab9,8588c865740a883daedae4055a537b61fb8bbc2c49c70e0b460112efdff85cb6,1130320.0,565160.0,2048.0,32768.0,7996.0,11,125,1317760.0,1553472.0,2260640.0,3705.0,0.0,13568.0,141248,1176512,125,125,125,500,0,3080,0,0.998768490339019,1.0,2379648,36704
quantization_stress_16q_l2,training,166e365b19a0bbacfb874bbb888a0dfb911d2efaa717dfd4db2ba0a9185a7dab,cotengra_one_trial,20260936,False,4dpu_t8,False,collection_resource_admission_failed:dominant_work_wave_underfilled,7eced28ff351e16b801e5b3064ef3ca252f7c93c4e211038ac12fdef33215ab9,da708fabbdbd5578bbcfc87b5eed1096cdba41f21f9f777304eb9b329b9bdb13,1130320.0,565160.0,2048.0,32768.0,7996.0,11,125,1317760.0,1553472.0,2260640.0,3705.0,0.0,13568.0,141248,1176512,125,125,125,500,0,3080,125,0.998768490339019,0.25,2379648,36704
quantization_stress_16q_l2,training,17e1e5b0f2765eabfb6aaba2fd13302bc7c7400e5cf824abe208f6c7f08fe028,cotengra_one_trial,20260964,False,1dpu_t8,False,estimated_work_unit_count_exceeds_preregistered_bound,,,,,,,,,,,,,,,,,,,,,,,,,,,,
quantization_stress_16q_l2,training,17e1e5b0f2765eabfb6aaba2fd13302bc7c7400e5cf824abe208f6c7f08fe028,cotengra_one_trial,20260964,False,4dpu_t8,False,estimated_work_unit_count_exceeds_preregistered_bound,,,,,,,,,,,,,,,,,,,,,,,,,,,,
quantization_stress_16q_l2,training,1e2d073117adcf8908e217ee378799684ce5e7a1553ed0ee195e069424e19230,cotengra_one_trial,20260953,False,1dpu_t8,False,estimated_work_unit_count_exceeds_preregistered_bound,,,,,,,,,,,,,,,,,,,,,,,,,,,,
quantization_stress_16q_l2,training,1e2d073117adcf8908e217ee378799684ce5e7a1553ed0ee195e069424e19230,cotengra_one_trial,20260953,False,4dpu_t8,False,estimated_work_unit_count_exceeds_preregistered_bound,,,,,,,,,,,,,,,,,,,,,,,,,,,,
quantization_stress_16q_l2,training,205bbe269c6ba560b11e18ee58d718ca177ec3d78d7cb37c2929bf483d2d8a3e,cotengra_one_trial,20260906,False,1dpu_t8,True,,780178c42ef8b23db1e5ca208d4830c4b4f8541905beb3e19f545240e39382b1,ba9911f6b4cfed6cb6b12c3f9d50f3ca266e88b7256457dbdf918acc4ef62981,558240.0,279120.0,2048.0,32768.0,4704.0,11,125,1220608.0,1324480.0,1116480.0,3710.0,0.0,13568.0,96768,1123840,126,126,126,504,0,3080,0,0.9976712525078819,1.0,2274304,35352
quantization_stress_16q_l2,training,205bbe269c6ba560b11e18ee58d718ca177ec3d78d7cb37c2929bf483d2d8a3e,cotengra_one_trial,20260906,False,4dpu_t8,False,collection_resource_admission_failed:dominant_work_wave_underfilled,780178c42ef8b23db1e5ca208d4830c4b4f8541905beb3e19f545240e39382b1,ee8038fef4384c4412a36b639a2cf3f1e855afbf20b9d6b3ffcb42d446a5699e,558240.0,279120.0,2048.0,32768.0,4704.0,11,125,1220608.0,1324480.0,1116480.0,3705.0,0.0,13568.0,96768,1123840,126,125,125,500,0,3080,125,0.9976712525078819,0.4847950702206936,2274304,35352
quantization_stress_16q_l2,training,213d7264b8174a0e4859847c10f757d5378b15bbff4a5fe3a093944475120428,cotengra_one_trial,20260924,False,1dpu_t8,False,semantic_identity_expansion_exceeds_preregistered_bound,,,,,,,,,,,,,,,,,,,,,,,,,,,,
quantization_stress_16q_l2,training,213d7264b8174a0e4859847c10f757d5378b15bbff4a5fe3a093944475120428,cotengra_one_trial,20260924,False,4dpu_t8,False,semantic_identity_expansion_exceeds_preregistered_bound,,,,,,,,,,,,,,,,,,,,,,,,,,,,
quantization_stress_16q_l2,training,2141d583b5e4e4e3ec46c5135ace7bd59c3f77e241c3fc5948691d11070effd0,cotengra_one_trial,20260926,False,1dpu_t8,False,estimated_work_unit_count_exceeds_preregistered_bound,,,,,,,,,,,,,,,,,,,,,,,,,,,,
quantization_stress_16q_l2,training,2141d583b5e4e4e3ec46c5135ace7bd59c3f77e241c3fc5948691d11070effd0,cotengra_one_trial,20260926,False,4dpu_t8,False,estimated_work_unit_count_exceeds_preregistered_bound,,,,,,,,,,,,,,,,,,,,,,,,,,,,
quantization_stress_16q_l2,training,21e248e2575631c14dde403e985e058bb7d816ff7e57517b18e6a33e192b2d61,cotengra_one_trial,20260939,False,1dpu_t8,False,estimated_work_unit_count_exceeds_preregistered_bound,,,,,,,,,,,,,,,,,,,,,,,,,,,,
quantization_stress_16q_l2,training,21e248e2575631c14dde403e985e058bb7d816ff7e57517b18e6a33e192b2d61,cotengra_one_trial,20260939,False,4dpu_t8,False,estimated_work_unit_count_exceeds_preregistered_bound,,,,,,,,,,,,,,,,,,,,,,,,,,,,
quantization_stress_16q_l2,training,2c029de906bfb2405bfd3989942e5b8924792e271c80b0cea543b1cfe0d651d5,cotengra_one_trial,20260920,False,1dpu_t8,False,semantic_identity_expansion_exceeds_preregistered_bound,,,,,,,,,,,,,,,,,,,,,,,,,,,,
quantization_stress_16q_l2,training,2c029de906bfb2405bfd3989942e5b8924792e271c80b0cea543b1cfe0d651d5,cotengra_one_trial,20260920,False,4dpu_t8,False,semantic_identity_expansion_exceeds_preregistered_bound,,,,,,,,,,,,,,,,,,,,,,,,,,,,
quantization_stress_16q_l2,training,3792589f35002d6f126675076dd5913416ccf76a8166e51d23d505fcaed57c83,cotengra_one_trial,20260933,False,1dpu_t8,True,,5f34dda541135720e3cff07d1f8de3d40f841e7cf7ecbdd1908bd5f5fe168d9e,12f91fd7bcb3a7663068e0b791d83efbe52117d9ce530c8742a6e54fe7d2436e,552736.0,276368.0,1024.0,16384.0,4112.0,10,125,1193472.0,1311680.0,1105472.0,3681.0,0.0,13568.0,79104,1114368,125,125,125,500,0,3056,0,0.9975322758061714,1.0,2255360,134876
quantization_stress_16q_l2,training,3792589f35002d6f126675076dd5913416ccf76a8166e51d23d505fcaed57c83,cotengra_one_trial,20260933,False,4dpu_t8,False,collection_resource_admission_failed:dominant_work_wave_underfilled,5f34dda541135720e3cff07d1f8de3d40f841e7cf7ecbdd1908bd5f5fe168d9e,40876d387072d4c01a8e565b02267898662c59eb71335e41f671b266f2ce4148,552736.0,276368.0,1024.0,16384.0,4112.0,10,125,1193472.0,1311680.0,1105472.0,3681.0,0.0,13568.0,79104,1114368,125,125,125,500,0,3056,125,0.9975322758061714,0.25,2255360,134876
quantization_stress_16q_l2,training,3c8eb63431403ec2f402c8d17a1b7cb3268424cbe5532a32cc79ac9a9da4fcf9,cotengra_one_trial,20260945,False,1dpu_t8,False,estimated_work_unit_count_exceeds_preregistered_bound,,,,,,,,,,,,,,,,,,,,,,,,,,,,
quantization_stress_16q_l2,training,3c8eb63431403ec2f402c8d17a1b7cb3268424cbe5532a32cc79ac9a9da4fcf9,cotengra_one_trial,20260945,False,4dpu_t8,False,estimated_work_unit_count_exceeds_preregistered_bound,,,,,,,,,,,,,,,,,,,,,,,,,,,,
quantization_stress_16q_l2,training,4aa0edee7d0d4c4debb7c613fd1957fd6c420bf7f38400c35fc269a7bff50ead,cotengra_one_trial,20260963,False,1dpu_t8,False,estimated_work_unit_count_exceeds_preregistered_bound,,,,,,,,,,,,,,,,,,,,,,,,,,,,
quantization_stress_16q_l2,training,4aa0edee7d0d4c4debb7c613fd1957fd6c420bf7f38400c35fc269a7bff50ead,cotengra_one_trial,20260963,False,4dpu_t8,False,estimated_work_unit_count_exceeds_preregistered_bound,,,,,,,,,,,,,,,,,,,,,,,,,,,,
quantization_stress_16q_l2,training,4ccc7a3841532d34cb2791686313749f45f9e0414b64b12ee05860cc9b865688,cotengra_one_trial,20260913,False,1dpu_t8,False,estimated_work_unit_count_exceeds_preregistered_bound,,,,,,,,,,,,,,,,,,,,,,,,,,,,
quantization_stress_16q_l2,training,4ccc7a3841532d34cb2791686313749f45f9e0414b64b12ee05860cc9b865688,cotengra_one_trial,20260913,False,4dpu_t8,False,estimated_work_unit_count_exceeds_preregistered_bound,,,,,,,,,,,,,,,,,,,,,,,,,,,,
quantization_stress_16q_l2,training,517f980b7bdde60021576e798ffdc17761774bd65ad9d4c886bc95936f5f73e3,cotengra_one_trial,20260905,False,1dpu_t8,True,,6b4ca65c39f5b551e37f445a98aa8975deff8cb0153e8ddedc0ef7faa5da9510,8e1b825488fd01d6fc8613ce3e96b3a5314d8683eecab65a188d23543c21a6c5,568144.0,284072.0,2048.0,32768.0,5948.0,11,125,1260416.0,1375104.0,1136288.0,3766.0,0.0,13568.0,116672,1143744,126,126,126,504,0,3136,0,0.9924350164746966,1.0,2314112,70264
quantization_stress_16q_l2,training,517f980b7bdde60021576e798ffdc17761774bd65ad9d4c886bc95936f5f73e3,cotengra_one_trial,20260905,False,4dpu_t8,False,collection_resource_admission_failed:dominant_work_wave_underfilled,6b4ca65c39f5b551e37f445a98aa8975deff8cb0153e8ddedc0ef7faa5da9510,3a98c3df359916d4b0658fb76f5060b39153afb503e7b4add008a30ebf9455a7,568144.0,284072.0,2048.0,32768.0,5948.0,11,125,1260416.0,1375104.0,1136288.0,3761.0,0.0,13568.0,116672,1143744,126,125,125,500,0,3136,125,0.9924350164746966,0.48070207553014727,2314112,70264
quantization_stress_16q_l2,training,524dd2687f289b18f4a552b8455880f6cd38e02ddf5605ef773c7fc80d30865c,cotengra_one_trial,20260961,False,1dpu_t8,False,estimated_work_unit_count_exceeds_preregistered_bound,,,,,,,,,,,,,,,,,,,,,,,,,,,,
quantization_stress_16q_l2,training,524dd2687f289b18f4a552b8455880f6cd38e02ddf5605ef773c7fc80d30865c,cotengra_one_trial,20260961,False,4dpu_t8,False,estimated_work_unit_count_exceeds_preregistered_bound,,,,,,,,,,,,,,,,,,,,,,,,,,,,
quantization_stress_16q_l2,training,5252e100c1ffeddb4841dd32769a19b34e181b3c7d16c694c1582352080eadf3,cotengra_one_trial,20260903,False,1dpu_t8,False,estimated_work_unit_count_exceeds_preregistered_bound,,,,,,,,,,,,,,,,,,,,,,,,,,,,
quantization_stress_16q_l2,training,5252e100c1ffeddb4841dd32769a19b34e181b3c7d16c694c1582352080eadf3,cotengra_one_trial,20260903,False,4dpu_t8,False,estimated_work_unit_count_exceeds_preregistered_bound,,,,,,,,,,,,,,,,,,,,,,,,,,,,
quantization_stress_16q_l2,training,52537dbfb54b960ac49bc5e0865c462d24a0b6b5a9fe5fbd7fa9b8f6d86c99ab,cotengra_one_trial,20260958,False,1dpu_t8,False,estimated_work_unit_count_exceeds_preregistered_bound,,,,,,,,,,,,,,,,,,,,,,,,,,,,
quantization_stress_16q_l2,training,52537dbfb54b960ac49bc5e0865c462d24a0b6b5a9fe5fbd7fa9b8f6d86c99ab,cotengra_one_trial,20260958,False,4dpu_t8,False,estimated_work_unit_count_exceeds_preregistered_bound,,,,,,,,,,,,,,,,,,,,,,,,,,,,
quantization_stress_16q_l2,training,53c8e2404aecc89cea853aeb5f004bccd5f9f11d324a790633c5efdb2fc04fc3,cotengra_one_trial,20260949,False,1dpu_t8,False,estimated_work_unit_count_exceeds_preregistered_bound,,,,,,,,,,,,,,,,,,,,,,,,,,,,
quantization_stress_16q_l2,training,53c8e2404aecc89cea853aeb5f004bccd5f9f11d324a790633c5efdb2fc04fc3,cotengra_one_trial,20260949,False,4dpu_t8,False,estimated_work_unit_count_exceeds_preregistered_bound,,,,,,,,,,,,,,,,,,,,,,,,,,,,
quantization_stress_16q_l2,training,549e4a1964716ad386a45602cd2f2d9ab729d2898f4037095883d1ed8ba45b51,cotengra_one_trial,20260941,False,1dpu_t8,False,estimated_work_unit_count_exceeds_preregistered_bound,,,,,,,,,,,,,,,,,,,,,,,,,,,,
quantization_stress_16q_l2,training,549e4a1964716ad386a45602cd2f2d9ab729d2898f4037095883d1ed8ba45b51,cotengra_one_trial,20260941,False,4dpu_t8,False,estimated_work_unit_count_exceeds_preregistered_bound,,,,,,,,,,,,,,,,,,,,,,,,,,,,
quantization_stress_16q_l2,training,5668c68426aecada20fa39d91ff2da16446cfa4bb0601bd6f09979a85ee1311b,cotengra_one_trial,20260930,False,1dpu_t8,False,estimated_work_unit_count_exceeds_preregistered_bound,,,,,,,,,,,,,,,,,,,,,,,,,,,,
quantization_stress_16q_l2,training,5668c68426aecada20fa39d91ff2da16446cfa4bb0601bd6f09979a85ee1311b,cotengra_one_trial,20260930,False,4dpu_t8,False,estimated_work_unit_count_exceeds_preregistered_bound,,,,,,,,,,,,,,,,,,,,,,,,,,,,
quantization_stress_16q_l2,training,566ed6d846d3afe853c3e3cf88a42992dcca45f8fd05798699a51f80d4ea62cb,cotengra_one_trial,20260948,False,1dpu_t8,False,estimated_work_unit_count_exceeds_preregistered_bound,,,,,,,,,,,,,,,,,,,,,,,,,,,,
quantization_stress_16q_l2,training,566ed6d846d3afe853c3e3cf88a42992dcca45f8fd05798699a51f80d4ea62cb,cotengra_one_trial,20260948,False,4dpu_t8,False,estimated_work_unit_count_exceeds_preregistered_bound,,,,,,,,,,,,,,,,,,,,,,,,,,,,
quantization_stress_16q_l2,training,58a6438db5d9b03f9aafc81c49efa5802c0b1dbbadd36fcc66ba268b1c283a33,cotengra_one_trial,20260921,False,1dpu_t8,True,,9f868cc6a093d5262058bec5366b1605aa5b9a175a9e10ad1890a8241e7b0b8c,c1d7e7eeb8e853a3f9f038c7d27181980d01391e1d797f23f80f30415620fae7,578144.0,289072.0,4096.0,65536.0,7296.0,12,125,1307648.0,1376704.0,1156288.0,3744.0,0.0,13568.0,142336,1165312,128,128,128,512,0,3104,0,0.9976960757181602,1.0,2357248,134752
quantization_stress_16q_l2,training,58a6438db5d9b03f9aafc81c49efa5802c0b1dbbadd36fcc66ba268b1c283a33,cotengra_one_trial,20260921,False,4dpu_t8,True,,9f868cc6a093d5262058bec5366b1605aa5b9a175a9e10ad1890a8241e7b0b8c,e50e30942de24a566a10ce3739210afc19ac6d145f2b71efbf64af1b812378d2,578144.0,289072.0,4096.0,65536.0,7296.0,12,125,1307648.0,1376704.0,1156288.0,3729.0,0.0,13568.0,142336,1165312,128,125,125,500,0,3104,124,0.9976960757181602,0.9301350528588034,2357248,134752
quantization_stress_16q_l2,training,5a76f032d832a47b7171ab4fdcdbbf7bdf97f16718a51823953394e08655c944,cotengra_one_trial,20260940,False,1dpu_t8,True,,3b465c096364ff7213d2a8b1ae0a3f8af8eae20eaa29c1ea137c41974349d7e1,969a9ded6dc6163d47b4368d7a17c5833bbb2684880d350078626ac062fe73b1,562336.0,281168.0,2048.0,32768.0,5008.0,11,125,1230336.0,1334208.0,1124672.0,3710.0,0.0,13568.0,101632,1128704,126,126,126,504,0,3080,0,0.9973467819951062,1.0,2284032,135112
quantization_stress_16q_l2,training,5a76f032d832a47b7171ab4fdcdbbf7bdf97f16718a51823953394e08655c944,cotengra_one_trial,20260940,False,4dpu_t8,False,collection_resource_admission_failed:dominant_work_wave_underfilled,3b465c096364ff7213d2a8b1ae0a3f8af8eae20eaa29c1ea137c41974349d7e1,0f7f65c6a39c42717ad33a76901c229873313d8bfe29c335ae315317bac7853f,562336.0,281168.0,2048.0,32768.0,5008.0,11,125,1230336.0,1334208.0,1124672.0,3705.0,0.0,13568.0,101632,1128704,126,125,125,500,0,3080,125,0.9973467819951062,0.4830848460706766,2284032,135112
quantization_stress_16q_l2,training,5b250137f32b2037f8875cf13ac7c2b01f2a16a421037930cb7b17f4fa93ddca,cotengra_one_trial,20260927,False,1dpu_t8,True,,d130beaf6e044da3eeef8170ce1a5d25fc67029a13d15a79395d85b6346bcc8b,13b1ba7f3183a3b89f9947a4832b2f74e85db7e3e0bafcff9fb08b4e54190b76,574320.0,287160.0,2048.0,32768.0,7092.0,11,125,1297024.0,1403168.0,1148640.0,3814.0,0.0,13568.0,134976,1162048,126,126,126,504,0,3184,0,0.9891558712912661,1.0,2350720,535182
quantization_stress_16q_l2,training,5b250137f32b2037f8875cf13ac7c2b01f2a16a421037930cb7b17f4fa93ddca,cotengra_one_trial,20260927,False,4dpu_t8,False,collection_resource_admission_failed:dominant_work_wave_underfilled,d130beaf6e044da3eeef8170ce1a5d25fc67029a13d15a79395d85b6346bcc8b,f0bba5e28623c07c61d3cdc9760ee94d7e7fa2144df4038284345c9f419a3912,574320.0,287160.0,2048.0,32768.0,7092.0,11,125,1297024.0,1403168.0,1148640.0,3809.0,0.0,13568.0,134976,1162048,126,125,125,500,0,3184,125,0.9891558712912661,0.4782212007243349,2350720,535182
quantization_stress_16q_l2,training,5efde2dbcf72064541aa6ab2bce7d50fab520d3b7f1c350f7dd46ecc00fb4d8a,cotengra_one_trial,20260956,False,1dpu_t8,False,estimated_work_unit_count_exceeds_preregistered_bound,,,,,,,,,,,,,,,,,,,,,,,,,,,,
quantization_stress_16q_l2,training,5efde2dbcf72064541aa6ab2bce7d50fab520d3b7f1c350f7dd46ecc00fb4d8a,cotengra_one_trial,20260956,False,4dpu_t8,False,estimated_work_unit_count_exceeds_preregistered_bound,,,,,,,,,,,,,,,,,,,,,,,,,,,,
quantization_stress_16q_l2,training,61e04c7e3283532bf191d5f9175c8c36374e9a20c351bf6a21faf6771d5d387c,cotengra_one_trial,20260957,False,1dpu_t8,True,,25f27b1c04886f70b87bb8f3481c2303cf2b0dae1409bc5d1789716933e8f95e,5196a7cf7ecf55f36c502c8a99a853435780354488b61396b5ee2be07918a569,1143072.0,571536.0,4096.0,65536.0,8368.0,12,125,1346048.0,1588160.0,2286144.0,3782.0,0.0,13568.0,163584,1182464,126,126,126,504,0,3152,0,0.9990446796002351,1.0,2391552,267718
quantization_stress_16q_l2,training,61e04c7e3283532bf191d5f9175c8c36374e9a20c351bf6a21faf6771d5d387c,cotengra_one_trial,20260957,False,4dpu_t8,False,collection_resource_admission_failed:dominant_work_wave_underfilled,25f27b1c04886f70b87bb8f3481c2303cf2b0dae1409bc5d1789716933e8f95e,f538bf7faa8358f36a01fa64ca44618706748c0cc0ac4d9320d591da0c97446c,1143072.0,571536.0,4096.0,65536.0,8368.0,12,125,1346048.0,1588160.0,2286144.0,3777.0,0.0,13568.0,163584,1182464,126,125,125,500,0,3152,125,0.9990446796002351,0.4793328854175415,2391552,267718
quantization_stress_16q_l2,training,626dfa017b8aaa362ed8ede9033c85429f2cd62eddddad4c44d2167598d02b08,cotengra_one_trial,20260932,False,1dpu_t8,False,semantic_identity_expansion_exceeds_preregistered_bound,,,,,,,,,,,,,,,,,,,,,,,,,,,,
quantization_stress_16q_l2,training,626dfa017b8aaa362ed8ede9033c85429f2cd62eddddad4c44d2167598d02b08,cotengra_one_trial,20260932,False,4dpu_t8,False,semantic_identity_expansion_exceeds_preregistered_bound,,,,,,,,,,,,,,,,,,,,,,,,,,,,
quantization_stress_16q_l2,training,632571b5b85b532f9fb69abe3de283b4b987a5d6fe05483967a6e822cd676425,cotengra_one_trial,20260928,False,1dpu_t8,True,,7b397d1c89ec5016a24dfbce763240ccd3818bf822c274f73909ca111d0e33cc,e76aef3b23965c0b4c9f4741d46027298fb04690d938bf09413aab2b7ab2c791,580640.0,290320.0,4096.0,65536.0,7120.0,12,125,1302016.0,1371072.0,1161280.0,3744.0,0.0,13568.0,139520,1162496,128,128,128,512,0,3104,0,0.9971548635987876,1.0,2351616,68176
quantization_stress_16q_l2,training,632571b5b85b532f9fb69abe3de283b4b987a5d6fe05483967a6e822cd676425,cotengra_one_trial,20260928,False,4dpu_t8,True,,7b397d1c89ec5016a24dfbce763240ccd3818bf822c274f73909ca111d0e33cc,659f648d79279c4bae03ddabd70238b090152cd3b6220ac44cad585833336f18,580640.0,290320.0,4096.0,65536.0,7120.0,12,125,1302016.0,1371072.0,1161280.0,3729.0,0.0,13568.0,139520,1162496,128,125,125,500,0,3104,124,0.9971548635987876,0.9272113529898044,2351616,68176
quantization_stress_16q_l2,training,76c683fd5b6dd08b1606fdd8af5917571009bfc10ca501359149965aa4639eb3,cotengra_one_trial,20260902,False,1dpu_t8,False,estimated_work_unit_count_exceeds_preregistered_bound,,,,,,,,,,,,,,,,,,,,,,,,,,,,
quantization_stress_16q_l2,training,76c683fd5b6dd08b1606fdd8af5917571009bfc10ca501359149965aa4639eb3,cotengra_one_trial,20260902,False,4dpu_t8,False,estimated_work_unit_count_exceeds_preregistered_bound,,,,,,,,,,,,,,,,,,,,,,,,,,,,
quantization_stress_16q_l2,training,77aa4136f56d7b1b13c7223469ba94d3bfe72059a35a08066bad7c36f381f8f9,cotengra_one_trial,20260911,False,1dpu_t8,False,estimated_work_unit_count_exceeds_preregistered_bound,,,,,,,,,,,,,,,,,,,,,,,,,,,,
quantization_stress_16q_l2,training,77aa4136f56d7b1b13c7223469ba94d3bfe72059a35a08066bad7c36f381f8f9,cotengra_one_trial,20260911,False,4dpu_t8,False,estimated_work_unit_count_exceeds_preregistered_bound,,,,,,,,,,,,,,,,,,,,,,,,,,,,
quantization_stress_16q_l2,training,7942392e61daeada094327c440b10384d08fd94741d34c90ad21443e0c444201,cotengra_one_trial,20260904,False,1dpu_t8,False,estimated_work_unit_count_exceeds_preregistered_bound,,,,,,,,,,,,,,,,,,,,,,,,,,,,
quantization_stress_16q_l2,training,7942392e61daeada094327c440b10384d08fd94741d34c90ad21443e0c444201,cotengra_one_trial,20260904,False,4dpu_t8,False,estimated_work_unit_count_exceeds_preregistered_bound,,,,,,,,,,,,,,,,,,,,,,,,,,,,
quantization_stress_16q_l2,training,7de0a8adaf0757928f9ee7f7be10c6265be85a75c7b640459cd003c60e9e5bfd,cotengra_one_trial,20260946,False,1dpu_t8,False,semantic_identity_expansion_exceeds_preregistered_bound,,,,,,,,,,,,,,,,,,,,,,,,,,,,
quantization_stress_16q_l2,training,7de0a8adaf0757928f9ee7f7be10c6265be85a75c7b640459cd003c60e9e5bfd,cotengra_one_trial,20260946,False,4dpu_t8,False,semantic_identity_expansion_exceeds_preregistered_bound,,,,,,,,,,,,,,,,,,,,,,,,,,,,
quantization_stress_16q_l2,training,83f540260cfdb0f0153d3cb9528a803abf9a84e16ed357141b5042405c0ee91f,cotengra_one_trial,20260910,False,1dpu_t8,False,estimated_work_unit_count_exceeds_preregistered_bound,,,,,,,,,,,,,,,,,,,,,,,,,,,,
quantization_stress_16q_l2,training,83f540260cfdb0f0153d3cb9528a803abf9a84e16ed357141b5042405c0ee91f,cotengra_one_trial,20260910,False,4dpu_t8,False,estimated_work_unit_count_exceeds_preregistered_bound,,,,,,,,,,,,,,,,,,,,,,,,,,,,
quantization_stress_16q_l2,training,8814b649ea97b540e3446ac9afc979bf49b4296745089fe9ae95a19518b543fd,cotengra_one_trial,20260942,False,1dpu_t8,False,estimated_work_unit_count_exceeds_preregistered_bound,,,,,,,,,,,,,,,,,,,,,,,,,,,,
quantization_stress_16q_l2,training,8814b649ea97b540e3446ac9afc979bf49b4296745089fe9ae95a19518b543fd,cotengra_one_trial,20260942,False,4dpu_t8,False,estimated_work_unit_count_exceeds_preregistered_bound,,,,,,,,,,,,,,,,,,,,,,,,,,,,
quantization_stress_16q_l2,training,89c5213437eb648b20830267f2525f6c684cefd79652bbd5125e5b456144f1f9,cotengra_one_trial,20260951,False,1dpu_t8,True,,a790872ccc6f9d3ff26343ed031bcaa6302621a8c28bdc382a992c39db76e658,0d9f1af05e665b299a245ad27aed44188dba5ea67369e4a2f4a019c2aec4d0d5,553248.0,276624.0,1024.0,16384.0,4176.0,10,125,1195520.0,1314752.0,1106496.0,3689.0,0.0,13568.0,80128,1115392,125,125,125,500,0,3064,0,0.9975345595465325,1.0,2257408,133856
quantization_stress_16q_l2,training,89c5213437eb648b20830267f2525f6c684cefd79652bbd5125e5b456144f1f9,cotengra_one_trial,20260951,False,4dpu_t8,False,collection_resource_admission_failed:dominant_work_wave_underfilled,a790872ccc6f9d3ff26343ed031bcaa6302621a8c28bdc382a992c39db76e658,ba32385ab89396ef8730c02351eafb90c1790ccd03cc5c8e4f323c784b3c5678,553248.0,276624.0,1024.0,16384.0,4176.0,10,125,1195520.0,1314752.0,1106496.0,3689.0,0.0,13568.0,80128,1115392,125,125,125,500,0,3064,125,0.9975345595465325,0.25,2257408,133856
quantization_stress_16q_l2,training,8d365431c53e368d869f67e57c68b08dfaf755e0e2510b9b48bd0d3e21c04c9c,cotengra_one_trial,20260947,False,1dpu_t8,False,semantic_identity_expansion_exceeds_preregistered_bound,,,,,,,,,,,,,,,,,,,,,,,,,,,,
quantization_stress_16q_l2,training,8d365431c53e368d869f67e57c68b08dfaf755e0e2510b9b48bd0d3e21c04c9c,cotengra_one_trial,20260947,False,4dpu_t8,False,semantic_identity_expansion_exceeds_preregistered_bound,,,,,,,,,,,,,,,,,,,,,,,,,,,,
quantization_stress_16q_l2,training,9309fbea4ed646f0745c955b89ae51b2d78328295363dc8b42aa4e80f0e3d401,cotengra_one_trial,20260914,False,1dpu_t8,True,,8dbf498e5cf6ad98cc210bc6d00274ecff509124edde6072a3c406b2eb087902,98da5140ed864f1cd71bfdcb999369bdccff0e37b5ada4f6db13145ad819b0c2,585824.0,292912.0,4096.0,65536.0,8696.0,12,125,1352448.0,1417984.0,1171648.0,3744.0,0.0,13568.0,164736,1187712,128,128,128,512,0,3104,0,0.9927691593379582,1.0,2402048,280016
quantization_stress_16q_l2,training,9309fbea4ed646f0745c955b89ae51b2d78328295363dc8b42aa4e80f0e3d401,cotengra_one_trial,20260914,False,4dpu_t8,True,,8dbf498e5cf6ad98cc210bc6d00274ecff509124edde6072a3c406b2eb087902,52f3da4ba8e44218ca7935928ce1789e2e18948ced2e32103820fb059e9552a6,585824.0,292912.0,4096.0,65536.0,8696.0,12,125,1352448.0,1417984.0,1171648.0,3729.0,0.0,13568.0,164736,1187712,128,125,125,500,0,3104,124,0.9927691593379582,0.9212186595291418,2402048,280016
quantization_stress_16q_l2,training,96746b313b0cf188160c539fe3fde8f1bb513d6799ed030afe60b70a24c86c78,cotengra_one_trial,20260917,False,1dpu_t8,False,estimated_work_unit_count_exceeds_preregistered_bound,,,,,,,,,,,,,,,,,,,,,,,,,,,,
quantization_stress_16q_l2,training,96746b313b0cf188160c539fe3fde8f1bb513d6799ed030afe60b70a24c86c78,cotengra_one_trial,20260917,False,4dpu_t8,False,estimated_work_unit_count_exceeds_preregistered_bound,,,,,,,,,,,,,,,,,,,,,,,,,,,,
quantization_stress_16q_l2,training,989f35398f26b44b3983067bf92250720daff7ca6f739362b1e8dbc61f6439b5,cotengra_one_trial,20260934,False,1dpu_t8,False,estimated_work_unit_count_exceeds_preregistered_bound,,,,,,,,,,,,,,,,,,,,,,,,,,,,
quantization_stress_16q_l2,training,989f35398f26b44b3983067bf92250720daff7ca6f739362b1e8dbc61f6439b5,cotengra_one_trial,20260934,False,4dpu_t8,False,estimated_work_unit_count_exceeds_preregistered_bound,,,,,,,,,,,,,,,,,,,,,,,,,,,,
quantization_stress_16q_l2,training,9dd8a358f31277292649fde742aee38d026f5045603c2395155e8093f8a77f94,cotengra_one_trial,20260929,False,1dpu_t8,True,,5e0c41958bf9e0788356fb9a0fa20aae7e9f816caf979b1b3646832fc88836df,8a43f4eeed06fcebc4af6c037230045238019d1b09253f4189dcda2fe218da08,574560.0,287280.0,2048.0,32768.0,7768.0,11,125,1318656.0,1433408.0,1149120.0,3774.0,0.0,13568.0,145792,1172864,126,126,126,504,0,3144,0,0.9902882205513784,1.0,2372352,362128
quantization_stress_16q_l2,training,9dd8a358f31277292649fde742aee38d026f5045603c2395155e8093f8a77f94,cotengra_one_trial,20260929,False,4dpu_t8,False,collection_resource_admission_failed:dominant_work_wave_underfilled,5e0c41958bf9e0788356fb9a0fa20aae7e9f816caf979b1b3646832fc88836df,01906d154df6689092c34fb90942088f1849b4325b5bda971ec74ddc7f7cdf1e,574560.0,287280.0,2048.0,32768.0,7768.0,11,125,1318656.0,1433408.0,1149120.0,3769.0,0.0,13568.0,145792,1172864,126,125,125,500,0,3144,125,0.9902882205513784,0.4781258702311334,2372352,362128
quantization_stress_16q_l2,training,a022eb44cdc8e5878b6715f6c403e08e3c3f9236697f65d97dcac2613ae63276,cotengra_one_trial,20260960,False,1dpu_t8,False,estimated_work_unit_count_exceeds_preregistered_bound,,,,,,,,,,,,,,,,,,,,,,,,,,,,
quantization_stress_16q_l2,training,a022eb44cdc8e5878b6715f6c403e08e3c3f9236697f65d97dcac2613ae63276,cotengra_one_trial,20260960,False,4dpu_t8,False,estimated_work_unit_count_exceeds_preregistered_bound,,,,,,,,,,,,,,,,,,,,,,,,,,,,
quantization_stress_16q_l2,training,a76bfeab238a818f19c89e3f9b9f6179a235269b5213c652bbaaa27287c1d839,cotengra_one_trial,20260922,False,1dpu_t8,False,estimated_work_unit_count_exceeds_preregistered_bound,,,,,,,,,,,,,,,,,,,,,,,,,,,,
quantization_stress_16q_l2,training,a76bfeab238a818f19c89e3f9b9f6179a235269b5213c652bbaaa27287c1d839,cotengra_one_trial,20260922,False,4dpu_t8,False,estimated_work_unit_count_exceeds_preregistered_bound,,,,,,,,,,,,,,,,,,,,,,,,,,,,
quantization_stress_16q_l2,training,aa4aa14d34d5b31ed1c7290ffecc5e74cc049565f59375d982ccd73d61f89c7e,cotengra_one_trial,20260916,False,1dpu_t8,False,estimated_work_unit_count_exceeds_preregistered_bound,,,,,,,,,,,,,,,,,,,,,,,,,,,,
quantization_stress_16q_l2,training,aa4aa14d34d5b31ed1c7290ffecc5e74cc049565f59375d982ccd73d61f89c7e,cotengra_one_trial,20260916,False,4dpu_t8,False,estimated_work_unit_count_exceeds_preregistered_bound,,,,,,,,,,,,,,,,,,,,,,,,,,,,
quantization_stress_16q_l2,training,ae5053d978d077ea0c0f02a57af3de4f962b50b9666decdb302c0592ea610271,cotengra_one_trial,20260943,False,1dpu_t8,False,semantic_identity_expansion_exceeds_preregistered_bound,,,,,,,,,,,,,,,,,,,,,,,,,,,,
quantization_stress_16q_l2,training,ae5053d978d077ea0c0f02a57af3de4f962b50b9666decdb302c0592ea610271,cotengra_one_trial,20260943,False,4dpu_t8,False,semantic_identity_expansion_exceeds_preregistered_bound,,,,,,,,,,,,,,,,,,,,,,,,,,,,
quantization_stress_16q_l2,training,ae6c0ce5d536083ab7e56b62707efa570b05546ec41d990aca3704355dd2c8c0,cotengra_one_trial,20260944,False,1dpu_t8,True,,c42e052294b067f3fb73e5467c8be0edb1401ece153cc1ae0c4ab4a2cf9e28a2,732a2528078371aab2a24f4e6ad577c278043abbe7188ca350bd5262fe3fcd6d,640592.0,320296.0,8192.0,131072.0,13228.0,13,125,1500544.0,1506464.0,1281184.0,3865.0,0.0,13568.0,240320,1260224,133,133,133,532,0,3200,0,0.9965516272447985,1.0,2547072,13712
quantization_stress_16q_l2,training,ae6c0ce5d536083ab7e56b62707efa570b05546ec41d990aca3704355dd2c8c0,cotengra_one_trial,20260944,False,4dpu_t8,True,,c42e052294b067f3fb73e5467c8be0edb1401ece153cc1ae0c4ab4a2cf9e28a2,4a56b93d9a01ee87ace23c30ee75bfdbc79f442c77a455ad8dd1594ef9c04674,640592.0,320296.0,8192.0,131072.0,13228.0,13,125,1500544.0,1506464.0,1281184.0,3830.0,0.0,13568.0,240320,1260224,133,126,126,504,0,3200,124,0.9965516272447985,0.8894085470939381,2547072,13712
quantization_stress_16q_l2,training,b3b5c074710b5b557aaf7dae227cc2d17d592422dd35b23ef9ffd748bf077a79,cotengra_one_trial,20260952,False,1dpu_t8,False,semantic_identity_expansion_exceeds_preregistered_bound,,,,,,,,,,,,,,,,,,,,,,,,,,,,
quantization_stress_16q_l2,training,b3b5c074710b5b557aaf7dae227cc2d17d592422dd35b23ef9ffd748bf077a79,cotengra_one_trial,20260952,False,4dpu_t8,False,semantic_identity_expansion_exceeds_preregistered_bound,,,,,,,,,,,,,,,,,,,,,,,,,,,,
quantization_stress_16q_l2,training,bdad1d3dd69c38f29c296f95a2c1c82e42aa240a6550ca6349f71e83ab796a55,cotengra_one_trial,20260923,False,1dpu_t8,False,estimated_work_unit_count_exceeds_preregistered_bound,,,,,,,,,,,,,,,,,,,,,,,,,,,,
quantization_stress_16q_l2,training,bdad1d3dd69c38f29c296f95a2c1c82e42aa240a6550ca6349f71e83ab796a55,cotengra_one_trial,20260923,False,4dpu_t8,False,estimated_work_unit_count_exceeds_preregistered_bound,,,,,,,,,,,,,,,,,,,,,,,,,,,,
quantization_stress_16q_l2,training,c267a41030618f083c198b14f905a93d7891a1fa3c83528e385ccc5df483384d,cotengra_one_trial,20260962,False,1dpu_t8,False,estimated_work_unit_count_exceeds_preregistered_bound,,,,,,,,,,,,,,,,,,,,,,,,,,,,
quantization_stress_16q_l2,training,c267a41030618f083c198b14f905a93d7891a1fa3c83528e385ccc5df483384d,cotengra_one_trial,20260962,False,4dpu_t8,False,estimated_work_unit_count_exceeds_preregistered_bound,,,,,,,,,,,,,,,,,,,,,,,,,,,,
quantization_stress_16q_l2,training,c37246d77dfaf6b4d658320f3eddde9ad8694572ed457e6aff31581e79a94dbb,cotengra_one_trial,20260959,False,1dpu_t8,False,estimated_work_unit_count_exceeds_preregistered_bound,,,,,,,,,,,,,,,,,,,,,,,,,,,,
quantization_stress_16q_l2,training,c37246d77dfaf6b4d658320f3eddde9ad8694572ed457e6aff31581e79a94dbb,cotengra_one_trial,20260959,False,4dpu_t8,False,estimated_work_unit_count_exceeds_preregistered_bound,,,,,,,,,,,,,,,,,,,,,,,,,,,,
quantization_stress_16q_l2,training,d60b2169fb854ef9d36b980dc00175bd8061d37703d9cbfd286bfdeaf3e43aba,cotengra_one_trial,20260938,False,1dpu_t8,False,semantic_identity_expansion_exceeds_preregistered_bound,,,,,,,,,,,,,,,,,,,,,,,,,,,,
quantization_stress_16q_l2,training,d60b2169fb854ef9d36b980dc00175bd8061d37703d9cbfd286bfdeaf3e43aba,cotengra_one_trial,20260938,False,4dpu_t8,False,semantic_identity_expansion_exceeds_preregistered_bound,,,,,,,,,,,,,,,,,,,,,,,,,,,,
quantization_stress_16q_l2,training,ebfd7777f402134de6e1aaee0f13a3285d9a892c06c09c946374062ebc145357,cotengra_one_trial,20260909,False,1dpu_t8,False,estimated_work_unit_count_exceeds_preregistered_bound,,,,,,,,,,,,,,,,,,,,,,,,,,,,
quantization_stress_16q_l2,training,ebfd7777f402134de6e1aaee0f13a3285d9a892c06c09c946374062ebc145357,cotengra_one_trial,20260909,False,4dpu_t8,False,estimated_work_unit_count_exceeds_preregistered_bound,,,,,,,,,,,,,,,,,,,,,,,,,,,,
quantization_stress_16q_l2,training,ee5cb2e7f673571702026566c7f1fb8bef7ecf1505b0d59672b154fb7754d0fb,cotengra_one_trial,20260908,False,1dpu_t8,True,,91ded23d358cb16efee6eae4a40791d62f72751c21bdb7420b39b83f1309c2c8,2db17f62918d7508153f2cbaa2149f27c6cc85bb5cff8d41bbecf58690d05d4f,644336.0,322168.0,4096.0,65536.0,9316.0,12,125,1372288.0,1440416.0,1288672.0,3744.0,0.0,13568.0,174656,1197632,128,128,128,512,0,3104,0,0.9968541257977205,1.0,2421888,20678
quantization_stress_16q_l2,training,ee5cb2e7f673571702026566c7f1fb8bef7ecf1505b0d59672b154fb7754d0fb,cotengra_one_trial,20260908,False,4dpu_t8,True,,91ded23d358cb16efee6eae4a40791d62f72751c21bdb7420b39b83f1309c2c8,a539aefa36d5e41c18802c12fd1c5e0354fb5f475cfe1f11bef3f059b7c992e8,644336.0,322168.0,4096.0,65536.0,9316.0,12,125,1372288.0,1440416.0,1288672.0,3729.0,0.0,13568.0,174656,1197632,128,125,125,500,0,3104,124,0.9968541257977205,0.8602654515656428,2421888,20678
quantization_stress_16q_l2,training,f2afdc9c14f87587804fd5d9c010085832d3b0756681c45ecd200f39573a27fd,cotengra_one_trial,20260935,False,1dpu_t8,False,estimated_work_unit_count_exceeds_preregistered_bound,,,,,,,,,,,,,,,,,,,,,,,,,,,,
quantization_stress_16q_l2,training,f2afdc9c14f87587804fd5d9c010085832d3b0756681c45ecd200f39573a27fd,cotengra_one_trial,20260935,False,4dpu_t8,False,estimated_work_unit_count_exceeds_preregistered_bound,,,,,,,,,,,,,,,,,,,,,,,,,,,,
quantization_stress_16q_l2,training,f3b36b28b4865be20efc3e8b0fa08d379f5aa709fc8813392a6206c5dce8e561,cotengra_one_trial,20260937,False,1dpu_t8,False,estimated_work_unit_count_exceeds_preregistered_bound,,,,,,,,,,,,,,,,,,,,,,,,,,,,
quantization_stress_16q_l2,training,f3b36b28b4865be20efc3e8b0fa08d379f5aa709fc8813392a6206c5dce8e561,cotengra_one_trial,20260937,False,4dpu_t8,False,estimated_work_unit_count_exceeds_preregistered_bound,,,,,,,,,,,,,,,,,,,,,,,,,,,,
quantization_stress_16q_l2,training,f7fd8b26904668ae88dc69a5a356f4ca6dbca1537645b8f1eebda9ecc6406c68,cotengra_one_trial,20260950,False,1dpu_t8,False,estimated_work_unit_count_exceeds_preregistered_bound,,,,,,,,,,,,,,,,,,,,,,,,,,,,
quantization_stress_16q_l2,training,f7fd8b26904668ae88dc69a5a356f4ca6dbca1537645b8f1eebda9ecc6406c68,cotengra_one_trial,20260950,False,4dpu_t8,False,estimated_work_unit_count_exceeds_preregistered_bound,,,,,,,,,,,,,,,,,,,,,,,,,,,,
hs_20q_d1,training,be2aca7b90cf22bd437f2aafda4194cc5dba5afea7a4dc514fc29232a92e6658,opt_einsum_greedy,,True,1dpu_t8,True,,2d1bb8cd43b101aa79c3e13f60cad7f718e5331d88b815c7a59a2f42ad0d4bd6,2098a9538f3b1f207a474f64adfe2304202da899a33681120c45b8442b2097d1,2107328.0,1053664.0,4096.0,65536.0,4888.0,12,59,17000192.0,17990464.0,4214656.0,3098.0,0.0,13568.0,144768,16855424,74,74,74,296,0,2728,0,0.9998006954778753,1.0,33721088,1168
hs_20q_d1,training,be2aca7b90cf22bd437f2aafda4194cc5dba5afea7a4dc514fc29232a92e6658,opt_einsum_greedy,,True,4dpu_t8,True,,2d1bb8cd43b101aa79c3e13f60cad7f718e5331d88b815c7a59a2f42ad0d4bd6,0e8879a90ed231ab6cd5870ed13f923adac480f7ea141582a5047b7755ab7330,2107328.0,1053664.0,4096.0,65536.0,4888.0,12,59,17000192.0,17990464.0,4214656.0,3038.0,0.0,13568.0,144768,16855424,74,62,62,248,0,2728,58,0.9998006954778753,0.9963783521122483,33721088,1168
hs_20q_d1,training,01fce85004f811b2bf3286ba03073d81166c948e4cb75e280c8685079db5a7ed,cotengra_one_trial,20260940,False,1dpu_t8,True,,0b2018b70564ab40843bd6731cae5cb0f60c4018c70493e24fad4c5c23d1c059,233edd1f3ed3681ded38ee7f7451ee0a9c4237cae58e5507be6e6339472dfdc2,2107328.0,1053664.0,4096.0,65536.0,4888.0,12,59,17000192.0,17990720.0,4214656.0,3042.0,0.0,13568.0,144768,16855424,74,74,74,296,0,2672,0,0.9998006954778753,1.0,33721088,1696
hs_20q_d1,training,01fce85004f811b2bf3286ba03073d81166c948e4cb75e280c8685079db5a7ed,cotengra_one_trial,20260940,False,4dpu_t8,True,,0b2018b70564ab40843bd6731cae5cb0f60c4018c70493e24fad4c5c23d1c059,31503cbfb2b1eae82ef44bfd7c9246bb6b0c203153e45e246da9a3f4aaa0f3ca,2107328.0,1053664.0,4096.0,65536.0,4888.0,12,59,17000192.0,17990720.0,4214656.0,2982.0,0.0,13568.0,144768,16855424,74,62,62,248,0,2672,58,0.9998006954778753,0.9963783521122483,33721088,1696
hs_20q_d1,training,05778765df5091efc8bc35cdeba7d73dea40dc3c3ca2b64aaa5ddff2428ba8d1,cotengra_one_trial,20260942,False,1dpu_t8,True,,8b81c8d72a54b6257ce299d1ee8b5735821919eaf00d60a8c2d8d4b94c438402,3116e732252ad5ff26785a9cba839cae49866c0d77bd515197f96648cab42c23,2108928.0,1054464.0,4096.0,65536.0,5288.0,12,59,17012992.0,18000960.0,4217856.0,3042.0,0.0,13568.0,151168,16861824,74,74,74,296,0,2672,0,0.9991483824957514,1.0,33733888,3372
hs_20q_d1,training,05778765df5091efc8bc35cdeba7d73dea40dc3c3ca2b64aaa5ddff2428ba8d1,cotengra_one_trial,20260942,False,4dpu_t8,True,,8b81c8d72a54b6257ce299d1ee8b5735821919eaf00d60a8c2d8d4b94c438402,2eb80348b8a04f8772ce402d57ee3db109b50529e317b7638ac2d56306eb60c6,2108928.0,1054464.0,4096.0,65536.0,5288.0,12,59,17012992.0,18000960.0,4217856.0,2982.0,0.0,13568.0,151168,16861824,74,62,62,248,0,2672,58,0.9991483824957514,0.9958120903131829,33733888,3372
hs_20q_d1,training,099f7296a89b605a078282b0859d88595fd806ebdf52450c356e666aa4a4a89c,cotengra_one_trial,20260962,False,1dpu_t8,True,,e8d8c91051589b6f95ed7f523021703cc227260976087fa79ad83878208fcb93,52f565ab52f427b44a711e0b48c9bbcd77bc5057058536bcb3d5569e666d946b,2108480.0,1054240.0,4096.0,65536.0,5176.0,12,59,17009408.0,17997632.0,4216960.0,3042.0,0.0,13568.0,149376,16860032,74,74,74,296,0,2672,0,0.9993227348611322,1.0,33730304,3310
hs_20q_d1,training,099f7296a89b605a078282b0859d88595fd806ebdf52450c356e666aa4a4a89c,cotengra_one_trial,20260962,False,4dpu_t8,True,,e8d8c91051589b6f95ed7f523021703cc227260976087fa79ad83878208fcb93,d237c13f2c71ada9e4de53afa26768a0383f1abbedb8761ebbc46cb53261297d,2108480.0,1054240.0,4096.0,65536.0,5176.0,12,59,17009408.0,17997632.0,4216960.0,2982.0,0.0,13568.0,149376,16860032,74,62,62,248,0,2672,58,0.9993227348611322,0.9959705569889209,33730304,3310
hs_20q_d1,training,0b07bd070ab7c17702e4e87d1ca4f2bf5672012f2b86c96fad5ac13e35233a97,cotengra_one_trial,20260931,False,1dpu_t8,True,,28880a96ad2dd2ac72c0c22fbd0635d5a075e3f16d2abcc1b8b11c9c3e6e74e0,5369083ab9db992c37ab0d4d7051b8b3a755f4573acd7f9b09adbe70becdb376,2107328.0,1053664.0,4096.0,65536.0,4888.0,12,59,17000192.0,17990720.0,4214656.0,3042.0,0.0,13568.0,144768,16855424,74,74,74,296,0,2672,0,0.9998006954778753,1.0,33721088,1648
hs_20q_d1,training,0b07bd070ab7c17702e4e87d1ca4f2bf5672012f2b86c96fad5ac13e35233a97,cotengra_one_trial,20260931,False,4dpu_t8,True,,28880a96ad2dd2ac72c0c22fbd0635d5a075e3f16d2abcc1b8b11c9c3e6e74e0,7ead8aac29a7253a40e3d83672450457529a1731d3e8a1c29f2868751a2df51f,2107328.0,1053664.0,4096.0,65536.0,4888.0,12,59,17000192.0,17990720.0,4214656.0,2982.0,0.0,13568.0,144768,16855424,74,62,62,248,0,2672,58,0.9998006954778753,0.9963783521122483,33721088,1648
hs_20q_d1,training,0d83d853c93a93a230e8c6bf20b64b8dad89a8ac3c3e22629e0dae7773dde060,cotengra_one_trial,20260921,False,1dpu_t8,True,,bdeabea50987e85371b8d1ee25dbfd7f93792e0a6365c6b94d1b65f292c93c4f,13e077494b57658440a7dcbd1fdb872a9f1744d2604cd6f957c81aeac5f84742,2107328.0,1053664.0,4096.0,65536.0,4888.0,12,59,17000192.0,17990720.0,4214656.0,3042.0,0.0,13568.0,144768,16855424,74,74,74,296,0,2672,0,0.9998006954778753,1.0,33721088,1696
hs_20q_d1,training,0d83d853c93a93a230e8c6bf20b64b8dad89a8ac3c3e22629e0dae7773dde060,cotengra_one_trial,20260921,False,4dpu_t8,True,,bdeabea50987e85371b8d1ee25dbfd7f93792e0a6365c6b94d1b65f292c93c4f,3671dc4017408f46f11dacda3bbf85b0305c1676911106e21a2f02255b7136c5,2107328.0,1053664.0,4096.0,65536.0,4888.0,12,59,17000192.0,17990720.0,4214656.0,2982.0,0.0,13568.0,144768,16855424,74,62,62,248,0,2672,58,0.9998006954778753,0.9963783521122483,33721088,1696
hs_20q_d1,training,1096cdb62d2f8656b87c4e4594bd3b5efc5d0e4e6e254f333a88b54be3f49023,cotengra_one_trial,20260916,False,1dpu_t8,True,,b03a865b401c79e327a4ad8abf36e72e063286fbd74bff43986f1d98eee06928,65b69fc1ffb3feda9694c64f0f9ca35b7e6765b532fd40be00322093e8a701c7,2108392.0,1054196.0,4096.0,65536.0,5154.0,12,59,17008704.0,17996928.0,4216784.0,3042.0,0.0,13568.0,149024,16859680,74,74,74,296,0,2672,0,0.9992852372803539,1.0,33729600,3344
hs_20q_d1,training,1096cdb62d2f8656b87c4e4594bd3b5efc5d0e4e6e254f333a88b54be3f49023,cotengra_one_trial,20260916,False,4dpu_t8,True,,b03a865b401c79e327a4ad8abf36e72e063286fbd74bff43986f1d98eee06928,59edcd04bf26f1edd892d7a8df5000845e7216ab5e7fd3ac20c419687936aeca,2108392.0,1054196.0,4096.0,65536.0,5154.0,12,59,17008704.0,17996928.0,4216784.0,2982.0,0.0,13568.0,149024,16859680,74,62,62,248,0,2672,58,0.9992852372803539,0.9960016922849262,33729600,3344
hs_20q_d1,training,17c224136bbd5d011a439e14e96ed65683e76c5061f439dc45b123b0bc7b9a49,cotengra_one_trial,20260932,False,1dpu_t8,True,,4d080379fc82975fd2c7e5166a52beca1e8a33feccf54c976dc75b5d4644590b,cdc00bacac561ac13fdffff12ad1e5ad3537efb7c4c3695e05a685e902d7a7ea,2108432.0,1054216.0,4096.0,65536.0,5164.0,12,59,17009024.0,17996992.0,4216864.0,3042.0,0.0,13568.0,149184,16859840,74,74,74,296,0,2672,0,0.9993018508540944,1.0,33729920,3372
hs_20q_d1,training,17c224136bbd5d011a439e14e96ed65683e76c5061f439dc45b123b0bc7b9a49,cotengra_one_trial,20260932,False,4dpu_t8,True,,4d080379fc82975fd2c7e5166a52beca1e8a33feccf54c976dc75b5d4644590b,9143e3125142dbafeee82d3fda89486c147b1f035358a1654c5a36b649cd0469,2108432.0,1054216.0,4096.0,65536.0,5164.0,12,59,17009024.0,17996992.0,4216864.0,2982.0,0.0,13568.0,149184,16859840,74,62,62,248,0,2672,58,0.9993018508540944,0.9959875395554612,33729920,3372
hs_20q_d1,training,19765c820bac4e2cab0de272011ed0dbbb7abec939fee2b5991f8ecd89b4c71d,cotengra_one_trial,20260928,False,1dpu_t8,True,,82ffee77bb48d7c55461a9270e51218090aff8331e3b5df84deba9375fa11ad3,42fca1cdd5f113f9480e0775f9657f0720b2c48b1458f48d30dac4e62f5a2773,2107328.0,1053664.0,4096.0,65536.0,4888.0,12,59,17000192.0,17990720.0,4214656.0,3042.0,0.0,13568.0,144768,16855424,74,74,74,296,0,2672,0,0.9998006954778753,1.0,33721088,1696
hs_20q_d1,training,19765c820bac4e2cab0de272011ed0dbbb7abec939fee2b5991f8ecd89b4c71d,cotengra_one_trial,20260928,False,4dpu_t8,True,,82ffee77bb48d7c55461a9270e51218090aff8331e3b5df84deba9375fa11ad3,d80d0fa59b509b42d1ad20e38c0c8b6de2f2e9be24358c8f89c85a319b6b154b,2107328.0,1053664.0,4096.0,65536.0,4888.0,12,59,17000192.0,17990720.0,4214656.0,2982.0,0.0,13568.0,144768,16855424,74,62,62,248,0,2672,58,0.9998006954778753,0.9963783521122483,33721088,1696
hs_20q_d1,training,1b075fb9fbac32b4b0e22c7c11bcd10219b3a83907ae07169e2963080915bce3,cotengra_one_trial,20260951,False,1dpu_t8,True,,39dd37cc3ac7e4daeffa4ca96114dd829c3ff7361be348e4b809fb390b2bf377,7999735b466aa6598ca90f059ca854d5ffda9a0cff833c5c2612bdfd2629fd72,2107328.0,1053664.0,4096.0,65536.0,4888.0,12,59,17000192.0,17990720.0,4214656.0,3042.0,0.0,13568.0,144768,16855424,74,74,74,296,0,2672,0,0.9998006954778753,1.0,33721088,1696
hs_20q_d1,training,1b075fb9fbac32b4b0e22c7c11bcd10219b3a83907ae07169e2963080915bce3,cotengra_one_trial,20260951,False,4dpu_t8,True,,39dd37cc3ac7e4daeffa4ca96114dd829c3ff7361be348e4b809fb390b2bf377,7860a8dab52fa5f20875e922498a36da13bef2e94161cdf516d0e4a73daea93f,2107328.0,1053664.0,4096.0,65536.0,4888.0,12,59,17000192.0,17990720.0,4214656.0,2982.0,0.0,13568.0,144768,16855424,74,62,62,248,0,2672,58,0.9998006954778753,0.9963783521122483,33721088,1696
hs_20q_d1,training,20b71d8b913dc92ae337fba1c0bd64f61610340b7c9d89d1970e40fa1f661445,cotengra_one_trial,20260936,False,1dpu_t8,True,,3c0e8ab62d77248b3540d288935f56ecde40240b90161df42ddf40f0cd709000,02f838228ec97f76499e186cd76fc2d45cd2c7573bb95ed598685a6d6274f526,2107344.0,1053672.0,4096.0,65536.0,4892.0,12,59,17000320.0,17990848.0,4214688.0,3042.0,0.0,13568.0,144832,16855488,74,74,74,296,0,2672,0,0.999795002619411,1.0,33721216,1648
hs_20q_d1,training,20b71d8b913dc92ae337fba1c0bd64f61610340b7c9d89d1970e40fa1f661445,cotengra_one_trial,20260936,False,4dpu_t8,True,,3c0e8ab62d77248b3540d288935f56ecde40240b90161df42ddf40f0cd709000,60101af6d7577e27f03b4291e8b6d40d361fa873e555ce57cd1b7307869bc63f,2107344.0,1053672.0,4096.0,65536.0,4892.0,12,59,17000320.0,17990848.0,4214688.0,2982.0,0.0,13568.0,144832,16855488,74,62,62,248,0,2672,58,0.999795002619411,0.9963726852379109,33721216,1648
hs_20q_d1,training,29c6f9c860d40290bab2b2bdd409493fc54fe34f7e7be87f3583a770867e6b94,cotengra_one_trial,20260941,False,1dpu_t8,True,,5cb41b0ced011705eff5828720c075c4661f379c57f14e0174c4bc3448f43beb,d99475d38ed8393f426f2c3f5c5c18ca5e4a18aa75f73ed6f6e06a221af35ad7,2108688.0,1054344.0,4096.0,65536.0,5228.0,12,59,17011072.0,17999040.0,4217376.0,3042.0,0.0,13568.0,150208,16860864,74,74,74,296,0,2672,0,0.9992336467035426,1.0,33731968,3372
hs_20q_d1,training,29c6f9c860d40290bab2b2bdd409493fc54fe34f7e7be87f3583a770867e6b94,cotengra_one_trial,20260941,False,4dpu_t8,True,,5cb41b0ced011705eff5828720c075c4661f379c57f14e0174c4bc3448f43beb,dd5f627c1d3f65b4262a092ec148337222e9c62757ba9c0739c3fe6e69faf69c,2108688.0,1054344.0,4096.0,65536.0,5228.0,12,59,17011072.0,17999040.0,4217376.0,2982.0,0.0,13568.0,150208,16860864,74,62,62,248,0,2672,58,0.9992336467035426,0.995896974801393,33731968,3372
hs_20q_d1,training,2aa9a27e81afc43de9ce2b6bf279132b9a3fe972ee39119384896e05d3d3c8d9,cotengra_one_trial,20260937,False,1dpu_t8,True,,066afbbcc2d3684dc743218b6e3aad72296a4e9ee246eb59682305eb07e9f60f,d5150f495c003a795f159ff5fa5e89957b38e5e1c47b9529cc2f1b99f740f1de,2108648.0,1054324.0,4096.0,65536.0,5218.0,12,59,17010752.0,17998720.0,4217296.0,3042.0,0.0,13568.0,150048,16860704,74,74,74,296,0,2672,0,0.9992246216533058,1.0,33731648,3310
hs_20q_d1,training,2aa9a27e81afc43de9ce2b6bf279132b9a3fe972ee39119384896e05d3d3c8d9,cotengra_one_trial,20260937,False,4dpu_t8,True,,066afbbcc2d3684dc743218b6e3aad72296a4e9ee246eb59682305eb07e9f60f,a8024344877e60da2ac5ecff1f2413fb5a07a0a1f90e74159b9f00d283770642,2108648.0,1054324.0,4096.0,65536.0,5218.0,12,59,17010752.0,17998720.0,4217296.0,2982.0,0.0,13568.0,150048,16860704,74,62,62,248,0,2672,58,0.9992246216533058,0.9959111240946805,33731648,3310
hs_20q_d1,training,2bf2a31a965ef83a1c8bed782fce20ce3776855a903f60aaf984da906ecdc8c6,cotengra_one_trial,20260952,False,1dpu_t8,True,,61fbaa3ae5297b6fc8825f8a0ab1b5df264191ab86dc760a9588dcd9931443bb,892e84763d06fbf19c916db4d55134f6395812ace9345f9c6324df16a7c608cc,2108544.0,1054272.0,4096.0,65536.0,5192.0,12,59,17009920.0,17997888.0,4217088.0,3042.0,0.0,13568.0,149632,16860288,74,74,74,296,0,2672,0,0.9992620500212469,1.0,33730816,3372
hs_20q_d1,training,2bf2a31a965ef83a1c8bed782fce20ce3776855a903f60aaf984da906ecdc8c6,cotengra_one_trial,20260952,False,4dpu_t8,True,,61fbaa3ae5297b6fc8825f8a0ab1b5df264191ab86dc760a9588dcd9931443bb,cc3117e041eb9f8ee5f9ce20e5f2513bca59d36fccdcf7a1caeef94d27b0b230,2108544.0,1054272.0,4096.0,65536.0,5192.0,12,59,17009920.0,17997888.0,4217088.0,2982.0,0.0,13568.0,149632,16860288,74,62,62,248,0,2672,58,0.9992620500212469,0.995947914769623,33730816,3372
hs_20q_d1,training,2c79da6a1377f1d2be88bc0f5d7c41e8959a63a398b0b873877ce6a6d6a68664,cotengra_one_trial,20260954,False,1dpu_t8,True,,d3388c80f770e88b1f6f6443d70503afe7a9c07eeffe49941d4fb76acb3f98ac,b90223a5c957213b7dd413897492d0c3af279442f28124958d5ab1301e050d0f,2108328.0,1054164.0,4096.0,65536.0,5138.0,12,59,17008192.0,17996352.0,4216656.0,3042.0,0.0,13568.0,148768,16859424,74,74,74,296,0,2672,0,0.9993430813421821,1.0,33729088,3218
hs_20q_d1,training,2c79da6a1377f1d2be88bc0f5d7c41e8959a63a398b0b873877ce6a6d6a68664,cotengra_one_trial,20260954,False,4dpu_t8,True,,d3388c80f770e88b1f6f6443d70503afe7a9c07eeffe49941d4fb76acb3f98ac,5600b2c8d85d64ea98fc3012269e934b47b2eeba14640ac3ca5856eaba4ffa4a,2108328.0,1054164.0,4096.0,65536.0,5138.0,12,59,17008192.0,17996352.0,4216656.0,2982.0,0.0,13568.0,148768,16859424,74,62,62,248,0,2672,58,0.9993430813421821,0.9960243377690757,33729088,3218
hs_20q_d1,training,2e1d5cff9460d6e02154e38c98c1421e2efdfa2c596de08a07361fee6c2f8ea5,cotengra_one_trial,20260953,False,1dpu_t8,True,,7de25c5fedf9526661232ca88c2f83205ea286ba7b4ba91179b5fe7ef92d895b,2adc49a6d3d15cc5447cd0d822d3464fdf05922635fb00c79ce016c85b666e78,2108896.0,1054448.0,4096.0,65536.0,5280.0,12,59,17012736.0,18000704.0,4217792.0,3042.0,0.0,13568.0,151040,16861696,74,74,74,296,0,2672,0,0.9991369892114168,1.0,33733632,3276
hs_20q_d1,training,2e1d5cff9460d6e02154e38c98c1421e2efdfa2c596de08a07361fee6c2f8ea5,cotengra_one_trial,20260953,False,4dpu_t8,True,,7de25c5fedf9526661232ca88c2f83205ea286ba7b4ba91179b5fe7ef92d895b,7a6780a522be2cf34234e7b794e5e5176935112c8b577d89a0115f6074e33451,2108896.0,1054448.0,4096.0,65536.0,5280.0,12,59,17012736.0,18000704.0,4217792.0,2982.0,0.0,13568.0,151040,16861696,74,62,62,248,0,2672,58,0.9991369892114168,0.9958234071286588,33733632,3276
hs_20q_d1,training,304de256294679371e6bee0572d5cb8a9b53ce96fce6e607ffa1321f04029ee2,cotengra_one_trial,20260935,False,1dpu_t8,True,,8b84b302551824bf715fc69b1e64e6f95c04760f3a3fb319282222b38b7e4b76,952d812a8b5164470f1c9b4dd53990eb0726b4e745efc9c139f355808d80b566,2108768.0,1054384.0,4096.0,65536.0,5248.0,12,59,17011712.0,17999680.0,4217536.0,3042.0,0.0,13568.0,150528,16861184,74,74,74,296,0,2672,0,0.999205223144509,1.0,33732608,3372
hs_20q_d1,training,304de256294679371e6bee0572d5cb8a9b53ce96fce6e607ffa1321f04029ee2,cotengra_one_trial,20260935,False,4dpu_t8,True,,8b84b302551824bf715fc69b1e64e6f95c04760f3a3fb319282222b38b7e4b76,4c139efe41baa6b57ab7c6b449a1ccc781606645239baee624a29f9c5e4f277a,2108768.0,1054384.0,4096.0,65536.0,5248.0,12,59,17011712.0,17999680.0,4217536.0,2982.0,0.0,13568.0,150528,16861184,74,62,62,248,0,2672,58,0.999205223144509,0.9958686778251566,33732608,3372
hs_20q_d1,training,31d0286a08aa2a59c4377fa821502451bdde70835ea229aba78c89c00325eb64,cotengra_one_trial,20260903,False,1dpu_t8,True,,bc61a20202ad684cb0d45841f553a79372ed43763c0212219e8ae9153abaf89b,7fef561c4f1192015cc4e5e56a3a5735afa0940e54cf816918fd93bb83a08467,2108664.0,1054332.0,4096.0,65536.0,5222.0,12,59,17010880.0,17999200.0,4217328.0,3042.0,0.0,13568.0,150112,16860768,74,74,74,296,0,2672,0,0.9992824840752249,1.0,33731776,3282
hs_20q_d1,training,31d0286a08aa2a59c4377fa821502451bdde70835ea229aba78c89c00325eb64,cotengra_one_trial,20260903,False,4dpu_t8,True,,bc61a20202ad684cb0d45841f553a79372ed43763c0212219e8ae9153abaf89b,58f524cc5dd74836309199c4aefa7d1b28e5dbd36e2aedfdfa191c5e3a2f4d74,2108664.0,1054332.0,4096.0,65536.0,5222.0,12,59,17010880.0,17999200.0,4217328.0,2982.0,0.0,13568.0,150112,16860768,74,62,62,248,0,2672,58,0.9992824840752249,0.9959054643129489,33731776,3282
hs_20q_d1,training,362354f6333f0b780e26179540e71b6719a149253127638f3f9fe1abecc0b597,cotengra_one_trial,20260957,False,1dpu_t8,True,,fc3817d54dc456a51accfacfa0a2060abeddf174aba9904fc2d0904a5d211ac3,02ccbd3356cd676c3b896fc1a6f564abec02b6f5d6c6134e89879ade04f87387,2107328.0,1053664.0,4096.0,65536.0,4888.0,12,59,17000192.0,17990720.0,4214656.0,3042.0,0.0,13568.0,144768,16855424,74,74,74,296,0,2672,0,0.9998006954778753,1.0,33721088,1696
hs_20q_d1,training,362354f6333f0b780e26179540e71b6719a149253127638f3f9fe1abecc0b597,cotengra_one_trial,20260957,False,4dpu_t8,True,,fc3817d54dc456a51accfacfa0a2060abeddf174aba9904fc2d0904a5d211ac3,5641c4f1866cb8a3de13c7375c959102c369f36d2c43c798d54d15f82dc09535,2107328.0,1053664.0,4096.0,65536.0,4888.0,12,59,17000192.0,17990720.0,4214656.0,2982.0,0.0,13568.0,144768,16855424,74,62,62,248,0,2672,58,0.9998006954778753,0.9963783521122483,33721088,1696
hs_20q_d1,training,3a3b1fd804d842dcecfba80fe1ac5ab1ba2b4feba3cfce174a0b1300bbd8dd42,cotengra_one_trial,20260924,False,1dpu_t8,True,,d389c559d7517f530041ddb9b7b1eb4fdf8bd8246182f7c0fa17e93f9bc965ba,7dc1b0860548e54e6af319fdfe1097c31feaa9db59e697cc9f4c31a2ae40852c,2108736.0,1054368.0,4096.0,65536.0,5240.0,12,59,17011456.0,17999424.0,4217472.0,3042.0,0.0,13568.0,150400,16861056,74,74,74,296,0,2672,0,0.9992393547603873,1.0,33732352,3372
hs_20q_d1,training,3a3b1fd804d842dcecfba80fe1ac5ab1ba2b4feba3cfce174a0b1300bbd8dd42,cotengra_one_trial,20260924,False,4dpu_t8,True,,d389c559d7517f530041ddb9b7b1eb4fdf8bd8246182f7c0fa17e93f9bc965ba,7e08217578765b01151413a8147b2cf82c683d49e0319244e58c9be2a964aebd,2108736.0,1054368.0,4096.0,65536.0,5240.0,12,59,17011456.0,17999424.0,4217472.0,2982.0,0.0,13568.0,150400,16861056,74,62,62,248,0,2672,58,0.9992393547603873,0.9958799963580078,33732352,3372
hs_20q_d1,training,3a3c22c3be49ddaecc4d6a14a4de31911fdde39b23f99008360145d27c03a745,cotengra_one_trial,20260933,False,1dpu_t8,True,,047bca920259bfa91949c39b6717425d5d006ef32e6a8ac6bcfe0a3743ca82e7,2d95a768f4d5d783f4c290bdd777a47b7f4cc520db924e45c7f6ddda0138d7f4,2107328.0,1053664.0,4096.0,65536.0,4888.0,12,59,17000192.0,17990720.0,4214656.0,3042.0,0.0,13568.0,144768,16855424,74,74,74,296,0,2672,0,0.9998006954778753,1.0,33721088,1696
hs_20q_d1,training,3a3c22c3be49ddaecc4d6a14a4de31911fdde39b23f99008360145d27c03a745,cotengra_one_trial,20260933,False,4dpu_t8,True,,047bca920259bfa91949c39b6717425d5d006ef32e6a8ac6bcfe0a3743ca82e7,081e4f6ce7711adf865e37c5ed8d691652cf70cbcd658d79050228a487d17b2f,2107328.0,1053664.0,4096.0,65536.0,4888.0,12,59,17000192.0,17990720.0,4214656.0,2982.0,0.0,13568.0,144768,16855424,74,62,62,248,0,2672,58,0.9998006954778753,0.9963783521122483,33721088,1696
hs_20q_d1,training,3e61e087b35621021bb1234b1e2db0ebbeea777626c0bffc726f340901f5c20c,cotengra_one_trial,20260963,False,1dpu_t8,True,,11559eb8e444befa28322f8f9a2925c15363776612d7d0c5f2c4b65c7cba2a95,778274f8aac169034e1a2f71a3e84bd31469b273a056f8ee1646bbffca4b061d,2108928.0,1054464.0,4096.0,65536.0,5288.0,12,59,17012992.0,18000960.0,4217856.0,3042.0,0.0,13568.0,151168,16861824,74,74,74,296,0,2672,0,0.9991483824957514,1.0,33733888,3372
hs_20q_d1,training,3e61e087b35621021bb1234b1e2db0ebbeea777626c0bffc726f340901f5c20c,cotengra_one_trial,20260963,False,4dpu_t8,True,,11559eb8e444befa28322f8f9a2925c15363776612d7d0c5f2c4b65c7cba2a95,5068597cd475d8c2e78821f760b09281855a769a1d3761597aa36d2e25bb32a9,2108928.0,1054464.0,4096.0,65536.0,5288.0,12,59,17012992.0,18000960.0,4217856.0,2982.0,0.0,13568.0,151168,16861824,74,62,62,248,0,2672,58,0.9991483824957514,0.9958120903131829,33733888,3372
hs_20q_d1,training,3f0e1ad88edb1b4a4f919163adcbdddcf6202f6dd98371f337942e49934b6ed5,cotengra_one_trial,20260911,False,1dpu_t8,True,,b4858bcac4ab413f4eb56bd2659bb3b8e5c9e6bf59be6ff5dc84bf15183a7324,779edf4bed37df0e962f42cf5b0160f990e72521e4b36cc99128793a38961607,2108680.0,1054340.0,4096.0,65536.0,5226.0,12,59,17011008.0,17999072.0,4217360.0,3042.0,0.0,13568.0,150176,16860832,74,74,74,296,0,2672,0,0.9992388603296849,1.0,33731904,3342
hs_20q_d1,training,3f0e1ad88edb1b4a4f919163adcbdddcf6202f6dd98371f337942e49934b6ed5,cotengra_one_trial,20260911,False,4dpu_t8,True,,b4858bcac4ab413f4eb56bd2659bb3b8e5c9e6bf59be6ff5dc84bf15183a7324,d9ba18f02fc56813b76ba1c90f1bb8376c461a611504a79ac2dff9bc79f824f8,2108680.0,1054340.0,4096.0,65536.0,5226.0,12,59,17011008.0,17999072.0,4217360.0,2982.0,0.0,13568.0,150176,16860832,74,62,62,248,0,2672,58,0.9992388603296849,0.9958998046171065,33731904,3342
hs_20q_d1,training,4b564c705b608c5c5fd9eb70139c5ba9e9eaa3a180d524157a65b09cd47876b3,cotengra_one_trial,20260919,False,1dpu_t8,True,,85f782714ff51a02c99a0d551f79c22bed0e535a529b8e55242d64ce746e14be,4a9635ddfcb4cec2026c466697779a457aaadafbd5cd054f899ab253d3a6a197,2108576.0,1054288.0,4096.0,65536.0,5200.0,12,59,17010176.0,17998144.0,4217152.0,3042.0,0.0,13568.0,149760,16860416,74,74,74,296,0,2672,0,0.999273443309608,1.0,33731072,3372
hs_20q_d1,training,4b564c705b608c5c5fd9eb70139c5ba9e9eaa3a180d524157a65b09cd47876b3,cotengra_one_trial,20260919,False,4dpu_t8,True,,85f782714ff51a02c99a0d551f79c22bed0e535a529b8e55242d64ce746e14be,9d1bb5b8b375f3aef674e071718dcc53a19c56ead41fe38093837f1441d01abb,2108576.0,1054288.0,4096.0,65536.0,5200.0,12,59,17010176.0,17998144.0,4217152.0,2982.0,0.0,13568.0,149760,16860416,74,62,62,248,0,2672,58,0.999273443309608,0.9959365941754056,33731072,3372
hs_20q_d1,training,4c6e7506d398b838322f367c50d53d5a55ce5eaa3a7dc7b4fe9363ed7011ca69,cotengra_one_trial,20260925,False,1dpu_t8,True,,9211ae1394607313c0fbd3c238e70999e8eea29f8e1a828b3ec934d6c13cd362,2c4a28bedc2e4767431a708d50b16b32e94f8d11940f44c919b0ec6eaec0b372,2107384.0,1053692.0,4096.0,65536.0,4902.0,12,59,17000640.0,17991008.0,4214768.0,3042.0,0.0,13568.0,144992,16855648,74,74,74,296,0,2672,0,0.9997679587583468,1.0,33721536,1696
hs_20q_d1,training,4c6e7506d398b838322f367c50d53d5a55ce5eaa3a7dc7b4fe9363ed7011ca69,cotengra_one_trial,20260925,False,4dpu_t8,True,,9211ae1394607313c0fbd3c238e70999e8eea29f8e1a828b3ec934d6c13cd362,79326dc5974ec022224ecc4b27afb9e74b979b1983c7fe96c1c0c73b95064970,2107384.0,1053692.0,4096.0,65536.0,4902.0,12,59,17000640.0,17991008.0,4214768.0,2982.0,0.0,13568.0,144992,16855648,74,62,62,248,0,2672,58,0.9997679587583468,0.9963585184285351,33721536,1696
hs_20q_d1,training,4c902ee2939358d332581ae441e466049542f99e5442a0a00173c168cb84ceb1,cotengra_one_trial,20260907,False,1dpu_t8,True,,2de7edfb5741c95b0f008148a27676884b2aea2848c1265556c5a9af0c8c1421,57c6724768548ba0c30ed4c0b8a8ed42b333aeb491be1a61e5499d27d9930b91,2108256.0,1054128.0,4096.0,65536.0,5048.0,12,59,17005312.0,17992448.0,4216512.0,3050.0,0.0,13568.0,147328,16857984,74,74,74,296,0,2680,0,0.9992695384241762,1.0,33726208,3500
hs_20q_d1,training,4c902ee2939358d332581ae441e466049542f99e5442a0a00173c168cb84ceb1,cotengra_one_trial,20260907,False,4dpu_t8,True,,2de7edfb5741c95b0f008148a27676884b2aea2848c1265556c5a9af0c8c1421,887eec1fec924925bb5faa5ad88b86fe87f484bfcb912634cd7e269aa3cfcc47,2108256.0,1054128.0,4096.0,65536.0,5048.0,12,59,17005312.0,17992448.0,4216512.0,2990.0,0.0,13568.0,147328,16857984,74,62,62,248,0,2680,58,0.9992695384241762,0.9960498155821684,33726208,3500
hs_20q_d1,training,4d7cace64c91c46e52ce78a82843d53617b5be818b465d31a11f01fb1583ff8e,cotengra_one_trial,20260961,False,1dpu_t8,True,,4c71cd4f500a91acfb97802a3159b7c633019a8dd9358c9c4e1288351712db33,6ee272f9c659ce5cd6cf9017e3cde28ea5fae65f07daae8f51332cc8f2f61c09,2108928.0,1054464.0,4096.0,65536.0,5288.0,12,59,17012992.0,18000960.0,4217856.0,3042.0,0.0,13568.0,151168,16861824,74,74,74,296,0,2672,0,0.999102861738286,1.0,33733888,3372
hs_20q_d1,training,4d7cace64c91c46e52ce78a82843d53617b5be818b465d31a11f01fb1583ff8e,cotengra_one_trial,20260961,False,4dpu_t8,True,,4c71cd4f500a91acfb97802a3159b7c633019a8dd9358c9c4e1288351712db33,64e1d5b03774ae0642c9b5d7f80343afadd8eaf61585d3766cee4c5ae6a97350,2108928.0,1054464.0,4096.0,65536.0,5288.0,12,59,17012992.0,18000960.0,4217856.0,2982.0,0.0,13568.0,151168,16861824,74,62,62,248,0,2672,58,0.999102861738286,0.9958120903131829,33733888,3372
hs_20q_d1,training,4fa094a9027e136899144839244e6dfb41dd28f6b970508f41a1640b96fb4323,cotengra_one_trial,20260943,False,1dpu_t8,True,,ca5d5d55e5a8f553e60cb80457ec2d80e7d70e52a51343179095fe04033caa5e,dfd49a3a5bdb78ed3888a9eeb38518d7eff37c035d91adc1d3a32db18efa4b6f,2108480.0,1054240.0,4096.0,65536.0,5176.0,12,59,17009408.0,17997376.0,4216960.0,3042.0,0.0,13568.0,149376,16860032,74,74,74,296,0,2672,0,0.999262027621794,1.0,33730304,3372
hs_20q_d1,training,4fa094a9027e136899144839244e6dfb41dd28f6b970508f41a1640b96fb4323,cotengra_one_trial,20260943,False,4dpu_t8,True,,ca5d5d55e5a8f553e60cb80457ec2d80e7d70e52a51343179095fe04033caa5e,faa3a5ebf79c91091499f72b7e4b72aaac6d82dd26bd9fdaf31543222c7d7c8d,2108480.0,1054240.0,4096.0,65536.0,5176.0,12,59,17009408.0,17997376.0,4216960.0,2982.0,0.0,13568.0,149376,16860032,74,62,62,248,0,2672,58,0.999262027621794,0.9959705569889209,33730304,3372
hs_20q_d1,training,55a7f599f3e49b44abfc379378af07f4bf4c029c62f9cce4e8c26b7a07a3a264,cotengra_one_trial,20260922,False,1dpu_t8,True,,34dff51d3c8df0217b679d677d3f39964f9c851f0c4153d4a2d1a776a8eb10a6,e346389e89ae98a41e8c4f4148d3f9baf6d9ffe5c87501eece7cba5e332a2a59,2108672.0,1054336.0,4096.0,65536.0,5224.0,12,59,17010944.0,17998912.0,4217344.0,3042.0,0.0,13568.0,150144,16860800,74,74,74,296,0,2672,0,0.9992620948160739,1.0,33731840,3372
hs_20q_d1,training,55a7f599f3e49b44abfc379378af07f4bf4c029c62f9cce4e8c26b7a07a3a264,cotengra_one_trial,20260922,False,4dpu_t8,True,,34dff51d3c8df0217b679d677d3f39964f9c851f0c4153d4a2d1a776a8eb10a6,0aa369efce87b53640d18edff0dde435da79ff1c3a7b7c2a7b4ffc5ded6f62d1,2108672.0,1054336.0,4096.0,65536.0,5224.0,12,59,17010944.0,17998912.0,4217344.0,2982.0,0.0,13568.0,150144,16860800,74,62,62,248,0,2672,58,0.9992620948160739,0.9959026344542916,33731840,3372
hs_20q_d1,training,5bcd2ee43a768cc550411db6d35b7aa681368316fa25b4145ca225287f799968,cotengra_one_trial,20260948,False,1dpu_t8,True,,4dba90750809b785a31b7b0d6d94d518adca08ce5b166af8037ff481d046e247,7aa5621bac06fedd096aadaa00a1378fa6a3716e3cf45a3a3fd58cc8cb55bf11,2108928.0,1054464.0,4096.0,65536.0,5288.0,12,59,17012992.0,18000960.0,4217856.0,3042.0,0.0,13568.0,151168,16861824,74,74,74,296,0,2672,0,0.999102861738286,1.0,33733888,3276
hs_20q_d1,training,5bcd2ee43a768cc550411db6d35b7aa681368316fa25b4145ca225287f799968,cotengra_one_trial,20260948,False,4dpu_t8,True,,4dba90750809b785a31b7b0d6d94d518adca08ce5b166af8037ff481d046e247,c76c635aaad6745dff2130e23b6a3de57d0fd44fa0a44d83f5c4ac79d2d29b88,2108928.0,1054464.0,4096.0,65536.0,5288.0,12,59,17012992.0,18000960.0,4217856.0,2982.0,0.0,13568.0,151168,16861824,74,62,62,248,0,2672,58,0.999102861738286,0.9958120903131829,33733888,3276
hs_20q_d1,training,68bf720cc25474b1e8de00bd487b65466a51afb3b82b65a5aadd479235689693,cotengra_one_trial,20260960,False,1dpu_t8,True,,f914bcee749347c81dc8f0946f76724f525bd407c7a55d71a9ca5ac67e74e4e9,56316f3f80d36c0b38bc64d9abaf7c3b518c1e66e76ff4a38f1e53cbd991ae63,2108928.0,1054464.0,4096.0,65536.0,5288.0,12,59,17012992.0,18000960.0,4217856.0,3042.0,0.0,13568.0,151168,16861824,74,74,74,296,0,2672,0,0.999102861738286,1.0,33733888,3468
hs_20q_d1,training,68bf720cc25474b1e8de00bd487b65466a51afb3b82b65a5aadd479235689693,cotengra_one_trial,20260960,False,4dpu_t8,True,,f914bcee749347c81dc8f0946f76724f525bd407c7a55d71a9ca5ac67e74e4e9,941b47fe1fba0940d0438cb1b54b7dedd23eae5509a11f4318cb11fb855609d1,2108928.0,1054464.0,4096.0,65536.0,5288.0,12,59,17012992.0,18000960.0,4217856.0,2982.0,0.0,13568.0,151168,16861824,74,62,62,248,0,2672,58,0.999102861738286,0.9958120903131829,33733888,3468
hs_20q_d1,training,6da6655fee912c4e04652f1e06f35f9ae18e43da45e684546543ca15444fe0b8,cotengra_one_trial,20260927,False,1dpu_t8,True,,7856b306dae07103686b89ad75cbb7e5b6cd2b75671cd7a304598120bf981bd1,d4cfe004c73d76057d6b66669d8f82fe91965d3517a5caf8a1af5299332037b2,2107536.0,1053768.0,4096.0,65536.0,4940.0,12,59,17001856.0,17992064.0,4215072.0,3042.0,0.0,13568.0,145600,16856256,74,74,74,296,0,2672,0,0.9997684499814001,1.0,33722752,1542
hs_20q_d1,training,6da6655fee912c4e04652f1e06f35f9ae18e43da45e684546543ca15444fe0b8,cotengra_one_trial,20260927,False,4dpu_t8,True,,7856b306dae07103686b89ad75cbb7e5b6cd2b75671cd7a304598120bf981bd1,4eee59ab5758315ee765fc7dea1c59f00be2a599a52267db6eb2b92ed2d0e7cd,2107536.0,1053768.0,4096.0,65536.0,4940.0,12,59,17001856.0,17992064.0,4215072.0,2982.0,0.0,13568.0,145600,16856256,74,62,62,248,0,2672,58,0.9997684499814001,0.9963046894572619,33722752,1542
hs_20q_d1,training,6eab221b0f840516248184c46e332c029a57b8b88dd919f42f4de7b01c921cb2,cotengra_one_trial,20260917,False,1dpu_t8,True,,09090557e46a903a99d615ead811ac4c12db23c8faf38ae860cf6ae07bb2a191,437711c08f888b679cbe0baf09f8a388a728d2d31b4c4cd5cd911a3bc6f30fd1,2108256.0,1054128.0,4096.0,65536.0,5120.0,12,59,17007616.0,17995936.0,4216512.0,3042.0,0.0,13568.0,148480,16859136,74,74,74,296,0,2672,0,0.9993587116555105,1.0,33728512,2162
hs_20q_d1,training,6eab221b0f840516248184c46e332c029a57b8b88dd919f42f4de7b01c921cb2,cotengra_one_trial,20260917,False,4dpu_t8,True,,09090557e46a903a99d615ead811ac4c12db23c8faf38ae860cf6ae07bb2a191,f4871f94d8499d87c2599ad17a72fccf918b37a46e6786239f64dfe50a4d4145,2108256.0,1054128.0,4096.0,65536.0,5120.0,12,59,17007616.0,17995936.0,4216512.0,2982.0,0.0,13568.0,148480,16859136,74,62,62,248,0,2672,58,0.9993587116555105,0.9960498155821684,33728512,2162
hs_20q_d1,training,6f6485139b32682a2f9f1e3755ecd3a141e64e7cc180c544d6b1105c727398f6,cotengra_one_trial,20260950,False,1dpu_t8,True,,26b9e9314850dc03496c987c300f5d1db341b325d6e2c1ae858d585da8ba023b,b96169d0456012a545972849c83b2a33dde9de8a6eea37c7ca567166ef224ae7,2108928.0,1054464.0,4096.0,65536.0,5288.0,12,59,17012992.0,18000960.0,4217856.0,3042.0,0.0,13568.0,151168,16861824,74,74,74,296,0,2672,0,0.9991483824957514,1.0,33733888,3468
hs_20q_d1,training,6f6485139b32682a2f9f1e3755ecd3a141e64e7cc180c544d6b1105c727398f6,cotengra_one_trial,20260950,False,4dpu_t8,True,,26b9e9314850dc03496c987c300f5d1db341b325d6e2c1ae858d585da8ba023b,f3ac374c8bb8eb93a5c04f93ea39a47416fb7f6750f176cbabf00e801893591b,2108928.0,1054464.0,4096.0,65536.0,5288.0,12,59,17012992.0,18000960.0,4217856.0,2982.0,0.0,13568.0,151168,16861824,74,62,62,248,0,2672,58,0.9991483824957514,0.9958120903131829,33733888,3468
hs_20q_d1,training,7733a222b1a2adced1e8ce7fcd801bde2e52a22ab9643bf99a32fa601f5b05ce,cotengra_one_trial,20260946,False,1dpu_t8,True,,edce4239587e0cdd0e9fe23bfe00a047c59693d2ed3122019f38f5b5c1bbb20e,0bd455b30f335c2778ca9a5632af54327c6f36348ab4d09b4666ea5e7f2f6e37,2108456.0,1054228.0,4096.0,65536.0,5170.0,12,59,17009216.0,17997280.0,4216912.0,3042.0,0.0,13568.0,149280,16859936,74,74,74,296,0,2672,0,0.9993184586256484,1.0,33730112,2350
hs_20q_d1,training,7733a222b1a2adced1e8ce7fcd801bde2e52a22ab9643bf99a32fa601f5b05ce,cotengra_one_trial,20260946,False,4dpu_t8,True,,edce4239587e0cdd0e9fe23bfe00a047c59693d2ed3122019f38f5b5c1bbb20e,b7755307de072e5bb4e1f1ccf7ad0d0c964d9b23277470ebac928402d252887d,2108456.0,1054228.0,4096.0,65536.0,5170.0,12,59,17009216.0,17997280.0,4216912.0,2982.0,0.0,13568.0,149280,16859936,74,62,62,248,0,2672,58,0.9993184586256484,0.995979048175537,33730112,2350
hs_20q_d1,training,7773ba90fa67435ad3c1d59649f1e6907a9beafebeaa56a78872ac10ae7fe6ed,cotengra_one_trial,20260929,False,1dpu_t8,True,,b3e972625919ba5acd5c571e7967d92b473c9c0029bd3c19c3764b43e2a995f6,27a202e9f4f13621e086866077fa900b05b0ceab1ac8f31cdb9e286dd72565ab,2108416.0,1054208.0,4096.0,65536.0,5160.0,12,59,17008896.0,17996864.0,4216832.0,3042.0,0.0,13568.0,149120,16859776,74,74,74,296,0,2672,0,0.9993303029383196,1.0,33729792,3468
hs_20q_d1,training,7773ba90fa67435ad3c1d59649f1e6907a9beafebeaa56a78872ac10ae7fe6ed,cotengra_one_trial,20260929,False,4dpu_t8,True,,b3e972625919ba5acd5c571e7967d92b473c9c0029bd3c19c3764b43e2a995f6,2166062b43b4ad96e50407825ac0739e3a21992c828ed6f7f25ae198aed3890c,2108416.0,1054208.0,4096.0,65536.0,5160.0,12,59,17008896.0,17996864.0,4216832.0,2982.0,0.0,13568.0,149120,16859776,74,62,62,248,0,2672,58,0.9993303029383196,0.9959932005828072,33729792,3468
hs_20q_d1,training,7a04d012867c597de2acf459571a90a56b4cb8188b30fcd379ae1ef98af1ac3b,cotengra_one_trial,20260949,False,1dpu_t8,True,,73f4b15858818bd280ed965e7ebe079b199117f6948eebce7fb3cd73260e4199,65744d443d6e7382292f68c145be3c60b872d13dee7b4e63c2ab0346e3bf0364,2108928.0,1054464.0,4096.0,65536.0,5288.0,12,59,17012992.0,18000960.0,4217856.0,3042.0,0.0,13568.0,151168,16861824,74,74,74,296,0,2672,0,0.999171142874484,1.0,33733888,2316
hs_20q_d1,training,7a04d012867c597de2acf459571a90a56b4cb8188b30fcd379ae1ef98af1ac3b,cotengra_one_trial,20260949,False,4dpu_t8,True,,73f4b15858818bd280ed965e7ebe079b199117f6948eebce7fb3cd73260e4199,2312605ddbb0679d33c8dd49614e286580163a4bb3d8d949a73e81e93854be8a,2108928.0,1054464.0,4096.0,65536.0,5288.0,12,59,17012992.0,18000960.0,4217856.0,2982.0,0.0,13568.0,151168,16861824,74,62,62,248,0,2672,58,0.999171142874484,0.9958120903131829,33733888,2316
hs_20q_d1,training,7c73c9a69d54c6386150673c9736da2d7f8b52c55c0642a91caba4030526aa60,cotengra_one_trial,20260923,False,1dpu_t8,True,,375880c8e329b8729d7c2f67fc97a8bf43926b449762b9dee76c81fd4714557f,5bc27fa18d22e2496006251f468cc39b8fe6b3e20ccf8424bfb2c59ee7a3ee19,2108928.0,1054464.0,4096.0,65536.0,5288.0,12,59,17012992.0,18000960.0,4217856.0,3042.0,0.0,13568.0,151168,16861824,74,74,74,296,0,2672,0,0.9991256221170187,1.0,33733888,3372
hs_20q_d1,training,7c73c9a69d54c6386150673c9736da2d7f8b52c55c0642a91caba4030526aa60,cotengra_one_trial,20260923,False,4dpu_t8,True,,375880c8e329b8729d7c2f67fc97a8bf43926b449762b9dee76c81fd4714557f,4054205c0ba25ae44e20bf96fc1cd63ce627bd5833a33bd28532db1a2d30540d,2108928.0,1054464.0,4096.0,65536.0,5288.0,12,59,17012992.0,18000960.0,4217856.0,2982.0,0.0,13568.0,151168,16861824,74,62,62,248,0,2672,58,0.9991256221170187,0.9958120903131829,33733888,3372
hs_20q_d1,training,7dc943e60471c864683a3cd53a8a7abc71f137b255e79029b7a39fdf83009660,cotengra_one_trial,20260915,False,1dpu_t8,True,,c2c2950384520223e76427e9903151863ac8d1ef86ade2a63ce6e21b793ea395,7177d55a984648851666f0ca782fcf250f49a2cc958788b2f5fb370e002884a6,2108368.0,1054184.0,4096.0,65536.0,5148.0,12,59,17008512.0,17996480.0,4216736.0,3042.0,0.0,13568.0,148928,16859584,74,74,74,296,0,2672,0,0.9993245960856928,1.0,33729408,3372
hs_20q_d1,training,7dc943e60471c864683a3cd53a8a7abc71f137b255e79029b7a39fdf83009660,cotengra_one_trial,20260915,False,4dpu_t8,True,,c2c2950384520223e76427e9903151863ac8d1ef86ade2a63ce6e21b793ea395,ae09a6bd8e9a412add415a5d61c680a767f78f2bcce89253e3c09cc90a1b4489,2108368.0,1054184.0,4096.0,65536.0,5148.0,12,59,17008512.0,17996480.0,4216736.0,2982.0,0.0,13568.0,148928,16859584,74,62,62,248,0,2672,58,0.9993245960856928,0.9960101841803708,33729408,3372
hs_20q_d1,training,7e73f2f7594dc66528d7dfede19b301fd61e407129bfea1f5301c187e0d038df,cotengra_one_trial,20260939,False,1dpu_t8,True,,c1392d0f0a87b1183e6f879ad74ceda4adb54ff2cd1fa58c288772f361160aff,874fd63be372a620d8802e0df8913bb2603b3f337aacf3c44ff8e722152d8952,2108688.0,1054344.0,4096.0,65536.0,5228.0,12,59,17011072.0,17999040.0,4217376.0,3042.0,0.0,13568.0,150208,16860864,74,74,74,296,0,2672,0,0.9992336467035426,1.0,33731968,2316
hs_20q_d1,training,7e73f2f7594dc66528d7dfede19b301fd61e407129bfea1f5301c187e0d038df,cotengra_one_trial,20260939,False,4dpu_t8,True,,c1392d0f0a87b1183e6f879ad74ceda4adb54ff2cd1fa58c288772f361160aff,6d3585e82ff220299be34e44ba18e31544e28ab38c5886be067dab093bc09bbc,2108688.0,1054344.0,4096.0,65536.0,5228.0,12,59,17011072.0,17999040.0,4217376.0,2982.0,0.0,13568.0,150208,16860864,74,62,62,248,0,2672,58,0.9992336467035426,0.995896974801393,33731968,2316
hs_20q_d1,training,80e8ecfee123d48eeb5a3448538d69a805f9fa5ceec0ec5116d045857e7fcec9,cotengra_one_trial,20260945,False,1dpu_t8,True,,d014971fb1979c339f8ec018c3b54cb13c75cb0e4841e594fa7d486812cca67e,4d8360996deba7474b91b3d541e3827d84e057ecfc0caa0e21cce798e8b858cf,2108704.0,1054352.0,4096.0,65536.0,5232.0,12,59,17011200.0,17999168.0,4217408.0,3042.0,0.0,13568.0,150272,16860928,74,74,74,296,0,2672,0,0.9992507246156881,1.0,33732096,3372
hs_20q_d1,training,80e8ecfee123d48eeb5a3448538d69a805f9fa5ceec0ec5116d045857e7fcec9,cotengra_one_trial,20260945,False,4dpu_t8,True,,d014971fb1979c339f8ec018c3b54cb13c75cb0e4841e594fa7d486812cca67e,6f1fb0b4f5330c31eb5c2ab30d9e38c164c6f203fea7ddca396a734a71a601dd,2108704.0,1054352.0,4096.0,65536.0,5232.0,12,59,17011200.0,17999168.0,4217408.0,2982.0,0.0,13568.0,150272,16860928,74,62,62,248,0,2672,58,0.9992507246156881,0.9958913152343809,33732096,3372
hs_20q_d1,training,81ddb4b8a65a8cec7ea3e0669156546fb7220ad0da7c0fe8d8154a63cb01e895,cotengra_one_trial,20260964,False,1dpu_t8,True,,71138224fac4535881d58555e58ec31bd8c881ff37115da0bb6f7d9592dbc63e,3f2d7edd8f9aa180e196d1086a83b8e03526ba232ab5d17c42d9cb28dad31e55,2108928.0,1054464.0,4096.0,65536.0,5288.0,12,59,17012992.0,18000960.0,4217856.0,3042.0,0.0,13568.0,151168,16861824,74,74,74,296,0,2672,0,0.9991483824957514,1.0,33733888,3372
hs_20q_d1,training,81ddb4b8a65a8cec7ea3e0669156546fb7220ad0da7c0fe8d8154a63cb01e895,cotengra_one_trial,20260964,False,4dpu_t8,True,,71138224fac4535881d58555e58ec31bd8c881ff37115da0bb6f7d9592dbc63e,0878b5e52d309e5e996bd15d6a5861dd053e582e20159db83e5d2b0699203f93,2108928.0,1054464.0,4096.0,65536.0,5288.0,12,59,17012992.0,18000960.0,4217856.0,2982.0,0.0,13568.0,151168,16861824,74,62,62,248,0,2672,58,0.9991483824957514,0.9958120903131829,33733888,3372
hs_20q_d1,training,86791ade4536ec904c39858b0d1b8cadf2fa88e9d78f062f3402249550a88e4c,cotengra_one_trial,20260930,False,1dpu_t8,True,,dda4b4b309c4e58d37961fadf725f0b55ebe9e142757a9203f58e6f3f2bdad25,45d19124b7ba26f84349ec80b89084c6b3a1047952a45151ccd40f334de67a73,2108544.0,1054272.0,4096.0,65536.0,5192.0,12,59,17009920.0,17997888.0,4217088.0,3042.0,0.0,13568.0,149632,16860288,74,74,74,296,0,2672,0,0.9993075790687792,1.0,33730816,3468
hs_20q_d1,training,86791ade4536ec904c39858b0d1b8cadf2fa88e9d78f062f3402249550a88e4c,cotengra_one_trial,20260930,False,4dpu_t8,True,,dda4b4b309c4e58d37961fadf725f0b55ebe9e142757a9203f58e6f3f2bdad25,9b6583f9c891cd387280135922be605a3901d650fb50383b79b6654b3668d7e5,2108544.0,1054272.0,4096.0,65536.0,5192.0,12,59,17009920.0,17997888.0,4217088.0,2982.0,0.0,13568.0,149632,16860288,74,62,62,248,0,2672,58,0.9993075790687792,0.995947914769623,33730816,3468
hs_20q_d1,training,86edb06dd66039b1456389380da79b038b78d3584e499fa507914f92155052ec,cotengra_one_trial,20260902,False,1dpu_t8,True,,7f05808745396f909612cbc348104e599daada0d8933735b014b72dfbe9333c7,d579a8d1941dd85ae150b03b5c92f94edd1e03192822877dcff6afdafd5fa32e,2108832.0,1054416.0,4096.0,65536.0,5264.0,12,59,17012224.0,18000192.0,4217664.0,3042.0,0.0,13568.0,150784,16861440,74,74,74,296,0,2672,0,0.9991597244351376,1.0,33733120,3372
hs_20q_d1,training,86edb06dd66039b1456389380da79b038b78d3584e499fa507914f92155052ec,cotengra_one_trial,20260902,False,4dpu_t8,True,,7f05808745396f909612cbc348104e599daada0d8933735b014b72dfbe9333c7,df0d1a020c63581e6f85af1cf121ce799b7a5b0c315e212d1b5e21ffeff31a9a,2108832.0,1054416.0,4096.0,65536.0,5264.0,12,59,17012224.0,18000192.0,4217664.0,2982.0,0.0,13568.0,150784,16861440,74,62,62,248,0,2672,58,0.9991597244351376,0.9958460417899576,33733120,3372
hs_20q_d1,training,88611f22fbc1b5538775dc5e9eae9c17b3416085506670cca0bea0ee14377a8f,cotengra_one_trial,20260908,False,1dpu_t8,True,,e6b19da5f3b979683daa977622c077e8285cb5d92d8ececa61060595e0f6ce24,2ec866e2a69d14e91a929b6b9c0c717cb8a66400f32c1e19bbebb0e8413f3154,2107576.0,1053788.0,4096.0,65536.0,4950.0,12,59,17002176.0,17992032.0,4215152.0,3042.0,0.0,13568.0,145760,16856416,74,74,74,296,0,2672,0,0.9996692883198518,1.0,33723072,1932
hs_20q_d1,training,88611f22fbc1b5538775dc5e9eae9c17b3416085506670cca0bea0ee14377a8f,cotengra_one_trial,20260908,False,4dpu_t8,True,,e6b19da5f3b979683daa977622c077e8285cb5d92d8ececa61060595e0f6ce24,48954ab86cbca41bf1124fc13134ff40b14b8640545d8b32aaa23a5a2197f5a3,2107576.0,1053788.0,4096.0,65536.0,4950.0,12,59,17002176.0,17992032.0,4215152.0,2982.0,0.0,13568.0,145760,16856416,74,62,62,248,0,2672,58,0.9996692883198518,0.9962905252289834,33723072,1932
hs_20q_d1,training,8c4f9c83058bb466be6a164717e8fdd5592f9d81cd3c4bd7369ba5400400817d,cotengra_one_trial,20260909,False,1dpu_t8,True,,0e3dc94e3d4e276fe359a5e96eca0be0746a733437c3d682c0d186ad58dbcf9f,657c888fc96948722b23117659fb464f1ed98971bfd3b33ed9202c36b8251b9e,2108688.0,1054344.0,4096.0,65536.0,5228.0,12,59,17011072.0,17999040.0,4217376.0,3042.0,0.0,13568.0,150208,16860864,74,74,74,296,0,2672,0,0.9992336467035426,1.0,33731968,3372
hs_20q_d1,training,8c4f9c83058bb466be6a164717e8fdd5592f9d81cd3c4bd7369ba5400400817d,cotengra_one_trial,20260909,False,4dpu_t8,True,,0e3dc94e3d4e276fe359a5e96eca0be0746a733437c3d682c0d186ad58dbcf9f,7427b3f9cb6a43e333b2a890b409fac369fbed1e01679fa1fd5d7331139240a0,2108688.0,1054344.0,4096.0,65536.0,5228.0,12,59,17011072.0,17999040.0,4217376.0,2982.0,0.0,13568.0,150208,16860864,74,62,62,248,0,2672,58,0.9992336467035426,0.995896974801393,33731968,3372
hs_20q_d1,training,94a4e5bc098357dc2d121576d7f5d4ae76e71d205483a4876dc772f84c3ea883,cotengra_one_trial,20260947,False,1dpu_t8,True,,a65f10be4d1f6a5e6a882f8ffc4e974decfed8c876604aa44f0906d52b980053,84e84d568894d9a9e308ed80d9318dbf6a5bce7a7537294a4b0ff033d91589df,2108464.0,1054232.0,4096.0,65536.0,5172.0,12,59,17009280.0,17997248.0,4216928.0,3042.0,0.0,13568.0,149312,16859968,74,74,74,296,0,2672,0,0.9993360095311089,1.0,33730176,3372
hs_20q_d1,training,94a4e5bc098357dc2d121576d7f5d4ae76e71d205483a4876dc772f84c3ea883,cotengra_one_trial,20260947,False,4dpu_t8,True,,a65f10be4d1f6a5e6a882f8ffc4e974decfed8c876604aa44f0906d52b980053,4c8ec79d31be37b34b998ee7e88663b6ab5d11822fabbcb5817abcf54fb80165,2108464.0,1054232.0,4096.0,65536.0,5172.0,12,59,17009280.0,17997248.0,4216928.0,2982.0,0.0,13568.0,149312,16859968,74,62,62,248,0,2672,58,0.9993360095311089,0.99597621775852,33730176,3372
hs_20q_d1,training,a82f4d3b5479a1f9c9e6ad6227080a75b264cfeac32e099076d7054ef4a050aa,cotengra_one_trial,20260906,False,1dpu_t8,True,,e05ba82b95602f11d291109ae47b4a5c6335badd71e1b1868cbf9c7e91fa9748,47aca30ce4f5c5a5f3ede3060b27e6bd8ca7b8d68764341e68810864aeb160e7,2107328.0,1053664.0,4096.0,65536.0,4888.0,12,59,17000192.0,17990720.0,4214656.0,3042.0,0.0,13568.0,144768,16855424,74,74,74,296,0,2672,0,0.9998006954778753,1.0,33721088,1696
hs_20q_d1,training,a82f4d3b5479a1f9c9e6ad6227080a75b264cfeac32e099076d7054ef4a050aa,cotengra_one_trial,20260906,False,4dpu_t8,True,,e05ba82b95602f11d291109ae47b4a5c6335badd71e1b1868cbf9c7e91fa9748,6fa847a8f4c85d213466a0010b310d8c0aeb1fb83d0bf94a270c5405a03a0cfd,2107328.0,1053664.0,4096.0,65536.0,4888.0,12,59,17000192.0,17990720.0,4214656.0,2982.0,0.0,13568.0,144768,16855424,74,62,62,248,0,2672,58,0.9998006954778753,0.9963783521122483,33721088,1696
hs_20q_d1,training,ac5daf2aad4316990ece27a69e612e447814ba6b19990d7552547e42d0d30a66,cotengra_one_trial,20260956,False,1dpu_t8,True,,d0100c0f53e996bf67109c34069798d44e2dc6c163fcc71f3b11e01ee58de57e,23a0a2722b06ec59d77b7d3d6f7a999f0b2ae334ff4650e12343b1e0e8c27844,2108712.0,1054356.0,4096.0,65536.0,5234.0,12,59,17011264.0,17999232.0,4217424.0,3042.0,0.0,13568.0,150304,16860960,74,74,74,296,0,2672,0,0.9992474078963841,1.0,33732160,3358
hs_20q_d1,training,ac5daf2aad4316990ece27a69e612e447814ba6b19990d7552547e42d0d30a66,cotengra_one_trial,20260956,False,4dpu_t8,True,,d0100c0f53e996bf67109c34069798d44e2dc6c163fcc71f3b11e01ee58de57e,e1e2f278bd7176adf6bc688c4f6fa929f9ff2f74674ecb0594dcabf8b4267dcc,2108712.0,1054356.0,4096.0,65536.0,5234.0,12,59,17011264.0,17999232.0,4217424.0,2982.0,0.0,13568.0,150304,16860960,74,62,62,248,0,2672,58,0.9992474078963841,0.9958884854830816,33732160,3358
hs_20q_d1,training,afb40eeb1356fc10abf87a4536affb92d0bb3ce451e498e82d4001d4a4a97ff6,cotengra_one_trial,20260910,False,1dpu_t8,True,,a576aeff20afeace98f7d8590aa4e64a9d95fc5109aea2b4e67c33469fec6045,133e282a61d5a5a2bd56dbb43c58be62bc31d9f492ac75023a3dd9a74ee93c60,2108928.0,1054464.0,4096.0,65536.0,5288.0,12,59,17012992.0,18000960.0,4217856.0,3042.0,0.0,13568.0,151168,16861824,74,74,74,296,0,2672,0,0.999171142874484,1.0,33733888,3276
hs_20q_d1,training,afb40eeb1356fc10abf87a4536affb92d0bb3ce451e498e82d4001d4a4a97ff6,cotengra_one_trial,20260910,False,4dpu_t8,True,,a576aeff20afeace98f7d8590aa4e64a9d95fc5109aea2b4e67c33469fec6045,92337ceada00a95daa4036c9207329b2430a563e2ffd218069947b3aca816685,2108928.0,1054464.0,4096.0,65536.0,5288.0,12,59,17012992.0,18000960.0,4217856.0,2982.0,0.0,13568.0,151168,16861824,74,62,62,248,0,2672,58,0.999171142874484,0.9958120903131829,33733888,3276
hs_20q_d1,training,b048e3abc6c06a91e1ab101b9258115b2831bc27eddcd56a0c15cb3d6d0b3b3e,cotengra_one_trial,20260955,False,1dpu_t8,True,,a318b57e67213f85992436ade1d32b37f80e5ce372f6d662bdc2ee2c8eabbff9,9106e484b735cc9841ef775a3b7012452b2b1b6df5c11b726cc5dd5fca8413f2,2108312.0,1054156.0,4096.0,65536.0,5134.0,12,59,17008064.0,17996448.0,4216624.0,3042.0,0.0,13568.0,148704,16859360,74,74,74,296,0,2672,0,0.9993497167402168,1.0,33728960,3358
hs_20q_d1,training,b048e3abc6c06a91e1ab101b9258115b2831bc27eddcd56a0c15cb3d6d0b3b3e,cotengra_one_trial,20260955,False,4dpu_t8,True,,a318b57e67213f85992436ade1d32b37f80e5ce372f6d662bdc2ee2c8eabbff9,2e8b18bf475bb5805f724702dfbef30654b60c71cde74e9e3170b493e27a14b3,2108312.0,1054156.0,4096.0,65536.0,5134.0,12,59,17008064.0,17996448.0,4216624.0,2982.0,0.0,13568.0,148704,16859360,74,62,62,248,0,2672,58,0.9993497167402168,0.9960299993549342,33728960,3358
hs_20q_d1,training,bc9d98618b9a4c81357a0685c6d96a90fd1cad2f82f7a620ea78a1900760cae0,cotengra_one_trial,20260913,False,1dpu_t8,True,,02bf72c81647251b7fcfb21d84c6d3d124427805d56c8933b4a2b8d4afe23307,2122b9a3e546d011fa2d9d07ed5160ea17a11320a5ba431174ba9839be7102b9,2108800.0,1054400.0,4096.0,65536.0,5256.0,12,59,17011968.0,17999936.0,4217600.0,3042.0,0.0,13568.0,150656,16861312,74,74,74,296,0,2672,0,0.9991710925644917,1.0,33732864,3372
hs_20q_d1,training,bc9d98618b9a4c81357a0685c6d96a90fd1cad2f82f7a620ea78a1900760cae0,cotengra_one_trial,20260913,False,4dpu_t8,True,,02bf72c81647251b7fcfb21d84c6d3d124427805d56c8933b4a2b8d4afe23307,bc310201942479bfcd083b62f4738d4f1fb563152e0339fa1396539f67a9f064,2108800.0,1054400.0,4096.0,65536.0,5256.0,12,59,17011968.0,17999936.0,4217600.0,2982.0,0.0,13568.0,150656,16861312,74,62,62,248,0,2672,58,0.9991710925644917,0.9958573596358118,33732864,3372
hs_20q_d1,training,bfb220e280e1424184b352514a47244b6079ba796dfb537846e24417fddb1867,cotengra_one_trial,20260938,False,1dpu_t8,True,,12176bc0b4a4ca234a0965647fd676b4f92ff3f7dcdd6b58e06802d73cfe7a53,11b73d8245821e0907ad71463a6b30cef62927adaae488d41538250c17aa77f5,2108424.0,1054212.0,4096.0,65536.0,5162.0,12,59,17008960.0,17997536.0,4216848.0,3042.0,0.0,13568.0,149152,16859808,74,74,74,296,0,2672,0,0.9993601856173142,1.0,33729856,3218
hs_20q_d1,training,bfb220e280e1424184b352514a47244b6079ba796dfb537846e24417fddb1867,cotengra_one_trial,20260938,False,4dpu_t8,True,,12176bc0b4a4ca234a0965647fd676b4f92ff3f7dcdd6b58e06802d73cfe7a53,eb344f89131ed8a1290a391b2b5e0d0fbd3051c7bfc17721e0661754a043062b,2108424.0,1054212.0,4096.0,65536.0,5162.0,12,59,17008960.0,17997536.0,4216848.0,2982.0,0.0,13568.0,149152,16859808,74,62,62,248,0,2672,58,0.9993601856173142,0.9959903700583943,33729856,3218
hs_20q_d1,training,c35aa97baec355c8f2a3d4d85104129a0b09f538e2bc68d4dcd6922b60d39de8,cotengra_one_trial,20260905,False,1dpu_t8,True,,665c0b4cbfb5a7815f029b19f2ef5ff3b88a45509c4493e6d336c446eb1607f1,29dd58f8c22ce1490f068efb1d8dc9b5e672d25d63efb8da8d4ae320a85c8c92,2108256.0,1054128.0,4096.0,65536.0,5120.0,12,59,17007616.0,17995584.0,4216512.0,3042.0,0.0,13568.0,148480,16859136,74,74,74,296,0,2672,0,0.9993416359303614,1.0,33728512,3372
hs_20q_d1,training,c35aa97baec355c8f2a3d4d85104129a0b09f538e2bc68d4dcd6922b60d39de8,cotengra_one_trial,20260905,False,4dpu_t8,True,,665c0b4cbfb5a7815f029b19f2ef5ff3b88a45509c4493e6d336c446eb1607f1,19d7372704ebe1de0d2b55259e469e6b360e1b6a23f2911816fa6e9d2a4f74a7,2108256.0,1054128.0,4096.0,65536.0,5120.0,12,59,17007616.0,17995584.0,4216512.0,2982.0,0.0,13568.0,148480,16859136,74,62,62,248,0,2672,58,0.9993416359303614,0.9960498155821684,33728512,3372
hs_20q_d1,training,d06e75e32ab3f58215a24488dc82de71656f32beab1c3aaa5bc30dd09861a11f,cotengra_one_trial,20260958,False,1dpu_t8,True,,f98a06efb8a9fb94edecda23892eb3a6264250e8f1ec0963ab576fd2d38b2e94,a4276ea493a891dfc6c8de4e189120b98fd31bea01aa348ef208510b8cf0ff20,2108928.0,1054464.0,4096.0,65536.0,5288.0,12,59,17012992.0,18000960.0,4217856.0,3042.0,0.0,13568.0,151168,16861824,74,74,74,296,0,2672,0,0.9991256221170187,1.0,33733888,3372
hs_20q_d1,training,d06e75e32ab3f58215a24488dc82de71656f32beab1c3aaa5bc30dd09861a11f,cotengra_one_trial,20260958,False,4dpu_t8,True,,f98a06efb8a9fb94edecda23892eb3a6264250e8f1ec0963ab576fd2d38b2e94,ede930bf8265caed97ac6cb7158d7bc96dd15b44b999ba1773c734de44e0bf12,2108928.0,1054464.0,4096.0,65536.0,5288.0,12,59,17012992.0,18000960.0,4217856.0,2982.0,0.0,13568.0,151168,16861824,74,62,62,248,0,2672,58,0.9991256221170187,0.9958120903131829,33733888,3372
hs_20q_d1,training,d364be951a4d0d7607f043f6ac4790f3ac26b61ec89d73c7215e8317fb51c0a3,cotengra_one_trial,20260965,False,1dpu_t8,True,,e6703cea09f19ed636ecf224aca6e213286f07a6eeb9e2eb0f19485e01e8f7ce,923421f87c721a326e67badb60abf3c092861c147e6c1f8622724a09fd37c6dd,2107344.0,1053672.0,4096.0,65536.0,4892.0,12,59,17000320.0,17990848.0,4214688.0,3042.0,0.0,13568.0,144832,16855488,74,74,74,296,0,2672,0,0.999795002619411,1.0,33721216,1648
hs_20q_d1,training,d364be951a4d0d7607f043f6ac4790f3ac26b61ec89d73c7215e8317fb51c0a3,cotengra_one_trial,20260965,False,4dpu_t8,True,,e6703cea09f19ed636ecf224aca6e213286f07a6eeb9e2eb0f19485e01e8f7ce,2ed8fb75eeda3cf5d54585c866f24e690c5bb5a8428adfd9f9252a181e96cd02,2107344.0,1053672.0,4096.0,65536.0,4892.0,12,59,17000320.0,17990848.0,4214688.0,2982.0,0.0,13568.0,144832,16855488,74,62,62,248,0,2672,58,0.999795002619411,0.9963726852379109,33721216,1648
hs_20q_d1,training,d408da6c431f80ca44516c8b71cfbe2219b1e2370476e22a528942803d488542,cotengra_one_trial,20260944,False,1dpu_t8,True,,8627a7489e9235beb9c18aadae9684eb944e68a5bce11bce3619fc97fa04141a,82cdb5e722dffe088c656ba556341cebffdf66ca61ee9af4b19ddcd9b9902301,2108128.0,1054064.0,4096.0,65536.0,5088.0,12,59,17006592.0,17995776.0,4216256.0,3042.0,0.0,13568.0,147968,16858624,74,74,74,296,0,2672,0,0.9995209019566175,1.0,33727488,1964
hs_20q_d1,training,d408da6c431f80ca44516c8b71cfbe2219b1e2370476e22a528942803d488542,cotengra_one_trial,20260944,False,4dpu_t8,True,,8627a7489e9235beb9c18aadae9684eb944e68a5bce11bce3619fc97fa04141a,d04362dff8bdc3aaa5da6dfcf36c6255c23954cd6ebf8712cf0d3fcaf97d59d9,2108128.0,1054064.0,4096.0,65536.0,5088.0,12,59,17006592.0,17995776.0,4216256.0,2982.0,0.0,13568.0,147968,16858624,74,62,62,248,0,2672,58,0.9995209019566175,0.9960951137691829,33727488,1964
hs_20q_d1,training,d924359d3b3e852f38392f1d91232dbe19d0e20b765e3fabb160dc61d654af41,cotengra_one_trial,20260904,False,1dpu_t8,True,,f9ee0ba66fcb646deaded3de0bfc4cebf36d8a23dd8ee5e2d72ec3096e2842ef,786020daabd6e560d62c694f2f933f512a15b39d806676e8504e168c88b98918,2108704.0,1054352.0,4096.0,65536.0,5232.0,12,59,17011200.0,17999168.0,4217408.0,3042.0,0.0,13568.0,150272,16860928,74,74,74,296,0,2672,0,0.9992051990227173,1.0,33732096,3372
hs_20q_d1,training,d924359d3b3e852f38392f1d91232dbe19d0e20b765e3fabb160dc61d654af41,cotengra_one_trial,20260904,False,4dpu_t8,True,,f9ee0ba66fcb646deaded3de0bfc4cebf36d8a23dd8ee5e2d72ec3096e2842ef,0e24735efcacb3a1ff53e877a425b9c168e91373d3d1c1ee20304250f5348a1b,2108704.0,1054352.0,4096.0,65536.0,5232.0,12,59,17011200.0,17999168.0,4217408.0,2982.0,0.0,13568.0,150272,16860928,74,62,62,248,0,2672,58,0.9992051990227173,0.9958913152343809,33732096,3372
hs_20q_d1,training,ddae4030d299ef23ce60912729fe4305f6f2059288147a4929f61ce31b611abb,cotengra_one_trial,20260912,False,1dpu_t8,True,,62f910e6f649e0fd85867a71980ead7b05b9314740bed0fc445b65d291a7e3e0,7a2c84d1c3ab701c791168582aed76fefb53abba992ae1a3daf379f47d00e488,2107328.0,1053664.0,4096.0,65536.0,4888.0,12,59,17000192.0,17990720.0,4214656.0,3042.0,0.0,13568.0,144768,16855424,74,74,74,296,0,2672,0,0.9998006954778753,1.0,33721088,1696
hs_20q_d1,training,ddae4030d299ef23ce60912729fe4305f6f2059288147a4929f61ce31b611abb,cotengra_one_trial,20260912,False,4dpu_t8,True,,62f910e6f649e0fd85867a71980ead7b05b9314740bed0fc445b65d291a7e3e0,1e109240b82795a49688b21f4bd2b04dd14bc1e70397c9737fd9aace5b00bd4a,2107328.0,1053664.0,4096.0,65536.0,4888.0,12,59,17000192.0,17990720.0,4214656.0,2982.0,0.0,13568.0,144768,16855424,74,62,62,248,0,2672,58,0.9998006954778753,0.9963783521122483,33721088,1696
hs_20q_d1,training,ed32dffba3873dfd1a7533195adfc6e460fbc3e388c6e94ca216839ea52a88dd,cotengra_one_trial,20260926,False,1dpu_t8,True,,1840ed03d28abe89db5aef9ec39d5a9f45d0667005cbe23f51810f97a28e8835,b9c78341d6971b23373eaaf4de019255992d70319bf8b1156dcef1ea9bb587e5,2108768.0,1054384.0,4096.0,65536.0,5248.0,12,59,17011712.0,17999680.0,4217536.0,3042.0,0.0,13568.0,150528,16861184,74,74,74,296,0,2672,0,0.9992279852501555,1.0,33732608,3372
hs_20q_d1,training,ed32dffba3873dfd1a7533195adfc6e460fbc3e388c6e94ca216839ea52a88dd,cotengra_one_trial,20260926,False,4dpu_t8,True,,1840ed03d28abe89db5aef9ec39d5a9f45d0667005cbe23f51810f97a28e8835,d300b6288c879b05f7895fa43e2dc1c21c05c01f34cf5c53538d7eaa70055394,2108768.0,1054384.0,4096.0,65536.0,5248.0,12,59,17011712.0,17999680.0,4217536.0,2982.0,0.0,13568.0,150528,16861184,74,62,62,248,0,2672,58,0.9992279852501555,0.9958686778251566,33732608,3372
hs_20q_d1,training,f5d0125feaa1a24b2c0fc34c147df6932b3ebb296c077f656124a6a6032d9788,cotengra_one_trial,20260920,False,1dpu_t8,True,,adf1755707b8cb5a363428498ce576ff6f9ab865aa1fe0847f36bd383aebefd4,d44dbe3c591f2df7cc34bd51185f6ed913b23ffe04310e944d215e85032b8cd7,2108328.0,1054164.0,4096.0,65536.0,5138.0,12,59,17008192.0,17996768.0,4216656.0,3042.0,0.0,13568.0,148768,16859424,74,74,74,296,0,2672,0,0.9994170736242178,1.0,33729088,3186
hs_20q_d1,training,f5d0125feaa1a24b2c0fc34c147df6932b3ebb296c077f656124a6a6032d9788,cotengra_one_trial,20260920,False,4dpu_t8,True,,adf1755707b8cb5a363428498ce576ff6f9ab865aa1fe0847f36bd383aebefd4,b5207e282d981d2f5a84073d7c17cddfbafc11f0ecfb38415420f8c1ef1fcaa5,2108328.0,1054164.0,4096.0,65536.0,5138.0,12,59,17008192.0,17996768.0,4216656.0,2982.0,0.0,13568.0,148768,16859424,74,62,62,248,0,2672,58,0.9994170736242178,0.9960243377690757,33729088,3186
hs_20q_d1,training,f77aa990d2d9473115779ba0c07e4f86b16b6ad38038fe160f0baa5712a636a1,cotengra_one_trial,20260959,False,1dpu_t8,True,,d98b42e29799671ac2e93cec7018cd7511325c9b74cce1c3887a877737328ceb,7b9e46b160870a1df3eb4223f19b92dfb5917cf74f8d60288fc669549c7f5f78,2108752.0,1054376.0,4096.0,65536.0,5244.0,12,59,17011584.0,17999552.0,4217504.0,3042.0,0.0,13568.0,150464,16861120,74,74,74,296,0,2672,0,0.9992109076837864,1.0,33732480,3372
hs_20q_d1,training,f77aa990d2d9473115779ba0c07e4f86b16b6ad38038fe160f0baa5712a636a1,cotengra_one_trial,20260959,False,4dpu_t8,True,,d98b42e29799671ac2e93cec7018cd7511325c9b74cce1c3887a877737328ceb,4de7a1c2fd0e2b6c09c409aa3a6e91f18d5c5f905282bc47b679d227a1d82f57,2108752.0,1054376.0,4096.0,65536.0,5244.0,12,59,17011584.0,17999552.0,4217504.0,2982.0,0.0,13568.0,150464,16861120,74,62,62,248,0,2672,58,0.9992109076837864,0.995874337048643,33732480,3372
hs_20q_d1,training,fa3029c4e34fc93432d76eecf5017a62e1df39259ad9d7f2cf774f95c18ba669,cotengra_one_trial,20260914,False,1dpu_t8,True,,c1c5fb3ae9bce6e0ad20fbc71dfd0bf56766a3dfda586859e3cf5864f4ac299d,da1c776dfe0c30010da4540d4f6b8470bdc4e239507598072ea60385a605afaf,2108272.0,1054136.0,4096.0,65536.0,5124.0,12,59,17007744.0,17995712.0,4216544.0,3042.0,0.0,13568.0,148544,16859200,74,74,74,296,0,2672,0,0.9993359490616012,1.0,33728640,3468
hs_20q_d1,training,fa3029c4e34fc93432d76eecf5017a62e1df39259ad9d7f2cf774f95c18ba669,cotengra_one_trial,20260914,False,4dpu_t8,True,,c1c5fb3ae9bce6e0ad20fbc71dfd0bf56766a3dfda586859e3cf5864f4ac299d,ed209255a3300fe9eeb0d08296b1689a82d1726b23738a522d673b26544715d4,2108272.0,1054136.0,4096.0,65536.0,5124.0,12,59,17007744.0,17995712.0,4216544.0,2982.0,0.0,13568.0,148544,16859200,74,62,62,248,0,2672,58,0.9993359490616012,0.9960441536955383,33728640,3468
hs_20q_d1,training,fd72eb1ddf15936c2b3069e5a8d4400aca2b56ab7a82a8ff51d54fe111cbfd04,cotengra_one_trial,20260918,False,1dpu_t8,True,,f1129904a3b6023f9d145c64b16b90ceb82106cddc1784d2efa92035b4467009,86085c51b65d651ed055edc2e00245ac7db615188defe179b6832497b575d555,2108672.0,1054336.0,4096.0,65536.0,5224.0,12,59,17010944.0,17998912.0,4217344.0,3042.0,0.0,13568.0,150144,16860800,74,74,74,296,0,2672,0,0.9992165685322326,1.0,33731840,3372
hs_20q_d1,training,fd72eb1ddf15936c2b3069e5a8d4400aca2b56ab7a82a8ff51d54fe111cbfd04,cotengra_one_trial,20260918,False,4dpu_t8,True,,f1129904a3b6023f9d145c64b16b90ceb82106cddc1784d2efa92035b4467009,124d11d7d7d68e400e712e7416d69d92778ef3ff284b3a7a5c88e7b7e649d1fc,2108672.0,1054336.0,4096.0,65536.0,5224.0,12,59,17010944.0,17998912.0,4217344.0,2982.0,0.0,13568.0,150144,16860800,74,62,62,248,0,2672,58,0.9992165685322326,0.9959026344542916,33731840,3372
hs_20q_d1,training,fd96f62e55011a2c45288282d3bd8801edb1c9f072e872228a4c0528691850b9,cotengra_one_trial,20260934,False,1dpu_t8,True,,e033510741f2fe8bebbcb878275918e732c3851637de7334c9a441e65ff85c87,b03a24769b229f236f9d837fb8d3260dc95dd7b1e8c2cc3efeede7a9d78dfa1d,2108400.0,1054200.0,4096.0,65536.0,5156.0,12,59,17008768.0,17996896.0,4216800.0,3042.0,0.0,13568.0,149056,16859712,74,74,74,296,0,2672,0,0.9993710870802505,1.0,33729664,3358
hs_20q_d1,training,fd96f62e55011a2c45288282d3bd8801edb1c9f072e872228a4c0528691850b9,cotengra_one_trial,20260934,False,4dpu_t8,True,,e033510741f2fe8bebbcb878275918e732c3851637de7334c9a441e65ff85c87,3328341dc966f46712b32e4131a63c15d73f42f508e824fe7048f8beac1e2125,2108400.0,1054200.0,4096.0,65536.0,5156.0,12,59,17008768.0,17996896.0,4216800.0,2982.0,0.0,13568.0,149056,16859712,74,62,62,248,0,2672,58,0.9993710870802505,0.9959988616960729,33729664,3358
edc_14q,training,73c23017ab47bc0e2ce8e66241c16e982f1de978b7b1b1cf0b3191bd414a19a3,opt_einsum_greedy,,True,1dpu_t8,True,,a64fba99149983c5cb459153bbe0e95fc01b0d8c9517a82fb2f801a8953d8af1,906d57211265697f4fa103a1835d9ddbdb6f92a75089f551b57bf6f37e6a7518,109992.0,54996.0,8192.0,131072.0,11114.0,13,28,624384.0,648032.0,219984.0,2518.0,0.0,13568.0,184416,439968,46,46,46,184,0,2288,0,0.696350643683177,1.0,887744,580
edc_14q,training,73c23017ab47bc0e2ce8e66241c16e982f1de978b7b1b1cf0b3191bd414a19a3,opt_einsum_greedy,,True,4dpu_t8,True,,a64fba99149983c5cb459153bbe0e95fc01b0d8c9517a82fb2f801a8953d8af1,68b3cad42ce493d118f3a4a12eda0f67cf1bfbba544838a01e742cd4cb9842f1,109992.0,54996.0,8192.0,131072.0,11114.0,13,28,624384.0,648032.0,219984.0,2443.0,0.0,13568.0,184416,439968,46,31,31,124,0,2288,26,0.696350643683177,0.9203032947850753,887744,580
edc_14q,training,0425b3f902fd79466e68378678063bfbad6a245b63bb6ccf7bb9dc4e394f6007,cotengra_one_trial,20260920,False,1dpu_t8,True,,57111a13db6a4e3088c8e97372dfdbed6901ac5ed2f186ccf8718e6ddcdbe7fc,08d20d27af8953d1f2f07ee1ed94ff6682b60ee2d48b36e64fafef9601b4cc59,70784.0,35392.0,512.0,8192.0,1312.0,9,28,308032.0,316224.0,141568.0,820.0,0.0,13568.0,24896,283136,28,28,28,112,0,680,0,0.9882459312839059,1.0,574080,4218
edc_14q,training,0425b3f902fd79466e68378678063bfbad6a245b63bb6ccf7bb9dc4e394f6007,cotengra_one_trial,20260920,False,4dpu_t8,False,collection_resource_admission_failed:dominant_work_wave_underfilled,57111a13db6a4e3088c8e97372dfdbed6901ac5ed2f186ccf8718e6ddcdbe7fc,fd6c178e2262b15574a8ebd0b232873a2dbb698d16da65f4604bb9675996cdbc,70784.0,35392.0,512.0,8192.0,1312.0,9,28,308032.0,316224.0,141568.0,820.0,0.0,13568.0,24896,283136,28,28,28,112,0,680,28,0.9882459312839059,0.25,574080,4218
edc_14q,training,0452bc653e241d2a25635b9212a7c245f3002a6fea0a8f9ca1892259e386d5f7,cotengra_one_trial,20260957,False,1dpu_t8,True,,a8a12f029fc4353d09ebfd379d303d8631376ca655055b6fd0ce1990f382ca24,820c72db252f1df05b25bc4345b1eeb68b9641efd59e76db233aa1f4ce9a608c,69416.0,34708.0,512.0,8192.0,970.0,9,28,297088.0,311584.0,138832.0,868.0,0.0,13568.0,19424,277664,28,28,28,112,0,728,0,0.9911115592946871,1.0,563136,586
edc_14q,training,0452bc653e241d2a25635b9212a7c245f3002a6fea0a8f9ca1892259e386d5f7,cotengra_one_trial,20260957,False,4dpu_t8,False,collection_resource_admission_failed:dominant_work_wave_underfilled,a8a12f029fc4353d09ebfd379d303d8631376ca655055b6fd0ce1990f382ca24,1fe8c427ba24061389a421d9afcfecc2295b135cca65c650b0cdf58758f8825e,69416.0,34708.0,512.0,8192.0,970.0,9,28,297088.0,311584.0,138832.0,868.0,0.0,13568.0,19424,277664,28,28,28,112,0,728,28,0.9911115592946871,0.25,563136,586
edc_14q,training,0589a7224ada2afaaf8e8a5fd3878913c403f27c64fab6ba6383e1f8a256247a,cotengra_one_trial,20260904,False,1dpu_t8,False,estimated_work_unit_count_exceeds_preregistered_bound,,,,,,,,,,,,,,,,,,,,,,,,,,,,
edc_14q,training,0589a7224ada2afaaf8e8a5fd3878913c403f27c64fab6ba6383e1f8a256247a,cotengra_one_trial,20260904,False,4dpu_t8,False,estimated_work_unit_count_exceeds_preregistered_bound,,,,,,,,,,,,,,,,,,,,,,,,,,,,
edc_14q,training,0c6e752336840e74d2dd5603894339fa3431878531514c58d50943a807f6f755,cotengra_one_trial,20260954,False,1dpu_t8,False,estimated_work_unit_count_exceeds_preregistered_bound,,,,,,,,,,,,,,,,,,,,,,,,,,,,
edc_14q,training,0c6e752336840e74d2dd5603894339fa3431878531514c58d50943a807f6f755,cotengra_one_trial,20260954,False,4dpu_t8,False,estimated_work_unit_count_exceeds_preregistered_bound,,,,,,,,,,,,,,,,,,,,,,,,,,,,
edc_14q,training,0d31fc07b355e4602ebfe706aa7d3c2fce0301baac07c2179ee3e9792d663c9d,cotengra_one_trial,20260918,False,1dpu_t8,False,semantic_identity_expansion_exceeds_preregistered_bound,,,,,,,,,,,,,,,,,,,,,,,,,,,,
edc_14q,training,0d31fc07b355e4602ebfe706aa7d3c2fce0301baac07c2179ee3e9792d663c9d,cotengra_one_trial,20260918,False,4dpu_t8,False,semantic_identity_expansion_exceeds_preregistered_bound,,,,,,,,,,,,,,,,,,,,,,,,,,,,
edc_14q,training,0dbd65d5e15dd5868372af06b1d023156c2207e040b919b5778d7f36f66323bc,cotengra_one_trial,20260905,False,1dpu_t8,True,,cfc13a95ba2adbf4a0820761652d5f3defa6f81940619f423018c3ab251ab789,31c8708e990126174e36d37dba0fc51045105621a9f7f6cab391580a87a1b3f4,71376.0,35688.0,1024.0,16384.0,1460.0,10,28,313792.0,313792.0,142752.0,841.0,0.0,13568.0,28288,285504,29,29,29,116,0,696,0,0.9896603900470746,1.0,578816,578
edc_14q,training,0dbd65d5e15dd5868372af06b1d023156c2207e040b919b5778d7f36f66323bc,cotengra_one_trial,20260905,False,4dpu_t8,False,collection_resource_admission_failed:dominant_work_wave_underfilled,cfc13a95ba2adbf4a0820761652d5f3defa6f81940619f423018c3ab251ab789,f408735937f9fa0a8d3fbdbfcde80a75767bedc5b1168fd302456cad9f5e5ecc,71376.0,35688.0,1024.0,16384.0,1460.0,10,28,313792.0,313792.0,142752.0,836.0,0.0,13568.0,28288,285504,29,28,28,112,0,696,28,0.9896603900470746,0.47954494507957857,578816,578
edc_14q,training,0e88ef4c12921c65ead11503882956f6efb0693776ee7f27cc63b0367923aea5,cotengra_one_trial,20260924,False,1dpu_t8,True,,1c290491d00119ffe086a977164c49577d2fa7a89d82332d30d5fd697fe0a977,18682ced6ca66937e16eb7b627145c2bbd7ce59210080bfb77e6e7609a78baa4,73184.0,36592.0,1024.0,16384.0,1912.0,10,28,328256.0,328768.0,146368.0,849.0,0.0,13568.0,35520,292736,29,29,29,116,0,704,0,0.9869370354175776,1.0,593280,1354
edc_14q,training,0e88ef4c12921c65ead11503882956f6efb0693776ee7f27cc63b0367923aea5,cotengra_one_trial,20260924,False,4dpu_t8,False,collection_resource_admission_failed:dominant_work_wave_underfilled,1c290491d00119ffe086a977164c49577d2fa7a89d82332d30d5fd697fe0a977,0848f1c8a0694d179ec0ce8ff0bef7fb990bf9e61813deb7ec48ceea9ca42f3a,73184.0,36592.0,1024.0,16384.0,1912.0,10,28,328256.0,328768.0,146368.0,844.0,0.0,13568.0,35520,292736,29,28,28,112,0,704,28,0.9869370354175776,0.4738740708351552,593280,1354
edc_14q,training,228e2def33383104f256c2bf8c7fe1db689e25602ae36a96cddd28228c60fc72,cotengra_one_trial,20260963,False,1dpu_t8,False,semantic_identity_expansion_exceeds_preregistered_bound,,,,,,,,,,,,,,,,,,,,,,,,,,,,
edc_14q,training,228e2def33383104f256c2bf8c7fe1db689e25602ae36a96cddd28228c60fc72,cotengra_one_trial,20260963,False,4dpu_t8,False,semantic_identity_expansion_exceeds_preregistered_bound,,,,,,,,,,,,,,,,,,,,,,,,,,,,
edc_14q,training,286eba818823e21779bf064e893cac5790b4d98a28cdacc7f504e3337e987f65,cotengra_one_trial,20260946,False,1dpu_t8,True,,cb95ca729b65f99bec9f517246cf330a0a8e6a087047c36aa67ad437ce8e0176,f3c0d1a2ddf15cf86a3c65c94c58963ba1c6ac2da3c3902855eb56d12f6a0696,70368.0,35184.0,256.0,4096.0,1208.0,8,28,304704.0,316992.0,140736.0,836.0,0.0,13568.0,23232,281472,28,28,28,112,0,696,0,0.9885743519781719,1.0,570752,820
edc_14q,training,286eba818823e21779bf064e893cac5790b4d98a28cdacc7f504e3337e987f65,cotengra_one_trial,20260946,False,4dpu_t8,False,collection_resource_admission_failed:dominant_work_wave_underfilled,cb95ca729b65f99bec9f517246cf330a0a8e6a087047c36aa67ad437ce8e0176,6220bec6e61c417d8ef50bc30058db8d92af8cd62e6b6883752436bb90d79c34,70368.0,35184.0,256.0,4096.0,1208.0,8,28,304704.0,316992.0,140736.0,836.0,0.0,13568.0,23232,281472,28,28,28,112,0,696,28,0.9885743519781719,0.25,570752,820
edc_14q,training,321e48f78e2603ad6048e428a75b2926e6a9f526847229e509ee975bd9d0896f,cotengra_one_trial,20260917,False,1dpu_t8,False,estimated_work_unit_count_exceeds_preregistered_bound,,,,,,,,,,,,,,,,,,,,,,,,,,,,
edc_14q,training,321e48f78e2603ad6048e428a75b2926e6a9f526847229e509ee975bd9d0896f,cotengra_one_trial,20260917,False,4dpu_t8,False,estimated_work_unit_count_exceeds_preregistered_bound,,,,,,,,,,,,,,,,,,,,,,,,,,,,
edc_14q,training,3552c0478538ba5d261cce324ced306eebd1ab80001f029d73bda950b9bb0f46,cotengra_one_trial,20260951,False,1dpu_t8,True,,d23d2a24c7c8cc354fc687c64d60b6bcdfb6074d4caa41f76da8f9c1a568b219,bc75194f7f67ba844de8ba0dcca151f826f897d4ef84022610278649dd2cc130,71528.0,35764.0,1024.0,16384.0,1498.0,10,28,315008.0,315520.0,143056.0,849.0,0.0,13568.0,28896,286112,29,29,29,116,0,704,0,0.991429929538083,1.0,580032,344
edc_14q,training,3552c0478538ba5d261cce324ced306eebd1ab80001f029d73bda950b9bb0f46,cotengra_one_trial,20260951,False,4dpu_t8,False,collection_resource_admission_failed:dominant_work_wave_underfilled,d23d2a24c7c8cc354fc687c64d60b6bcdfb6074d4caa41f76da8f9c1a568b219,0d4687b47f8c41fd8a5bb6e98489e9d81b75b4a0bcb239a457c4903093d3e1f4,71528.0,35764.0,1024.0,16384.0,1498.0,10,28,315008.0,315520.0,143056.0,844.0,0.0,13568.0,28896,286112,29,28,28,112,0,704,28,0.991429929538083,0.4790571524437982,580032,344
edc_14q,training,36f230720fe5436238e463118b547d7071b1b57eb658818e3da2ca3abe790ced,cotengra_one_trial,20260940,False,1dpu_t8,True,,ea2377542d48fc52e3cce1216566d5600ab85aeda7fdb5dd51416f94d71f140b,a3babdd717ef40e3dd620e5319eb634f8525613f166577b7b651ec71bd21ab8e,68968.0,34484.0,256.0,4096.0,858.0,8,28,293504.0,305792.0,137936.0,836.0,0.0,13568.0,17632,275872,28,28,28,112,0,696,0,0.991111819974481,1.0,559552,332
edc_14q,training,36f230720fe5436238e463118b547d7071b1b57eb658818e3da2ca3abe790ced,cotengra_one_trial,20260940,False,4dpu_t8,False,collection_resource_admission_failed:dominant_work_wave_underfilled,ea2377542d48fc52e3cce1216566d5600ab85aeda7fdb5dd51416f94d71f140b,675eb36ff72d627dc0eae55ccf76de8f07bf281f9da6f40d5c5841222c0e528a,68968.0,34484.0,256.0,4096.0,858.0,8,28,293504.0,305792.0,137936.0,836.0,0.0,13568.0,17632,275872,28,28,28,112,0,696,28,0.991111819974481,0.25,559552,332
edc_14q,training,3ba11e13b56e144d526afb7e91db24c844735a59e6d5f675fedc101a6bbcf32b,cotengra_one_trial,20260906,False,1dpu_t8,True,,05cbf07f21c60d9a918220a9b355eb5a7c750a2e94ba96118bbba13c8e60b604,6ece626fcd8987b51dc525b6e964f82801678253713c60a4e79ef07c4b0dc4da,68968.0,34484.0,256.0,4096.0,858.0,8,28,293504.0,305952.0,137936.0,836.0,0.0,13568.0,17632,275872,28,28,28,112,0,696,0,0.991517805359007,1.0,559552,586
edc_14q,training,3ba11e13b56e144d526afb7e91db24c844735a59e6d5f675fedc101a6bbcf32b,cotengra_one_trial,20260906,False,4dpu_t8,False,collection_resource_admission_failed:dominant_work_wave_underfilled,05cbf07f21c60d9a918220a9b355eb5a7c750a2e94ba96118bbba13c8e60b604,60ed80a7fb4da9f76a2ac9a6592d4c4a769c700768c62d9feb4843e725e43346,68968.0,34484.0,256.0,4096.0,858.0,8,28,293504.0,305952.0,137936.0,836.0,0.0,13568.0,17632,275872,28,28,28,112,0,696,28,0.991517805359007,0.25,559552,586
edc_14q,training,3daa5f672abb463082d6421cea867deb63b76ac829571a09401cfebee833f378,cotengra_one_trial,20260941,False,1dpu_t8,False,semantic_identity_expansion_exceeds_preregistered_bound,,,,,,,,,,,,,,,,,,,,,,,,,,,,
edc_14q,training,3daa5f672abb463082d6421cea867deb63b76ac829571a09401cfebee833f378,cotengra_one_trial,20260941,False,4dpu_t8,False,semantic_identity_expansion_exceeds_preregistered_bound,,,,,,,,,,,,,,,,,,,,,,,,,,,,
edc_14q,training,44568500e755a7b5e8713256d5bd11d4fe9dfed4c3458583894bb5830682f412,cotengra_one_trial,20260952,False,1dpu_t8,True,,a73df9ec2a7250ffac5f515259710ba6ea18af4b0b65e6d2d4add379a0f3e317,599c3a96d6cc4eb71a1ebd45f1a89f8d25e0e704e10ebbb342ea59af238c18c0,77856.0,38928.0,1024.0,16384.0,3080.0,10,28,365632.0,365984.0,155712.0,913.0,0.0,13568.0,54208,311424,29,29,29,116,0,768,0,0.9696362515413071,1.0,630656,6162
edc_14q,training,44568500e755a7b5e8713256d5bd11d4fe9dfed4c3458583894bb5830682f412,cotengra_one_trial,20260952,False,4dpu_t8,False,collection_resource_admission_failed:dominant_work_wave_underfilled,a73df9ec2a7250ffac5f515259710ba6ea18af4b0b65e6d2d4add379a0f3e317,c603f977d54e5148412762a33113cf4f707cdda539b15a3b8490ee6fc7088a43,77856.0,38928.0,1024.0,16384.0,3080.0,10,28,365632.0,365984.0,155712.0,908.0,0.0,13568.0,54208,311424,29,28,28,112,0,768,28,0.9696362515413071,0.4604397862720921,630656,6162
edc_14q,training,44daea8c6eedfc53abdc7cc58e6f3fd5c9e5026e8b62f00fb875e7d205e0d857,cotengra_one_trial,20260964,False,1dpu_t8,False,semantic_identity_expansion_exceeds_preregistered_bound,,,,,,,,,,,,,,,,,,,,,,,,,,,,
edc_14q,training,44daea8c6eedfc53abdc7cc58e6f3fd5c9e5026e8b62f00fb875e7d205e0d857,cotengra_one_trial,20260964,False,4dpu_t8,False,semantic_identity_expansion_exceeds_preregistered_bound,,,,,,,,,,,,,,,,,,,,,,,,,,,,
edc_14q,training,48c47f88975f906228b3b1a993db6f8abc55d4f38b23bb7235131708371a8dc1,cotengra_one_trial,20260922,False,1dpu_t8,False,semantic_identity_expansion_exceeds_preregistered_bound,,,,,,,,,,,,,,,,,,,,,,,,,,,,
edc_14q,training,48c47f88975f906228b3b1a993db6f8abc55d4f38b23bb7235131708371a8dc1,cotengra_one_trial,20260922,False,4dpu_t8,False,semantic_identity_expansion_exceeds_preregistered_bound,,,,,,,,,,,,,,,,,,,,,,,,,,,,
edc_14q,training,4fc43ac0aa3928d075a9e37be27567d9f71844c19e5555a7150ad21f260139c9,cotengra_one_trial,20260926,False,1dpu_t8,False,semantic_identity_expansion_exceeds_preregistered_bound,,,,,,,,,,,,,,,,,,,,,,,,,,,,
edc_14q,training,4fc43ac0aa3928d075a9e37be27567d9f71844c19e5555a7150ad21f260139c9,cotengra_one_trial,20260926,False,4dpu_t8,False,semantic_identity_expansion_exceeds_preregistered_bound,,,,,,,,,,,,,,,,,,,,,,,,,,,,
edc_14q,training,4ffc4f32aeac34ac4dd32d253531c64c232917abbd620f5c6a01099d0e536338,cotengra_one_trial,20260955,False,1dpu_t8,False,semantic_identity_expansion_exceeds_preregistered_bound,,,,,,,,,,,,,,,,,,,,,,,,,,,,
edc_14q,training,4ffc4f32aeac34ac4dd32d253531c64c232917abbd620f5c6a01099d0e536338,cotengra_one_trial,20260955,False,4dpu_t8,False,semantic_identity_expansion_exceeds_preregistered_bound,,,,,,,,,,,,,,,,,,,,,,,,,,,,
edc_14q,training,509e4cadfb319d9dae668fde2dc52bbeb151ad52ea232e11925cfba7439e43cc,cotengra_one_trial,20260934,False,1dpu_t8,True,,0018ca283dd2488d7883e736ed714857456de27c66f2b28139a8dc39f8365063,43f81f958ec053a9197212672e3f472e0d0841492e7fc1875baaacb55103744b,89000.0,44500.0,1024.0,16384.0,5866.0,10,28,453792.0,475008.0,178000.0,1305.0,0.0,13568.0,97792,356000,29,29,29,116,0,1160,0,0.9243707865168539,1.0,719808,10250
edc_14q,training,509e4cadfb319d9dae668fde2dc52bbeb151ad52ea232e11925cfba7439e43cc,cotengra_one_trial,20260934,False,4dpu_t8,False,collection_resource_admission_failed:dominant_work_wave_underfilled,0018ca283dd2488d7883e736ed714857456de27c66f2b28139a8dc39f8365063,b494693a12e18899dda282c947b1ca16b2e680c9f3f2c7ec6013d4f16b6fbcca,89000.0,44500.0,1024.0,16384.0,5866.0,10,28,453792.0,475008.0,178000.0,1300.0,0.0,13568.0,97792,356000,29,28,28,112,0,1160,28,0.9243707865168539,0.25575280898876407,719808,10250
edc_14q,training,51541e570fe2d7a7de7aad428094b0d29c033625ab6c359b924c22f19f58c147,cotengra_one_trial,20260943,False,1dpu_t8,True,,9f395575cd6717d59715a602d4c833037805ab87ea5a713ecfa4b7b0abd86e24,47ef29dab6f97b42c2dd90ce42ace792192c03ac783ae59476060f19dd4218ec,138688.0,69344.0,8192.0,131072.0,18288.0,13,28,854592.0,855712.0,277376.0,1734.0,0.0,13568.0,299840,554752,54,54,54,216,0,1464,0,0.9685625288417167,1.0,1117312,262164
edc_14q,training,51541e570fe2d7a7de7aad428094b0d29c033625ab6c359b924c22f19f58c147,cotengra_one_trial,20260943,False,4dpu_t8,True,,9f395575cd6717d59715a602d4c833037805ab87ea5a713ecfa4b7b0abd86e24,88d3d458e167eb60eacb5254d72b16d66fa2552a97633992f93c5c7e972a1d09,138688.0,69344.0,8192.0,131072.0,18288.0,13,28,854592.0,855712.0,277376.0,1624.0,0.0,13568.0,299840,554752,54,32,32,128,0,1464,25,0.9685625288417167,0.8849792339640056,1117312,262164
edc_14q,training,5dddd6445d3c44c8068e8cbc9be3d089ff3444eadf642868567f4e47debc71cd,cotengra_one_trial,20260911,False,1dpu_t8,False,estimated_work_unit_count_exceeds_preregistered_bound,,,,,,,,,,,,,,,,,,,,,,,,,,,,
edc_14q,training,5dddd6445d3c44c8068e8cbc9be3d089ff3444eadf642868567f4e47debc71cd,cotengra_one_trial,20260911,False,4dpu_t8,False,estimated_work_unit_count_exceeds_preregistered_bound,,,,,,,,,,,,,,,,,,,,,,,,,,,,
edc_14q,training,68676e404aa00aacdba6c4457737a64b3390c7e4a9302b0e854be48042b45553,cotengra_one_trial,20260961,False,1dpu_t8,True,,e2319a4a15e134734fad4e406f7c2a23163f26d5c1ec92f6774eaf02cf5cd592,b5c112adb9821372b18f64a3ae50b31fdd18295769e825a2557c916c691fc834,156992.0,78496.0,8192.0,131072.0,22864.0,13,28,1001312.0,1020128.0,313984.0,3816.0,0.0,13568.0,373344,627968,64,64,64,256,0,3496,0,0.8329086832450061,1.0,1263744,33304
edc_14q,training,68676e404aa00aacdba6c4457737a64b3390c7e4a9302b0e854be48042b45553,cotengra_one_trial,20260961,False,4dpu_t8,True,,e2319a4a15e134734fad4e406f7c2a23163f26d5c1ec92f6774eaf02cf5cd592,d0911bdb78bbdf055412f6740f633d7f56356708a61dac5115939a5cfee7e009,156992.0,78496.0,8192.0,131072.0,22864.0,13,28,1001312.0,1020128.0,313984.0,3661.0,0.0,13568.0,373344,627968,64,33,33,132,0,3496,23,0.8329086832450061,0.8826946596004892,1263744,33304
edc_14q,training,6ad2ad9cc3f0326f4a53fb60c83b1824a9fc5f2e97d5a2097b71def4751c0011,cotengra_one_trial,20260958,False,1dpu_t8,False,semantic_identity_expansion_exceeds_preregistered_bound,,,,,,,,,,,,,,,,,,,,,,,,,,,,
edc_14q,training,6ad2ad9cc3f0326f4a53fb60c83b1824a9fc5f2e97d5a2097b71def4751c0011,cotengra_one_trial,20260958,False,4dpu_t8,False,semantic_identity_expansion_exceeds_preregistered_bound,,,,,,,,,,,,,,,,,,,,,,,,,,,,
edc_14q,training,6c726668bd9478e18b65070cff669f0b72668711837319d9fc025f0cb04eb339,cotengra_one_trial,20260956,False,1dpu_t8,False,estimated_work_unit_count_exceeds_preregistered_bound,,,,,,,,,,,,,,,,,,,,,,,,,,,,
edc_14q,training,6c726668bd9478e18b65070cff669f0b72668711837319d9fc025f0cb04eb339,cotengra_one_trial,20260956,False,4dpu_t8,False,estimated_work_unit_count_exceeds_preregistered_bound,,,,,,,,,,,,,,,,,,,,,,,,,,,,
edc_14q,training,72a08706d6a9de21cc847c1ae0ec6dc6e792847f41d487beaa3a57154a9dee3c,cotengra_one_trial,20260945,False,1dpu_t8,True,,8fb1935e8db9ae2bcf4cf9ef30366f0480e400b055b62a411a79a216116bbca5,0a81b90aacd154a7f2c2c4d5297d74c249edf35075fc0a82771174f9d4ced8ef,73376.0,36688.0,512.0,8192.0,1960.0,9,28,328768.0,343200.0,146752.0,892.0,0.0,13568.0,35264,293504,28,28,28,112,0,752,0,0.9802660270388138,1.0,594816,5142
edc_14q,training,72a08706d6a9de21cc847c1ae0ec6dc6e792847f41d487beaa3a57154a9dee3c,cotengra_one_trial,20260945,False,4dpu_t8,False,collection_resource_admission_failed:dominant_work_wave_underfilled,8fb1935e8db9ae2bcf4cf9ef30366f0480e400b055b62a411a79a216116bbca5,5cb1fccdb797db83d0aa751ed26c6e75554bf73f9ddac2b2f21e30cda1dcb366,73376.0,36688.0,512.0,8192.0,1960.0,9,28,328768.0,343200.0,146752.0,892.0,0.0,13568.0,35264,293504,28,28,28,112,0,752,28,0.9802660270388138,0.25,594816,5142
edc_14q,training,73c765d4d55ccdf174542a40c7cc2a9a114a341127aa0b31c4c2860ef1a0b277,cotengra_one_trial,20260965,False,1dpu_t8,True,,ebb4d9c37faa1b6edcadea11a47d27b172e4982b72a5cca046f28a6d57da652c,ea4b3102a5cef514b35249520358b69af1f78b82b22dc3be7d514738f9b134b7,69440.0,34720.0,512.0,8192.0,976.0,9,28,297280.0,305472.0,138880.0,820.0,0.0,13568.0,19520,277760,28,28,28,112,0,680,0,0.9913882488479263,1.0,563328,1094
edc_14q,training,73c765d4d55ccdf174542a40c7cc2a9a114a341127aa0b31c4c2860ef1a0b277,cotengra_one_trial,20260965,False,4dpu_t8,False,collection_resource_admission_failed:dominant_work_wave_underfilled,ebb4d9c37faa1b6edcadea11a47d27b172e4982b72a5cca046f28a6d57da652c,05637befd38b7c5ecf4dee7b0071f0115b9fcc0afe732a75fe91d707a5eca518,69440.0,34720.0,512.0,8192.0,976.0,9,28,297280.0,305472.0,138880.0,820.0,0.0,13568.0,19520,277760,28,28,28,112,0,680,28,0.9913882488479263,0.25,563328,1094
edc_14q,training,7468aa0a5dd2ecc59a682615890ed3efcb12d8189f3245a479d35fbb7b78aef4,cotengra_one_trial,20260916,False,1dpu_t8,False,semantic_identity_expansion_exceeds_preregistered_bound,,,,,,,,,,,,,,,,,,,,,,,,,,,,
edc_14q,training,7468aa0a5dd2ecc59a682615890ed3efcb12d8189f3245a479d35fbb7b78aef4,cotengra_one_trial,20260916,False,4dpu_t8,False,semantic_identity_expansion_exceeds_preregistered_bound,,,,,,,,,,,,,,,,,,,,,,,,,,,,
edc_14q,training,7725cd64d383a65f9899290016256fb18811d99935a2f11f03d89bed047e69d4,cotengra_one_trial,20260939,False,1dpu_t8,False,semantic_identity_expansion_exceeds_preregistered_bound,,,,,,,,,,,,,,,,,,,,,,,,,,,,
edc_14q,training,7725cd64d383a65f9899290016256fb18811d99935a2f11f03d89bed047e69d4,cotengra_one_trial,20260939,False,4dpu_t8,False,semantic_identity_expansion_exceeds_preregistered_bound,,,,,,,,,,,,,,,,,,,,,,,,,,,,
edc_14q,training,77a6ab261a7417d99f61173c45a6faf48ad1dd55fb761d4aeb6e9dcf37619117,cotengra_one_trial,20260933,False,1dpu_t8,True,,4f581aa0f35eec67bca872be38f351998b31ae564ed481611a5dbda225e0f912,e7f2c0b4095cb4d8f975ae568542d4cadebca21ecadf261b6c3510b122a53f29,69416.0,34708.0,512.0,8192.0,970.0,9,28,297088.0,311424.0,138832.0,868.0,0.0,13568.0,19424,277664,28,28,28,112,0,728,0,0.9916301717183358,1.0,563136,584
edc_14q,training,77a6ab261a7417d99f61173c45a6faf48ad1dd55fb761d4aeb6e9dcf37619117,cotengra_one_trial,20260933,False,4dpu_t8,False,collection_resource_admission_failed:dominant_work_wave_underfilled,4f581aa0f35eec67bca872be38f351998b31ae564ed481611a5dbda225e0f912,b01053d7eeb0b757e7309adfef2260cf6847122c44b4342bd5bd61152e13eaf4,69416.0,34708.0,512.0,8192.0,970.0,9,28,297088.0,311424.0,138832.0,868.0,0.0,13568.0,19424,277664,28,28,28,112,0,728,28,0.9916301717183358,0.25,563136,584
edc_14q,training,7f0041dc88fbc2ef7adefbb30a687b204cf199bcd43759078bf466c336130b26,cotengra_one_trial,20260938,False,1dpu_t8,True,,39ed7360d5ace274bfabac67ef3dae617f47e36a8d7eca981f1d3361be1d0a1f,1f487a8ca78786d615b0507e86d9cc0969742a3155c0dc2de196b253560c0ca2,72448.0,36224.0,512.0,8192.0,1728.0,9,28,321344.0,335680.0,144896.0,868.0,0.0,13568.0,31552,289792,28,28,28,112,0,728,0,0.9860865724381626,1.0,587392,844
edc_14q,training,7f0041dc88fbc2ef7adefbb30a687b204cf199bcd43759078bf466c336130b26,cotengra_one_trial,20260938,False,4dpu_t8,False,collection_resource_admission_failed:dominant_work_wave_underfilled,39ed7360d5ace274bfabac67ef3dae617f47e36a8d7eca981f1d3361be1d0a1f,52b640cb809c9d577c91fee32257133f07cc0b9e69cad888e8566e56da8df53a,72448.0,36224.0,512.0,8192.0,1728.0,9,28,321344.0,335680.0,144896.0,868.0,0.0,13568.0,31552,289792,28,28,28,112,0,728,28,0.9860865724381626,0.25,587392,844
edc_14q,training,814acd08c79d3f36b9ece2141f388143fa5a613bc6b44b8d52ff91d80e93efcd,cotengra_one_trial,20260913,False,1dpu_t8,False,estimated_work_unit_count_exceeds_preregistered_bound,,,,,,,,,,,,,,,,,,,,,,,,,,,,
edc_14q,training,814acd08c79d3f36b9ece2141f388143fa5a613bc6b44b8d52ff91d80e93efcd,cotengra_one_trial,20260913,False,4dpu_t8,False,estimated_work_unit_count_exceeds_preregistered_bound,,,,,,,,,,,,,,,,,,,,,,,,,,,,
edc_14q,training,84cc2ebe3c169645b27d9c80b2653759ec616ca450f616f137e8762cf5c3580f,cotengra_one_trial,20260942,False,1dpu_t8,False,semantic_identity_expansion_exceeds_preregistered_bound,,,,,,,,,,,,,,,,,,,,,,,,,,,,
edc_14q,training,84cc2ebe3c169645b27d9c80b2653759ec616ca450f616f137e8762cf5c3580f,cotengra_one_trial,20260942,False,4dpu_t8,False,semantic_identity_expansion_exceeds_preregistered_bound,,,,,,,,,,,,,,,,,,,,,,,,,,,,
edc_14q,training,867c1cbc5f7b243302962d7bf5553ac824c9531dbb0678459eddead020f16dfe,cotengra_one_trial,20260907,False,1dpu_t8,True,,38116a1cc55e83a4005caeb9ea15898fa7028625263605dbde89b389eb599c38,63236ca984849a22789a9f75c8d5f2afdf00b7f00f400667fc406a55eeb43ac0,147296.0,73648.0,8192.0,131072.0,20440.0,13,28,923648.0,939808.0,294592.0,3457.0,0.0,13568.0,334464,589184,61,61,61,244,0,3152,0,0.8467575494242885,1.0,1186176,33050
edc_14q,training,867c1cbc5f7b243302962d7bf5553ac824c9531dbb0678459eddead020f16dfe,cotengra_one_trial,20260907,False,4dpu_t8,True,,38116a1cc55e83a4005caeb9ea15898fa7028625263605dbde89b389eb599c38,e15e0eca9b4e452af4b97d2cbfd90af7b7f7044018e3599e13057b28086d6fc8,147296.0,73648.0,8192.0,131072.0,20440.0,13,28,923648.0,939808.0,294592.0,3317.0,0.0,13568.0,334464,589184,61,33,33,132,0,3152,24,0.8467575494242885,0.9034868563980013,1186176,33050
edc_14q,training,8822ee4dc58e9ad98d7192f6f4f4d8dcef6e4a7a2db999a4fdb5020382a297bc,cotengra_one_trial,20260962,False,1dpu_t8,False,estimated_work_unit_count_exceeds_preregistered_bound,,,,,,,,,,,,,,,,,,,,,,,,,,,,
edc_14q,training,8822ee4dc58e9ad98d7192f6f4f4d8dcef6e4a7a2db999a4fdb5020382a297bc,cotengra_one_trial,20260962,False,4dpu_t8,False,estimated_work_unit_count_exceeds_preregistered_bound,,,,,,,,,,,,,,,,,,,,,,,,,,,,
edc_14q,training,8ba04a8e83f0cdccb5fc25939d27bbab090fc8ae144443182bc0c0c1830bea75,cotengra_one_trial,20260960,False,1dpu_t8,False,estimated_work_unit_count_exceeds_preregistered_bound,,,,,,,,,,,,,,,,,,,,,,,,,,,,
edc_14q,training,8ba04a8e83f0cdccb5fc25939d27bbab090fc8ae144443182bc0c0c1830bea75,cotengra_one_trial,20260960,False,4dpu_t8,False,estimated_work_unit_count_exceeds_preregistered_bound,,,,,,,,,,,,,,,,,,,,,,,,,,,,
edc_14q,training,8dc0808708fd48eb3735534c250f3d8a4978dd86df14d1af9ebc43200e4c9d49,cotengra_one_trial,20260959,False,1dpu_t8,False,semantic_identity_expansion_exceeds_preregistered_bound,,,,,,,,,,,,,,,,,,,,,,,,,,,,
edc_14q,training,8dc0808708fd48eb3735534c250f3d8a4978dd86df14d1af9ebc43200e4c9d49,cotengra_one_trial,20260959,False,4dpu_t8,False,semantic_identity_expansion_exceeds_preregistered_bound,,,,,,,,,,,,,,,,,,,,,,,,,,,,
edc_14q,training,95510cd4b21df346a85564c257671b41f54d924da336f29084bb769d0ba9d8d7,cotengra_one_trial,20260928,False,1dpu_t8,True,,99f937a64cfe15cf7fa214cbc384769676318145c120dac4c54d33e22def792a,f2f53d84f35dc2b082fcddb2c294a51b5ea615e2e30027930c56a066631ca03b,69448.0,34724.0,512.0,8192.0,978.0,9,28,297344.0,305696.0,138896.0,820.0,0.0,13568.0,19552,277792,28,28,28,112,0,680,0,0.9916916253887801,1.0,563392,586
edc_14q,training,95510cd4b21df346a85564c257671b41f54d924da336f29084bb769d0ba9d8d7,cotengra_one_trial,20260928,False,4dpu_t8,False,collection_resource_admission_failed:dominant_work_wave_underfilled,99f937a64cfe15cf7fa214cbc384769676318145c120dac4c54d33e22def792a,62d8d8ef95ec26f015ec69dc46f3fceac9841dd2de1bff9a084f6d70434927aa,69448.0,34724.0,512.0,8192.0,978.0,9,28,297344.0,305696.0,138896.0,820.0,0.0,13568.0,19552,277792,28,28,28,112,0,680,28,0.9916916253887801,0.25,563392,586
edc_14q,training,9aec27bca7eb48d38806446a28e551053ae1d8a3658533685be8955be99c61d7,cotengra_one_trial,20260927,False,1dpu_t8,True,,1e02762f823950aaa19d289802689f63773defd5566ebbd42db7d9996e5c1b72,67386b255118fc3f2ab6c5af21dc7a0aa8ebb3db99e3bdd59232096aa132928e,76792.0,38396.0,2048.0,32768.0,2814.0,11,28,357632.0,357792.0,153584.0,899.0,0.0,13568.0,50464,307168,31,31,31,124,0,744,0,0.9888399833315971,1.0,622144,1192
edc_14q,training,9aec27bca7eb48d38806446a28e551053ae1d8a3658533685be8955be99c61d7,cotengra_one_trial,20260927,False,4dpu_t8,True,,1e02762f823950aaa19d289802689f63773defd5566ebbd42db7d9996e5c1b72,01d5c3100caaf3acb3e9a2f08a9f7e2a99902a29344f2e7237716dd79a5a7b48,76792.0,38396.0,2048.0,32768.0,2814.0,11,28,357632.0,357792.0,153584.0,884.0,0.0,13568.0,50464,307168,31,28,28,112,0,744,27,0.9888399833315971,0.8900666736118346,622144,1192
edc_14q,training,9b02646c2cf1b2fafedfaf42c7257a021a676ce719ec4c3e0f4b922d8b60c271,cotengra_one_trial,20260953,False,1dpu_t8,False,estimated_work_unit_count_exceeds_preregistered_bound,,,,,,,,,,,,,,,,,,,,,,,,,,,,
edc_14q,training,9b02646c2cf1b2fafedfaf42c7257a021a676ce719ec4c3e0f4b922d8b60c271,cotengra_one_trial,20260953,False,4dpu_t8,False,estimated_work_unit_count_exceeds_preregistered_bound,,,,,,,,,,,,,,,,,,,,,,,,,,,,
edc_14q,training,9d9ab6e99e6f0707e07d7be847528fe773587c0a4b0de0bbba7ddc796881fc62,cotengra_one_trial,20260949,False,1dpu_t8,False,semantic_identity_expansion_exceeds_preregistered_bound,,,,,,,,,,,,,,,,,,,,,,,,,,,,
edc_14q,training,9d9ab6e99e6f0707e07d7be847528fe773587c0a4b0de0bbba7ddc796881fc62,cotengra_one_trial,20260949,False,4dpu_t8,False,semantic_identity_expansion_exceeds_preregistered_bound,,,,,,,,,,,,,,,,,,,,,,,,,,,,
edc_14q,training,a9700fcd1568773a9b1f2779b2add1ef19ad7771568dda5ae8715a42663af568,cotengra_one_trial,20260914,False,1dpu_t8,True,,d46fa5d3fd21f3dd900615417071eb83368194c2bb38be860a97eca190aa4c99,e84f4bb921dc31a7df89f7e33c818cd032b57c6932b0a50ff28ca1c8daa78d75,69792.0,34896.0,512.0,8192.0,1064.0,9,28,300096.0,308288.0,139584.0,820.0,0.0,13568.0,20928,279168,28,28,28,112,0,680,0,0.9889385602934434,1.0,566144,1094
edc_14q,training,a9700fcd1568773a9b1f2779b2add1ef19ad7771568dda5ae8715a42663af568,cotengra_one_trial,20260914,False,4dpu_t8,False,collection_resource_admission_failed:dominant_work_wave_underfilled,d46fa5d3fd21f3dd900615417071eb83368194c2bb38be860a97eca190aa4c99,4568de8572cf9d55e94cbf4682859bf2503a60f054225a62fb58c055107ed687,69792.0,34896.0,512.0,8192.0,1064.0,9,28,300096.0,308288.0,139584.0,820.0,0.0,13568.0,20928,279168,28,28,28,112,0,680,28,0.9889385602934434,0.25,566144,1094
edc_14q,training,b1abd72b9b9d340bcbcd062476bdc835028099efacc53bbc96695fe31856eede,cotengra_one_trial,20260909,False,1dpu_t8,False,estimated_work_unit_count_exceeds_preregistered_bound,,,,,,,,,,,,,,,,,,,,,,,,,,,,
edc_14q,training,b1abd72b9b9d340bcbcd062476bdc835028099efacc53bbc96695fe31856eede,cotengra_one_trial,20260909,False,4dpu_t8,False,estimated_work_unit_count_exceeds_preregistered_bound,,,,,,,,,,,,,,,,,,,,,,,,,,,,
edc_14q,training,b5a48f94feec856d7c51996f8c819f62d18952b50aab7816a99def08c8e4d168,cotengra_one_trial,20260903,False,1dpu_t8,False,semantic_identity_expansion_exceeds_preregistered_bound,,,,,,,,,,,,,,,,,,,,,,,,,,,,
edc_14q,training,b5a48f94feec856d7c51996f8c819f62d18952b50aab7816a99def08c8e4d168,cotengra_one_trial,20260903,False,4dpu_t8,False,semantic_identity_expansion_exceeds_preregistered_bound,,,,,,,,,,,,,,,,,,,,,,,,,,,,
edc_14q,training,c1e17656fe3f168db15047446cedb5d194817e1ac9b37c507079380188b96bec,cotengra_one_trial,20260950,False,1dpu_t8,False,estimated_work_unit_count_exceeds_preregistered_bound,,,,,,,,,,,,,,,,,,,,,,,,,,,,
edc_14q,training,c1e17656fe3f168db15047446cedb5d194817e1ac9b37c507079380188b96bec,cotengra_one_trial,20260950,False,4dpu_t8,False,estimated_work_unit_count_exceeds_preregistered_bound,,,,,,,,,,,,,,,,,,,,,,,,,,,,
edc_14q,training,c1fdba08cb54cf7a450efa8440c08f63a4c908af331414efbefda9d0bd281c27,cotengra_one_trial,20260910,False,1dpu_t8,False,semantic_identity_expansion_exceeds_preregistered_bound,,,,,,,,,,,,,,,,,,,,,,,,,,,,
edc_14q,training,c1fdba08cb54cf7a450efa8440c08f63a4c908af331414efbefda9d0bd281c27,cotengra_one_trial,20260910,False,4dpu_t8,False,semantic_identity_expansion_exceeds_preregistered_bound,,,,,,,,,,,,,,,,,,,,,,,,,,,,
edc_14q,training,c3b707ae44d1b2a041fa1eaddeb8b191fb235a412a7573aaee926b9fd5b8c752,cotengra_one_trial,20260902,False,1dpu_t8,False,semantic_identity_expansion_exceeds_preregistered_bound,,,,,,,,,,,,,,,,,,,,,,,,,,,,
edc_14q,training,c3b707ae44d1b2a041fa1eaddeb8b191fb235a412a7573aaee926b9fd5b8c752,cotengra_one_trial,20260902,False,4dpu_t8,False,semantic_identity_expansion_exceeds_preregistered_bound,,,,,,,,,,,,,,,,,,,,,,,,,,,,
edc_14q,training,c592b1c78664ea2ee425261e4a05cf7dfc2e7f720398c4b85c9ed43e4ab5dab1,cotengra_one_trial,20260944,False,1dpu_t8,True,,02f2cba65e1c27d88a67ff665b9fa1ccdc93433d2018fd43587c1b7d6fb24a9f,8523f3ad5c7cf06882d50fd8a92b76165d7a5d277f45ebdbd4327140a8692258,69432.0,34716.0,512.0,8192.0,974.0,9,28,297216.0,311552.0,138864.0,868.0,0.0,13568.0,19488,277728,28,28,28,112,0,728,0,0.9914592695010946,1.0,563264,336
edc_14q,training,c592b1c78664ea2ee425261e4a05cf7dfc2e7f720398c4b85c9ed43e4ab5dab1,cotengra_one_trial,20260944,False,4dpu_t8,False,collection_resource_admission_failed:dominant_work_wave_underfilled,02f2cba65e1c27d88a67ff665b9fa1ccdc93433d2018fd43587c1b7d6fb24a9f,9dcbab68b9978bbf5702851fb636d111a8c27bba36890dbd33a58b2dec386d14,69432.0,34716.0,512.0,8192.0,974.0,9,28,297216.0,311552.0,138864.0,868.0,0.0,13568.0,19488,277728,28,28,28,112,0,728,28,0.9914592695010946,0.25,563264,336
edc_14q,training,c7c4bc143562aac74012bfa054bc906a5d6cb2fc2686b237842ca9665e81e2ec,cotengra_one_trial,20260948,False,1dpu_t8,False,estimated_work_unit_count_exceeds_preregistered_bound,,,,,,,,,,,,,,,,,,,,,,,,,,,,
edc_14q,training,c7c4bc143562aac74012bfa054bc906a5d6cb2fc2686b237842ca9665e81e2ec,cotengra_one_trial,20260948,False,4dpu_t8,False,estimated_work_unit_count_exceeds_preregistered_bound,,,,,,,,,,,,,,,,,,,,,,,,,,,,
edc_14q,training,c9bd5f382e4c40d5fe851ed8719d6d9c92de44e58d4c7266f39eb5aad0008c4c,cotengra_one_trial,20260931,False,1dpu_t8,True,,b7cc58f3afefdc0c260a1facf76a4d3cfae95cf9c197a5f6f054163f561b144d,1500c408f90d6abebefdb45d93dd4dbd7984e0f686e54d3b9863f56c63940d0c,68904.0,34452.0,256.0,4096.0,842.0,8,28,292992.0,305280.0,137808.0,836.0,0.0,13568.0,17376,275616,28,28,28,112,0,696,0,0.9906391501219087,1.0,559040,332
edc_14q,training,c9bd5f382e4c40d5fe851ed8719d6d9c92de44e58d4c7266f39eb5aad0008c4c,cotengra_one_trial,20260931,False,4dpu_t8,False,collection_resource_admission_failed:dominant_work_wave_underfilled,b7cc58f3afefdc0c260a1facf76a4d3cfae95cf9c197a5f6f054163f561b144d,54477f200ef9dc98f2c08e63c4c7c6bd373ab60859ca97e4c18b9b217298b1eb,68904.0,34452.0,256.0,4096.0,842.0,8,28,292992.0,305280.0,137808.0,836.0,0.0,13568.0,17376,275616,28,28,28,112,0,696,28,0.9906391501219087,0.25,559040,332
edc_14q,training,cd44e26895bbfa611b86cb15c9b3be759be5c62c45d8dcef8f46fd51616f072a,cotengra_one_trial,20260930,False,1dpu_t8,False,semantic_identity_expansion_exceeds_preregistered_bound,,,,,,,,,,,,,,,,,,,,,,,,,,,,
edc_14q,training,cd44e26895bbfa611b86cb15c9b3be759be5c62c45d8dcef8f46fd51616f072a,cotengra_one_trial,20260930,False,4dpu_t8,False,semantic_identity_expansion_exceeds_preregistered_bound,,,,,,,,,,,,,,,,,,,,,,,,,,,,
edc_14q,training,cd89b50a69aca765b37182f4144fe1203a37d6f257658cbcce233af3ea060e65,cotengra_one_trial,20260919,False,1dpu_t8,True,,a3ff038a704db7a34ea741d3f70335da0bae6733105808587f1cb03d75cbfd60,835702a8c3dd9c0eaa5158d334e6c834c4054baf2418e9d29b12362f5d955f77,177536.0,88768.0,16384.0,262144.0,28000.0,14,28,1166720.0,1181056.0,355072.0,4025.0,0.0,13568.0,456576,710144,77,77,77,308,0,3640,0,0.716879956741168,1.0,1428096,4212
edc_14q,training,cd89b50a69aca765b37182f4144fe1203a37d6f257658cbcce233af3ea060e65,cotengra_one_trial,20260919,False,4dpu_t8,True,,a3ff038a704db7a34ea741d3f70335da0bae6733105808587f1cb03d75cbfd60,7756eb47b3d843933a76276988f4ffda438e36174cf3f8100bff9bc873802630,177536.0,88768.0,16384.0,262144.0,28000.0,14,28,1166720.0,1181056.0,355072.0,3830.0,0.0,13568.0,456576,710144,77,38,38,152,0,3640,25,0.716879956741168,0.942141312184571,1428096,4212
edc_14q,training,cdcb81363b717c0038702e3140659ba13cd1cb8ad69e7f96e440f1584e6c760a,cotengra_one_trial,20260932,False,1dpu_t8,True,,072358dc8e4279b23ef244178ed389e6043dab3dfc58ea3cfd1b4a74c046bbdc,230be9d6e37b79dd6a5c2ddf4b3582c9bf28f776eaaa9c0cb148e1e8ddd744e4,75520.0,37760.0,1024.0,16384.0,2496.0,10,28,346944.0,346944.0,151040.0,841.0,0.0,13568.0,44864,302080,29,29,29,116,0,696,0,0.9878177966101694,1.0,611968,2576
edc_14q,training,cdcb81363b717c0038702e3140659ba13cd1cb8ad69e7f96e440f1584e6c760a,cotengra_one_trial,20260932,False,4dpu_t8,False,collection_resource_admission_failed:dominant_work_wave_underfilled,072358dc8e4279b23ef244178ed389e6043dab3dfc58ea3cfd1b4a74c046bbdc,85c2792a58d05c4238ff421d7685154f7a1418a94b865fddb947c9c8a1236a2a,75520.0,37760.0,1024.0,16384.0,2496.0,10,28,346944.0,346944.0,151040.0,836.0,0.0,13568.0,44864,302080,29,28,28,112,0,696,28,0.9878177966101694,0.4669491525423729,611968,2576
edc_14q,training,d44b9c7e6edd3fccde41bd4bfdcc44672b642394461c26b9879aea9ea5645f73,cotengra_one_trial,20260915,False,1dpu_t8,True,,45ed917a238bbd7dc235a30f6c4e5bc40a3773815ab470156ec8b1b7e3fcad31,82cd9822beeaf4283fe30b4318bd79e019fc045510953e357586c3d7a80381c5,71584.0,35792.0,1024.0,16384.0,1512.0,10,28,315456.0,315968.0,143168.0,849.0,0.0,13568.0,29120,286336,29,29,29,116,0,704,0,0.9899418864550737,1.0,580480,586
edc_14q,training,d44b9c7e6edd3fccde41bd4bfdcc44672b642394461c26b9879aea9ea5645f73,cotengra_one_trial,20260915,False,4dpu_t8,False,collection_resource_admission_failed:dominant_work_wave_underfilled,45ed917a238bbd7dc235a30f6c4e5bc40a3773815ab470156ec8b1b7e3fcad31,929713ed5ca18f86b5e2b6438d4993cc853fe7c6d5f405e807d430f36db040d7,71584.0,35792.0,1024.0,16384.0,1512.0,10,28,315456.0,315968.0,143168.0,844.0,0.0,13568.0,29120,286336,29,28,28,112,0,704,28,0.9899418864550737,0.4788779615556549,580480,586
edc_14q,training,dbee3a978a5ec64a7a3a893965b5f9cf60d7345d814d56606681edac33d034e4,cotengra_one_trial,20260921,False,1dpu_t8,True,,9973923f042993dc98d99fb4dab9bc6d5d7f33a34810c30b94e5316afcdf03a9,02f3d6e31b6eeefd4422fa35d19ef5723837783a02505761df2777c8a1d1368e,71528.0,35764.0,1024.0,16384.0,1498.0,10,28,315008.0,315680.0,143056.0,849.0,0.0,13568.0,28896,286112,29,29,29,116,0,704,0,0.9918213846325914,1.0,580032,598
edc_14q,training,dbee3a978a5ec64a7a3a893965b5f9cf60d7345d814d56606681edac33d034e4,cotengra_one_trial,20260921,False,4dpu_t8,False,collection_resource_admission_failed:dominant_work_wave_underfilled,9973923f042993dc98d99fb4dab9bc6d5d7f33a34810c30b94e5316afcdf03a9,96efec5aa68222c81f9ea3b483a87a0988ece73c1b595bd3dea783ee9f2d9b8c,71528.0,35764.0,1024.0,16384.0,1498.0,10,28,315008.0,315680.0,143056.0,844.0,0.0,13568.0,28896,286112,29,28,28,112,0,704,28,0.9918213846325914,0.4790571524437982,580032,598
edc_14q,training,dd10879e8d92fd2f8069e56c7ee3b86ec2c57c9ddb1671626e41763c24ad3363,cotengra_one_trial,20260936,False,1dpu_t8,True,,01d9f621e46c05d1ca54fbb8ee77ad6970b09c357c8225a55c703df5d9551638,47b97b03c9bd84538402a6f6d6007ae70caca9132ab7f7cc538ad9ed3f6edd43,69432.0,34716.0,512.0,8192.0,974.0,9,28,297216.0,305568.0,138864.0,820.0,0.0,13568.0,19488,277728,28,28,28,112,0,680,0,0.9909407765871644,1.0,563264,586
edc_14q,training,dd10879e8d92fd2f8069e56c7ee3b86ec2c57c9ddb1671626e41763c24ad3363,cotengra_one_trial,20260936,False,4dpu_t8,False,collection_resource_admission_failed:dominant_work_wave_underfilled,01d9f621e46c05d1ca54fbb8ee77ad6970b09c357c8225a55c703df5d9551638,bfde37684c82b22aa5d681968bfeda4046611357fe1b3309c59d5a3159db475f,69432.0,34716.0,512.0,8192.0,974.0,9,28,297216.0,305568.0,138864.0,820.0,0.0,13568.0,19488,277728,28,28,28,112,0,680,28,0.9909407765871644,0.25,563264,586
edc_14q,training,e607a4288e39f9d9435d8177008019c1a086d7c64026b836445ddc47408b4f72,cotengra_one_trial,20260935,False,1dpu_t8,False,semantic_identity_expansion_exceeds_preregistered_bound,,,,,,,,,,,,,,,,,,,,,,,,,,,,
edc_14q,training,e607a4288e39f9d9435d8177008019c1a086d7c64026b836445ddc47408b4f72,cotengra_one_trial,20260935,False,4dpu_t8,False,semantic_identity_expansion_exceeds_preregistered_bound,,,,,,,,,,,,,,,,,,,,,,,,,,,,
edc_14q,training,e69682dc9a0b1532d746040e75251e71f0e83ba20fb7685e4c7b674431a82552,cotengra_one_trial,20260923,False,1dpu_t8,False,estimated_work_unit_count_exceeds_preregistered_bound,,,,,,,,,,,,,,,,,,,,,,,,,,,,
edc_14q,training,e69682dc9a0b1532d746040e75251e71f0e83ba20fb7685e4c7b674431a82552,cotengra_one_trial,20260923,False,4dpu_t8,False,estimated_work_unit_count_exceeds_preregistered_bound,,,,,,,,,,,,,,,,,,,,,,,,,,,,
edc_14q,training,ea7fddd288bbdcec2f56fcf75189e4f9402eea457186b8a75272befd8c36c01b,cotengra_one_trial,20260912,False,1dpu_t8,True,,361acc62596703e969278992f1e480cf15dcdb0e1aed8b576a88b6faed985bcd,2a91290334a89b93387ceee302d4e8ccc1da710c43e407d3b89b4679f7e42332,71272.0,35636.0,1024.0,16384.0,1434.0,10,28,312960.0,313120.0,142544.0,841.0,0.0,13568.0,27872,285088,29,29,29,116,0,696,0,0.9917920080817151,1.0,577984,586
edc_14q,training,ea7fddd288bbdcec2f56fcf75189e4f9402eea457186b8a75272befd8c36c01b,cotengra_one_trial,20260912,False,4dpu_t8,False,collection_resource_admission_failed:dominant_work_wave_underfilled,361acc62596703e969278992f1e480cf15dcdb0e1aed8b576a88b6faed985bcd,09777e987531e7696ef1733e08b1c01999967eab8fda04ef04828ea8836b4bad,71272.0,35636.0,1024.0,16384.0,1434.0,10,28,312960.0,313120.0,142544.0,836.0,0.0,13568.0,27872,285088,29,28,28,112,0,696,28,0.9917920080817151,0.4798798967336401,577984,586
edc_14q,training,ece71146c567f2cbe85cedede6f66ced3fea2c88396f91d6ad54d00dfe913902,cotengra_one_trial,20260929,False,1dpu_t8,True,,a49c63516957399f0d769e53197a4a6c2d6393c7f7b759658c5dbaddb0236aea,68222cead5579831609bd1563ca8dcd375b58b9945140cc186cc41c816a00115,590176.0,295088.0,32768.0,524288.0,131160.0,15,28,4480544.0,4552224.0,1180352.0,18698.0,0.0,13568.0,2119840,2360704,274,274,274,1096,0,17328,0,0.5690302553814456,1.0,4729216,131094
edc_14q,training,ece71146c567f2cbe85cedede6f66ced3fea2c88396f91d6ad54d00dfe913902,cotengra_one_trial,20260929,False,4dpu_t8,True,,a49c63516957399f0d769e53197a4a6c2d6393c7f7b759658c5dbaddb0236aea,a4ac53694ca7ce6389f6d2de6f63be719cc54a9746165e62879fd5f9c6157c81,590176.0,295088.0,32768.0,524288.0,131160.0,15,28,4480544.0,4552224.0,1180352.0,17748.0,0.0,13568.0,2119840,2360704,274,84,84,336,0,17328,21,0.5690302553814456,0.9822019194274251,4729216,131094
edc_14q,training,eed1803a51cd7b7568d47f2d9954d55e70160055b22ab04e71dd47537579bfc5,cotengra_one_trial,20260947,False,1dpu_t8,True,,18057b2105ec6a945c95fe355af27077a096dcbfd73b57baf099015636018377,3b8f9dc38a911d59198597f2dcb0048661967eab248aa2cf982656b8ba9d3bc1,71232.0,35616.0,512.0,8192.0,1424.0,9,28,311616.0,325952.0,142464.0,868.0,0.0,13568.0,26688,284928,28,28,28,112,0,728,0,0.991296046720575,1.0,577664,1308
edc_14q,training,eed1803a51cd7b7568d47f2d9954d55e70160055b22ab04e71dd47537579bfc5,cotengra_one_trial,20260947,False,4dpu_t8,False,collection_resource_admission_failed:dominant_work_wave_underfilled,18057b2105ec6a945c95fe355af27077a096dcbfd73b57baf099015636018377,63f4c3e093993f0ff6245b13b52214a7cc2e76f6ca3104cab8451540a7ad14a0,71232.0,35616.0,512.0,8192.0,1424.0,9,28,311616.0,325952.0,142464.0,868.0,0.0,13568.0,26688,284928,28,28,28,112,0,728,28,0.991296046720575,0.25,577664,1308
edc_14q,training,f76cff0cc2b2265869181940f2e39acf53cd25b664dfea61d7d8e8200d38f59a,cotengra_one_trial,20260937,False,1dpu_t8,False,estimated_work_unit_count_exceeds_preregistered_bound,,,,,,,,,,,,,,,,,,,,,,,,,,,,
edc_14q,training,f76cff0cc2b2265869181940f2e39acf53cd25b664dfea61d7d8e8200d38f59a,cotengra_one_trial,20260937,False,4dpu_t8,False,estimated_work_unit_count_exceeds_preregistered_bound,,,,,,,,,,,,,,,,,,,,,,,,,,,,
edc_14q,training,fad164d3d75001458847a732e33d459097dd3082d8b5892d913222bf49395eac,cotengra_one_trial,20260925,False,1dpu_t8,True,,3063aceea0d515309753c01c113d0bdb25b7d8d8bc1f497f9a36cc77a3b3ce3a,6a0e56489a28e6845d5177c6effafa270e427332d1c1acac59039870c7cafdf2,71560.0,35780.0,1024.0,16384.0,1506.0,10,28,315264.0,315424.0,143120.0,841.0,0.0,13568.0,29024,286240,29,29,29,116,0,696,0,0.9926076020122974,1.0,580288,578
edc_14q,training,fad164d3d75001458847a732e33d459097dd3082d8b5892d913222bf49395eac,cotengra_one_trial,20260925,False,4dpu_t8,False,collection_resource_admission_failed:dominant_work_wave_underfilled,3063aceea0d515309753c01c113d0bdb25b7d8d8bc1f497f9a36cc77a3b3ce3a,60accc5d02b8c5d61621b26c3351ae8c3b89c46884226d1b1009f91179d0516c,71560.0,35780.0,1024.0,16384.0,1506.0,10,28,315264.0,315424.0,143120.0,836.0,0.0,13568.0,29024,286240,29,28,28,112,0,696,28,0.9926076020122974,0.4789547233091112,580288,578
edc_14q,training,ff4e182633616fba0473ee93fea0eea55bf9e1c7d4f88329973efc009b0b92d7,cotengra_one_trial,20260908,False,1dpu_t8,True,,af4da137917753c8c24e1170fb664d2426334247e31b2bd82acd663c04183de5,0d5dbe0ce802c2e5fd5a1ec88535a2b880f4d1bc475f075b88f3c09ca7bb81a8,71360.0,35680.0,1024.0,16384.0,1456.0,10,28,313664.0,313664.0,142720.0,841.0,0.0,13568.0,28224,285440,29,29,29,116,0,696,0,0.9898262331838565,1.0,578688,338
edc_14q,training,ff4e182633616fba0473ee93fea0eea55bf9e1c7d4f88329973efc009b0b92d7,cotengra_one_trial,20260908,False,4dpu_t8,False,collection_resource_admission_failed:dominant_work_wave_underfilled,af4da137917753c8c24e1170fb664d2426334247e31b2bd82acd663c04183de5,5615155ba0a36dd76ac892b9735920b352b8988a26156dd242c90cc9d8b69034,71360.0,35680.0,1024.0,16384.0,1456.0,10,28,313664.0,313664.0,142720.0,836.0,0.0,13568.0,28224,285440,29,28,28,112,0,696,28,0.9898262331838565,0.4795964125560538,578688,338
ghz_chain_16q,validation,7a2d5b8bb4078c0cb1ba73bb3125b03f5e40c0fee62db67519e97a85cab23a5e,opt_einsum_greedy,,True,1dpu_t8,True,,f29fbd3a995a295bdaf82b63377f22f9ce65fb929323c2e1577c5033cd137f6a,d3969f1679ce1f395939c89e169a316cca5f9e26d5a73badd0a64413fad4d509,437784.0,218892.0,32768.0,524288.0,43910.0,15,31,2470784.0,2566112.0,875568.0,8016.0,0.0,13568.0,719648,1751136,112,112,112,448,0,7456,0,0.6989862580633371,1.0,3511104,1084
ghz_chain_16q,validation,7a2d5b8bb4078c0cb1ba73bb3125b03f5e40c0fee62db67519e97a85cab23a5e,opt_einsum_greedy,,True,4dpu_t8,True,,f29fbd3a995a295bdaf82b63377f22f9ce65fb929323c2e1577c5033cd137f6a,7bed57d35ef3a7e5c070238058c2e01532847cd5c961aaa4f914c45a8bfa716b,437784.0,218892.0,32768.0,524288.0,43910.0,15,31,2470784.0,2566112.0,875568.0,7701.0,0.0,13568.0,719648,1751136,112,49,49,196,0,7456,28,0.6989862580633371,0.9797845512855655,3511104,1084
ghz_chain_16q,validation,0278b1829cf66f46b339cb48ed525fa16522593e6a1b1ff93350c8c39eba3163,cotengra_one_trial,20260934,False,1dpu_t8,False,estimated_work_unit_count_exceeds_preregistered_bound,,,,,,,,,,,,,,,,,,,,,,,,,,,,
ghz_chain_16q,validation,0278b1829cf66f46b339cb48ed525fa16522593e6a1b1ff93350c8c39eba3163,cotengra_one_trial,20260934,False,4dpu_t8,False,estimated_work_unit_count_exceeds_preregistered_bound,,,,,,,,,,,,,,,,,,,,,,,,,,,,
ghz_chain_16q,validation,037498dbb80ddb16caa56f94268cfa3aa565f5ddd478a3f5ceb5962d45326de5,cotengra_one_trial,20260915,False,1dpu_t8,True,,6ddff49fae3ac367f02f4fadf49a33261a3661b88c148776d14345acfc7a65c5,dc104f8ccd6a25b26b30005726330af7ce840221fd4a3fb3641f74c10d68f045,281040.0,140520.0,4096.0,65536.0,4724.0,12,31,1211328.0,1213376.0,562080.0,1110.0,0.0,13568.0,87168,1124160,38,38,38,152,0,920,0,0.997516367776829,1.0,2257152,346
ghz_chain_16q,validation,037498dbb80ddb16caa56f94268cfa3aa565f5ddd478a3f5ceb5962d45326de5,cotengra_one_trial,20260915,False,4dpu_t8,True,,6ddff49fae3ac367f02f4fadf49a33261a3661b88c148776d14345acfc7a65c5,2e2e75dbbd1af14e8719097c2d737b018f6203b4779ffb169d67a02618412eb6,281040.0,140520.0,4096.0,65536.0,4724.0,12,31,1211328.0,1213376.0,562080.0,1080.0,0.0,13568.0,87168,1124160,38,32,32,128,0,920,30,0.997516367776829,0.9495730145175064,2257152,346
ghz_chain_16q,validation,0487dda463a3515227fc178df7a5c305d0e8cf917bb54715cdb3596982244f08,cotengra_one_trial,20260933,False,1dpu_t8,True,,c1c8240fb3520e4f04f17da01b7a0eb39d08e35bb8e9a8e26e28f5aa53192d3b,98eabb329953e5acdffb5ff36bdff56f6d3076626096826d1592a00c8fc50fe5,272792.0,136396.0,2048.0,32768.0,2662.0,11,31,1144320.0,1178112.0,545584.0,1026.0,0.0,13568.0,53152,1091168,34,34,34,136,0,856,0,0.9975915716003402,1.0,2191168,352
ghz_chain_16q,validation,0487dda463a3515227fc178df7a5c305d0e8cf917bb54715cdb3596982244f08,cotengra_one_trial,20260933,False,4dpu_t8,True,,c1c8240fb3520e4f04f17da01b7a0eb39d08e35bb8e9a8e26e28f5aa53192d3b,435a0c3935939b326d7883bfed0815ce66d29ece07f0bae22b5bcdc3889a4a93,272792.0,136396.0,2048.0,32768.0,2662.0,11,31,1144320.0,1178112.0,545584.0,1011.0,0.0,13568.0,53152,1091168,34,31,31,124,0,856,30,0.9975915716003402,0.9707249479456875,2191168,352
ghz_chain_16q,validation,05f6affc0484efb3780bdd383bbd0a25d43464598571ca51024fcba46a9ba608,cotengra_one_trial,20260912,False,1dpu_t8,True,,6dbf071c6d31f25c143dab9b52c87d5faa3cd097a7bed52d03256268e6945396,eb8acec6b8638acbc05c51201ab36688f970edc0b72c5e1489ed42dadcbf2fc1,272792.0,136396.0,2048.0,32768.0,2662.0,11,31,1144320.0,1177248.0,545584.0,1018.0,0.0,13568.0,53152,1091168,34,34,34,136,0,848,0,0.9976942139065662,1.0,2191168,374
ghz_chain_16q,validation,05f6affc0484efb3780bdd383bbd0a25d43464598571ca51024fcba46a9ba608,cotengra_one_trial,20260912,False,4dpu_t8,True,,6dbf071c6d31f25c143dab9b52c87d5faa3cd097a7bed52d03256268e6945396,d2a358ce1a9c4684634b602ee16e1a80aac1e49e12d9f89c6b92b80d2819cea7,272792.0,136396.0,2048.0,32768.0,2662.0,11,31,1144320.0,1177248.0,545584.0,1003.0,0.0,13568.0,53152,1091168,34,31,31,124,0,848,30,0.9976942139065662,0.9707249479456875,2191168,374
ghz_chain_16q,validation,08d6e905e93869e0942846df41abbdf1083c1fec9b132d7c91b41f6ae42a8b31,cotengra_one_trial,20260954,False,1dpu_t8,True,,da701ef8e079060827af7ade7677ccd0b77fc96738b2066b4bc8203e9eebc720,36868abb2bfb3065735142979f8afbb2cbadc82d4a40e58b5dcf43ae10579fd1,330944.0,165472.0,4096.0,65536.0,17200.0,12,31,1610208.0,1656224.0,661888.0,2976.0,0.0,13568.0,286432,1323776,48,48,48,192,0,2736,0,0.9342245213691742,1.0,2656384,270336
ghz_chain_16q,validation,08d6e905e93869e0942846df41abbdf1083c1fec9b132d7c91b41f6ae42a8b31,cotengra_one_trial,20260954,False,4dpu_t8,True,,da701ef8e079060827af7ade7677ccd0b77fc96738b2066b4bc8203e9eebc720,75c551c9cc0a357b09ec884baeaabc2c4fe8073f51e6132fbb73bfb4278722a3,330944.0,165472.0,4096.0,65536.0,17200.0,12,31,1610208.0,1656224.0,661888.0,2896.0,0.0,13568.0,286432,1323776,48,32,32,128,0,2736,28,0.9342245213691742,0.8889479791142912,2656384,270336
ghz_chain_16q,validation,0c408aaeac200f427929e8faaa640098f584414b106b003bd768ca5bbb5b0705,cotengra_one_trial,20260910,False,1dpu_t8,False,estimated_work_unit_count_exceeds_preregistered_bound,,,,,,,,,,,,,,,,,,,,,,,,,,,,
ghz_chain_16q,validation,0c408aaeac200f427929e8faaa640098f584414b106b003bd768ca5bbb5b0705,cotengra_one_trial,20260910,False,4dpu_t8,False,estimated_work_unit_count_exceeds_preregistered_bound,,,,,,,,,,,,,,,,,,,,,,,,,,,,
ghz_chain_16q,validation,0c6cf6c079f165919a6c53e657361284bb6f4fffe6a69c1ce4a2098385b8653b,cotengra_one_trial,20260932,False,1dpu_t8,True,,fde398cf5eceb559fc3859d72abdd5b332a74f26412ed745123a3ac50d619d08,7e122ad6e96a9344f18753ab2458c966baf5bcf324f0f9b24bdf6efe2826dbdf,273376.0,136688.0,2048.0,32768.0,2808.0,11,31,1148992.0,1182784.0,546752.0,1026.0,0.0,13568.0,55488,1093504,34,34,34,136,0,856,0,0.9975272152639588,1.0,2195840,394
ghz_chain_16q,validation,0c6cf6c079f165919a6c53e657361284bb6f4fffe6a69c1ce4a2098385b8653b,cotengra_one_trial,20260932,False,4dpu_t8,True,,fde398cf5eceb559fc3859d72abdd5b332a74f26412ed745123a3ac50d619d08,ab240e6c2f2f7b1a8b3d444254d6b1ed195704e389db41d5dac687c7c864fc90,273376.0,136688.0,2048.0,32768.0,2808.0,11,31,1148992.0,1182784.0,546752.0,1011.0,0.0,13568.0,55488,1093504,34,31,31,124,0,856,30,0.9975272152639588,0.9691852979047173,2195840,394
ghz_chain_16q,validation,0cf9cc6820482f5724c2b33c405a91d6fc54e9ecaa0a9a0258d87ff196f0e07b,cotengra_one_trial,20260951,False,1dpu_t8,True,,dbdaaba8efbb79f7adc53abfaa6d123af76b861caebc94909d4ab429a6e7579f,ca730c7d69ed5aa0952632bca574b02ea3d9d542b677d3fed7e982747eb77008,269208.0,134604.0,1024.0,16384.0,1766.0,10,31,1113600.0,1163264.0,538416.0,984.0,0.0,13568.0,36768,1076832,32,32,32,128,0,824,0,0.9973217734985588,1.0,2162496,228
ghz_chain_16q,validation,0cf9cc6820482f5724c2b33c405a91d6fc54e9ecaa0a9a0258d87ff196f0e07b,cotengra_one_trial,20260951,False,4dpu_t8,False,collection_resource_admission_failed:dominant_work_wave_underfilled,dbdaaba8efbb79f7adc53abfaa6d123af76b861caebc94909d4ab429a6e7579f,8a8c654167cf5165f5076296b03a4c7846cceb8a8052dbc6417954bf7becbbf8,269208.0,134604.0,1024.0,16384.0,1766.0,10,31,1113600.0,1163264.0,538416.0,979.0,0.0,13568.0,36768,1076832,32,31,31,124,0,824,31,0.9973217734985588,0.4934400166414074,2162496,228
ghz_chain_16q,validation,0dd666e28f3bbb94d9909210107f45a9a9f03018a4fe57971f92f0c2dd25caf0,cotengra_one_trial,20260952,False,1dpu_t8,True,,553b08a19d6896c8a8dfe0f62214e3dd39b8efa06cb48f69aef07b8efa7bae9d,f6156d9090b1e511ff005059d89dd4f3023ecb94ac19aad9ceb31a3978b0f84e,279424.0,139712.0,2048.0,32768.0,4320.0,11,31,1197376.0,1230496.0,558848.0,1082.0,0.0,13568.0,79680,1117696,34,34,34,136,0,912,0,0.9924415941365093,1.0,2244224,4644
ghz_chain_16q,validation,0dd666e28f3bbb94d9909210107f45a9a9f03018a4fe57971f92f0c2dd25caf0,cotengra_one_trial,20260952,False,4dpu_t8,True,,553b08a19d6896c8a8dfe0f62214e3dd39b8efa06cb48f69aef07b8efa7bae9d,2169bd1d5bbd249e4ea889fb08affb8febf3d25c8a0e3f0d36010d4c66186bd5,279424.0,139712.0,2048.0,32768.0,4320.0,11,31,1197376.0,1230496.0,558848.0,1067.0,0.0,13568.0,79680,1117696,34,31,31,124,0,912,30,0.9924415941365093,0.9536188731103985,2244224,4644
ghz_chain_16q,validation,180353881fe848432b92fe0dbdf29491be45e4ac854b654982d1909d5b83f584,cotengra_one_trial,20260907,False,1dpu_t8,False,semantic_identity_expansion_exceeds_preregistered_bound,,,,,,,,,,,,,,,,,,,,,,,,,,,,
ghz_chain_16q,validation,180353881fe848432b92fe0dbdf29491be45e4ac854b654982d1909d5b83f584,cotengra_one_trial,20260907,False,4dpu_t8,False,semantic_identity_expansion_exceeds_preregistered_bound,,,,,,,,,,,,,,,,,,,,,,,,,,,,
ghz_chain_16q,validation,1ad5a8961e7c856042711892b31c4bb6fdd6208b7e5852b49a254538ab8ec206,cotengra_one_trial,20260965,False,1dpu_t8,True,,d76250025e241e322791296c0c0b458949a0b00efbfd5ebcdd5f416dd6f3a22b,5f2110976b511d203ac4b2714f85e621151280f44690e892ba138ca322ef1772,281304.0,140652.0,4096.0,65536.0,4790.0,12,31,1213440.0,1213440.0,562608.0,1102.0,0.0,13568.0,88224,1125216,38,38,38,152,0,912,0,0.9975506924892643,1.0,2259264,244
ghz_chain_16q,validation,1ad5a8961e7c856042711892b31c4bb6fdd6208b7e5852b49a254538ab8ec206,cotengra_one_trial,20260965,False,4dpu_t8,True,,d76250025e241e322791296c0c0b458949a0b00efbfd5ebcdd5f416dd6f3a22b,325129400c819030d61e80d288bc1c1f8299d52f0950a74f2eea067e963775a7,281304.0,140652.0,4096.0,65536.0,4790.0,12,31,1213440.0,1213440.0,562608.0,1072.0,0.0,13568.0,88224,1125216,38,32,32,128,0,912,30,0.9975506924892643,0.9489164747035236,2259264,244
ghz_chain_16q,validation,1cf6b442b4b3eb6806ca4d51387feef1dc77b0532902dc3991165a4902af406b,cotengra_one_trial,20260929,False,1dpu_t8,False,estimated_work_unit_count_exceeds_preregistered_bound,,,,,,,,,,,,,,,,,,,,,,,,,,,,
ghz_chain_16q,validation,1cf6b442b4b3eb6806ca4d51387feef1dc77b0532902dc3991165a4902af406b,cotengra_one_trial,20260929,False,4dpu_t8,False,estimated_work_unit_count_exceeds_preregistered_bound,,,,,,,,,,,,,,,,,,,,,,,,,,,,
ghz_chain_16q,validation,22f6b4b72646e97f1f43a689eda61115f5102d35cde8642807773eb02ffac2b4,cotengra_one_trial,20260956,False,1dpu_t8,True,,c5785d39cb029e2faef8be71a10474eebd22f1ff1ad1815325baa5c527cc4707,2da5f5e204ba6cde87e78548560c32a2b1f7bff56241c790f43e57b412c4ab0f,315392.0,157696.0,8192.0,131072.0,13312.0,13,31,1487552.0,1488064.0,630784.0,1522.0,0.0,13568.0,225984,1261568,50,50,50,200,0,1272,0,0.994330864448052,1.0,2531968,65702
ghz_chain_16q,validation,22f6b4b72646e97f1f43a689eda61115f5102d35cde8642807773eb02ffac2b4,cotengra_one_trial,20260956,False,4dpu_t8,True,,c5785d39cb029e2faef8be71a10474eebd22f1ff1ad1815325baa5c527cc4707,444f74ef152857e5608c360e2bbb6fdfa5a46ecb7aa9401cb1b90a554ed45830,315392.0,157696.0,8192.0,131072.0,13312.0,13,31,1487552.0,1488064.0,630784.0,1442.0,0.0,13568.0,225984,1261568,50,34,34,136,0,1272,29,0.994330864448052,0.9577922077922078,2531968,65702
ghz_chain_16q,validation,27bb7bc11279e81ed338df46da32d7e5821d79f95b8f89ae63b50acf874537ba,cotengra_one_trial,20260961,False,1dpu_t8,False,estimated_work_unit_count_exceeds_preregistered_bound,,,,,,,,,,,,,,,,,,,,,,,,,,,,
ghz_chain_16q,validation,27bb7bc11279e81ed338df46da32d7e5821d79f95b8f89ae63b50acf874537ba,cotengra_one_trial,20260961,False,4dpu_t8,False,estimated_work_unit_count_exceeds_preregistered_bound,,,,,,,,,,,,,,,,,,,,,,,,,,,,
ghz_chain_16q,validation,2f242e8f08975fd2d7728771a59a4489ff41f84128ad641080824e46e25ec52c,cotengra_one_trial,20260948,False,1dpu_t8,False,estimated_work_unit_count_exceeds_preregistered_bound,,,,,,,,,,,,,,,,,,,,,,,,,,,,
ghz_chain_16q,validation,2f242e8f08975fd2d7728771a59a4489ff41f84128ad641080824e46e25ec52c,cotengra_one_trial,20260948,False,4dpu_t8,False,estimated_work_unit_count_exceeds_preregistered_bound,,,,,,,,,,,,,,,,,,,,,,,,,,,,
ghz_chain_16q,validation,3aae0429aaedaddc90eebb59f659ffc6efd60cc7678a0362ff8954558e7e6ae0,cotengra_one_trial,20260908,False,1dpu_t8,True,,3cbde7f1224ce4e6efc357cfbe932151631bfb0a1e7c5ea3779fd5c1930b6cac,35e297c55f756112a54534442ed685d55941e05d2d8198a2b61164d43c7c8979,269016.0,134508.0,1024.0,16384.0,1718.0,10,31,1112064.0,1161216.0,538032.0,976.0,0.0,13568.0,36000,1076064,32,32,32,128,0,816,0,0.9974388140482351,1.0,2160960,340
ghz_chain_16q,validation,3aae0429aaedaddc90eebb59f659ffc6efd60cc7678a0362ff8954558e7e6ae0,cotengra_one_trial,20260908,False,4dpu_t8,False,collection_resource_admission_failed:dominant_work_wave_underfilled,3cbde7f1224ce4e6efc357cfbe932151631bfb0a1e7c5ea3779fd5c1930b6cac,a90cf3f07291af108de51c29a6c773fde45245c7eaeb5758ddc5de6e67e96861,269016.0,134508.0,1024.0,16384.0,1718.0,10,31,1112064.0,1161216.0,538032.0,971.0,0.0,13568.0,36000,1076064,32,31,31,124,0,816,31,0.9974388140482351,0.493613762750171,2160960,340
ghz_chain_16q,validation,3c0b1eed7fb5c73fa9cdb8ba836fc60d42cb0d38797a6a302e3ac08932a11821,cotengra_one_trial,20260943,False,1dpu_t8,True,,de5dfad3d4a77f46abfbd98d2046964626971831e1314373c82bdc82a6e87d27,646fd028ecb22b5fbd9c7fcff176e0d1ec3b0c52e775122dcab1a48d3741056b,529920.0,264960.0,32768.0,524288.0,66944.0,15,31,3210560.0,3211232.0,1059840.0,4491.0,0.0,13568.0,1090880,2119680,151,151,151,604,0,3736,0,0.9945652173913043,1.0,4248192,524312
ghz_chain_16q,validation,3c0b1eed7fb5c73fa9cdb8ba836fc60d42cb0d38797a6a302e3ac08932a11821,cotengra_one_trial,20260943,False,4dpu_t8,True,,de5dfad3d4a77f46abfbd98d2046964626971831e1314373c82bdc82a6e87d27,44512273904ddd7e423d83930849b6b639b24ac3461632bc213fcf212f816ed1,529920.0,264960.0,32768.0,524288.0,66944.0,15,31,3210560.0,3211232.0,1059840.0,4021.0,0.0,13568.0,1090880,2119680,151,57,57,228,0,3736,26,0.9945652173913043,0.9727053140096619,4248192,524312
ghz_chain_16q,validation,4d43d7eec39c4a01d433934cc57445b3815461d478d9974a57c67529a26b08e9,cotengra_one_trial,20260905,False,1dpu_t8,True,,df453fdebb185e1416bc8ffa9188f104d1fbce0f83d1d39130baabad43648de4,1ef5aa5a0d3ebdbdd452b4801236df045f308832fdf7f3859e3193f9ca9e02d6,281264.0,140632.0,4096.0,65536.0,4780.0,12,31,1213120.0,1213120.0,562528.0,1102.0,0.0,13568.0,88064,1125056,38,38,38,152,0,912,0,0.9976036748392969,1.0,2258944,374
ghz_chain_16q,validation,4d43d7eec39c4a01d433934cc57445b3815461d478d9974a57c67529a26b08e9,cotengra_one_trial,20260905,False,4dpu_t8,True,,df453fdebb185e1416bc8ffa9188f104d1fbce0f83d1d39130baabad43648de4,fbbc03c0cb2b755a631840b9ee6a29a89a2370e721e9f7e9c8463103e262b834,281264.0,140632.0,4096.0,65536.0,4780.0,12,31,1213120.0,1213120.0,562528.0,1072.0,0.0,13568.0,88064,1125056,38,32,32,128,0,912,30,0.9976036748392969,0.9490158712099664,2258944,374
ghz_chain_16q,validation,4d4e33e7c950c21635c0df18c74ca191cd8ec8cb06abaa825f4c341b7cd56f0c,cotengra_one_trial,20260911,False,1dpu_t8,False,estimated_work_unit_count_exceeds_preregistered_bound,,,,,,,,,,,,,,,,,,,,,,,,,,,,
ghz_chain_16q,validation,4d4e33e7c950c21635c0df18c74ca191cd8ec8cb06abaa825f4c341b7cd56f0c,cotengra_one_trial,20260911,False,4dpu_t8,False,estimated_work_unit_count_exceeds_preregistered_bound,,,,,,,,,,,,,,,,,,,,,,,,,,,,
ghz_chain_16q,validation,4daa8d8d9b8ebfee00b75f00b7acffcb20de21f0c03fc5e41cd10487e624e063,cotengra_one_trial,20260922,False,1dpu_t8,False,estimated_work_unit_count_exceeds_preregistered_bound,,,,,,,,,,,,,,,,,,,,,,,,,,,,
ghz_chain_16q,validation,4daa8d8d9b8ebfee00b75f00b7acffcb20de21f0c03fc5e41cd10487e624e063,cotengra_one_trial,20260922,False,4dpu_t8,False,estimated_work_unit_count_exceeds_preregistered_bound,,,,,,,,,,,,,,,,,,,,,,,,,,,,
ghz_chain_16q,validation,563e5d94259281a4af952d47e8b1a40dc66d723fb5170cee653885b1debd6d04,cotengra_one_trial,20260958,False,1dpu_t8,False,estimated_work_unit_count_exceeds_preregistered_bound,,,,,,,,,,,,,,,,,,,,,,,,,,,,
ghz_chain_16q,validation,563e5d94259281a4af952d47e8b1a40dc66d723fb5170cee653885b1debd6d04,cotengra_one_trial,20260958,False,4dpu_t8,False,estimated_work_unit_count_exceeds_preregistered_bound,,,,,,,,,,,,,,,,,,,,,,,,,,,,
ghz_chain_16q,validation,5903ae338b5dc4fb86c4754a619b58a642542ba34cd4e317293ba917216779bc,cotengra_one_trial,20260920,False,1dpu_t8,True,,a4656d8a5e2b996d20e6b2b6297458fa48dc6ae01cd17b8e2d953d62dee1fe2a,f1a8b8de400a3ab3b40e486360016ea0721056a78af60d122dc3d54ec4f71d79,274304.0,137152.0,2048.0,32768.0,3040.0,11,31,1156416.0,1189184.0,548608.0,1018.0,0.0,13568.0,59200,1097216,34,34,34,136,0,848,0,0.9964419038730751,1.0,2203264,752
ghz_chain_16q,validation,5903ae338b5dc4fb86c4754a619b58a642542ba34cd4e317293ba917216779bc,cotengra_one_trial,20260920,False,4dpu_t8,True,,a4656d8a5e2b996d20e6b2b6297458fa48dc6ae01cd17b8e2d953d62dee1fe2a,1e71a66cc7c2cfa1efec335aa142e8eea753a74ac88cc148f361ecdfd9defff2,274304.0,137152.0,2048.0,32768.0,3040.0,11,31,1156416.0,1189184.0,548608.0,1003.0,0.0,13568.0,59200,1097216,34,31,31,124,0,848,30,0.9964419038730751,0.9667522165188988,2203264,752
ghz_chain_16q,validation,5927f2fb30d2260742e7f2eda8e48fa1fc373b7da91309c4c73118d0b69b5e01,cotengra_one_trial,20260921,False,1dpu_t8,True,,429ba549861491f800ac532bd082a90f04011353ac7d6150567d9efb5a6d2705,638e4a1d49afdc8a9f7377d59a25c04c8d7249a1c696837603aded03514d993e,267928.0,133964.0,512.0,8192.0,1446.0,9,31,1099264.0,1156768.0,535856.0,955.0,0.0,13568.0,27552,1071712,31,31,31,124,0,800,0,0.9976523543638589,1.0,2152256,598
ghz_chain_16q,validation,5927f2fb30d2260742e7f2eda8e48fa1fc373b7da91309c4c73118d0b69b5e01,cotengra_one_trial,20260921,False,4dpu_t8,False,collection_resource_admission_failed:dominant_work_wave_underfilled,429ba549861491f800ac532bd082a90f04011353ac7d6150567d9efb5a6d2705,14834497e41993419a503a1b54d9e8facf9ae4adaefd4e0de4bfb5c3716e3782,267928.0,133964.0,512.0,8192.0,1446.0,9,31,1099264.0,1156768.0,535856.0,955.0,0.0,13568.0,27552,1071712,31,31,31,124,0,800,31,0.9976523543638589,0.25,2152256,598
ghz_chain_16q,validation,5edd65d147d7fdd0128f8c64291f6f874c1aa3b644072f140bf7bc06a5ee2338,cotengra_one_trial,20260927,False,1dpu_t8,True,,f3ac742ebdc9f8d6f67713799c543793328fa2fccdd00858f1e5acff05b95e28,aaf2574a9473e4a0ffcd1c3d0bc4519ae99a4f9ce6819cc401c31cbce41348cd,269848.0,134924.0,1024.0,16384.0,1926.0,10,31,1118720.0,1168544.0,539696.0,984.0,0.0,13568.0,39328,1079392,32,32,32,128,0,824,0,0.997580119178204,1.0,2167616,450
ghz_chain_16q,validation,5edd65d147d7fdd0128f8c64291f6f874c1aa3b644072f140bf7bc06a5ee2338,cotengra_one_trial,20260927,False,4dpu_t8,False,collection_resource_admission_failed:dominant_work_wave_underfilled,f3ac742ebdc9f8d6f67713799c543793328fa2fccdd00858f1e5acff05b95e28,f8514da719975f4219e69499d6c18170b24b5eee3e005277ae0b80b92e9ee4f3,269848.0,134924.0,1024.0,16384.0,1926.0,10,31,1118720.0,1168544.0,539696.0,979.0,0.0,13568.0,39328,1079392,32,31,31,124,0,824,31,0.997580119178204,0.49286264860217605,2167616,450
ghz_chain_16q,validation,5f04573f0fdcff35b6b2ec32fdde6d27ff6574d64a1266342109f163e5a981a4,cotengra_one_trial,20260906,False,1dpu_t8,True,,5473eff7ff73886b1d9e6086631150ce25e0769a13688e2dcb8436ec2089db09,d0afe0fa03e87fbdb0b7757dbb4f5dc1035b1eb3138a301592759f44a8d7f7d5,268184.0,134092.0,512.0,8192.0,1510.0,9,31,1101312.0,1158656.0,536368.0,955.0,0.0,13568.0,28576,1072736,31,31,31,124,0,800,0,0.9973115472958864,1.0,2154304,244
ghz_chain_16q,validation,5f04573f0fdcff35b6b2ec32fdde6d27ff6574d64a1266342109f163e5a981a4,cotengra_one_trial,20260906,False,4dpu_t8,False,collection_resource_admission_failed:dominant_work_wave_underfilled,5473eff7ff73886b1d9e6086631150ce25e0769a13688e2dcb8436ec2089db09,b30e6331b4d7fd927ceb9322316748deb2fe8f602fe370fca9b0c1232c04439c,268184.0,134092.0,512.0,8192.0,1510.0,9,31,1101312.0,1158656.0,536368.0,955.0,0.0,13568.0,28576,1072736,31,31,31,124,0,800,31,0.9973115472958864,0.25,2154304,244
ghz_chain_16q,validation,6035eaccc3bec2c0e59a80b54da74f94e7cd540888ca7c9e0d6efb3398245282,cotengra_one_trial,20260959,False,1dpu_t8,False,estimated_work_unit_count_exceeds_preregistered_bound,,,,,,,,,,,,,,,,,,,,,,,,,,,,
ghz_chain_16q,validation,6035eaccc3bec2c0e59a80b54da74f94e7cd540888ca7c9e0d6efb3398245282,cotengra_one_trial,20260959,False,4dpu_t8,False,estimated_work_unit_count_exceeds_preregistered_bound,,,,,,,,,,,,,,,,,,,,,,,,,,,,
ghz_chain_16q,validation,678060c6c8cc9429e743a4326a116724b7aec1b4a56bd81dc4fc404f55b12975,cotengra_one_trial,20260917,False,1dpu_t8,False,estimated_work_unit_count_exceeds_preregistered_bound,,,,,,,,,,,,,,,,,,,,,,,,,,,,
ghz_chain_16q,validation,678060c6c8cc9429e743a4326a116724b7aec1b4a56bd81dc4fc404f55b12975,cotengra_one_trial,20260917,False,4dpu_t8,False,estimated_work_unit_count_exceeds_preregistered_bound,,,,,,,,,,,,,,,,,,,,,,,,,,,,
ghz_chain_16q,validation,6cdcbdc05dd4cefb05cf221a20ba61e716fb12f7a5d5db00a5cf98c161131298,cotengra_one_trial,20260938,False,1dpu_t8,True,,dfad659ccc51e33d8699697a5a57a5c2dfe7afc50cfaafae97412a76fe9c8313,173b242487b13e67ec56ed773022706dc89485e5060e7e6078671bb6f22055d9,275744.0,137872.0,2048.0,32768.0,3400.0,11,31,1167936.0,1200704.0,551488.0,1018.0,0.0,13568.0,64960,1102976,34,34,34,136,0,848,0,0.9958947429499826,1.0,2214784,2450
ghz_chain_16q,validation,6cdcbdc05dd4cefb05cf221a20ba61e716fb12f7a5d5db00a5cf98c161131298,cotengra_one_trial,20260938,False,4dpu_t8,True,,dfad659ccc51e33d8699697a5a57a5c2dfe7afc50cfaafae97412a76fe9c8313,d57dd05dccdd2fec4ffedb686db9635ec93ba067a502869a5c3c587943609d6a,275744.0,137872.0,2048.0,32768.0,3400.0,11,31,1167936.0,1200704.0,551488.0,1003.0,0.0,13568.0,64960,1102976,34,31,31,124,0,848,30,0.9958947429499826,0.9630091679238714,2214784,2450
ghz_chain_16q,validation,6fe148d784de17bf718796ac154d3b31540fd5d8d8cfcb5510dce6281d67787f,cotengra_one_trial,20260924,False,1dpu_t8,True,,ea7ff999ea2c36a13fa9a75d7ac243406014606508003db15317b9c88dfbc7a8,f22d33ce4f9e16def7980fd32a0e88cae09d259ac5385b41692d22c7860f3dfe,270496.0,135248.0,512.0,8192.0,2088.0,9,31,1119808.0,1177152.0,540992.0,955.0,0.0,13568.0,37824,1081984,31,31,31,124,0,800,0,0.9967910800899089,1.0,2172800,1578
ghz_chain_16q,validation,6fe148d784de17bf718796ac154d3b31540fd5d8d8cfcb5510dce6281d67787f,cotengra_one_trial,20260924,False,4dpu_t8,False,collection_resource_admission_failed:dominant_work_wave_underfilled,ea7ff999ea2c36a13fa9a75d7ac243406014606508003db15317b9c88dfbc7a8,d32b3d4cd7b139a8867a3a73ee3cadeee42aa94daf7bcc93ec56f1886d82fad8,270496.0,135248.0,512.0,8192.0,2088.0,9,31,1119808.0,1177152.0,540992.0,955.0,0.0,13568.0,37824,1081984,31,31,31,124,0,800,31,0.9967910800899089,0.25,2172800,1578
ghz_chain_16q,validation,77e3707ea98ac011b0dbf16ab0d7142809db2ec7d27927da8b22475df6312d4d,cotengra_one_trial,20260947,False,1dpu_t8,True,,b20139b37ca2db7a7dcfeb1b9b17b125fcf96dad3a38fcaca684ecb57197420c,261307c9afa69fe63539d006416c690b3799ea338aa884048a51952b7c76bbcf,273760.0,136880.0,2048.0,32768.0,2904.0,11,31,1152064.0,1184832.0,547520.0,1018.0,0.0,13568.0,57024,1095040,34,34,34,136,0,848,0,0.9971215663354763,1.0,2198912,640
ghz_chain_16q,validation,77e3707ea98ac011b0dbf16ab0d7142809db2ec7d27927da8b22475df6312d4d,cotengra_one_trial,20260947,False,4dpu_t8,True,,b20139b37ca2db7a7dcfeb1b9b17b125fcf96dad3a38fcaca684ecb57197420c,f8cb62ac0593ddb34c52174fc4d01f4a3750fcac8a67925d3edb62d6d4e5f607,273760.0,136880.0,2048.0,32768.0,2904.0,11,31,1152064.0,1184832.0,547520.0,1003.0,0.0,13568.0,57024,1095040,34,31,31,124,0,848,30,0.9971215663354763,0.968176504967855,2198912,640
ghz_chain_16q,validation,7dd22ac42713e733dce5b095dcfef002c322d7f18ac0f6b86c45a1d18f433c61,cotengra_one_trial,20260919,False,1dpu_t8,True,,c99d2da6d90e10f67bdcaa4d1ba575d36366cc841e37cd370897ea94c735cb22,0fe1c85265ae48829fe473c58e935e9e9577ec1b7344a3b7025adc99f587e58f,309440.0,154720.0,4096.0,65536.0,11824.0,12,31,1438080.0,1479520.0,618880.0,2273.0,0.0,13568.0,200320,1237760,45,45,45,180,0,2048,0,0.9571613236814891,1.0,2484352,33834
ghz_chain_16q,validation,7dd22ac42713e733dce5b095dcfef002c322d7f18ac0f6b86c45a1d18f433c61,cotengra_one_trial,20260919,False,4dpu_t8,True,,c99d2da6d90e10f67bdcaa4d1ba575d36366cc841e37cd370897ea94c735cb22,9117dee804da8fa86fe659d056600ab35a992600ba70855fefc0fefdaab5845e,309440.0,154720.0,4096.0,65536.0,11824.0,12,31,1438080.0,1479520.0,618880.0,2208.0,0.0,13568.0,200320,1237760,45,32,32,128,0,2048,28,0.9571613236814891,0.9283867631851086,2484352,33834
ghz_chain_16q,validation,7f88c505c8748593a077665df068b1ad08c7c9c5e2a0369e44a6fa3d0dd5249d,cotengra_one_trial,20260942,False,1dpu_t8,False,estimated_work_unit_count_exceeds_preregistered_bound,,,,,,,,,,,,,,,,,,,,,,,,,,,,
ghz_chain_16q,validation,7f88c505c8748593a077665df068b1ad08c7c9c5e2a0369e44a6fa3d0dd5249d,cotengra_one_trial,20260942,False,4dpu_t8,False,estimated_work_unit_count_exceeds_preregistered_bound,,,,,,,,,,,,,,,,,,,,,,,,,,,,
ghz_chain_16q,validation,857f2f1267f9cfd828f951e199ed14c9ce3eb496a94f11a2c4b3453c35a6858a,cotengra_one_trial,20260903,False,1dpu_t8,False,estimated_work_unit_count_exceeds_preregistered_bound,,,,,,,,,,,,,,,,,,,,,,,,,,,,
ghz_chain_16q,validation,857f2f1267f9cfd828f951e199ed14c9ce3eb496a94f11a2c4b3453c35a6858a,cotengra_one_trial,20260903,False,4dpu_t8,False,estimated_work_unit_count_exceeds_preregistered_bound,,,,,,,,,,,,,,,,,,,,,,,,,,,,
ghz_chain_16q,validation,8895652e9d8bae8f10241466543f7a10047a11b52b245c8d8d5dc67cc173e9b7,cotengra_one_trial,20260937,False,1dpu_t8,True,,453e3dcde9ff41ec0a12a298be7de741b7ea3f98aa40f2e5b856144bbf424609,ef04c99e3cce85f27f2bcd4839609a84efdc2816e8e385acebc7553b527a0bb6,316544.0,158272.0,2048.0,32768.0,13600.0,11,31,1488608.0,1555744.0,633088.0,2517.0,0.0,13568.0,222432,1266176,41,41,41,164,0,2312,0,0.9321168621107966,1.0,2541184,540668
ghz_chain_16q,validation,8895652e9d8bae8f10241466543f7a10047a11b52b245c8d8d5dc67cc173e9b7,cotengra_one_trial,20260937,False,4dpu_t8,False,collection_resource_admission_failed:dominant_work_wave_underfilled,453e3dcde9ff41ec0a12a298be7de741b7ea3f98aa40f2e5b856144bbf424609,28007160270767488e1d9bc05ad90acc55690ddea2ef04d4fa9e621e53e89ee4,316544.0,158272.0,2048.0,32768.0,13600.0,11,31,1488608.0,1555744.0,633088.0,2467.0,0.0,13568.0,222432,1266176,41,31,31,124,0,2312,29,0.9321168621107966,0.28558431055398303,2541184,540668
ghz_chain_16q,validation,9969342c93ae5ffc248a7d8a7084e8b7787d5855b5f9489a97b4128430889349,cotengra_one_trial,20260963,False,1dpu_t8,False,estimated_work_unit_count_exceeds_preregistered_bound,,,,,,,,,,,,,,,,,,,,,,,,,,,,
ghz_chain_16q,validation,9969342c93ae5ffc248a7d8a7084e8b7787d5855b5f9489a97b4128430889349,cotengra_one_trial,20260963,False,4dpu_t8,False,estimated_work_unit_count_exceeds_preregistered_bound,,,,,,,,,,,,,,,,,,,,,,,,,,,,
ghz_chain_16q,validation,9adda6c582ae73f93302491934ad04282e2e2c7a871235182394119e93b7fc30,cotengra_one_trial,20260914,False,1dpu_t8,True,,fe8ed08682eacdbaa30c676c7c54da6ee82ea4a2ade0408b34b1c38b573fcf47,aed2cf33215f67f45d5fcb638d6808da1feac3f558f5bb732cf8e575df90a5bc,268160.0,134080.0,512.0,8192.0,1504.0,9,31,1101120.0,1158464.0,536320.0,955.0,0.0,13568.0,28480,1072640,31,31,31,124,0,800,0,0.9975387828162291,1.0,2154112,358
ghz_chain_16q,validation,9adda6c582ae73f93302491934ad04282e2e2c7a871235182394119e93b7fc30,cotengra_one_trial,20260914,False,4dpu_t8,False,collection_resource_admission_failed:dominant_work_wave_underfilled,fe8ed08682eacdbaa30c676c7c54da6ee82ea4a2ade0408b34b1c38b573fcf47,8ab1926672b57b39fe22cdba399d9aba9a233751a6041e21aadf368d48a48f09,268160.0,134080.0,512.0,8192.0,1504.0,9,31,1101120.0,1158464.0,536320.0,955.0,0.0,13568.0,28480,1072640,31,31,31,124,0,800,31,0.9975387828162291,0.25,2154112,358
ghz_chain_16q,validation,9dc9b9b651a80c5d16889f1a8c5491ee9e41ee41749e56fb1ea7f778e3787bf8,cotengra_one_trial,20260918,False,1dpu_t8,False,estimated_work_unit_count_exceeds_preregistered_bound,,,,,,,,,,,,,,,,,,,,,,,,,,,,
ghz_chain_16q,validation,9dc9b9b651a80c5d16889f1a8c5491ee9e41ee41749e56fb1ea7f778e3787bf8,cotengra_one_trial,20260918,False,4dpu_t8,False,estimated_work_unit_count_exceeds_preregistered_bound,,,,,,,,,,,,,,,,,,,,,,,,,,,,
ghz_chain_16q,validation,afd48beecad0d69322d8cd01052bb665704a52e84a18f67afa8bfb5b28e059ad,cotengra_one_trial,20260935,False,1dpu_t8,False,estimated_work_unit_count_exceeds_preregistered_bound,,,,,,,,,,,,,,,,,,,,,,,,,,,,
ghz_chain_16q,validation,afd48beecad0d69322d8cd01052bb665704a52e84a18f67afa8bfb5b28e059ad,cotengra_one_trial,20260935,False,4dpu_t8,False,estimated_work_unit_count_exceeds_preregistered_bound,,,,,,,,,,,,,,,,,,,,,,,,,,,,
ghz_chain_16q,validation,b51c04ffee83915417bbace0c6f5a75202a13181d4f229609a3b88b34e1d952e,cotengra_one_trial,20260944,False,1dpu_t8,True,,dd570a0ad4cb1e97b85555f22da161e9ced7ec89f056220970574494953364be,b31133421288919cbb5c8d5a71996ef885827a4a9c439309b349726c473e8271,268184.0,134092.0,512.0,8192.0,1510.0,9,31,1101312.0,1158656.0,536368.0,955.0,0.0,13568.0,28576,1072736,31,31,31,124,0,800,0,0.9975501894221878,1.0,2154304,368
ghz_chain_16q,validation,b51c04ffee83915417bbace0c6f5a75202a13181d4f229609a3b88b34e1d952e,cotengra_one_trial,20260944,False,4dpu_t8,False,collection_resource_admission_failed:dominant_work_wave_underfilled,dd570a0ad4cb1e97b85555f22da161e9ced7ec89f056220970574494953364be,a48c78a28e50b4961a9e846a6fe36adfb7939fd8beb6d4d22dbb9c3bd90b1424,268184.0,134092.0,512.0,8192.0,1510.0,9,31,1101312.0,1158656.0,536368.0,955.0,0.0,13568.0,28576,1072736,31,31,31,124,0,800,31,0.9975501894221878,0.25,2154304,368
ghz_chain_16q,validation,b9c2e04c64888a5d7f088cc9ab5a6cdb2596aa92def77f64ad3c20a54946bed5,cotengra_one_trial,20260904,False,1dpu_t8,False,estimated_work_unit_count_exceeds_preregistered_bound,,,,,,,,,,,,,,,,,,,,,,,,,,,,
ghz_chain_16q,validation,b9c2e04c64888a5d7f088cc9ab5a6cdb2596aa92def77f64ad3c20a54946bed5,cotengra_one_trial,20260904,False,4dpu_t8,False,estimated_work_unit_count_exceeds_preregistered_bound,,,,,,,,,,,,,,,,,,,,,,,,,,,,
ghz_chain_16q,validation,c6f7d1c9652c6ca8e4be7ee12bd3a15938aee175f9096ba826ccd18496434ee6,cotengra_one_trial,20260957,False,1dpu_t8,True,,4f5025847aacc54bc19a581182102b643a53503d0226177558bbb7acbaff94b0,31b44a951736f5f4296a2c8c17e01efb20b2e05fce17479efe82e3774d9b8254,268952.0,134476.0,1024.0,16384.0,1702.0,10,31,1111552.0,1160704.0,537904.0,976.0,0.0,13568.0,35744,1075808,32,32,32,128,0,816,0,0.9975571849251911,1.0,2160448,344
ghz_chain_16q,validation,c6f7d1c9652c6ca8e4be7ee12bd3a15938aee175f9096ba826ccd18496434ee6,cotengra_one_trial,20260957,False,4dpu_t8,False,collection_resource_admission_failed:dominant_work_wave_underfilled,4f5025847aacc54bc19a581182102b643a53503d0226177558bbb7acbaff94b0,4a5531c6ff9a9ed8fe43490c6e565591c50a2115e6aa17cf756e05e5da18c0da,268952.0,134476.0,1024.0,16384.0,1702.0,10,31,1111552.0,1160704.0,537904.0,971.0,0.0,13568.0,35744,1075808,32,31,31,124,0,816,31,0.9975571849251911,0.4936717332460811,2160448,344
ghz_chain_16q,validation,c75576c9bfa050c7f63dfec6107b3e7b662bb8f32f0879f40d650e282cf0c9de,cotengra_one_trial,20260946,False,1dpu_t8,True,,562fa8d8edf7648010609455bd2593fe728b894b0c94d26a4a0bf13a2d44e3ce,67fb0aafec85022bc470a89b4e45742c730e8d6a5c37e5f6264299a9207ec382,313792.0,156896.0,8192.0,131072.0,12912.0,13,31,1474752.0,1474848.0,627584.0,1474.0,0.0,13568.0,219584,1255168,50,50,50,200,0,1224,0,0.9963032837038548,1.0,2519168,32936
ghz_chain_16q,validation,c75576c9bfa050c7f63dfec6107b3e7b662bb8f32f0879f40d650e282cf0c9de,cotengra_one_trial,20260946,False,4dpu_t8,True,,562fa8d8edf7648010609455bd2593fe728b894b0c94d26a4a0bf13a2d44e3ce,2965d278c4633d837b04a16ca33b577bdb82261c3ee28ef0fb0a1edfbe7dd858,313792.0,156896.0,8192.0,131072.0,12912.0,13,31,1474752.0,1474848.0,627584.0,1394.0,0.0,13568.0,219584,1255168,50,34,34,136,0,1224,29,0.9963032837038548,0.9614011829492147,2519168,32936
ghz_chain_16q,validation,c7a33ae3201d14cab9f58da4885cf10e7afb76095164755a7753a01d8dcdbfdf,cotengra_one_trial,20260916,False,1dpu_t8,False,estimated_work_unit_count_exceeds_preregistered_bound,,,,,,,,,,,,,,,,,,,,,,,,,,,,
ghz_chain_16q,validation,c7a33ae3201d14cab9f58da4885cf10e7afb76095164755a7753a01d8dcdbfdf,cotengra_one_trial,20260916,False,4dpu_t8,False,estimated_work_unit_count_exceeds_preregistered_bound,,,,,,,,,,,,,,,,,,,,,,,,,,,,
ghz_chain_16q,validation,c985da85b3c5d6aed9303f178d9885f1fcedc0198c1cf13433ea0c338eefc315,cotengra_one_trial,20260962,False,1dpu_t8,False,estimated_work_unit_count_exceeds_preregistered_bound,,,,,,,,,,,,,,,,,,,,,,,,,,,,
ghz_chain_16q,validation,c985da85b3c5d6aed9303f178d9885f1fcedc0198c1cf13433ea0c338eefc315,cotengra_one_trial,20260962,False,4dpu_t8,False,estimated_work_unit_count_exceeds_preregistered_bound,,,,,,,,,,,,,,,,,,,,,,,,,,,,
ghz_chain_16q,validation,ce23bb17645f2e5b43173aa8e75a42a07e0b089469a5e4d55f7994273b042260,cotengra_one_trial,20260939,False,1dpu_t8,False,estimated_work_unit_count_exceeds_preregistered_bound,,,,,,,,,,,,,,,,,,,,,,,,,,,,
ghz_chain_16q,validation,ce23bb17645f2e5b43173aa8e75a42a07e0b089469a5e4d55f7994273b042260,cotengra_one_trial,20260939,False,4dpu_t8,False,estimated_work_unit_count_exceeds_preregistered_bound,,,,,,,,,,,,,,,,,,,,,,,,,,,,
ghz_chain_16q,validation,d179add44861bffdd1bdd413000b6449d4e4de80cdb022219dab20e71ed84536,cotengra_one_trial,20260964,False,1dpu_t8,False,estimated_work_unit_count_exceeds_preregistered_bound,,,,,,,,,,,,,,,,,,,,,,,,,,,,
ghz_chain_16q,validation,d179add44861bffdd1bdd413000b6449d4e4de80cdb022219dab20e71ed84536,cotengra_one_trial,20260964,False,4dpu_t8,False,estimated_work_unit_count_exceeds_preregistered_bound,,,,,,,,,,,,,,,,,,,,,,,,,,,,
ghz_chain_16q,validation,d1c6fa07fe9e422577f3369cd96a5523054376156dc5b447ae86d8c06523f138,cotengra_one_trial,20260940,False,1dpu_t8,True,,dec214c90bf498eecb087ac92229a52aa90bd3c355fd33f7d151e6b13ef517e2,3e43e39992da7bc391e9e0d992812ac121b11ef318c262ef5ad24081410ee5d0,269208.0,134604.0,1024.0,16384.0,1766.0,10,31,1113600.0,1170944.0,538416.0,1040.0,0.0,13568.0,36768,1076832,32,32,32,128,0,880,0,0.9975595078898101,1.0,2162496,368
ghz_chain_16q,validation,d1c6fa07fe9e422577f3369cd96a5523054376156dc5b447ae86d8c06523f138,cotengra_one_trial,20260940,False,4dpu_t8,False,collection_resource_admission_failed:dominant_work_wave_underfilled,dec214c90bf498eecb087ac92229a52aa90bd3c355fd33f7d151e6b13ef517e2,2122d3102204e6368ee7acd83f9e08d3c0ccf195ebdeba54b6221c4d62fe1e39,269208.0,134604.0,1024.0,16384.0,1766.0,10,31,1113600.0,1170944.0,538416.0,1035.0,0.0,13568.0,36768,1076832,32,31,31,124,0,880,31,0.9975595078898101,0.4934400166414074,2162496,368
ghz_chain_16q,validation,d2c73000ba9aa703e54c96bd53c85021df4f2ddd1e7f88d535498c5b9c9f9057,cotengra_one_trial,20260945,False,1dpu_t8,True,,3be697de12901fa0d9ee95da22e08ea833362ff8e33688656b791ccba0ad8b97,df3e86b27bf0eb15fbaf92894f221285f5201f500de9beaecbce405a13af76cc,282816.0,141408.0,2048.0,32768.0,5168.0,11,31,1222560.0,1282624.0,565632.0,1415.0,0.0,13568.0,91296,1131264,35,35,35,140,0,1240,0,0.9828863996379271,1.0,2271360,3152
ghz_chain_16q,validation,d2c73000ba9aa703e54c96bd53c85021df4f2ddd1e7f88d535498c5b9c9f9057,cotengra_one_trial,20260945,False,4dpu_t8,False,collection_resource_admission_failed:dominant_work_wave_underfilled,3be697de12901fa0d9ee95da22e08ea833362ff8e33688656b791ccba0ad8b97,01a40402edfc010e9fdfe46e38d99a67e9b2a4c73a3c814b4b5468ea26d7d223,282816.0,141408.0,2048.0,32768.0,5168.0,11,31,1222560.0,1282624.0,565632.0,1395.0,0.0,13568.0,91296,1131264,35,31,31,124,0,1240,30,0.9828863996379271,0.4925888210002263,2271360,3152
ghz_chain_16q,validation,d66e42ace695a9a89605fc5875cf49621bacd055b2246e401e092ee847e52f0a,cotengra_one_trial,20260925,False,1dpu_t8,True,,0061477a9da20db5bafdbceaae715831b673a02443dbcd68be9b0047646b5736,915c6b407c20cb543f68695fd755f7500d2670d9163273210d80e2622330e641,273304.0,136652.0,2048.0,32768.0,2790.0,11,31,1148416.0,1181344.0,546608.0,1018.0,0.0,13568.0,55200,1093216,34,34,34,136,0,848,0,0.9974643620290958,1.0,2195264,370
ghz_chain_16q,validation,d66e42ace695a9a89605fc5875cf49621bacd055b2246e401e092ee847e52f0a,cotengra_one_trial,20260925,False,4dpu_t8,True,,0061477a9da20db5bafdbceaae715831b673a02443dbcd68be9b0047646b5736,161e8fb91fbe2ae22255e0ef2bec988a5bc914055c5b26c8b0b33562df82b769,273304.0,136652.0,2048.0,32768.0,2790.0,11,31,1148416.0,1181344.0,546608.0,1003.0,0.0,13568.0,55200,1093216,34,31,31,124,0,848,30,0.9974643620290958,0.9693747621695987,2195264,370
ghz_chain_16q,validation,d7f35a1fe5e81c89aa33de8ca312dd0b93ed545a68db41c18ba4fd34ff69710d,cotengra_one_trial,20260913,False,1dpu_t8,False,estimated_work_unit_count_exceeds_preregistered_bound,,,,,,,,,,,,,,,,,,,,,,,,,,,,
ghz_chain_16q,validation,d7f35a1fe5e81c89aa33de8ca312dd0b93ed545a68db41c18ba4fd34ff69710d,cotengra_one_trial,20260913,False,4dpu_t8,False,estimated_work_unit_count_exceeds_preregistered_bound,,,,,,,,,,,,,,,,,,,,,,,,,,,,
ghz_chain_16q,validation,de33695c273f78632f14d1a0cb42e03b1b4a3d6f58e75eaea41b1b06c8cfbe95,cotengra_one_trial,20260909,False,1dpu_t8,False,estimated_work_unit_count_exceeds_preregistered_bound,,,,,,,,,,,,,,,,,,,,,,,,,,,,
ghz_chain_16q,validation,de33695c273f78632f14d1a0cb42e03b1b4a3d6f58e75eaea41b1b06c8cfbe95,cotengra_one_trial,20260909,False,4dpu_t8,False,estimated_work_unit_count_exceeds_preregistered_bound,,,,,,,,,,,,,,,,,,,,,,,,,,,,
ghz_chain_16q,validation,df7d94f3711b31dc2a1bbb5b37015187e5d76a55529d724bf049c4f0bd65bdf8,cotengra_one_trial,20260930,False,1dpu_t8,False,estimated_work_unit_count_exceeds_preregistered_bound,,,,,,,,,,,,,,,,,,,,,,,,,,,,
ghz_chain_16q,validation,df7d94f3711b31dc2a1bbb5b37015187e5d76a55529d724bf049c4f0bd65bdf8,cotengra_one_trial,20260930,False,4dpu_t8,False,estimated_work_unit_count_exceeds_preregistered_bound,,,,,,,,,,,,,,,,,,,,,,,,,,,,
ghz_chain_16q,validation,e3d798293f95ec915119818a2cecbe593e9e292fc4d12e875a9dbb4ebde19e1a,cotengra_one_trial,20260936,False,1dpu_t8,True,,fcc485064fa2ada0b878218472527d0705f0fed13dfac95bd3aa0aacab1efd18,3a682384ea900a2cb244e3ce717cf2530a31edb63791cfc43d5b957b9be656dc,272792.0,136396.0,2048.0,32768.0,2662.0,11,31,1144320.0,1178272.0,545584.0,1026.0,0.0,13568.0,53152,1091168,34,34,34,136,0,856,0,0.9976942139065662,1.0,2191168,606
ghz_chain_16q,validation,e3d798293f95ec915119818a2cecbe593e9e292fc4d12e875a9dbb4ebde19e1a,cotengra_one_trial,20260936,False,4dpu_t8,True,,fcc485064fa2ada0b878218472527d0705f0fed13dfac95bd3aa0aacab1efd18,b157db00ae392492797d5d9b08e3c5edbbf9ca5d8471ac24e17c033f86d33f5d,272792.0,136396.0,2048.0,32768.0,2662.0,11,31,1144320.0,1178272.0,545584.0,1011.0,0.0,13568.0,53152,1091168,34,31,31,124,0,856,30,0.9976942139065662,0.9707249479456875,2191168,606
ghz_chain_16q,validation,e43289f4c3da5c3ac98ddec88b0b0776fdffdcf499d901b0e2ee04ecac051a57,cotengra_one_trial,20260923,False,1dpu_t8,False,estimated_work_unit_count_exceeds_preregistered_bound,,,,,,,,,,,,,,,,,,,,,,,,,,,,
ghz_chain_16q,validation,e43289f4c3da5c3ac98ddec88b0b0776fdffdcf499d901b0e2ee04ecac051a57,cotengra_one_trial,20260923,False,4dpu_t8,False,estimated_work_unit_count_exceeds_preregistered_bound,,,,,,,,,,,,,,,,,,,,,,,,,,,,
ghz_chain_16q,validation,e5630326dec7fb18811c512a6a09ce3ae0d6ae53e4e0997b2ec85fe5ede8a804,cotengra_one_trial,20260902,False,1dpu_t8,False,estimated_work_unit_count_exceeds_preregistered_bound,,,,,,,,,,,,,,,,,,,,,,,,,,,,
ghz_chain_16q,validation,e5630326dec7fb18811c512a6a09ce3ae0d6ae53e4e0997b2ec85fe5ede8a804,cotengra_one_trial,20260902,False,4dpu_t8,False,estimated_work_unit_count_exceeds_preregistered_bound,,,,,,,,,,,,,,,,,,,,,,,,,,,,
ghz_chain_16q,validation,e60455d9ca3e0375de3852a6dcb7e762eb41cc94a4e939e9ff4f1f4333711b05,cotengra_one_trial,20260950,False,1dpu_t8,False,estimated_work_unit_count_exceeds_preregistered_bound,,,,,,,,,,,,,,,,,,,,,,,,,,,,
ghz_chain_16q,validation,e60455d9ca3e0375de3852a6dcb7e762eb41cc94a4e939e9ff4f1f4333711b05,cotengra_one_trial,20260950,False,4dpu_t8,False,estimated_work_unit_count_exceeds_preregistered_bound,,,,,,,,,,,,,,,,,,,,,,,,,,,,
ghz_chain_16q,validation,eaab45b7be61801b86942c6f19f80543a35a314f050814d43ab84d4a0b05943c,cotengra_one_trial,20260926,False,1dpu_t8,False,estimated_work_unit_count_exceeds_preregistered_bound,,,,,,,,,,,,,,,,,,,,,,,,,,,,
ghz_chain_16q,validation,eaab45b7be61801b86942c6f19f80543a35a314f050814d43ab84d4a0b05943c,cotengra_one_trial,20260926,False,4dpu_t8,False,estimated_work_unit_count_exceeds_preregistered_bound,,,,,,,,,,,,,,,,,,,,,,,,,,,,
ghz_chain_16q,validation,eb23371663b799943cd88131444a248dde4aa1981c2c84f6bea7727e3d63ed04,cotengra_one_trial,20260949,False,1dpu_t8,False,estimated_work_unit_count_exceeds_preregistered_bound,,,,,,,,,,,,,,,,,,,,,,,,,,,,
ghz_chain_16q,validation,eb23371663b799943cd88131444a248dde4aa1981c2c84f6bea7727e3d63ed04,cotengra_one_trial,20260949,False,4dpu_t8,False,estimated_work_unit_count_exceeds_preregistered_bound,,,,,,,,,,,,,,,,,,,,,,,,,,,,
ghz_chain_16q,validation,ee9b547f4d4eccd9f9d2060b33e17a3ce5df12b0c194781f8b8662eea510062e,cotengra_one_trial,20260931,False,1dpu_t8,True,,046f690892530d39a142dae5be2b53d09200c2e586b5620e50f59f7101d9d653,af1013e8a32039843e6d7805e7cb50802df8c89c62642a497268123d5f411624,268184.0,134092.0,512.0,8192.0,1510.0,9,31,1101312.0,1158816.0,536368.0,955.0,0.0,13568.0,28576,1072736,31,31,31,124,0,800,0,0.9974159532261433,1.0,2154304,370
ghz_chain_16q,validation,ee9b547f4d4eccd9f9d2060b33e17a3ce5df12b0c194781f8b8662eea510062e,cotengra_one_trial,20260931,False,4dpu_t8,False,collection_resource_admission_failed:dominant_work_wave_underfilled,046f690892530d39a142dae5be2b53d09200c2e586b5620e50f59f7101d9d653,03dd5a00b296434ad1e8bc239670290fe13a9220e72e5483ba1e59623297572a,268184.0,134092.0,512.0,8192.0,1510.0,9,31,1101312.0,1158816.0,536368.0,955.0,0.0,13568.0,28576,1072736,31,31,31,124,0,800,31,0.9974159532261433,0.25,2154304,370
ghz_chain_16q,validation,ef3124434830216dd023eddfdef4388f42ba02f550e51e35d92b84e8f218cbed,cotengra_one_trial,20260960,False,1dpu_t8,False,estimated_work_unit_count_exceeds_preregistered_bound,,,,,,,,,,,,,,,,,,,,,,,,,,,,
ghz_chain_16q,validation,ef3124434830216dd023eddfdef4388f42ba02f550e51e35d92b84e8f218cbed,cotengra_one_trial,20260960,False,4dpu_t8,False,estimated_work_unit_count_exceeds_preregistered_bound,,,,,,,,,,,,,,,,,,,,,,,,,,,,
ghz_chain_16q,validation,f129141f9f7e8497b24c9e532804fdad8f5b94dc4bad17c3353feacc771d2de6,cotengra_one_trial,20260953,False,1dpu_t8,False,estimated_work_unit_count_exceeds_preregistered_bound,,,,,,,,,,,,,,,,,,,,,,,,,,,,
ghz_chain_16q,validation,f129141f9f7e8497b24c9e532804fdad8f5b94dc4bad17c3353feacc771d2de6,cotengra_one_trial,20260953,False,4dpu_t8,False,estimated_work_unit_count_exceeds_preregistered_bound,,,,,,,,,,,,,,,,,,,,,,,,,,,,
ghz_chain_16q,validation,f6d7dbc9df7912aa985f9b2d886b8864c7b1d7c31cd7c45c00c935885f89d2bc,cotengra_one_trial,20260928,False,1dpu_t8,True,,6ab31f0b8df6cd64aa332d54b9ce730682059b8e26377665592a173d42998d4d,01744d92941a74ad46a5af6846e8e9f2e375321091509681761a42da10fcd6bc,272792.0,136396.0,2048.0,32768.0,2662.0,11,31,1144320.0,1177248.0,545584.0,1018.0,0.0,13568.0,53152,1091168,34,34,34,136,0,848,0,0.9974596029209067,1.0,2191168,370
ghz_chain_16q,validation,f6d7dbc9df7912aa985f9b2d886b8864c7b1d7c31cd7c45c00c935885f89d2bc,cotengra_one_trial,20260928,False,4dpu_t8,True,,6ab31f0b8df6cd64aa332d54b9ce730682059b8e26377665592a173d42998d4d,d4e0b89ac1a53bb8e8cb87689624e20097361b3edb4239c18ef5f027dfe37a47,272792.0,136396.0,2048.0,32768.0,2662.0,11,31,1144320.0,1177248.0,545584.0,1003.0,0.0,13568.0,53152,1091168,34,31,31,124,0,848,30,0.9974596029209067,0.9707249479456875,2191168,370
ghz_chain_16q,validation,f9a7a22bd103accbf46977283efe34730a3d2c92633e0ab30f1a671594db793e,cotengra_one_trial,20260941,False,1dpu_t8,False,estimated_work_unit_count_exceeds_preregistered_bound,,,,,,,,,,,,,,,,,,,,,,,,,,,,
ghz_chain_16q,validation,f9a7a22bd103accbf46977283efe34730a3d2c92633e0ab30f1a671594db793e,cotengra_one_trial,20260941,False,4dpu_t8,False,estimated_work_unit_count_exceeds_preregistered_bound,,,,,,,,,,,,,,,,,,,,,,,,,,,,
ghz_chain_16q,validation,fd901c1d49b6828be0b1ad6ee567cd1d2d0e61c4d0d6f3cc07ef9fb41fb0a27b,cotengra_one_trial,20260955,False,1dpu_t8,False,estimated_work_unit_count_exceeds_preregistered_bound,,,,,,,,,,,,,,,,,,,,,,,,,,,,
ghz_chain_16q,validation,fd901c1d49b6828be0b1ad6ee567cd1d2d0e61c4d0d6f3cc07ef9fb41fb0a27b,cotengra_one_trial,20260955,False,4dpu_t8,False,estimated_work_unit_count_exceeds_preregistered_bound,,,,,,,,,,,,,,,,,,,,,,,,,,,,
ghz_chain_14q,test,3a6ccc74670b3c1c8340cb283ec81ee1ae90bbd39ef1b2e442d72b9e38205574,opt_einsum_greedy,,True,1dpu_t8,True,,3dea6893437deb9dce7e12f91395c5812a5e8b97740b75ff70fd45ce907f7b35,fa4e7242ea8301b89632dc45b393330ba875d3593964298eccba1349415ca6e3,109976.0,54988.0,8192.0,131072.0,11110.0,13,27,624192.0,647840.0,219952.0,2489.0,0.0,13568.0,184288,439904,45,45,45,180,0,2264,0,0.6964155815814359,1.0,887488,564
ghz_chain_14q,test,3a6ccc74670b3c1c8340cb283ec81ee1ae90bbd39ef1b2e442d72b9e38205574,opt_einsum_greedy,,True,4dpu_t8,True,,3dea6893437deb9dce7e12f91395c5812a5e8b97740b75ff70fd45ce907f7b35,ec59a86b452809fd87c9269a77502d4f1dd0f2dd142583601735a9d61cc97ffe,109976.0,54988.0,8192.0,131072.0,11110.0,13,27,624192.0,647840.0,219952.0,2414.0,0.0,13568.0,184288,439904,45,30,30,120,0,2264,25,0.6964155815814359,0.9204008147232123,887488,564
ghz_chain_14q,test,07b675f19393ae454caf16eb768d4ba230dcc2a1920543473d434753eb5d7b3b,cotengra_one_trial,20260927,False,1dpu_t8,True,,b4da0a48b25cad1cc4dece0db5016ca560f537a87448b5c0cc775e0b56b04d67,b60ecde2eb9d112fec7f5135a9e8a850f8eeb16b479138dbad9cbdf67d8666a3,71992.0,35996.0,1024.0,16384.0,1614.0,10,27,318656.0,319328.0,143984.0,820.0,0.0,13568.0,30688,287968,28,28,28,112,0,680,0,0.9911517946438493,1.0,583616,372
ghz_chain_14q,test,07b675f19393ae454caf16eb768d4ba230dcc2a1920543473d434753eb5d7b3b,cotengra_one_trial,20260927,False,4dpu_t8,False,collection_resource_admission_failed:dominant_work_wave_underfilled,b4da0a48b25cad1cc4dece0db5016ca560f537a87448b5c0cc775e0b56b04d67,9e132c1ec0ed553b6c5c11340cea9ec98f68f2791ea38fe73b8608a4bd6c32fe,71992.0,35996.0,1024.0,16384.0,1614.0,10,27,318656.0,319328.0,143984.0,815.0,0.0,13568.0,30688,287968,28,27,27,108,0,680,27,0.9911517946438493,0.4775808423158129,583616,372
ghz_chain_14q,test,09a343993268fa034a5c942b93b428428405a2e88f7df483e8e5b9363128f892,cotengra_one_trial,20260916,False,1dpu_t8,False,semantic_identity_expansion_exceeds_preregistered_bound,,,,,,,,,,,,,,,,,,,,,,,,,,,,
ghz_chain_14q,test,09a343993268fa034a5c942b93b428428405a2e88f7df483e8e5b9363128f892,cotengra_one_trial,20260916,False,4dpu_t8,False,semantic_identity_expansion_exceeds_preregistered_bound,,,,,,,,,,,,,,,,,,,,,,,,,,,,
ghz_chain_14q,test,0a7e11219bea91fd7fee44750eb5106bb65c164d911ad58d7b8cc673e310c6a7,cotengra_one_trial,20260922,False,1dpu_t8,False,estimated_work_unit_count_exceeds_preregistered_bound,,,,,,,,,,,,,,,,,,,,,,,,,,,,
ghz_chain_14q,test,0a7e11219bea91fd7fee44750eb5106bb65c164d911ad58d7b8cc673e310c6a7,cotengra_one_trial,20260922,False,4dpu_t8,False,estimated_work_unit_count_exceeds_preregistered_bound,,,,,,,,,,,,,,,,,,,,,,,,,,,,
ghz_chain_14q,test,0fffef7b6267485f2542057fb723ed22eaa084370ce60c85ce63bf5c0eb0f291,cotengra_one_trial,20260935,False,1dpu_t8,False,estimated_work_unit_count_exceeds_preregistered_bound,,,,,,,,,,,,,,,,,,,,,,,,,,,,
ghz_chain_14q,test,0fffef7b6267485f2542057fb723ed22eaa084370ce60c85ce63bf5c0eb0f291,cotengra_one_trial,20260935,False,4dpu_t8,False,estimated_work_unit_count_exceeds_preregistered_bound,,,,,,,,,,,,,,,,,,,,,,,,,,,,
ghz_chain_14q,test,153c23919eb0d1e7270022ce120a082dd849cf4571adfb84d6fcfa74108a0a39,cotengra_one_trial,20260905,False,1dpu_t8,True,,e18c065e8fe0ccf5129ebdc978209a9cc3d1bc460fe21c02df763e9e272f22db,a5a1c11c5c5bfef07c78fa1b6f1b12d73306d775d5255c4455a40e396733a098,68896.0,34448.0,256.0,4096.0,840.0,8,27,292864.0,305152.0,137792.0,807.0,0.0,13568.0,17280,275584,27,27,27,108,0,672,0,0.990710636321412,1.0,558848,334
ghz_chain_14q,test,153c23919eb0d1e7270022ce120a082dd849cf4571adfb84d6fcfa74108a0a39,cotengra_one_trial,20260905,False,4dpu_t8,False,collection_resource_admission_failed:dominant_work_wave_underfilled,e18c065e8fe0ccf5129ebdc978209a9cc3d1bc460fe21c02df763e9e272f22db,15422c8a5be662436dc2240cbde5c31161c6418ca255095ad81a7488e30bbd66,68896.0,34448.0,256.0,4096.0,840.0,8,27,292864.0,305152.0,137792.0,807.0,0.0,13568.0,17280,275584,27,27,27,108,0,672,27,0.990710636321412,0.25,558848,334
ghz_chain_14q,test,1aa754d50f586bc62cc05a171821d2dacfe91b49c9a109be67806f39258ed7d8,cotengra_one_trial,20260925,False,1dpu_t8,True,,a95c88b224789dc6d5169e14254fb0c0c7d28936513d8b1a07af5f1e1c813a33,112b47dae90417b1b31a986dfacc66907a2225b2dc558b681a75e1bcd2857dbc,71512.0,35756.0,1024.0,16384.0,1494.0,10,27,314816.0,314976.0,143024.0,812.0,0.0,13568.0,28768,286048,28,28,28,112,0,672,0,0.9910924040720438,1.0,579776,238
ghz_chain_14q,test,1aa754d50f586bc62cc05a171821d2dacfe91b49c9a109be67806f39258ed7d8,cotengra_one_trial,20260925,False,4dpu_t8,False,collection_resource_admission_failed:dominant_work_wave_underfilled,a95c88b224789dc6d5169e14254fb0c0c7d28936513d8b1a07af5f1e1c813a33,c23334917d949f3e96a9e10f26cf5068d86027dbe9a0d0326a4ab589ecb67375,71512.0,35756.0,1024.0,16384.0,1494.0,10,27,314816.0,314976.0,143024.0,807.0,0.0,13568.0,28768,286048,28,27,27,108,0,672,27,0.9910924040720438,0.47910840138717975,579776,238
ghz_chain_14q,test,1ae2132f98e1e34afed99fa19530965c233090cdf96c95cf8947c4e327e6d4e6,cotengra_one_trial,20260940,False,1dpu_t8,True,,1a9eec3ac6b534920ae484fc718a0c3cb17b03261c502a49a127f3074ff2be6f,1e48160b91b591c9b2100f1d63b5fd13d1d2ba66e8e8d220238df060aa730906,71320.0,35660.0,1024.0,16384.0,1446.0,10,27,313280.0,313280.0,142640.0,812.0,0.0,13568.0,28000,285280,28,28,28,112,0,672,0,0.9902271452607964,1.0,578240,148
ghz_chain_14q,test,1ae2132f98e1e34afed99fa19530965c233090cdf96c95cf8947c4e327e6d4e6,cotengra_one_trial,20260940,False,4dpu_t8,False,collection_resource_admission_failed:dominant_work_wave_underfilled,1a9eec3ac6b534920ae484fc718a0c3cb17b03261c502a49a127f3074ff2be6f,aca2276ab2bdd2ca0c654c892587624ac2b1bbf102f848421d0115464db16a4b,71320.0,35660.0,1024.0,16384.0,1446.0,10,27,313280.0,313280.0,142640.0,807.0,0.0,13568.0,28000,285280,28,27,27,108,0,672,27,0.9902271452607964,0.4797251822770611,578240,148
ghz_chain_14q,test,1c35d111e0422130fce968246221650da31d3f1c72aceb8298a6ac5073d41381,cotengra_one_trial,20260958,False,1dpu_t8,False,semantic_identity_expansion_exceeds_preregistered_bound,,,,,,,,,,,,,,,,,,,,,,,,,,,,
ghz_chain_14q,test,1c35d111e0422130fce968246221650da31d3f1c72aceb8298a6ac5073d41381,cotengra_one_trial,20260958,False,4dpu_t8,False,semantic_identity_expansion_exceeds_preregistered_bound,,,,,,,,,,,,,,,,,,,,,,,,,,,,
ghz_chain_14q,test,1da69df2337eb973c91196e3881585eed3c3c2452b15c30d398de4ddb491885a,cotengra_one_trial,20260950,False,1dpu_t8,False,estimated_work_unit_count_exceeds_preregistered_bound,,,,,,,,,,,,,,,,,,,,,,,,,,,,
ghz_chain_14q,test,1da69df2337eb973c91196e3881585eed3c3c2452b15c30d398de4ddb491885a,cotengra_one_trial,20260950,False,4dpu_t8,False,estimated_work_unit_count_exceeds_preregistered_bound,,,,,,,,,,,,,,,,,,,,,,,,,,,,
ghz_chain_14q,test,220a2aa81436b1617f2749bffe9f40964fa588b0da0220e315e6fa61416863a0,cotengra_one_trial,20260902,False,1dpu_t8,False,semantic_identity_expansion_exceeds_preregistered_bound,,,,,,,,,,,,,,,,,,,,,,,,,,,,
ghz_chain_14q,test,220a2aa81436b1617f2749bffe9f40964fa588b0da0220e315e6fa61416863a0,cotengra_one_trial,20260902,False,4dpu_t8,False,semantic_identity_expansion_exceeds_preregistered_bound,,,,,,,,,,,,,,,,,,,,,,,,,,,,
ghz_chain_14q,test,23b09bf2bec4148781c826e325f0d7ff9ec532fe3e5a0486b2f46033e7510937,cotengra_one_trial,20260909,False,1dpu_t8,False,estimated_work_unit_count_exceeds_preregistered_bound,,,,,,,,,,,,,,,,,,,,,,,,,,,,
ghz_chain_14q,test,23b09bf2bec4148781c826e325f0d7ff9ec532fe3e5a0486b2f46033e7510937,cotengra_one_trial,20260909,False,4dpu_t8,False,estimated_work_unit_count_exceeds_preregistered_bound,,,,,,,,,,,,,,,,,,,,,,,,,,,,
ghz_chain_14q,test,29cb3a3ad32605e849b90d78ec6af6848d6eb072e7effb5986008f2d222d8a62,cotengra_one_trial,20260930,False,1dpu_t8,False,estimated_work_unit_count_exceeds_preregistered_bound,,,,,,,,,,,,,,,,,,,,,,,,,,,,
ghz_chain_14q,test,29cb3a3ad32605e849b90d78ec6af6848d6eb072e7effb5986008f2d222d8a62,cotengra_one_trial,20260930,False,4dpu_t8,False,estimated_work_unit_count_exceeds_preregistered_bound,,,,,,,,,,,,,,,,,,,,,,,,,,,,
ghz_chain_14q,test,2d165579ab29f24deddc7974b38d408c32565d809ebf488c15cf69e7e4269862,cotengra_one_trial,20260947,False,1dpu_t8,True,,5f4e4b6563ff92907150371ab5a0b10a02f2cdad37c1d23ff757ca085c395727,67043faa2c0210dbafcc5b44225545db5d80eadcecfb8aa0e0bb363b20eefd95,82944.0,41472.0,2048.0,32768.0,4352.0,11,27,406912.0,406912.0,165888.0,899.0,0.0,13568.0,75136,331776,31,31,31,124,0,744,0,0.9918016975308642,1.0,671232,2140
ghz_chain_14q,test,2d165579ab29f24deddc7974b38d408c32565d809ebf488c15cf69e7e4269862,cotengra_one_trial,20260947,False,4dpu_t8,True,,5f4e4b6563ff92907150371ab5a0b10a02f2cdad37c1d23ff757ca085c395727,4c6370d32929d776fa61733698eb89ce5a9d1b514332f00694786c47f6ad5623,82944.0,41472.0,2048.0,32768.0,4352.0,11,27,406912.0,406912.0,165888.0,879.0,0.0,13568.0,75136,331776,31,27,27,108,0,744,26,0.9918016975308642,0.8672839506172839,671232,2140
ghz_chain_14q,test,39f4d6ae3ace04d3b0079eb095c1c59660ad5ddd3c3223c253a197c0e137d339,cotengra_one_trial,20260928,False,1dpu_t8,True,,3d596f4e94d94a0d78e277477e332303c6daf6b29650df5c6924427f152b7d22,abc24b729b8ec9b91c2259a7471f348c9b5941bc625433aaae0cf089cc3d77c9,68888.0,34444.0,256.0,4096.0,838.0,8,27,292800.0,305248.0,137776.0,807.0,0.0,13568.0,17248,275552,27,27,27,108,0,672,0,0.992146672860295,1.0,558784,334
ghz_chain_14q,test,39f4d6ae3ace04d3b0079eb095c1c59660ad5ddd3c3223c253a197c0e137d339,cotengra_one_trial,20260928,False,4dpu_t8,False,collection_resource_admission_failed:dominant_work_wave_underfilled,3d596f4e94d94a0d78e277477e332303c6daf6b29650df5c6924427f152b7d22,124ebf66a2d489c64d9bac495612b9e4b289c74056e134a6dc41f0be37c4b3f4,68888.0,34444.0,256.0,4096.0,838.0,8,27,292800.0,305248.0,137776.0,807.0,0.0,13568.0,17248,275552,27,27,27,108,0,672,27,0.992146672860295,0.25,558784,334
ghz_chain_14q,test,3e6e936c614a1493e86300163252fcc5ca7df7f9c9154646b0d93c02f2cff89e,cotengra_one_trial,20260945,False,1dpu_t8,True,,5060d9c7dd8ac856233490d6976dcf8e389ffbf5d53a91dd239c74f3d888dae6,b971dc4e7e025c6e1d6f41d548d4fed577f3d468b2d5a85ac976babfe9f92131,72768.0,36384.0,512.0,8192.0,1808.0,9,27,323840.0,332160.0,145536.0,823.0,0.0,13568.0,32768,291072,27,27,27,108,0,688,0,0.9792766051011433,1.0,589824,4302
ghz_chain_14q,test,3e6e936c614a1493e86300163252fcc5ca7df7f9c9154646b0d93c02f2cff89e,cotengra_one_trial,20260945,False,4dpu_t8,False,collection_resource_admission_failed:dominant_work_wave_underfilled,5060d9c7dd8ac856233490d6976dcf8e389ffbf5d53a91dd239c74f3d888dae6,ed50ee6bcbff8004c2dc9d04305b84a882cbe0762ab724176fd83aa69099f42d,72768.0,36384.0,512.0,8192.0,1808.0,9,27,323840.0,332160.0,145536.0,823.0,0.0,13568.0,32768,291072,27,27,27,108,0,688,27,0.9792766051011433,0.25,589824,4302
ghz_chain_14q,test,3f14e09e958dc99bdd175a61dcdd303886ff285144e72887f9631ce5e172770e,cotengra_one_trial,20260926,False,1dpu_t8,False,semantic_identity_expansion_exceeds_preregistered_bound,,,,,,,,,,,,,,,,,,,,,,,,,,,,
ghz_chain_14q,test,3f14e09e958dc99bdd175a61dcdd303886ff285144e72887f9631ce5e172770e,cotengra_one_trial,20260926,False,4dpu_t8,False,semantic_identity_expansion_exceeds_preregistered_bound,,,,,,,,,,,,,,,,,,,,,,,,,,,,
ghz_chain_14q,test,3fbd89e5112da95576cd76a26dfb42de884e7e90a7dc541d0b238db2a6ac98ee,cotengra_one_trial,20260907,False,1dpu_t8,True,,f033171084825615762058c1634c102ea7a1031c762aa277d48ca4b893e6142e,97da4717e9b19fad18fece631aa7aa77d6b9047a475b2946a1f3816d95a2997c,156544.0,78272.0,8192.0,131072.0,22752.0,13,27,997664.0,1016480.0,313088.0,3787.0,0.0,13568.0,371488,626176,63,63,63,252,0,3472,0,0.8341169255928046,1.0,1260032,16540
ghz_chain_14q,test,3fbd89e5112da95576cd76a26dfb42de884e7e90a7dc541d0b238db2a6ac98ee,cotengra_one_trial,20260907,False,4dpu_t8,True,,f033171084825615762058c1634c102ea7a1031c762aa277d48ca4b893e6142e,185acbfe0761da6f4fd6f12edd650a7e7b26086c250575af9c6c48fa834cb1f2,156544.0,78272.0,8192.0,131072.0,22752.0,13,27,997664.0,1016480.0,313088.0,3632.0,0.0,13568.0,371488,626176,63,32,32,128,0,3472,22,0.8341169255928046,0.884505314799673,1260032,16540
ghz_chain_14q,test,42702e7dc89eb10340db698354f4531c130e07c4ddb8ea2220b67325ff2bf785,cotengra_one_trial,20260954,False,1dpu_t8,False,semantic_identity_expansion_exceeds_preregistered_bound,,,,,,,,,,,,,,,,,,,,,,,,,,,,
ghz_chain_14q,test,42702e7dc89eb10340db698354f4531c130e07c4ddb8ea2220b67325ff2bf785,cotengra_one_trial,20260954,False,4dpu_t8,False,semantic_identity_expansion_exceeds_preregistered_bound,,,,,,,,,,,,,,,,,,,,,,,,,,,,
ghz_chain_14q,test,484fe717dc359a7223cdc40cce7987d272a4bc2ba6cd0a7dc52def7a707ad30e,cotengra_one_trial,20260921,False,1dpu_t8,True,,5b1079c05ee0996668e140d5f58ea80ae321735f75e477a567bbe73eaa43532e,7916b1201baa102b958022d94c9f5cb6ff95101c6358292d21a0dfe98c5fba04,68824.0,34412.0,256.0,4096.0,822.0,8,27,292288.0,304736.0,137648.0,807.0,0.0,13568.0,16992,275296,27,27,27,108,0,672,0,0.9916744159014297,1.0,558272,334
ghz_chain_14q,test,484fe717dc359a7223cdc40cce7987d272a4bc2ba6cd0a7dc52def7a707ad30e,cotengra_one_trial,20260921,False,4dpu_t8,False,collection_resource_admission_failed:dominant_work_wave_underfilled,5b1079c05ee0996668e140d5f58ea80ae321735f75e477a567bbe73eaa43532e,fd6d8f64bfb25c1b2e8c0a43c98a1342585035e919bf13336f1f53a17bf7c181,68824.0,34412.0,256.0,4096.0,822.0,8,27,292288.0,304736.0,137648.0,807.0,0.0,13568.0,16992,275296,27,27,27,108,0,672,27,0.9916744159014297,0.25,558272,334
ghz_chain_14q,test,48543b7752f3faeedfa7f0047ffc60f8942129381d52bf87f6ddf4eee8c21dfc,cotengra_one_trial,20260932,False,1dpu_t8,True,,13ec324247be06849f519c0fa45d446b8e4e23b745f2d5ac5195b767076d112d,a0769cb066320740cb18fc06cf947e07b4b75d85cef915ca9c06b1ce24ed7dc0,70240.0,35120.0,512.0,8192.0,1176.0,9,27,303616.0,317952.0,140480.0,839.0,0.0,13568.0,22656,280960,27,27,27,108,0,704,0,0.9907175398633258,1.0,569600,680
ghz_chain_14q,test,48543b7752f3faeedfa7f0047ffc60f8942129381d52bf87f6ddf4eee8c21dfc,cotengra_one_trial,20260932,False,4dpu_t8,False,collection_resource_admission_failed:dominant_work_wave_underfilled,13ec324247be06849f519c0fa45d446b8e4e23b745f2d5ac5195b767076d112d,4bda2b6a3e6b5c093ea52cdc307dcb884a9f054305736fa54fbd5bb213fe6392,70240.0,35120.0,512.0,8192.0,1176.0,9,27,303616.0,317952.0,140480.0,839.0,0.0,13568.0,22656,280960,27,27,27,108,0,704,27,0.9907175398633258,0.25,569600,680
ghz_chain_14q,test,4fca2f0b6fd38e0ef41c197c000fc28557792a5e1c3dc724ee46c5277f3c6fbf,cotengra_one_trial,20260911,False,1dpu_t8,False,estimated_work_unit_count_exceeds_preregistered_bound,,,,,,,,,,,,,,,,,,,,,,,,,,,,
ghz_chain_14q,test,4fca2f0b6fd38e0ef41c197c000fc28557792a5e1c3dc724ee46c5277f3c6fbf,cotengra_one_trial,20260911,False,4dpu_t8,False,estimated_work_unit_count_exceeds_preregistered_bound,,,,,,,,,,,,,,,,,,,,,,,,,,,,
ghz_chain_14q,test,5115c937f45b18e1ee7421563b02889060cac9f2246f3bf47e72c059ca9df909,cotengra_one_trial,20260924,False,1dpu_t8,True,,b1d6c9bcde3b585b458022c97d2119047fe150129411a27335a3756425e7bda8,8c1ab5b331f3fda495439cfdff033e9f16a5db008709070ef5f42b4e16aaf667,79936.0,39968.0,1024.0,16384.0,3600.0,10,27,382208.0,382880.0,159872.0,924.0,0.0,13568.0,62464,319744,28,28,28,112,0,784,0,0.9618694955964772,1.0,647168,8280
ghz_chain_14q,test,5115c937f45b18e1ee7421563b02889060cac9f2246f3bf47e72c059ca9df909,cotengra_one_trial,20260924,False,4dpu_t8,False,collection_resource_admission_failed:dominant_work_wave_underfilled,b1d6c9bcde3b585b458022c97d2119047fe150129411a27335a3756425e7bda8,f5992de787f5453c3395696d4660e421ee319e4551fabaa8a20fdf955791ce0b,79936.0,39968.0,1024.0,16384.0,3600.0,10,27,382208.0,382880.0,159872.0,919.0,0.0,13568.0,62464,319744,28,27,27,108,0,784,27,0.9618694955964772,0.45496397117694154,647168,8280
ghz_chain_14q,test,53d9faa16f82a391422ecce428c8782375928f0b9f135b6aaa429a813e3b4099,cotengra_one_trial,20260918,False,1dpu_t8,False,semantic_identity_expansion_exceeds_preregistered_bound,,,,,,,,,,,,,,,,,,,,,,,,,,,,
ghz_chain_14q,test,53d9faa16f82a391422ecce428c8782375928f0b9f135b6aaa429a813e3b4099,cotengra_one_trial,20260918,False,4dpu_t8,False,semantic_identity_expansion_exceeds_preregistered_bound,,,,,,,,,,,,,,,,,,,,,,,,,,,,
ghz_chain_14q,test,54df908a6e7e67eaab288d74acdc01bf340ae23c8b285a292730674d68836140,cotengra_one_trial,20260949,False,1dpu_t8,False,semantic_identity_expansion_exceeds_preregistered_bound,,,,,,,,,,,,,,,,,,,,,,,,,,,,
ghz_chain_14q,test,54df908a6e7e67eaab288d74acdc01bf340ae23c8b285a292730674d68836140,cotengra_one_trial,20260949,False,4dpu_t8,False,semantic_identity_expansion_exceeds_preregistered_bound,,,,,,,,,,,,,,,,,,,,,,,,,,,,
ghz_chain_14q,test,55428d0aa462214fe81c575f47ce5732a71ae7e11c24fb4d9743de30afee5b0b,cotengra_one_trial,20260962,False,1dpu_t8,True,,a07572af3c6e633b64735c476486e636ddc4d2149df8370ed780847b262967ce,baabcb28f658426bb5dab774f2978fd2b53d233089520477cf0725a75489a872,137472.0,68736.0,4096.0,65536.0,17984.0,12,27,843328.0,854016.0,274944.0,3083.0,0.0,13568.0,293440,549888,47,47,47,188,0,2848,0,0.7672253258845437,1.0,1107456,524546
ghz_chain_14q,test,55428d0aa462214fe81c575f47ce5732a71ae7e11c24fb4d9743de30afee5b0b,cotengra_one_trial,20260962,False,4dpu_t8,False,collection_resource_admission_failed:dominant_work_wave_underfilled,a07572af3c6e633b64735c476486e636ddc4d2149df8370ed780847b262967ce,291e75bba9e367a1f39ac60caa2b9d76779f2d3cad09a33572d89fd870e0a81b,137472.0,68736.0,4096.0,65536.0,17984.0,12,27,843328.0,854016.0,274944.0,2993.0,0.0,13568.0,293440,549888,47,29,29,116,0,2848,24,0.7672253258845437,0.5330540037243948,1107456,524546
ghz_chain_14q,test,58febbb91f9437f9afbf1b5d3e7a541485740997680b347b4b308c19b7e335b3,cotengra_one_trial,20260919,False,1dpu_t8,True,,2a7f0fb907b2f05403c7e8ef93f28d49fcc83b84cddd40899539ea58502d5148,24f550d5283fc5523430df75cbd4c336610208b031844924d2817f221cec26d6,74400.0,37200.0,512.0,8192.0,2216.0,9,27,336896.0,351712.0,148800.0,903.0,0.0,13568.0,39296,297600,27,27,27,108,0,768,0,0.974247311827957,1.0,602880,1612
ghz_chain_14q,test,58febbb91f9437f9afbf1b5d3e7a541485740997680b347b4b308c19b7e335b3,cotengra_one_trial,20260919,False,4dpu_t8,False,collection_resource_admission_failed:dominant_work_wave_underfilled,2a7f0fb907b2f05403c7e8ef93f28d49fcc83b84cddd40899539ea58502d5148,510a90278581f18122563b022de36b3f0b9a07b1851447e1a87cff58e67f92fd,74400.0,37200.0,512.0,8192.0,2216.0,9,27,336896.0,351712.0,148800.0,903.0,0.0,13568.0,39296,297600,27,27,27,108,0,768,27,0.974247311827957,0.25,602880,1612
ghz_chain_14q,test,5adc731e3f1c88942733449f5711c802b53ab82c2fd77e10f468934a8c0ff5f1,cotengra_one_trial,20260942,False,1dpu_t8,False,estimated_work_unit_count_exceeds_preregistered_bound,,,,,,,,,,,,,,,,,,,,,,,,,,,,
ghz_chain_14q,test,5adc731e3f1c88942733449f5711c802b53ab82c2fd77e10f468934a8c0ff5f1,cotengra_one_trial,20260942,False,4dpu_t8,False,estimated_work_unit_count_exceeds_preregistered_bound,,,,,,,,,,,,,,,,,,,,,,,,,,,,
ghz_chain_14q,test,5d10a904949c398151c1a3d01b1eee6b3d5c652cf7f87588bc3d26b8d63c33f2,cotengra_one_trial,20260903,False,1dpu_t8,False,estimated_work_unit_count_exceeds_preregistered_bound,,,,,,,,,,,,,,,,,,,,,,,,,,,,
ghz_chain_14q,test,5d10a904949c398151c1a3d01b1eee6b3d5c652cf7f87588bc3d26b8d63c33f2,cotengra_one_trial,20260903,False,4dpu_t8,False,estimated_work_unit_count_exceeds_preregistered_bound,,,,,,,,,,,,,,,,,,,,,,,,,,,,
ghz_chain_14q,test,5df6c87ddb232d54f6721bfcc774cc703e6990877ac2e8c615338d1014a4c8d2,cotengra_one_trial,20260943,False,1dpu_t8,True,,b04822c045a84edcc1fbeed45417ec897ea6164ca5e665a7fac01349c379fad6,b3e7e9f20fac681beccd88662c31d845f7bbe0797e3be7101eaa71d40fbf512a,71712.0,35856.0,256.0,4096.0,1544.0,8,27,315392.0,327776.0,143424.0,831.0,0.0,13568.0,28544,286848,27,27,27,108,0,696,0,0.9872266845158412,1.0,581376,2322
ghz_chain_14q,test,5df6c87ddb232d54f6721bfcc774cc703e6990877ac2e8c615338d1014a4c8d2,cotengra_one_trial,20260943,False,4dpu_t8,False,collection_resource_admission_failed:dominant_work_wave_underfilled,b04822c045a84edcc1fbeed45417ec897ea6164ca5e665a7fac01349c379fad6,8af782c90edf55800c17b903ee535ba08d0c9312f16c4902d348c90f6a57942d,71712.0,35856.0,256.0,4096.0,1544.0,8,27,315392.0,327776.0,143424.0,831.0,0.0,13568.0,28544,286848,27,27,27,108,0,696,27,0.9872266845158412,0.25,581376,2322
ghz_chain_14q,test,5fd25ef8f23b18fa1e3a70f289232a8ac60c3354822a09df53f4a8f6331055bc,cotengra_one_trial,20260956,False,1dpu_t8,True,,25dabda94e3fe59f0cb3aea9ce3495370a0236451767e0ed30f2b2b333f81d89,584cc9b6d605b5f84a716881424545771deccf9fcebc4f676ba3ca05a9466ebc,73632.0,36816.0,1024.0,16384.0,2024.0,10,27,331776.0,332320.0,147264.0,828.0,0.0,13568.0,37248,294528,28,28,28,112,0,688,0,0.9846262494567579,1.0,596736,2194
ghz_chain_14q,test,5fd25ef8f23b18fa1e3a70f289232a8ac60c3354822a09df53f4a8f6331055bc,cotengra_one_trial,20260956,False,4dpu_t8,False,collection_resource_admission_failed:dominant_work_wave_underfilled,25dabda94e3fe59f0cb3aea9ce3495370a0236451767e0ed30f2b2b333f81d89,2e4b248cd23a0de0c7f9cc6134b3854cced79cf8a2cfdbe1afa40fcc103f9c49,73632.0,36816.0,1024.0,16384.0,2024.0,10,27,331776.0,332320.0,147264.0,823.0,0.0,13568.0,37248,294528,28,27,27,108,0,688,27,0.9846262494567579,0.47251195132551066,596736,2194
ghz_chain_14q,test,62d41583a71bfbeb3e778db4f9c16caa6f3b62b1a41cbffa800c05dac48d5441,cotengra_one_trial,20260904,False,1dpu_t8,False,semantic_identity_expansion_exceeds_preregistered_bound,,,,,,,,,,,,,,,,,,,,,,,,,,,,
ghz_chain_14q,test,62d41583a71bfbeb3e778db4f9c16caa6f3b62b1a41cbffa800c05dac48d5441,cotengra_one_trial,20260904,False,4dpu_t8,False,semantic_identity_expansion_exceeds_preregistered_bound,,,,,,,,,,,,,,,,,,,,,,,,,,,,
ghz_chain_14q,test,63bbd04e53e39aea8223b472a31b33b42b591d418d169a9bca7153012c6759ca,cotengra_one_trial,20260933,False,1dpu_t8,True,,9e12d991ce491a9690bd07bac2dcb20c7f023719fa0f3f2c68d8509ab6dc5805,12ee625a3526e518e7ab34f577e2413dea7a6f2c974b3e6784112db6b5df90e7,68824.0,34412.0,256.0,4096.0,822.0,8,27,292288.0,304576.0,137648.0,807.0,0.0,13568.0,16992,275296,27,27,27,108,0,672,0,0.9912675810763687,1.0,558272,208
ghz_chain_14q,test,63bbd04e53e39aea8223b472a31b33b42b591d418d169a9bca7153012c6759ca,cotengra_one_trial,20260933,False,4dpu_t8,False,collection_resource_admission_failed:dominant_work_wave_underfilled,9e12d991ce491a9690bd07bac2dcb20c7f023719fa0f3f2c68d8509ab6dc5805,0455db0c50055fd6c201b79a604cc4d7cf35a71950d5c689873df0a854adfc33,68824.0,34412.0,256.0,4096.0,822.0,8,27,292288.0,304576.0,137648.0,807.0,0.0,13568.0,16992,275296,27,27,27,108,0,672,27,0.9912675810763687,0.25,558272,208
ghz_chain_14q,test,662d97675addb2547f6db3ec81590317baeb311da5c7a5be609e1b45449687f5,cotengra_one_trial,20260910,False,1dpu_t8,False,estimated_work_unit_count_exceeds_preregistered_bound,,,,,,,,,,,,,,,,,,,,,,,,,,,,
ghz_chain_14q,test,662d97675addb2547f6db3ec81590317baeb311da5c7a5be609e1b45449687f5,cotengra_one_trial,20260910,False,4dpu_t8,False,estimated_work_unit_count_exceeds_preregistered_bound,,,,,,,,,,,,,,,,,,,,,,,,,,,,
ghz_chain_14q,test,6f7eddc95f8e7a85bf303db8be491876ff2b3fe7da394b7ae762d08aa8b8e3ab,cotengra_one_trial,20260941,False,1dpu_t8,False,estimated_work_unit_count_exceeds_preregistered_bound,,,,,,,,,,,,,,,,,,,,,,,,,,,,
ghz_chain_14q,test,6f7eddc95f8e7a85bf303db8be491876ff2b3fe7da394b7ae762d08aa8b8e3ab,cotengra_one_trial,20260941,False,4dpu_t8,False,estimated_work_unit_count_exceeds_preregistered_bound,,,,,,,,,,,,,,,,,,,,,,,,,,,,
ghz_chain_14q,test,70519128c75b9887bdc7564547b0a2f43ce45a4566af922609198a8cbb1059d9,cotengra_one_trial,20260936,False,1dpu_t8,True,,d274b3982da47be8f1192f08ff77947403fe249c50c338226cbb859649fa503b,516830afba27e7442346b4030bec6f9df163712a6c2da255f698d40ad9a35bb9,69400.0,34700.0,512.0,8192.0,966.0,9,27,296896.0,305248.0,138800.0,791.0,0.0,13568.0,19296,277600,27,27,27,108,0,656,0,0.9922046109510086,1.0,562880,582
ghz_chain_14q,test,70519128c75b9887bdc7564547b0a2f43ce45a4566af922609198a8cbb1059d9,cotengra_one_trial,20260936,False,4dpu_t8,False,collection_resource_admission_failed:dominant_work_wave_underfilled,d274b3982da47be8f1192f08ff77947403fe249c50c338226cbb859649fa503b,5cb354d1be7f75ea82ec5f2f55a90ba102cb17e0cdf86e137df514941e25019f,69400.0,34700.0,512.0,8192.0,966.0,9,27,296896.0,305248.0,138800.0,791.0,0.0,13568.0,19296,277600,27,27,27,108,0,656,27,0.9922046109510086,0.25,562880,582
ghz_chain_14q,test,7b6966d7d375de0a624a04ca68a1412a7236328d981cee6d6cfc367d67a72c9b,cotengra_one_trial,20260953,False,1dpu_t8,False,estimated_work_unit_count_exceeds_preregistered_bound,,,,,,,,,,,,,,,,,,,,,,,,,,,,
ghz_chain_14q,test,7b6966d7d375de0a624a04ca68a1412a7236328d981cee6d6cfc367d67a72c9b,cotengra_one_trial,20260953,False,4dpu_t8,False,estimated_work_unit_count_exceeds_preregistered_bound,,,,,,,,,,,,,,,,,,,,,,,,,,,,
ghz_chain_14q,test,813fa93308b2f7818bacf8f79d159c96a3c9c7d74e13bf4a6fad71cd77d2955e,cotengra_one_trial,20260912,False,1dpu_t8,True,,77da97244c1205f878066b3855d29691220ade5cf509fe4a8f2e938983e701bf,2335bcaeae90548acea49752403025bc2f5ac22b23fbe696f825198774e22ae4,69400.0,34700.0,512.0,8192.0,966.0,9,27,296896.0,305248.0,138800.0,791.0,0.0,13568.0,19296,277600,27,27,27,108,0,656,0,0.9912824207492795,1.0,562880,330
ghz_chain_14q,test,813fa93308b2f7818bacf8f79d159c96a3c9c7d74e13bf4a6fad71cd77d2955e,cotengra_one_trial,20260912,False,4dpu_t8,False,collection_resource_admission_failed:dominant_work_wave_underfilled,77da97244c1205f878066b3855d29691220ade5cf509fe4a8f2e938983e701bf,a7ca7496f1b21f750edc36a9f31803d01b209f09cc017656483a3c9006d47c47,69400.0,34700.0,512.0,8192.0,966.0,9,27,296896.0,305248.0,138800.0,791.0,0.0,13568.0,19296,277600,27,27,27,108,0,656,27,0.9912824207492795,0.25,562880,330
ghz_chain_14q,test,85e1e50fbcc8553b26d7ca90dd53a1cad02985ec0cbbe1792d983829b996f6f6,cotengra_one_trial,20260915,False,1dpu_t8,True,,fc87f939b096391e83928376604d995bdf0ee4a1cc8d58e97e2ebb472367a352,2fa042311758bfdecd01c11403688da21501c5fe5ef317c6450af96ee6347016,71616.0,35808.0,1024.0,16384.0,1520.0,10,27,315648.0,316160.0,143232.0,820.0,0.0,13568.0,29184,286464,28,28,28,112,0,680,0,0.9907283288650581,1.0,580608,342
ghz_chain_14q,test,85e1e50fbcc8553b26d7ca90dd53a1cad02985ec0cbbe1792d983829b996f6f6,cotengra_one_trial,20260915,False,4dpu_t8,False,collection_resource_admission_failed:dominant_work_wave_underfilled,fc87f939b096391e83928376604d995bdf0ee4a1cc8d58e97e2ebb472367a352,08f86acb7ebab61b761f8044e6c5766948b9f7ed4ff0b524c75aabbc37408d22,71616.0,35808.0,1024.0,16384.0,1520.0,10,27,315648.0,316160.0,143232.0,815.0,0.0,13568.0,29184,286464,28,27,27,108,0,680,27,0.9907283288650581,0.4787756925826631,580608,342
ghz_chain_14q,test,8d109f377512330e05cb335239c4891a6d900d16562647420efce969e2572d95,cotengra_one_trial,20260961,False,1dpu_t8,False,semantic_identity_expansion_exceeds_preregistered_bound,,,,,,,,,,,,,,,,,,,,,,,,,,,,
ghz_chain_14q,test,8d109f377512330e05cb335239c4891a6d900d16562647420efce969e2572d95,cotengra_one_trial,20260961,False,4dpu_t8,False,semantic_identity_expansion_exceeds_preregistered_bound,,,,,,,,,,,,,,,,,,,,,,,,,,,,
ghz_chain_14q,test,8dd3fac4d2980e0528d5e56f81456500360fd64f67c050e3f54b2c7ddf16fabc,cotengra_one_trial,20260964,False,1dpu_t8,False,estimated_work_unit_count_exceeds_preregistered_bound,,,,,,,,,,,,,,,,,,,,,,,,,,,,
ghz_chain_14q,test,8dd3fac4d2980e0528d5e56f81456500360fd64f67c050e3f54b2c7ddf16fabc,cotengra_one_trial,20260964,False,4dpu_t8,False,estimated_work_unit_count_exceeds_preregistered_bound,,,,,,,,,,,,,,,,,,,,,,,,,,,,
ghz_chain_14q,test,8e6a2235e54cf0eade446a1f243700137f0e937bbcf917bfb7de6ce20f8d8475,cotengra_one_trial,20260946,False,1dpu_t8,True,,7d374c2d686e08fff0d1ca9a6e2010c082beaa26a434d60e20d4733edc502f23,59c8659a0e49da4cce22aa66abb277970697244a7567e005e60fa557e9168547,71712.0,35856.0,512.0,8192.0,1544.0,9,27,315392.0,329728.0,143424.0,839.0,0.0,13568.0,28544,286848,27,27,27,108,0,704,0,0.9903502900490853,1.0,581376,1308
ghz_chain_14q,test,8e6a2235e54cf0eade446a1f243700137f0e937bbcf917bfb7de6ce20f8d8475,cotengra_one_trial,20260946,False,4dpu_t8,False,collection_resource_admission_failed:dominant_work_wave_underfilled,7d374c2d686e08fff0d1ca9a6e2010c082beaa26a434d60e20d4733edc502f23,62bcfe1a61416649dac59a7e7ac2b4256784cb4b3351066a6c0afa4f730a6f9a,71712.0,35856.0,512.0,8192.0,1544.0,9,27,315392.0,329728.0,143424.0,839.0,0.0,13568.0,28544,286848,27,27,27,108,0,704,27,0.9903502900490853,0.25,581376,1308
ghz_chain_14q,test,9149327e5d60a0bb00a8c7dfde5e44aef3c003a5d6734dd13fcc21993af87c59,cotengra_one_trial,20260944,False,1dpu_t8,True,,75dec3f99fe32fb196537014f37216868510c54617c77c5331a800997d86ee5d,dd0411942139a25ef7917bea78b2991c98f4b1289d5d09c1a5ec8a004b11d4ad,71432.0,35716.0,1024.0,16384.0,1474.0,10,27,314176.0,314336.0,142864.0,812.0,0.0,13568.0,28448,285728,28,28,28,112,0,672,0,0.9916703998208086,1.0,579136,232
ghz_chain_14q,test,9149327e5d60a0bb00a8c7dfde5e44aef3c003a5d6734dd13fcc21993af87c59,cotengra_one_trial,20260944,False,4dpu_t8,False,collection_resource_admission_failed:dominant_work_wave_underfilled,75dec3f99fe32fb196537014f37216868510c54617c77c5331a800997d86ee5d,f05043e94580369bf1a1b05e84761169806c79da961f03b89817724d0a58cac9,71432.0,35716.0,1024.0,16384.0,1474.0,10,27,314176.0,314336.0,142864.0,807.0,0.0,13568.0,28448,285728,28,27,27,108,0,672,27,0.9916703998208086,0.47936499048045694,579136,232
ghz_chain_14q,test,92874f3e91f5aca70b5fd7bc845f60bef674d4e8cb4ca1da63d2f162e77d41f8,cotengra_one_trial,20260938,False,1dpu_t8,True,,dfa86c15057e03aa4e9b4a8bd75683b9ee52e5229a14c9b69468f2d8a9e15788,2bee1380004da0db8d33cd38b91d39fb18e3520519a782fa51552aa07a1cac53,72032.0,36016.0,512.0,8192.0,1624.0,9,27,317952.0,326240.0,144064.0,807.0,0.0,13568.0,29824,288128,27,27,27,108,0,672,0,0.9810639715681919,1.0,583936,2246
ghz_chain_14q,test,92874f3e91f5aca70b5fd7bc845f60bef674d4e8cb4ca1da63d2f162e77d41f8,cotengra_one_trial,20260938,False,4dpu_t8,False,collection_resource_admission_failed:dominant_work_wave_underfilled,dfa86c15057e03aa4e9b4a8bd75683b9ee52e5229a14c9b69468f2d8a9e15788,1898e9c7b6235e0266265a9b3ac11c1982a8ea90092f4549cae80a2378d77902,72032.0,36016.0,512.0,8192.0,1624.0,9,27,317952.0,326240.0,144064.0,807.0,0.0,13568.0,29824,288128,27,27,27,108,0,672,27,0.9810639715681919,0.25,583936,2246
ghz_chain_14q,test,941a654d75dccddfa826e61a229bede5cb5125fcea12d92eddf660da50c89266,cotengra_one_trial,20260929,False,1dpu_t8,True,,48f79ef560a14b61f148e07b4504d94bba9fc02951e836feed8933565043408c,93f027b89367b771a4f450b96b78aad19d6c3f319f8f8c68e2cabc446547abd7,459104.0,229552.0,32768.0,524288.0,98392.0,15,27,3427872.0,3470880.0,918208.0,13258.0,0.0,13568.0,1591456,1836416,210,210,210,840,0,12208,0,0.660111870077368,1.0,3680512,65558
ghz_chain_14q,test,941a654d75dccddfa826e61a229bede5cb5125fcea12d92eddf660da50c89266,cotengra_one_trial,20260929,False,4dpu_t8,True,,48f79ef560a14b61f148e07b4504d94bba9fc02951e836feed8933565043408c,d785efd70ea72f38dc829748b18223c4aed72b1f04313a5ba9e8fe2dcf2e9087,459104.0,229552.0,32768.0,524288.0,98392.0,15,27,3427872.0,3470880.0,918208.0,12548.0,0.0,13568.0,1591456,1836416,210,68,68,272,0,12208,21,0.660111870077368,0.9771206524011988,3680512,65558
ghz_chain_14q,test,987f0f2c3ff199188c57abfea5752c9cdc35effdd2d72c02d49192313bf654c6,cotengra_one_trial,20260959,False,1dpu_t8,False,semantic_identity_expansion_exceeds_preregistered_bound,,,,,,,,,,,,,,,,,,,,,,,,,,,,
ghz_chain_14q,test,987f0f2c3ff199188c57abfea5752c9cdc35effdd2d72c02d49192313bf654c6,cotengra_one_trial,20260959,False,4dpu_t8,False,semantic_identity_expansion_exceeds_preregistered_bound,,,,,,,,,,,,,,,,,,,,,,,,,,,,
ghz_chain_14q,test,9a44323b07f3e5538cf97094b2aaab9d857b252ec898e5e1b8e11c4cd0f7d34c,cotengra_one_trial,20260955,False,1dpu_t8,False,estimated_work_unit_count_exceeds_preregistered_bound,,,,,,,,,,,,,,,,,,,,,,,,,,,,
ghz_chain_14q,test,9a44323b07f3e5538cf97094b2aaab9d857b252ec898e5e1b8e11c4cd0f7d34c,cotengra_one_trial,20260955,False,4dpu_t8,False,estimated_work_unit_count_exceeds_preregistered_bound,,,,,,,,,,,,,,,,,,,,,,,,,,,,
ghz_chain_14q,test,9b5948a4e05244c3524128e749d5dc7a03d0a862782952a3a03b31881fdcbcf2,cotengra_one_trial,20260908,False,1dpu_t8,True,,6006e8ec7a0c2139d8010a704648d5296ecac052f5ce8ee668ea586506494c46,8ef8c464c84e21e252df5fee5189174f39a2ebb88cb853bc8add6ffe13288e19,69712.0,34856.0,512.0,8192.0,1044.0,9,27,299392.0,307584.0,139424.0,791.0,0.0,13568.0,20544,278848,27,27,27,108,0,656,0,0.9912497131053477,1.0,565376,218
ghz_chain_14q,test,9b5948a4e05244c3524128e749d5dc7a03d0a862782952a3a03b31881fdcbcf2,cotengra_one_trial,20260908,False,4dpu_t8,False,collection_resource_admission_failed:dominant_work_wave_underfilled,6006e8ec7a0c2139d8010a704648d5296ecac052f5ce8ee668ea586506494c46,8e68046ebd75429eaad629bcd3551456bf12efd3bc3c308efad424e5340afc85,69712.0,34856.0,512.0,8192.0,1044.0,9,27,299392.0,307584.0,139424.0,791.0,0.0,13568.0,20544,278848,27,27,27,108,0,656,27,0.9912497131053477,0.25,565376,218
ghz_chain_14q,test,9c95e04f29ddb063ac1f4de54d3c647061706d0d5c5cb23a8026802874eafcbc,cotengra_one_trial,20260923,False,1dpu_t8,False,estimated_work_unit_count_exceeds_preregistered_bound,,,,,,,,,,,,,,,,,,,,,,,,,,,,
ghz_chain_14q,test,9c95e04f29ddb063ac1f4de54d3c647061706d0d5c5cb23a8026802874eafcbc,cotengra_one_trial,20260923,False,4dpu_t8,False,estimated_work_unit_count_exceeds_preregistered_bound,,,,,,,,,,,,,,,,,,,,,,,,,,,,
ghz_chain_14q,test,a32594d5dd62fa69485143a7e84c78a9af8a1e7cf59f758dbbb1de9dbc517081,cotengra_one_trial,20260948,False,1dpu_t8,False,semantic_identity_expansion_exceeds_preregistered_bound,,,,,,,,,,,,,,,,,,,,,,,,,,,,
ghz_chain_14q,test,a32594d5dd62fa69485143a7e84c78a9af8a1e7cf59f758dbbb1de9dbc517081,cotengra_one_trial,20260948,False,4dpu_t8,False,semantic_identity_expansion_exceeds_preregistered_bound,,,,,,,,,,,,,,,,,,,,,,,,,,,,
ghz_chain_14q,test,a39531524fe823e70cf9738da44aecac116f5965a466e778aafd93e37a790008,cotengra_one_trial,20260939,False,1dpu_t8,False,semantic_identity_expansion_exceeds_preregistered_bound,,,,,,,,,,,,,,,,,,,,,,,,,,,,
ghz_chain_14q,test,a39531524fe823e70cf9738da44aecac116f5965a466e778aafd93e37a790008,cotengra_one_trial,20260939,False,4dpu_t8,False,semantic_identity_expansion_exceeds_preregistered_bound,,,,,,,,,,,,,,,,,,,,,,,,,,,,
ghz_chain_14q,test,ac24f257d75673189be41e38651a7ddb20ecb9056eb2b7fb90c2f5c1ec858389,cotengra_one_trial,20260952,False,1dpu_t8,True,,961ad703aea40439912e61a5bdfd9be12263c10423cd7420e3c736cc9dc6b925,7500c699454846b61ceda2e8154a550095a76d2fa2780f34b40d826d2262e461,84704.0,42352.0,1024.0,16384.0,4792.0,10,27,419424.0,434656.0,169408.0,1265.0,0.0,13568.0,80608,338816,29,29,29,116,0,1120,0,0.9085285228560634,1.0,685312,33294
ghz_chain_14q,test,ac24f257d75673189be41e38651a7ddb20ecb9056eb2b7fb90c2f5c1ec858389,cotengra_one_trial,20260952,False,4dpu_t8,False,collection_resource_admission_failed:dominant_work_wave_underfilled,961ad703aea40439912e61a5bdfd9be12263c10423cd7420e3c736cc9dc6b925,264e678d6f21a04ebcf52e3cc034dd9478df3d54228e5981f70602ff148fbc34,84704.0,42352.0,1024.0,16384.0,4792.0,10,27,419424.0,434656.0,169408.0,1255.0,0.0,13568.0,80608,338816,29,27,27,108,0,1120,27,0.9085285228560634,0.2681337363052512,685312,33294
ghz_chain_14q,test,ad170d103417562272ac52f41036dd3184693469d01cb3efbaeb8bf1447f23cd,cotengra_one_trial,20260917,False,1dpu_t8,True,,5904bef936a8a15d0f00e37ed1f5f7c787f5299ff5d0483d142a78ec5d70190b,fcc1759441059d340e0e05191c868d39c126202f58e8bd07dd9c4a234d381784,337376.0,168688.0,32768.0,524288.0,67960.0,15,27,2449760.0,2484768.0,674752.0,9657.0,0.0,13568.0,1100256,1349504,149,149,149,596,0,8912,0,0.7629114104144931,1.0,2706688,65662
ghz_chain_14q,test,ad170d103417562272ac52f41036dd3184693469d01cb3efbaeb8bf1447f23cd,cotengra_one_trial,20260917,False,4dpu_t8,False,collection_resource_admission_failed:dominant_work_wave_underfilled,5904bef936a8a15d0f00e37ed1f5f7c787f5299ff5d0483d142a78ec5d70190b,409e9a14a5323216998c60324ce9122ed81a0a1ade0a214a303c4620c50562df,337376.0,168688.0,32768.0,524288.0,67960.0,15,27,2449760.0,2484768.0,674752.0,9177.0,0.0,13568.0,1100256,1349504,149,53,53,212,0,8912,22,0.7629114104144931,0.9116712510670587,2706688,65662
ghz_chain_14q,test,bd6e138904166a5665d310c407bb65dafba868ccbb0ba300aaff9985d32d68e9,cotengra_one_trial,20260914,False,1dpu_t8,True,,bbcfacaa5b624bb32812847a23840ec968f0edf7b94e66761249cd8f68054a66,057ea2b9ee23292214164915c48f9271b1cd4eddbd4ee07fd040d68ef0d1e95b,69568.0,34784.0,512.0,8192.0,1008.0,9,27,298240.0,312576.0,139136.0,839.0,0.0,13568.0,19968,278272,27,27,27,108,0,704,0,0.9904553817847286,1.0,564224,358
ghz_chain_14q,test,bd6e138904166a5665d310c407bb65dafba868ccbb0ba300aaff9985d32d68e9,cotengra_one_trial,20260914,False,4dpu_t8,False,collection_resource_admission_failed:dominant_work_wave_underfilled,bbcfacaa5b624bb32812847a23840ec968f0edf7b94e66761249cd8f68054a66,fa392e4766d5f6cf21c74e05cc99e5eb6b2a85caff6e886257c5cfa150140219,69568.0,34784.0,512.0,8192.0,1008.0,9,27,298240.0,312576.0,139136.0,839.0,0.0,13568.0,19968,278272,27,27,27,108,0,704,27,0.9904553817847286,0.25,564224,358
ghz_chain_14q,test,c16469f74f32b4cee0a94cefef48b85294414f04b606b78331769a008721ddb7,cotengra_one_trial,20260963,False,1dpu_t8,False,estimated_work_unit_count_exceeds_preregistered_bound,,,,,,,,,,,,,,,,,,,,,,,,,,,,
ghz_chain_14q,test,c16469f74f32b4cee0a94cefef48b85294414f04b606b78331769a008721ddb7,cotengra_one_trial,20260963,False,4dpu_t8,False,estimated_work_unit_count_exceeds_preregistered_bound,,,,,,,,,,,,,,,,,,,,,,,,,,,,
ghz_chain_14q,test,c2b5630525382daadccd6fe34e69da6b810108eb63c7f9530d9ee38d313c382a,cotengra_one_trial,20260920,False,1dpu_t8,True,,f6dbdff3e07bf16728b5502128d6dcfa82307914dad4565d7b7f3d9b2bdfd19f,7ff4245a0d87a906628c1857d2e78bce47f6ed93f8ac24ba14308340bc7c6385,77728.0,38864.0,2048.0,32768.0,3048.0,11,27,365056.0,366112.0,155456.0,886.0,0.0,13568.0,54144,310912,30,30,30,120,0,736,0,0.9854363935776039,1.0,629504,1232
ghz_chain_14q,test,c2b5630525382daadccd6fe34e69da6b810108eb63c7f9530d9ee38d313c382a,cotengra_one_trial,20260920,False,4dpu_t8,True,,f6dbdff3e07bf16728b5502128d6dcfa82307914dad4565d7b7f3d9b2bdfd19f,6692bd91802094e5539591af001d12d62857a40f2d01aa788adc518c238c8c3e,77728.0,38864.0,2048.0,32768.0,3048.0,11,27,365056.0,366112.0,155456.0,871.0,0.0,13568.0,54144,310912,30,27,27,108,0,736,26,0.9854363935776039,0.8823589954713874,629504,1232
ghz_chain_14q,test,cef7d2351bd3fdee47ed870eec0e19bc61adfa97fde0112be9f340f3e930937d,cotengra_one_trial,20260957,False,1dpu_t8,True,,44fdbd8b7316f230aba77ba465e64e14dfaa4c5aa3aec0c1e8199624fa23c1d8,1ce6247dfa18790b88db74169ed4cf2bcf5e65c192c6f78266c70c0876b7cc88,69400.0,34700.0,512.0,8192.0,966.0,9,27,296896.0,311392.0,138800.0,839.0,0.0,13568.0,19296,277600,27,27,27,108,0,704,0,0.9912824207492795,1.0,562880,330
ghz_chain_14q,test,cef7d2351bd3fdee47ed870eec0e19bc61adfa97fde0112be9f340f3e930937d,cotengra_one_trial,20260957,False,4dpu_t8,False,collection_resource_admission_failed:dominant_work_wave_underfilled,44fdbd8b7316f230aba77ba465e64e14dfaa4c5aa3aec0c1e8199624fa23c1d8,97eed0c2b3ebeef6ac0d56f688c7126bb20635e0cebb88ae72b501206f9eaf93,69400.0,34700.0,512.0,8192.0,966.0,9,27,296896.0,311392.0,138800.0,839.0,0.0,13568.0,19296,277600,27,27,27,108,0,704,27,0.9912824207492795,0.25,562880,330
ghz_chain_14q,test,d1be902a45baf12d1766bd0671776af4e9b012f248aeed3f5d15a9ef3ee0462e,cotengra_one_trial,20260913,False,1dpu_t8,False,semantic_identity_expansion_exceeds_preregistered_bound,,,,,,,,,,,,,,,,,,,,,,,,,,,,
ghz_chain_14q,test,d1be902a45baf12d1766bd0671776af4e9b012f248aeed3f5d15a9ef3ee0462e,cotengra_one_trial,20260913,False,4dpu_t8,False,semantic_identity_expansion_exceeds_preregistered_bound,,,,,,,,,,,,,,,,,,,,,,,,,,,,
ghz_chain_14q,test,dc301962b268e2f6e570694a7c15f64c11b0edeef9ae7216ed736fc43cbc754e,cotengra_one_trial,20260960,False,1dpu_t8,False,estimated_work_unit_count_exceeds_preregistered_bound,,,,,,,,,,,,,,,,,,,,,,,,,,,,
ghz_chain_14q,test,dc301962b268e2f6e570694a7c15f64c11b0edeef9ae7216ed736fc43cbc754e,cotengra_one_trial,20260960,False,4dpu_t8,False,estimated_work_unit_count_exceeds_preregistered_bound,,,,,,,,,,,,,,,,,,,,,,,,,,,,
ghz_chain_14q,test,e2767b79828e58f5482f1f6057b4b1c8dd32bdeb7fa79e6abd146751bc651303,cotengra_one_trial,20260934,False,1dpu_t8,False,semantic_identity_expansion_exceeds_preregistered_bound,,,,,,,,,,,,,,,,,,,,,,,,,,,,
ghz_chain_14q,test,e2767b79828e58f5482f1f6057b4b1c8dd32bdeb7fa79e6abd146751bc651303,cotengra_one_trial,20260934,False,4dpu_t8,False,semantic_identity_expansion_exceeds_preregistered_bound,,,,,,,,,,,,,,,,,,,,,,,,,,,,
ghz_chain_14q,test,e8b6ce399654742b778baafa0ed86b10fee5f48b03ee025a0deeaa88b7e50eec,cotengra_one_trial,20260965,False,1dpu_t8,True,,51d15d646eb3a114ba31987efc017254390e23e84cee7d8039b217819455f636,f80e5350ab32cdb67134eab0f22e55e1453630a50f85dd44f831711d11caf822,69400.0,34700.0,512.0,8192.0,966.0,9,27,296896.0,311232.0,138800.0,839.0,0.0,13568.0,19296,277600,27,27,27,108,0,704,0,0.990878962536023,1.0,562880,204
ghz_chain_14q,test,e8b6ce399654742b778baafa0ed86b10fee5f48b03ee025a0deeaa88b7e50eec,cotengra_one_trial,20260965,False,4dpu_t8,False,collection_resource_admission_failed:dominant_work_wave_underfilled,51d15d646eb3a114ba31987efc017254390e23e84cee7d8039b217819455f636,c8c7f5f8beece939a8ae387b0fc851a3084e49c7a1bf7cf06d0650b703cc8232,69400.0,34700.0,512.0,8192.0,966.0,9,27,296896.0,311232.0,138800.0,839.0,0.0,13568.0,19296,277600,27,27,27,108,0,704,27,0.990878962536023,0.25,562880,204
ghz_chain_14q,test,eb439d17a4d9b0c25fb0bfa99f238809362f7ef40ae789c9418308a16b510367,cotengra_one_trial,20260951,False,1dpu_t8,True,,75a5e0a7e339e690de27408a09a592eda4b288621d8b8895573b824c18315c1c,d46c84d6acad6f788685cd040dc395ded4cdbeb79114c2c88e17902fb7b9f119,71256.0,35628.0,1024.0,16384.0,1430.0,10,27,312768.0,312768.0,142512.0,812.0,0.0,13568.0,27744,285024,28,28,28,112,0,672,0,0.9915656225440664,1.0,577728,316
ghz_chain_14q,test,eb439d17a4d9b0c25fb0bfa99f238809362f7ef40ae789c9418308a16b510367,cotengra_one_trial,20260951,False,4dpu_t8,False,collection_resource_admission_failed:dominant_work_wave_underfilled,75a5e0a7e339e690de27408a09a592eda4b288621d8b8895573b824c18315c1c,1e06f86d65a574454187f5de81fef75579f02d2d4dcea7605b5bbb45e9658189,71256.0,35628.0,1024.0,16384.0,1430.0,10,27,312768.0,312768.0,142512.0,807.0,0.0,13568.0,27744,285024,28,27,27,108,0,672,27,0.9915656225440664,0.4799315145391265,577728,316
ghz_chain_14q,test,eb762bc7418975b45dfeeb444e04bf3231a68e4be7a990612a20dc9b0a4710c4,cotengra_one_trial,20260931,False,1dpu_t8,True,,46383460167a830e54cc40760dd88c8b0353ef34021a9cc9b750f2c42107a325,22d4e9c5340398c0a65725c6d5fa62dfd3380632442a68c2eb8d61ec5db79d3f,68952.0,34476.0,256.0,4096.0,854.0,8,27,293312.0,305600.0,137904.0,807.0,0.0,13568.0,17504,275808,27,27,27,108,0,672,0,0.9912837916231582,1.0,559296,204
ghz_chain_14q,test,eb762bc7418975b45dfeeb444e04bf3231a68e4be7a990612a20dc9b0a4710c4,cotengra_one_trial,20260931,False,4dpu_t8,False,collection_resource_admission_failed:dominant_work_wave_underfilled,46383460167a830e54cc40760dd88c8b0353ef34021a9cc9b750f2c42107a325,bb334a908d53b864d79b643e86de17a25ca57bfaa212c50cef4d849c19763fe3,68952.0,34476.0,256.0,4096.0,854.0,8,27,293312.0,305600.0,137904.0,807.0,0.0,13568.0,17504,275808,27,27,27,108,0,672,27,0.9912837916231582,0.25,559296,204
ghz_chain_14q,test,fa32514d87fb38c65b15012dc21568de82c771d6f35ccb8e76ed451ababf7819,cotengra_one_trial,20260906,False,1dpu_t8,True,,1f1d06353812960da2ed6407995f69dd4a8ca0d8126bbb0018eb4269da48ed59,c22083227abcdd17bc6d20a25620cd124a12f8314530d04c7b55dd6c754ea743,69400.0,34700.0,512.0,8192.0,966.0,9,27,296896.0,305248.0,138800.0,791.0,0.0,13568.0,19296,277600,27,27,27,108,0,656,0,0.9912824207492795,1.0,562880,330
ghz_chain_14q,test,fa32514d87fb38c65b15012dc21568de82c771d6f35ccb8e76ed451ababf7819,cotengra_one_trial,20260906,False,4dpu_t8,False,collection_resource_admission_failed:dominant_work_wave_underfilled,1f1d06353812960da2ed6407995f69dd4a8ca0d8126bbb0018eb4269da48ed59,88b4208cdccf37056e0fcdcfdea0d2e6ee793ef60a630c32eafc42c6de7b6abf,69400.0,34700.0,512.0,8192.0,966.0,9,27,296896.0,305248.0,138800.0,791.0,0.0,13568.0,19296,277600,27,27,27,108,0,656,27,0.9912824207492795,0.25,562880,330
ghz_chain_14q,test,fff092fdc58a578ea2c4a6a5ca195539afa936e087890be0eb25ebd560df6993,cotengra_one_trial,20260937,False,1dpu_t8,False,semantic_identity_expansion_exceeds_preregistered_bound,,,,,,,,,,,,,,,,,,,,,,,,,,,,
ghz_chain_14q,test,fff092fdc58a578ea2c4a6a5ca195539afa936e087890be0eb25ebd560df6993,cotengra_one_trial,20260937,False,4dpu_t8,False,semantic_identity_expansion_exceeds_preregistered_bound,,,,,,,,,,,,,,,,,,,,,,,,,,,,
xor_18q,test,c710a921a416f4cdb59f086693fd3c85461ca78229c6bf36cf00cf62c395f3d1,opt_einsum_greedy,,True,1dpu_t8,True,,bd1566a5ef69f890556faf58a4050825539f848d089ab32b8a88b4ae2e3f9a3d,bb3b16d502bfc3fbd59d4f2f973b61b98b94820a6abd294e5f919da0b5eda921,1748632.0,874316.0,131072.0,2097152.0,175014.0,17,35,9853120.0,10235168.0,3497264.0,29863.0,0.0,13568.0,2858592,6994528,371,371,371,1484,0,28008,0,0.6997178365716743,1.0,13999040,2116
xor_18q,test,c710a921a416f4cdb59f086693fd3c85461ca78229c6bf36cf00cf62c395f3d1,opt_einsum_greedy,,True,4dpu_t8,True,,bd1566a5ef69f890556faf58a4050825539f848d089ab32b8a88b4ae2e3f9a3d,369f54a5355be372b835800943c1418ff53cd5355919204b58716f056445b91e,1748632.0,874316.0,131072.0,2097152.0,175014.0,17,35,9853120.0,10235168.0,3497264.0,28588.0,0.0,13568.0,2858592,6994528,371,116,116,464,0,28008,31,0.6997178365716743,0.9948840007503008,13999040,2116
xor_18q,test,03cf5673145a0f006ade75d2d440790c5dc8e05fcb32b004e8f4f16e65eb9323,cotengra_one_trial,20260936,False,1dpu_t8,True,,c0cada04d70b72dd131e95d43a7d3ffe8b5e4e3b4cd3ac3755a31931c190946f,2a9652b5d87840602cb9181c9e2d05f686362d2c6d17578176b7c27b020cad75,1061144.0,530572.0,2048.0,32768.0,3142.0,11,35,4324416.0,4553952.0,2122288.0,1326.0,0.0,13568.0,79840,4244576,38,38,38,152,0,1136,0,0.9993243141364414,1.0,8499136,614
xor_18q,test,03cf5673145a0f006ade75d2d440790c5dc8e05fcb32b004e8f4f16e65eb9323,cotengra_one_trial,20260936,False,4dpu_t8,True,,c0cada04d70b72dd131e95d43a7d3ffe8b5e4e3b4cd3ac3755a31931c190946f,3f73d13fb615a3c284b708e385cedd65243a5a7cdf3ba48576e76f021223a28b,1061144.0,530572.0,2048.0,32768.0,3142.0,11,35,4324416.0,4553952.0,2122288.0,1311.0,0.0,13568.0,79840,4244576,38,35,35,140,0,1136,34,0.9993243141364414,0.9911171339610835,8499136,614
xor_18q,test,048dd4bc37876c7e9f9a3e6f23a3a8ea0097a3ded9fe87b34d5961bc982ae4c1,cotengra_one_trial,20260929,False,1dpu_t8,False,estimated_work_unit_count_exceeds_preregistered_bound,,,,,,,,,,,,,,,,,,,,,,,,,,,,
xor_18q,test,048dd4bc37876c7e9f9a3e6f23a3a8ea0097a3ded9fe87b34d5961bc982ae4c1,cotengra_one_trial,20260929,False,4dpu_t8,False,estimated_work_unit_count_exceeds_preregistered_bound,,,,,,,,,,,,,,,,,,,,,,,,,,,,
xor_18q,test,0612730157ccb37c76ab7b969a1f7dc95d6a1d7dbf2bb96d90ae75bdd8ccfcfe,cotengra_one_trial,20260930,False,1dpu_t8,False,semantic_identity_expansion_exceeds_preregistered_bound,,,,,,,,,,,,,,,,,,,,,,,,,,,,
xor_18q,test,0612730157ccb37c76ab7b969a1f7dc95d6a1d7dbf2bb96d90ae75bdd8ccfcfe,cotengra_one_trial,20260930,False,4dpu_t8,False,semantic_identity_expansion_exceeds_preregistered_bound,,,,,,,,,,,,,,,,,,,,,,,,,,,,
xor_18q,test,0ac60fbc94956aa3c68296a6d5983e72a107ace6b2417294f28de4e06923e070,cotengra_one_trial,20260913,False,1dpu_t8,False,estimated_work_unit_count_exceeds_preregistered_bound,,,,,,,,,,,,,,,,,,,,,,,,,,,,
xor_18q,test,0ac60fbc94956aa3c68296a6d5983e72a107ace6b2417294f28de4e06923e070,cotengra_one_trial,20260913,False,4dpu_t8,False,estimated_work_unit_count_exceeds_preregistered_bound,,,,,,,,,,,,,,,,,,,,,,,,,,,,
xor_18q,test,10ff92d96f56c812e3e4addf127a68770b6a75b39e8ab464b498304f6aff520a,cotengra_one_trial,20260961,False,1dpu_t8,False,estimated_work_unit_count_exceeds_preregistered_bound,,,,,,,,,,,,,,,,,,,,,,,,,,,,
xor_18q,test,10ff92d96f56c812e3e4addf127a68770b6a75b39e8ab464b498304f6aff520a,cotengra_one_trial,20260961,False,4dpu_t8,False,estimated_work_unit_count_exceeds_preregistered_bound,,,,,,,,,,,,,,,,,,,,,,,,,,,,
xor_18q,test,11cc2128d3d9a1cd90270803accb6247b547af5d8f78312a74e0eba6aedc102f,cotengra_one_trial,20260909,False,1dpu_t8,False,estimated_work_unit_count_exceeds_preregistered_bound,,,,,,,,,,,,,,,,,,,,,,,,,,,,
xor_18q,test,11cc2128d3d9a1cd90270803accb6247b547af5d8f78312a74e0eba6aedc102f,cotengra_one_trial,20260909,False,4dpu_t8,False,estimated_work_unit_count_exceeds_preregistered_bound,,,,,,,,,,,,,,,,,,,,,,,,,,,,
xor_18q,test,125f2896e4e7737cc9312dafe2ec24a31b5021748e082df25b66f22906e786fc,cotengra_one_trial,20260939,False,1dpu_t8,False,semantic_identity_expansion_exceeds_preregistered_bound,,,,,,,,,,,,,,,,,,,,,,,,,,,,
xor_18q,test,125f2896e4e7737cc9312dafe2ec24a31b5021748e082df25b66f22906e786fc,cotengra_one_trial,20260939,False,4dpu_t8,False,semantic_identity_expansion_exceeds_preregistered_bound,,,,,,,,,,,,,,,,,,,,,,,,,,,,
xor_18q,test,1436a094968b9cddd0c4eb2af7ed237a01eb12b310419c2f6e9e00127b0982f7,cotengra_one_trial,20260920,False,1dpu_t8,True,,b57c6dc035b9340c1710e04faaf2353993bad8d952db5055af0c78e97e25ab80,984833a5e4c80850778e7a8cf363e908dd9e1e2f5a0e5e52dc8cedff8a286940,1070336.0,535168.0,4096.0,65536.0,5440.0,12,35,4402048.0,4600704.0,2140672.0,1418.0,0.0,13568.0,120704,4281344,42,42,42,168,0,1208,0,0.9989461253288687,1.0,8572672,894
xor_18q,test,1436a094968b9cddd0c4eb2af7ed237a01eb12b310419c2f6e9e00127b0982f7,cotengra_one_trial,20260920,False,4dpu_t8,True,,b57c6dc035b9340c1710e04faaf2353993bad8d952db5055af0c78e97e25ab80,e8f995dc059ccb341562b53c6215e310d22f1ddd1d4fa9bbcbd6b9ed37e21d8d,1070336.0,535168.0,4096.0,65536.0,5440.0,12,35,4402048.0,4600704.0,2140672.0,1388.0,0.0,13568.0,120704,4281344,42,36,36,144,0,1208,34,0.9989461253288687,0.9847524515666108,8572672,894
xor_18q,test,1617791e3393bcb8641e90df14235366cc2fcb7c6093c141f6716e0f9c2e79de,cotengra_one_trial,20260922,False,1dpu_t8,False,estimated_work_unit_count_exceeds_preregistered_bound,,,,,,,,,,,,,,,,,,,,,,,,,,,,
xor_18q,test,1617791e3393bcb8641e90df14235366cc2fcb7c6093c141f6716e0f9c2e79de,cotengra_one_trial,20260922,False,4dpu_t8,False,estimated_work_unit_count_exceeds_preregistered_bound,,,,,,,,,,,,,,,,,,,,,,,,,,,,
xor_18q,test,16274eac67c7ed28fd7c774c676b4b523b1da2e7f5648aad820d19af6ccbcb49,cotengra_one_trial,20260907,False,1dpu_t8,False,estimated_work_unit_count_exceeds_preregistered_bound,,,,,,,,,,,,,,,,,,,,,,,,,,,,
xor_18q,test,16274eac67c7ed28fd7c774c676b4b523b1da2e7f5648aad820d19af6ccbcb49,cotengra_one_trial,20260907,False,4dpu_t8,False,estimated_work_unit_count_exceeds_preregistered_bound,,,,,,,,,,,,,,,,,,,,,,,,,,,,
xor_18q,test,179e5af472f176d93cedc583a0f7d41b8deb787f97d3c552f122d047340799ba,cotengra_one_trial,20260932,False,1dpu_t8,True,,a63a935beb895833fbe7772209a7eee942fd5656adbb60b3168abd63788d184e,658df20da7fe017d0caabd9ed382dd9dce70d85aa20029a516c37967d4746c06,1071200.0,535600.0,4096.0,65536.0,5656.0,12,35,4408960.0,4605568.0,2142400.0,1410.0,0.0,13568.0,124160,4284800,42,42,42,168,0,1200,0,0.999286781179985,1.0,8579584,872
xor_18q,test,179e5af472f176d93cedc583a0f7d41b8deb787f97d3c552f122d047340799ba,cotengra_one_trial,20260932,False,4dpu_t8,True,,a63a935beb895833fbe7772209a7eee942fd5656adbb60b3168abd63788d184e,af73c13336e37bb6dac18123288b75df4a663aa18e7cb54e0f1bf0c273d59e09,1071200.0,535600.0,4096.0,65536.0,5656.0,12,35,4408960.0,4605568.0,2142400.0,1380.0,0.0,13568.0,124160,4284800,42,36,36,144,0,1200,34,0.999286781179985,0.9841598207617626,8579584,872
xor_18q,test,1996ae2efb7325e20ed2b8fae0e03c06d2a440957fc4a2a6d172e9867c3546a0,cotengra_one_trial,20260958,False,1dpu_t8,False,estimated_work_unit_count_exceeds_preregistered_bound,,,,,,,,,,,,,,,,,,,,,,,,,,,,
xor_18q,test,1996ae2efb7325e20ed2b8fae0e03c06d2a440957fc4a2a6d172e9867c3546a0,cotengra_one_trial,20260958,False,4dpu_t8,False,estimated_work_unit_count_exceeds_preregistered_bound,,,,,,,,,,,,,,,,,,,,,,,,,,,,
xor_18q,test,2022a0f97171646ccb08b2d2f5796596a05c4a9de1f2382b10307fe629bc2ee1,cotengra_one_trial,20260946,False,1dpu_t8,True,,4fb4726ada99ff8c1a7d2d8583aa4f29fa64b780e6442f429275e19ebf9f64ea,14535cae0359cc779760f0fe55ee6c42dc273791974d4690c45776b86616bde8,1072896.0,536448.0,4096.0,65536.0,6080.0,12,35,4422528.0,4619232.0,2145792.0,1434.0,0.0,13568.0,130944,4291584,42,42,42,168,0,1224,0,0.9989039012168933,1.0,8593152,4386
xor_18q,test,2022a0f97171646ccb08b2d2f5796596a05c4a9de1f2382b10307fe629bc2ee1,cotengra_one_trial,20260946,False,4dpu_t8,True,,4fb4726ada99ff8c1a7d2d8583aa4f29fa64b780e6442f429275e19ebf9f64ea,d2bd5aa5c19ba70c9f88caf742f2c34174511ac8408d55b34d7ead204390c97b,1072896.0,536448.0,4096.0,65536.0,6080.0,12,35,4422528.0,4619232.0,2145792.0,1404.0,0.0,13568.0,130944,4291584,42,36,36,144,0,1224,34,0.9989039012168933,0.9829992841803865,8593152,4386
xor_18q,test,2078bc1ad6afe4ac64b990967e948f0a11f4a1f2b4abee7d2ce7016f289040d1,cotengra_one_trial,20260921,False,1dpu_t8,True,,159ed97807cf5eb60642012af8254b2fdc4e414508ffabcaf515c768e1ab3fc3,9f18ab0bb40e71a0dd71d428360ae3f4ae563b9c3861bd539386a4c09e16edcc,1068888.0,534444.0,4096.0,65536.0,5078.0,12,35,4390464.0,4587072.0,2137776.0,1410.0,0.0,13568.0,114912,4275552,42,42,42,168,0,1200,0,0.9992730763185665,1.0,8561088,384
xor_18q,test,2078bc1ad6afe4ac64b990967e948f0a11f4a1f2b4abee7d2ce7016f289040d1,cotengra_one_trial,20260921,False,4dpu_t8,True,,159ed97807cf5eb60642012af8254b2fdc4e414508ffabcaf515c768e1ab3fc3,a114e992fde631df7750aa202be964dfb084065011e02dbbd4b899f0bbd4477c,1068888.0,534444.0,4096.0,65536.0,5078.0,12,35,4390464.0,4587072.0,2137776.0,1380.0,0.0,13568.0,114912,4275552,42,36,36,144,0,1200,34,0.9992730763185665,0.98574780519568,8561088,384
xor_18q,test,2549c6040977fe34fe75d9120dafc299065f8ea3b99cd2aa80b472f9de55db87,cotengra_one_trial,20260938,False,1dpu_t8,True,,29f0ede1db8bcbf0c0a0e33e4dba13ae262aa6835c928359802403665faca6b4,b852abed9f84c99d889f32b451bff3aabaf24769544686531ba9d7363e0547d1,1202880.0,601440.0,32768.0,524288.0,38576.0,15,35,5469568.0,5469632.0,2405760.0,3061.0,0.0,13568.0,658048,4811520,105,105,105,420,0,2536,0,0.9983040702314445,1.0,9633024,4600
xor_18q,test,2549c6040977fe34fe75d9120dafc299065f8ea3b99cd2aa80b472f9de55db87,cotengra_one_trial,20260938,False,4dpu_t8,True,,29f0ede1db8bcbf0c0a0e33e4dba13ae262aa6835c928359802403665faca6b4,478152451ea477e3274ff6b54212862f6d92b01f7363797c17ea756d3ccf18f4,1202880.0,601440.0,32768.0,524288.0,38576.0,15,35,5469568.0,5469632.0,2405760.0,2791.0,0.0,13568.0,658048,4811520,105,51,51,204,0,2536,33,0.9983040702314445,0.9855147645650439,9633024,4600
xor_18q,test,273e4c5abcc829bde3a5515c2c3604b4955dc97dc05f03d62c337c6ed95d4efa,cotengra_one_trial,20260916,False,1dpu_t8,False,semantic_identity_expansion_exceeds_preregistered_bound,,,,,,,,,,,,,,,,,,,,,,,,,,,,
xor_18q,test,273e4c5abcc829bde3a5515c2c3604b4955dc97dc05f03d62c337c6ed95d4efa,cotengra_one_trial,20260916,False,4dpu_t8,False,semantic_identity_expansion_exceeds_preregistered_bound,,,,,,,,,,,,,,,,,,,,,,,,,,,,
xor_18q,test,291160da183d6244ceecc595808e4b9b6996e28ea3a66003b75d1d2f2f6275a8,cotengra_one_trial,20260923,False,1dpu_t8,False,estimated_work_unit_count_exceeds_preregistered_bound,,,,,,,,,,,,,,,,,,,,,,,,,,,,
xor_18q,test,291160da183d6244ceecc595808e4b9b6996e28ea3a66003b75d1d2f2f6275a8,cotengra_one_trial,20260923,False,4dpu_t8,False,estimated_work_unit_count_exceeds_preregistered_bound,,,,,,,,,,,,,,,,,,,,,,,,,,,,
xor_18q,test,305e7ec9be5046d4a47ccec8c3568ee69214313893db67a7a7c6b881032bc32e,cotengra_one_trial,20260943,False,1dpu_t8,False,estimated_work_unit_count_exceeds_preregistered_bound,,,,,,,,,,,,,,,,,,,,,,,,,,,,
xor_18q,test,305e7ec9be5046d4a47ccec8c3568ee69214313893db67a7a7c6b881032bc32e,cotengra_one_trial,20260943,False,4dpu_t8,False,estimated_work_unit_count_exceeds_preregistered_bound,,,,,,,,,,,,,,,,,,,,,,,,,,,,
xor_18q,test,3ad85aaf2bec09822f757a22ed21bfe09e4020506d34bcba07a6eb38ae8b70e0,cotengra_one_trial,20260910,False,1dpu_t8,False,estimated_work_unit_count_exceeds_preregistered_bound,,,,,,,,,,,,,,,,,,,,,,,,,,,,
xor_18q,test,3ad85aaf2bec09822f757a22ed21bfe09e4020506d34bcba07a6eb38ae8b70e0,cotengra_one_trial,20260910,False,4dpu_t8,False,estimated_work_unit_count_exceeds_preregistered_bound,,,,,,,,,,,,,,,,,,,,,,,,,,,,
xor_18q,test,42114024b2e7d05d3f1a6a06d4e5e1d455e27821d6061fa5e6222554eadcc793,cotengra_one_trial,20260908,False,1dpu_t8,True,,111984d463e523a6525e09e00e76fcb951ed50d16310e68ee45c780bdc1268b8,449e101b6b0198b4e0b12d6b4bb06c6884e426a40250b608df7a949402beb2e4,1061168.0,530584.0,2048.0,32768.0,3148.0,11,35,4324608.0,4553984.0,2122336.0,1326.0,0.0,13568.0,79936,4244672,38,38,38,152,0,1136,0,0.9992216124119838,1.0,8499328,610
xor_18q,test,42114024b2e7d05d3f1a6a06d4e5e1d455e27821d6061fa5e6222554eadcc793,cotengra_one_trial,20260908,False,4dpu_t8,True,,111984d463e523a6525e09e00e76fcb951ed50d16310e68ee45c780bdc1268b8,658b47b6f725af11fd3ef36d4cd6927189fa6fa76ac0c1003c16a7176357dc33,1061168.0,530584.0,2048.0,32768.0,3148.0,11,35,4324608.0,4553984.0,2122336.0,1311.0,0.0,13568.0,79936,4244672,38,35,35,140,0,1136,34,0.9992216124119838,0.9911003724198242,8499328,610
xor_18q,test,49c4aa68f342ce48d39375c6a5f53b3d93d11a45859e0af58d29ed568faa0418,cotengra_one_trial,20260940,False,1dpu_t8,True,,6e49f0a95b1c48eca6c7f7c382ad98f0560b01dea028e1581e68e05f8771d138,6c65384fb4a63034ca0b06d30d58ff0a4934304018dccd0f0df197a1f1aa4039,1120344.0,560172.0,16384.0,262144.0,17942.0,14,35,4806208.0,4806208.0,2240688.0,1943.0,0.0,13568.0,324832,4481376,67,67,67,268,0,1608,0,0.9993064630149311,1.0,8972736,356
xor_18q,test,49c4aa68f342ce48d39375c6a5f53b3d93d11a45859e0af58d29ed568faa0418,cotengra_one_trial,20260940,False,4dpu_t8,True,,6e49f0a95b1c48eca6c7f7c382ad98f0560b01dea028e1581e68e05f8771d138,2ff910120807bac3ecf106d9c2c608828711d5eabd0230b61e07d13556135bb2,1120344.0,560172.0,16384.0,262144.0,17942.0,14,35,4806208.0,4806208.0,2240688.0,1818.0,0.0,13568.0,324832,4481376,67,42,42,168,0,1608,34,0.9993064630149311,0.9665799075998086,8972736,356
xor_18q,test,4c4888b44c58a697d8656878e61c1cd0295a60160983220be8631ff23c926bf6,cotengra_one_trial,20260964,False,1dpu_t8,False,estimated_work_unit_count_exceeds_preregistered_bound,,,,,,,,,,,,,,,,,,,,,,,,,,,,
xor_18q,test,4c4888b44c58a697d8656878e61c1cd0295a60160983220be8631ff23c926bf6,cotengra_one_trial,20260964,False,4dpu_t8,False,estimated_work_unit_count_exceeds_preregistered_bound,,,,,,,,,,,,,,,,,,,,,,,,,,,,
xor_18q,test,4ced5fd4b0477252b63a59b65c23457264a76b8f2160a283051c818c88740502,cotengra_one_trial,20260965,False,1dpu_t8,True,,5396a80d1ac4cfb3b0bd776a7c812d2a030c0454b040735bd2abfb1530aeb05d,b7f563f19b6f2e8ebc6478c8cfa17b71fd33885e443cb6e48e5d352c851e1304,1061656.0,530828.0,2048.0,32768.0,3270.0,11,35,4328512.0,4557888.0,2123312.0,1326.0,0.0,13568.0,81888,4246624,38,38,38,152,0,1136,0,0.9992379829247892,1.0,8503232,260
xor_18q,test,4ced5fd4b0477252b63a59b65c23457264a76b8f2160a283051c818c88740502,cotengra_one_trial,20260965,False,4dpu_t8,True,,5396a80d1ac4cfb3b0bd776a7c812d2a030c0454b040735bd2abfb1530aeb05d,a557fa3af4cfd5d98b8dfbdb26d923c9ac7a6e61fba80ca7e8edc9fe79d008b3,1061656.0,530828.0,2048.0,32768.0,3270.0,11,35,4328512.0,4557888.0,2123312.0,1311.0,0.0,13568.0,81888,4246624,38,35,35,140,0,1136,34,0.9992379829247892,0.9907597187789642,8503232,260
xor_18q,test,5084a09d326fc2a19a1a1615e78459ab0fedba6ea4125ce3e2445cd11dfa8394,cotengra_one_trial,20260948,False,1dpu_t8,False,estimated_work_unit_count_exceeds_preregistered_bound,,,,,,,,,,,,,,,,,,,,,,,,,,,,
xor_18q,test,5084a09d326fc2a19a1a1615e78459ab0fedba6ea4125ce3e2445cd11dfa8394,cotengra_one_trial,20260948,False,4dpu_t8,False,estimated_work_unit_count_exceeds_preregistered_bound,,,,,,,,,,,,,,,,,,,,,,,,,,,,
xor_18q,test,54b1e3c8a1e9e9e197d5da650259f2c5f348de44b66c82a67a201fec6400f768,cotengra_one_trial,20260949,False,1dpu_t8,False,estimated_work_unit_count_exceeds_preregistered_bound,,,,,,,,,,,,,,,,,,,,,,,,,,,,
xor_18q,test,54b1e3c8a1e9e9e197d5da650259f2c5f348de44b66c82a67a201fec6400f768,cotengra_one_trial,20260949,False,4dpu_t8,False,estimated_work_unit_count_exceeds_preregistered_bound,,,,,,,,,,,,,,,,,,,,,,,,,,,,
xor_18q,test,618aea882a010b207051b65fa8440becb730e25eca2f9d965d3d0c182599786d,cotengra_one_trial,20260917,False,1dpu_t8,False,estimated_work_unit_count_exceeds_preregistered_bound,,,,,,,,,,,,,,,,,,,,,,,,,,,,
xor_18q,test,618aea882a010b207051b65fa8440becb730e25eca2f9d965d3d0c182599786d,cotengra_one_trial,20260917,False,4dpu_t8,False,estimated_work_unit_count_exceeds_preregistered_bound,,,,,,,,,,,,,,,,,,,,,,,,,,,,
xor_18q,test,6237fbdc38dc43576f403128f27004061a90f6212837a477e662325784d661f6,cotengra_one_trial,20260926,False,1dpu_t8,False,estimated_work_unit_count_exceeds_preregistered_bound,,,,,,,,,,,,,,,,,,,,,,,,,,,,
xor_18q,test,6237fbdc38dc43576f403128f27004061a90f6212837a477e662325784d661f6,cotengra_one_trial,20260926,False,4dpu_t8,False,estimated_work_unit_count_exceeds_preregistered_bound,,,,,,,,,,,,,,,,,,,,,,,,,,,,
xor_18q,test,67d835445371efcdf66b2aa73c0b7320581c41f616a7c8ae0c4b9d92f63d2669,cotengra_one_trial,20260953,False,1dpu_t8,False,estimated_work_unit_count_exceeds_preregistered_bound,,,,,,,,,,,,,,,,,,,,,,,,,,,,
xor_18q,test,67d835445371efcdf66b2aa73c0b7320581c41f616a7c8ae0c4b9d92f63d2669,cotengra_one_trial,20260953,False,4dpu_t8,False,estimated_work_unit_count_exceeds_preregistered_bound,,,,,,,,,,,,,,,,,,,,,,,,,,,,
xor_18q,test,67e0deb920f8aa9c50b717472e8ee2e9e6255335b2004b51793d3a520951d9f1,cotengra_one_trial,20260963,False,1dpu_t8,False,estimated_work_unit_count_exceeds_preregistered_bound,,,,,,,,,,,,,,,,,,,,,,,,,,,,
xor_18q,test,67e0deb920f8aa9c50b717472e8ee2e9e6255335b2004b51793d3a520951d9f1,cotengra_one_trial,20260963,False,4dpu_t8,False,estimated_work_unit_count_exceeds_preregistered_bound,,,,,,,,,,,,,,,,,,,,,,,,,,,,
xor_18q,test,6b58a53a2cdac7b7bdb1283bc4b95d39a6f1f366b5f7e2bf3314ba30aa90f736,cotengra_one_trial,20260942,False,1dpu_t8,False,estimated_work_unit_count_exceeds_preregistered_bound,,,,,,,,,,,,,,,,,,,,,,,,,,,,
xor_18q,test,6b58a53a2cdac7b7bdb1283bc4b95d39a6f1f366b5f7e2bf3314ba30aa90f736,cotengra_one_trial,20260942,False,4dpu_t8,False,estimated_work_unit_count_exceeds_preregistered_bound,,,,,,,,,,,,,,,,,,,,,,,,,,,,
xor_18q,test,7413dadeffa7f60e5c88adf1c2c47b59b09367117b21cdf40f1dc4bb808c84a1,cotengra_one_trial,20260906,False,1dpu_t8,True,,78c07f29c525d1050443fa13e199cf457e444a04b13790437583d1fc96f1d3fd,f553fe4268e5f11ba0bd8b9f56d3f8912d037170d070c58956d43d29e45963a0,1059096.0,529548.0,1024.0,16384.0,2630.0,10,35,4316224.0,4546272.0,2118192.0,1334.0,0.0,13568.0,79840,4236384,38,38,38,152,0,1144,0,0.9992625786519824,1.0,8482752,370
xor_18q,test,7413dadeffa7f60e5c88adf1c2c47b59b09367117b21cdf40f1dc4bb808c84a1,cotengra_one_trial,20260906,False,4dpu_t8,True,,78c07f29c525d1050443fa13e199cf457e444a04b13790437583d1fc96f1d3fd,b3d9c6b71cc84ccc75a52d88272ae7de45a89a27603f9611e9b0eb3591fbd163,1059096.0,529548.0,1024.0,16384.0,2630.0,10,35,4316224.0,4546272.0,2118192.0,1319.0,0.0,13568.0,79840,4236384,38,35,35,140,0,1144,34,0.9992625786519824,0.9925502504022298,8482752,370
xor_18q,test,74aa2aabd5f8f49ad2b465e94bd3bb61a611941fef0d950d247960f09342fd29,cotengra_one_trial,20260911,False,1dpu_t8,False,estimated_work_unit_count_exceeds_preregistered_bound,,,,,,,,,,,,,,,,,,,,,,,,,,,,
xor_18q,test,74aa2aabd5f8f49ad2b465e94bd3bb61a611941fef0d950d247960f09342fd29,cotengra_one_trial,20260911,False,4dpu_t8,False,estimated_work_unit_count_exceeds_preregistered_bound,,,,,,,,,,,,,,,,,,,,,,,,,,,,
xor_18q,test,775423ed28ae39fd73d49a39150e4306b94cd412d70398954cf2845c0977ea03,cotengra_one_trial,20260951,False,1dpu_t8,True,,e4b19c19a2d3eb74e6ad2f04f0844389e1a441ece715350db1b73f9863407dd3,2b9be568f40e3eb16c1432d7c0ad33cca9ef1b0efdb04620effa038473f80f92,1069848.0,534924.0,4096.0,65536.0,5318.0,12,35,4398144.0,4594752.0,2139696.0,1410.0,0.0,13568.0,118752,4279392,42,42,42,168,0,1200,0,0.9992438178133716,1.0,8568768,244
xor_18q,test,775423ed28ae39fd73d49a39150e4306b94cd412d70398954cf2845c0977ea03,cotengra_one_trial,20260951,False,4dpu_t8,True,,e4b19c19a2d3eb74e6ad2f04f0844389e1a441ece715350db1b73f9863407dd3,c603f44549b85de4a491aeac9fa82da26e495fed5faf59f99691c99fad2a5fe2,1069848.0,534924.0,4096.0,65536.0,5318.0,12,35,4398144.0,4594752.0,2139696.0,1380.0,0.0,13568.0,118752,4279392,42,36,36,144,0,1200,34,0.9992438178133716,0.9850876012293335,8568768,244
xor_18q,test,77c108997a106420a0c706085c8daeec7df79745a751dac06a798884fa6161d1,cotengra_one_trial,20260919,False,1dpu_t8,False,estimated_work_unit_count_exceeds_preregistered_bound,,,,,,,,,,,,,,,,,,,,,,,,,,,,
xor_18q,test,77c108997a106420a0c706085c8daeec7df79745a751dac06a798884fa6161d1,cotengra_one_trial,20260919,False,4dpu_t8,False,estimated_work_unit_count_exceeds_preregistered_bound,,,,,,,,,,,,,,,,,,,,,,,,,,,,
xor_18q,test,7b2dfe7a22373d31575a81a33168f1f0e28d2db8e471e28e12c7d96aa8b50d4f,cotengra_one_trial,20260945,False,1dpu_t8,True,,8aba4d198828eefdeb5e9c6d3c6eb9e6aa9ca2444f2edd30049217b5fad6c3c4,f436f2c9f5736897083438b228504ab28dbc8d9ab71f4d0c0c2db22d6eb4cfca,1200544.0,600272.0,16384.0,262144.0,37992.0,14,35,5449408.0,5607776.0,2401088.0,5879.0,0.0,13568.0,647232,4802176,99,99,99,396,0,5384,0,0.9678978862915478,1.0,9614336,40990
xor_18q,test,7b2dfe7a22373d31575a81a33168f1f0e28d2db8e471e28e12c7d96aa8b50d4f,cotengra_one_trial,20260945,False,4dpu_t8,True,,8aba4d198828eefdeb5e9c6d3c6eb9e6aa9ca2444f2edd30049217b5fad6c3c4,24c87bf59fb57449bce3daa00f5381f0988fa0d2541244a267b5d02ad4e7c664,1200544.0,600272.0,16384.0,262144.0,37992.0,14,35,5449408.0,5607776.0,2401088.0,5619.0,0.0,13568.0,647232,4802176,99,47,47,188,0,5384,30,0.9678978862915478,0.9852400245222166,9614336,40990
xor_18q,test,7ca41fadc79b339c7573a1b41ef24ec5bb56329889b30b2448bbee17628d8cec,cotengra_one_trial,20260935,False,1dpu_t8,False,estimated_work_unit_count_exceeds_preregistered_bound,,,,,,,,,,,,,,,,,,,,,,,,,,,,
xor_18q,test,7ca41fadc79b339c7573a1b41ef24ec5bb56329889b30b2448bbee17628d8cec,cotengra_one_trial,20260935,False,4dpu_t8,False,estimated_work_unit_count_exceeds_preregistered_bound,,,,,,,,,,,,,,,,,,,,,,,,,,,,
xor_18q,test,7d724b13981bc9f9c25efc639e804d2f60ebf4f8b7dac3445369072a1d224303,cotengra_one_trial,20260905,False,1dpu_t8,True,,07a9b2109e6d895cad60ff6cf0c2ddfe8b63c12247d765dc25e82016d391a70f,e20728af13a08e809edbfdc6193c87d3c9fad7e00fb752ecbb1bb5efcc078061,1068992.0,534496.0,4096.0,65536.0,5104.0,12,35,4391296.0,4587904.0,2137984.0,1410.0,0.0,13568.0,115328,4275968,42,42,42,168,0,1200,0,0.999214213015626,1.0,8561920,386
xor_18q,test,7d724b13981bc9f9c25efc639e804d2f60ebf4f8b7dac3445369072a1d224303,cotengra_one_trial,20260905,False,4dpu_t8,True,,07a9b2109e6d895cad60ff6cf0c2ddfe8b63c12247d765dc25e82016d391a70f,9035a2811e1feb8a149d5515396adbf7367f685031a71833a624e19e122fc88c,1068992.0,534496.0,4096.0,65536.0,5104.0,12,35,4391296.0,4587904.0,2137984.0,1380.0,0.0,13568.0,115328,4275968,42,36,36,144,0,1200,34,0.999214213015626,0.9856762258276957,8561920,386
xor_18q,test,85ec90afa29eda3736d533dc6094ffb6a9c830b48405e86f34c5dda110d77d7a,cotengra_one_trial,20260924,False,1dpu_t8,True,,340d215527956e8db54d781e6142d9fa76b63bee9576f82a23fb1349ceb0ca31,de5386064c297e5acb386ac345db556c0a09869313cf596102365a78ffdd6169,1070112.0,535056.0,2048.0,32768.0,5384.0,11,35,4396192.0,4626240.0,2140224.0,1523.0,0.0,13568.0,115744,4280448,39,39,39,156,0,1328,0,0.9967592177267426,1.0,8570880,4330
xor_18q,test,85ec90afa29eda3736d533dc6094ffb6a9c830b48405e86f34c5dda110d77d7a,cotengra_one_trial,20260924,False,4dpu_t8,True,,340d215527956e8db54d781e6142d9fa76b63bee9576f82a23fb1349ceb0ca31,5b053c158ff270fda33799141aae4e697aac7735ee26e843fa0028c6893a3503,1070112.0,535056.0,2048.0,32768.0,5384.0,11,35,4396192.0,4626240.0,2140224.0,1503.0,0.0,13568.0,115744,4280448,39,35,35,140,0,1328,34,0.9967592177267426,0.9853847073951137,8570880,4330
xor_18q,test,8c8034e35a107615ba58b00e9f059e679bcd269172ec32a019ec4f59c2a3d128,cotengra_one_trial,20260933,False,1dpu_t8,True,,9f8586d38006c7b43d9c09f6243d9b43ea5087055e48d5b36fe182fd4071d830,84b2f1b66553b985eb70c66ad1a1c5089219f9ce1e302440bdfcbba5f6f89c49,1068760.0,534380.0,4096.0,65536.0,5046.0,12,35,4389440.0,4586208.0,2137520.0,1410.0,0.0,13568.0,114400,4275040,42,42,42,168,0,1200,0,0.9993590703244882,1.0,8560064,1122
xor_18q,test,8c8034e35a107615ba58b00e9f059e679bcd269172ec32a019ec4f59c2a3d128,cotengra_one_trial,20260933,False,4dpu_t8,True,,9f8586d38006c7b43d9c09f6243d9b43ea5087055e48d5b36fe182fd4071d830,4e0d52c13370c5a1920556f1e1bf76c7ffdea00f1f8a2bc7e500d4aefada43e7,1068760.0,534380.0,4096.0,65536.0,5046.0,12,35,4389440.0,4586208.0,2137520.0,1380.0,0.0,13568.0,114400,4275040,42,36,36,144,0,1200,34,0.9993590703244882,0.985835922003069,8560064,1122
xor_18q,test,8f18b67107e35a08e83aaeb4dc89efbc7145c0131300b4823d79e29a3afc537f,cotengra_one_trial,20260950,False,1dpu_t8,False,estimated_work_unit_count_exceeds_preregistered_bound,,,,,,,,,,,,,,,,,,,,,,,,,,,,
xor_18q,test,8f18b67107e35a08e83aaeb4dc89efbc7145c0131300b4823d79e29a3afc537f,cotengra_one_trial,20260950,False,4dpu_t8,False,estimated_work_unit_count_exceeds_preregistered_bound,,,,,,,,,,,,,,,,,,,,,,,,,,,,
xor_18q,test,94acee2ec67fe3d321ebefbcb7b2625a5a9b9a9a9a5b8b1d1d095aede8cb00b2,cotengra_one_trial,20260928,False,1dpu_t8,True,,0e9d2cbd8086f2b27c7d6961de58c26e36099597b6ebcf535af832d7a8c97862,353e999ba95dfa6cb824a8fe0fa0480c520a2baefa25a0041f6cfc0433c15692,1068760.0,534380.0,4096.0,65536.0,5046.0,12,35,4389440.0,4586048.0,2137520.0,1410.0,0.0,13568.0,114400,4275040,42,42,42,168,0,1200,0,0.99927298925858,1.0,8560064,264
xor_18q,test,94acee2ec67fe3d321ebefbcb7b2625a5a9b9a9a9a5b8b1d1d095aede8cb00b2,cotengra_one_trial,20260928,False,4dpu_t8,True,,0e9d2cbd8086f2b27c7d6961de58c26e36099597b6ebcf535af832d7a8c97862,336b3e6bb905cce13f7cacf8404a68f7afe6348602016365f36c07ce88406f32,1068760.0,534380.0,4096.0,65536.0,5046.0,12,35,4389440.0,4586048.0,2137520.0,1380.0,0.0,13568.0,114400,4275040,42,36,36,144,0,1200,34,0.99927298925858,0.985835922003069,8560064,264
xor_18q,test,95d952cbff82be7943654079b99b28d258a39aa14eb8aa181ce20b8a654aedd1,cotengra_one_trial,20260952,False,1dpu_t8,True,,fde7842c756f8d9243745b7477550798b46fc00935fa1409fdc1fb0cb0d1e7c6,fd06e63cf20f4a92198fa7e7d7cd5ec20d6c45a8f9d310fff25049361b287a4a,1068992.0,534496.0,1024.0,16384.0,5104.0,10,35,4395392.0,4625504.0,2137984.0,1446.0,0.0,13568.0,119424,4275968,38,38,38,152,0,1256,0,0.9969691073459858,1.0,8561920,18512
xor_18q,test,95d952cbff82be7943654079b99b28d258a39aa14eb8aa181ce20b8a654aedd1,cotengra_one_trial,20260952,False,4dpu_t8,True,,fde7842c756f8d9243745b7477550798b46fc00935fa1409fdc1fb0cb0d1e7c6,d09071fc0c71bf328af423afa7550dc8ad844646bb7e6550497c2dd2dd930a07,1068992.0,534496.0,1024.0,16384.0,5104.0,10,35,4395392.0,4625504.0,2137984.0,1431.0,0.0,13568.0,119424,4275968,38,35,35,140,0,1256,34,0.9969691073459858,0.9856762258276957,8561920,18512
xor_18q,test,9bf16dae2677ef2b695e9aade3b918b953336cb733d7d17110939e5556aa90cb,cotengra_one_trial,20260962,False,1dpu_t8,False,estimated_work_unit_count_exceeds_preregistered_bound,,,,,,,,,,,,,,,,,,,,,,,,,,,,
xor_18q,test,9bf16dae2677ef2b695e9aade3b918b953336cb733d7d17110939e5556aa90cb,cotengra_one_trial,20260962,False,4dpu_t8,False,estimated_work_unit_count_exceeds_preregistered_bound,,,,,,,,,,,,,,,,,,,,,,,,,,,,
xor_18q,test,a3e7a53947f8b4a86c9460b3279b53af8eaa611d90a3703142b82ed01828c192,cotengra_one_trial,20260960,False,1dpu_t8,False,estimated_work_unit_count_exceeds_preregistered_bound,,,,,,,,,,,,,,,,,,,,,,,,,,,,
xor_18q,test,a3e7a53947f8b4a86c9460b3279b53af8eaa611d90a3703142b82ed01828c192,cotengra_one_trial,20260960,False,4dpu_t8,False,estimated_work_unit_count_exceeds_preregistered_bound,,,,,,,,,,,,,,,,,,,,,,,,,,,,
xor_18q,test,a8baac9aa1eead581b109b1a4c9c3c81a0e9e59782aadf567cdc24c8db84d765,cotengra_one_trial,20260912,False,1dpu_t8,True,,538ef01c98c8c35e26a9aa30ad82fca004f4b40c86080a6a4b924e0bbe640722,050ec5a2612079c2af68939b4898c09bd049c26cae4fd6d91d978c7d54b89307,1061144.0,530572.0,2048.0,32768.0,3142.0,11,35,4324416.0,4554816.0,2122288.0,1334.0,0.0,13568.0,79840,4244576,38,38,38,152,0,1144,0,0.9992979275197335,1.0,8499136,368
xor_18q,test,a8baac9aa1eead581b109b1a4c9c3c81a0e9e59782aadf567cdc24c8db84d765,cotengra_one_trial,20260912,False,4dpu_t8,True,,538ef01c98c8c35e26a9aa30ad82fca004f4b40c86080a6a4b924e0bbe640722,2848afd3c80210fffd296996102a2d677f71b00a328bd948a1a88588fb84b202,1061144.0,530572.0,2048.0,32768.0,3142.0,11,35,4324416.0,4554816.0,2122288.0,1319.0,0.0,13568.0,79840,4244576,38,35,35,140,0,1144,34,0.9992979275197335,0.9911171339610835,8499136,368
xor_18q,test,ab93ca343a2c5692ae528d317c26f7890b2a1f87aa58d52e7ad652f267cc7d74,cotengra_one_trial,20260934,False,1dpu_t8,False,estimated_work_unit_count_exceeds_preregistered_bound,,,,,,,,,,,,,,,,,,,,,,,,,,,,
xor_18q,test,ab93ca343a2c5692ae528d317c26f7890b2a1f87aa58d52e7ad652f267cc7d74,cotengra_one_trial,20260934,False,4dpu_t8,False,estimated_work_unit_count_exceeds_preregistered_bound,,,,,,,,,,,,,,,,,,,,,,,,,,,,
xor_18q,test,b49607e6542e7dd2ae7448b3beeb35748d8ee993677f6b2be1a5c3103f39fb78,cotengra_one_trial,20260937,False,1dpu_t8,False,estimated_work_unit_count_exceeds_preregistered_bound,,,,,,,,,,,,,,,,,,,,,,,,,,,,
xor_18q,test,b49607e6542e7dd2ae7448b3beeb35748d8ee993677f6b2be1a5c3103f39fb78,cotengra_one_trial,20260937,False,4dpu_t8,False,estimated_work_unit_count_exceeds_preregistered_bound,,,,,,,,,,,,,,,,,,,,,,,,,,,,
xor_18q,test,bba42e313c859c911969a7d83f4e5d4e3f9c3b65737e0244dfa9add13f7e5d30,cotengra_one_trial,20260954,False,1dpu_t8,False,semantic_identity_expansion_exceeds_preregistered_bound,,,,,,,,,,,,,,,,,,,,,,,,,,,,
xor_18q,test,bba42e313c859c911969a7d83f4e5d4e3f9c3b65737e0244dfa9add13f7e5d30,cotengra_one_trial,20260954,False,4dpu_t8,False,semantic_identity_expansion_exceeds_preregistered_bound,,,,,,,,,,,,,,,,,,,,,,,,,,,,
xor_18q,test,c264d12635ea3868aac5b2531a670fcffab1689d7236019d33a7c43da77645b4,cotengra_one_trial,20260957,False,1dpu_t8,True,,cff1686ee322e90ed807df96ea41c052be48f37bf82a1bfdb693f4eee34ab832,93f66b1722ee69744f88fca7d33a638b972c0105ab31998847b331a2c266431b,1061208.0,530604.0,2048.0,32768.0,3158.0,11,35,4324928.0,4554464.0,2122416.0,1326.0,0.0,13568.0,80096,4244832,38,38,38,152,0,1136,0,0.9992942005714243,1.0,8499648,398
xor_18q,test,c264d12635ea3868aac5b2531a670fcffab1689d7236019d33a7c43da77645b4,cotengra_one_trial,20260957,False,4dpu_t8,True,,cff1686ee322e90ed807df96ea41c052be48f37bf82a1bfdb693f4eee34ab832,444a790c7e565c6dbd059f8df52fb92c38ccb53a5a859a51f169885383846801,1061208.0,530604.0,2048.0,32768.0,3158.0,11,35,4324928.0,4554464.0,2122416.0,1311.0,0.0,13568.0,80096,4244832,38,35,35,140,0,1136,34,0.9992942005714243,0.9910724382025013,8499648,398
xor_18q,test,c2d8a3d2bad9f348d25f580992ad9b3a12ea076124836b2eae0a34ea91a5fbf7,cotengra_one_trial,20260955,False,1dpu_t8,False,estimated_work_unit_count_exceeds_preregistered_bound,,,,,,,,,,,,,,,,,,,,,,,,,,,,
xor_18q,test,c2d8a3d2bad9f348d25f580992ad9b3a12ea076124836b2eae0a34ea91a5fbf7,cotengra_one_trial,20260955,False,4dpu_t8,False,estimated_work_unit_count_exceeds_preregistered_bound,,,,,,,,,,,,,,,,,,,,,,,,,,,,
xor_18q,test,c4125abbf3c367156642c7bceb86e25029c2d6dfa3d2340ee0cfa9dcb108fd2a,cotengra_one_trial,20260959,False,1dpu_t8,False,estimated_work_unit_count_exceeds_preregistered_bound,,,,,,,,,,,,,,,,,,,,,,,,,,,,
xor_18q,test,c4125abbf3c367156642c7bceb86e25029c2d6dfa3d2340ee0cfa9dcb108fd2a,cotengra_one_trial,20260959,False,4dpu_t8,False,estimated_work_unit_count_exceeds_preregistered_bound,,,,,,,,,,,,,,,,,,,,,,,,,,,,
xor_18q,test,c9121af4b4d009591e7211b850f718aff8efa0aa80338590ca14449a127bc46e,cotengra_one_trial,20260944,False,1dpu_t8,True,,d94dbb21817c0477ee02002dc82c5a82c88ce50fa96d13b38220110d3249b213,6e4c9ce3406e994dcada12a030a98b20be4ccb53162aee5d673afdcca601e1ed,1062680.0,531340.0,2048.0,32768.0,3526.0,11,35,4336704.0,4566080.0,2125360.0,1326.0,0.0,13568.0,85984,4250720,38,38,38,152,0,1136,0,0.9992989422968345,1.0,8511424,248
xor_18q,test,c9121af4b4d009591e7211b850f718aff8efa0aa80338590ca14449a127bc46e,cotengra_one_trial,20260944,False,4dpu_t8,True,,d94dbb21817c0477ee02002dc82c5a82c88ce50fa96d13b38220110d3249b213,1fe6096e956e521be773dffc15a23bdc42dc150b4acfff3978c5b080265c4bbc,1062680.0,531340.0,2048.0,32768.0,3526.0,11,35,4336704.0,4566080.0,2125360.0,1311.0,0.0,13568.0,85984,4250720,38,35,35,140,0,1136,34,0.9992989422968345,0.9900459216320999,8511424,248
xor_18q,test,d06b51523136513b2b5e270cb5813b5da3eaae0ba2c1125cb0ec3cbc35d5f35a,cotengra_one_trial,20260902,False,1dpu_t8,False,estimated_work_unit_count_exceeds_preregistered_bound,,,,,,,,,,,,,,,,,,,,,,,,,,,,
xor_18q,test,d06b51523136513b2b5e270cb5813b5da3eaae0ba2c1125cb0ec3cbc35d5f35a,cotengra_one_trial,20260902,False,4dpu_t8,False,estimated_work_unit_count_exceeds_preregistered_bound,,,,,,,,,,,,,,,,,,,,,,,,,,,,
xor_18q,test,d0b5012974390738269f9c102d5ee85762adc710c6f7158e98419b96e9f77f11,cotengra_one_trial,20260914,False,1dpu_t8,True,,a9cc0684780b2b60f1a61e708f8940b3c3c302db0da4dd81144d20434ca6f14e,3052503ea2cceea24c5baf1b07825c43be33b6f3c7f96751bb88934cbefa35cf,1061744.0,530872.0,2048.0,32768.0,3292.0,11,35,4329216.0,4558592.0,2123488.0,1326.0,0.0,13568.0,82240,4246976,38,38,38,152,0,1136,0,0.9993124519658223,1.0,8503936,626
xor_18q,test,d0b5012974390738269f9c102d5ee85762adc710c6f7158e98419b96e9f77f11,cotengra_one_trial,20260914,False,4dpu_t8,True,,a9cc0684780b2b60f1a61e708f8940b3c3c302db0da4dd81144d20434ca6f14e,61a53e92eb5416cde78000d8dd7ad15becbc6c04319fb812182affb2967a4cc5,1061744.0,530872.0,2048.0,32768.0,3292.0,11,35,4329216.0,4558592.0,2123488.0,1311.0,0.0,13568.0,82240,4246976,38,35,35,140,0,1136,34,0.9993124519658223,0.9906983227595353,8503936,626
xor_18q,test,d22c201d3c153a4b71b3264674747dda124d1d0221edab48e7adcef68cebce97,cotengra_one_trial,20260925,False,1dpu_t8,True,,b41cfd8645adcdfeaec16d081e89205597d3d434c574dfa43f0c050598207bb2,9617c6a9acecbe5b62b3fd88ea0fdc46f25101cd9d36c9a714225d16fe4ffb7f,1059288.0,529644.0,1024.0,16384.0,2678.0,10,35,4317760.0,4547648.0,2118576.0,1334.0,0.0,13568.0,80608,4237152,38,38,38,152,0,1144,0,0.9992664884337404,1.0,8484288,272
xor_18q,test,d22c201d3c153a4b71b3264674747dda124d1d0221edab48e7adcef68cebce97,cotengra_one_trial,20260925,False,4dpu_t8,True,,b41cfd8645adcdfeaec16d081e89205597d3d434c574dfa43f0c050598207bb2,7ce906930759350a30af33108e08ec99a8b32fac7f687afbb034f3bac3f788af,1059288.0,529644.0,1024.0,16384.0,2678.0,10,35,4317760.0,4547648.0,2118576.0,1319.0,0.0,13568.0,80608,4237152,38,35,35,140,0,1144,34,0.9992664884337404,0.9924156603303351,8484288,272
xor_18q,test,d29589da1036872043b3682be58d93772659c7bbe7069b5666704c4a896062e1,cotengra_one_trial,20260947,False,1dpu_t8,False,estimated_work_unit_count_exceeds_preregistered_bound,,,,,,,,,,,,,,,,,,,,,,,,,,,,
xor_18q,test,d29589da1036872043b3682be58d93772659c7bbe7069b5666704c4a896062e1,cotengra_one_trial,20260947,False,4dpu_t8,False,estimated_work_unit_count_exceeds_preregistered_bound,,,,,,,,,,,,,,,,,,,,,,,,,,,,
xor_18q,test,d4d60101286593c62088099fd17b49bafda4100fbc9319cf35e2c2da76e71eea,cotengra_one_trial,20260918,False,1dpu_t8,False,estimated_work_unit_count_exceeds_preregistered_bound,,,,,,,,,,,,,,,,,,,,,,,,,,,,
xor_18q,test,d4d60101286593c62088099fd17b49bafda4100fbc9319cf35e2c2da76e71eea,cotengra_one_trial,20260918,False,4dpu_t8,False,estimated_work_unit_count_exceeds_preregistered_bound,,,,,,,,,,,,,,,,,,,,,,,,,,,,
xor_18q,test,d4fbde43d519638047370b674d1ea2c2ae48db56f2e2b7527c76bcb809eb8c38,cotengra_one_trial,20260915,False,1dpu_t8,True,,ed46457c89eb456752654ca2b603d9e436a9a2c1634a3f09083b9d514a13149c,b8a296464dc46f79646d74aa7aa6c9532c7bf0a6ea7df5ebc60c4309b8946a12,1085120.0,542560.0,8192.0,131072.0,9136.0,13,35,4522368.0,4657536.0,2170240.0,1586.0,0.0,13568.0,181888,4340480,50,50,50,200,0,1336,0,0.9991669124152167,1.0,8690944,622
xor_18q,test,d4fbde43d519638047370b674d1ea2c2ae48db56f2e2b7527c76bcb809eb8c38,cotengra_one_trial,20260915,False,4dpu_t8,True,,ed46457c89eb456752654ca2b603d9e436a9a2c1634a3f09083b9d514a13149c,b2cf254f00ad63af72b2c7720b5f490ff38fd71164bf9cd0539031e6570be074,1085120.0,542560.0,8192.0,131072.0,9136.0,13,35,4522368.0,4657536.0,2170240.0,1526.0,0.0,13568.0,181888,4340480,50,38,38,152,0,1336,34,0.9991669124152167,0.9747419640224123,8690944,622
xor_18q,test,dc1026b2008aee943c71f8f14f38448b30d6429ab4625807783ef361f7f43949,cotengra_one_trial,20260903,False,1dpu_t8,False,estimated_work_unit_count_exceeds_preregistered_bound,,,,,,,,,,,,,,,,,,,,,,,,,,,,
xor_18q,test,dc1026b2008aee943c71f8f14f38448b30d6429ab4625807783ef361f7f43949,cotengra_one_trial,20260903,False,4dpu_t8,False,estimated_work_unit_count_exceeds_preregistered_bound,,,,,,,,,,,,,,,,,,,,,,,,,,,,
xor_18q,test,e8f7e0c6cd6dfdb6327b89d9e48d83a0228c5cfc4a690cbc4f7db4826992cb32,cotengra_one_trial,20260931,False,1dpu_t8,True,,f8d3e8d6b0432306e832e88243483e6052460ba90383e500f21ea1e0a4578289,dd4a88b5179055172aa7450efcd7e9842b6fea874f9b2dd0ad6a3864f5ec8a42,1085720.0,542860.0,8192.0,131072.0,9286.0,13,35,4527168.0,4658240.0,2171440.0,1578.0,0.0,13568.0,184288,4342880,50,50,50,200,0,1328,0,0.9993138194009505,1.0,8695744,368
xor_18q,test,e8f7e0c6cd6dfdb6327b89d9e48d83a0228c5cfc4a690cbc4f7db4826992cb32,cotengra_one_trial,20260931,False,4dpu_t8,True,,f8d3e8d6b0432306e832e88243483e6052460ba90383e500f21ea1e0a4578289,d371ef52e3f0d4ccd352053578f47908ac7e2192b95ab40d19b54622905d0cec,1085720.0,542860.0,8192.0,131072.0,9286.0,13,35,4527168.0,4658240.0,2171440.0,1518.0,0.0,13568.0,184288,4342880,50,38,38,152,0,1328,34,0.9993138194009505,0.9743414508344693,8695744,368
xor_18q,test,ecf719f83a69d4cd53502cb94ea89c794db6ce3bb0d645f585470aade9dddcbf,cotengra_one_trial,20260927,False,1dpu_t8,True,,77ac4e203fd7d9169c98a89ded87bacaf961bc51371ed6483e16edba2601dde1,bedf1ea0d9d13c6d80d5852b022530ce6b14eb1b3f5ad930cf8c7061d0e1ccbb,1063144.0,531572.0,2048.0,32768.0,3642.0,11,35,4340416.0,4569952.0,2126288.0,1326.0,0.0,13568.0,87840,4252576,38,38,38,152,0,1136,0,0.9991732070161709,1.0,8515136,654
xor_18q,test,ecf719f83a69d4cd53502cb94ea89c794db6ce3bb0d645f585470aade9dddcbf,cotengra_one_trial,20260927,False,4dpu_t8,True,,77ac4e203fd7d9169c98a89ded87bacaf961bc51371ed6483e16edba2601dde1,5f47509b05c888065e14b48fcf928a77ffddaa207fd4e61c87b0fbb60956a697,1063144.0,531572.0,2048.0,32768.0,3642.0,11,35,4340416.0,4569952.0,2126288.0,1311.0,0.0,13568.0,87840,4252576,38,35,35,140,0,1136,34,0.9991732070161709,0.9897229349928137,8515136,654
xor_18q,test,ee565f83471dfe145b212e2e781e486f5b19ef573a673d68454f70101ef6685f,cotengra_one_trial,20260904,False,1dpu_t8,False,estimated_work_unit_count_exceeds_preregistered_bound,,,,,,,,,,,,,,,,,,,,,,,,,,,,
xor_18q,test,ee565f83471dfe145b212e2e781e486f5b19ef573a673d68454f70101ef6685f,cotengra_one_trial,20260904,False,4dpu_t8,False,estimated_work_unit_count_exceeds_preregistered_bound,,,,,,,,,,,,,,,,,,,,,,,,,,,,
xor_18q,test,eedfcb53bc4ab1e0ca42f9ac090799f06b63d1b1d5f734637882ba37a5868e04,cotengra_one_trial,20260956,False,1dpu_t8,True,,e0f86f4a950b50d4ee68afc409b732b5201636a8f3e73ed9b28dc41bf1dfb188,8f1f2b9ad1641b210ba6515ab4428f7afb36b5a70aba0137c4fa2d203b2d8513,1064064.0,532032.0,1024.0,16384.0,3872.0,10,35,4355968.0,4585504.0,2128128.0,1366.0,0.0,13568.0,99712,4256256,38,38,38,152,0,1176,0,0.9980151569830387,1.0,8522496,1744
xor_18q,test,eedfcb53bc4ab1e0ca42f9ac090799f06b63d1b1d5f734637882ba37a5868e04,cotengra_one_trial,20260956,False,4dpu_t8,True,,e0f86f4a950b50d4ee68afc409b732b5201636a8f3e73ed9b28dc41bf1dfb188,3ac149b2464e165e260c6e6e2d2da0861923d9c82f72dbb188203b5f3fcabe7c,1064064.0,532032.0,1024.0,16384.0,3872.0,10,35,4355968.0,4585504.0,2128128.0,1351.0,0.0,13568.0,99712,4256256,38,35,35,140,0,1176,34,0.9980151569830387,0.9890833634067123,8522496,1744
xor_18q,test,f1d05a2eed441b77118b1f77e4ed468272fd4113f231dc5065b03567d878b0c3,cotengra_one_trial,20260941,False,1dpu_t8,False,estimated_work_unit_count_exceeds_preregistered_bound,,,,,,,,,,,,,,,,,,,,,,,,,,,,
xor_18q,test,f1d05a2eed441b77118b1f77e4ed468272fd4113f231dc5065b03567d878b0c3,cotengra_one_trial,20260941,False,4dpu_t8,False,estimated_work_unit_count_exceeds_preregistered_bound,,,,,,,,,,,,,,,,,,,,,,,,,,,,
