schema_version,suite_id,case_id,case_family,benchmark_n_qubits,workload_kind,not_real_quantum_circuit,planner_motif,network_tensor_count,network_index_count,network_max_rank,network_max_tensor_elements,network_size_proxy,planner_id,planner_engine,planner_kind,planner_config_hash,planner_config,planner_selection_scope,optimize_mode,objective,cost_basis,target_estimate_key,target_estimate_model,contraction_plan_hash,contraction_path_structure_hash,candidate_status,candidate_failure_reason,planning_time_s,task_count,tn_estimated_flops,tn_max_intermediate_bytes,total_host_to_dpu_bytes,total_dpu_to_host_bytes,total_mram_to_wram_bytes,unsupported_task_count,tiling_required_task_count,missing_target_estimate_count,estimated_total_tile_count,estimated_max_parallel_tiles,upmem_pressure_score,upmem_rank,flop_rank,score_model,score_components,score_weights,tradeoff_note,pim_objective_version,pim_weight_profile,pim_normalization,pim_execution_policy,pim_feasible,pim_rejection_reasons,pim_estimated_flops,pim_peak_intermediate_bytes,pim_total_intermediate_write_bytes,pim_estimated_host_to_dpu_bytes,pim_estimated_dpu_to_host_bytes,pim_estimated_host_dpu_bytes,pim_estimated_mram_to_wram_bytes,pim_estimated_dpu_local_work,pim_estimated_sync_events,pim_estimated_numerical_penalty,pim_estimated_wram_pressure,pim_estimated_tile_count,pim_largest_tensor_bytes,pim_host_to_dpu_payload_bytes,pim_dpu_to_host_payload_bytes,pim_mram_dma_window_bytes_model,pim_tile_iterations,pim_host_completion_events,pim_numeric_component_invocations,pim_numeric_recombination_flops,pim_task_mram_payload_bytes,pim_native_static_mram_reservation_bytes,pim_mram_capacity_bytes,pim_mram_static_reservation_pressure_ratio,pim_mram_max_region_payload_ratio,pim_mram_payload_pressure_ratio,pim_known_wram_static_bytes,pim_wram_budget_bytes,pim_wram_known_pressure_ratio,pim_objective_components,pim_normalized_components,pim_objective_score,pim_objective_rank,pim_pareto_dominated,pim_selected,parallelism_evidence_type,execution_plan_executed
research_benchmark_pack_v1,thesis_planner_semantic_v2_planner_compare,planner_motif_chain_semantic_v2,planner,0,planner_motif,True,chain,5,4,2,128,5,cotengra.flops,cotengra,external_contraction_tree,29abf6127107d130856c0eaa87fbe850bf32d0d563501d9dac818edbc4b47437,"{""engine"": ""cotengra"", ""max_repeats"": 1, ""methods"": ""greedy"", ""objective"": ""flops"", ""on_trial_error"": ""raise"", ""optlib"": ""random"", ""parallel"": false, ""progbar"": false, ""seed"": 0}",,greedy,cotengra_flops,cotengra_contraction_tree,,,df41bd6e45d70178b28cbda122cec2a6b232964415f6e1303f7395f4cd42f61c,3f0ee5ab4c68ed5806b43e34c0a757cf0d239fb1ac6c34ac4ebeb8c30a5237b6,completed,,0.00024954699983936734,4,2384,128,256,52,308,0,0,,4,1,0.0,1,2,upmem_pressure_v1,,,,upmem_path_cost_v2,balanced_literature_informed,"{""caps"": {""dpu_to_host_payload_bytes"": 1048576.0, ""estimated_flops"": 2147614720.0, ""host_completion_events"": 4.0, ""host_to_dpu_payload_bytes"": 2097152.0, ""mram_dma_window_bytes_model"": 17180917760.0, ""mram_payload_pressure_ratio"": 1.0, ""numeric_representation_penalty"": 3.0, ""tile_iterations"": 1024.0, ""wram_known_pressure_ratio"": 1.0}, ""normalization_id"": ""fixed_log1p_generic_budgets_v2"", ""transform"": ""log1p(value)/log1p(cap)""}","{""caps"": {""application_max_contracted_combinations"": 4096, ""application_max_rank"": 16, ""application_max_tensor_elements"": 65536, ""native_abi_max_tensor_elements"": 65536}, ""dpu_parallelism_model"": ""single_dpu_serial_tasks"", ""host_completion_model"": ""one_synchronous_dpu_launch_per_real_component"", ""host_dpu_transfer_model"": ""per_real_component_operand_upload_and_output_download_no_reuse"", ""input_element_bytes"": 4, ""memory_budget_source"": ""configured_generic_dpu_policy_v2"", ""mram_capacity_bytes"": 67108864, ""mram_wram_transfer_model"": ""aligned_scalar_read_windows_and_aligned_output_tile_writes"", ""numeric_contract"": ""real_float32_or_split_real_imag_v2"", ""output_element_bytes"": 4, ""output_tile_elements"": 256, ""policy_id"": ""generic_single_dpu_split_complex_v2"", ""wram_budget_bytes"": 61440}",True,[],596,512,52,1024,52,1076,4824,596,4,0.0,0.016796875,4,512,1024,52,4824,4,4,4,0,800,786432,67108864,0.01171875,0.001953125,0.001953125,1032,61440,0.016796875,"{""dpu_to_host_payload_bytes"": 52, ""estimated_flops"": 596, ""feasibility"": true, ""host_completion_event_scope"": ""one_synchronous_dpu_launch_per_real_component"", ""host_completion_events"": 4, ""host_to_dpu_payload_bytes"": 1024, ""known_wram_static_bytes"": 1032, ""largest_tensor_bytes"": 512, ""memory_budget_scope"": ""configured_modeled_budget_not_measured_runtime_occupancy"", ""mram_capacity_bytes"": 67108864, ""mram_dma_window_bytes_model"": 4824, ""mram_dma_window_scope"": ""modeled_aligned_request_volume_not_physical_bus_bytes"", ""mram_max_region_payload_ratio"": 0.001953125, ""mram_payload_pressure_ratio"": 0.001953125, ""mram_payload_pressure_scope"": ""maximum_single_buffer_payload_divided_by_fixed_native_buffer_capacity"", ""mram_static_reservation_pressure_ratio"": 0.01171875, ""native_static_mram_reservation_bytes"": 786432, ""numeric_component_invocations"": 4, ""numeric_recombination_flops"": 0, ""numeric_representation_penalty"": 0.0, ""rejection_reasons"": [], ""task_mram_payload_bytes"": 800, ""tile_iterations"": 4, ""wram_budget_bytes"": 61440, ""wram_known_pressure_ratio"": 0.016796875}","{""dpu_to_host_payload_bytes"": 0.28639600302611185, ""estimated_flops"": 0.2974697073591727, ""host_completion_events"": 1.0, ""host_to_dpu_payload_bytes"": 0.4762575174647984, ""mram_dma_window_bytes_model"": 0.3598906334637568, ""mram_payload_pressure_ratio"": 0.0028150156070540383, ""numeric_representation_penalty"": 0.0, ""tile_iterations"": 0.23216011683126064, ""wram_known_pressure_ratio"": 0.02403150151674986}",0.34505431300132317,2,False,False,modeled,False
research_benchmark_pack_v1,thesis_planner_semantic_v2_planner_compare,planner_motif_balanced_tree_semantic_v2,planner,0,planner_motif,True,balanced_tree,7,6,3,2048,7,cotengra.flops,cotengra,external_contraction_tree,29abf6127107d130856c0eaa87fbe850bf32d0d563501d9dac818edbc4b47437,"{""engine"": ""cotengra"", ""max_repeats"": 1, ""methods"": ""greedy"", ""objective"": ""flops"", ""on_trial_error"": ""raise"", ""optlib"": ""random"", ""parallel"": false, ""progbar"": false, ""seed"": 0}",,greedy,cotengra_flops,cotengra_contraction_tree,,,01b6e685be6b8ce8614b064ea0590748ba1474526a994757cd927c8c1efd4a30,d195d1c90b01a28051277a8b1857683c33ec54574dc7182feed815e6582dd1f7,completed,,0.00027756000054068863,6,21200,2048,2428,636,3064,0,0,,6,1,0.0,1,2,upmem_pressure_v1,,,,upmem_path_cost_v2,balanced_literature_informed,"{""caps"": {""dpu_to_host_payload_bytes"": 1048576.0, ""estimated_flops"": 2147614720.0, ""host_completion_events"": 4.0, ""host_to_dpu_payload_bytes"": 2097152.0, ""mram_dma_window_bytes_model"": 17180917760.0, ""mram_payload_pressure_ratio"": 1.0, ""numeric_representation_penalty"": 3.0, ""tile_iterations"": 1024.0, ""wram_known_pressure_ratio"": 1.0}, ""normalization_id"": ""fixed_log1p_generic_budgets_v2"", ""transform"": ""log1p(value)/log1p(cap)""}","{""caps"": {""application_max_contracted_combinations"": 4096, ""application_max_rank"": 16, ""application_max_tensor_elements"": 65536, ""native_abi_max_tensor_elements"": 65536}, ""dpu_parallelism_model"": ""single_dpu_serial_tasks"", ""host_completion_model"": ""one_synchronous_dpu_launch_per_real_component"", ""host_dpu_transfer_model"": ""per_real_component_operand_upload_and_output_download_no_reuse"", ""input_element_bytes"": 4, ""memory_budget_source"": ""configured_generic_dpu_policy_v2"", ""mram_capacity_bytes"": 67108864, ""mram_wram_transfer_model"": ""aligned_scalar_read_windows_and_aligned_output_tile_writes"", ""numeric_contract"": ""real_float32_or_split_real_imag_v2"", ""output_element_bytes"": 4, ""output_tile_elements"": 256, ""policy_id"": ""generic_single_dpu_split_complex_v2"", ""wram_budget_bytes"": 61440}",True,[],5300,8192,636,9712,636,10348,43040,5300,6,0.0,0.016796875,6,8192,9712,636,43040,6,6,6,0,8768,786432,67108864,0.01171875,0.03125,0.03125,1032,61440,0.016796875,"{""dpu_to_host_payload_bytes"": 636, ""estimated_flops"": 5300, ""feasibility"": true, ""host_completion_event_scope"": ""one_synchronous_dpu_launch_per_real_component"", ""host_completion_events"": 6, ""host_to_dpu_payload_bytes"": 9712, ""known_wram_static_bytes"": 1032, ""largest_tensor_bytes"": 8192, ""memory_budget_scope"": ""configured_modeled_budget_not_measured_runtime_occupancy"", ""mram_capacity_bytes"": 67108864, ""mram_dma_window_bytes_model"": 43040, ""mram_dma_window_scope"": ""modeled_aligned_request_volume_not_physical_bus_bytes"", ""mram_max_region_payload_ratio"": 0.03125, ""mram_payload_pressure_ratio"": 0.03125, ""mram_payload_pressure_scope"": ""maximum_single_buffer_payload_divided_by_fixed_native_buffer_capacity"", ""mram_static_reservation_pressure_ratio"": 0.01171875, ""native_static_mram_reservation_bytes"": 786432, ""numeric_component_invocations"": 6, ""numeric_recombination_flops"": 0, ""numeric_representation_penalty"": 0.0, ""rejection_reasons"": [], ""task_mram_payload_bytes"": 8768, ""tile_iterations"": 6, ""wram_budget_bytes"": 61440, ""wram_known_pressure_ratio"": 0.016796875}","{""dpu_to_host_payload_bytes"": 0.4657574460719502, ""estimated_flops"": 0.39909721559758016, ""host_completion_events"": 1.2090619551221675, ""host_to_dpu_payload_bytes"": 0.6307476577321547, ""mram_dma_window_bytes_model"": 0.45274659151309266, ""mram_payload_pressure_ratio"": 0.044394119358453436, ""numeric_representation_penalty"": 0.0, ""tile_iterations"": 0.28069596475739483, ""wram_known_pressure_ratio"": 0.02403150151674986}",0.44658591795928093,2,False,False,modeled,False
research_benchmark_pack_v1,thesis_planner_semantic_v2_planner_compare,planner_motif_star_semantic_v2,planner,0,planner_motif,True,star,5,4,4,1024,5,cotengra.flops,cotengra,external_contraction_tree,29abf6127107d130856c0eaa87fbe850bf32d0d563501d9dac818edbc4b47437,"{""engine"": ""cotengra"", ""max_repeats"": 1, ""methods"": ""greedy"", ""objective"": ""flops"", ""on_trial_error"": ""raise"", ""optlib"": ""random"", ""parallel"": false, ""progbar"": false, ""seed"": 0}",,greedy,cotengra_flops,cotengra_contraction_tree,,,26d0915deadd7ac1c295b8e128cf4ff33c89e6928e5b1df51100f3f17c0de988,6492471c75a3ced3ee79dea193330c76dd68378980442711df9a349e0c90e453,completed,,0.00030283599699032493,4,8784,1024,1128,300,1428,0,0,,4,1,0.0,1,1,upmem_pressure_v1,,,,upmem_path_cost_v2,balanced_literature_informed,"{""caps"": {""dpu_to_host_payload_bytes"": 1048576.0, ""estimated_flops"": 2147614720.0, ""host_completion_events"": 4.0, ""host_to_dpu_payload_bytes"": 2097152.0, ""mram_dma_window_bytes_model"": 17180917760.0, ""mram_payload_pressure_ratio"": 1.0, ""numeric_representation_penalty"": 3.0, ""tile_iterations"": 1024.0, ""wram_known_pressure_ratio"": 1.0}, ""normalization_id"": ""fixed_log1p_generic_budgets_v2"", ""transform"": ""log1p(value)/log1p(cap)""}","{""caps"": {""application_max_contracted_combinations"": 4096, ""application_max_rank"": 16, ""application_max_tensor_elements"": 65536, ""native_abi_max_tensor_elements"": 65536}, ""dpu_parallelism_model"": ""single_dpu_serial_tasks"", ""host_completion_model"": ""one_synchronous_dpu_launch_per_real_component"", ""host_dpu_transfer_model"": ""per_real_component_operand_upload_and_output_download_no_reuse"", ""input_element_bytes"": 4, ""memory_budget_source"": ""configured_generic_dpu_policy_v2"", ""mram_capacity_bytes"": 67108864, ""mram_wram_transfer_model"": ""aligned_scalar_read_windows_and_aligned_output_tile_writes"", ""numeric_contract"": ""real_float32_or_split_real_imag_v2"", ""output_element_bytes"": 4, ""output_tile_elements"": 256, ""policy_id"": ""generic_single_dpu_split_complex_v2"", ""wram_budget_bytes"": 61440}",True,[],2196,4096,300,4512,300,4812,17872,2196,4,0.0,0.016796875,4,4096,4512,300,17872,4,4,4,0,4416,786432,67108864,0.01171875,0.015625,0.015625,1032,61440,0.016796875,"{""dpu_to_host_payload_bytes"": 300, ""estimated_flops"": 2196, ""feasibility"": true, ""host_completion_event_scope"": ""one_synchronous_dpu_launch_per_real_component"", ""host_completion_events"": 4, ""host_to_dpu_payload_bytes"": 4512, ""known_wram_static_bytes"": 1032, ""largest_tensor_bytes"": 4096, ""memory_budget_scope"": ""configured_modeled_budget_not_measured_runtime_occupancy"", ""mram_capacity_bytes"": 67108864, ""mram_dma_window_bytes_model"": 17872, ""mram_dma_window_scope"": ""modeled_aligned_request_volume_not_physical_bus_bytes"", ""mram_max_region_payload_ratio"": 0.015625, ""mram_payload_pressure_ratio"": 0.015625, ""mram_payload_pressure_scope"": ""maximum_single_buffer_payload_divided_by_fixed_native_buffer_capacity"", ""mram_static_reservation_pressure_ratio"": 0.01171875, ""native_static_mram_reservation_bytes"": 786432, ""numeric_component_invocations"": 4, ""numeric_recombination_flops"": 0, ""numeric_representation_penalty"": 0.0, ""rejection_reasons"": [], ""task_mram_payload_bytes"": 4416, ""tile_iterations"": 4, ""wram_budget_bytes"": 61440, ""wram_known_pressure_ratio"": 0.016796875}","{""dpu_to_host_payload_bytes"": 0.4116809555172058, ""estimated_flops"": 0.35810605232498594, ""host_completion_events"": 1.0, ""host_to_dpu_payload_bytes"": 0.5780890793108292, ""mram_dma_window_bytes_model"": 0.4154546355929406, ""mram_payload_pressure_ratio"": 0.02236781302845451, ""numeric_representation_penalty"": 0.0, ""tile_iterations"": 0.23216011683126064, ""wram_known_pressure_ratio"": 0.02403150151674986}",0.3938428214411426,1,False,True,modeled,False
research_benchmark_pack_v1,thesis_planner_semantic_v2_planner_compare,planner_motif_cycle_semantic_v2,planner,0,planner_motif,True,cycle,4,4,2,128,4,cotengra.flops,cotengra,external_contraction_tree,29abf6127107d130856c0eaa87fbe850bf32d0d563501d9dac818edbc4b47437,"{""engine"": ""cotengra"", ""max_repeats"": 1, ""methods"": ""greedy"", ""objective"": ""flops"", ""on_trial_error"": ""raise"", ""optlib"": ""random"", ""parallel"": false, ""progbar"": false, ""seed"": 0}",,greedy,cotengra_flops,cotengra_contraction_tree,,,929b4404d592a2eb4ee0a090463b117dea2e126c2b3f50e3db4faa93b8837b54,4f3bbb0466a245494e4549f3e795695e6a5d1b4eb7f365b7558d53bed75706fb,completed,,0.00022728600015398115,3,3136,128,304,68,372,0,0,,3,1,0.0,1,1,upmem_pressure_v1,,,,upmem_path_cost_v2,balanced_literature_informed,"{""caps"": {""dpu_to_host_payload_bytes"": 1048576.0, ""estimated_flops"": 2147614720.0, ""host_completion_events"": 4.0, ""host_to_dpu_payload_bytes"": 2097152.0, ""mram_dma_window_bytes_model"": 17180917760.0, ""mram_payload_pressure_ratio"": 1.0, ""numeric_representation_penalty"": 3.0, ""tile_iterations"": 1024.0, ""wram_known_pressure_ratio"": 1.0}, ""normalization_id"": ""fixed_log1p_generic_budgets_v2"", ""transform"": ""log1p(value)/log1p(cap)""}","{""caps"": {""application_max_contracted_combinations"": 4096, ""application_max_rank"": 16, ""application_max_tensor_elements"": 65536, ""native_abi_max_tensor_elements"": 65536}, ""dpu_parallelism_model"": ""single_dpu_serial_tasks"", ""host_completion_model"": ""one_synchronous_dpu_launch_per_real_component"", ""host_dpu_transfer_model"": ""per_real_component_operand_upload_and_output_download_no_reuse"", ""input_element_bytes"": 4, ""memory_budget_source"": ""configured_generic_dpu_policy_v2"", ""mram_capacity_bytes"": 67108864, ""mram_wram_transfer_model"": ""aligned_scalar_read_windows_and_aligned_output_tile_writes"", ""numeric_contract"": ""real_float32_or_split_real_imag_v2"", ""output_element_bytes"": 4, ""output_tile_elements"": 256, ""policy_id"": ""generic_single_dpu_split_complex_v2"", ""wram_budget_bytes"": 61440}",True,[],784,512,68,1216,68,1284,6344,784,3,0.0,0.016796875,3,512,1216,68,6344,3,3,3,0,800,786432,67108864,0.01171875,0.001953125,0.001953125,1032,61440,0.016796875,"{""dpu_to_host_payload_bytes"": 68, ""estimated_flops"": 784, ""feasibility"": true, ""host_completion_event_scope"": ""one_synchronous_dpu_launch_per_real_component"", ""host_completion_events"": 3, ""host_to_dpu_payload_bytes"": 1216, ""known_wram_static_bytes"": 1032, ""largest_tensor_bytes"": 512, ""memory_budget_scope"": ""configured_modeled_budget_not_measured_runtime_occupancy"", ""mram_capacity_bytes"": 67108864, ""mram_dma_window_bytes_model"": 6344, ""mram_dma_window_scope"": ""modeled_aligned_request_volume_not_physical_bus_bytes"", ""mram_max_region_payload_ratio"": 0.001953125, ""mram_payload_pressure_ratio"": 0.001953125, ""mram_payload_pressure_scope"": ""maximum_single_buffer_payload_divided_by_fixed_native_buffer_capacity"", ""mram_static_reservation_pressure_ratio"": 0.01171875, ""native_static_mram_reservation_bytes"": 786432, ""numeric_component_invocations"": 3, ""numeric_recombination_flops"": 0, ""numeric_representation_penalty"": 0.0, ""rejection_reasons"": [], ""task_mram_payload_bytes"": 800, ""tile_iterations"": 3, ""wram_budget_bytes"": 61440, ""wram_known_pressure_ratio"": 0.016796875}","{""dpu_to_host_payload_bytes"": 0.30542620182771535, ""estimated_flops"": 0.3102103718965647, ""host_completion_events"": 0.8613531161467861, ""host_to_dpu_payload_bytes"": 0.4880530055698671, ""mram_dma_window_bytes_model"": 0.37151093341931674, ""mram_payload_pressure_ratio"": 0.0028150156070540383, ""numeric_representation_penalty"": 0.0, ""tile_iterations"": 0.1999718400776083, ""wram_known_pressure_ratio"": 0.02403150151674986}",0.3378102700596196,1,False,True,modeled,False
research_benchmark_pack_v1,thesis_planner_semantic_v2_planner_compare,planner_motif_grid_semantic_v2,planner,0,planner_motif,True,grid,6,7,3,512,6,cotengra.flops,cotengra,external_contraction_tree,29abf6127107d130856c0eaa87fbe850bf32d0d563501d9dac818edbc4b47437,"{""engine"": ""cotengra"", ""max_repeats"": 1, ""methods"": ""greedy"", ""objective"": ""flops"", ""on_trial_error"": ""raise"", ""optlib"": ""random"", ""parallel"": false, ""progbar"": false, ""seed"": 0}",,greedy,cotengra_flops,cotengra_contraction_tree,,,9bc4c5fa7bfe76c7ada1171e47c3134d0e81bf28f793ad054f2cd59bcc18a692,4dcec80ced4c62f03985702c8bad4ff7be79c783486b3d35119e82cc6e1bb20c,completed,,0.00026852199880522676,5,27712,2048,1400,932,2332,0,0,,5,1,0.7204301075268817,2,2,upmem_pressure_v1,,,,upmem_path_cost_v2,balanced_literature_informed,"{""caps"": {""dpu_to_host_payload_bytes"": 1048576.0, ""estimated_flops"": 2147614720.0, ""host_completion_events"": 4.0, ""host_to_dpu_payload_bytes"": 2097152.0, ""mram_dma_window_bytes_model"": 17180917760.0, ""mram_payload_pressure_ratio"": 1.0, ""numeric_representation_penalty"": 3.0, ""tile_iterations"": 1024.0, ""wram_known_pressure_ratio"": 1.0}, ""normalization_id"": ""fixed_log1p_generic_budgets_v2"", ""transform"": ""log1p(value)/log1p(cap)""}","{""caps"": {""application_max_contracted_combinations"": 4096, ""application_max_rank"": 16, ""application_max_tensor_elements"": 65536, ""native_abi_max_tensor_elements"": 65536}, ""dpu_parallelism_model"": ""single_dpu_serial_tasks"", ""host_completion_model"": ""one_synchronous_dpu_launch_per_real_component"", ""host_dpu_transfer_model"": ""per_real_component_operand_upload_and_output_download_no_reuse"", ""input_element_bytes"": 4, ""memory_budget_source"": ""configured_generic_dpu_policy_v2"", ""mram_capacity_bytes"": 67108864, ""mram_wram_transfer_model"": ""aligned_scalar_read_windows_and_aligned_output_tile_writes"", ""numeric_contract"": ""real_float32_or_split_real_imag_v2"", ""output_element_bytes"": 4, ""output_tile_elements"": 256, ""policy_id"": ""generic_single_dpu_split_complex_v2"", ""wram_budget_bytes"": 61440}",True,[],6928,2048,932,5600,932,6532,56360,6928,5,0.0,0.016796875,5,2048,5600,932,56360,5,5,5,0,2816,786432,67108864,0.01171875,0.0078125,0.0078125,1032,61440,0.016796875,"{""dpu_to_host_payload_bytes"": 932, ""estimated_flops"": 6928, ""feasibility"": true, ""host_completion_event_scope"": ""one_synchronous_dpu_launch_per_real_component"", ""host_completion_events"": 5, ""host_to_dpu_payload_bytes"": 5600, ""known_wram_static_bytes"": 1032, ""largest_tensor_bytes"": 2048, ""memory_budget_scope"": ""configured_modeled_budget_not_measured_runtime_occupancy"", ""mram_capacity_bytes"": 67108864, ""mram_dma_window_bytes_model"": 56360, ""mram_dma_window_scope"": ""modeled_aligned_request_volume_not_physical_bus_bytes"", ""mram_max_region_payload_ratio"": 0.0078125, ""mram_payload_pressure_ratio"": 0.0078125, ""mram_payload_pressure_scope"": ""maximum_single_buffer_payload_divided_by_fixed_native_buffer_capacity"", ""mram_static_reservation_pressure_ratio"": 0.01171875, ""native_static_mram_reservation_bytes"": 786432, ""numeric_component_invocations"": 5, ""numeric_recombination_flops"": 0, ""numeric_representation_penalty"": 0.0, ""rejection_reasons"": [], ""task_mram_payload_bytes"": 2816, ""tile_iterations"": 5, ""wram_budget_bytes"": 61440, ""wram_known_pressure_ratio"": 0.016796875}","{""dpu_to_host_payload_bytes"": 0.49328662960790726, ""estimated_flops"": 0.4115611355376022, ""host_completion_events"": 1.1132827525593785, ""host_to_dpu_payload_bytes"": 0.5929270621454659, ""mram_dma_window_bytes_model"": 0.4641873151754003, ""mram_payload_pressure_ratio"": 0.011227255423254121, ""numeric_representation_penalty"": 0.0, ""tile_iterations"": 0.2584598539004127, ""wram_known_pressure_ratio"": 0.02403150151674986}",0.43534534351965454,2,True,False,modeled,False
research_benchmark_pack_v1,thesis_planner_semantic_v2_planner_compare,planner_motif_flop_memory_tradeoff_semantic_v2,planner,0,planner_motif,True,flop_memory_tradeoff,6,6,3,4096,6,cotengra.flops,cotengra,external_contraction_tree,29abf6127107d130856c0eaa87fbe850bf32d0d563501d9dac818edbc4b47437,"{""engine"": ""cotengra"", ""max_repeats"": 1, ""methods"": ""greedy"", ""objective"": ""flops"", ""on_trial_error"": ""raise"", ""optlib"": ""random"", ""parallel"": false, ""progbar"": false, ""seed"": 0}",,greedy,cotengra_flops,cotengra_contraction_tree,,,ea1ff4f4abf84439410c63842809f1c2ec00d3139d9a477bbff6dba71a195b25,78f915effaeabdf4d189511ae293223525d73c02f74e8c56cc8364647f18fd37,completed,,0.00025947499671019614,5,70800,2048,4652,620,5272,0,0,,5,1,0.0,1,2,upmem_pressure_v1,,,,upmem_path_cost_v2,balanced_literature_informed,"{""caps"": {""dpu_to_host_payload_bytes"": 1048576.0, ""estimated_flops"": 2147614720.0, ""host_completion_events"": 4.0, ""host_to_dpu_payload_bytes"": 2097152.0, ""mram_dma_window_bytes_model"": 17180917760.0, ""mram_payload_pressure_ratio"": 1.0, ""numeric_representation_penalty"": 3.0, ""tile_iterations"": 1024.0, ""wram_known_pressure_ratio"": 1.0}, ""normalization_id"": ""fixed_log1p_generic_budgets_v2"", ""transform"": ""log1p(value)/log1p(cap)""}","{""caps"": {""application_max_contracted_combinations"": 4096, ""application_max_rank"": 16, ""application_max_tensor_elements"": 65536, ""native_abi_max_tensor_elements"": 65536}, ""dpu_parallelism_model"": ""single_dpu_serial_tasks"", ""host_completion_model"": ""one_synchronous_dpu_launch_per_real_component"", ""host_dpu_transfer_model"": ""per_real_component_operand_upload_and_output_download_no_reuse"", ""input_element_bytes"": 4, ""memory_budget_source"": ""configured_generic_dpu_policy_v2"", ""mram_capacity_bytes"": 67108864, ""mram_wram_transfer_model"": ""aligned_scalar_read_windows_and_aligned_output_tile_writes"", ""numeric_contract"": ""real_float32_or_split_real_imag_v2"", ""output_element_bytes"": 4, ""output_tile_elements"": 256, ""policy_id"": ""generic_single_dpu_split_complex_v2"", ""wram_budget_bytes"": 61440}",True,[],17700,16384,620,18608,620,19228,142224,17700,5,0.0,0.016796875,5,16384,18608,620,142224,5,5,5,0,17408,786432,67108864,0.01171875,0.0625,0.0625,1032,61440,0.016796875,"{""dpu_to_host_payload_bytes"": 620, ""estimated_flops"": 17700, ""feasibility"": true, ""host_completion_event_scope"": ""one_synchronous_dpu_launch_per_real_component"", ""host_completion_events"": 5, ""host_to_dpu_payload_bytes"": 18608, ""known_wram_static_bytes"": 1032, ""largest_tensor_bytes"": 16384, ""memory_budget_scope"": ""configured_modeled_budget_not_measured_runtime_occupancy"", ""mram_capacity_bytes"": 67108864, ""mram_dma_window_bytes_model"": 142224, ""mram_dma_window_scope"": ""modeled_aligned_request_volume_not_physical_bus_bytes"", ""mram_max_region_payload_ratio"": 0.0625, ""mram_payload_pressure_ratio"": 0.0625, ""mram_payload_pressure_scope"": ""maximum_single_buffer_payload_divided_by_fixed_native_buffer_capacity"", ""mram_static_reservation_pressure_ratio"": 0.01171875, ""native_static_mram_reservation_bytes"": 786432, ""numeric_component_invocations"": 5, ""numeric_recombination_flops"": 0, ""numeric_representation_penalty"": 0.0, ""rejection_reasons"": [], ""task_mram_payload_bytes"": 17408, ""tile_iterations"": 5, ""wram_budget_bytes"": 61440, ""wram_known_pressure_ratio"": 0.016796875}","{""dpu_to_host_payload_bytes"": 0.4639224409963948, ""estimated_flops"": 0.4552097794553751, ""host_completion_events"": 1.1132827525593785, ""host_to_dpu_payload_bytes"": 0.6754148783644979, ""mram_dma_window_bytes_model"": 0.5034638595356147, ""mram_payload_pressure_ratio"": 0.0874628412503394, ""numeric_representation_penalty"": 0.0, ""tile_iterations"": 0.2584598539004127, ""wram_known_pressure_ratio"": 0.02403150151674986}",0.46882955566477413,2,False,False,modeled,False
research_benchmark_pack_v1,thesis_planner_sensitivity_v2_planner_compare,planner_motif_chain_sensitivity_v2,planner,0,planner_motif,True,chain,5,4,2,128,5,cotengra.flops,cotengra,external_contraction_tree,29abf6127107d130856c0eaa87fbe850bf32d0d563501d9dac818edbc4b47437,"{""engine"": ""cotengra"", ""max_repeats"": 1, ""methods"": ""greedy"", ""objective"": ""flops"", ""on_trial_error"": ""raise"", ""optlib"": ""random"", ""parallel"": false, ""progbar"": false, ""seed"": 0}",,greedy,cotengra_flops,cotengra_contraction_tree,,,df41bd6e45d70178b28cbda122cec2a6b232964415f6e1303f7395f4cd42f61c,3f0ee5ab4c68ed5806b43e34c0a757cf0d239fb1ac6c34ac4ebeb8c30a5237b6,completed,,0.00029436099794111215,4,2384,128,256,52,308,0,0,,4,1,0.0,1,1,upmem_pressure_v1,,,,upmem_path_cost_v2,balanced_literature_informed,"{""caps"": {""dpu_to_host_payload_bytes"": 1048576.0, ""estimated_flops"": 2147614720.0, ""host_completion_events"": 4.0, ""host_to_dpu_payload_bytes"": 2097152.0, ""mram_dma_window_bytes_model"": 17180917760.0, ""mram_payload_pressure_ratio"": 1.0, ""numeric_representation_penalty"": 3.0, ""tile_iterations"": 1024.0, ""wram_known_pressure_ratio"": 1.0}, ""normalization_id"": ""fixed_log1p_generic_budgets_v2"", ""transform"": ""log1p(value)/log1p(cap)""}","{""caps"": {""application_max_contracted_combinations"": 4096, ""application_max_rank"": 16, ""application_max_tensor_elements"": 65536, ""native_abi_max_tensor_elements"": 65536}, ""dpu_parallelism_model"": ""single_dpu_serial_tasks"", ""host_completion_model"": ""one_synchronous_dpu_launch_per_real_component"", ""host_dpu_transfer_model"": ""per_real_component_operand_upload_and_output_download_no_reuse"", ""input_element_bytes"": 4, ""memory_budget_source"": ""configured_generic_dpu_policy_v2"", ""mram_capacity_bytes"": 67108864, ""mram_wram_transfer_model"": ""aligned_scalar_read_windows_and_aligned_output_tile_writes"", ""numeric_contract"": ""real_float32_or_split_real_imag_v2"", ""output_element_bytes"": 4, ""output_tile_elements"": 256, ""policy_id"": ""generic_single_dpu_split_complex_v2"", ""wram_budget_bytes"": 61440}",True,[],596,512,52,1024,52,1076,4824,596,4,0.0,0.016796875,4,512,1024,52,4824,4,4,4,0,800,786432,67108864,0.01171875,0.001953125,0.001953125,1032,61440,0.016796875,"{""dpu_to_host_payload_bytes"": 52, ""estimated_flops"": 596, ""feasibility"": true, ""host_completion_event_scope"": ""one_synchronous_dpu_launch_per_real_component"", ""host_completion_events"": 4, ""host_to_dpu_payload_bytes"": 1024, ""known_wram_static_bytes"": 1032, ""largest_tensor_bytes"": 512, ""memory_budget_scope"": ""configured_modeled_budget_not_measured_runtime_occupancy"", ""mram_capacity_bytes"": 67108864, ""mram_dma_window_bytes_model"": 4824, ""mram_dma_window_scope"": ""modeled_aligned_request_volume_not_physical_bus_bytes"", ""mram_max_region_payload_ratio"": 0.001953125, ""mram_payload_pressure_ratio"": 0.001953125, ""mram_payload_pressure_scope"": ""maximum_single_buffer_payload_divided_by_fixed_native_buffer_capacity"", ""mram_static_reservation_pressure_ratio"": 0.01171875, ""native_static_mram_reservation_bytes"": 786432, ""numeric_component_invocations"": 4, ""numeric_recombination_flops"": 0, ""numeric_representation_penalty"": 0.0, ""rejection_reasons"": [], ""task_mram_payload_bytes"": 800, ""tile_iterations"": 4, ""wram_budget_bytes"": 61440, ""wram_known_pressure_ratio"": 0.016796875}","{""dpu_to_host_payload_bytes"": 0.28639600302611185, ""estimated_flops"": 0.2974697073591727, ""host_completion_events"": 1.0, ""host_to_dpu_payload_bytes"": 0.4762575174647984, ""mram_dma_window_bytes_model"": 0.3598906334637568, ""mram_payload_pressure_ratio"": 0.0028150156070540383, ""numeric_representation_penalty"": 0.0, ""tile_iterations"": 0.23216011683126064, ""wram_known_pressure_ratio"": 0.02403150151674986}",0.34505431300132317,1,False,True,modeled,False
research_benchmark_pack_v1,thesis_planner_sensitivity_v2_planner_compare,planner_motif_balanced_tree_sensitivity_v2,planner,0,planner_motif,True,balanced_tree,7,6,3,2048,7,cotengra.flops,cotengra,external_contraction_tree,29abf6127107d130856c0eaa87fbe850bf32d0d563501d9dac818edbc4b47437,"{""engine"": ""cotengra"", ""max_repeats"": 1, ""methods"": ""greedy"", ""objective"": ""flops"", ""on_trial_error"": ""raise"", ""optlib"": ""random"", ""parallel"": false, ""progbar"": false, ""seed"": 0}",,greedy,cotengra_flops,cotengra_contraction_tree,,,01b6e685be6b8ce8614b064ea0590748ba1474526a994757cd927c8c1efd4a30,d195d1c90b01a28051277a8b1857683c33ec54574dc7182feed815e6582dd1f7,completed,,0.0003369409969309345,6,21200,2048,2428,636,3064,0,0,,6,1,0.0,1,1,upmem_pressure_v1,,,,upmem_path_cost_v2,balanced_literature_informed,"{""caps"": {""dpu_to_host_payload_bytes"": 1048576.0, ""estimated_flops"": 2147614720.0, ""host_completion_events"": 4.0, ""host_to_dpu_payload_bytes"": 2097152.0, ""mram_dma_window_bytes_model"": 17180917760.0, ""mram_payload_pressure_ratio"": 1.0, ""numeric_representation_penalty"": 3.0, ""tile_iterations"": 1024.0, ""wram_known_pressure_ratio"": 1.0}, ""normalization_id"": ""fixed_log1p_generic_budgets_v2"", ""transform"": ""log1p(value)/log1p(cap)""}","{""caps"": {""application_max_contracted_combinations"": 4096, ""application_max_rank"": 16, ""application_max_tensor_elements"": 65536, ""native_abi_max_tensor_elements"": 65536}, ""dpu_parallelism_model"": ""single_dpu_serial_tasks"", ""host_completion_model"": ""one_synchronous_dpu_launch_per_real_component"", ""host_dpu_transfer_model"": ""per_real_component_operand_upload_and_output_download_no_reuse"", ""input_element_bytes"": 4, ""memory_budget_source"": ""configured_generic_dpu_policy_v2"", ""mram_capacity_bytes"": 67108864, ""mram_wram_transfer_model"": ""aligned_scalar_read_windows_and_aligned_output_tile_writes"", ""numeric_contract"": ""real_float32_or_split_real_imag_v2"", ""output_element_bytes"": 4, ""output_tile_elements"": 256, ""policy_id"": ""generic_single_dpu_split_complex_v2"", ""wram_budget_bytes"": 61440}",True,[],5300,8192,636,9712,636,10348,43040,5300,6,0.0,0.016796875,6,8192,9712,636,43040,6,6,6,0,8768,786432,67108864,0.01171875,0.03125,0.03125,1032,61440,0.016796875,"{""dpu_to_host_payload_bytes"": 636, ""estimated_flops"": 5300, ""feasibility"": true, ""host_completion_event_scope"": ""one_synchronous_dpu_launch_per_real_component"", ""host_completion_events"": 6, ""host_to_dpu_payload_bytes"": 9712, ""known_wram_static_bytes"": 1032, ""largest_tensor_bytes"": 8192, ""memory_budget_scope"": ""configured_modeled_budget_not_measured_runtime_occupancy"", ""mram_capacity_bytes"": 67108864, ""mram_dma_window_bytes_model"": 43040, ""mram_dma_window_scope"": ""modeled_aligned_request_volume_not_physical_bus_bytes"", ""mram_max_region_payload_ratio"": 0.03125, ""mram_payload_pressure_ratio"": 0.03125, ""mram_payload_pressure_scope"": ""maximum_single_buffer_payload_divided_by_fixed_native_buffer_capacity"", ""mram_static_reservation_pressure_ratio"": 0.01171875, ""native_static_mram_reservation_bytes"": 786432, ""numeric_component_invocations"": 6, ""numeric_recombination_flops"": 0, ""numeric_representation_penalty"": 0.0, ""rejection_reasons"": [], ""task_mram_payload_bytes"": 8768, ""tile_iterations"": 6, ""wram_budget_bytes"": 61440, ""wram_known_pressure_ratio"": 0.016796875}","{""dpu_to_host_payload_bytes"": 0.4657574460719502, ""estimated_flops"": 0.39909721559758016, ""host_completion_events"": 1.2090619551221675, ""host_to_dpu_payload_bytes"": 0.6307476577321547, ""mram_dma_window_bytes_model"": 0.45274659151309266, ""mram_payload_pressure_ratio"": 0.044394119358453436, ""numeric_representation_penalty"": 0.0, ""tile_iterations"": 0.28069596475739483, ""wram_known_pressure_ratio"": 0.02403150151674986}",0.44658591795928093,1,False,True,modeled,False
research_benchmark_pack_v1,thesis_planner_sensitivity_v2_planner_compare,planner_motif_star_sensitivity_v2,planner,0,planner_motif,True,star,5,4,4,1024,5,cotengra.flops,cotengra,external_contraction_tree,29abf6127107d130856c0eaa87fbe850bf32d0d563501d9dac818edbc4b47437,"{""engine"": ""cotengra"", ""max_repeats"": 1, ""methods"": ""greedy"", ""objective"": ""flops"", ""on_trial_error"": ""raise"", ""optlib"": ""random"", ""parallel"": false, ""progbar"": false, ""seed"": 0}",,greedy,cotengra_flops,cotengra_contraction_tree,,,26d0915deadd7ac1c295b8e128cf4ff33c89e6928e5b1df51100f3f17c0de988,6492471c75a3ced3ee79dea193330c76dd68378980442711df9a349e0c90e453,completed,,0.0003058719994442072,4,8784,1024,1128,300,1428,0,0,,4,1,0.0,1,1,upmem_pressure_v1,,,,upmem_path_cost_v2,balanced_literature_informed,"{""caps"": {""dpu_to_host_payload_bytes"": 1048576.0, ""estimated_flops"": 2147614720.0, ""host_completion_events"": 4.0, ""host_to_dpu_payload_bytes"": 2097152.0, ""mram_dma_window_bytes_model"": 17180917760.0, ""mram_payload_pressure_ratio"": 1.0, ""numeric_representation_penalty"": 3.0, ""tile_iterations"": 1024.0, ""wram_known_pressure_ratio"": 1.0}, ""normalization_id"": ""fixed_log1p_generic_budgets_v2"", ""transform"": ""log1p(value)/log1p(cap)""}","{""caps"": {""application_max_contracted_combinations"": 4096, ""application_max_rank"": 16, ""application_max_tensor_elements"": 65536, ""native_abi_max_tensor_elements"": 65536}, ""dpu_parallelism_model"": ""single_dpu_serial_tasks"", ""host_completion_model"": ""one_synchronous_dpu_launch_per_real_component"", ""host_dpu_transfer_model"": ""per_real_component_operand_upload_and_output_download_no_reuse"", ""input_element_bytes"": 4, ""memory_budget_source"": ""configured_generic_dpu_policy_v2"", ""mram_capacity_bytes"": 67108864, ""mram_wram_transfer_model"": ""aligned_scalar_read_windows_and_aligned_output_tile_writes"", ""numeric_contract"": ""real_float32_or_split_real_imag_v2"", ""output_element_bytes"": 4, ""output_tile_elements"": 256, ""policy_id"": ""generic_single_dpu_split_complex_v2"", ""wram_budget_bytes"": 61440}",True,[],2196,4096,300,4512,300,4812,17872,2196,4,0.0,0.016796875,4,4096,4512,300,17872,4,4,4,0,4416,786432,67108864,0.01171875,0.015625,0.015625,1032,61440,0.016796875,"{""dpu_to_host_payload_bytes"": 300, ""estimated_flops"": 2196, ""feasibility"": true, ""host_completion_event_scope"": ""one_synchronous_dpu_launch_per_real_component"", ""host_completion_events"": 4, ""host_to_dpu_payload_bytes"": 4512, ""known_wram_static_bytes"": 1032, ""largest_tensor_bytes"": 4096, ""memory_budget_scope"": ""configured_modeled_budget_not_measured_runtime_occupancy"", ""mram_capacity_bytes"": 67108864, ""mram_dma_window_bytes_model"": 17872, ""mram_dma_window_scope"": ""modeled_aligned_request_volume_not_physical_bus_bytes"", ""mram_max_region_payload_ratio"": 0.015625, ""mram_payload_pressure_ratio"": 0.015625, ""mram_payload_pressure_scope"": ""maximum_single_buffer_payload_divided_by_fixed_native_buffer_capacity"", ""mram_static_reservation_pressure_ratio"": 0.01171875, ""native_static_mram_reservation_bytes"": 786432, ""numeric_component_invocations"": 4, ""numeric_recombination_flops"": 0, ""numeric_representation_penalty"": 0.0, ""rejection_reasons"": [], ""task_mram_payload_bytes"": 4416, ""tile_iterations"": 4, ""wram_budget_bytes"": 61440, ""wram_known_pressure_ratio"": 0.016796875}","{""dpu_to_host_payload_bytes"": 0.4116809555172058, ""estimated_flops"": 0.35810605232498594, ""host_completion_events"": 1.0, ""host_to_dpu_payload_bytes"": 0.5780890793108292, ""mram_dma_window_bytes_model"": 0.4154546355929406, ""mram_payload_pressure_ratio"": 0.02236781302845451, ""numeric_representation_penalty"": 0.0, ""tile_iterations"": 0.23216011683126064, ""wram_known_pressure_ratio"": 0.02403150151674986}",0.3938428214411426,1,False,True,modeled,False
research_benchmark_pack_v1,thesis_planner_sensitivity_v2_planner_compare,planner_motif_cycle_sensitivity_v2,planner,0,planner_motif,True,cycle,4,4,2,128,4,cotengra.flops,cotengra,external_contraction_tree,29abf6127107d130856c0eaa87fbe850bf32d0d563501d9dac818edbc4b47437,"{""engine"": ""cotengra"", ""max_repeats"": 1, ""methods"": ""greedy"", ""objective"": ""flops"", ""on_trial_error"": ""raise"", ""optlib"": ""random"", ""parallel"": false, ""progbar"": false, ""seed"": 0}",,greedy,cotengra_flops,cotengra_contraction_tree,,,929b4404d592a2eb4ee0a090463b117dea2e126c2b3f50e3db4faa93b8837b54,4f3bbb0466a245494e4549f3e795695e6a5d1b4eb7f365b7558d53bed75706fb,completed,,0.00025500700212433003,3,3136,128,304,68,372,0,0,,3,1,0.0,1,1,upmem_pressure_v1,,,,upmem_path_cost_v2,balanced_literature_informed,"{""caps"": {""dpu_to_host_payload_bytes"": 1048576.0, ""estimated_flops"": 2147614720.0, ""host_completion_events"": 4.0, ""host_to_dpu_payload_bytes"": 2097152.0, ""mram_dma_window_bytes_model"": 17180917760.0, ""mram_payload_pressure_ratio"": 1.0, ""numeric_representation_penalty"": 3.0, ""tile_iterations"": 1024.0, ""wram_known_pressure_ratio"": 1.0}, ""normalization_id"": ""fixed_log1p_generic_budgets_v2"", ""transform"": ""log1p(value)/log1p(cap)""}","{""caps"": {""application_max_contracted_combinations"": 4096, ""application_max_rank"": 16, ""application_max_tensor_elements"": 65536, ""native_abi_max_tensor_elements"": 65536}, ""dpu_parallelism_model"": ""single_dpu_serial_tasks"", ""host_completion_model"": ""one_synchronous_dpu_launch_per_real_component"", ""host_dpu_transfer_model"": ""per_real_component_operand_upload_and_output_download_no_reuse"", ""input_element_bytes"": 4, ""memory_budget_source"": ""configured_generic_dpu_policy_v2"", ""mram_capacity_bytes"": 67108864, ""mram_wram_transfer_model"": ""aligned_scalar_read_windows_and_aligned_output_tile_writes"", ""numeric_contract"": ""real_float32_or_split_real_imag_v2"", ""output_element_bytes"": 4, ""output_tile_elements"": 256, ""policy_id"": ""generic_single_dpu_split_complex_v2"", ""wram_budget_bytes"": 61440}",True,[],784,512,68,1216,68,1284,6344,784,3,0.0,0.016796875,3,512,1216,68,6344,3,3,3,0,800,786432,67108864,0.01171875,0.001953125,0.001953125,1032,61440,0.016796875,"{""dpu_to_host_payload_bytes"": 68, ""estimated_flops"": 784, ""feasibility"": true, ""host_completion_event_scope"": ""one_synchronous_dpu_launch_per_real_component"", ""host_completion_events"": 3, ""host_to_dpu_payload_bytes"": 1216, ""known_wram_static_bytes"": 1032, ""largest_tensor_bytes"": 512, ""memory_budget_scope"": ""configured_modeled_budget_not_measured_runtime_occupancy"", ""mram_capacity_bytes"": 67108864, ""mram_dma_window_bytes_model"": 6344, ""mram_dma_window_scope"": ""modeled_aligned_request_volume_not_physical_bus_bytes"", ""mram_max_region_payload_ratio"": 0.001953125, ""mram_payload_pressure_ratio"": 0.001953125, ""mram_payload_pressure_scope"": ""maximum_single_buffer_payload_divided_by_fixed_native_buffer_capacity"", ""mram_static_reservation_pressure_ratio"": 0.01171875, ""native_static_mram_reservation_bytes"": 786432, ""numeric_component_invocations"": 3, ""numeric_recombination_flops"": 0, ""numeric_representation_penalty"": 0.0, ""rejection_reasons"": [], ""task_mram_payload_bytes"": 800, ""tile_iterations"": 3, ""wram_budget_bytes"": 61440, ""wram_known_pressure_ratio"": 0.016796875}","{""dpu_to_host_payload_bytes"": 0.30542620182771535, ""estimated_flops"": 0.3102103718965647, ""host_completion_events"": 0.8613531161467861, ""host_to_dpu_payload_bytes"": 0.4880530055698671, ""mram_dma_window_bytes_model"": 0.37151093341931674, ""mram_payload_pressure_ratio"": 0.0028150156070540383, ""numeric_representation_penalty"": 0.0, ""tile_iterations"": 0.1999718400776083, ""wram_known_pressure_ratio"": 0.02403150151674986}",0.3378102700596196,1,False,True,modeled,False
research_benchmark_pack_v1,thesis_planner_sensitivity_v2_planner_compare,planner_motif_grid_sensitivity_v2,planner,0,planner_motif,True,grid,6,7,3,512,6,cotengra.flops,cotengra,external_contraction_tree,29abf6127107d130856c0eaa87fbe850bf32d0d563501d9dac818edbc4b47437,"{""engine"": ""cotengra"", ""max_repeats"": 1, ""methods"": ""greedy"", ""objective"": ""flops"", ""on_trial_error"": ""raise"", ""optlib"": ""random"", ""parallel"": false, ""progbar"": false, ""seed"": 0}",,greedy,cotengra_flops,cotengra_contraction_tree,,,9bc4c5fa7bfe76c7ada1171e47c3134d0e81bf28f793ad054f2cd59bcc18a692,4dcec80ced4c62f03985702c8bad4ff7be79c783486b3d35119e82cc6e1bb20c,completed,,0.0002782499977911357,5,27712,2048,1400,932,2332,0,0,,5,1,0.6547619047619048,2,2,upmem_pressure_v1,,,,upmem_path_cost_v2,balanced_literature_informed,"{""caps"": {""dpu_to_host_payload_bytes"": 1048576.0, ""estimated_flops"": 2147614720.0, ""host_completion_events"": 4.0, ""host_to_dpu_payload_bytes"": 2097152.0, ""mram_dma_window_bytes_model"": 17180917760.0, ""mram_payload_pressure_ratio"": 1.0, ""numeric_representation_penalty"": 3.0, ""tile_iterations"": 1024.0, ""wram_known_pressure_ratio"": 1.0}, ""normalization_id"": ""fixed_log1p_generic_budgets_v2"", ""transform"": ""log1p(value)/log1p(cap)""}","{""caps"": {""application_max_contracted_combinations"": 4096, ""application_max_rank"": 16, ""application_max_tensor_elements"": 65536, ""native_abi_max_tensor_elements"": 65536}, ""dpu_parallelism_model"": ""single_dpu_serial_tasks"", ""host_completion_model"": ""one_synchronous_dpu_launch_per_real_component"", ""host_dpu_transfer_model"": ""per_real_component_operand_upload_and_output_download_no_reuse"", ""input_element_bytes"": 4, ""memory_budget_source"": ""configured_generic_dpu_policy_v2"", ""mram_capacity_bytes"": 67108864, ""mram_wram_transfer_model"": ""aligned_scalar_read_windows_and_aligned_output_tile_writes"", ""numeric_contract"": ""real_float32_or_split_real_imag_v2"", ""output_element_bytes"": 4, ""output_tile_elements"": 256, ""policy_id"": ""generic_single_dpu_split_complex_v2"", ""wram_budget_bytes"": 61440}",True,[],6928,2048,932,5600,932,6532,56360,6928,5,0.0,0.016796875,5,2048,5600,932,56360,5,5,5,0,2816,786432,67108864,0.01171875,0.0078125,0.0078125,1032,61440,0.016796875,"{""dpu_to_host_payload_bytes"": 932, ""estimated_flops"": 6928, ""feasibility"": true, ""host_completion_event_scope"": ""one_synchronous_dpu_launch_per_real_component"", ""host_completion_events"": 5, ""host_to_dpu_payload_bytes"": 5600, ""known_wram_static_bytes"": 1032, ""largest_tensor_bytes"": 2048, ""memory_budget_scope"": ""configured_modeled_budget_not_measured_runtime_occupancy"", ""mram_capacity_bytes"": 67108864, ""mram_dma_window_bytes_model"": 56360, ""mram_dma_window_scope"": ""modeled_aligned_request_volume_not_physical_bus_bytes"", ""mram_max_region_payload_ratio"": 0.0078125, ""mram_payload_pressure_ratio"": 0.0078125, ""mram_payload_pressure_scope"": ""maximum_single_buffer_payload_divided_by_fixed_native_buffer_capacity"", ""mram_static_reservation_pressure_ratio"": 0.01171875, ""native_static_mram_reservation_bytes"": 786432, ""numeric_component_invocations"": 5, ""numeric_recombination_flops"": 0, ""numeric_representation_penalty"": 0.0, ""rejection_reasons"": [], ""task_mram_payload_bytes"": 2816, ""tile_iterations"": 5, ""wram_budget_bytes"": 61440, ""wram_known_pressure_ratio"": 0.016796875}","{""dpu_to_host_payload_bytes"": 0.49328662960790726, ""estimated_flops"": 0.4115611355376022, ""host_completion_events"": 1.1132827525593785, ""host_to_dpu_payload_bytes"": 0.5929270621454659, ""mram_dma_window_bytes_model"": 0.4641873151754003, ""mram_payload_pressure_ratio"": 0.011227255423254121, ""numeric_representation_penalty"": 0.0, ""tile_iterations"": 0.2584598539004127, ""wram_known_pressure_ratio"": 0.02403150151674986}",0.43534534351965454,1,True,True,modeled,False
research_benchmark_pack_v1,thesis_planner_sensitivity_v2_planner_compare,planner_motif_flop_memory_tradeoff_sensitivity_v2,planner,0,planner_motif,True,flop_memory_tradeoff,6,6,3,4096,6,cotengra.flops,cotengra,external_contraction_tree,29abf6127107d130856c0eaa87fbe850bf32d0d563501d9dac818edbc4b47437,"{""engine"": ""cotengra"", ""max_repeats"": 1, ""methods"": ""greedy"", ""objective"": ""flops"", ""on_trial_error"": ""raise"", ""optlib"": ""random"", ""parallel"": false, ""progbar"": false, ""seed"": 0}",,greedy,cotengra_flops,cotengra_contraction_tree,,,ea1ff4f4abf84439410c63842809f1c2ec00d3139d9a477bbff6dba71a195b25,78f915effaeabdf4d189511ae293223525d73c02f74e8c56cc8364647f18fd37,completed,,0.00029789699692628346,5,70800,2048,4652,620,5272,0,0,,5,1,0.0,1,1,upmem_pressure_v1,,,,upmem_path_cost_v2,balanced_literature_informed,"{""caps"": {""dpu_to_host_payload_bytes"": 1048576.0, ""estimated_flops"": 2147614720.0, ""host_completion_events"": 4.0, ""host_to_dpu_payload_bytes"": 2097152.0, ""mram_dma_window_bytes_model"": 17180917760.0, ""mram_payload_pressure_ratio"": 1.0, ""numeric_representation_penalty"": 3.0, ""tile_iterations"": 1024.0, ""wram_known_pressure_ratio"": 1.0}, ""normalization_id"": ""fixed_log1p_generic_budgets_v2"", ""transform"": ""log1p(value)/log1p(cap)""}","{""caps"": {""application_max_contracted_combinations"": 4096, ""application_max_rank"": 16, ""application_max_tensor_elements"": 65536, ""native_abi_max_tensor_elements"": 65536}, ""dpu_parallelism_model"": ""single_dpu_serial_tasks"", ""host_completion_model"": ""one_synchronous_dpu_launch_per_real_component"", ""host_dpu_transfer_model"": ""per_real_component_operand_upload_and_output_download_no_reuse"", ""input_element_bytes"": 4, ""memory_budget_source"": ""configured_generic_dpu_policy_v2"", ""mram_capacity_bytes"": 67108864, ""mram_wram_transfer_model"": ""aligned_scalar_read_windows_and_aligned_output_tile_writes"", ""numeric_contract"": ""real_float32_or_split_real_imag_v2"", ""output_element_bytes"": 4, ""output_tile_elements"": 256, ""policy_id"": ""generic_single_dpu_split_complex_v2"", ""wram_budget_bytes"": 61440}",True,[],17700,16384,620,18608,620,19228,142224,17700,5,0.0,0.016796875,5,16384,18608,620,142224,5,5,5,0,17408,786432,67108864,0.01171875,0.0625,0.0625,1032,61440,0.016796875,"{""dpu_to_host_payload_bytes"": 620, ""estimated_flops"": 17700, ""feasibility"": true, ""host_completion_event_scope"": ""one_synchronous_dpu_launch_per_real_component"", ""host_completion_events"": 5, ""host_to_dpu_payload_bytes"": 18608, ""known_wram_static_bytes"": 1032, ""largest_tensor_bytes"": 16384, ""memory_budget_scope"": ""configured_modeled_budget_not_measured_runtime_occupancy"", ""mram_capacity_bytes"": 67108864, ""mram_dma_window_bytes_model"": 142224, ""mram_dma_window_scope"": ""modeled_aligned_request_volume_not_physical_bus_bytes"", ""mram_max_region_payload_ratio"": 0.0625, ""mram_payload_pressure_ratio"": 0.0625, ""mram_payload_pressure_scope"": ""maximum_single_buffer_payload_divided_by_fixed_native_buffer_capacity"", ""mram_static_reservation_pressure_ratio"": 0.01171875, ""native_static_mram_reservation_bytes"": 786432, ""numeric_component_invocations"": 5, ""numeric_recombination_flops"": 0, ""numeric_representation_penalty"": 0.0, ""rejection_reasons"": [], ""task_mram_payload_bytes"": 17408, ""tile_iterations"": 5, ""wram_budget_bytes"": 61440, ""wram_known_pressure_ratio"": 0.016796875}","{""dpu_to_host_payload_bytes"": 0.4639224409963948, ""estimated_flops"": 0.4552097794553751, ""host_completion_events"": 1.1132827525593785, ""host_to_dpu_payload_bytes"": 0.6754148783644979, ""mram_dma_window_bytes_model"": 0.5034638595356147, ""mram_payload_pressure_ratio"": 0.0874628412503394, ""numeric_representation_penalty"": 0.0, ""tile_iterations"": 0.2584598539004127, ""wram_known_pressure_ratio"": 0.02403150151674986}",0.46882955566477413,1,False,True,modeled,False
research_benchmark_pack_v1,thesis_planner_semantic_v2_planner_compare,planner_motif_chain_semantic_v2,planner,0,planner_motif,True,chain,5,4,2,128,5,cotengra.size,cotengra,external_contraction_tree,e9852bf700905b31e3be67ba9bb323fddcf0304d58266d028aec042719273fd7,"{""engine"": ""cotengra"", ""max_repeats"": 1, ""methods"": ""greedy"", ""objective"": ""size"", ""on_trial_error"": ""raise"", ""optlib"": ""random"", ""parallel"": false, ""progbar"": false, ""seed"": 0}",,greedy,cotengra_size,cotengra_contraction_tree,,,99ebd30034918e3543886ecb33efad52a5847183f14c1b136760df2ca15123ec,3f0ee5ab4c68ed5806b43e34c0a757cf0d239fb1ac6c34ac4ebeb8c30a5237b6,completed,,0.0002161840020562522,4,2384,128,256,52,308,0,0,,4,1,0.0,1,2,upmem_pressure_v1,,,,upmem_path_cost_v2,balanced_literature_informed,"{""caps"": {""dpu_to_host_payload_bytes"": 1048576.0, ""estimated_flops"": 2147614720.0, ""host_completion_events"": 4.0, ""host_to_dpu_payload_bytes"": 2097152.0, ""mram_dma_window_bytes_model"": 17180917760.0, ""mram_payload_pressure_ratio"": 1.0, ""numeric_representation_penalty"": 3.0, ""tile_iterations"": 1024.0, ""wram_known_pressure_ratio"": 1.0}, ""normalization_id"": ""fixed_log1p_generic_budgets_v2"", ""transform"": ""log1p(value)/log1p(cap)""}","{""caps"": {""application_max_contracted_combinations"": 4096, ""application_max_rank"": 16, ""application_max_tensor_elements"": 65536, ""native_abi_max_tensor_elements"": 65536}, ""dpu_parallelism_model"": ""single_dpu_serial_tasks"", ""host_completion_model"": ""one_synchronous_dpu_launch_per_real_component"", ""host_dpu_transfer_model"": ""per_real_component_operand_upload_and_output_download_no_reuse"", ""input_element_bytes"": 4, ""memory_budget_source"": ""configured_generic_dpu_policy_v2"", ""mram_capacity_bytes"": 67108864, ""mram_wram_transfer_model"": ""aligned_scalar_read_windows_and_aligned_output_tile_writes"", ""numeric_contract"": ""real_float32_or_split_real_imag_v2"", ""output_element_bytes"": 4, ""output_tile_elements"": 256, ""policy_id"": ""generic_single_dpu_split_complex_v2"", ""wram_budget_bytes"": 61440}",True,[],596,512,52,1024,52,1076,4824,596,4,0.0,0.016796875,4,512,1024,52,4824,4,4,4,0,800,786432,67108864,0.01171875,0.001953125,0.001953125,1032,61440,0.016796875,"{""dpu_to_host_payload_bytes"": 52, ""estimated_flops"": 596, ""feasibility"": true, ""host_completion_event_scope"": ""one_synchronous_dpu_launch_per_real_component"", ""host_completion_events"": 4, ""host_to_dpu_payload_bytes"": 1024, ""known_wram_static_bytes"": 1032, ""largest_tensor_bytes"": 512, ""memory_budget_scope"": ""configured_modeled_budget_not_measured_runtime_occupancy"", ""mram_capacity_bytes"": 67108864, ""mram_dma_window_bytes_model"": 4824, ""mram_dma_window_scope"": ""modeled_aligned_request_volume_not_physical_bus_bytes"", ""mram_max_region_payload_ratio"": 0.001953125, ""mram_payload_pressure_ratio"": 0.001953125, ""mram_payload_pressure_scope"": ""maximum_single_buffer_payload_divided_by_fixed_native_buffer_capacity"", ""mram_static_reservation_pressure_ratio"": 0.01171875, ""native_static_mram_reservation_bytes"": 786432, ""numeric_component_invocations"": 4, ""numeric_recombination_flops"": 0, ""numeric_representation_penalty"": 0.0, ""rejection_reasons"": [], ""task_mram_payload_bytes"": 800, ""tile_iterations"": 4, ""wram_budget_bytes"": 61440, ""wram_known_pressure_ratio"": 0.016796875}","{""dpu_to_host_payload_bytes"": 0.28639600302611185, ""estimated_flops"": 0.2974697073591727, ""host_completion_events"": 1.0, ""host_to_dpu_payload_bytes"": 0.4762575174647984, ""mram_dma_window_bytes_model"": 0.3598906334637568, ""mram_payload_pressure_ratio"": 0.0028150156070540383, ""numeric_representation_penalty"": 0.0, ""tile_iterations"": 0.23216011683126064, ""wram_known_pressure_ratio"": 0.02403150151674986}",0.34505431300132317,2,False,False,modeled,False
research_benchmark_pack_v1,thesis_planner_semantic_v2_planner_compare,planner_motif_balanced_tree_semantic_v2,planner,0,planner_motif,True,balanced_tree,7,6,3,2048,7,cotengra.size,cotengra,external_contraction_tree,e9852bf700905b31e3be67ba9bb323fddcf0304d58266d028aec042719273fd7,"{""engine"": ""cotengra"", ""max_repeats"": 1, ""methods"": ""greedy"", ""objective"": ""size"", ""on_trial_error"": ""raise"", ""optlib"": ""random"", ""parallel"": false, ""progbar"": false, ""seed"": 0}",,greedy,cotengra_size,cotengra_contraction_tree,,,a84eab44ceb8c53e7ceaf48af0ebcae07a074b8a0d10761cea2687a3733e90f4,d195d1c90b01a28051277a8b1857683c33ec54574dc7182feed815e6582dd1f7,completed,,0.000270645999989938,6,21200,2048,2428,636,3064,0,0,,6,1,0.0,1,2,upmem_pressure_v1,,,,upmem_path_cost_v2,balanced_literature_informed,"{""caps"": {""dpu_to_host_payload_bytes"": 1048576.0, ""estimated_flops"": 2147614720.0, ""host_completion_events"": 4.0, ""host_to_dpu_payload_bytes"": 2097152.0, ""mram_dma_window_bytes_model"": 17180917760.0, ""mram_payload_pressure_ratio"": 1.0, ""numeric_representation_penalty"": 3.0, ""tile_iterations"": 1024.0, ""wram_known_pressure_ratio"": 1.0}, ""normalization_id"": ""fixed_log1p_generic_budgets_v2"", ""transform"": ""log1p(value)/log1p(cap)""}","{""caps"": {""application_max_contracted_combinations"": 4096, ""application_max_rank"": 16, ""application_max_tensor_elements"": 65536, ""native_abi_max_tensor_elements"": 65536}, ""dpu_parallelism_model"": ""single_dpu_serial_tasks"", ""host_completion_model"": ""one_synchronous_dpu_launch_per_real_component"", ""host_dpu_transfer_model"": ""per_real_component_operand_upload_and_output_download_no_reuse"", ""input_element_bytes"": 4, ""memory_budget_source"": ""configured_generic_dpu_policy_v2"", ""mram_capacity_bytes"": 67108864, ""mram_wram_transfer_model"": ""aligned_scalar_read_windows_and_aligned_output_tile_writes"", ""numeric_contract"": ""real_float32_or_split_real_imag_v2"", ""output_element_bytes"": 4, ""output_tile_elements"": 256, ""policy_id"": ""generic_single_dpu_split_complex_v2"", ""wram_budget_bytes"": 61440}",True,[],5300,8192,636,9712,636,10348,43040,5300,6,0.0,0.016796875,6,8192,9712,636,43040,6,6,6,0,8768,786432,67108864,0.01171875,0.03125,0.03125,1032,61440,0.016796875,"{""dpu_to_host_payload_bytes"": 636, ""estimated_flops"": 5300, ""feasibility"": true, ""host_completion_event_scope"": ""one_synchronous_dpu_launch_per_real_component"", ""host_completion_events"": 6, ""host_to_dpu_payload_bytes"": 9712, ""known_wram_static_bytes"": 1032, ""largest_tensor_bytes"": 8192, ""memory_budget_scope"": ""configured_modeled_budget_not_measured_runtime_occupancy"", ""mram_capacity_bytes"": 67108864, ""mram_dma_window_bytes_model"": 43040, ""mram_dma_window_scope"": ""modeled_aligned_request_volume_not_physical_bus_bytes"", ""mram_max_region_payload_ratio"": 0.03125, ""mram_payload_pressure_ratio"": 0.03125, ""mram_payload_pressure_scope"": ""maximum_single_buffer_payload_divided_by_fixed_native_buffer_capacity"", ""mram_static_reservation_pressure_ratio"": 0.01171875, ""native_static_mram_reservation_bytes"": 786432, ""numeric_component_invocations"": 6, ""numeric_recombination_flops"": 0, ""numeric_representation_penalty"": 0.0, ""rejection_reasons"": [], ""task_mram_payload_bytes"": 8768, ""tile_iterations"": 6, ""wram_budget_bytes"": 61440, ""wram_known_pressure_ratio"": 0.016796875}","{""dpu_to_host_payload_bytes"": 0.4657574460719502, ""estimated_flops"": 0.39909721559758016, ""host_completion_events"": 1.2090619551221675, ""host_to_dpu_payload_bytes"": 0.6307476577321547, ""mram_dma_window_bytes_model"": 0.45274659151309266, ""mram_payload_pressure_ratio"": 0.044394119358453436, ""numeric_representation_penalty"": 0.0, ""tile_iterations"": 0.28069596475739483, ""wram_known_pressure_ratio"": 0.02403150151674986}",0.44658591795928093,2,False,False,modeled,False
research_benchmark_pack_v1,thesis_planner_semantic_v2_planner_compare,planner_motif_star_semantic_v2,planner,0,planner_motif,True,star,5,4,4,1024,5,cotengra.size,cotengra,external_contraction_tree,e9852bf700905b31e3be67ba9bb323fddcf0304d58266d028aec042719273fd7,"{""engine"": ""cotengra"", ""max_repeats"": 1, ""methods"": ""greedy"", ""objective"": ""size"", ""on_trial_error"": ""raise"", ""optlib"": ""random"", ""parallel"": false, ""progbar"": false, ""seed"": 0}",,greedy,cotengra_size,cotengra_contraction_tree,,,89eb20c416564e13668c52047796e2485996999d18946725dbc1ea237767c59d,6492471c75a3ced3ee79dea193330c76dd68378980442711df9a349e0c90e453,completed,,0.00022638399968855083,4,8784,1024,1128,300,1428,0,0,,4,1,0.0,1,1,upmem_pressure_v1,,,,upmem_path_cost_v2,balanced_literature_informed,"{""caps"": {""dpu_to_host_payload_bytes"": 1048576.0, ""estimated_flops"": 2147614720.0, ""host_completion_events"": 4.0, ""host_to_dpu_payload_bytes"": 2097152.0, ""mram_dma_window_bytes_model"": 17180917760.0, ""mram_payload_pressure_ratio"": 1.0, ""numeric_representation_penalty"": 3.0, ""tile_iterations"": 1024.0, ""wram_known_pressure_ratio"": 1.0}, ""normalization_id"": ""fixed_log1p_generic_budgets_v2"", ""transform"": ""log1p(value)/log1p(cap)""}","{""caps"": {""application_max_contracted_combinations"": 4096, ""application_max_rank"": 16, ""application_max_tensor_elements"": 65536, ""native_abi_max_tensor_elements"": 65536}, ""dpu_parallelism_model"": ""single_dpu_serial_tasks"", ""host_completion_model"": ""one_synchronous_dpu_launch_per_real_component"", ""host_dpu_transfer_model"": ""per_real_component_operand_upload_and_output_download_no_reuse"", ""input_element_bytes"": 4, ""memory_budget_source"": ""configured_generic_dpu_policy_v2"", ""mram_capacity_bytes"": 67108864, ""mram_wram_transfer_model"": ""aligned_scalar_read_windows_and_aligned_output_tile_writes"", ""numeric_contract"": ""real_float32_or_split_real_imag_v2"", ""output_element_bytes"": 4, ""output_tile_elements"": 256, ""policy_id"": ""generic_single_dpu_split_complex_v2"", ""wram_budget_bytes"": 61440}",True,[],2196,4096,300,4512,300,4812,17872,2196,4,0.0,0.016796875,4,4096,4512,300,17872,4,4,4,0,4416,786432,67108864,0.01171875,0.015625,0.015625,1032,61440,0.016796875,"{""dpu_to_host_payload_bytes"": 300, ""estimated_flops"": 2196, ""feasibility"": true, ""host_completion_event_scope"": ""one_synchronous_dpu_launch_per_real_component"", ""host_completion_events"": 4, ""host_to_dpu_payload_bytes"": 4512, ""known_wram_static_bytes"": 1032, ""largest_tensor_bytes"": 4096, ""memory_budget_scope"": ""configured_modeled_budget_not_measured_runtime_occupancy"", ""mram_capacity_bytes"": 67108864, ""mram_dma_window_bytes_model"": 17872, ""mram_dma_window_scope"": ""modeled_aligned_request_volume_not_physical_bus_bytes"", ""mram_max_region_payload_ratio"": 0.015625, ""mram_payload_pressure_ratio"": 0.015625, ""mram_payload_pressure_scope"": ""maximum_single_buffer_payload_divided_by_fixed_native_buffer_capacity"", ""mram_static_reservation_pressure_ratio"": 0.01171875, ""native_static_mram_reservation_bytes"": 786432, ""numeric_component_invocations"": 4, ""numeric_recombination_flops"": 0, ""numeric_representation_penalty"": 0.0, ""rejection_reasons"": [], ""task_mram_payload_bytes"": 4416, ""tile_iterations"": 4, ""wram_budget_bytes"": 61440, ""wram_known_pressure_ratio"": 0.016796875}","{""dpu_to_host_payload_bytes"": 0.4116809555172058, ""estimated_flops"": 0.35810605232498594, ""host_completion_events"": 1.0, ""host_to_dpu_payload_bytes"": 0.5780890793108292, ""mram_dma_window_bytes_model"": 0.4154546355929406, ""mram_payload_pressure_ratio"": 0.02236781302845451, ""numeric_representation_penalty"": 0.0, ""tile_iterations"": 0.23216011683126064, ""wram_known_pressure_ratio"": 0.02403150151674986}",0.3938428214411426,1,False,True,modeled,False
research_benchmark_pack_v1,thesis_planner_semantic_v2_planner_compare,planner_motif_cycle_semantic_v2,planner,0,planner_motif,True,cycle,4,4,2,128,4,cotengra.size,cotengra,external_contraction_tree,e9852bf700905b31e3be67ba9bb323fddcf0304d58266d028aec042719273fd7,"{""engine"": ""cotengra"", ""max_repeats"": 1, ""methods"": ""greedy"", ""objective"": ""size"", ""on_trial_error"": ""raise"", ""optlib"": ""random"", ""parallel"": false, ""progbar"": false, ""seed"": 0}",,greedy,cotengra_size,cotengra_contraction_tree,,,fedceac2e950c59925cd7ad740f9e2276d7624efad77da9b5785b475356d67f6,4f3bbb0466a245494e4549f3e795695e6a5d1b4eb7f365b7558d53bed75706fb,completed,,0.0002054049982689321,3,3136,128,304,68,372,0,0,,3,1,0.0,1,1,upmem_pressure_v1,,,,upmem_path_cost_v2,balanced_literature_informed,"{""caps"": {""dpu_to_host_payload_bytes"": 1048576.0, ""estimated_flops"": 2147614720.0, ""host_completion_events"": 4.0, ""host_to_dpu_payload_bytes"": 2097152.0, ""mram_dma_window_bytes_model"": 17180917760.0, ""mram_payload_pressure_ratio"": 1.0, ""numeric_representation_penalty"": 3.0, ""tile_iterations"": 1024.0, ""wram_known_pressure_ratio"": 1.0}, ""normalization_id"": ""fixed_log1p_generic_budgets_v2"", ""transform"": ""log1p(value)/log1p(cap)""}","{""caps"": {""application_max_contracted_combinations"": 4096, ""application_max_rank"": 16, ""application_max_tensor_elements"": 65536, ""native_abi_max_tensor_elements"": 65536}, ""dpu_parallelism_model"": ""single_dpu_serial_tasks"", ""host_completion_model"": ""one_synchronous_dpu_launch_per_real_component"", ""host_dpu_transfer_model"": ""per_real_component_operand_upload_and_output_download_no_reuse"", ""input_element_bytes"": 4, ""memory_budget_source"": ""configured_generic_dpu_policy_v2"", ""mram_capacity_bytes"": 67108864, ""mram_wram_transfer_model"": ""aligned_scalar_read_windows_and_aligned_output_tile_writes"", ""numeric_contract"": ""real_float32_or_split_real_imag_v2"", ""output_element_bytes"": 4, ""output_tile_elements"": 256, ""policy_id"": ""generic_single_dpu_split_complex_v2"", ""wram_budget_bytes"": 61440}",True,[],784,512,68,1216,68,1284,6344,784,3,0.0,0.016796875,3,512,1216,68,6344,3,3,3,0,800,786432,67108864,0.01171875,0.001953125,0.001953125,1032,61440,0.016796875,"{""dpu_to_host_payload_bytes"": 68, ""estimated_flops"": 784, ""feasibility"": true, ""host_completion_event_scope"": ""one_synchronous_dpu_launch_per_real_component"", ""host_completion_events"": 3, ""host_to_dpu_payload_bytes"": 1216, ""known_wram_static_bytes"": 1032, ""largest_tensor_bytes"": 512, ""memory_budget_scope"": ""configured_modeled_budget_not_measured_runtime_occupancy"", ""mram_capacity_bytes"": 67108864, ""mram_dma_window_bytes_model"": 6344, ""mram_dma_window_scope"": ""modeled_aligned_request_volume_not_physical_bus_bytes"", ""mram_max_region_payload_ratio"": 0.001953125, ""mram_payload_pressure_ratio"": 0.001953125, ""mram_payload_pressure_scope"": ""maximum_single_buffer_payload_divided_by_fixed_native_buffer_capacity"", ""mram_static_reservation_pressure_ratio"": 0.01171875, ""native_static_mram_reservation_bytes"": 786432, ""numeric_component_invocations"": 3, ""numeric_recombination_flops"": 0, ""numeric_representation_penalty"": 0.0, ""rejection_reasons"": [], ""task_mram_payload_bytes"": 800, ""tile_iterations"": 3, ""wram_budget_bytes"": 61440, ""wram_known_pressure_ratio"": 0.016796875}","{""dpu_to_host_payload_bytes"": 0.30542620182771535, ""estimated_flops"": 0.3102103718965647, ""host_completion_events"": 0.8613531161467861, ""host_to_dpu_payload_bytes"": 0.4880530055698671, ""mram_dma_window_bytes_model"": 0.37151093341931674, ""mram_payload_pressure_ratio"": 0.0028150156070540383, ""numeric_representation_penalty"": 0.0, ""tile_iterations"": 0.1999718400776083, ""wram_known_pressure_ratio"": 0.02403150151674986}",0.3378102700596196,1,False,True,modeled,False
research_benchmark_pack_v1,thesis_planner_semantic_v2_planner_compare,planner_motif_grid_semantic_v2,planner,0,planner_motif,True,grid,6,7,3,512,6,cotengra.size,cotengra,external_contraction_tree,e9852bf700905b31e3be67ba9bb323fddcf0304d58266d028aec042719273fd7,"{""engine"": ""cotengra"", ""max_repeats"": 1, ""methods"": ""greedy"", ""objective"": ""size"", ""on_trial_error"": ""raise"", ""optlib"": ""random"", ""parallel"": false, ""progbar"": false, ""seed"": 0}",,greedy,cotengra_size,cotengra_contraction_tree,,,a3a4bedee082f0bb3bf5f6ee2b2240102bb456a59e06b5fc253ed550bb83c603,4dcec80ced4c62f03985702c8bad4ff7be79c783486b3d35119e82cc6e1bb20c,completed,,0.000269543998001609,5,27712,2048,1400,932,2332,0,0,,5,1,0.7204301075268817,2,2,upmem_pressure_v1,,,,upmem_path_cost_v2,balanced_literature_informed,"{""caps"": {""dpu_to_host_payload_bytes"": 1048576.0, ""estimated_flops"": 2147614720.0, ""host_completion_events"": 4.0, ""host_to_dpu_payload_bytes"": 2097152.0, ""mram_dma_window_bytes_model"": 17180917760.0, ""mram_payload_pressure_ratio"": 1.0, ""numeric_representation_penalty"": 3.0, ""tile_iterations"": 1024.0, ""wram_known_pressure_ratio"": 1.0}, ""normalization_id"": ""fixed_log1p_generic_budgets_v2"", ""transform"": ""log1p(value)/log1p(cap)""}","{""caps"": {""application_max_contracted_combinations"": 4096, ""application_max_rank"": 16, ""application_max_tensor_elements"": 65536, ""native_abi_max_tensor_elements"": 65536}, ""dpu_parallelism_model"": ""single_dpu_serial_tasks"", ""host_completion_model"": ""one_synchronous_dpu_launch_per_real_component"", ""host_dpu_transfer_model"": ""per_real_component_operand_upload_and_output_download_no_reuse"", ""input_element_bytes"": 4, ""memory_budget_source"": ""configured_generic_dpu_policy_v2"", ""mram_capacity_bytes"": 67108864, ""mram_wram_transfer_model"": ""aligned_scalar_read_windows_and_aligned_output_tile_writes"", ""numeric_contract"": ""real_float32_or_split_real_imag_v2"", ""output_element_bytes"": 4, ""output_tile_elements"": 256, ""policy_id"": ""generic_single_dpu_split_complex_v2"", ""wram_budget_bytes"": 61440}",True,[],6928,2048,932,5600,932,6532,56360,6928,5,0.0,0.016796875,5,2048,5600,932,56360,5,5,5,0,2816,786432,67108864,0.01171875,0.0078125,0.0078125,1032,61440,0.016796875,"{""dpu_to_host_payload_bytes"": 932, ""estimated_flops"": 6928, ""feasibility"": true, ""host_completion_event_scope"": ""one_synchronous_dpu_launch_per_real_component"", ""host_completion_events"": 5, ""host_to_dpu_payload_bytes"": 5600, ""known_wram_static_bytes"": 1032, ""largest_tensor_bytes"": 2048, ""memory_budget_scope"": ""configured_modeled_budget_not_measured_runtime_occupancy"", ""mram_capacity_bytes"": 67108864, ""mram_dma_window_bytes_model"": 56360, ""mram_dma_window_scope"": ""modeled_aligned_request_volume_not_physical_bus_bytes"", ""mram_max_region_payload_ratio"": 0.0078125, ""mram_payload_pressure_ratio"": 0.0078125, ""mram_payload_pressure_scope"": ""maximum_single_buffer_payload_divided_by_fixed_native_buffer_capacity"", ""mram_static_reservation_pressure_ratio"": 0.01171875, ""native_static_mram_reservation_bytes"": 786432, ""numeric_component_invocations"": 5, ""numeric_recombination_flops"": 0, ""numeric_representation_penalty"": 0.0, ""rejection_reasons"": [], ""task_mram_payload_bytes"": 2816, ""tile_iterations"": 5, ""wram_budget_bytes"": 61440, ""wram_known_pressure_ratio"": 0.016796875}","{""dpu_to_host_payload_bytes"": 0.49328662960790726, ""estimated_flops"": 0.4115611355376022, ""host_completion_events"": 1.1132827525593785, ""host_to_dpu_payload_bytes"": 0.5929270621454659, ""mram_dma_window_bytes_model"": 0.4641873151754003, ""mram_payload_pressure_ratio"": 0.011227255423254121, ""numeric_representation_penalty"": 0.0, ""tile_iterations"": 0.2584598539004127, ""wram_known_pressure_ratio"": 0.02403150151674986}",0.43534534351965454,2,True,False,modeled,False
research_benchmark_pack_v1,thesis_planner_semantic_v2_planner_compare,planner_motif_flop_memory_tradeoff_semantic_v2,planner,0,planner_motif,True,flop_memory_tradeoff,6,6,3,4096,6,cotengra.size,cotengra,external_contraction_tree,e9852bf700905b31e3be67ba9bb323fddcf0304d58266d028aec042719273fd7,"{""engine"": ""cotengra"", ""max_repeats"": 1, ""methods"": ""greedy"", ""objective"": ""size"", ""on_trial_error"": ""raise"", ""optlib"": ""random"", ""parallel"": false, ""progbar"": false, ""seed"": 0}",,greedy,cotengra_size,cotengra_contraction_tree,,,c2b53677b6bfbc16b9177d8dd0f142f61d44ec85489bfba9c62f541f39cfc8e5,78f915effaeabdf4d189511ae293223525d73c02f74e8c56cc8364647f18fd37,completed,,0.00026586799867800437,5,70800,2048,4652,620,5272,0,0,,5,1,0.0,1,2,upmem_pressure_v1,,,,upmem_path_cost_v2,balanced_literature_informed,"{""caps"": {""dpu_to_host_payload_bytes"": 1048576.0, ""estimated_flops"": 2147614720.0, ""host_completion_events"": 4.0, ""host_to_dpu_payload_bytes"": 2097152.0, ""mram_dma_window_bytes_model"": 17180917760.0, ""mram_payload_pressure_ratio"": 1.0, ""numeric_representation_penalty"": 3.0, ""tile_iterations"": 1024.0, ""wram_known_pressure_ratio"": 1.0}, ""normalization_id"": ""fixed_log1p_generic_budgets_v2"", ""transform"": ""log1p(value)/log1p(cap)""}","{""caps"": {""application_max_contracted_combinations"": 4096, ""application_max_rank"": 16, ""application_max_tensor_elements"": 65536, ""native_abi_max_tensor_elements"": 65536}, ""dpu_parallelism_model"": ""single_dpu_serial_tasks"", ""host_completion_model"": ""one_synchronous_dpu_launch_per_real_component"", ""host_dpu_transfer_model"": ""per_real_component_operand_upload_and_output_download_no_reuse"", ""input_element_bytes"": 4, ""memory_budget_source"": ""configured_generic_dpu_policy_v2"", ""mram_capacity_bytes"": 67108864, ""mram_wram_transfer_model"": ""aligned_scalar_read_windows_and_aligned_output_tile_writes"", ""numeric_contract"": ""real_float32_or_split_real_imag_v2"", ""output_element_bytes"": 4, ""output_tile_elements"": 256, ""policy_id"": ""generic_single_dpu_split_complex_v2"", ""wram_budget_bytes"": 61440}",True,[],17700,16384,620,18608,620,19228,142224,17700,5,0.0,0.016796875,5,16384,18608,620,142224,5,5,5,0,17408,786432,67108864,0.01171875,0.0625,0.0625,1032,61440,0.016796875,"{""dpu_to_host_payload_bytes"": 620, ""estimated_flops"": 17700, ""feasibility"": true, ""host_completion_event_scope"": ""one_synchronous_dpu_launch_per_real_component"", ""host_completion_events"": 5, ""host_to_dpu_payload_bytes"": 18608, ""known_wram_static_bytes"": 1032, ""largest_tensor_bytes"": 16384, ""memory_budget_scope"": ""configured_modeled_budget_not_measured_runtime_occupancy"", ""mram_capacity_bytes"": 67108864, ""mram_dma_window_bytes_model"": 142224, ""mram_dma_window_scope"": ""modeled_aligned_request_volume_not_physical_bus_bytes"", ""mram_max_region_payload_ratio"": 0.0625, ""mram_payload_pressure_ratio"": 0.0625, ""mram_payload_pressure_scope"": ""maximum_single_buffer_payload_divided_by_fixed_native_buffer_capacity"", ""mram_static_reservation_pressure_ratio"": 0.01171875, ""native_static_mram_reservation_bytes"": 786432, ""numeric_component_invocations"": 5, ""numeric_recombination_flops"": 0, ""numeric_representation_penalty"": 0.0, ""rejection_reasons"": [], ""task_mram_payload_bytes"": 17408, ""tile_iterations"": 5, ""wram_budget_bytes"": 61440, ""wram_known_pressure_ratio"": 0.016796875}","{""dpu_to_host_payload_bytes"": 0.4639224409963948, ""estimated_flops"": 0.4552097794553751, ""host_completion_events"": 1.1132827525593785, ""host_to_dpu_payload_bytes"": 0.6754148783644979, ""mram_dma_window_bytes_model"": 0.5034638595356147, ""mram_payload_pressure_ratio"": 0.0874628412503394, ""numeric_representation_penalty"": 0.0, ""tile_iterations"": 0.2584598539004127, ""wram_known_pressure_ratio"": 0.02403150151674986}",0.46882955566477413,2,False,False,modeled,False
research_benchmark_pack_v1,thesis_planner_sensitivity_v2_planner_compare,planner_motif_chain_sensitivity_v2,planner,0,planner_motif,True,chain,5,4,2,128,5,cotengra.size,cotengra,external_contraction_tree,e9852bf700905b31e3be67ba9bb323fddcf0304d58266d028aec042719273fd7,"{""engine"": ""cotengra"", ""max_repeats"": 1, ""methods"": ""greedy"", ""objective"": ""size"", ""on_trial_error"": ""raise"", ""optlib"": ""random"", ""parallel"": false, ""progbar"": false, ""seed"": 0}",,greedy,cotengra_size,cotengra_contraction_tree,,,99ebd30034918e3543886ecb33efad52a5847183f14c1b136760df2ca15123ec,3f0ee5ab4c68ed5806b43e34c0a757cf0d239fb1ac6c34ac4ebeb8c30a5237b6,completed,,0.00026439499924890697,4,2384,128,256,52,308,0,0,,4,1,0.0,1,1,upmem_pressure_v1,,,,upmem_path_cost_v2,balanced_literature_informed,"{""caps"": {""dpu_to_host_payload_bytes"": 1048576.0, ""estimated_flops"": 2147614720.0, ""host_completion_events"": 4.0, ""host_to_dpu_payload_bytes"": 2097152.0, ""mram_dma_window_bytes_model"": 17180917760.0, ""mram_payload_pressure_ratio"": 1.0, ""numeric_representation_penalty"": 3.0, ""tile_iterations"": 1024.0, ""wram_known_pressure_ratio"": 1.0}, ""normalization_id"": ""fixed_log1p_generic_budgets_v2"", ""transform"": ""log1p(value)/log1p(cap)""}","{""caps"": {""application_max_contracted_combinations"": 4096, ""application_max_rank"": 16, ""application_max_tensor_elements"": 65536, ""native_abi_max_tensor_elements"": 65536}, ""dpu_parallelism_model"": ""single_dpu_serial_tasks"", ""host_completion_model"": ""one_synchronous_dpu_launch_per_real_component"", ""host_dpu_transfer_model"": ""per_real_component_operand_upload_and_output_download_no_reuse"", ""input_element_bytes"": 4, ""memory_budget_source"": ""configured_generic_dpu_policy_v2"", ""mram_capacity_bytes"": 67108864, ""mram_wram_transfer_model"": ""aligned_scalar_read_windows_and_aligned_output_tile_writes"", ""numeric_contract"": ""real_float32_or_split_real_imag_v2"", ""output_element_bytes"": 4, ""output_tile_elements"": 256, ""policy_id"": ""generic_single_dpu_split_complex_v2"", ""wram_budget_bytes"": 61440}",True,[],596,512,52,1024,52,1076,4824,596,4,0.0,0.016796875,4,512,1024,52,4824,4,4,4,0,800,786432,67108864,0.01171875,0.001953125,0.001953125,1032,61440,0.016796875,"{""dpu_to_host_payload_bytes"": 52, ""estimated_flops"": 596, ""feasibility"": true, ""host_completion_event_scope"": ""one_synchronous_dpu_launch_per_real_component"", ""host_completion_events"": 4, ""host_to_dpu_payload_bytes"": 1024, ""known_wram_static_bytes"": 1032, ""largest_tensor_bytes"": 512, ""memory_budget_scope"": ""configured_modeled_budget_not_measured_runtime_occupancy"", ""mram_capacity_bytes"": 67108864, ""mram_dma_window_bytes_model"": 4824, ""mram_dma_window_scope"": ""modeled_aligned_request_volume_not_physical_bus_bytes"", ""mram_max_region_payload_ratio"": 0.001953125, ""mram_payload_pressure_ratio"": 0.001953125, ""mram_payload_pressure_scope"": ""maximum_single_buffer_payload_divided_by_fixed_native_buffer_capacity"", ""mram_static_reservation_pressure_ratio"": 0.01171875, ""native_static_mram_reservation_bytes"": 786432, ""numeric_component_invocations"": 4, ""numeric_recombination_flops"": 0, ""numeric_representation_penalty"": 0.0, ""rejection_reasons"": [], ""task_mram_payload_bytes"": 800, ""tile_iterations"": 4, ""wram_budget_bytes"": 61440, ""wram_known_pressure_ratio"": 0.016796875}","{""dpu_to_host_payload_bytes"": 0.28639600302611185, ""estimated_flops"": 0.2974697073591727, ""host_completion_events"": 1.0, ""host_to_dpu_payload_bytes"": 0.4762575174647984, ""mram_dma_window_bytes_model"": 0.3598906334637568, ""mram_payload_pressure_ratio"": 0.0028150156070540383, ""numeric_representation_penalty"": 0.0, ""tile_iterations"": 0.23216011683126064, ""wram_known_pressure_ratio"": 0.02403150151674986}",0.34505431300132317,1,False,True,modeled,False
research_benchmark_pack_v1,thesis_planner_sensitivity_v2_planner_compare,planner_motif_balanced_tree_sensitivity_v2,planner,0,planner_motif,True,balanced_tree,7,6,3,2048,7,cotengra.size,cotengra,external_contraction_tree,e9852bf700905b31e3be67ba9bb323fddcf0304d58266d028aec042719273fd7,"{""engine"": ""cotengra"", ""max_repeats"": 1, ""methods"": ""greedy"", ""objective"": ""size"", ""on_trial_error"": ""raise"", ""optlib"": ""random"", ""parallel"": false, ""progbar"": false, ""seed"": 0}",,greedy,cotengra_size,cotengra_contraction_tree,,,a84eab44ceb8c53e7ceaf48af0ebcae07a074b8a0d10761cea2687a3733e90f4,d195d1c90b01a28051277a8b1857683c33ec54574dc7182feed815e6582dd1f7,completed,,0.00029762700069113635,6,21200,2048,2428,636,3064,0,0,,6,1,0.0,1,1,upmem_pressure_v1,,,,upmem_path_cost_v2,balanced_literature_informed,"{""caps"": {""dpu_to_host_payload_bytes"": 1048576.0, ""estimated_flops"": 2147614720.0, ""host_completion_events"": 4.0, ""host_to_dpu_payload_bytes"": 2097152.0, ""mram_dma_window_bytes_model"": 17180917760.0, ""mram_payload_pressure_ratio"": 1.0, ""numeric_representation_penalty"": 3.0, ""tile_iterations"": 1024.0, ""wram_known_pressure_ratio"": 1.0}, ""normalization_id"": ""fixed_log1p_generic_budgets_v2"", ""transform"": ""log1p(value)/log1p(cap)""}","{""caps"": {""application_max_contracted_combinations"": 4096, ""application_max_rank"": 16, ""application_max_tensor_elements"": 65536, ""native_abi_max_tensor_elements"": 65536}, ""dpu_parallelism_model"": ""single_dpu_serial_tasks"", ""host_completion_model"": ""one_synchronous_dpu_launch_per_real_component"", ""host_dpu_transfer_model"": ""per_real_component_operand_upload_and_output_download_no_reuse"", ""input_element_bytes"": 4, ""memory_budget_source"": ""configured_generic_dpu_policy_v2"", ""mram_capacity_bytes"": 67108864, ""mram_wram_transfer_model"": ""aligned_scalar_read_windows_and_aligned_output_tile_writes"", ""numeric_contract"": ""real_float32_or_split_real_imag_v2"", ""output_element_bytes"": 4, ""output_tile_elements"": 256, ""policy_id"": ""generic_single_dpu_split_complex_v2"", ""wram_budget_bytes"": 61440}",True,[],5300,8192,636,9712,636,10348,43040,5300,6,0.0,0.016796875,6,8192,9712,636,43040,6,6,6,0,8768,786432,67108864,0.01171875,0.03125,0.03125,1032,61440,0.016796875,"{""dpu_to_host_payload_bytes"": 636, ""estimated_flops"": 5300, ""feasibility"": true, ""host_completion_event_scope"": ""one_synchronous_dpu_launch_per_real_component"", ""host_completion_events"": 6, ""host_to_dpu_payload_bytes"": 9712, ""known_wram_static_bytes"": 1032, ""largest_tensor_bytes"": 8192, ""memory_budget_scope"": ""configured_modeled_budget_not_measured_runtime_occupancy"", ""mram_capacity_bytes"": 67108864, ""mram_dma_window_bytes_model"": 43040, ""mram_dma_window_scope"": ""modeled_aligned_request_volume_not_physical_bus_bytes"", ""mram_max_region_payload_ratio"": 0.03125, ""mram_payload_pressure_ratio"": 0.03125, ""mram_payload_pressure_scope"": ""maximum_single_buffer_payload_divided_by_fixed_native_buffer_capacity"", ""mram_static_reservation_pressure_ratio"": 0.01171875, ""native_static_mram_reservation_bytes"": 786432, ""numeric_component_invocations"": 6, ""numeric_recombination_flops"": 0, ""numeric_representation_penalty"": 0.0, ""rejection_reasons"": [], ""task_mram_payload_bytes"": 8768, ""tile_iterations"": 6, ""wram_budget_bytes"": 61440, ""wram_known_pressure_ratio"": 0.016796875}","{""dpu_to_host_payload_bytes"": 0.4657574460719502, ""estimated_flops"": 0.39909721559758016, ""host_completion_events"": 1.2090619551221675, ""host_to_dpu_payload_bytes"": 0.6307476577321547, ""mram_dma_window_bytes_model"": 0.45274659151309266, ""mram_payload_pressure_ratio"": 0.044394119358453436, ""numeric_representation_penalty"": 0.0, ""tile_iterations"": 0.28069596475739483, ""wram_known_pressure_ratio"": 0.02403150151674986}",0.44658591795928093,1,False,True,modeled,False
research_benchmark_pack_v1,thesis_planner_sensitivity_v2_planner_compare,planner_motif_star_sensitivity_v2,planner,0,planner_motif,True,star,5,4,4,1024,5,cotengra.size,cotengra,external_contraction_tree,e9852bf700905b31e3be67ba9bb323fddcf0304d58266d028aec042719273fd7,"{""engine"": ""cotengra"", ""max_repeats"": 1, ""methods"": ""greedy"", ""objective"": ""size"", ""on_trial_error"": ""raise"", ""optlib"": ""random"", ""parallel"": false, ""progbar"": false, ""seed"": 0}",,greedy,cotengra_size,cotengra_contraction_tree,,,89eb20c416564e13668c52047796e2485996999d18946725dbc1ea237767c59d,6492471c75a3ced3ee79dea193330c76dd68378980442711df9a349e0c90e453,completed,,0.0002700449986150488,4,8784,1024,1128,300,1428,0,0,,4,1,0.0,1,1,upmem_pressure_v1,,,,upmem_path_cost_v2,balanced_literature_informed,"{""caps"": {""dpu_to_host_payload_bytes"": 1048576.0, ""estimated_flops"": 2147614720.0, ""host_completion_events"": 4.0, ""host_to_dpu_payload_bytes"": 2097152.0, ""mram_dma_window_bytes_model"": 17180917760.0, ""mram_payload_pressure_ratio"": 1.0, ""numeric_representation_penalty"": 3.0, ""tile_iterations"": 1024.0, ""wram_known_pressure_ratio"": 1.0}, ""normalization_id"": ""fixed_log1p_generic_budgets_v2"", ""transform"": ""log1p(value)/log1p(cap)""}","{""caps"": {""application_max_contracted_combinations"": 4096, ""application_max_rank"": 16, ""application_max_tensor_elements"": 65536, ""native_abi_max_tensor_elements"": 65536}, ""dpu_parallelism_model"": ""single_dpu_serial_tasks"", ""host_completion_model"": ""one_synchronous_dpu_launch_per_real_component"", ""host_dpu_transfer_model"": ""per_real_component_operand_upload_and_output_download_no_reuse"", ""input_element_bytes"": 4, ""memory_budget_source"": ""configured_generic_dpu_policy_v2"", ""mram_capacity_bytes"": 67108864, ""mram_wram_transfer_model"": ""aligned_scalar_read_windows_and_aligned_output_tile_writes"", ""numeric_contract"": ""real_float32_or_split_real_imag_v2"", ""output_element_bytes"": 4, ""output_tile_elements"": 256, ""policy_id"": ""generic_single_dpu_split_complex_v2"", ""wram_budget_bytes"": 61440}",True,[],2196,4096,300,4512,300,4812,17872,2196,4,0.0,0.016796875,4,4096,4512,300,17872,4,4,4,0,4416,786432,67108864,0.01171875,0.015625,0.015625,1032,61440,0.016796875,"{""dpu_to_host_payload_bytes"": 300, ""estimated_flops"": 2196, ""feasibility"": true, ""host_completion_event_scope"": ""one_synchronous_dpu_launch_per_real_component"", ""host_completion_events"": 4, ""host_to_dpu_payload_bytes"": 4512, ""known_wram_static_bytes"": 1032, ""largest_tensor_bytes"": 4096, ""memory_budget_scope"": ""configured_modeled_budget_not_measured_runtime_occupancy"", ""mram_capacity_bytes"": 67108864, ""mram_dma_window_bytes_model"": 17872, ""mram_dma_window_scope"": ""modeled_aligned_request_volume_not_physical_bus_bytes"", ""mram_max_region_payload_ratio"": 0.015625, ""mram_payload_pressure_ratio"": 0.015625, ""mram_payload_pressure_scope"": ""maximum_single_buffer_payload_divided_by_fixed_native_buffer_capacity"", ""mram_static_reservation_pressure_ratio"": 0.01171875, ""native_static_mram_reservation_bytes"": 786432, ""numeric_component_invocations"": 4, ""numeric_recombination_flops"": 0, ""numeric_representation_penalty"": 0.0, ""rejection_reasons"": [], ""task_mram_payload_bytes"": 4416, ""tile_iterations"": 4, ""wram_budget_bytes"": 61440, ""wram_known_pressure_ratio"": 0.016796875}","{""dpu_to_host_payload_bytes"": 0.4116809555172058, ""estimated_flops"": 0.35810605232498594, ""host_completion_events"": 1.0, ""host_to_dpu_payload_bytes"": 0.5780890793108292, ""mram_dma_window_bytes_model"": 0.4154546355929406, ""mram_payload_pressure_ratio"": 0.02236781302845451, ""numeric_representation_penalty"": 0.0, ""tile_iterations"": 0.23216011683126064, ""wram_known_pressure_ratio"": 0.02403150151674986}",0.3938428214411426,1,False,True,modeled,False
research_benchmark_pack_v1,thesis_planner_sensitivity_v2_planner_compare,planner_motif_cycle_sensitivity_v2,planner,0,planner_motif,True,cycle,4,4,2,128,4,cotengra.size,cotengra,external_contraction_tree,e9852bf700905b31e3be67ba9bb323fddcf0304d58266d028aec042719273fd7,"{""engine"": ""cotengra"", ""max_repeats"": 1, ""methods"": ""greedy"", ""objective"": ""size"", ""on_trial_error"": ""raise"", ""optlib"": ""random"", ""parallel"": false, ""progbar"": false, ""seed"": 0}",,greedy,cotengra_size,cotengra_contraction_tree,,,fedceac2e950c59925cd7ad740f9e2276d7624efad77da9b5785b475356d67f6,4f3bbb0466a245494e4549f3e795695e6a5d1b4eb7f365b7558d53bed75706fb,completed,,0.0002046230001724325,3,3136,128,304,68,372,0,0,,3,1,0.0,1,1,upmem_pressure_v1,,,,upmem_path_cost_v2,balanced_literature_informed,"{""caps"": {""dpu_to_host_payload_bytes"": 1048576.0, ""estimated_flops"": 2147614720.0, ""host_completion_events"": 4.0, ""host_to_dpu_payload_bytes"": 2097152.0, ""mram_dma_window_bytes_model"": 17180917760.0, ""mram_payload_pressure_ratio"": 1.0, ""numeric_representation_penalty"": 3.0, ""tile_iterations"": 1024.0, ""wram_known_pressure_ratio"": 1.0}, ""normalization_id"": ""fixed_log1p_generic_budgets_v2"", ""transform"": ""log1p(value)/log1p(cap)""}","{""caps"": {""application_max_contracted_combinations"": 4096, ""application_max_rank"": 16, ""application_max_tensor_elements"": 65536, ""native_abi_max_tensor_elements"": 65536}, ""dpu_parallelism_model"": ""single_dpu_serial_tasks"", ""host_completion_model"": ""one_synchronous_dpu_launch_per_real_component"", ""host_dpu_transfer_model"": ""per_real_component_operand_upload_and_output_download_no_reuse"", ""input_element_bytes"": 4, ""memory_budget_source"": ""configured_generic_dpu_policy_v2"", ""mram_capacity_bytes"": 67108864, ""mram_wram_transfer_model"": ""aligned_scalar_read_windows_and_aligned_output_tile_writes"", ""numeric_contract"": ""real_float32_or_split_real_imag_v2"", ""output_element_bytes"": 4, ""output_tile_elements"": 256, ""policy_id"": ""generic_single_dpu_split_complex_v2"", ""wram_budget_bytes"": 61440}",True,[],784,512,68,1216,68,1284,6344,784,3,0.0,0.016796875,3,512,1216,68,6344,3,3,3,0,800,786432,67108864,0.01171875,0.001953125,0.001953125,1032,61440,0.016796875,"{""dpu_to_host_payload_bytes"": 68, ""estimated_flops"": 784, ""feasibility"": true, ""host_completion_event_scope"": ""one_synchronous_dpu_launch_per_real_component"", ""host_completion_events"": 3, ""host_to_dpu_payload_bytes"": 1216, ""known_wram_static_bytes"": 1032, ""largest_tensor_bytes"": 512, ""memory_budget_scope"": ""configured_modeled_budget_not_measured_runtime_occupancy"", ""mram_capacity_bytes"": 67108864, ""mram_dma_window_bytes_model"": 6344, ""mram_dma_window_scope"": ""modeled_aligned_request_volume_not_physical_bus_bytes"", ""mram_max_region_payload_ratio"": 0.001953125, ""mram_payload_pressure_ratio"": 0.001953125, ""mram_payload_pressure_scope"": ""maximum_single_buffer_payload_divided_by_fixed_native_buffer_capacity"", ""mram_static_reservation_pressure_ratio"": 0.01171875, ""native_static_mram_reservation_bytes"": 786432, ""numeric_component_invocations"": 3, ""numeric_recombination_flops"": 0, ""numeric_representation_penalty"": 0.0, ""rejection_reasons"": [], ""task_mram_payload_bytes"": 800, ""tile_iterations"": 3, ""wram_budget_bytes"": 61440, ""wram_known_pressure_ratio"": 0.016796875}","{""dpu_to_host_payload_bytes"": 0.30542620182771535, ""estimated_flops"": 0.3102103718965647, ""host_completion_events"": 0.8613531161467861, ""host_to_dpu_payload_bytes"": 0.4880530055698671, ""mram_dma_window_bytes_model"": 0.37151093341931674, ""mram_payload_pressure_ratio"": 0.0028150156070540383, ""numeric_representation_penalty"": 0.0, ""tile_iterations"": 0.1999718400776083, ""wram_known_pressure_ratio"": 0.02403150151674986}",0.3378102700596196,1,False,True,modeled,False
research_benchmark_pack_v1,thesis_planner_sensitivity_v2_planner_compare,planner_motif_grid_sensitivity_v2,planner,0,planner_motif,True,grid,6,7,3,512,6,cotengra.size,cotengra,external_contraction_tree,e9852bf700905b31e3be67ba9bb323fddcf0304d58266d028aec042719273fd7,"{""engine"": ""cotengra"", ""max_repeats"": 1, ""methods"": ""greedy"", ""objective"": ""size"", ""on_trial_error"": ""raise"", ""optlib"": ""random"", ""parallel"": false, ""progbar"": false, ""seed"": 0}",,greedy,cotengra_size,cotengra_contraction_tree,,,a3a4bedee082f0bb3bf5f6ee2b2240102bb456a59e06b5fc253ed550bb83c603,4dcec80ced4c62f03985702c8bad4ff7be79c783486b3d35119e82cc6e1bb20c,completed,,0.0002668090019142255,5,27712,2048,1400,932,2332,0,0,,5,1,0.6547619047619048,2,2,upmem_pressure_v1,,,,upmem_path_cost_v2,balanced_literature_informed,"{""caps"": {""dpu_to_host_payload_bytes"": 1048576.0, ""estimated_flops"": 2147614720.0, ""host_completion_events"": 4.0, ""host_to_dpu_payload_bytes"": 2097152.0, ""mram_dma_window_bytes_model"": 17180917760.0, ""mram_payload_pressure_ratio"": 1.0, ""numeric_representation_penalty"": 3.0, ""tile_iterations"": 1024.0, ""wram_known_pressure_ratio"": 1.0}, ""normalization_id"": ""fixed_log1p_generic_budgets_v2"", ""transform"": ""log1p(value)/log1p(cap)""}","{""caps"": {""application_max_contracted_combinations"": 4096, ""application_max_rank"": 16, ""application_max_tensor_elements"": 65536, ""native_abi_max_tensor_elements"": 65536}, ""dpu_parallelism_model"": ""single_dpu_serial_tasks"", ""host_completion_model"": ""one_synchronous_dpu_launch_per_real_component"", ""host_dpu_transfer_model"": ""per_real_component_operand_upload_and_output_download_no_reuse"", ""input_element_bytes"": 4, ""memory_budget_source"": ""configured_generic_dpu_policy_v2"", ""mram_capacity_bytes"": 67108864, ""mram_wram_transfer_model"": ""aligned_scalar_read_windows_and_aligned_output_tile_writes"", ""numeric_contract"": ""real_float32_or_split_real_imag_v2"", ""output_element_bytes"": 4, ""output_tile_elements"": 256, ""policy_id"": ""generic_single_dpu_split_complex_v2"", ""wram_budget_bytes"": 61440}",True,[],6928,2048,932,5600,932,6532,56360,6928,5,0.0,0.016796875,5,2048,5600,932,56360,5,5,5,0,2816,786432,67108864,0.01171875,0.0078125,0.0078125,1032,61440,0.016796875,"{""dpu_to_host_payload_bytes"": 932, ""estimated_flops"": 6928, ""feasibility"": true, ""host_completion_event_scope"": ""one_synchronous_dpu_launch_per_real_component"", ""host_completion_events"": 5, ""host_to_dpu_payload_bytes"": 5600, ""known_wram_static_bytes"": 1032, ""largest_tensor_bytes"": 2048, ""memory_budget_scope"": ""configured_modeled_budget_not_measured_runtime_occupancy"", ""mram_capacity_bytes"": 67108864, ""mram_dma_window_bytes_model"": 56360, ""mram_dma_window_scope"": ""modeled_aligned_request_volume_not_physical_bus_bytes"", ""mram_max_region_payload_ratio"": 0.0078125, ""mram_payload_pressure_ratio"": 0.0078125, ""mram_payload_pressure_scope"": ""maximum_single_buffer_payload_divided_by_fixed_native_buffer_capacity"", ""mram_static_reservation_pressure_ratio"": 0.01171875, ""native_static_mram_reservation_bytes"": 786432, ""numeric_component_invocations"": 5, ""numeric_recombination_flops"": 0, ""numeric_representation_penalty"": 0.0, ""rejection_reasons"": [], ""task_mram_payload_bytes"": 2816, ""tile_iterations"": 5, ""wram_budget_bytes"": 61440, ""wram_known_pressure_ratio"": 0.016796875}","{""dpu_to_host_payload_bytes"": 0.49328662960790726, ""estimated_flops"": 0.4115611355376022, ""host_completion_events"": 1.1132827525593785, ""host_to_dpu_payload_bytes"": 0.5929270621454659, ""mram_dma_window_bytes_model"": 0.4641873151754003, ""mram_payload_pressure_ratio"": 0.011227255423254121, ""numeric_representation_penalty"": 0.0, ""tile_iterations"": 0.2584598539004127, ""wram_known_pressure_ratio"": 0.02403150151674986}",0.43534534351965454,1,True,True,modeled,False
research_benchmark_pack_v1,thesis_planner_sensitivity_v2_planner_compare,planner_motif_flop_memory_tradeoff_sensitivity_v2,planner,0,planner_motif,True,flop_memory_tradeoff,6,6,3,4096,6,cotengra.size,cotengra,external_contraction_tree,e9852bf700905b31e3be67ba9bb323fddcf0304d58266d028aec042719273fd7,"{""engine"": ""cotengra"", ""max_repeats"": 1, ""methods"": ""greedy"", ""objective"": ""size"", ""on_trial_error"": ""raise"", ""optlib"": ""random"", ""parallel"": false, ""progbar"": false, ""seed"": 0}",,greedy,cotengra_size,cotengra_contraction_tree,,,c2b53677b6bfbc16b9177d8dd0f142f61d44ec85489bfba9c62f541f39cfc8e5,78f915effaeabdf4d189511ae293223525d73c02f74e8c56cc8364647f18fd37,completed,,0.000282007000350859,5,70800,2048,4652,620,5272,0,0,,5,1,0.0,1,1,upmem_pressure_v1,,,,upmem_path_cost_v2,balanced_literature_informed,"{""caps"": {""dpu_to_host_payload_bytes"": 1048576.0, ""estimated_flops"": 2147614720.0, ""host_completion_events"": 4.0, ""host_to_dpu_payload_bytes"": 2097152.0, ""mram_dma_window_bytes_model"": 17180917760.0, ""mram_payload_pressure_ratio"": 1.0, ""numeric_representation_penalty"": 3.0, ""tile_iterations"": 1024.0, ""wram_known_pressure_ratio"": 1.0}, ""normalization_id"": ""fixed_log1p_generic_budgets_v2"", ""transform"": ""log1p(value)/log1p(cap)""}","{""caps"": {""application_max_contracted_combinations"": 4096, ""application_max_rank"": 16, ""application_max_tensor_elements"": 65536, ""native_abi_max_tensor_elements"": 65536}, ""dpu_parallelism_model"": ""single_dpu_serial_tasks"", ""host_completion_model"": ""one_synchronous_dpu_launch_per_real_component"", ""host_dpu_transfer_model"": ""per_real_component_operand_upload_and_output_download_no_reuse"", ""input_element_bytes"": 4, ""memory_budget_source"": ""configured_generic_dpu_policy_v2"", ""mram_capacity_bytes"": 67108864, ""mram_wram_transfer_model"": ""aligned_scalar_read_windows_and_aligned_output_tile_writes"", ""numeric_contract"": ""real_float32_or_split_real_imag_v2"", ""output_element_bytes"": 4, ""output_tile_elements"": 256, ""policy_id"": ""generic_single_dpu_split_complex_v2"", ""wram_budget_bytes"": 61440}",True,[],17700,16384,620,18608,620,19228,142224,17700,5,0.0,0.016796875,5,16384,18608,620,142224,5,5,5,0,17408,786432,67108864,0.01171875,0.0625,0.0625,1032,61440,0.016796875,"{""dpu_to_host_payload_bytes"": 620, ""estimated_flops"": 17700, ""feasibility"": true, ""host_completion_event_scope"": ""one_synchronous_dpu_launch_per_real_component"", ""host_completion_events"": 5, ""host_to_dpu_payload_bytes"": 18608, ""known_wram_static_bytes"": 1032, ""largest_tensor_bytes"": 16384, ""memory_budget_scope"": ""configured_modeled_budget_not_measured_runtime_occupancy"", ""mram_capacity_bytes"": 67108864, ""mram_dma_window_bytes_model"": 142224, ""mram_dma_window_scope"": ""modeled_aligned_request_volume_not_physical_bus_bytes"", ""mram_max_region_payload_ratio"": 0.0625, ""mram_payload_pressure_ratio"": 0.0625, ""mram_payload_pressure_scope"": ""maximum_single_buffer_payload_divided_by_fixed_native_buffer_capacity"", ""mram_static_reservation_pressure_ratio"": 0.01171875, ""native_static_mram_reservation_bytes"": 786432, ""numeric_component_invocations"": 5, ""numeric_recombination_flops"": 0, ""numeric_representation_penalty"": 0.0, ""rejection_reasons"": [], ""task_mram_payload_bytes"": 17408, ""tile_iterations"": 5, ""wram_budget_bytes"": 61440, ""wram_known_pressure_ratio"": 0.016796875}","{""dpu_to_host_payload_bytes"": 0.4639224409963948, ""estimated_flops"": 0.4552097794553751, ""host_completion_events"": 1.1132827525593785, ""host_to_dpu_payload_bytes"": 0.6754148783644979, ""mram_dma_window_bytes_model"": 0.5034638595356147, ""mram_payload_pressure_ratio"": 0.0874628412503394, ""numeric_representation_penalty"": 0.0, ""tile_iterations"": 0.2584598539004127, ""wram_known_pressure_ratio"": 0.02403150151674986}",0.46882955566477413,1,False,True,modeled,False
research_benchmark_pack_v1,thesis_planner_semantic_v2_planner_compare,planner_motif_chain_semantic_v2,planner,0,planner_motif,True,chain,5,4,2,128,5,custom_upmem.greedy.v2.balanced_literature_informed,custom_upmem,native_target_projected_prefix_greedy,732e5d6ce69eb7f899d95e1d4a3ba1c390eb63c7f748cdd8667ef363f7fa7de4,"{""algorithm"": ""greedy"", ""engine"": ""custom_upmem"", ""execution_policy"": ""generic_single_dpu_split_complex_v2"", ""normalization"": ""fixed_log1p_generic_budgets_v2"", ""numeric_contract"": ""real_float32_or_split_real_imag_v2"", ""objective_version"": ""upmem_path_cost_v2"", ""selection_scope"": ""projected_prefix"", ""weight_profile"": ""balanced_literature_informed""}",projected_prefix,greedy,upmem_path_cost_v2,generic_single_dpu_split_complex_v2,,,99d6bb23cc9a9a99aec508ae617360fa014c1be20339666d0f6569179d0ef0a4,b8b1619150e20a8f0e1ff87c959bf1a4eba4825feca78f9d36872f28beefba4e,completed,,0.0018566539984021802,4,2432,128,262,76,338,0,0,,4,1,0.25,2,3,upmem_pressure_v1,,,,upmem_path_cost_v2,balanced_literature_informed,"{""caps"": {""dpu_to_host_payload_bytes"": 1048576.0, ""estimated_flops"": 2147614720.0, ""host_completion_events"": 4.0, ""host_to_dpu_payload_bytes"": 2097152.0, ""mram_dma_window_bytes_model"": 17180917760.0, ""mram_payload_pressure_ratio"": 1.0, ""numeric_representation_penalty"": 3.0, ""tile_iterations"": 1024.0, ""wram_known_pressure_ratio"": 1.0}, ""normalization_id"": ""fixed_log1p_generic_budgets_v2"", ""transform"": ""log1p(value)/log1p(cap)""}","{""caps"": {""application_max_contracted_combinations"": 4096, ""application_max_rank"": 16, ""application_max_tensor_elements"": 65536, ""native_abi_max_tensor_elements"": 65536}, ""dpu_parallelism_model"": ""single_dpu_serial_tasks"", ""host_completion_model"": ""one_synchronous_dpu_launch_per_real_component"", ""host_dpu_transfer_model"": ""per_real_component_operand_upload_and_output_download_no_reuse"", ""input_element_bytes"": 4, ""memory_budget_source"": ""configured_generic_dpu_policy_v2"", ""mram_capacity_bytes"": 67108864, ""mram_wram_transfer_model"": ""aligned_scalar_read_windows_and_aligned_output_tile_writes"", ""numeric_contract"": ""real_float32_or_split_real_imag_v2"", ""output_element_bytes"": 4, ""output_tile_elements"": 256, ""policy_id"": ""generic_single_dpu_split_complex_v2"", ""wram_budget_bytes"": 61440}",True,[],608,512,76,1048,76,1124,4944,608,4,0.0,0.016796875,4,512,1048,76,4944,4,4,4,0,800,786432,67108864,0.01171875,0.001953125,0.001953125,1032,61440,0.016796875,"{""dpu_to_host_payload_bytes"": 76, ""estimated_flops"": 608, ""feasibility"": true, ""host_completion_event_scope"": ""one_synchronous_dpu_launch_per_real_component"", ""host_completion_events"": 4, ""host_to_dpu_payload_bytes"": 1048, ""known_wram_static_bytes"": 1032, ""largest_tensor_bytes"": 512, ""memory_budget_scope"": ""configured_modeled_budget_not_measured_runtime_occupancy"", ""mram_capacity_bytes"": 67108864, ""mram_dma_window_bytes_model"": 4944, ""mram_dma_window_scope"": ""modeled_aligned_request_volume_not_physical_bus_bytes"", ""mram_max_region_payload_ratio"": 0.001953125, ""mram_payload_pressure_ratio"": 0.001953125, ""mram_payload_pressure_scope"": ""maximum_single_buffer_payload_divided_by_fixed_native_buffer_capacity"", ""mram_static_reservation_pressure_ratio"": 0.01171875, ""native_static_mram_reservation_bytes"": 786432, ""numeric_component_invocations"": 4, ""numeric_recombination_flops"": 0, ""numeric_representation_penalty"": 0.0, ""rejection_reasons"": [], ""task_mram_payload_bytes"": 800, ""tile_iterations"": 4, ""wram_budget_bytes"": 61440, ""wram_known_pressure_ratio"": 0.016796875}","{""dpu_to_host_payload_bytes"": 0.3133393054791856, ""estimated_flops"": 0.2983958755878676, ""host_completion_events"": 1.0, ""host_to_dpu_payload_bytes"": 0.47784755399292334, ""mram_dma_window_bytes_model"": 0.36093303013487504, ""mram_payload_pressure_ratio"": 0.0028150156070540383, ""numeric_representation_penalty"": 0.0, ""tile_iterations"": 0.23216011683126064, ""wram_known_pressure_ratio"": 0.02403150151674986}",0.3470800049945929,5,True,False,modeled,False
research_benchmark_pack_v1,thesis_planner_semantic_v2_planner_compare,planner_motif_balanced_tree_semantic_v2,planner,0,planner_motif,True,balanced_tree,7,6,3,2048,7,custom_upmem.greedy.v2.balanced_literature_informed,custom_upmem,native_target_projected_prefix_greedy,732e5d6ce69eb7f899d95e1d4a3ba1c390eb63c7f748cdd8667ef363f7fa7de4,"{""algorithm"": ""greedy"", ""engine"": ""custom_upmem"", ""execution_policy"": ""generic_single_dpu_split_complex_v2"", ""normalization"": ""fixed_log1p_generic_budgets_v2"", ""numeric_contract"": ""real_float32_or_split_real_imag_v2"", ""objective_version"": ""upmem_path_cost_v2"", ""selection_scope"": ""projected_prefix"", ""weight_profile"": ""balanced_literature_informed""}",projected_prefix,greedy,upmem_path_cost_v2,generic_single_dpu_split_complex_v2,,,597620e40295337cc8d7607e51d498e7da74b176fd5b7c775776c1bd257e86fd,dbb9b92c35500375805ea9b2491c9ae99824951e368ae85f56a212919075fc77,completed,,0.0051208609984314535,6,86592,32768,4662,9572,14234,0,0,,6,1,2.0,3,3,upmem_pressure_v1,,,,upmem_path_cost_v2,balanced_literature_informed,"{""caps"": {""dpu_to_host_payload_bytes"": 1048576.0, ""estimated_flops"": 2147614720.0, ""host_completion_events"": 4.0, ""host_to_dpu_payload_bytes"": 2097152.0, ""mram_dma_window_bytes_model"": 17180917760.0, ""mram_payload_pressure_ratio"": 1.0, ""numeric_representation_penalty"": 3.0, ""tile_iterations"": 1024.0, ""wram_known_pressure_ratio"": 1.0}, ""normalization_id"": ""fixed_log1p_generic_budgets_v2"", ""transform"": ""log1p(value)/log1p(cap)""}","{""caps"": {""application_max_contracted_combinations"": 4096, ""application_max_rank"": 16, ""application_max_tensor_elements"": 65536, ""native_abi_max_tensor_elements"": 65536}, ""dpu_parallelism_model"": ""single_dpu_serial_tasks"", ""host_completion_model"": ""one_synchronous_dpu_launch_per_real_component"", ""host_dpu_transfer_model"": ""per_real_component_operand_upload_and_output_download_no_reuse"", ""input_element_bytes"": 4, ""memory_budget_source"": ""configured_generic_dpu_policy_v2"", ""mram_capacity_bytes"": 67108864, ""mram_wram_transfer_model"": ""aligned_scalar_read_windows_and_aligned_output_tile_writes"", ""numeric_contract"": ""real_float32_or_split_real_imag_v2"", ""output_element_bytes"": 4, ""output_tile_elements"": 256, ""policy_id"": ""generic_single_dpu_split_complex_v2"", ""wram_budget_bytes"": 61440}",True,[],21648,8192,9572,18648,9572,28220,182760,21648,6,0.0,0.016796875,13,8192,18648,9572,182760,13,6,6,0,16392,786432,67108864,0.01171875,0.03125,0.03125,1032,61440,0.016796875,"{""dpu_to_host_payload_bytes"": 9572, ""estimated_flops"": 21648, ""feasibility"": true, ""host_completion_event_scope"": ""one_synchronous_dpu_launch_per_real_component"", ""host_completion_events"": 6, ""host_to_dpu_payload_bytes"": 18648, ""known_wram_static_bytes"": 1032, ""largest_tensor_bytes"": 8192, ""memory_budget_scope"": ""configured_modeled_budget_not_measured_runtime_occupancy"", ""mram_capacity_bytes"": 67108864, ""mram_dma_window_bytes_model"": 182760, ""mram_dma_window_scope"": ""modeled_aligned_request_volume_not_physical_bus_bytes"", ""mram_max_region_payload_ratio"": 0.03125, ""mram_payload_pressure_ratio"": 0.03125, ""mram_payload_pressure_scope"": ""maximum_single_buffer_payload_divided_by_fixed_native_buffer_capacity"", ""mram_static_reservation_pressure_ratio"": 0.01171875, ""native_static_mram_reservation_bytes"": 786432, ""numeric_component_invocations"": 6, ""numeric_recombination_flops"": 0, ""numeric_representation_penalty"": 0.0, ""rejection_reasons"": [], ""task_mram_payload_bytes"": 16392, ""tile_iterations"": 13, ""wram_budget_bytes"": 61440, ""wram_known_pressure_ratio"": 0.016796875}","{""dpu_to_host_payload_bytes"": 0.6612377242114784, ""estimated_flops"": 0.4645797373577791, ""host_completion_events"": 1.2090619551221675, ""host_to_dpu_payload_bytes"": 0.6755623898530286, ""mram_dma_window_bytes_model"": 0.514104513170926, ""mram_payload_pressure_ratio"": 0.044394119358453436, ""numeric_representation_penalty"": 0.0, ""tile_iterations"": 0.380681884796199, ""wram_known_pressure_ratio"": 0.02403150151674986}",0.49672365245794503,5,True,False,modeled,False
research_benchmark_pack_v1,thesis_planner_semantic_v2_planner_compare,planner_motif_star_semantic_v2,planner,0,planner_motif,True,star,5,4,4,1024,5,custom_upmem.greedy.v2.balanced_literature_informed,custom_upmem,native_target_projected_prefix_greedy,732e5d6ce69eb7f899d95e1d4a3ba1c390eb63c7f748cdd8667ef363f7fa7de4,"{""algorithm"": ""greedy"", ""engine"": ""custom_upmem"", ""execution_policy"": ""generic_single_dpu_split_complex_v2"", ""normalization"": ""fixed_log1p_generic_budgets_v2"", ""numeric_contract"": ""real_float32_or_split_real_imag_v2"", ""objective_version"": ""upmem_path_cost_v2"", ""selection_scope"": ""projected_prefix"", ""weight_profile"": ""balanced_literature_informed""}",projected_prefix,greedy,upmem_path_cost_v2,generic_single_dpu_split_complex_v2,,,22f7a02097a86240b643ec0455e3e890a2a8016cda2f515f4c04f451b3b383ae,b70c1dc91b836092d88d18d9e0cf7bd642e28bc6b828000628d4b0b6dc81502b,completed,,0.0018436690006637946,4,16960,16384,2150,4388,6538,0,0,,4,1,2.0,2,2,upmem_pressure_v1,,,,upmem_path_cost_v2,balanced_literature_informed,"{""caps"": {""dpu_to_host_payload_bytes"": 1048576.0, ""estimated_flops"": 2147614720.0, ""host_completion_events"": 4.0, ""host_to_dpu_payload_bytes"": 2097152.0, ""mram_dma_window_bytes_model"": 17180917760.0, ""mram_payload_pressure_ratio"": 1.0, ""numeric_representation_penalty"": 3.0, ""tile_iterations"": 1024.0, ""wram_known_pressure_ratio"": 1.0}, ""normalization_id"": ""fixed_log1p_generic_budgets_v2"", ""transform"": ""log1p(value)/log1p(cap)""}","{""caps"": {""application_max_contracted_combinations"": 4096, ""application_max_rank"": 16, ""application_max_tensor_elements"": 65536, ""native_abi_max_tensor_elements"": 65536}, ""dpu_parallelism_model"": ""single_dpu_serial_tasks"", ""host_completion_model"": ""one_synchronous_dpu_launch_per_real_component"", ""host_dpu_transfer_model"": ""per_real_component_operand_upload_and_output_download_no_reuse"", ""input_element_bytes"": 4, ""memory_budget_source"": ""configured_generic_dpu_policy_v2"", ""mram_capacity_bytes"": 67108864, ""mram_wram_transfer_model"": ""aligned_scalar_read_windows_and_aligned_output_tile_writes"", ""numeric_contract"": ""real_float32_or_split_real_imag_v2"", ""output_element_bytes"": 4, ""output_tile_elements"": 256, ""policy_id"": ""generic_single_dpu_split_complex_v2"", ""wram_budget_bytes"": 61440}",True,[],4240,4096,4388,8600,4388,12988,38312,4240,4,0.0,0.016796875,7,4096,8600,4388,38312,7,4,4,0,8200,786432,67108864,0.01171875,0.015625,0.015625,1032,61440,0.016796875,"{""dpu_to_host_payload_bytes"": 4388, ""estimated_flops"": 4240, ""feasibility"": true, ""host_completion_event_scope"": ""one_synchronous_dpu_launch_per_real_component"", ""host_completion_events"": 4, ""host_to_dpu_payload_bytes"": 8600, ""known_wram_static_bytes"": 1032, ""largest_tensor_bytes"": 4096, ""memory_budget_scope"": ""configured_modeled_budget_not_measured_runtime_occupancy"", ""mram_capacity_bytes"": 67108864, ""mram_dma_window_bytes_model"": 38312, ""mram_dma_window_scope"": ""modeled_aligned_request_volume_not_physical_bus_bytes"", ""mram_max_region_payload_ratio"": 0.015625, ""mram_payload_pressure_ratio"": 0.015625, ""mram_payload_pressure_scope"": ""maximum_single_buffer_payload_divided_by_fixed_native_buffer_capacity"", ""mram_static_reservation_pressure_ratio"": 0.01171875, ""native_static_mram_reservation_bytes"": 786432, ""numeric_component_invocations"": 4, ""numeric_recombination_flops"": 0, ""numeric_representation_penalty"": 0.0, ""rejection_reasons"": [], ""task_mram_payload_bytes"": 8200, ""tile_iterations"": 7, ""wram_budget_bytes"": 61440, ""wram_known_pressure_ratio"": 0.016796875}","{""dpu_to_host_payload_bytes"": 0.6049837861243158, ""estimated_flops"": 0.38871466258273046, ""host_completion_events"": 1.0, ""host_to_dpu_payload_bytes"": 0.6223946791332111, ""mram_dma_window_bytes_model"": 0.44780902780921433, ""mram_payload_pressure_ratio"": 0.02236781302845451, ""numeric_representation_penalty"": 0.0, ""tile_iterations"": 0.29995776011641245, ""wram_known_pressure_ratio"": 0.02403150151674986}",0.42766671611680385,5,True,False,modeled,False
research_benchmark_pack_v1,thesis_planner_semantic_v2_planner_compare,planner_motif_cycle_semantic_v2,planner,0,planner_motif,True,cycle,4,4,2,128,4,custom_upmem.greedy.v2.balanced_literature_informed,custom_upmem,native_target_projected_prefix_greedy,732e5d6ce69eb7f899d95e1d4a3ba1c390eb63c7f748cdd8667ef363f7fa7de4,"{""algorithm"": ""greedy"", ""engine"": ""custom_upmem"", ""execution_policy"": ""generic_single_dpu_split_complex_v2"", ""normalization"": ""fixed_log1p_generic_budgets_v2"", ""numeric_contract"": ""real_float32_or_split_real_imag_v2"", ""objective_version"": ""upmem_path_cost_v2"", ""selection_scope"": ""projected_prefix"", ""weight_profile"": ""balanced_literature_informed""}",projected_prefix,greedy,upmem_path_cost_v2,generic_single_dpu_split_complex_v2,,,bbc756fe5e4e25284cec1bb965c79f36028df7c49a626c272365f630545627a6,4f3bbb0466a245494e4549f3e795695e6a5d1b4eb7f365b7558d53bed75706fb,completed,,0.0009436559994355775,3,3136,128,304,68,372,0,0,,3,1,0.0,1,1,upmem_pressure_v1,,,,upmem_path_cost_v2,balanced_literature_informed,"{""caps"": {""dpu_to_host_payload_bytes"": 1048576.0, ""estimated_flops"": 2147614720.0, ""host_completion_events"": 4.0, ""host_to_dpu_payload_bytes"": 2097152.0, ""mram_dma_window_bytes_model"": 17180917760.0, ""mram_payload_pressure_ratio"": 1.0, ""numeric_representation_penalty"": 3.0, ""tile_iterations"": 1024.0, ""wram_known_pressure_ratio"": 1.0}, ""normalization_id"": ""fixed_log1p_generic_budgets_v2"", ""transform"": ""log1p(value)/log1p(cap)""}","{""caps"": {""application_max_contracted_combinations"": 4096, ""application_max_rank"": 16, ""application_max_tensor_elements"": 65536, ""native_abi_max_tensor_elements"": 65536}, ""dpu_parallelism_model"": ""single_dpu_serial_tasks"", ""host_completion_model"": ""one_synchronous_dpu_launch_per_real_component"", ""host_dpu_transfer_model"": ""per_real_component_operand_upload_and_output_download_no_reuse"", ""input_element_bytes"": 4, ""memory_budget_source"": ""configured_generic_dpu_policy_v2"", ""mram_capacity_bytes"": 67108864, ""mram_wram_transfer_model"": ""aligned_scalar_read_windows_and_aligned_output_tile_writes"", ""numeric_contract"": ""real_float32_or_split_real_imag_v2"", ""output_element_bytes"": 4, ""output_tile_elements"": 256, ""policy_id"": ""generic_single_dpu_split_complex_v2"", ""wram_budget_bytes"": 61440}",True,[],784,512,68,1216,68,1284,6344,784,3,0.0,0.016796875,3,512,1216,68,6344,3,3,3,0,800,786432,67108864,0.01171875,0.001953125,0.001953125,1032,61440,0.016796875,"{""dpu_to_host_payload_bytes"": 68, ""estimated_flops"": 784, ""feasibility"": true, ""host_completion_event_scope"": ""one_synchronous_dpu_launch_per_real_component"", ""host_completion_events"": 3, ""host_to_dpu_payload_bytes"": 1216, ""known_wram_static_bytes"": 1032, ""largest_tensor_bytes"": 512, ""memory_budget_scope"": ""configured_modeled_budget_not_measured_runtime_occupancy"", ""mram_capacity_bytes"": 67108864, ""mram_dma_window_bytes_model"": 6344, ""mram_dma_window_scope"": ""modeled_aligned_request_volume_not_physical_bus_bytes"", ""mram_max_region_payload_ratio"": 0.001953125, ""mram_payload_pressure_ratio"": 0.001953125, ""mram_payload_pressure_scope"": ""maximum_single_buffer_payload_divided_by_fixed_native_buffer_capacity"", ""mram_static_reservation_pressure_ratio"": 0.01171875, ""native_static_mram_reservation_bytes"": 786432, ""numeric_component_invocations"": 3, ""numeric_recombination_flops"": 0, ""numeric_representation_penalty"": 0.0, ""rejection_reasons"": [], ""task_mram_payload_bytes"": 800, ""tile_iterations"": 3, ""wram_budget_bytes"": 61440, ""wram_known_pressure_ratio"": 0.016796875}","{""dpu_to_host_payload_bytes"": 0.30542620182771535, ""estimated_flops"": 0.3102103718965647, ""host_completion_events"": 0.8613531161467861, ""host_to_dpu_payload_bytes"": 0.4880530055698671, ""mram_dma_window_bytes_model"": 0.37151093341931674, ""mram_payload_pressure_ratio"": 0.0028150156070540383, ""numeric_representation_penalty"": 0.0, ""tile_iterations"": 0.1999718400776083, ""wram_known_pressure_ratio"": 0.02403150151674986}",0.3378102700596196,1,False,True,modeled,False
research_benchmark_pack_v1,thesis_planner_semantic_v2_planner_compare,planner_motif_grid_semantic_v2,planner,0,planner_motif,True,grid,6,7,3,512,6,custom_upmem.greedy.v2.balanced_literature_informed,custom_upmem,native_target_projected_prefix_greedy,732e5d6ce69eb7f899d95e1d4a3ba1c390eb63c7f748cdd8667ef363f7fa7de4,"{""algorithm"": ""greedy"", ""engine"": ""custom_upmem"", ""execution_policy"": ""generic_single_dpu_split_complex_v2"", ""normalization"": ""fixed_log1p_generic_budgets_v2"", ""numeric_contract"": ""real_float32_or_split_real_imag_v2"", ""objective_version"": ""upmem_path_cost_v2"", ""selection_scope"": ""projected_prefix"", ""weight_profile"": ""balanced_literature_informed""}",projected_prefix,greedy,upmem_path_cost_v2,generic_single_dpu_split_complex_v2,,,87c4e6a1cc5f232c292769504d39c9894304850a3c36f1cfd562c4d32d140b25,8bb8f8b2f266b251fa64911a084879226b000480fdb597bc4e4d1741643fbbf3,completed,,0.0034621580016391817,5,33536,4096,1552,1540,3092,0,0,,5,1,2.0,3,4,upmem_pressure_v1,,,,upmem_path_cost_v2,balanced_literature_informed,"{""caps"": {""dpu_to_host_payload_bytes"": 1048576.0, ""estimated_flops"": 2147614720.0, ""host_completion_events"": 4.0, ""host_to_dpu_payload_bytes"": 2097152.0, ""mram_dma_window_bytes_model"": 17180917760.0, ""mram_payload_pressure_ratio"": 1.0, ""numeric_representation_penalty"": 3.0, ""tile_iterations"": 1024.0, ""wram_known_pressure_ratio"": 1.0}, ""normalization_id"": ""fixed_log1p_generic_budgets_v2"", ""transform"": ""log1p(value)/log1p(cap)""}","{""caps"": {""application_max_contracted_combinations"": 4096, ""application_max_rank"": 16, ""application_max_tensor_elements"": 65536, ""native_abi_max_tensor_elements"": 65536}, ""dpu_parallelism_model"": ""single_dpu_serial_tasks"", ""host_completion_model"": ""one_synchronous_dpu_launch_per_real_component"", ""host_dpu_transfer_model"": ""per_real_component_operand_upload_and_output_download_no_reuse"", ""input_element_bytes"": 4, ""memory_budget_source"": ""configured_generic_dpu_policy_v2"", ""mram_capacity_bytes"": 67108864, ""mram_wram_transfer_model"": ""aligned_scalar_read_windows_and_aligned_output_tile_writes"", ""numeric_contract"": ""real_float32_or_split_real_imag_v2"", ""output_element_bytes"": 4, ""output_tile_elements"": 256, ""policy_id"": ""generic_single_dpu_split_complex_v2"", ""wram_budget_bytes"": 61440}",True,[],8384,2048,1540,6208,1540,7748,68616,8384,5,0.0,0.016796875,5,2048,6208,1540,68616,5,5,5,0,3200,786432,67108864,0.01171875,0.0078125,0.0078125,1032,61440,0.016796875,"{""dpu_to_host_payload_bytes"": 1540, ""estimated_flops"": 8384, ""feasibility"": true, ""host_completion_event_scope"": ""one_synchronous_dpu_launch_per_real_component"", ""host_completion_events"": 5, ""host_to_dpu_payload_bytes"": 6208, ""known_wram_static_bytes"": 1032, ""largest_tensor_bytes"": 2048, ""memory_budget_scope"": ""configured_modeled_budget_not_measured_runtime_occupancy"", ""mram_capacity_bytes"": 67108864, ""mram_dma_window_bytes_model"": 68616, ""mram_dma_window_scope"": ""modeled_aligned_request_volume_not_physical_bus_bytes"", ""mram_max_region_payload_ratio"": 0.0078125, ""mram_payload_pressure_ratio"": 0.0078125, ""mram_payload_pressure_scope"": ""maximum_single_buffer_payload_divided_by_fixed_native_buffer_capacity"", ""mram_static_reservation_pressure_ratio"": 0.01171875, ""native_static_mram_reservation_bytes"": 786432, ""numeric_component_invocations"": 5, ""numeric_recombination_flops"": 0, ""numeric_representation_penalty"": 0.0, ""rejection_reasons"": [], ""task_mram_payload_bytes"": 3200, ""tile_iterations"": 5, ""wram_budget_bytes"": 61440, ""wram_known_pressure_ratio"": 0.016796875}","{""dpu_to_host_payload_bytes"": 0.5294825209010336, ""estimated_flops"": 0.42043735637543, ""host_completion_events"": 1.1132827525593785, ""host_to_dpu_payload_bytes"": 0.6000068954093172, ""mram_dma_window_bytes_model"": 0.47253637714173685, ""mram_payload_pressure_ratio"": 0.011227255423254121, ""numeric_representation_penalty"": 0.0, ""tile_iterations"": 0.2584598539004127, ""wram_known_pressure_ratio"": 0.02403150151674986}",0.4421059806766128,5,True,False,modeled,False
research_benchmark_pack_v1,thesis_planner_semantic_v2_planner_compare,planner_motif_flop_memory_tradeoff_semantic_v2,planner,0,planner_motif,True,flop_memory_tradeoff,6,6,3,4096,6,custom_upmem.greedy.v2.balanced_literature_informed,custom_upmem,native_target_projected_prefix_greedy,732e5d6ce69eb7f899d95e1d4a3ba1c390eb63c7f748cdd8667ef363f7fa7de4,"{""algorithm"": ""greedy"", ""engine"": ""custom_upmem"", ""execution_policy"": ""generic_single_dpu_split_complex_v2"", ""normalization"": ""fixed_log1p_generic_budgets_v2"", ""numeric_contract"": ""real_float32_or_split_real_imag_v2"", ""objective_version"": ""upmem_path_cost_v2"", ""selection_scope"": ""projected_prefix"", ""weight_profile"": ""balanced_literature_informed""}",projected_prefix,greedy,upmem_path_cost_v2,generic_single_dpu_split_complex_v2,,,572bc40984bf16f97bd897ad77e9459088fd8f705f9d2983510f92f9d34322b9,7c1ffab51ab92ea21455fa2c5664ebef66317aa0e79226359953309096f3cf93,completed,,0.0033140009982162155,5,104704,65536,8770,17092,25862,0,0,,5,1,2.0,3,3,upmem_pressure_v1,,,,upmem_path_cost_v2,balanced_literature_informed,"{""caps"": {""dpu_to_host_payload_bytes"": 1048576.0, ""estimated_flops"": 2147614720.0, ""host_completion_events"": 4.0, ""host_to_dpu_payload_bytes"": 2097152.0, ""mram_dma_window_bytes_model"": 17180917760.0, ""mram_payload_pressure_ratio"": 1.0, ""numeric_representation_penalty"": 3.0, ""tile_iterations"": 1024.0, ""wram_known_pressure_ratio"": 1.0}, ""normalization_id"": ""fixed_log1p_generic_budgets_v2"", ""transform"": ""log1p(value)/log1p(cap)""}","{""caps"": {""application_max_contracted_combinations"": 4096, ""application_max_rank"": 16, ""application_max_tensor_elements"": 65536, ""native_abi_max_tensor_elements"": 65536}, ""dpu_parallelism_model"": ""single_dpu_serial_tasks"", ""host_completion_model"": ""one_synchronous_dpu_launch_per_real_component"", ""host_dpu_transfer_model"": ""per_real_component_operand_upload_and_output_download_no_reuse"", ""input_element_bytes"": 4, ""memory_budget_source"": ""configured_generic_dpu_policy_v2"", ""mram_capacity_bytes"": 67108864, ""mram_wram_transfer_model"": ""aligned_scalar_read_windows_and_aligned_output_tile_writes"", ""numeric_contract"": ""real_float32_or_split_real_imag_v2"", ""output_element_bytes"": 4, ""output_tile_elements"": 256, ""policy_id"": ""generic_single_dpu_split_complex_v2"", ""wram_budget_bytes"": 61440}",True,[],26176,16384,17092,35080,17092,52172,226504,26176,5,0.0,0.016796875,20,16384,35080,17092,226504,20,5,5,0,32776,786432,67108864,0.01171875,0.0625,0.0625,1032,61440,0.016796875,"{""dpu_to_host_payload_bytes"": 17092, ""estimated_flops"": 26176, ""feasibility"": true, ""host_completion_event_scope"": ""one_synchronous_dpu_launch_per_real_component"", ""host_completion_events"": 5, ""host_to_dpu_payload_bytes"": 35080, ""known_wram_static_bytes"": 1032, ""largest_tensor_bytes"": 16384, ""memory_budget_scope"": ""configured_modeled_budget_not_measured_runtime_occupancy"", ""mram_capacity_bytes"": 67108864, ""mram_dma_window_bytes_model"": 226504, ""mram_dma_window_scope"": ""modeled_aligned_request_volume_not_physical_bus_bytes"", ""mram_max_region_payload_ratio"": 0.0625, ""mram_payload_pressure_ratio"": 0.0625, ""mram_payload_pressure_scope"": ""maximum_single_buffer_payload_divided_by_fixed_native_buffer_capacity"", ""mram_static_reservation_pressure_ratio"": 0.01171875, ""native_static_mram_reservation_bytes"": 786432, ""numeric_component_invocations"": 5, ""numeric_recombination_flops"": 0, ""numeric_representation_penalty"": 0.0, ""rejection_reasons"": [], ""task_mram_payload_bytes"": 32776, ""tile_iterations"": 20, ""wram_budget_bytes"": 61440, ""wram_known_pressure_ratio"": 0.016796875}","{""dpu_to_host_payload_bytes"": 0.7030558519762586, ""estimated_flops"": 0.473418401971407, ""host_completion_events"": 1.1132827525593785, ""host_to_dpu_payload_bytes"": 0.7189715122857095, ""mram_dma_window_bytes_model"": 0.5232099206464866, ""mram_payload_pressure_ratio"": 0.0874628412503394, ""numeric_representation_penalty"": 0.0, ""tile_iterations"": 0.43916989861900346, ""wram_known_pressure_ratio"": 0.02403150151674986}",0.5048565913890609,5,True,False,modeled,False
research_benchmark_pack_v1,thesis_planner_sensitivity_v2_planner_compare,planner_motif_chain_sensitivity_v2,planner,0,planner_motif,True,chain,5,4,2,128,5,custom_upmem.greedy.v2.balanced_literature_informed,custom_upmem,native_target_projected_prefix_greedy,732e5d6ce69eb7f899d95e1d4a3ba1c390eb63c7f748cdd8667ef363f7fa7de4,"{""algorithm"": ""greedy"", ""engine"": ""custom_upmem"", ""execution_policy"": ""generic_single_dpu_split_complex_v2"", ""normalization"": ""fixed_log1p_generic_budgets_v2"", ""numeric_contract"": ""real_float32_or_split_real_imag_v2"", ""objective_version"": ""upmem_path_cost_v2"", ""selection_scope"": ""projected_prefix"", ""weight_profile"": ""balanced_literature_informed""}",projected_prefix,greedy,upmem_path_cost_v2,generic_single_dpu_split_complex_v2,,,99d6bb23cc9a9a99aec508ae617360fa014c1be20339666d0f6569179d0ef0a4,b8b1619150e20a8f0e1ff87c959bf1a4eba4825feca78f9d36872f28beefba4e,completed,,0.0017854910001915414,4,2432,128,262,76,338,0,0,,4,1,1.0,2,2,upmem_pressure_v1,,,,upmem_path_cost_v2,balanced_literature_informed,"{""caps"": {""dpu_to_host_payload_bytes"": 1048576.0, ""estimated_flops"": 2147614720.0, ""host_completion_events"": 4.0, ""host_to_dpu_payload_bytes"": 2097152.0, ""mram_dma_window_bytes_model"": 17180917760.0, ""mram_payload_pressure_ratio"": 1.0, ""numeric_representation_penalty"": 3.0, ""tile_iterations"": 1024.0, ""wram_known_pressure_ratio"": 1.0}, ""normalization_id"": ""fixed_log1p_generic_budgets_v2"", ""transform"": ""log1p(value)/log1p(cap)""}","{""caps"": {""application_max_contracted_combinations"": 4096, ""application_max_rank"": 16, ""application_max_tensor_elements"": 65536, ""native_abi_max_tensor_elements"": 65536}, ""dpu_parallelism_model"": ""single_dpu_serial_tasks"", ""host_completion_model"": ""one_synchronous_dpu_launch_per_real_component"", ""host_dpu_transfer_model"": ""per_real_component_operand_upload_and_output_download_no_reuse"", ""input_element_bytes"": 4, ""memory_budget_source"": ""configured_generic_dpu_policy_v2"", ""mram_capacity_bytes"": 67108864, ""mram_wram_transfer_model"": ""aligned_scalar_read_windows_and_aligned_output_tile_writes"", ""numeric_contract"": ""real_float32_or_split_real_imag_v2"", ""output_element_bytes"": 4, ""output_tile_elements"": 256, ""policy_id"": ""generic_single_dpu_split_complex_v2"", ""wram_budget_bytes"": 61440}",True,[],608,512,76,1048,76,1124,4944,608,4,0.0,0.016796875,4,512,1048,76,4944,4,4,4,0,800,786432,67108864,0.01171875,0.001953125,0.001953125,1032,61440,0.016796875,"{""dpu_to_host_payload_bytes"": 76, ""estimated_flops"": 608, ""feasibility"": true, ""host_completion_event_scope"": ""one_synchronous_dpu_launch_per_real_component"", ""host_completion_events"": 4, ""host_to_dpu_payload_bytes"": 1048, ""known_wram_static_bytes"": 1032, ""largest_tensor_bytes"": 512, ""memory_budget_scope"": ""configured_modeled_budget_not_measured_runtime_occupancy"", ""mram_capacity_bytes"": 67108864, ""mram_dma_window_bytes_model"": 4944, ""mram_dma_window_scope"": ""modeled_aligned_request_volume_not_physical_bus_bytes"", ""mram_max_region_payload_ratio"": 0.001953125, ""mram_payload_pressure_ratio"": 0.001953125, ""mram_payload_pressure_scope"": ""maximum_single_buffer_payload_divided_by_fixed_native_buffer_capacity"", ""mram_static_reservation_pressure_ratio"": 0.01171875, ""native_static_mram_reservation_bytes"": 786432, ""numeric_component_invocations"": 4, ""numeric_recombination_flops"": 0, ""numeric_representation_penalty"": 0.0, ""rejection_reasons"": [], ""task_mram_payload_bytes"": 800, ""tile_iterations"": 4, ""wram_budget_bytes"": 61440, ""wram_known_pressure_ratio"": 0.016796875}","{""dpu_to_host_payload_bytes"": 0.3133393054791856, ""estimated_flops"": 0.2983958755878676, ""host_completion_events"": 1.0, ""host_to_dpu_payload_bytes"": 0.47784755399292334, ""mram_dma_window_bytes_model"": 0.36093303013487504, ""mram_payload_pressure_ratio"": 0.0028150156070540383, ""numeric_representation_penalty"": 0.0, ""tile_iterations"": 0.23216011683126064, ""wram_known_pressure_ratio"": 0.02403150151674986}",0.3470800049945929,4,True,False,modeled,False
research_benchmark_pack_v1,thesis_planner_sensitivity_v2_planner_compare,planner_motif_balanced_tree_sensitivity_v2,planner,0,planner_motif,True,balanced_tree,7,6,3,2048,7,custom_upmem.greedy.v2.balanced_literature_informed,custom_upmem,native_target_projected_prefix_greedy,732e5d6ce69eb7f899d95e1d4a3ba1c390eb63c7f748cdd8667ef363f7fa7de4,"{""algorithm"": ""greedy"", ""engine"": ""custom_upmem"", ""execution_policy"": ""generic_single_dpu_split_complex_v2"", ""normalization"": ""fixed_log1p_generic_budgets_v2"", ""numeric_contract"": ""real_float32_or_split_real_imag_v2"", ""objective_version"": ""upmem_path_cost_v2"", ""selection_scope"": ""projected_prefix"", ""weight_profile"": ""balanced_literature_informed""}",projected_prefix,greedy,upmem_path_cost_v2,generic_single_dpu_split_complex_v2,,,597620e40295337cc8d7607e51d498e7da74b176fd5b7c775776c1bd257e86fd,dbb9b92c35500375805ea9b2491c9ae99824951e368ae85f56a212919075fc77,completed,,0.004812504001165507,6,86592,32768,4662,9572,14234,0,0,,6,1,2.0,4,4,upmem_pressure_v1,,,,upmem_path_cost_v2,balanced_literature_informed,"{""caps"": {""dpu_to_host_payload_bytes"": 1048576.0, ""estimated_flops"": 2147614720.0, ""host_completion_events"": 4.0, ""host_to_dpu_payload_bytes"": 2097152.0, ""mram_dma_window_bytes_model"": 17180917760.0, ""mram_payload_pressure_ratio"": 1.0, ""numeric_representation_penalty"": 3.0, ""tile_iterations"": 1024.0, ""wram_known_pressure_ratio"": 1.0}, ""normalization_id"": ""fixed_log1p_generic_budgets_v2"", ""transform"": ""log1p(value)/log1p(cap)""}","{""caps"": {""application_max_contracted_combinations"": 4096, ""application_max_rank"": 16, ""application_max_tensor_elements"": 65536, ""native_abi_max_tensor_elements"": 65536}, ""dpu_parallelism_model"": ""single_dpu_serial_tasks"", ""host_completion_model"": ""one_synchronous_dpu_launch_per_real_component"", ""host_dpu_transfer_model"": ""per_real_component_operand_upload_and_output_download_no_reuse"", ""input_element_bytes"": 4, ""memory_budget_source"": ""configured_generic_dpu_policy_v2"", ""mram_capacity_bytes"": 67108864, ""mram_wram_transfer_model"": ""aligned_scalar_read_windows_and_aligned_output_tile_writes"", ""numeric_contract"": ""real_float32_or_split_real_imag_v2"", ""output_element_bytes"": 4, ""output_tile_elements"": 256, ""policy_id"": ""generic_single_dpu_split_complex_v2"", ""wram_budget_bytes"": 61440}",True,[],21648,8192,9572,18648,9572,28220,182760,21648,6,0.0,0.016796875,13,8192,18648,9572,182760,13,6,6,0,16392,786432,67108864,0.01171875,0.03125,0.03125,1032,61440,0.016796875,"{""dpu_to_host_payload_bytes"": 9572, ""estimated_flops"": 21648, ""feasibility"": true, ""host_completion_event_scope"": ""one_synchronous_dpu_launch_per_real_component"", ""host_completion_events"": 6, ""host_to_dpu_payload_bytes"": 18648, ""known_wram_static_bytes"": 1032, ""largest_tensor_bytes"": 8192, ""memory_budget_scope"": ""configured_modeled_budget_not_measured_runtime_occupancy"", ""mram_capacity_bytes"": 67108864, ""mram_dma_window_bytes_model"": 182760, ""mram_dma_window_scope"": ""modeled_aligned_request_volume_not_physical_bus_bytes"", ""mram_max_region_payload_ratio"": 0.03125, ""mram_payload_pressure_ratio"": 0.03125, ""mram_payload_pressure_scope"": ""maximum_single_buffer_payload_divided_by_fixed_native_buffer_capacity"", ""mram_static_reservation_pressure_ratio"": 0.01171875, ""native_static_mram_reservation_bytes"": 786432, ""numeric_component_invocations"": 6, ""numeric_recombination_flops"": 0, ""numeric_representation_penalty"": 0.0, ""rejection_reasons"": [], ""task_mram_payload_bytes"": 16392, ""tile_iterations"": 13, ""wram_budget_bytes"": 61440, ""wram_known_pressure_ratio"": 0.016796875}","{""dpu_to_host_payload_bytes"": 0.6612377242114784, ""estimated_flops"": 0.4645797373577791, ""host_completion_events"": 1.2090619551221675, ""host_to_dpu_payload_bytes"": 0.6755623898530286, ""mram_dma_window_bytes_model"": 0.514104513170926, ""mram_payload_pressure_ratio"": 0.044394119358453436, ""numeric_representation_penalty"": 0.0, ""tile_iterations"": 0.380681884796199, ""wram_known_pressure_ratio"": 0.02403150151674986}",0.49672365245794503,4,True,False,modeled,False
research_benchmark_pack_v1,thesis_planner_sensitivity_v2_planner_compare,planner_motif_star_sensitivity_v2,planner,0,planner_motif,True,star,5,4,4,1024,5,custom_upmem.greedy.v2.balanced_literature_informed,custom_upmem,native_target_projected_prefix_greedy,732e5d6ce69eb7f899d95e1d4a3ba1c390eb63c7f748cdd8667ef363f7fa7de4,"{""algorithm"": ""greedy"", ""engine"": ""custom_upmem"", ""execution_policy"": ""generic_single_dpu_split_complex_v2"", ""normalization"": ""fixed_log1p_generic_budgets_v2"", ""numeric_contract"": ""real_float32_or_split_real_imag_v2"", ""objective_version"": ""upmem_path_cost_v2"", ""selection_scope"": ""projected_prefix"", ""weight_profile"": ""balanced_literature_informed""}",projected_prefix,greedy,upmem_path_cost_v2,generic_single_dpu_split_complex_v2,,,22f7a02097a86240b643ec0455e3e890a2a8016cda2f515f4c04f451b3b383ae,b70c1dc91b836092d88d18d9e0cf7bd642e28bc6b828000628d4b0b6dc81502b,completed,,0.00176087499858113,4,16960,16384,2150,4388,6538,0,0,,4,1,2.0,3,3,upmem_pressure_v1,,,,upmem_path_cost_v2,balanced_literature_informed,"{""caps"": {""dpu_to_host_payload_bytes"": 1048576.0, ""estimated_flops"": 2147614720.0, ""host_completion_events"": 4.0, ""host_to_dpu_payload_bytes"": 2097152.0, ""mram_dma_window_bytes_model"": 17180917760.0, ""mram_payload_pressure_ratio"": 1.0, ""numeric_representation_penalty"": 3.0, ""tile_iterations"": 1024.0, ""wram_known_pressure_ratio"": 1.0}, ""normalization_id"": ""fixed_log1p_generic_budgets_v2"", ""transform"": ""log1p(value)/log1p(cap)""}","{""caps"": {""application_max_contracted_combinations"": 4096, ""application_max_rank"": 16, ""application_max_tensor_elements"": 65536, ""native_abi_max_tensor_elements"": 65536}, ""dpu_parallelism_model"": ""single_dpu_serial_tasks"", ""host_completion_model"": ""one_synchronous_dpu_launch_per_real_component"", ""host_dpu_transfer_model"": ""per_real_component_operand_upload_and_output_download_no_reuse"", ""input_element_bytes"": 4, ""memory_budget_source"": ""configured_generic_dpu_policy_v2"", ""mram_capacity_bytes"": 67108864, ""mram_wram_transfer_model"": ""aligned_scalar_read_windows_and_aligned_output_tile_writes"", ""numeric_contract"": ""real_float32_or_split_real_imag_v2"", ""output_element_bytes"": 4, ""output_tile_elements"": 256, ""policy_id"": ""generic_single_dpu_split_complex_v2"", ""wram_budget_bytes"": 61440}",True,[],4240,4096,4388,8600,4388,12988,38312,4240,4,0.0,0.016796875,7,4096,8600,4388,38312,7,4,4,0,8200,786432,67108864,0.01171875,0.015625,0.015625,1032,61440,0.016796875,"{""dpu_to_host_payload_bytes"": 4388, ""estimated_flops"": 4240, ""feasibility"": true, ""host_completion_event_scope"": ""one_synchronous_dpu_launch_per_real_component"", ""host_completion_events"": 4, ""host_to_dpu_payload_bytes"": 8600, ""known_wram_static_bytes"": 1032, ""largest_tensor_bytes"": 4096, ""memory_budget_scope"": ""configured_modeled_budget_not_measured_runtime_occupancy"", ""mram_capacity_bytes"": 67108864, ""mram_dma_window_bytes_model"": 38312, ""mram_dma_window_scope"": ""modeled_aligned_request_volume_not_physical_bus_bytes"", ""mram_max_region_payload_ratio"": 0.015625, ""mram_payload_pressure_ratio"": 0.015625, ""mram_payload_pressure_scope"": ""maximum_single_buffer_payload_divided_by_fixed_native_buffer_capacity"", ""mram_static_reservation_pressure_ratio"": 0.01171875, ""native_static_mram_reservation_bytes"": 786432, ""numeric_component_invocations"": 4, ""numeric_recombination_flops"": 0, ""numeric_representation_penalty"": 0.0, ""rejection_reasons"": [], ""task_mram_payload_bytes"": 8200, ""tile_iterations"": 7, ""wram_budget_bytes"": 61440, ""wram_known_pressure_ratio"": 0.016796875}","{""dpu_to_host_payload_bytes"": 0.6049837861243158, ""estimated_flops"": 0.38871466258273046, ""host_completion_events"": 1.0, ""host_to_dpu_payload_bytes"": 0.6223946791332111, ""mram_dma_window_bytes_model"": 0.44780902780921433, ""mram_payload_pressure_ratio"": 0.02236781302845451, ""numeric_representation_penalty"": 0.0, ""tile_iterations"": 0.29995776011641245, ""wram_known_pressure_ratio"": 0.02403150151674986}",0.42766671611680385,4,True,False,modeled,False
research_benchmark_pack_v1,thesis_planner_sensitivity_v2_planner_compare,planner_motif_cycle_sensitivity_v2,planner,0,planner_motif,True,cycle,4,4,2,128,4,custom_upmem.greedy.v2.balanced_literature_informed,custom_upmem,native_target_projected_prefix_greedy,732e5d6ce69eb7f899d95e1d4a3ba1c390eb63c7f748cdd8667ef363f7fa7de4,"{""algorithm"": ""greedy"", ""engine"": ""custom_upmem"", ""execution_policy"": ""generic_single_dpu_split_complex_v2"", ""normalization"": ""fixed_log1p_generic_budgets_v2"", ""numeric_contract"": ""real_float32_or_split_real_imag_v2"", ""objective_version"": ""upmem_path_cost_v2"", ""selection_scope"": ""projected_prefix"", ""weight_profile"": ""balanced_literature_informed""}",projected_prefix,greedy,upmem_path_cost_v2,generic_single_dpu_split_complex_v2,,,bbc756fe5e4e25284cec1bb965c79f36028df7c49a626c272365f630545627a6,4f3bbb0466a245494e4549f3e795695e6a5d1b4eb7f365b7558d53bed75706fb,completed,,0.000989471998764202,3,3136,128,304,68,372,0,0,,3,1,0.0,1,1,upmem_pressure_v1,,,,upmem_path_cost_v2,balanced_literature_informed,"{""caps"": {""dpu_to_host_payload_bytes"": 1048576.0, ""estimated_flops"": 2147614720.0, ""host_completion_events"": 4.0, ""host_to_dpu_payload_bytes"": 2097152.0, ""mram_dma_window_bytes_model"": 17180917760.0, ""mram_payload_pressure_ratio"": 1.0, ""numeric_representation_penalty"": 3.0, ""tile_iterations"": 1024.0, ""wram_known_pressure_ratio"": 1.0}, ""normalization_id"": ""fixed_log1p_generic_budgets_v2"", ""transform"": ""log1p(value)/log1p(cap)""}","{""caps"": {""application_max_contracted_combinations"": 4096, ""application_max_rank"": 16, ""application_max_tensor_elements"": 65536, ""native_abi_max_tensor_elements"": 65536}, ""dpu_parallelism_model"": ""single_dpu_serial_tasks"", ""host_completion_model"": ""one_synchronous_dpu_launch_per_real_component"", ""host_dpu_transfer_model"": ""per_real_component_operand_upload_and_output_download_no_reuse"", ""input_element_bytes"": 4, ""memory_budget_source"": ""configured_generic_dpu_policy_v2"", ""mram_capacity_bytes"": 67108864, ""mram_wram_transfer_model"": ""aligned_scalar_read_windows_and_aligned_output_tile_writes"", ""numeric_contract"": ""real_float32_or_split_real_imag_v2"", ""output_element_bytes"": 4, ""output_tile_elements"": 256, ""policy_id"": ""generic_single_dpu_split_complex_v2"", ""wram_budget_bytes"": 61440}",True,[],784,512,68,1216,68,1284,6344,784,3,0.0,0.016796875,3,512,1216,68,6344,3,3,3,0,800,786432,67108864,0.01171875,0.001953125,0.001953125,1032,61440,0.016796875,"{""dpu_to_host_payload_bytes"": 68, ""estimated_flops"": 784, ""feasibility"": true, ""host_completion_event_scope"": ""one_synchronous_dpu_launch_per_real_component"", ""host_completion_events"": 3, ""host_to_dpu_payload_bytes"": 1216, ""known_wram_static_bytes"": 1032, ""largest_tensor_bytes"": 512, ""memory_budget_scope"": ""configured_modeled_budget_not_measured_runtime_occupancy"", ""mram_capacity_bytes"": 67108864, ""mram_dma_window_bytes_model"": 6344, ""mram_dma_window_scope"": ""modeled_aligned_request_volume_not_physical_bus_bytes"", ""mram_max_region_payload_ratio"": 0.001953125, ""mram_payload_pressure_ratio"": 0.001953125, ""mram_payload_pressure_scope"": ""maximum_single_buffer_payload_divided_by_fixed_native_buffer_capacity"", ""mram_static_reservation_pressure_ratio"": 0.01171875, ""native_static_mram_reservation_bytes"": 786432, ""numeric_component_invocations"": 3, ""numeric_recombination_flops"": 0, ""numeric_representation_penalty"": 0.0, ""rejection_reasons"": [], ""task_mram_payload_bytes"": 800, ""tile_iterations"": 3, ""wram_budget_bytes"": 61440, ""wram_known_pressure_ratio"": 0.016796875}","{""dpu_to_host_payload_bytes"": 0.30542620182771535, ""estimated_flops"": 0.3102103718965647, ""host_completion_events"": 0.8613531161467861, ""host_to_dpu_payload_bytes"": 0.4880530055698671, ""mram_dma_window_bytes_model"": 0.37151093341931674, ""mram_payload_pressure_ratio"": 0.0028150156070540383, ""numeric_representation_penalty"": 0.0, ""tile_iterations"": 0.1999718400776083, ""wram_known_pressure_ratio"": 0.02403150151674986}",0.3378102700596196,1,False,True,modeled,False
research_benchmark_pack_v1,thesis_planner_sensitivity_v2_planner_compare,planner_motif_grid_sensitivity_v2,planner,0,planner_motif,True,grid,6,7,3,512,6,custom_upmem.greedy.v2.balanced_literature_informed,custom_upmem,native_target_projected_prefix_greedy,732e5d6ce69eb7f899d95e1d4a3ba1c390eb63c7f748cdd8667ef363f7fa7de4,"{""algorithm"": ""greedy"", ""engine"": ""custom_upmem"", ""execution_policy"": ""generic_single_dpu_split_complex_v2"", ""normalization"": ""fixed_log1p_generic_budgets_v2"", ""numeric_contract"": ""real_float32_or_split_real_imag_v2"", ""objective_version"": ""upmem_path_cost_v2"", ""selection_scope"": ""projected_prefix"", ""weight_profile"": ""balanced_literature_informed""}",projected_prefix,greedy,upmem_path_cost_v2,generic_single_dpu_split_complex_v2,,,87c4e6a1cc5f232c292769504d39c9894304850a3c36f1cfd562c4d32d140b25,8bb8f8b2f266b251fa64911a084879226b000480fdb597bc4e4d1741643fbbf3,completed,,0.00334738299716264,5,33536,4096,1552,1540,3092,0,0,,5,1,2.0,4,6,upmem_pressure_v1,,,,upmem_path_cost_v2,balanced_literature_informed,"{""caps"": {""dpu_to_host_payload_bytes"": 1048576.0, ""estimated_flops"": 2147614720.0, ""host_completion_events"": 4.0, ""host_to_dpu_payload_bytes"": 2097152.0, ""mram_dma_window_bytes_model"": 17180917760.0, ""mram_payload_pressure_ratio"": 1.0, ""numeric_representation_penalty"": 3.0, ""tile_iterations"": 1024.0, ""wram_known_pressure_ratio"": 1.0}, ""normalization_id"": ""fixed_log1p_generic_budgets_v2"", ""transform"": ""log1p(value)/log1p(cap)""}","{""caps"": {""application_max_contracted_combinations"": 4096, ""application_max_rank"": 16, ""application_max_tensor_elements"": 65536, ""native_abi_max_tensor_elements"": 65536}, ""dpu_parallelism_model"": ""single_dpu_serial_tasks"", ""host_completion_model"": ""one_synchronous_dpu_launch_per_real_component"", ""host_dpu_transfer_model"": ""per_real_component_operand_upload_and_output_download_no_reuse"", ""input_element_bytes"": 4, ""memory_budget_source"": ""configured_generic_dpu_policy_v2"", ""mram_capacity_bytes"": 67108864, ""mram_wram_transfer_model"": ""aligned_scalar_read_windows_and_aligned_output_tile_writes"", ""numeric_contract"": ""real_float32_or_split_real_imag_v2"", ""output_element_bytes"": 4, ""output_tile_elements"": 256, ""policy_id"": ""generic_single_dpu_split_complex_v2"", ""wram_budget_bytes"": 61440}",True,[],8384,2048,1540,6208,1540,7748,68616,8384,5,0.0,0.016796875,5,2048,6208,1540,68616,5,5,5,0,3200,786432,67108864,0.01171875,0.0078125,0.0078125,1032,61440,0.016796875,"{""dpu_to_host_payload_bytes"": 1540, ""estimated_flops"": 8384, ""feasibility"": true, ""host_completion_event_scope"": ""one_synchronous_dpu_launch_per_real_component"", ""host_completion_events"": 5, ""host_to_dpu_payload_bytes"": 6208, ""known_wram_static_bytes"": 1032, ""largest_tensor_bytes"": 2048, ""memory_budget_scope"": ""configured_modeled_budget_not_measured_runtime_occupancy"", ""mram_capacity_bytes"": 67108864, ""mram_dma_window_bytes_model"": 68616, ""mram_dma_window_scope"": ""modeled_aligned_request_volume_not_physical_bus_bytes"", ""mram_max_region_payload_ratio"": 0.0078125, ""mram_payload_pressure_ratio"": 0.0078125, ""mram_payload_pressure_scope"": ""maximum_single_buffer_payload_divided_by_fixed_native_buffer_capacity"", ""mram_static_reservation_pressure_ratio"": 0.01171875, ""native_static_mram_reservation_bytes"": 786432, ""numeric_component_invocations"": 5, ""numeric_recombination_flops"": 0, ""numeric_representation_penalty"": 0.0, ""rejection_reasons"": [], ""task_mram_payload_bytes"": 3200, ""tile_iterations"": 5, ""wram_budget_bytes"": 61440, ""wram_known_pressure_ratio"": 0.016796875}","{""dpu_to_host_payload_bytes"": 0.5294825209010336, ""estimated_flops"": 0.42043735637543, ""host_completion_events"": 1.1132827525593785, ""host_to_dpu_payload_bytes"": 0.6000068954093172, ""mram_dma_window_bytes_model"": 0.47253637714173685, ""mram_payload_pressure_ratio"": 0.011227255423254121, ""numeric_representation_penalty"": 0.0, ""tile_iterations"": 0.2584598539004127, ""wram_known_pressure_ratio"": 0.02403150151674986}",0.4421059806766128,4,True,False,modeled,False
research_benchmark_pack_v1,thesis_planner_sensitivity_v2_planner_compare,planner_motif_flop_memory_tradeoff_sensitivity_v2,planner,0,planner_motif,True,flop_memory_tradeoff,6,6,3,4096,6,custom_upmem.greedy.v2.balanced_literature_informed,custom_upmem,native_target_projected_prefix_greedy,732e5d6ce69eb7f899d95e1d4a3ba1c390eb63c7f748cdd8667ef363f7fa7de4,"{""algorithm"": ""greedy"", ""engine"": ""custom_upmem"", ""execution_policy"": ""generic_single_dpu_split_complex_v2"", ""normalization"": ""fixed_log1p_generic_budgets_v2"", ""numeric_contract"": ""real_float32_or_split_real_imag_v2"", ""objective_version"": ""upmem_path_cost_v2"", ""selection_scope"": ""projected_prefix"", ""weight_profile"": ""balanced_literature_informed""}",projected_prefix,greedy,upmem_path_cost_v2,generic_single_dpu_split_complex_v2,,,572bc40984bf16f97bd897ad77e9459088fd8f705f9d2983510f92f9d34322b9,7c1ffab51ab92ea21455fa2c5664ebef66317aa0e79226359953309096f3cf93,completed,,0.0031974630001059268,5,104704,65536,8770,17092,25862,0,0,,5,1,2.0,4,4,upmem_pressure_v1,,,,upmem_path_cost_v2,balanced_literature_informed,"{""caps"": {""dpu_to_host_payload_bytes"": 1048576.0, ""estimated_flops"": 2147614720.0, ""host_completion_events"": 4.0, ""host_to_dpu_payload_bytes"": 2097152.0, ""mram_dma_window_bytes_model"": 17180917760.0, ""mram_payload_pressure_ratio"": 1.0, ""numeric_representation_penalty"": 3.0, ""tile_iterations"": 1024.0, ""wram_known_pressure_ratio"": 1.0}, ""normalization_id"": ""fixed_log1p_generic_budgets_v2"", ""transform"": ""log1p(value)/log1p(cap)""}","{""caps"": {""application_max_contracted_combinations"": 4096, ""application_max_rank"": 16, ""application_max_tensor_elements"": 65536, ""native_abi_max_tensor_elements"": 65536}, ""dpu_parallelism_model"": ""single_dpu_serial_tasks"", ""host_completion_model"": ""one_synchronous_dpu_launch_per_real_component"", ""host_dpu_transfer_model"": ""per_real_component_operand_upload_and_output_download_no_reuse"", ""input_element_bytes"": 4, ""memory_budget_source"": ""configured_generic_dpu_policy_v2"", ""mram_capacity_bytes"": 67108864, ""mram_wram_transfer_model"": ""aligned_scalar_read_windows_and_aligned_output_tile_writes"", ""numeric_contract"": ""real_float32_or_split_real_imag_v2"", ""output_element_bytes"": 4, ""output_tile_elements"": 256, ""policy_id"": ""generic_single_dpu_split_complex_v2"", ""wram_budget_bytes"": 61440}",True,[],26176,16384,17092,35080,17092,52172,226504,26176,5,0.0,0.016796875,20,16384,35080,17092,226504,20,5,5,0,32776,786432,67108864,0.01171875,0.0625,0.0625,1032,61440,0.016796875,"{""dpu_to_host_payload_bytes"": 17092, ""estimated_flops"": 26176, ""feasibility"": true, ""host_completion_event_scope"": ""one_synchronous_dpu_launch_per_real_component"", ""host_completion_events"": 5, ""host_to_dpu_payload_bytes"": 35080, ""known_wram_static_bytes"": 1032, ""largest_tensor_bytes"": 16384, ""memory_budget_scope"": ""configured_modeled_budget_not_measured_runtime_occupancy"", ""mram_capacity_bytes"": 67108864, ""mram_dma_window_bytes_model"": 226504, ""mram_dma_window_scope"": ""modeled_aligned_request_volume_not_physical_bus_bytes"", ""mram_max_region_payload_ratio"": 0.0625, ""mram_payload_pressure_ratio"": 0.0625, ""mram_payload_pressure_scope"": ""maximum_single_buffer_payload_divided_by_fixed_native_buffer_capacity"", ""mram_static_reservation_pressure_ratio"": 0.01171875, ""native_static_mram_reservation_bytes"": 786432, ""numeric_component_invocations"": 5, ""numeric_recombination_flops"": 0, ""numeric_representation_penalty"": 0.0, ""rejection_reasons"": [], ""task_mram_payload_bytes"": 32776, ""tile_iterations"": 20, ""wram_budget_bytes"": 61440, ""wram_known_pressure_ratio"": 0.016796875}","{""dpu_to_host_payload_bytes"": 0.7030558519762586, ""estimated_flops"": 0.473418401971407, ""host_completion_events"": 1.1132827525593785, ""host_to_dpu_payload_bytes"": 0.7189715122857095, ""mram_dma_window_bytes_model"": 0.5232099206464866, ""mram_payload_pressure_ratio"": 0.0874628412503394, ""numeric_representation_penalty"": 0.0, ""tile_iterations"": 0.43916989861900346, ""wram_known_pressure_ratio"": 0.02403150151674986}",0.5048565913890609,4,True,False,modeled,False
research_benchmark_pack_v1,thesis_planner_sensitivity_v2_planner_compare,planner_motif_chain_sensitivity_v2,planner,0,planner_motif,True,chain,5,4,2,128,5,custom_upmem.greedy.v2.compute_oriented,custom_upmem,native_target_projected_prefix_greedy,638f09e3766d56f7f57c13aabd54a5504ec08dc6e213c8124ed16f732a36dada,"{""algorithm"": ""greedy"", ""engine"": ""custom_upmem"", ""execution_policy"": ""generic_single_dpu_split_complex_v2"", ""normalization"": ""fixed_log1p_generic_budgets_v2"", ""numeric_contract"": ""real_float32_or_split_real_imag_v2"", ""objective_version"": ""upmem_path_cost_v2"", ""selection_scope"": ""projected_prefix"", ""weight_profile"": ""compute_oriented""}",projected_prefix,greedy,upmem_path_cost_v2,generic_single_dpu_split_complex_v2,,,177daab05cc982aaa1da5f898c319d1497cf4882636b20525df4f13bfb4713c6,b8b1619150e20a8f0e1ff87c959bf1a4eba4825feca78f9d36872f28beefba4e,completed,,0.001817300002585398,4,2432,128,262,76,338,0,0,,4,1,1.0,2,2,upmem_pressure_v1,,,,upmem_path_cost_v2,compute_oriented,"{""caps"": {""dpu_to_host_payload_bytes"": 1048576.0, ""estimated_flops"": 2147614720.0, ""host_completion_events"": 4.0, ""host_to_dpu_payload_bytes"": 2097152.0, ""mram_dma_window_bytes_model"": 17180917760.0, ""mram_payload_pressure_ratio"": 1.0, ""numeric_representation_penalty"": 3.0, ""tile_iterations"": 1024.0, ""wram_known_pressure_ratio"": 1.0}, ""normalization_id"": ""fixed_log1p_generic_budgets_v2"", ""transform"": ""log1p(value)/log1p(cap)""}","{""caps"": {""application_max_contracted_combinations"": 4096, ""application_max_rank"": 16, ""application_max_tensor_elements"": 65536, ""native_abi_max_tensor_elements"": 65536}, ""dpu_parallelism_model"": ""single_dpu_serial_tasks"", ""host_completion_model"": ""one_synchronous_dpu_launch_per_real_component"", ""host_dpu_transfer_model"": ""per_real_component_operand_upload_and_output_download_no_reuse"", ""input_element_bytes"": 4, ""memory_budget_source"": ""configured_generic_dpu_policy_v2"", ""mram_capacity_bytes"": 67108864, ""mram_wram_transfer_model"": ""aligned_scalar_read_windows_and_aligned_output_tile_writes"", ""numeric_contract"": ""real_float32_or_split_real_imag_v2"", ""output_element_bytes"": 4, ""output_tile_elements"": 256, ""policy_id"": ""generic_single_dpu_split_complex_v2"", ""wram_budget_bytes"": 61440}",True,[],608,512,76,1048,76,1124,4944,608,4,0.0,0.016796875,4,512,1048,76,4944,4,4,4,0,800,786432,67108864,0.01171875,0.001953125,0.001953125,1032,61440,0.016796875,"{""dpu_to_host_payload_bytes"": 76, ""estimated_flops"": 608, ""feasibility"": true, ""host_completion_event_scope"": ""one_synchronous_dpu_launch_per_real_component"", ""host_completion_events"": 4, ""host_to_dpu_payload_bytes"": 1048, ""known_wram_static_bytes"": 1032, ""largest_tensor_bytes"": 512, ""memory_budget_scope"": ""configured_modeled_budget_not_measured_runtime_occupancy"", ""mram_capacity_bytes"": 67108864, ""mram_dma_window_bytes_model"": 4944, ""mram_dma_window_scope"": ""modeled_aligned_request_volume_not_physical_bus_bytes"", ""mram_max_region_payload_ratio"": 0.001953125, ""mram_payload_pressure_ratio"": 0.001953125, ""mram_payload_pressure_scope"": ""maximum_single_buffer_payload_divided_by_fixed_native_buffer_capacity"", ""mram_static_reservation_pressure_ratio"": 0.01171875, ""native_static_mram_reservation_bytes"": 786432, ""numeric_component_invocations"": 4, ""numeric_recombination_flops"": 0, ""numeric_representation_penalty"": 0.0, ""rejection_reasons"": [], ""task_mram_payload_bytes"": 800, ""tile_iterations"": 4, ""wram_budget_bytes"": 61440, ""wram_known_pressure_ratio"": 0.016796875}","{""dpu_to_host_payload_bytes"": 0.3133393054791856, ""estimated_flops"": 0.2983958755878676, ""host_completion_events"": 1.0, ""host_to_dpu_payload_bytes"": 0.47784755399292334, ""mram_dma_window_bytes_model"": 0.36093303013487504, ""mram_payload_pressure_ratio"": 0.0028150156070540383, ""numeric_representation_penalty"": 0.0, ""tile_iterations"": 0.23216011683126064, ""wram_known_pressure_ratio"": 0.02403150151674986}",0.3983958755878676,1,True,True,modeled,False
research_benchmark_pack_v1,thesis_planner_sensitivity_v2_planner_compare,planner_motif_balanced_tree_sensitivity_v2,planner,0,planner_motif,True,balanced_tree,7,6,3,2048,7,custom_upmem.greedy.v2.compute_oriented,custom_upmem,native_target_projected_prefix_greedy,638f09e3766d56f7f57c13aabd54a5504ec08dc6e213c8124ed16f732a36dada,"{""algorithm"": ""greedy"", ""engine"": ""custom_upmem"", ""execution_policy"": ""generic_single_dpu_split_complex_v2"", ""normalization"": ""fixed_log1p_generic_budgets_v2"", ""numeric_contract"": ""real_float32_or_split_real_imag_v2"", ""objective_version"": ""upmem_path_cost_v2"", ""selection_scope"": ""projected_prefix"", ""weight_profile"": ""compute_oriented""}",projected_prefix,greedy,upmem_path_cost_v2,generic_single_dpu_split_complex_v2,,,f889fcdf00d4209d4d1ea8650fe4a018104f3a9f9c760f4b88c137ce4566a708,1f5aecaa88a93eb225e4cfe1ccf355ae4ab78764e59f7f0d60d9d4f3d6e5abf2,completed,,0.0048877349981921725,6,69440,4096,2686,1668,4354,0,0,,6,1,0.1821545807221725,3,3,upmem_pressure_v1,,,,upmem_path_cost_v2,compute_oriented,"{""caps"": {""dpu_to_host_payload_bytes"": 1048576.0, ""estimated_flops"": 2147614720.0, ""host_completion_events"": 4.0, ""host_to_dpu_payload_bytes"": 2097152.0, ""mram_dma_window_bytes_model"": 17180917760.0, ""mram_payload_pressure_ratio"": 1.0, ""numeric_representation_penalty"": 3.0, ""tile_iterations"": 1024.0, ""wram_known_pressure_ratio"": 1.0}, ""normalization_id"": ""fixed_log1p_generic_budgets_v2"", ""transform"": ""log1p(value)/log1p(cap)""}","{""caps"": {""application_max_contracted_combinations"": 4096, ""application_max_rank"": 16, ""application_max_tensor_elements"": 65536, ""native_abi_max_tensor_elements"": 65536}, ""dpu_parallelism_model"": ""single_dpu_serial_tasks"", ""host_completion_model"": ""one_synchronous_dpu_launch_per_real_component"", ""host_dpu_transfer_model"": ""per_real_component_operand_upload_and_output_download_no_reuse"", ""input_element_bytes"": 4, ""memory_budget_source"": ""configured_generic_dpu_policy_v2"", ""mram_capacity_bytes"": 67108864, ""mram_wram_transfer_model"": ""aligned_scalar_read_windows_and_aligned_output_tile_writes"", ""numeric_contract"": ""real_float32_or_split_real_imag_v2"", ""output_element_bytes"": 4, ""output_tile_elements"": 256, ""policy_id"": ""generic_single_dpu_split_complex_v2"", ""wram_budget_bytes"": 61440}",True,[],17360,8192,1668,10744,1668,12412,140552,17360,6,0.0,0.016796875,6,8192,10744,1668,140552,6,6,6,0,9728,786432,67108864,0.01171875,0.03125,0.03125,1032,61440,0.016796875,"{""dpu_to_host_payload_bytes"": 1668, ""estimated_flops"": 17360, ""feasibility"": true, ""host_completion_event_scope"": ""one_synchronous_dpu_launch_per_real_component"", ""host_completion_events"": 6, ""host_to_dpu_payload_bytes"": 10744, ""known_wram_static_bytes"": 1032, ""largest_tensor_bytes"": 8192, ""memory_budget_scope"": ""configured_modeled_budget_not_measured_runtime_occupancy"", ""mram_capacity_bytes"": 67108864, ""mram_dma_window_bytes_model"": 140552, ""mram_dma_window_scope"": ""modeled_aligned_request_volume_not_physical_bus_bytes"", ""mram_max_region_payload_ratio"": 0.03125, ""mram_payload_pressure_ratio"": 0.03125, ""mram_payload_pressure_scope"": ""maximum_single_buffer_payload_divided_by_fixed_native_buffer_capacity"", ""mram_static_reservation_pressure_ratio"": 0.01171875, ""native_static_mram_reservation_bytes"": 786432, ""numeric_component_invocations"": 6, ""numeric_recombination_flops"": 0, ""numeric_representation_penalty"": 0.0, ""rejection_reasons"": [], ""task_mram_payload_bytes"": 9728, ""tile_iterations"": 6, ""wram_budget_bytes"": 61440, ""wram_known_pressure_ratio"": 0.016796875}","{""dpu_to_host_payload_bytes"": 0.5352383751474616, ""estimated_flops"": 0.4543071750430788, ""host_completion_events"": 1.2090619551221675, ""host_to_dpu_payload_bytes"": 0.6376846392205939, ""mram_dma_window_bytes_model"": 0.5029620716079165, ""mram_payload_pressure_ratio"": 0.044394119358453436, ""numeric_representation_penalty"": 0.0, ""tile_iterations"": 0.28069596475739483, ""wram_known_pressure_ratio"": 0.02403150151674986}",0.5752133705552955,1,True,True,modeled,False
research_benchmark_pack_v1,thesis_planner_sensitivity_v2_planner_compare,planner_motif_star_sensitivity_v2,planner,0,planner_motif,True,star,5,4,4,1024,5,custom_upmem.greedy.v2.compute_oriented,custom_upmem,native_target_projected_prefix_greedy,638f09e3766d56f7f57c13aabd54a5504ec08dc6e213c8124ed16f732a36dada,"{""algorithm"": ""greedy"", ""engine"": ""custom_upmem"", ""execution_policy"": ""generic_single_dpu_split_complex_v2"", ""normalization"": ""fixed_log1p_generic_budgets_v2"", ""numeric_contract"": ""real_float32_or_split_real_imag_v2"", ""objective_version"": ""upmem_path_cost_v2"", ""selection_scope"": ""projected_prefix"", ""weight_profile"": ""compute_oriented""}",projected_prefix,greedy,upmem_path_cost_v2,generic_single_dpu_split_complex_v2,,,957b62730e35eed7f0612fcdcd3054aabc67de70bd3905a2e06a6d57724e42ae,2feb794b3f522c4816d11dfd00286506bd81fb67acbd64c910b2cca75029674e,completed,,0.0017975740011024754,4,8896,1024,1142,356,1498,0,0,,4,1,0.0136986301369863,2,2,upmem_pressure_v1,,,,upmem_path_cost_v2,compute_oriented,"{""caps"": {""dpu_to_host_payload_bytes"": 1048576.0, ""estimated_flops"": 2147614720.0, ""host_completion_events"": 4.0, ""host_to_dpu_payload_bytes"": 2097152.0, ""mram_dma_window_bytes_model"": 17180917760.0, ""mram_payload_pressure_ratio"": 1.0, ""numeric_representation_penalty"": 3.0, ""tile_iterations"": 1024.0, ""wram_known_pressure_ratio"": 1.0}, ""normalization_id"": ""fixed_log1p_generic_budgets_v2"", ""transform"": ""log1p(value)/log1p(cap)""}","{""caps"": {""application_max_contracted_combinations"": 4096, ""application_max_rank"": 16, ""application_max_tensor_elements"": 65536, ""native_abi_max_tensor_elements"": 65536}, ""dpu_parallelism_model"": ""single_dpu_serial_tasks"", ""host_completion_model"": ""one_synchronous_dpu_launch_per_real_component"", ""host_dpu_transfer_model"": ""per_real_component_operand_upload_and_output_download_no_reuse"", ""input_element_bytes"": 4, ""memory_budget_source"": ""configured_generic_dpu_policy_v2"", ""mram_capacity_bytes"": 67108864, ""mram_wram_transfer_model"": ""aligned_scalar_read_windows_and_aligned_output_tile_writes"", ""numeric_contract"": ""real_float32_or_split_real_imag_v2"", ""output_element_bytes"": 4, ""output_tile_elements"": 256, ""policy_id"": ""generic_single_dpu_split_complex_v2"", ""wram_budget_bytes"": 61440}",True,[],2224,4096,356,4568,356,4924,18152,2224,4,0.0,0.016796875,4,4096,4568,356,18152,4,4,4,0,4416,786432,67108864,0.01171875,0.015625,0.015625,1032,61440,0.016796875,"{""dpu_to_host_payload_bytes"": 356, ""estimated_flops"": 2224, ""feasibility"": true, ""host_completion_event_scope"": ""one_synchronous_dpu_launch_per_real_component"", ""host_completion_events"": 4, ""host_to_dpu_payload_bytes"": 4568, ""known_wram_static_bytes"": 1032, ""largest_tensor_bytes"": 4096, ""memory_budget_scope"": ""configured_modeled_budget_not_measured_runtime_occupancy"", ""mram_capacity_bytes"": 67108864, ""mram_dma_window_bytes_model"": 18152, ""mram_dma_window_scope"": ""modeled_aligned_request_volume_not_physical_bus_bytes"", ""mram_max_region_payload_ratio"": 0.015625, ""mram_payload_pressure_ratio"": 0.015625, ""mram_payload_pressure_scope"": ""maximum_single_buffer_payload_divided_by_fixed_native_buffer_capacity"", ""mram_static_reservation_pressure_ratio"": 0.01171875, ""native_static_mram_reservation_bytes"": 786432, ""numeric_component_invocations"": 4, ""numeric_recombination_flops"": 0, ""numeric_representation_penalty"": 0.0, ""rejection_reasons"": [], ""task_mram_payload_bytes"": 4416, ""tile_iterations"": 4, ""wram_budget_bytes"": 61440, ""wram_known_pressure_ratio"": 0.016796875}","{""dpu_to_host_payload_bytes"": 0.4239889840339691, ""estimated_flops"": 0.358695420532152, ""host_completion_events"": 1.0, ""host_to_dpu_payload_bytes"": 0.5789363013781212, ""mram_dma_window_bytes_model"": 0.4161142273573943, ""mram_payload_pressure_ratio"": 0.02236781302845451, ""numeric_representation_penalty"": 0.0, ""tile_iterations"": 0.23216011683126064, ""wram_known_pressure_ratio"": 0.02403150151674986}",0.45869542053215195,1,True,True,modeled,False
research_benchmark_pack_v1,thesis_planner_sensitivity_v2_planner_compare,planner_motif_cycle_sensitivity_v2,planner,0,planner_motif,True,cycle,4,4,2,128,4,custom_upmem.greedy.v2.compute_oriented,custom_upmem,native_target_projected_prefix_greedy,638f09e3766d56f7f57c13aabd54a5504ec08dc6e213c8124ed16f732a36dada,"{""algorithm"": ""greedy"", ""engine"": ""custom_upmem"", ""execution_policy"": ""generic_single_dpu_split_complex_v2"", ""normalization"": ""fixed_log1p_generic_budgets_v2"", ""numeric_contract"": ""real_float32_or_split_real_imag_v2"", ""objective_version"": ""upmem_path_cost_v2"", ""selection_scope"": ""projected_prefix"", ""weight_profile"": ""compute_oriented""}",projected_prefix,greedy,upmem_path_cost_v2,generic_single_dpu_split_complex_v2,,,914d528ed62f2fa2ad447172ec8f4caf5d77617adedeca87ab92df49ce65d8c8,4f3bbb0466a245494e4549f3e795695e6a5d1b4eb7f365b7558d53bed75706fb,completed,,0.0009941099997377023,3,3136,128,304,68,372,0,0,,3,1,0.0,1,1,upmem_pressure_v1,,,,upmem_path_cost_v2,compute_oriented,"{""caps"": {""dpu_to_host_payload_bytes"": 1048576.0, ""estimated_flops"": 2147614720.0, ""host_completion_events"": 4.0, ""host_to_dpu_payload_bytes"": 2097152.0, ""mram_dma_window_bytes_model"": 17180917760.0, ""mram_payload_pressure_ratio"": 1.0, ""numeric_representation_penalty"": 3.0, ""tile_iterations"": 1024.0, ""wram_known_pressure_ratio"": 1.0}, ""normalization_id"": ""fixed_log1p_generic_budgets_v2"", ""transform"": ""log1p(value)/log1p(cap)""}","{""caps"": {""application_max_contracted_combinations"": 4096, ""application_max_rank"": 16, ""application_max_tensor_elements"": 65536, ""native_abi_max_tensor_elements"": 65536}, ""dpu_parallelism_model"": ""single_dpu_serial_tasks"", ""host_completion_model"": ""one_synchronous_dpu_launch_per_real_component"", ""host_dpu_transfer_model"": ""per_real_component_operand_upload_and_output_download_no_reuse"", ""input_element_bytes"": 4, ""memory_budget_source"": ""configured_generic_dpu_policy_v2"", ""mram_capacity_bytes"": 67108864, ""mram_wram_transfer_model"": ""aligned_scalar_read_windows_and_aligned_output_tile_writes"", ""numeric_contract"": ""real_float32_or_split_real_imag_v2"", ""output_element_bytes"": 4, ""output_tile_elements"": 256, ""policy_id"": ""generic_single_dpu_split_complex_v2"", ""wram_budget_bytes"": 61440}",True,[],784,512,68,1216,68,1284,6344,784,3,0.0,0.016796875,3,512,1216,68,6344,3,3,3,0,800,786432,67108864,0.01171875,0.001953125,0.001953125,1032,61440,0.016796875,"{""dpu_to_host_payload_bytes"": 68, ""estimated_flops"": 784, ""feasibility"": true, ""host_completion_event_scope"": ""one_synchronous_dpu_launch_per_real_component"", ""host_completion_events"": 3, ""host_to_dpu_payload_bytes"": 1216, ""known_wram_static_bytes"": 1032, ""largest_tensor_bytes"": 512, ""memory_budget_scope"": ""configured_modeled_budget_not_measured_runtime_occupancy"", ""mram_capacity_bytes"": 67108864, ""mram_dma_window_bytes_model"": 6344, ""mram_dma_window_scope"": ""modeled_aligned_request_volume_not_physical_bus_bytes"", ""mram_max_region_payload_ratio"": 0.001953125, ""mram_payload_pressure_ratio"": 0.001953125, ""mram_payload_pressure_scope"": ""maximum_single_buffer_payload_divided_by_fixed_native_buffer_capacity"", ""mram_static_reservation_pressure_ratio"": 0.01171875, ""native_static_mram_reservation_bytes"": 786432, ""numeric_component_invocations"": 3, ""numeric_recombination_flops"": 0, ""numeric_representation_penalty"": 0.0, ""rejection_reasons"": [], ""task_mram_payload_bytes"": 800, ""tile_iterations"": 3, ""wram_budget_bytes"": 61440, ""wram_known_pressure_ratio"": 0.016796875}","{""dpu_to_host_payload_bytes"": 0.30542620182771535, ""estimated_flops"": 0.3102103718965647, ""host_completion_events"": 0.8613531161467861, ""host_to_dpu_payload_bytes"": 0.4880530055698671, ""mram_dma_window_bytes_model"": 0.37151093341931674, ""mram_payload_pressure_ratio"": 0.0028150156070540383, ""numeric_representation_penalty"": 0.0, ""tile_iterations"": 0.1999718400776083, ""wram_known_pressure_ratio"": 0.02403150151674986}",0.39634568351124333,1,False,True,modeled,False
research_benchmark_pack_v1,thesis_planner_sensitivity_v2_planner_compare,planner_motif_grid_sensitivity_v2,planner,0,planner_motif,True,grid,6,7,3,512,6,custom_upmem.greedy.v2.compute_oriented,custom_upmem,native_target_projected_prefix_greedy,638f09e3766d56f7f57c13aabd54a5504ec08dc6e213c8124ed16f732a36dada,"{""algorithm"": ""greedy"", ""engine"": ""custom_upmem"", ""execution_policy"": ""generic_single_dpu_split_complex_v2"", ""normalization"": ""fixed_log1p_generic_budgets_v2"", ""numeric_contract"": ""real_float32_or_split_real_imag_v2"", ""objective_version"": ""upmem_path_cost_v2"", ""selection_scope"": ""projected_prefix"", ""weight_profile"": ""compute_oriented""}",projected_prefix,greedy,upmem_path_cost_v2,generic_single_dpu_split_complex_v2,,,3c87e29c15f0a2ebe8c18aeccb3a0bfea2da96093a359d8d8dab33508b3aa3c7,ecd6b5796002bdcd2b28452ac46cffa46f353474c5983ec50256e4676f26a163,completed,,0.0033010059996740893,5,29696,2048,1456,1156,2612,0,0,,5,1,0.9047619047619047,3,5,upmem_pressure_v1,,,,upmem_path_cost_v2,compute_oriented,"{""caps"": {""dpu_to_host_payload_bytes"": 1048576.0, ""estimated_flops"": 2147614720.0, ""host_completion_events"": 4.0, ""host_to_dpu_payload_bytes"": 2097152.0, ""mram_dma_window_bytes_model"": 17180917760.0, ""mram_payload_pressure_ratio"": 1.0, ""numeric_representation_penalty"": 3.0, ""tile_iterations"": 1024.0, ""wram_known_pressure_ratio"": 1.0}, ""normalization_id"": ""fixed_log1p_generic_budgets_v2"", ""transform"": ""log1p(value)/log1p(cap)""}","{""caps"": {""application_max_contracted_combinations"": 4096, ""application_max_rank"": 16, ""application_max_tensor_elements"": 65536, ""native_abi_max_tensor_elements"": 65536}, ""dpu_parallelism_model"": ""single_dpu_serial_tasks"", ""host_completion_model"": ""one_synchronous_dpu_launch_per_real_component"", ""host_dpu_transfer_model"": ""per_real_component_operand_upload_and_output_download_no_reuse"", ""input_element_bytes"": 4, ""memory_budget_source"": ""configured_generic_dpu_policy_v2"", ""mram_capacity_bytes"": 67108864, ""mram_wram_transfer_model"": ""aligned_scalar_read_windows_and_aligned_output_tile_writes"", ""numeric_contract"": ""real_float32_or_split_real_imag_v2"", ""output_element_bytes"": 4, ""output_tile_elements"": 256, ""policy_id"": ""generic_single_dpu_split_complex_v2"", ""wram_budget_bytes"": 61440}",True,[],7424,2048,1156,5824,1156,6980,60552,7424,5,0.0,0.016796875,5,2048,5824,1156,60552,5,5,5,0,2816,786432,67108864,0.01171875,0.0078125,0.0078125,1032,61440,0.016796875,"{""dpu_to_host_payload_bytes"": 1156, ""estimated_flops"": 7424, ""feasibility"": true, ""host_completion_event_scope"": ""one_synchronous_dpu_launch_per_real_component"", ""host_completion_events"": 5, ""host_to_dpu_payload_bytes"": 5824, ""known_wram_static_bytes"": 1032, ""largest_tensor_bytes"": 2048, ""memory_budget_scope"": ""configured_modeled_budget_not_measured_runtime_occupancy"", ""mram_capacity_bytes"": 67108864, ""mram_dma_window_bytes_model"": 60552, ""mram_dma_window_scope"": ""modeled_aligned_request_volume_not_physical_bus_bytes"", ""mram_max_region_payload_ratio"": 0.0078125, ""mram_payload_pressure_ratio"": 0.0078125, ""mram_payload_pressure_scope"": ""maximum_single_buffer_payload_divided_by_fixed_native_buffer_capacity"", ""mram_static_reservation_pressure_ratio"": 0.01171875, ""native_static_mram_reservation_bytes"": 786432, ""numeric_component_invocations"": 5, ""numeric_recombination_flops"": 0, ""numeric_representation_penalty"": 0.0, ""rejection_reasons"": [], ""task_mram_payload_bytes"": 2816, ""tile_iterations"": 5, ""wram_budget_bytes"": 61440, ""wram_known_pressure_ratio"": 0.016796875}","{""dpu_to_host_payload_bytes"": 0.5088086224528889, ""estimated_flops"": 0.4147786705815145, ""host_completion_events"": 1.1132827525593785, ""host_to_dpu_payload_bytes"": 0.5956210440325314, ""mram_dma_window_bytes_model"": 0.4672314610681361, ""mram_payload_pressure_ratio"": 0.011227255423254121, ""numeric_representation_penalty"": 0.0, ""tile_iterations"": 0.2584598539004127, ""wram_known_pressure_ratio"": 0.02403150151674986}",0.5261069458374523,1,True,True,modeled,False
research_benchmark_pack_v1,thesis_planner_sensitivity_v2_planner_compare,planner_motif_flop_memory_tradeoff_sensitivity_v2,planner,0,planner_motif,True,flop_memory_tradeoff,6,6,3,4096,6,custom_upmem.greedy.v2.compute_oriented,custom_upmem,native_target_projected_prefix_greedy,638f09e3766d56f7f57c13aabd54a5504ec08dc6e213c8124ed16f732a36dada,"{""algorithm"": ""greedy"", ""engine"": ""custom_upmem"", ""execution_policy"": ""generic_single_dpu_split_complex_v2"", ""normalization"": ""fixed_log1p_generic_budgets_v2"", ""numeric_contract"": ""real_float32_or_split_real_imag_v2"", ""objective_version"": ""upmem_path_cost_v2"", ""selection_scope"": ""projected_prefix"", ""weight_profile"": ""compute_oriented""}",projected_prefix,greedy,upmem_path_cost_v2,generic_single_dpu_split_complex_v2,,,b2ef83d68465a0ff0557771da79d9fd605ed4f4a8979b658b38680a31609d7e9,87d2c5b75f2e57c32a68ebeb4e373cc33d86d8ffb5afdc15d13879bbf7f2c698,completed,,0.0031238850024237763,5,72960,2048,4802,1220,6022,0,0,,5,1,0.036425449247207385,3,3,upmem_pressure_v1,,,,upmem_path_cost_v2,compute_oriented,"{""caps"": {""dpu_to_host_payload_bytes"": 1048576.0, ""estimated_flops"": 2147614720.0, ""host_completion_events"": 4.0, ""host_to_dpu_payload_bytes"": 2097152.0, ""mram_dma_window_bytes_model"": 17180917760.0, ""mram_payload_pressure_ratio"": 1.0, ""numeric_representation_penalty"": 3.0, ""tile_iterations"": 1024.0, ""wram_known_pressure_ratio"": 1.0}, ""normalization_id"": ""fixed_log1p_generic_budgets_v2"", ""transform"": ""log1p(value)/log1p(cap)""}","{""caps"": {""application_max_contracted_combinations"": 4096, ""application_max_rank"": 16, ""application_max_tensor_elements"": 65536, ""native_abi_max_tensor_elements"": 65536}, ""dpu_parallelism_model"": ""single_dpu_serial_tasks"", ""host_completion_model"": ""one_synchronous_dpu_launch_per_real_component"", ""host_dpu_transfer_model"": ""per_real_component_operand_upload_and_output_download_no_reuse"", ""input_element_bytes"": 4, ""memory_budget_source"": ""configured_generic_dpu_policy_v2"", ""mram_capacity_bytes"": 67108864, ""mram_wram_transfer_model"": ""aligned_scalar_read_windows_and_aligned_output_tile_writes"", ""numeric_contract"": ""real_float32_or_split_real_imag_v2"", ""output_element_bytes"": 4, ""output_tile_elements"": 256, ""policy_id"": ""generic_single_dpu_split_complex_v2"", ""wram_budget_bytes"": 61440}",True,[],18240,16384,1220,19208,1220,20428,147144,18240,5,0.0,0.016796875,5,16384,19208,1220,147144,5,5,5,0,17408,786432,67108864,0.01171875,0.0625,0.0625,1032,61440,0.016796875,"{""dpu_to_host_payload_bytes"": 1220, ""estimated_flops"": 18240, ""feasibility"": true, ""host_completion_event_scope"": ""one_synchronous_dpu_launch_per_real_component"", ""host_completion_events"": 5, ""host_to_dpu_payload_bytes"": 19208, ""known_wram_static_bytes"": 1032, ""largest_tensor_bytes"": 16384, ""memory_budget_scope"": ""configured_modeled_budget_not_measured_runtime_occupancy"", ""mram_capacity_bytes"": 67108864, ""mram_dma_window_bytes_model"": 147144, ""mram_dma_window_scope"": ""modeled_aligned_request_volume_not_physical_bus_bytes"", ""mram_max_region_payload_ratio"": 0.0625, ""mram_payload_pressure_ratio"": 0.0625, ""mram_payload_pressure_scope"": ""maximum_single_buffer_payload_divided_by_fixed_native_buffer_capacity"", ""mram_static_reservation_pressure_ratio"": 0.01171875, ""native_static_mram_reservation_bytes"": 786432, ""numeric_component_invocations"": 5, ""numeric_recombination_flops"": 0, ""numeric_representation_penalty"": 0.0, ""rejection_reasons"": [], ""task_mram_payload_bytes"": 17408, ""tile_iterations"": 5, ""wram_budget_bytes"": 61440, ""wram_known_pressure_ratio"": 0.016796875}","{""dpu_to_host_payload_bytes"": 0.512692338979712, ""estimated_flops"": 0.4566082902009858, ""host_completion_events"": 1.1132827525593785, ""host_to_dpu_payload_bytes"": 0.6775949680575427, ""mram_dma_window_bytes_model"": 0.5049068981271256, ""mram_payload_pressure_ratio"": 0.0874628412503394, ""numeric_representation_penalty"": 0.0, ""tile_iterations"": 0.2584598539004127, ""wram_known_pressure_ratio"": 0.02403150151674986}",0.5679365654569237,1,True,True,modeled,False
research_benchmark_pack_v1,thesis_planner_sensitivity_v2_planner_compare,planner_motif_chain_sensitivity_v2,planner,0,planner_motif,True,chain,5,4,2,128,5,custom_upmem.greedy.v2.host_transfer_oriented,custom_upmem,native_target_projected_prefix_greedy,553e7e0a7a591e1b4a6de756bcf637b0e4cead923e8bbd9834300fa1e2db3026,"{""algorithm"": ""greedy"", ""engine"": ""custom_upmem"", ""execution_policy"": ""generic_single_dpu_split_complex_v2"", ""normalization"": ""fixed_log1p_generic_budgets_v2"", ""numeric_contract"": ""real_float32_or_split_real_imag_v2"", ""objective_version"": ""upmem_path_cost_v2"", ""selection_scope"": ""projected_prefix"", ""weight_profile"": ""host_transfer_oriented""}",projected_prefix,greedy,upmem_path_cost_v2,generic_single_dpu_split_complex_v2,,,a74309e93a49e085284c736fbcf0b1af48c9cf2fd22a3e8f4f8578cae9dc3924,b8b1619150e20a8f0e1ff87c959bf1a4eba4825feca78f9d36872f28beefba4e,completed,,0.001736629998049466,4,2432,128,262,76,338,0,0,,4,1,1.0,2,2,upmem_pressure_v1,,,,upmem_path_cost_v2,host_transfer_oriented,"{""caps"": {""dpu_to_host_payload_bytes"": 1048576.0, ""estimated_flops"": 2147614720.0, ""host_completion_events"": 4.0, ""host_to_dpu_payload_bytes"": 2097152.0, ""mram_dma_window_bytes_model"": 17180917760.0, ""mram_payload_pressure_ratio"": 1.0, ""numeric_representation_penalty"": 3.0, ""tile_iterations"": 1024.0, ""wram_known_pressure_ratio"": 1.0}, ""normalization_id"": ""fixed_log1p_generic_budgets_v2"", ""transform"": ""log1p(value)/log1p(cap)""}","{""caps"": {""application_max_contracted_combinations"": 4096, ""application_max_rank"": 16, ""application_max_tensor_elements"": 65536, ""native_abi_max_tensor_elements"": 65536}, ""dpu_parallelism_model"": ""single_dpu_serial_tasks"", ""host_completion_model"": ""one_synchronous_dpu_launch_per_real_component"", ""host_dpu_transfer_model"": ""per_real_component_operand_upload_and_output_download_no_reuse"", ""input_element_bytes"": 4, ""memory_budget_source"": ""configured_generic_dpu_policy_v2"", ""mram_capacity_bytes"": 67108864, ""mram_wram_transfer_model"": ""aligned_scalar_read_windows_and_aligned_output_tile_writes"", ""numeric_contract"": ""real_float32_or_split_real_imag_v2"", ""output_element_bytes"": 4, ""output_tile_elements"": 256, ""policy_id"": ""generic_single_dpu_split_complex_v2"", ""wram_budget_bytes"": 61440}",True,[],608,512,76,1048,76,1124,4944,608,4,0.0,0.016796875,4,512,1048,76,4944,4,4,4,0,800,786432,67108864,0.01171875,0.001953125,0.001953125,1032,61440,0.016796875,"{""dpu_to_host_payload_bytes"": 76, ""estimated_flops"": 608, ""feasibility"": true, ""host_completion_event_scope"": ""one_synchronous_dpu_launch_per_real_component"", ""host_completion_events"": 4, ""host_to_dpu_payload_bytes"": 1048, ""known_wram_static_bytes"": 1032, ""largest_tensor_bytes"": 512, ""memory_budget_scope"": ""configured_modeled_budget_not_measured_runtime_occupancy"", ""mram_capacity_bytes"": 67108864, ""mram_dma_window_bytes_model"": 4944, ""mram_dma_window_scope"": ""modeled_aligned_request_volume_not_physical_bus_bytes"", ""mram_max_region_payload_ratio"": 0.001953125, ""mram_payload_pressure_ratio"": 0.001953125, ""mram_payload_pressure_scope"": ""maximum_single_buffer_payload_divided_by_fixed_native_buffer_capacity"", ""mram_static_reservation_pressure_ratio"": 0.01171875, ""native_static_mram_reservation_bytes"": 786432, ""numeric_component_invocations"": 4, ""numeric_recombination_flops"": 0, ""numeric_representation_penalty"": 0.0, ""rejection_reasons"": [], ""task_mram_payload_bytes"": 800, ""tile_iterations"": 4, ""wram_budget_bytes"": 61440, ""wram_known_pressure_ratio"": 0.016796875}","{""dpu_to_host_payload_bytes"": 0.3133393054791856, ""estimated_flops"": 0.2983958755878676, ""host_completion_events"": 1.0, ""host_to_dpu_payload_bytes"": 0.47784755399292334, ""mram_dma_window_bytes_model"": 0.36093303013487504, ""mram_payload_pressure_ratio"": 0.0028150156070540383, ""numeric_representation_penalty"": 0.0, ""tile_iterations"": 0.23216011683126064, ""wram_known_pressure_ratio"": 0.02403150151674986}",0.4120442545874282,1,True,True,modeled,False
research_benchmark_pack_v1,thesis_planner_sensitivity_v2_planner_compare,planner_motif_balanced_tree_sensitivity_v2,planner,0,planner_motif,True,balanced_tree,7,6,3,2048,7,custom_upmem.greedy.v2.host_transfer_oriented,custom_upmem,native_target_projected_prefix_greedy,553e7e0a7a591e1b4a6de756bcf637b0e4cead923e8bbd9834300fa1e2db3026,"{""algorithm"": ""greedy"", ""engine"": ""custom_upmem"", ""execution_policy"": ""generic_single_dpu_split_complex_v2"", ""normalization"": ""fixed_log1p_generic_budgets_v2"", ""numeric_contract"": ""real_float32_or_split_real_imag_v2"", ""objective_version"": ""upmem_path_cost_v2"", ""selection_scope"": ""projected_prefix"", ""weight_profile"": ""host_transfer_oriented""}",projected_prefix,greedy,upmem_path_cost_v2,generic_single_dpu_split_complex_v2,,,2b4f03908eba10bc84ad781c65ec4a5626861695e60ad05817f62d93f1ddb650,dbb9b92c35500375805ea9b2491c9ae99824951e368ae85f56a212919075fc77,completed,,0.006303704001766164,6,86592,32768,4662,9572,14234,0,0,,6,1,2.0,4,4,upmem_pressure_v1,,,,upmem_path_cost_v2,host_transfer_oriented,"{""caps"": {""dpu_to_host_payload_bytes"": 1048576.0, ""estimated_flops"": 2147614720.0, ""host_completion_events"": 4.0, ""host_to_dpu_payload_bytes"": 2097152.0, ""mram_dma_window_bytes_model"": 17180917760.0, ""mram_payload_pressure_ratio"": 1.0, ""numeric_representation_penalty"": 3.0, ""tile_iterations"": 1024.0, ""wram_known_pressure_ratio"": 1.0}, ""normalization_id"": ""fixed_log1p_generic_budgets_v2"", ""transform"": ""log1p(value)/log1p(cap)""}","{""caps"": {""application_max_contracted_combinations"": 4096, ""application_max_rank"": 16, ""application_max_tensor_elements"": 65536, ""native_abi_max_tensor_elements"": 65536}, ""dpu_parallelism_model"": ""single_dpu_serial_tasks"", ""host_completion_model"": ""one_synchronous_dpu_launch_per_real_component"", ""host_dpu_transfer_model"": ""per_real_component_operand_upload_and_output_download_no_reuse"", ""input_element_bytes"": 4, ""memory_budget_source"": ""configured_generic_dpu_policy_v2"", ""mram_capacity_bytes"": 67108864, ""mram_wram_transfer_model"": ""aligned_scalar_read_windows_and_aligned_output_tile_writes"", ""numeric_contract"": ""real_float32_or_split_real_imag_v2"", ""output_element_bytes"": 4, ""output_tile_elements"": 256, ""policy_id"": ""generic_single_dpu_split_complex_v2"", ""wram_budget_bytes"": 61440}",True,[],21648,8192,9572,18648,9572,28220,182760,21648,6,0.0,0.016796875,13,8192,18648,9572,182760,13,6,6,0,16392,786432,67108864,0.01171875,0.03125,0.03125,1032,61440,0.016796875,"{""dpu_to_host_payload_bytes"": 9572, ""estimated_flops"": 21648, ""feasibility"": true, ""host_completion_event_scope"": ""one_synchronous_dpu_launch_per_real_component"", ""host_completion_events"": 6, ""host_to_dpu_payload_bytes"": 18648, ""known_wram_static_bytes"": 1032, ""largest_tensor_bytes"": 8192, ""memory_budget_scope"": ""configured_modeled_budget_not_measured_runtime_occupancy"", ""mram_capacity_bytes"": 67108864, ""mram_dma_window_bytes_model"": 182760, ""mram_dma_window_scope"": ""modeled_aligned_request_volume_not_physical_bus_bytes"", ""mram_max_region_payload_ratio"": 0.03125, ""mram_payload_pressure_ratio"": 0.03125, ""mram_payload_pressure_scope"": ""maximum_single_buffer_payload_divided_by_fixed_native_buffer_capacity"", ""mram_static_reservation_pressure_ratio"": 0.01171875, ""native_static_mram_reservation_bytes"": 786432, ""numeric_component_invocations"": 6, ""numeric_recombination_flops"": 0, ""numeric_representation_penalty"": 0.0, ""rejection_reasons"": [], ""task_mram_payload_bytes"": 16392, ""tile_iterations"": 13, ""wram_budget_bytes"": 61440, ""wram_known_pressure_ratio"": 0.016796875}","{""dpu_to_host_payload_bytes"": 0.6612377242114784, ""estimated_flops"": 0.4645797373577791, ""host_completion_events"": 1.2090619551221675, ""host_to_dpu_payload_bytes"": 0.6755623898530286, ""mram_dma_window_bytes_model"": 0.514104513170926, ""mram_payload_pressure_ratio"": 0.044394119358453436, ""numeric_representation_penalty"": 0.0, ""tile_iterations"": 0.380681884796199, ""wram_known_pressure_ratio"": 0.02403150151674986}",0.6698325235964085,1,True,True,modeled,False
research_benchmark_pack_v1,thesis_planner_sensitivity_v2_planner_compare,planner_motif_star_sensitivity_v2,planner,0,planner_motif,True,star,5,4,4,1024,5,custom_upmem.greedy.v2.host_transfer_oriented,custom_upmem,native_target_projected_prefix_greedy,553e7e0a7a591e1b4a6de756bcf637b0e4cead923e8bbd9834300fa1e2db3026,"{""algorithm"": ""greedy"", ""engine"": ""custom_upmem"", ""execution_policy"": ""generic_single_dpu_split_complex_v2"", ""normalization"": ""fixed_log1p_generic_budgets_v2"", ""numeric_contract"": ""real_float32_or_split_real_imag_v2"", ""objective_version"": ""upmem_path_cost_v2"", ""selection_scope"": ""projected_prefix"", ""weight_profile"": ""host_transfer_oriented""}",projected_prefix,greedy,upmem_path_cost_v2,generic_single_dpu_split_complex_v2,,,11362f55975987762aee5a5242fc40e3a01cecdc99297dc65bdcbc517f6c5312,b70c1dc91b836092d88d18d9e0cf7bd642e28bc6b828000628d4b0b6dc81502b,completed,,0.00176140500116162,4,16960,16384,2150,4388,6538,0,0,,4,1,2.0,3,3,upmem_pressure_v1,,,,upmem_path_cost_v2,host_transfer_oriented,"{""caps"": {""dpu_to_host_payload_bytes"": 1048576.0, ""estimated_flops"": 2147614720.0, ""host_completion_events"": 4.0, ""host_to_dpu_payload_bytes"": 2097152.0, ""mram_dma_window_bytes_model"": 17180917760.0, ""mram_payload_pressure_ratio"": 1.0, ""numeric_representation_penalty"": 3.0, ""tile_iterations"": 1024.0, ""wram_known_pressure_ratio"": 1.0}, ""normalization_id"": ""fixed_log1p_generic_budgets_v2"", ""transform"": ""log1p(value)/log1p(cap)""}","{""caps"": {""application_max_contracted_combinations"": 4096, ""application_max_rank"": 16, ""application_max_tensor_elements"": 65536, ""native_abi_max_tensor_elements"": 65536}, ""dpu_parallelism_model"": ""single_dpu_serial_tasks"", ""host_completion_model"": ""one_synchronous_dpu_launch_per_real_component"", ""host_dpu_transfer_model"": ""per_real_component_operand_upload_and_output_download_no_reuse"", ""input_element_bytes"": 4, ""memory_budget_source"": ""configured_generic_dpu_policy_v2"", ""mram_capacity_bytes"": 67108864, ""mram_wram_transfer_model"": ""aligned_scalar_read_windows_and_aligned_output_tile_writes"", ""numeric_contract"": ""real_float32_or_split_real_imag_v2"", ""output_element_bytes"": 4, ""output_tile_elements"": 256, ""policy_id"": ""generic_single_dpu_split_complex_v2"", ""wram_budget_bytes"": 61440}",True,[],4240,4096,4388,8600,4388,12988,38312,4240,4,0.0,0.016796875,7,4096,8600,4388,38312,7,4,4,0,8200,786432,67108864,0.01171875,0.015625,0.015625,1032,61440,0.016796875,"{""dpu_to_host_payload_bytes"": 4388, ""estimated_flops"": 4240, ""feasibility"": true, ""host_completion_event_scope"": ""one_synchronous_dpu_launch_per_real_component"", ""host_completion_events"": 4, ""host_to_dpu_payload_bytes"": 8600, ""known_wram_static_bytes"": 1032, ""largest_tensor_bytes"": 4096, ""memory_budget_scope"": ""configured_modeled_budget_not_measured_runtime_occupancy"", ""mram_capacity_bytes"": 67108864, ""mram_dma_window_bytes_model"": 38312, ""mram_dma_window_scope"": ""modeled_aligned_request_volume_not_physical_bus_bytes"", ""mram_max_region_payload_ratio"": 0.015625, ""mram_payload_pressure_ratio"": 0.015625, ""mram_payload_pressure_scope"": ""maximum_single_buffer_payload_divided_by_fixed_native_buffer_capacity"", ""mram_static_reservation_pressure_ratio"": 0.01171875, ""native_static_mram_reservation_bytes"": 786432, ""numeric_component_invocations"": 4, ""numeric_recombination_flops"": 0, ""numeric_representation_penalty"": 0.0, ""rejection_reasons"": [], ""task_mram_payload_bytes"": 8200, ""tile_iterations"": 7, ""wram_budget_bytes"": 61440, ""wram_known_pressure_ratio"": 0.016796875}","{""dpu_to_host_payload_bytes"": 0.6049837861243158, ""estimated_flops"": 0.38871466258273046, ""host_completion_events"": 1.0, ""host_to_dpu_payload_bytes"": 0.6223946791332111, ""mram_dma_window_bytes_model"": 0.44780902780921433, ""mram_payload_pressure_ratio"": 0.02236781302845451, ""numeric_representation_penalty"": 0.0, ""tile_iterations"": 0.29995776011641245, ""wram_known_pressure_ratio"": 0.02403150151674986}",0.615430321929653,1,True,True,modeled,False
research_benchmark_pack_v1,thesis_planner_sensitivity_v2_planner_compare,planner_motif_cycle_sensitivity_v2,planner,0,planner_motif,True,cycle,4,4,2,128,4,custom_upmem.greedy.v2.host_transfer_oriented,custom_upmem,native_target_projected_prefix_greedy,553e7e0a7a591e1b4a6de756bcf637b0e4cead923e8bbd9834300fa1e2db3026,"{""algorithm"": ""greedy"", ""engine"": ""custom_upmem"", ""execution_policy"": ""generic_single_dpu_split_complex_v2"", ""normalization"": ""fixed_log1p_generic_budgets_v2"", ""numeric_contract"": ""real_float32_or_split_real_imag_v2"", ""objective_version"": ""upmem_path_cost_v2"", ""selection_scope"": ""projected_prefix"", ""weight_profile"": ""host_transfer_oriented""}",projected_prefix,greedy,upmem_path_cost_v2,generic_single_dpu_split_complex_v2,,,b8f3c17ea2ac0316fe31114396a1aeb00f92860722e673fee8ca2e0d8521a363,4f3bbb0466a245494e4549f3e795695e6a5d1b4eb7f365b7558d53bed75706fb,completed,,0.0009080889976758044,3,3136,128,304,68,372,0,0,,3,1,0.0,1,1,upmem_pressure_v1,,,,upmem_path_cost_v2,host_transfer_oriented,"{""caps"": {""dpu_to_host_payload_bytes"": 1048576.0, ""estimated_flops"": 2147614720.0, ""host_completion_events"": 4.0, ""host_to_dpu_payload_bytes"": 2097152.0, ""mram_dma_window_bytes_model"": 17180917760.0, ""mram_payload_pressure_ratio"": 1.0, ""numeric_representation_penalty"": 3.0, ""tile_iterations"": 1024.0, ""wram_known_pressure_ratio"": 1.0}, ""normalization_id"": ""fixed_log1p_generic_budgets_v2"", ""transform"": ""log1p(value)/log1p(cap)""}","{""caps"": {""application_max_contracted_combinations"": 4096, ""application_max_rank"": 16, ""application_max_tensor_elements"": 65536, ""native_abi_max_tensor_elements"": 65536}, ""dpu_parallelism_model"": ""single_dpu_serial_tasks"", ""host_completion_model"": ""one_synchronous_dpu_launch_per_real_component"", ""host_dpu_transfer_model"": ""per_real_component_operand_upload_and_output_download_no_reuse"", ""input_element_bytes"": 4, ""memory_budget_source"": ""configured_generic_dpu_policy_v2"", ""mram_capacity_bytes"": 67108864, ""mram_wram_transfer_model"": ""aligned_scalar_read_windows_and_aligned_output_tile_writes"", ""numeric_contract"": ""real_float32_or_split_real_imag_v2"", ""output_element_bytes"": 4, ""output_tile_elements"": 256, ""policy_id"": ""generic_single_dpu_split_complex_v2"", ""wram_budget_bytes"": 61440}",True,[],784,512,68,1216,68,1284,6344,784,3,0.0,0.016796875,3,512,1216,68,6344,3,3,3,0,800,786432,67108864,0.01171875,0.001953125,0.001953125,1032,61440,0.016796875,"{""dpu_to_host_payload_bytes"": 68, ""estimated_flops"": 784, ""feasibility"": true, ""host_completion_event_scope"": ""one_synchronous_dpu_launch_per_real_component"", ""host_completion_events"": 3, ""host_to_dpu_payload_bytes"": 1216, ""known_wram_static_bytes"": 1032, ""largest_tensor_bytes"": 512, ""memory_budget_scope"": ""configured_modeled_budget_not_measured_runtime_occupancy"", ""mram_capacity_bytes"": 67108864, ""mram_dma_window_bytes_model"": 6344, ""mram_dma_window_scope"": ""modeled_aligned_request_volume_not_physical_bus_bytes"", ""mram_max_region_payload_ratio"": 0.001953125, ""mram_payload_pressure_ratio"": 0.001953125, ""mram_payload_pressure_scope"": ""maximum_single_buffer_payload_divided_by_fixed_native_buffer_capacity"", ""mram_static_reservation_pressure_ratio"": 0.01171875, ""native_static_mram_reservation_bytes"": 786432, ""numeric_component_invocations"": 3, ""numeric_recombination_flops"": 0, ""numeric_representation_penalty"": 0.0, ""rejection_reasons"": [], ""task_mram_payload_bytes"": 800, ""tile_iterations"": 3, ""wram_budget_bytes"": 61440, ""wram_known_pressure_ratio"": 0.016796875}","{""dpu_to_host_payload_bytes"": 0.30542620182771535, ""estimated_flops"": 0.3102103718965647, ""host_completion_events"": 0.8613531161467861, ""host_to_dpu_payload_bytes"": 0.4880530055698671, ""mram_dma_window_bytes_model"": 0.37151093341931674, ""mram_payload_pressure_ratio"": 0.0028150156070540383, ""numeric_representation_penalty"": 0.0, ""tile_iterations"": 0.1999718400776083, ""wram_known_pressure_ratio"": 0.02403150151674986}",0.4150022840730064,1,False,True,modeled,False
research_benchmark_pack_v1,thesis_planner_sensitivity_v2_planner_compare,planner_motif_grid_sensitivity_v2,planner,0,planner_motif,True,grid,6,7,3,512,6,custom_upmem.greedy.v2.host_transfer_oriented,custom_upmem,native_target_projected_prefix_greedy,553e7e0a7a591e1b4a6de756bcf637b0e4cead923e8bbd9834300fa1e2db3026,"{""algorithm"": ""greedy"", ""engine"": ""custom_upmem"", ""execution_policy"": ""generic_single_dpu_split_complex_v2"", ""normalization"": ""fixed_log1p_generic_budgets_v2"", ""numeric_contract"": ""real_float32_or_split_real_imag_v2"", ""objective_version"": ""upmem_path_cost_v2"", ""selection_scope"": ""projected_prefix"", ""weight_profile"": ""host_transfer_oriented""}",projected_prefix,greedy,upmem_path_cost_v2,generic_single_dpu_split_complex_v2,,,eac901b24c14b48848637e1eb14db7b0965438cc2fac3819c4335756b7b720c3,8bb8f8b2f266b251fa64911a084879226b000480fdb597bc4e4d1741643fbbf3,completed,,0.003351990999362897,5,33536,4096,1552,1540,3092,0,0,,5,1,2.0,4,6,upmem_pressure_v1,,,,upmem_path_cost_v2,host_transfer_oriented,"{""caps"": {""dpu_to_host_payload_bytes"": 1048576.0, ""estimated_flops"": 2147614720.0, ""host_completion_events"": 4.0, ""host_to_dpu_payload_bytes"": 2097152.0, ""mram_dma_window_bytes_model"": 17180917760.0, ""mram_payload_pressure_ratio"": 1.0, ""numeric_representation_penalty"": 3.0, ""tile_iterations"": 1024.0, ""wram_known_pressure_ratio"": 1.0}, ""normalization_id"": ""fixed_log1p_generic_budgets_v2"", ""transform"": ""log1p(value)/log1p(cap)""}","{""caps"": {""application_max_contracted_combinations"": 4096, ""application_max_rank"": 16, ""application_max_tensor_elements"": 65536, ""native_abi_max_tensor_elements"": 65536}, ""dpu_parallelism_model"": ""single_dpu_serial_tasks"", ""host_completion_model"": ""one_synchronous_dpu_launch_per_real_component"", ""host_dpu_transfer_model"": ""per_real_component_operand_upload_and_output_download_no_reuse"", ""input_element_bytes"": 4, ""memory_budget_source"": ""configured_generic_dpu_policy_v2"", ""mram_capacity_bytes"": 67108864, ""mram_wram_transfer_model"": ""aligned_scalar_read_windows_and_aligned_output_tile_writes"", ""numeric_contract"": ""real_float32_or_split_real_imag_v2"", ""output_element_bytes"": 4, ""output_tile_elements"": 256, ""policy_id"": ""generic_single_dpu_split_complex_v2"", ""wram_budget_bytes"": 61440}",True,[],8384,2048,1540,6208,1540,7748,68616,8384,5,0.0,0.016796875,5,2048,6208,1540,68616,5,5,5,0,3200,786432,67108864,0.01171875,0.0078125,0.0078125,1032,61440,0.016796875,"{""dpu_to_host_payload_bytes"": 1540, ""estimated_flops"": 8384, ""feasibility"": true, ""host_completion_event_scope"": ""one_synchronous_dpu_launch_per_real_component"", ""host_completion_events"": 5, ""host_to_dpu_payload_bytes"": 6208, ""known_wram_static_bytes"": 1032, ""largest_tensor_bytes"": 2048, ""memory_budget_scope"": ""configured_modeled_budget_not_measured_runtime_occupancy"", ""mram_capacity_bytes"": 67108864, ""mram_dma_window_bytes_model"": 68616, ""mram_dma_window_scope"": ""modeled_aligned_request_volume_not_physical_bus_bytes"", ""mram_max_region_payload_ratio"": 0.0078125, ""mram_payload_pressure_ratio"": 0.0078125, ""mram_payload_pressure_scope"": ""maximum_single_buffer_payload_divided_by_fixed_native_buffer_capacity"", ""mram_static_reservation_pressure_ratio"": 0.01171875, ""native_static_mram_reservation_bytes"": 786432, ""numeric_component_invocations"": 5, ""numeric_recombination_flops"": 0, ""numeric_representation_penalty"": 0.0, ""rejection_reasons"": [], ""task_mram_payload_bytes"": 3200, ""tile_iterations"": 5, ""wram_budget_bytes"": 61440, ""wram_known_pressure_ratio"": 0.016796875}","{""dpu_to_host_payload_bytes"": 0.5294825209010336, ""estimated_flops"": 0.42043735637543, ""host_completion_events"": 1.1132827525593785, ""host_to_dpu_payload_bytes"": 0.6000068954093172, ""mram_dma_window_bytes_model"": 0.47253637714173685, ""mram_payload_pressure_ratio"": 0.011227255423254121, ""numeric_representation_penalty"": 0.0, ""tile_iterations"": 0.2584598539004127, ""wram_known_pressure_ratio"": 0.02403150151674986}",0.5717971456060038,1,True,True,modeled,False
research_benchmark_pack_v1,thesis_planner_sensitivity_v2_planner_compare,planner_motif_flop_memory_tradeoff_sensitivity_v2,planner,0,planner_motif,True,flop_memory_tradeoff,6,6,3,4096,6,custom_upmem.greedy.v2.host_transfer_oriented,custom_upmem,native_target_projected_prefix_greedy,553e7e0a7a591e1b4a6de756bcf637b0e4cead923e8bbd9834300fa1e2db3026,"{""algorithm"": ""greedy"", ""engine"": ""custom_upmem"", ""execution_policy"": ""generic_single_dpu_split_complex_v2"", ""normalization"": ""fixed_log1p_generic_budgets_v2"", ""numeric_contract"": ""real_float32_or_split_real_imag_v2"", ""objective_version"": ""upmem_path_cost_v2"", ""selection_scope"": ""projected_prefix"", ""weight_profile"": ""host_transfer_oriented""}",projected_prefix,greedy,upmem_path_cost_v2,generic_single_dpu_split_complex_v2,,,4f44329ad237cde596385018eb010e161cf9667bd6e9b8e4bca497477bee7ad4,7c1ffab51ab92ea21455fa2c5664ebef66317aa0e79226359953309096f3cf93,completed,,0.0031813429995963816,5,104704,65536,8770,17092,25862,0,0,,5,1,2.0,4,4,upmem_pressure_v1,,,,upmem_path_cost_v2,host_transfer_oriented,"{""caps"": {""dpu_to_host_payload_bytes"": 1048576.0, ""estimated_flops"": 2147614720.0, ""host_completion_events"": 4.0, ""host_to_dpu_payload_bytes"": 2097152.0, ""mram_dma_window_bytes_model"": 17180917760.0, ""mram_payload_pressure_ratio"": 1.0, ""numeric_representation_penalty"": 3.0, ""tile_iterations"": 1024.0, ""wram_known_pressure_ratio"": 1.0}, ""normalization_id"": ""fixed_log1p_generic_budgets_v2"", ""transform"": ""log1p(value)/log1p(cap)""}","{""caps"": {""application_max_contracted_combinations"": 4096, ""application_max_rank"": 16, ""application_max_tensor_elements"": 65536, ""native_abi_max_tensor_elements"": 65536}, ""dpu_parallelism_model"": ""single_dpu_serial_tasks"", ""host_completion_model"": ""one_synchronous_dpu_launch_per_real_component"", ""host_dpu_transfer_model"": ""per_real_component_operand_upload_and_output_download_no_reuse"", ""input_element_bytes"": 4, ""memory_budget_source"": ""configured_generic_dpu_policy_v2"", ""mram_capacity_bytes"": 67108864, ""mram_wram_transfer_model"": ""aligned_scalar_read_windows_and_aligned_output_tile_writes"", ""numeric_contract"": ""real_float32_or_split_real_imag_v2"", ""output_element_bytes"": 4, ""output_tile_elements"": 256, ""policy_id"": ""generic_single_dpu_split_complex_v2"", ""wram_budget_bytes"": 61440}",True,[],26176,16384,17092,35080,17092,52172,226504,26176,5,0.0,0.016796875,20,16384,35080,17092,226504,20,5,5,0,32776,786432,67108864,0.01171875,0.0625,0.0625,1032,61440,0.016796875,"{""dpu_to_host_payload_bytes"": 17092, ""estimated_flops"": 26176, ""feasibility"": true, ""host_completion_event_scope"": ""one_synchronous_dpu_launch_per_real_component"", ""host_completion_events"": 5, ""host_to_dpu_payload_bytes"": 35080, ""known_wram_static_bytes"": 1032, ""largest_tensor_bytes"": 16384, ""memory_budget_scope"": ""configured_modeled_budget_not_measured_runtime_occupancy"", ""mram_capacity_bytes"": 67108864, ""mram_dma_window_bytes_model"": 226504, ""mram_dma_window_scope"": ""modeled_aligned_request_volume_not_physical_bus_bytes"", ""mram_max_region_payload_ratio"": 0.0625, ""mram_payload_pressure_ratio"": 0.0625, ""mram_payload_pressure_scope"": ""maximum_single_buffer_payload_divided_by_fixed_native_buffer_capacity"", ""mram_static_reservation_pressure_ratio"": 0.01171875, ""native_static_mram_reservation_bytes"": 786432, ""numeric_component_invocations"": 5, ""numeric_recombination_flops"": 0, ""numeric_representation_penalty"": 0.0, ""rejection_reasons"": [], ""task_mram_payload_bytes"": 32776, ""tile_iterations"": 20, ""wram_budget_bytes"": 61440, ""wram_known_pressure_ratio"": 0.016796875}","{""dpu_to_host_payload_bytes"": 0.7030558519762586, ""estimated_flops"": 0.473418401971407, ""host_completion_events"": 1.1132827525593785, ""host_to_dpu_payload_bytes"": 0.7189715122857095, ""mram_dma_window_bytes_model"": 0.5232099206464866, ""mram_payload_pressure_ratio"": 0.0874628412503394, ""numeric_representation_penalty"": 0.0, ""tile_iterations"": 0.43916989861900346, ""wram_known_pressure_ratio"": 0.02403150151674986}",0.7126052481619292,1,True,True,modeled,False
research_benchmark_pack_v1,thesis_planner_sensitivity_v2_planner_compare,planner_motif_chain_sensitivity_v2,planner,0,planner_motif,True,chain,5,4,2,128,5,custom_upmem.greedy.v2.local_movement_oriented,custom_upmem,native_target_projected_prefix_greedy,40c5f2dba78149fbd966780eb0ed1346b1fe5e783f8d424be5a584f437038a34,"{""algorithm"": ""greedy"", ""engine"": ""custom_upmem"", ""execution_policy"": ""generic_single_dpu_split_complex_v2"", ""normalization"": ""fixed_log1p_generic_budgets_v2"", ""numeric_contract"": ""real_float32_or_split_real_imag_v2"", ""objective_version"": ""upmem_path_cost_v2"", ""selection_scope"": ""projected_prefix"", ""weight_profile"": ""local_movement_oriented""}",projected_prefix,greedy,upmem_path_cost_v2,generic_single_dpu_split_complex_v2,,,2f0be5e8eb171cac2c40389d7a72afa4ea72a18a86dfbb4e0ccf4e98ba7b0f7d,b8b1619150e20a8f0e1ff87c959bf1a4eba4825feca78f9d36872f28beefba4e,completed,,0.0017963509999390226,4,2432,128,262,76,338,0,0,,4,1,1.0,2,2,upmem_pressure_v1,,,,upmem_path_cost_v2,local_movement_oriented,"{""caps"": {""dpu_to_host_payload_bytes"": 1048576.0, ""estimated_flops"": 2147614720.0, ""host_completion_events"": 4.0, ""host_to_dpu_payload_bytes"": 2097152.0, ""mram_dma_window_bytes_model"": 17180917760.0, ""mram_payload_pressure_ratio"": 1.0, ""numeric_representation_penalty"": 3.0, ""tile_iterations"": 1024.0, ""wram_known_pressure_ratio"": 1.0}, ""normalization_id"": ""fixed_log1p_generic_budgets_v2"", ""transform"": ""log1p(value)/log1p(cap)""}","{""caps"": {""application_max_contracted_combinations"": 4096, ""application_max_rank"": 16, ""application_max_tensor_elements"": 65536, ""native_abi_max_tensor_elements"": 65536}, ""dpu_parallelism_model"": ""single_dpu_serial_tasks"", ""host_completion_model"": ""one_synchronous_dpu_launch_per_real_component"", ""host_dpu_transfer_model"": ""per_real_component_operand_upload_and_output_download_no_reuse"", ""input_element_bytes"": 4, ""memory_budget_source"": ""configured_generic_dpu_policy_v2"", ""mram_capacity_bytes"": 67108864, ""mram_wram_transfer_model"": ""aligned_scalar_read_windows_and_aligned_output_tile_writes"", ""numeric_contract"": ""real_float32_or_split_real_imag_v2"", ""output_element_bytes"": 4, ""output_tile_elements"": 256, ""policy_id"": ""generic_single_dpu_split_complex_v2"", ""wram_budget_bytes"": 61440}",True,[],608,512,76,1048,76,1124,4944,608,4,0.0,0.016796875,4,512,1048,76,4944,4,4,4,0,800,786432,67108864,0.01171875,0.001953125,0.001953125,1032,61440,0.016796875,"{""dpu_to_host_payload_bytes"": 76, ""estimated_flops"": 608, ""feasibility"": true, ""host_completion_event_scope"": ""one_synchronous_dpu_launch_per_real_component"", ""host_completion_events"": 4, ""host_to_dpu_payload_bytes"": 1048, ""known_wram_static_bytes"": 1032, ""largest_tensor_bytes"": 512, ""memory_budget_scope"": ""configured_modeled_budget_not_measured_runtime_occupancy"", ""mram_capacity_bytes"": 67108864, ""mram_dma_window_bytes_model"": 4944, ""mram_dma_window_scope"": ""modeled_aligned_request_volume_not_physical_bus_bytes"", ""mram_max_region_payload_ratio"": 0.001953125, ""mram_payload_pressure_ratio"": 0.001953125, ""mram_payload_pressure_scope"": ""maximum_single_buffer_payload_divided_by_fixed_native_buffer_capacity"", ""mram_static_reservation_pressure_ratio"": 0.01171875, ""native_static_mram_reservation_bytes"": 786432, ""numeric_component_invocations"": 4, ""numeric_recombination_flops"": 0, ""numeric_representation_penalty"": 0.0, ""rejection_reasons"": [], ""task_mram_payload_bytes"": 800, ""tile_iterations"": 4, ""wram_budget_bytes"": 61440, ""wram_known_pressure_ratio"": 0.016796875}","{""dpu_to_host_payload_bytes"": 0.3133393054791856, ""estimated_flops"": 0.2983958755878676, ""host_completion_events"": 1.0, ""host_to_dpu_payload_bytes"": 0.47784755399292334, ""mram_dma_window_bytes_model"": 0.36093303013487504, ""mram_payload_pressure_ratio"": 0.0028150156070540383, ""numeric_representation_penalty"": 0.0, ""tile_iterations"": 0.23216011683126064, ""wram_known_pressure_ratio"": 0.02403150151674986}",0.33517844747415215,1,True,True,modeled,False
research_benchmark_pack_v1,thesis_planner_sensitivity_v2_planner_compare,planner_motif_balanced_tree_sensitivity_v2,planner,0,planner_motif,True,balanced_tree,7,6,3,2048,7,custom_upmem.greedy.v2.local_movement_oriented,custom_upmem,native_target_projected_prefix_greedy,40c5f2dba78149fbd966780eb0ed1346b1fe5e783f8d424be5a584f437038a34,"{""algorithm"": ""greedy"", ""engine"": ""custom_upmem"", ""execution_policy"": ""generic_single_dpu_split_complex_v2"", ""normalization"": ""fixed_log1p_generic_budgets_v2"", ""numeric_contract"": ""real_float32_or_split_real_imag_v2"", ""objective_version"": ""upmem_path_cost_v2"", ""selection_scope"": ""projected_prefix"", ""weight_profile"": ""local_movement_oriented""}",projected_prefix,greedy,upmem_path_cost_v2,generic_single_dpu_split_complex_v2,,,b131bd3463b88ffef8a38126b8a143983ba821b0540c955c9f211a4ce3f98181,1f5aecaa88a93eb225e4cfe1ccf355ae4ab78764e59f7f0d60d9d4f3d6e5abf2,completed,,0.004829786001209868,6,69440,4096,2686,1668,4354,0,0,,6,1,0.1821545807221725,3,3,upmem_pressure_v1,,,,upmem_path_cost_v2,local_movement_oriented,"{""caps"": {""dpu_to_host_payload_bytes"": 1048576.0, ""estimated_flops"": 2147614720.0, ""host_completion_events"": 4.0, ""host_to_dpu_payload_bytes"": 2097152.0, ""mram_dma_window_bytes_model"": 17180917760.0, ""mram_payload_pressure_ratio"": 1.0, ""numeric_representation_penalty"": 3.0, ""tile_iterations"": 1024.0, ""wram_known_pressure_ratio"": 1.0}, ""normalization_id"": ""fixed_log1p_generic_budgets_v2"", ""transform"": ""log1p(value)/log1p(cap)""}","{""caps"": {""application_max_contracted_combinations"": 4096, ""application_max_rank"": 16, ""application_max_tensor_elements"": 65536, ""native_abi_max_tensor_elements"": 65536}, ""dpu_parallelism_model"": ""single_dpu_serial_tasks"", ""host_completion_model"": ""one_synchronous_dpu_launch_per_real_component"", ""host_dpu_transfer_model"": ""per_real_component_operand_upload_and_output_download_no_reuse"", ""input_element_bytes"": 4, ""memory_budget_source"": ""configured_generic_dpu_policy_v2"", ""mram_capacity_bytes"": 67108864, ""mram_wram_transfer_model"": ""aligned_scalar_read_windows_and_aligned_output_tile_writes"", ""numeric_contract"": ""real_float32_or_split_real_imag_v2"", ""output_element_bytes"": 4, ""output_tile_elements"": 256, ""policy_id"": ""generic_single_dpu_split_complex_v2"", ""wram_budget_bytes"": 61440}",True,[],17360,8192,1668,10744,1668,12412,140552,17360,6,0.0,0.016796875,6,8192,10744,1668,140552,6,6,6,0,9728,786432,67108864,0.01171875,0.03125,0.03125,1032,61440,0.016796875,"{""dpu_to_host_payload_bytes"": 1668, ""estimated_flops"": 17360, ""feasibility"": true, ""host_completion_event_scope"": ""one_synchronous_dpu_launch_per_real_component"", ""host_completion_events"": 6, ""host_to_dpu_payload_bytes"": 10744, ""known_wram_static_bytes"": 1032, ""largest_tensor_bytes"": 8192, ""memory_budget_scope"": ""configured_modeled_budget_not_measured_runtime_occupancy"", ""mram_capacity_bytes"": 67108864, ""mram_dma_window_bytes_model"": 140552, ""mram_dma_window_scope"": ""modeled_aligned_request_volume_not_physical_bus_bytes"", ""mram_max_region_payload_ratio"": 0.03125, ""mram_payload_pressure_ratio"": 0.03125, ""mram_payload_pressure_scope"": ""maximum_single_buffer_payload_divided_by_fixed_native_buffer_capacity"", ""mram_static_reservation_pressure_ratio"": 0.01171875, ""native_static_mram_reservation_bytes"": 786432, ""numeric_component_invocations"": 6, ""numeric_recombination_flops"": 0, ""numeric_representation_penalty"": 0.0, ""rejection_reasons"": [], ""task_mram_payload_bytes"": 9728, ""tile_iterations"": 6, ""wram_budget_bytes"": 61440, ""wram_known_pressure_ratio"": 0.016796875}","{""dpu_to_host_payload_bytes"": 0.5352383751474616, ""estimated_flops"": 0.4543071750430788, ""host_completion_events"": 1.2090619551221675, ""host_to_dpu_payload_bytes"": 0.6376846392205939, ""mram_dma_window_bytes_model"": 0.5029620716079165, ""mram_payload_pressure_ratio"": 0.044394119358453436, ""numeric_representation_penalty"": 0.0, ""tile_iterations"": 0.28069596475739483, ""wram_known_pressure_ratio"": 0.02403150151674986}",0.4585088502378122,1,True,True,modeled,False
research_benchmark_pack_v1,thesis_planner_sensitivity_v2_planner_compare,planner_motif_star_sensitivity_v2,planner,0,planner_motif,True,star,5,4,4,1024,5,custom_upmem.greedy.v2.local_movement_oriented,custom_upmem,native_target_projected_prefix_greedy,40c5f2dba78149fbd966780eb0ed1346b1fe5e783f8d424be5a584f437038a34,"{""algorithm"": ""greedy"", ""engine"": ""custom_upmem"", ""execution_policy"": ""generic_single_dpu_split_complex_v2"", ""normalization"": ""fixed_log1p_generic_budgets_v2"", ""numeric_contract"": ""real_float32_or_split_real_imag_v2"", ""objective_version"": ""upmem_path_cost_v2"", ""selection_scope"": ""projected_prefix"", ""weight_profile"": ""local_movement_oriented""}",projected_prefix,greedy,upmem_path_cost_v2,generic_single_dpu_split_complex_v2,,,2cf1c727e1c7ed69e2d97932eee7c11fe560cc815a14c0d5bdce7ea58ca5b9e0,2feb794b3f522c4816d11dfd00286506bd81fb67acbd64c910b2cca75029674e,completed,,0.0017703619996609632,4,8896,1024,1142,356,1498,0,0,,4,1,0.0136986301369863,2,2,upmem_pressure_v1,,,,upmem_path_cost_v2,local_movement_oriented,"{""caps"": {""dpu_to_host_payload_bytes"": 1048576.0, ""estimated_flops"": 2147614720.0, ""host_completion_events"": 4.0, ""host_to_dpu_payload_bytes"": 2097152.0, ""mram_dma_window_bytes_model"": 17180917760.0, ""mram_payload_pressure_ratio"": 1.0, ""numeric_representation_penalty"": 3.0, ""tile_iterations"": 1024.0, ""wram_known_pressure_ratio"": 1.0}, ""normalization_id"": ""fixed_log1p_generic_budgets_v2"", ""transform"": ""log1p(value)/log1p(cap)""}","{""caps"": {""application_max_contracted_combinations"": 4096, ""application_max_rank"": 16, ""application_max_tensor_elements"": 65536, ""native_abi_max_tensor_elements"": 65536}, ""dpu_parallelism_model"": ""single_dpu_serial_tasks"", ""host_completion_model"": ""one_synchronous_dpu_launch_per_real_component"", ""host_dpu_transfer_model"": ""per_real_component_operand_upload_and_output_download_no_reuse"", ""input_element_bytes"": 4, ""memory_budget_source"": ""configured_generic_dpu_policy_v2"", ""mram_capacity_bytes"": 67108864, ""mram_wram_transfer_model"": ""aligned_scalar_read_windows_and_aligned_output_tile_writes"", ""numeric_contract"": ""real_float32_or_split_real_imag_v2"", ""output_element_bytes"": 4, ""output_tile_elements"": 256, ""policy_id"": ""generic_single_dpu_split_complex_v2"", ""wram_budget_bytes"": 61440}",True,[],2224,4096,356,4568,356,4924,18152,2224,4,0.0,0.016796875,4,4096,4568,356,18152,4,4,4,0,4416,786432,67108864,0.01171875,0.015625,0.015625,1032,61440,0.016796875,"{""dpu_to_host_payload_bytes"": 356, ""estimated_flops"": 2224, ""feasibility"": true, ""host_completion_event_scope"": ""one_synchronous_dpu_launch_per_real_component"", ""host_completion_events"": 4, ""host_to_dpu_payload_bytes"": 4568, ""known_wram_static_bytes"": 1032, ""largest_tensor_bytes"": 4096, ""memory_budget_scope"": ""configured_modeled_budget_not_measured_runtime_occupancy"", ""mram_capacity_bytes"": 67108864, ""mram_dma_window_bytes_model"": 18152, ""mram_dma_window_scope"": ""modeled_aligned_request_volume_not_physical_bus_bytes"", ""mram_max_region_payload_ratio"": 0.015625, ""mram_payload_pressure_ratio"": 0.015625, ""mram_payload_pressure_scope"": ""maximum_single_buffer_payload_divided_by_fixed_native_buffer_capacity"", ""mram_static_reservation_pressure_ratio"": 0.01171875, ""native_static_mram_reservation_bytes"": 786432, ""numeric_component_invocations"": 4, ""numeric_recombination_flops"": 0, ""numeric_representation_penalty"": 0.0, ""rejection_reasons"": [], ""task_mram_payload_bytes"": 4416, ""tile_iterations"": 4, ""wram_budget_bytes"": 61440, ""wram_known_pressure_ratio"": 0.016796875}","{""dpu_to_host_payload_bytes"": 0.4239889840339691, ""estimated_flops"": 0.358695420532152, ""host_completion_events"": 1.0, ""host_to_dpu_payload_bytes"": 0.5789363013781212, ""mram_dma_window_bytes_model"": 0.4161142273573943, ""mram_payload_pressure_ratio"": 0.02236781302845451, ""numeric_representation_penalty"": 0.0, ""tile_iterations"": 0.23216011683126064, ""wram_known_pressure_ratio"": 0.02403150151674986}",0.37932340525216757,1,True,True,modeled,False
research_benchmark_pack_v1,thesis_planner_sensitivity_v2_planner_compare,planner_motif_cycle_sensitivity_v2,planner,0,planner_motif,True,cycle,4,4,2,128,4,custom_upmem.greedy.v2.local_movement_oriented,custom_upmem,native_target_projected_prefix_greedy,40c5f2dba78149fbd966780eb0ed1346b1fe5e783f8d424be5a584f437038a34,"{""algorithm"": ""greedy"", ""engine"": ""custom_upmem"", ""execution_policy"": ""generic_single_dpu_split_complex_v2"", ""normalization"": ""fixed_log1p_generic_budgets_v2"", ""numeric_contract"": ""real_float32_or_split_real_imag_v2"", ""objective_version"": ""upmem_path_cost_v2"", ""selection_scope"": ""projected_prefix"", ""weight_profile"": ""local_movement_oriented""}",projected_prefix,greedy,upmem_path_cost_v2,generic_single_dpu_split_complex_v2,,,4ac595b2b7b1468465847a74176b2066f21b032033f9dbf19ad84cd13bd18f53,4f3bbb0466a245494e4549f3e795695e6a5d1b4eb7f365b7558d53bed75706fb,completed,,0.0009159239998552948,3,3136,128,304,68,372,0,0,,3,1,0.0,1,1,upmem_pressure_v1,,,,upmem_path_cost_v2,local_movement_oriented,"{""caps"": {""dpu_to_host_payload_bytes"": 1048576.0, ""estimated_flops"": 2147614720.0, ""host_completion_events"": 4.0, ""host_to_dpu_payload_bytes"": 2097152.0, ""mram_dma_window_bytes_model"": 17180917760.0, ""mram_payload_pressure_ratio"": 1.0, ""numeric_representation_penalty"": 3.0, ""tile_iterations"": 1024.0, ""wram_known_pressure_ratio"": 1.0}, ""normalization_id"": ""fixed_log1p_generic_budgets_v2"", ""transform"": ""log1p(value)/log1p(cap)""}","{""caps"": {""application_max_contracted_combinations"": 4096, ""application_max_rank"": 16, ""application_max_tensor_elements"": 65536, ""native_abi_max_tensor_elements"": 65536}, ""dpu_parallelism_model"": ""single_dpu_serial_tasks"", ""host_completion_model"": ""one_synchronous_dpu_launch_per_real_component"", ""host_dpu_transfer_model"": ""per_real_component_operand_upload_and_output_download_no_reuse"", ""input_element_bytes"": 4, ""memory_budget_source"": ""configured_generic_dpu_policy_v2"", ""mram_capacity_bytes"": 67108864, ""mram_wram_transfer_model"": ""aligned_scalar_read_windows_and_aligned_output_tile_writes"", ""numeric_contract"": ""real_float32_or_split_real_imag_v2"", ""output_element_bytes"": 4, ""output_tile_elements"": 256, ""policy_id"": ""generic_single_dpu_split_complex_v2"", ""wram_budget_bytes"": 61440}",True,[],784,512,68,1216,68,1284,6344,784,3,0.0,0.016796875,3,512,1216,68,6344,3,3,3,0,800,786432,67108864,0.01171875,0.001953125,0.001953125,1032,61440,0.016796875,"{""dpu_to_host_payload_bytes"": 68, ""estimated_flops"": 784, ""feasibility"": true, ""host_completion_event_scope"": ""one_synchronous_dpu_launch_per_real_component"", ""host_completion_events"": 3, ""host_to_dpu_payload_bytes"": 1216, ""known_wram_static_bytes"": 1032, ""largest_tensor_bytes"": 512, ""memory_budget_scope"": ""configured_modeled_budget_not_measured_runtime_occupancy"", ""mram_capacity_bytes"": 67108864, ""mram_dma_window_bytes_model"": 6344, ""mram_dma_window_scope"": ""modeled_aligned_request_volume_not_physical_bus_bytes"", ""mram_max_region_payload_ratio"": 0.001953125, ""mram_payload_pressure_ratio"": 0.001953125, ""mram_payload_pressure_scope"": ""maximum_single_buffer_payload_divided_by_fixed_native_buffer_capacity"", ""mram_static_reservation_pressure_ratio"": 0.01171875, ""native_static_mram_reservation_bytes"": 786432, ""numeric_component_invocations"": 3, ""numeric_recombination_flops"": 0, ""numeric_representation_penalty"": 0.0, ""rejection_reasons"": [], ""task_mram_payload_bytes"": 800, ""tile_iterations"": 3, ""wram_budget_bytes"": 61440, ""wram_known_pressure_ratio"": 0.016796875}","{""dpu_to_host_payload_bytes"": 0.30542620182771535, ""estimated_flops"": 0.3102103718965647, ""host_completion_events"": 0.8613531161467861, ""host_to_dpu_payload_bytes"": 0.4880530055698671, ""mram_dma_window_bytes_model"": 0.37151093341931674, ""mram_payload_pressure_ratio"": 0.0028150156070540383, ""numeric_representation_penalty"": 0.0, ""tile_iterations"": 0.1999718400776083, ""wram_known_pressure_ratio"": 0.02403150151674986}",0.33720311475097503,1,False,True,modeled,False
research_benchmark_pack_v1,thesis_planner_sensitivity_v2_planner_compare,planner_motif_grid_sensitivity_v2,planner,0,planner_motif,True,grid,6,7,3,512,6,custom_upmem.greedy.v2.local_movement_oriented,custom_upmem,native_target_projected_prefix_greedy,40c5f2dba78149fbd966780eb0ed1346b1fe5e783f8d424be5a584f437038a34,"{""algorithm"": ""greedy"", ""engine"": ""custom_upmem"", ""execution_policy"": ""generic_single_dpu_split_complex_v2"", ""normalization"": ""fixed_log1p_generic_budgets_v2"", ""numeric_contract"": ""real_float32_or_split_real_imag_v2"", ""objective_version"": ""upmem_path_cost_v2"", ""selection_scope"": ""projected_prefix"", ""weight_profile"": ""local_movement_oriented""}",projected_prefix,greedy,upmem_path_cost_v2,generic_single_dpu_split_complex_v2,,,0270d31712cb354b31ba90045241f8e3f3312b9b9cbb654ac4c220334768eb44,ecd6b5796002bdcd2b28452ac46cffa46f353474c5983ec50256e4676f26a163,completed,,0.0032614619995001704,5,29696,2048,1456,1156,2612,0,0,,5,1,0.9047619047619047,3,5,upmem_pressure_v1,,,,upmem_path_cost_v2,local_movement_oriented,"{""caps"": {""dpu_to_host_payload_bytes"": 1048576.0, ""estimated_flops"": 2147614720.0, ""host_completion_events"": 4.0, ""host_to_dpu_payload_bytes"": 2097152.0, ""mram_dma_window_bytes_model"": 17180917760.0, ""mram_payload_pressure_ratio"": 1.0, ""numeric_representation_penalty"": 3.0, ""tile_iterations"": 1024.0, ""wram_known_pressure_ratio"": 1.0}, ""normalization_id"": ""fixed_log1p_generic_budgets_v2"", ""transform"": ""log1p(value)/log1p(cap)""}","{""caps"": {""application_max_contracted_combinations"": 4096, ""application_max_rank"": 16, ""application_max_tensor_elements"": 65536, ""native_abi_max_tensor_elements"": 65536}, ""dpu_parallelism_model"": ""single_dpu_serial_tasks"", ""host_completion_model"": ""one_synchronous_dpu_launch_per_real_component"", ""host_dpu_transfer_model"": ""per_real_component_operand_upload_and_output_download_no_reuse"", ""input_element_bytes"": 4, ""memory_budget_source"": ""configured_generic_dpu_policy_v2"", ""mram_capacity_bytes"": 67108864, ""mram_wram_transfer_model"": ""aligned_scalar_read_windows_and_aligned_output_tile_writes"", ""numeric_contract"": ""real_float32_or_split_real_imag_v2"", ""output_element_bytes"": 4, ""output_tile_elements"": 256, ""policy_id"": ""generic_single_dpu_split_complex_v2"", ""wram_budget_bytes"": 61440}",True,[],7424,2048,1156,5824,1156,6980,60552,7424,5,0.0,0.016796875,5,2048,5824,1156,60552,5,5,5,0,2816,786432,67108864,0.01171875,0.0078125,0.0078125,1032,61440,0.016796875,"{""dpu_to_host_payload_bytes"": 1156, ""estimated_flops"": 7424, ""feasibility"": true, ""host_completion_event_scope"": ""one_synchronous_dpu_launch_per_real_component"", ""host_completion_events"": 5, ""host_to_dpu_payload_bytes"": 5824, ""known_wram_static_bytes"": 1032, ""largest_tensor_bytes"": 2048, ""memory_budget_scope"": ""configured_modeled_budget_not_measured_runtime_occupancy"", ""mram_capacity_bytes"": 67108864, ""mram_dma_window_bytes_model"": 60552, ""mram_dma_window_scope"": ""modeled_aligned_request_volume_not_physical_bus_bytes"", ""mram_max_region_payload_ratio"": 0.0078125, ""mram_payload_pressure_ratio"": 0.0078125, ""mram_payload_pressure_scope"": ""maximum_single_buffer_payload_divided_by_fixed_native_buffer_capacity"", ""mram_static_reservation_pressure_ratio"": 0.01171875, ""native_static_mram_reservation_bytes"": 786432, ""numeric_component_invocations"": 5, ""numeric_recombination_flops"": 0, ""numeric_representation_penalty"": 0.0, ""rejection_reasons"": [], ""task_mram_payload_bytes"": 2816, ""tile_iterations"": 5, ""wram_budget_bytes"": 61440, ""wram_known_pressure_ratio"": 0.016796875}","{""dpu_to_host_payload_bytes"": 0.5088086224528889, ""estimated_flops"": 0.4147786705815145, ""host_completion_events"": 1.1132827525593785, ""host_to_dpu_payload_bytes"": 0.5956210440325314, ""mram_dma_window_bytes_model"": 0.4672314610681361, ""mram_payload_pressure_ratio"": 0.011227255423254121, ""numeric_representation_penalty"": 0.0, ""tile_iterations"": 0.2584598539004127, ""wram_known_pressure_ratio"": 0.02403150151674986}",0.42547713963459144,1,True,True,modeled,False
research_benchmark_pack_v1,thesis_planner_sensitivity_v2_planner_compare,planner_motif_flop_memory_tradeoff_sensitivity_v2,planner,0,planner_motif,True,flop_memory_tradeoff,6,6,3,4096,6,custom_upmem.greedy.v2.local_movement_oriented,custom_upmem,native_target_projected_prefix_greedy,40c5f2dba78149fbd966780eb0ed1346b1fe5e783f8d424be5a584f437038a34,"{""algorithm"": ""greedy"", ""engine"": ""custom_upmem"", ""execution_policy"": ""generic_single_dpu_split_complex_v2"", ""normalization"": ""fixed_log1p_generic_budgets_v2"", ""numeric_contract"": ""real_float32_or_split_real_imag_v2"", ""objective_version"": ""upmem_path_cost_v2"", ""selection_scope"": ""projected_prefix"", ""weight_profile"": ""local_movement_oriented""}",projected_prefix,greedy,upmem_path_cost_v2,generic_single_dpu_split_complex_v2,,,c218f2fb9f24b6c12d4655f89e841935067d2c9374ab4f1b91f4f6e698ba1eb0,87d2c5b75f2e57c32a68ebeb4e373cc33d86d8ffb5afdc15d13879bbf7f2c698,completed,,0.0031969320007192437,5,72960,2048,4802,1220,6022,0,0,,5,1,0.036425449247207385,3,3,upmem_pressure_v1,,,,upmem_path_cost_v2,local_movement_oriented,"{""caps"": {""dpu_to_host_payload_bytes"": 1048576.0, ""estimated_flops"": 2147614720.0, ""host_completion_events"": 4.0, ""host_to_dpu_payload_bytes"": 2097152.0, ""mram_dma_window_bytes_model"": 17180917760.0, ""mram_payload_pressure_ratio"": 1.0, ""numeric_representation_penalty"": 3.0, ""tile_iterations"": 1024.0, ""wram_known_pressure_ratio"": 1.0}, ""normalization_id"": ""fixed_log1p_generic_budgets_v2"", ""transform"": ""log1p(value)/log1p(cap)""}","{""caps"": {""application_max_contracted_combinations"": 4096, ""application_max_rank"": 16, ""application_max_tensor_elements"": 65536, ""native_abi_max_tensor_elements"": 65536}, ""dpu_parallelism_model"": ""single_dpu_serial_tasks"", ""host_completion_model"": ""one_synchronous_dpu_launch_per_real_component"", ""host_dpu_transfer_model"": ""per_real_component_operand_upload_and_output_download_no_reuse"", ""input_element_bytes"": 4, ""memory_budget_source"": ""configured_generic_dpu_policy_v2"", ""mram_capacity_bytes"": 67108864, ""mram_wram_transfer_model"": ""aligned_scalar_read_windows_and_aligned_output_tile_writes"", ""numeric_contract"": ""real_float32_or_split_real_imag_v2"", ""output_element_bytes"": 4, ""output_tile_elements"": 256, ""policy_id"": ""generic_single_dpu_split_complex_v2"", ""wram_budget_bytes"": 61440}",True,[],18240,16384,1220,19208,1220,20428,147144,18240,5,0.0,0.016796875,5,16384,19208,1220,147144,5,5,5,0,17408,786432,67108864,0.01171875,0.0625,0.0625,1032,61440,0.016796875,"{""dpu_to_host_payload_bytes"": 1220, ""estimated_flops"": 18240, ""feasibility"": true, ""host_completion_event_scope"": ""one_synchronous_dpu_launch_per_real_component"", ""host_completion_events"": 5, ""host_to_dpu_payload_bytes"": 19208, ""known_wram_static_bytes"": 1032, ""largest_tensor_bytes"": 16384, ""memory_budget_scope"": ""configured_modeled_budget_not_measured_runtime_occupancy"", ""mram_capacity_bytes"": 67108864, ""mram_dma_window_bytes_model"": 147144, ""mram_dma_window_scope"": ""modeled_aligned_request_volume_not_physical_bus_bytes"", ""mram_max_region_payload_ratio"": 0.0625, ""mram_payload_pressure_ratio"": 0.0625, ""mram_payload_pressure_scope"": ""maximum_single_buffer_payload_divided_by_fixed_native_buffer_capacity"", ""mram_static_reservation_pressure_ratio"": 0.01171875, ""native_static_mram_reservation_bytes"": 786432, ""numeric_component_invocations"": 5, ""numeric_recombination_flops"": 0, ""numeric_representation_penalty"": 0.0, ""rejection_reasons"": [], ""task_mram_payload_bytes"": 17408, ""tile_iterations"": 5, ""wram_budget_bytes"": 61440, ""wram_known_pressure_ratio"": 0.016796875}","{""dpu_to_host_payload_bytes"": 0.512692338979712, ""estimated_flops"": 0.4566082902009858, ""host_completion_events"": 1.1132827525593785, ""host_to_dpu_payload_bytes"": 0.6775949680575427, ""mram_dma_window_bytes_model"": 0.5049068981271256, ""mram_payload_pressure_ratio"": 0.0874628412503394, ""numeric_representation_penalty"": 0.0, ""tile_iterations"": 0.2584598539004127, ""wram_known_pressure_ratio"": 0.02403150151674986}",0.4556174892817831,1,True,True,modeled,False
research_benchmark_pack_v1,thesis_planner_sensitivity_v2_planner_compare,planner_motif_chain_sensitivity_v2,planner,0,planner_motif,True,chain,5,4,2,128,5,custom_upmem.greedy.v2.synchronization_constrained,custom_upmem,native_target_projected_prefix_greedy,b8051e9addae8ef03cd83f704a6c0b44a271351853044aaaeb6bc834b43172be,"{""algorithm"": ""greedy"", ""engine"": ""custom_upmem"", ""execution_policy"": ""generic_single_dpu_split_complex_v2"", ""normalization"": ""fixed_log1p_generic_budgets_v2"", ""numeric_contract"": ""real_float32_or_split_real_imag_v2"", ""objective_version"": ""upmem_path_cost_v2"", ""selection_scope"": ""projected_prefix"", ""weight_profile"": ""synchronization_constrained""}",projected_prefix,greedy,upmem_path_cost_v2,generic_single_dpu_split_complex_v2,,,9d7f4867df4d9c0e370d385f0f63042554cf3058c2182c13c9cd58f89d9e48c2,b8b1619150e20a8f0e1ff87c959bf1a4eba4825feca78f9d36872f28beefba4e,completed,,0.0017952790003619157,4,2432,128,262,76,338,0,0,,4,1,1.0,2,2,upmem_pressure_v1,,,,upmem_path_cost_v2,synchronization_constrained,"{""caps"": {""dpu_to_host_payload_bytes"": 1048576.0, ""estimated_flops"": 2147614720.0, ""host_completion_events"": 4.0, ""host_to_dpu_payload_bytes"": 2097152.0, ""mram_dma_window_bytes_model"": 17180917760.0, ""mram_payload_pressure_ratio"": 1.0, ""numeric_representation_penalty"": 3.0, ""tile_iterations"": 1024.0, ""wram_known_pressure_ratio"": 1.0}, ""normalization_id"": ""fixed_log1p_generic_budgets_v2"", ""transform"": ""log1p(value)/log1p(cap)""}","{""caps"": {""application_max_contracted_combinations"": 4096, ""application_max_rank"": 16, ""application_max_tensor_elements"": 65536, ""native_abi_max_tensor_elements"": 65536}, ""dpu_parallelism_model"": ""single_dpu_serial_tasks"", ""host_completion_model"": ""one_synchronous_dpu_launch_per_real_component"", ""host_dpu_transfer_model"": ""per_real_component_operand_upload_and_output_download_no_reuse"", ""input_element_bytes"": 4, ""memory_budget_source"": ""configured_generic_dpu_policy_v2"", ""mram_capacity_bytes"": 67108864, ""mram_wram_transfer_model"": ""aligned_scalar_read_windows_and_aligned_output_tile_writes"", ""numeric_contract"": ""real_float32_or_split_real_imag_v2"", ""output_element_bytes"": 4, ""output_tile_elements"": 256, ""policy_id"": ""generic_single_dpu_split_complex_v2"", ""wram_budget_bytes"": 61440}",True,[],608,512,76,1048,76,1124,4944,608,4,0.0,0.016796875,4,512,1048,76,4944,4,4,4,0,800,786432,67108864,0.01171875,0.001953125,0.001953125,1032,61440,0.016796875,"{""dpu_to_host_payload_bytes"": 76, ""estimated_flops"": 608, ""feasibility"": true, ""host_completion_event_scope"": ""one_synchronous_dpu_launch_per_real_component"", ""host_completion_events"": 4, ""host_to_dpu_payload_bytes"": 1048, ""known_wram_static_bytes"": 1032, ""largest_tensor_bytes"": 512, ""memory_budget_scope"": ""configured_modeled_budget_not_measured_runtime_occupancy"", ""mram_capacity_bytes"": 67108864, ""mram_dma_window_bytes_model"": 4944, ""mram_dma_window_scope"": ""modeled_aligned_request_volume_not_physical_bus_bytes"", ""mram_max_region_payload_ratio"": 0.001953125, ""mram_payload_pressure_ratio"": 0.001953125, ""mram_payload_pressure_scope"": ""maximum_single_buffer_payload_divided_by_fixed_native_buffer_capacity"", ""mram_static_reservation_pressure_ratio"": 0.01171875, ""native_static_mram_reservation_bytes"": 786432, ""numeric_component_invocations"": 4, ""numeric_recombination_flops"": 0, ""numeric_representation_penalty"": 0.0, ""rejection_reasons"": [], ""task_mram_payload_bytes"": 800, ""tile_iterations"": 4, ""wram_budget_bytes"": 61440, ""wram_known_pressure_ratio"": 0.016796875}","{""dpu_to_host_payload_bytes"": 0.3133393054791856, ""estimated_flops"": 0.2983958755878676, ""host_completion_events"": 1.0, ""host_to_dpu_payload_bytes"": 0.47784755399292334, ""mram_dma_window_bytes_model"": 0.36093303013487504, ""mram_payload_pressure_ratio"": 0.0028150156070540383, ""numeric_representation_penalty"": 0.0, ""tile_iterations"": 0.23216011683126064, ""wram_known_pressure_ratio"": 0.02403150151674986}",0.8464320233662521,1,True,True,modeled,False
research_benchmark_pack_v1,thesis_planner_sensitivity_v2_planner_compare,planner_motif_balanced_tree_sensitivity_v2,planner,0,planner_motif,True,balanced_tree,7,6,3,2048,7,custom_upmem.greedy.v2.synchronization_constrained,custom_upmem,native_target_projected_prefix_greedy,b8051e9addae8ef03cd83f704a6c0b44a271351853044aaaeb6bc834b43172be,"{""algorithm"": ""greedy"", ""engine"": ""custom_upmem"", ""execution_policy"": ""generic_single_dpu_split_complex_v2"", ""normalization"": ""fixed_log1p_generic_budgets_v2"", ""numeric_contract"": ""real_float32_or_split_real_imag_v2"", ""objective_version"": ""upmem_path_cost_v2"", ""selection_scope"": ""projected_prefix"", ""weight_profile"": ""synchronization_constrained""}",projected_prefix,greedy,upmem_path_cost_v2,generic_single_dpu_split_complex_v2,,,d98a408066e377efcebaf4c95e03098313d30cb9dab7de5c8dbf118eca0e2e61,45852803f34a6b138e091d8003beff5a5b2dfce57eb6b3d809f9a77033ffc03a,completed,,0.005102757000713609,6,21440,2048,2446,708,3154,0,0,,6,1,0.008057296329453895,2,2,upmem_pressure_v1,,,,upmem_path_cost_v2,synchronization_constrained,"{""caps"": {""dpu_to_host_payload_bytes"": 1048576.0, ""estimated_flops"": 2147614720.0, ""host_completion_events"": 4.0, ""host_to_dpu_payload_bytes"": 2097152.0, ""mram_dma_window_bytes_model"": 17180917760.0, ""mram_payload_pressure_ratio"": 1.0, ""numeric_representation_penalty"": 3.0, ""tile_iterations"": 1024.0, ""wram_known_pressure_ratio"": 1.0}, ""normalization_id"": ""fixed_log1p_generic_budgets_v2"", ""transform"": ""log1p(value)/log1p(cap)""}","{""caps"": {""application_max_contracted_combinations"": 4096, ""application_max_rank"": 16, ""application_max_tensor_elements"": 65536, ""native_abi_max_tensor_elements"": 65536}, ""dpu_parallelism_model"": ""single_dpu_serial_tasks"", ""host_completion_model"": ""one_synchronous_dpu_launch_per_real_component"", ""host_dpu_transfer_model"": ""per_real_component_operand_upload_and_output_download_no_reuse"", ""input_element_bytes"": 4, ""memory_budget_source"": ""configured_generic_dpu_policy_v2"", ""mram_capacity_bytes"": 67108864, ""mram_wram_transfer_model"": ""aligned_scalar_read_windows_and_aligned_output_tile_writes"", ""numeric_contract"": ""real_float32_or_split_real_imag_v2"", ""output_element_bytes"": 4, ""output_tile_elements"": 256, ""policy_id"": ""generic_single_dpu_split_complex_v2"", ""wram_budget_bytes"": 61440}",True,[],5360,8192,708,9784,708,10492,43592,5360,6,0.0,0.016796875,6,8192,9784,708,43592,6,6,6,0,8768,786432,67108864,0.01171875,0.03125,0.03125,1032,61440,0.016796875,"{""dpu_to_host_payload_bytes"": 708, ""estimated_flops"": 5360, ""feasibility"": true, ""host_completion_event_scope"": ""one_synchronous_dpu_launch_per_real_component"", ""host_completion_events"": 6, ""host_to_dpu_payload_bytes"": 9784, ""known_wram_static_bytes"": 1032, ""largest_tensor_bytes"": 8192, ""memory_budget_scope"": ""configured_modeled_budget_not_measured_runtime_occupancy"", ""mram_capacity_bytes"": 67108864, ""mram_dma_window_bytes_model"": 43592, ""mram_dma_window_scope"": ""modeled_aligned_request_volume_not_physical_bus_bytes"", ""mram_max_region_payload_ratio"": 0.03125, ""mram_payload_pressure_ratio"": 0.03125, ""mram_payload_pressure_scope"": ""maximum_single_buffer_payload_divided_by_fixed_native_buffer_capacity"", ""mram_static_reservation_pressure_ratio"": 0.01171875, ""native_static_mram_reservation_bytes"": 786432, ""numeric_component_invocations"": 6, ""numeric_recombination_flops"": 0, ""numeric_representation_penalty"": 0.0, ""rejection_reasons"": [], ""task_mram_payload_bytes"": 8768, ""tile_iterations"": 6, ""wram_budget_bytes"": 61440, ""wram_known_pressure_ratio"": 0.016796875}","{""dpu_to_host_payload_bytes"": 0.4734820582897115, ""estimated_flops"": 0.3996210074804309, ""host_completion_events"": 1.2090619551221675, ""host_to_dpu_payload_bytes"": 0.6312550333930768, ""mram_dma_window_bytes_model"": 0.45328732227991025, ""mram_payload_pressure_ratio"": 0.044394119358453436, ""numeric_representation_penalty"": 0.0, ""tile_iterations"": 0.28069596475739483, ""wram_known_pressure_ratio"": 0.02403150151674986}",1.023388757049213,1,True,True,modeled,False
research_benchmark_pack_v1,thesis_planner_sensitivity_v2_planner_compare,planner_motif_star_sensitivity_v2,planner,0,planner_motif,True,star,5,4,4,1024,5,custom_upmem.greedy.v2.synchronization_constrained,custom_upmem,native_target_projected_prefix_greedy,b8051e9addae8ef03cd83f704a6c0b44a271351853044aaaeb6bc834b43172be,"{""algorithm"": ""greedy"", ""engine"": ""custom_upmem"", ""execution_policy"": ""generic_single_dpu_split_complex_v2"", ""normalization"": ""fixed_log1p_generic_budgets_v2"", ""numeric_contract"": ""real_float32_or_split_real_imag_v2"", ""objective_version"": ""upmem_path_cost_v2"", ""selection_scope"": ""projected_prefix"", ""weight_profile"": ""synchronization_constrained""}",projected_prefix,greedy,upmem_path_cost_v2,generic_single_dpu_split_complex_v2,,,14f17fc75a57cdc560a754cf8b358ab98a2e0ac3c2feb7c5ea9e00dec780e33c,2feb794b3f522c4816d11dfd00286506bd81fb67acbd64c910b2cca75029674e,completed,,0.0017243160000361968,4,8896,1024,1142,356,1498,0,0,,4,1,0.0136986301369863,2,2,upmem_pressure_v1,,,,upmem_path_cost_v2,synchronization_constrained,"{""caps"": {""dpu_to_host_payload_bytes"": 1048576.0, ""estimated_flops"": 2147614720.0, ""host_completion_events"": 4.0, ""host_to_dpu_payload_bytes"": 2097152.0, ""mram_dma_window_bytes_model"": 17180917760.0, ""mram_payload_pressure_ratio"": 1.0, ""numeric_representation_penalty"": 3.0, ""tile_iterations"": 1024.0, ""wram_known_pressure_ratio"": 1.0}, ""normalization_id"": ""fixed_log1p_generic_budgets_v2"", ""transform"": ""log1p(value)/log1p(cap)""}","{""caps"": {""application_max_contracted_combinations"": 4096, ""application_max_rank"": 16, ""application_max_tensor_elements"": 65536, ""native_abi_max_tensor_elements"": 65536}, ""dpu_parallelism_model"": ""single_dpu_serial_tasks"", ""host_completion_model"": ""one_synchronous_dpu_launch_per_real_component"", ""host_dpu_transfer_model"": ""per_real_component_operand_upload_and_output_download_no_reuse"", ""input_element_bytes"": 4, ""memory_budget_source"": ""configured_generic_dpu_policy_v2"", ""mram_capacity_bytes"": 67108864, ""mram_wram_transfer_model"": ""aligned_scalar_read_windows_and_aligned_output_tile_writes"", ""numeric_contract"": ""real_float32_or_split_real_imag_v2"", ""output_element_bytes"": 4, ""output_tile_elements"": 256, ""policy_id"": ""generic_single_dpu_split_complex_v2"", ""wram_budget_bytes"": 61440}",True,[],2224,4096,356,4568,356,4924,18152,2224,4,0.0,0.016796875,4,4096,4568,356,18152,4,4,4,0,4416,786432,67108864,0.01171875,0.015625,0.015625,1032,61440,0.016796875,"{""dpu_to_host_payload_bytes"": 356, ""estimated_flops"": 2224, ""feasibility"": true, ""host_completion_event_scope"": ""one_synchronous_dpu_launch_per_real_component"", ""host_completion_events"": 4, ""host_to_dpu_payload_bytes"": 4568, ""known_wram_static_bytes"": 1032, ""largest_tensor_bytes"": 4096, ""memory_budget_scope"": ""configured_modeled_budget_not_measured_runtime_occupancy"", ""mram_capacity_bytes"": 67108864, ""mram_dma_window_bytes_model"": 18152, ""mram_dma_window_scope"": ""modeled_aligned_request_volume_not_physical_bus_bytes"", ""mram_max_region_payload_ratio"": 0.015625, ""mram_payload_pressure_ratio"": 0.015625, ""mram_payload_pressure_scope"": ""maximum_single_buffer_payload_divided_by_fixed_native_buffer_capacity"", ""mram_static_reservation_pressure_ratio"": 0.01171875, ""native_static_mram_reservation_bytes"": 786432, ""numeric_component_invocations"": 4, ""numeric_recombination_flops"": 0, ""numeric_representation_penalty"": 0.0, ""rejection_reasons"": [], ""task_mram_payload_bytes"": 4416, ""tile_iterations"": 4, ""wram_budget_bytes"": 61440, ""wram_known_pressure_ratio"": 0.016796875}","{""dpu_to_host_payload_bytes"": 0.4239889840339691, ""estimated_flops"": 0.358695420532152, ""host_completion_events"": 1.0, ""host_to_dpu_payload_bytes"": 0.5789363013781212, ""mram_dma_window_bytes_model"": 0.4161142273573943, ""mram_payload_pressure_ratio"": 0.02236781302845451, ""numeric_representation_penalty"": 0.0, ""tile_iterations"": 0.23216011683126064, ""wram_known_pressure_ratio"": 0.02403150151674986}",0.8464320233662521,1,True,True,modeled,False
research_benchmark_pack_v1,thesis_planner_sensitivity_v2_planner_compare,planner_motif_cycle_sensitivity_v2,planner,0,planner_motif,True,cycle,4,4,2,128,4,custom_upmem.greedy.v2.synchronization_constrained,custom_upmem,native_target_projected_prefix_greedy,b8051e9addae8ef03cd83f704a6c0b44a271351853044aaaeb6bc834b43172be,"{""algorithm"": ""greedy"", ""engine"": ""custom_upmem"", ""execution_policy"": ""generic_single_dpu_split_complex_v2"", ""normalization"": ""fixed_log1p_generic_budgets_v2"", ""numeric_contract"": ""real_float32_or_split_real_imag_v2"", ""objective_version"": ""upmem_path_cost_v2"", ""selection_scope"": ""projected_prefix"", ""weight_profile"": ""synchronization_constrained""}",projected_prefix,greedy,upmem_path_cost_v2,generic_single_dpu_split_complex_v2,,,8cc4974f7ad94d8c56a83220fdfdf68b426a0a03c3a898fa0acce98a90b1f4eb,4f3bbb0466a245494e4549f3e795695e6a5d1b4eb7f365b7558d53bed75706fb,completed,,0.0009212030017806683,3,3136,128,304,68,372,0,0,,3,1,0.0,1,1,upmem_pressure_v1,,,,upmem_path_cost_v2,synchronization_constrained,"{""caps"": {""dpu_to_host_payload_bytes"": 1048576.0, ""estimated_flops"": 2147614720.0, ""host_completion_events"": 4.0, ""host_to_dpu_payload_bytes"": 2097152.0, ""mram_dma_window_bytes_model"": 17180917760.0, ""mram_payload_pressure_ratio"": 1.0, ""numeric_representation_penalty"": 3.0, ""tile_iterations"": 1024.0, ""wram_known_pressure_ratio"": 1.0}, ""normalization_id"": ""fixed_log1p_generic_budgets_v2"", ""transform"": ""log1p(value)/log1p(cap)""}","{""caps"": {""application_max_contracted_combinations"": 4096, ""application_max_rank"": 16, ""application_max_tensor_elements"": 65536, ""native_abi_max_tensor_elements"": 65536}, ""dpu_parallelism_model"": ""single_dpu_serial_tasks"", ""host_completion_model"": ""one_synchronous_dpu_launch_per_real_component"", ""host_dpu_transfer_model"": ""per_real_component_operand_upload_and_output_download_no_reuse"", ""input_element_bytes"": 4, ""memory_budget_source"": ""configured_generic_dpu_policy_v2"", ""mram_capacity_bytes"": 67108864, ""mram_wram_transfer_model"": ""aligned_scalar_read_windows_and_aligned_output_tile_writes"", ""numeric_contract"": ""real_float32_or_split_real_imag_v2"", ""output_element_bytes"": 4, ""output_tile_elements"": 256, ""policy_id"": ""generic_single_dpu_split_complex_v2"", ""wram_budget_bytes"": 61440}",True,[],784,512,68,1216,68,1284,6344,784,3,0.0,0.016796875,3,512,1216,68,6344,3,3,3,0,800,786432,67108864,0.01171875,0.001953125,0.001953125,1032,61440,0.016796875,"{""dpu_to_host_payload_bytes"": 68, ""estimated_flops"": 784, ""feasibility"": true, ""host_completion_event_scope"": ""one_synchronous_dpu_launch_per_real_component"", ""host_completion_events"": 3, ""host_to_dpu_payload_bytes"": 1216, ""known_wram_static_bytes"": 1032, ""largest_tensor_bytes"": 512, ""memory_budget_scope"": ""configured_modeled_budget_not_measured_runtime_occupancy"", ""mram_capacity_bytes"": 67108864, ""mram_dma_window_bytes_model"": 6344, ""mram_dma_window_scope"": ""modeled_aligned_request_volume_not_physical_bus_bytes"", ""mram_max_region_payload_ratio"": 0.001953125, ""mram_payload_pressure_ratio"": 0.001953125, ""mram_payload_pressure_scope"": ""maximum_single_buffer_payload_divided_by_fixed_native_buffer_capacity"", ""mram_static_reservation_pressure_ratio"": 0.01171875, ""native_static_mram_reservation_bytes"": 786432, ""numeric_component_invocations"": 3, ""numeric_recombination_flops"": 0, ""numeric_representation_penalty"": 0.0, ""rejection_reasons"": [], ""task_mram_payload_bytes"": 800, ""tile_iterations"": 3, ""wram_budget_bytes"": 61440, ""wram_known_pressure_ratio"": 0.016796875}","{""dpu_to_host_payload_bytes"": 0.30542620182771535, ""estimated_flops"": 0.3102103718965647, ""host_completion_events"": 0.8613531161467861, ""host_to_dpu_payload_bytes"": 0.4880530055698671, ""mram_dma_window_bytes_model"": 0.37151093341931674, ""mram_payload_pressure_ratio"": 0.0028150156070540383, ""numeric_representation_penalty"": 0.0, ""tile_iterations"": 0.1999718400776083, ""wram_known_pressure_ratio"": 0.02403150151674986}",0.7290768609329507,1,False,True,modeled,False
research_benchmark_pack_v1,thesis_planner_sensitivity_v2_planner_compare,planner_motif_grid_sensitivity_v2,planner,0,planner_motif,True,grid,6,7,3,512,6,custom_upmem.greedy.v2.synchronization_constrained,custom_upmem,native_target_projected_prefix_greedy,b8051e9addae8ef03cd83f704a6c0b44a271351853044aaaeb6bc834b43172be,"{""algorithm"": ""greedy"", ""engine"": ""custom_upmem"", ""execution_policy"": ""generic_single_dpu_split_complex_v2"", ""normalization"": ""fixed_log1p_generic_budgets_v2"", ""numeric_contract"": ""real_float32_or_split_real_imag_v2"", ""objective_version"": ""upmem_path_cost_v2"", ""selection_scope"": ""projected_prefix"", ""weight_profile"": ""synchronization_constrained""}",projected_prefix,greedy,upmem_path_cost_v2,generic_single_dpu_split_complex_v2,,,ee8bd7402e3c2f51bda0412253741611beca827bf60dab9453ea5edc5aa7ab76,a4e3f0c3198b114150dc59b3197a7611576e1c539054ac490e85373ac2cd66fc,completed,,0.003189137001754716,5,18688,1024,1328,644,1972,0,0,,5,1,0.0,1,1,upmem_pressure_v1,,,,upmem_path_cost_v2,synchronization_constrained,"{""caps"": {""dpu_to_host_payload_bytes"": 1048576.0, ""estimated_flops"": 2147614720.0, ""host_completion_events"": 4.0, ""host_to_dpu_payload_bytes"": 2097152.0, ""mram_dma_window_bytes_model"": 17180917760.0, ""mram_payload_pressure_ratio"": 1.0, ""numeric_representation_penalty"": 3.0, ""tile_iterations"": 1024.0, ""wram_known_pressure_ratio"": 1.0}, ""normalization_id"": ""fixed_log1p_generic_budgets_v2"", ""transform"": ""log1p(value)/log1p(cap)""}","{""caps"": {""application_max_contracted_combinations"": 4096, ""application_max_rank"": 16, ""application_max_tensor_elements"": 65536, ""native_abi_max_tensor_elements"": 65536}, ""dpu_parallelism_model"": ""single_dpu_serial_tasks"", ""host_completion_model"": ""one_synchronous_dpu_launch_per_real_component"", ""host_dpu_transfer_model"": ""per_real_component_operand_upload_and_output_download_no_reuse"", ""input_element_bytes"": 4, ""memory_budget_source"": ""configured_generic_dpu_policy_v2"", ""mram_capacity_bytes"": 67108864, ""mram_wram_transfer_model"": ""aligned_scalar_read_windows_and_aligned_output_tile_writes"", ""numeric_contract"": ""real_float32_or_split_real_imag_v2"", ""output_element_bytes"": 4, ""output_tile_elements"": 256, ""policy_id"": ""generic_single_dpu_split_complex_v2"", ""wram_budget_bytes"": 61440}",True,[],4672,2048,644,5312,644,5956,38024,4672,5,0.0,0.016796875,5,2048,5312,644,38024,5,5,5,0,2432,786432,67108864,0.01171875,0.0078125,0.0078125,1032,61440,0.016796875,"{""dpu_to_host_payload_bytes"": 644, ""estimated_flops"": 4672, ""feasibility"": true, ""host_completion_event_scope"": ""one_synchronous_dpu_launch_per_real_component"", ""host_completion_events"": 5, ""host_to_dpu_payload_bytes"": 5312, ""known_wram_static_bytes"": 1032, ""largest_tensor_bytes"": 2048, ""memory_budget_scope"": ""configured_modeled_budget_not_measured_runtime_occupancy"", ""mram_capacity_bytes"": 67108864, ""mram_dma_window_bytes_model"": 38024, ""mram_dma_window_scope"": ""modeled_aligned_request_volume_not_physical_bus_bytes"", ""mram_max_region_payload_ratio"": 0.0078125, ""mram_payload_pressure_ratio"": 0.0078125, ""mram_payload_pressure_scope"": ""maximum_single_buffer_payload_divided_by_fixed_native_buffer_capacity"", ""mram_static_reservation_pressure_ratio"": 0.01171875, ""native_static_mram_reservation_bytes"": 786432, ""numeric_component_invocations"": 5, ""numeric_recombination_flops"": 0, ""numeric_representation_penalty"": 0.0, ""rejection_reasons"": [], ""task_mram_payload_bytes"": 2432, ""tile_iterations"": 5, ""wram_budget_bytes"": 61440, ""wram_known_pressure_ratio"": 0.016796875}","{""dpu_to_host_payload_bytes"": 0.46665773541273237, ""estimated_flops"": 0.39322899022040186, ""host_completion_events"": 1.1132827525593785, ""host_to_dpu_payload_bytes"": 0.5893005043845388, ""mram_dma_window_bytes_model"": 0.4474888595582385, ""mram_payload_pressure_ratio"": 0.011227255423254121, ""numeric_representation_penalty"": 0.0, ""tile_iterations"": 0.2584598539004127, ""wram_known_pressure_ratio"": 0.02403150151674986}",0.9423181728275855,1,False,True,modeled,False
research_benchmark_pack_v1,thesis_planner_sensitivity_v2_planner_compare,planner_motif_flop_memory_tradeoff_sensitivity_v2,planner,0,planner_motif,True,flop_memory_tradeoff,6,6,3,4096,6,custom_upmem.greedy.v2.synchronization_constrained,custom_upmem,native_target_projected_prefix_greedy,b8051e9addae8ef03cd83f704a6c0b44a271351853044aaaeb6bc834b43172be,"{""algorithm"": ""greedy"", ""engine"": ""custom_upmem"", ""execution_policy"": ""generic_single_dpu_split_complex_v2"", ""normalization"": ""fixed_log1p_generic_budgets_v2"", ""numeric_contract"": ""real_float32_or_split_real_imag_v2"", ""objective_version"": ""upmem_path_cost_v2"", ""selection_scope"": ""projected_prefix"", ""weight_profile"": ""synchronization_constrained""}",projected_prefix,greedy,upmem_path_cost_v2,generic_single_dpu_split_complex_v2,,,1f0bebe02c588c66d4c03222fa0c62b1c754a9560479cba9bf693a48b11985fe,ac8abcb56b9eb40eec596697e722404c31ee47a8a7cc0469a938238ce97fda5e,completed,,0.0031118629995035008,5,71808,2048,4778,1124,5902,0,0,,5,1,0.0305973773676542,2,2,upmem_pressure_v1,,,,upmem_path_cost_v2,synchronization_constrained,"{""caps"": {""dpu_to_host_payload_bytes"": 1048576.0, ""estimated_flops"": 2147614720.0, ""host_completion_events"": 4.0, ""host_to_dpu_payload_bytes"": 2097152.0, ""mram_dma_window_bytes_model"": 17180917760.0, ""mram_payload_pressure_ratio"": 1.0, ""numeric_representation_penalty"": 3.0, ""tile_iterations"": 1024.0, ""wram_known_pressure_ratio"": 1.0}, ""normalization_id"": ""fixed_log1p_generic_budgets_v2"", ""transform"": ""log1p(value)/log1p(cap)""}","{""caps"": {""application_max_contracted_combinations"": 4096, ""application_max_rank"": 16, ""application_max_tensor_elements"": 65536, ""native_abi_max_tensor_elements"": 65536}, ""dpu_parallelism_model"": ""single_dpu_serial_tasks"", ""host_completion_model"": ""one_synchronous_dpu_launch_per_real_component"", ""host_dpu_transfer_model"": ""per_real_component_operand_upload_and_output_download_no_reuse"", ""input_element_bytes"": 4, ""memory_budget_source"": ""configured_generic_dpu_policy_v2"", ""mram_capacity_bytes"": 67108864, ""mram_wram_transfer_model"": ""aligned_scalar_read_windows_and_aligned_output_tile_writes"", ""numeric_contract"": ""real_float32_or_split_real_imag_v2"", ""output_element_bytes"": 4, ""output_tile_elements"": 256, ""policy_id"": ""generic_single_dpu_split_complex_v2"", ""wram_budget_bytes"": 61440}",True,[],17952,16384,1124,19112,1124,20236,144744,17952,5,0.0,0.016796875,5,16384,19112,1124,144744,5,5,5,0,17408,786432,67108864,0.01171875,0.0625,0.0625,1032,61440,0.016796875,"{""dpu_to_host_payload_bytes"": 1124, ""estimated_flops"": 17952, ""feasibility"": true, ""host_completion_event_scope"": ""one_synchronous_dpu_launch_per_real_component"", ""host_completion_events"": 5, ""host_to_dpu_payload_bytes"": 19112, ""known_wram_static_bytes"": 1032, ""largest_tensor_bytes"": 16384, ""memory_budget_scope"": ""configured_modeled_budget_not_measured_runtime_occupancy"", ""mram_capacity_bytes"": 67108864, ""mram_dma_window_bytes_model"": 144744, ""mram_dma_window_scope"": ""modeled_aligned_request_volume_not_physical_bus_bytes"", ""mram_max_region_payload_ratio"": 0.0625, ""mram_payload_pressure_ratio"": 0.0625, ""mram_payload_pressure_scope"": ""maximum_single_buffer_payload_divided_by_fixed_native_buffer_capacity"", ""mram_static_reservation_pressure_ratio"": 0.01171875, ""native_static_mram_reservation_bytes"": 786432, ""numeric_component_invocations"": 5, ""numeric_recombination_flops"": 0, ""numeric_representation_penalty"": 0.0, ""rejection_reasons"": [], ""task_mram_payload_bytes"": 17408, ""tile_iterations"": 5, ""wram_budget_bytes"": 61440, ""wram_known_pressure_ratio"": 0.016796875}","{""dpu_to_host_payload_bytes"": 0.506785429441916, ""estimated_flops"": 0.4558676510270458, ""host_completion_events"": 1.1132827525593785, ""host_to_dpu_payload_bytes"": 0.6772507693774257, ""mram_dma_window_bytes_model"": 0.5042091056142837, ""mram_payload_pressure_ratio"": 0.0874628412503394, ""numeric_representation_penalty"": 0.0, ""tile_iterations"": 0.2584598539004127, ""wram_known_pressure_ratio"": 0.02403150151674986}",0.9423181728275855,1,True,True,modeled,False
research_benchmark_pack_v1,thesis_planner_sensitivity_v2_planner_compare,planner_motif_chain_sensitivity_v2,planner,0,planner_motif,True,chain,5,4,2,128,5,custom_upmem.greedy.v2.wram_constrained,custom_upmem,native_target_projected_prefix_greedy,fde812588671a3d9df7989613d74a726977d15c7159aab8025fab190502208a8,"{""algorithm"": ""greedy"", ""engine"": ""custom_upmem"", ""execution_policy"": ""generic_single_dpu_split_complex_v2"", ""normalization"": ""fixed_log1p_generic_budgets_v2"", ""numeric_contract"": ""real_float32_or_split_real_imag_v2"", ""objective_version"": ""upmem_path_cost_v2"", ""selection_scope"": ""projected_prefix"", ""weight_profile"": ""wram_constrained""}",projected_prefix,greedy,upmem_path_cost_v2,generic_single_dpu_split_complex_v2,,,a631d13ba0b0e3e7389d002f37b149020208df1695a7f5ecde284f2ca81cb0ad,b8b1619150e20a8f0e1ff87c959bf1a4eba4825feca78f9d36872f28beefba4e,completed,,0.001824973998736823,4,2432,128,262,76,338,0,0,,4,1,1.0,2,2,upmem_pressure_v1,,,,upmem_path_cost_v2,wram_constrained,"{""caps"": {""dpu_to_host_payload_bytes"": 1048576.0, ""estimated_flops"": 2147614720.0, ""host_completion_events"": 4.0, ""host_to_dpu_payload_bytes"": 2097152.0, ""mram_dma_window_bytes_model"": 17180917760.0, ""mram_payload_pressure_ratio"": 1.0, ""numeric_representation_penalty"": 3.0, ""tile_iterations"": 1024.0, ""wram_known_pressure_ratio"": 1.0}, ""normalization_id"": ""fixed_log1p_generic_budgets_v2"", ""transform"": ""log1p(value)/log1p(cap)""}","{""caps"": {""application_max_contracted_combinations"": 4096, ""application_max_rank"": 16, ""application_max_tensor_elements"": 65536, ""native_abi_max_tensor_elements"": 65536}, ""dpu_parallelism_model"": ""single_dpu_serial_tasks"", ""host_completion_model"": ""one_synchronous_dpu_launch_per_real_component"", ""host_dpu_transfer_model"": ""per_real_component_operand_upload_and_output_download_no_reuse"", ""input_element_bytes"": 4, ""memory_budget_source"": ""configured_generic_dpu_policy_v2"", ""mram_capacity_bytes"": 67108864, ""mram_wram_transfer_model"": ""aligned_scalar_read_windows_and_aligned_output_tile_writes"", ""numeric_contract"": ""real_float32_or_split_real_imag_v2"", ""output_element_bytes"": 4, ""output_tile_elements"": 256, ""policy_id"": ""generic_single_dpu_split_complex_v2"", ""wram_budget_bytes"": 61440}",True,[],608,512,76,1048,76,1124,4944,608,4,0.0,0.016796875,4,512,1048,76,4944,4,4,4,0,800,786432,67108864,0.01171875,0.001953125,0.001953125,1032,61440,0.016796875,"{""dpu_to_host_payload_bytes"": 76, ""estimated_flops"": 608, ""feasibility"": true, ""host_completion_event_scope"": ""one_synchronous_dpu_launch_per_real_component"", ""host_completion_events"": 4, ""host_to_dpu_payload_bytes"": 1048, ""known_wram_static_bytes"": 1032, ""largest_tensor_bytes"": 512, ""memory_budget_scope"": ""configured_modeled_budget_not_measured_runtime_occupancy"", ""mram_capacity_bytes"": 67108864, ""mram_dma_window_bytes_model"": 4944, ""mram_dma_window_scope"": ""modeled_aligned_request_volume_not_physical_bus_bytes"", ""mram_max_region_payload_ratio"": 0.001953125, ""mram_payload_pressure_ratio"": 0.001953125, ""mram_payload_pressure_scope"": ""maximum_single_buffer_payload_divided_by_fixed_native_buffer_capacity"", ""mram_static_reservation_pressure_ratio"": 0.01171875, ""native_static_mram_reservation_bytes"": 786432, ""numeric_component_invocations"": 4, ""numeric_recombination_flops"": 0, ""numeric_representation_penalty"": 0.0, ""rejection_reasons"": [], ""task_mram_payload_bytes"": 800, ""tile_iterations"": 4, ""wram_budget_bytes"": 61440, ""wram_known_pressure_ratio"": 0.016796875}","{""dpu_to_host_payload_bytes"": 0.3133393054791856, ""estimated_flops"": 0.2983958755878676, ""host_completion_events"": 1.0, ""host_to_dpu_payload_bytes"": 0.47784755399292334, ""mram_dma_window_bytes_model"": 0.36093303013487504, ""mram_payload_pressure_ratio"": 0.0028150156070540383, ""numeric_representation_penalty"": 0.0, ""tile_iterations"": 0.23216011683126064, ""wram_known_pressure_ratio"": 0.02403150151674986}",0.011301609970932366,1,True,True,modeled,False
research_benchmark_pack_v1,thesis_planner_sensitivity_v2_planner_compare,planner_motif_balanced_tree_sensitivity_v2,planner,0,planner_motif,True,balanced_tree,7,6,3,2048,7,custom_upmem.greedy.v2.wram_constrained,custom_upmem,native_target_projected_prefix_greedy,fde812588671a3d9df7989613d74a726977d15c7159aab8025fab190502208a8,"{""algorithm"": ""greedy"", ""engine"": ""custom_upmem"", ""execution_policy"": ""generic_single_dpu_split_complex_v2"", ""normalization"": ""fixed_log1p_generic_budgets_v2"", ""numeric_contract"": ""real_float32_or_split_real_imag_v2"", ""objective_version"": ""upmem_path_cost_v2"", ""selection_scope"": ""projected_prefix"", ""weight_profile"": ""wram_constrained""}",projected_prefix,greedy,upmem_path_cost_v2,generic_single_dpu_split_complex_v2,,,cbc76f38947c9046a2b973ce5ba8d3e117b9036b0f77091d30cca32193dbe9c8,45852803f34a6b138e091d8003beff5a5b2dfce57eb6b3d809f9a77033ffc03a,completed,,0.004764403998706257,6,21440,2048,2446,708,3154,0,0,,6,1,0.008057296329453895,2,2,upmem_pressure_v1,,,,upmem_path_cost_v2,wram_constrained,"{""caps"": {""dpu_to_host_payload_bytes"": 1048576.0, ""estimated_flops"": 2147614720.0, ""host_completion_events"": 4.0, ""host_to_dpu_payload_bytes"": 2097152.0, ""mram_dma_window_bytes_model"": 17180917760.0, ""mram_payload_pressure_ratio"": 1.0, ""numeric_representation_penalty"": 3.0, ""tile_iterations"": 1024.0, ""wram_known_pressure_ratio"": 1.0}, ""normalization_id"": ""fixed_log1p_generic_budgets_v2"", ""transform"": ""log1p(value)/log1p(cap)""}","{""caps"": {""application_max_contracted_combinations"": 4096, ""application_max_rank"": 16, ""application_max_tensor_elements"": 65536, ""native_abi_max_tensor_elements"": 65536}, ""dpu_parallelism_model"": ""single_dpu_serial_tasks"", ""host_completion_model"": ""one_synchronous_dpu_launch_per_real_component"", ""host_dpu_transfer_model"": ""per_real_component_operand_upload_and_output_download_no_reuse"", ""input_element_bytes"": 4, ""memory_budget_source"": ""configured_generic_dpu_policy_v2"", ""mram_capacity_bytes"": 67108864, ""mram_wram_transfer_model"": ""aligned_scalar_read_windows_and_aligned_output_tile_writes"", ""numeric_contract"": ""real_float32_or_split_real_imag_v2"", ""output_element_bytes"": 4, ""output_tile_elements"": 256, ""policy_id"": ""generic_single_dpu_split_complex_v2"", ""wram_budget_bytes"": 61440}",True,[],5360,8192,708,9784,708,10492,43592,5360,6,0.0,0.016796875,6,8192,9784,708,43592,6,6,6,0,8768,786432,67108864,0.01171875,0.03125,0.03125,1032,61440,0.016796875,"{""dpu_to_host_payload_bytes"": 708, ""estimated_flops"": 5360, ""feasibility"": true, ""host_completion_event_scope"": ""one_synchronous_dpu_launch_per_real_component"", ""host_completion_events"": 6, ""host_to_dpu_payload_bytes"": 9784, ""known_wram_static_bytes"": 1032, ""largest_tensor_bytes"": 8192, ""memory_budget_scope"": ""configured_modeled_budget_not_measured_runtime_occupancy"", ""mram_capacity_bytes"": 67108864, ""mram_dma_window_bytes_model"": 43592, ""mram_dma_window_scope"": ""modeled_aligned_request_volume_not_physical_bus_bytes"", ""mram_max_region_payload_ratio"": 0.03125, ""mram_payload_pressure_ratio"": 0.03125, ""mram_payload_pressure_scope"": ""maximum_single_buffer_payload_divided_by_fixed_native_buffer_capacity"", ""mram_static_reservation_pressure_ratio"": 0.01171875, ""native_static_mram_reservation_bytes"": 786432, ""numeric_component_invocations"": 6, ""numeric_recombination_flops"": 0, ""numeric_representation_penalty"": 0.0, ""rejection_reasons"": [], ""task_mram_payload_bytes"": 8768, ""tile_iterations"": 6, ""wram_budget_bytes"": 61440, ""wram_known_pressure_ratio"": 0.016796875}","{""dpu_to_host_payload_bytes"": 0.4734820582897115, ""estimated_flops"": 0.3996210074804309, ""host_completion_events"": 1.2090619551221675, ""host_to_dpu_payload_bytes"": 0.6312550333930768, ""mram_dma_window_bytes_model"": 0.45328732227991025, ""mram_payload_pressure_ratio"": 0.044394119358453436, ""numeric_representation_penalty"": 0.0, ""tile_iterations"": 0.28069596475739483, ""wram_known_pressure_ratio"": 0.02403150151674986}",0.036249072221772004,1,True,True,modeled,False
research_benchmark_pack_v1,thesis_planner_sensitivity_v2_planner_compare,planner_motif_star_sensitivity_v2,planner,0,planner_motif,True,star,5,4,4,1024,5,custom_upmem.greedy.v2.wram_constrained,custom_upmem,native_target_projected_prefix_greedy,fde812588671a3d9df7989613d74a726977d15c7159aab8025fab190502208a8,"{""algorithm"": ""greedy"", ""engine"": ""custom_upmem"", ""execution_policy"": ""generic_single_dpu_split_complex_v2"", ""normalization"": ""fixed_log1p_generic_budgets_v2"", ""numeric_contract"": ""real_float32_or_split_real_imag_v2"", ""objective_version"": ""upmem_path_cost_v2"", ""selection_scope"": ""projected_prefix"", ""weight_profile"": ""wram_constrained""}",projected_prefix,greedy,upmem_path_cost_v2,generic_single_dpu_split_complex_v2,,,126d22bec8262220cd73c1a7f0d6e73b18604644d43f1543108098315f01821b,2feb794b3f522c4816d11dfd00286506bd81fb67acbd64c910b2cca75029674e,completed,,0.0017285540016018786,4,8896,1024,1142,356,1498,0,0,,4,1,0.0136986301369863,2,2,upmem_pressure_v1,,,,upmem_path_cost_v2,wram_constrained,"{""caps"": {""dpu_to_host_payload_bytes"": 1048576.0, ""estimated_flops"": 2147614720.0, ""host_completion_events"": 4.0, ""host_to_dpu_payload_bytes"": 2097152.0, ""mram_dma_window_bytes_model"": 17180917760.0, ""mram_payload_pressure_ratio"": 1.0, ""numeric_representation_penalty"": 3.0, ""tile_iterations"": 1024.0, ""wram_known_pressure_ratio"": 1.0}, ""normalization_id"": ""fixed_log1p_generic_budgets_v2"", ""transform"": ""log1p(value)/log1p(cap)""}","{""caps"": {""application_max_contracted_combinations"": 4096, ""application_max_rank"": 16, ""application_max_tensor_elements"": 65536, ""native_abi_max_tensor_elements"": 65536}, ""dpu_parallelism_model"": ""single_dpu_serial_tasks"", ""host_completion_model"": ""one_synchronous_dpu_launch_per_real_component"", ""host_dpu_transfer_model"": ""per_real_component_operand_upload_and_output_download_no_reuse"", ""input_element_bytes"": 4, ""memory_budget_source"": ""configured_generic_dpu_policy_v2"", ""mram_capacity_bytes"": 67108864, ""mram_wram_transfer_model"": ""aligned_scalar_read_windows_and_aligned_output_tile_writes"", ""numeric_contract"": ""real_float32_or_split_real_imag_v2"", ""output_element_bytes"": 4, ""output_tile_elements"": 256, ""policy_id"": ""generic_single_dpu_split_complex_v2"", ""wram_budget_bytes"": 61440}",True,[],2224,4096,356,4568,356,4924,18152,2224,4,0.0,0.016796875,4,4096,4568,356,18152,4,4,4,0,4416,786432,67108864,0.01171875,0.015625,0.015625,1032,61440,0.016796875,"{""dpu_to_host_payload_bytes"": 356, ""estimated_flops"": 2224, ""feasibility"": true, ""host_completion_event_scope"": ""one_synchronous_dpu_launch_per_real_component"", ""host_completion_events"": 4, ""host_to_dpu_payload_bytes"": 4568, ""known_wram_static_bytes"": 1032, ""largest_tensor_bytes"": 4096, ""memory_budget_scope"": ""configured_modeled_budget_not_measured_runtime_occupancy"", ""mram_capacity_bytes"": 67108864, ""mram_dma_window_bytes_model"": 18152, ""mram_dma_window_scope"": ""modeled_aligned_request_volume_not_physical_bus_bytes"", ""mram_max_region_payload_ratio"": 0.015625, ""mram_payload_pressure_ratio"": 0.015625, ""mram_payload_pressure_scope"": ""maximum_single_buffer_payload_divided_by_fixed_native_buffer_capacity"", ""mram_static_reservation_pressure_ratio"": 0.01171875, ""native_static_mram_reservation_bytes"": 786432, ""numeric_component_invocations"": 4, ""numeric_recombination_flops"": 0, ""numeric_representation_penalty"": 0.0, ""rejection_reasons"": [], ""task_mram_payload_bytes"": 4416, ""tile_iterations"": 4, ""wram_budget_bytes"": 61440, ""wram_known_pressure_ratio"": 0.016796875}","{""dpu_to_host_payload_bytes"": 0.4239889840339691, ""estimated_flops"": 0.358695420532152, ""host_completion_events"": 1.0, ""host_to_dpu_payload_bytes"": 0.5789363013781212, ""mram_dma_window_bytes_model"": 0.4161142273573943, ""mram_payload_pressure_ratio"": 0.02236781302845451, ""numeric_representation_penalty"": 0.0, ""tile_iterations"": 0.23216011683126064, ""wram_known_pressure_ratio"": 0.02403150151674986}",0.023033288423772648,1,True,True,modeled,False
research_benchmark_pack_v1,thesis_planner_sensitivity_v2_planner_compare,planner_motif_cycle_sensitivity_v2,planner,0,planner_motif,True,cycle,4,4,2,128,4,custom_upmem.greedy.v2.wram_constrained,custom_upmem,native_target_projected_prefix_greedy,fde812588671a3d9df7989613d74a726977d15c7159aab8025fab190502208a8,"{""algorithm"": ""greedy"", ""engine"": ""custom_upmem"", ""execution_policy"": ""generic_single_dpu_split_complex_v2"", ""normalization"": ""fixed_log1p_generic_budgets_v2"", ""numeric_contract"": ""real_float32_or_split_real_imag_v2"", ""objective_version"": ""upmem_path_cost_v2"", ""selection_scope"": ""projected_prefix"", ""weight_profile"": ""wram_constrained""}",projected_prefix,greedy,upmem_path_cost_v2,generic_single_dpu_split_complex_v2,,,30b3bf67313ed1f2cc62a6fe828e0004842527a3a8999b75c0f6608ecab24c34,4f3bbb0466a245494e4549f3e795695e6a5d1b4eb7f365b7558d53bed75706fb,completed,,0.0009559390018694103,3,3136,128,304,68,372,0,0,,3,1,0.0,1,1,upmem_pressure_v1,,,,upmem_path_cost_v2,wram_constrained,"{""caps"": {""dpu_to_host_payload_bytes"": 1048576.0, ""estimated_flops"": 2147614720.0, ""host_completion_events"": 4.0, ""host_to_dpu_payload_bytes"": 2097152.0, ""mram_dma_window_bytes_model"": 17180917760.0, ""mram_payload_pressure_ratio"": 1.0, ""numeric_representation_penalty"": 3.0, ""tile_iterations"": 1024.0, ""wram_known_pressure_ratio"": 1.0}, ""normalization_id"": ""fixed_log1p_generic_budgets_v2"", ""transform"": ""log1p(value)/log1p(cap)""}","{""caps"": {""application_max_contracted_combinations"": 4096, ""application_max_rank"": 16, ""application_max_tensor_elements"": 65536, ""native_abi_max_tensor_elements"": 65536}, ""dpu_parallelism_model"": ""single_dpu_serial_tasks"", ""host_completion_model"": ""one_synchronous_dpu_launch_per_real_component"", ""host_dpu_transfer_model"": ""per_real_component_operand_upload_and_output_download_no_reuse"", ""input_element_bytes"": 4, ""memory_budget_source"": ""configured_generic_dpu_policy_v2"", ""mram_capacity_bytes"": 67108864, ""mram_wram_transfer_model"": ""aligned_scalar_read_windows_and_aligned_output_tile_writes"", ""numeric_contract"": ""real_float32_or_split_real_imag_v2"", ""output_element_bytes"": 4, ""output_tile_elements"": 256, ""policy_id"": ""generic_single_dpu_split_complex_v2"", ""wram_budget_bytes"": 61440}",True,[],784,512,68,1216,68,1284,6344,784,3,0.0,0.016796875,3,512,1216,68,6344,3,3,3,0,800,786432,67108864,0.01171875,0.001953125,0.001953125,1032,61440,0.016796875,"{""dpu_to_host_payload_bytes"": 68, ""estimated_flops"": 784, ""feasibility"": true, ""host_completion_event_scope"": ""one_synchronous_dpu_launch_per_real_component"", ""host_completion_events"": 3, ""host_to_dpu_payload_bytes"": 1216, ""known_wram_static_bytes"": 1032, ""largest_tensor_bytes"": 512, ""memory_budget_scope"": ""configured_modeled_budget_not_measured_runtime_occupancy"", ""mram_capacity_bytes"": 67108864, ""mram_dma_window_bytes_model"": 6344, ""mram_dma_window_scope"": ""modeled_aligned_request_volume_not_physical_bus_bytes"", ""mram_max_region_payload_ratio"": 0.001953125, ""mram_payload_pressure_ratio"": 0.001953125, ""mram_payload_pressure_scope"": ""maximum_single_buffer_payload_divided_by_fixed_native_buffer_capacity"", ""mram_static_reservation_pressure_ratio"": 0.01171875, ""native_static_mram_reservation_bytes"": 786432, ""numeric_component_invocations"": 3, ""numeric_recombination_flops"": 0, ""numeric_representation_penalty"": 0.0, ""rejection_reasons"": [], ""task_mram_payload_bytes"": 800, ""tile_iterations"": 3, ""wram_budget_bytes"": 61440, ""wram_known_pressure_ratio"": 0.016796875}","{""dpu_to_host_payload_bytes"": 0.30542620182771535, ""estimated_flops"": 0.3102103718965647, ""host_completion_events"": 0.8613531161467861, ""host_to_dpu_payload_bytes"": 0.4880530055698671, ""mram_dma_window_bytes_model"": 0.37151093341931674, ""mram_payload_pressure_ratio"": 0.0028150156070540383, ""numeric_representation_penalty"": 0.0, ""tile_iterations"": 0.1999718400776083, ""wram_known_pressure_ratio"": 0.02403150151674986}",0.011301609970932366,1,False,True,modeled,False
research_benchmark_pack_v1,thesis_planner_sensitivity_v2_planner_compare,planner_motif_grid_sensitivity_v2,planner,0,planner_motif,True,grid,6,7,3,512,6,custom_upmem.greedy.v2.wram_constrained,custom_upmem,native_target_projected_prefix_greedy,fde812588671a3d9df7989613d74a726977d15c7159aab8025fab190502208a8,"{""algorithm"": ""greedy"", ""engine"": ""custom_upmem"", ""execution_policy"": ""generic_single_dpu_split_complex_v2"", ""normalization"": ""fixed_log1p_generic_budgets_v2"", ""numeric_contract"": ""real_float32_or_split_real_imag_v2"", ""objective_version"": ""upmem_path_cost_v2"", ""selection_scope"": ""projected_prefix"", ""weight_profile"": ""wram_constrained""}",projected_prefix,greedy,upmem_path_cost_v2,generic_single_dpu_split_complex_v2,,,fdf75f3ed8a4766980fa2b93224bf257783b50b0f3e8490bf1a72728e3364d20,27b7aee8765d1f7e6dff4f899e1ae2bdf218ea11de8bc1d6e748597114e176c5,completed,,0.0032753990017226897,5,28160,2048,1456,1156,2612,0,0,,5,1,0.9047619047619047,3,3,upmem_pressure_v1,,,,upmem_path_cost_v2,wram_constrained,"{""caps"": {""dpu_to_host_payload_bytes"": 1048576.0, ""estimated_flops"": 2147614720.0, ""host_completion_events"": 4.0, ""host_to_dpu_payload_bytes"": 2097152.0, ""mram_dma_window_bytes_model"": 17180917760.0, ""mram_payload_pressure_ratio"": 1.0, ""numeric_representation_penalty"": 3.0, ""tile_iterations"": 1024.0, ""wram_known_pressure_ratio"": 1.0}, ""normalization_id"": ""fixed_log1p_generic_budgets_v2"", ""transform"": ""log1p(value)/log1p(cap)""}","{""caps"": {""application_max_contracted_combinations"": 4096, ""application_max_rank"": 16, ""application_max_tensor_elements"": 65536, ""native_abi_max_tensor_elements"": 65536}, ""dpu_parallelism_model"": ""single_dpu_serial_tasks"", ""host_completion_model"": ""one_synchronous_dpu_launch_per_real_component"", ""host_dpu_transfer_model"": ""per_real_component_operand_upload_and_output_download_no_reuse"", ""input_element_bytes"": 4, ""memory_budget_source"": ""configured_generic_dpu_policy_v2"", ""mram_capacity_bytes"": 67108864, ""mram_wram_transfer_model"": ""aligned_scalar_read_windows_and_aligned_output_tile_writes"", ""numeric_contract"": ""real_float32_or_split_real_imag_v2"", ""output_element_bytes"": 4, ""output_tile_elements"": 256, ""policy_id"": ""generic_single_dpu_split_complex_v2"", ""wram_budget_bytes"": 61440}",True,[],7040,2048,1156,5824,1156,6980,57480,7040,5,0.0,0.016796875,5,2048,5824,1156,57480,5,5,5,0,2816,786432,67108864,0.01171875,0.0078125,0.0078125,1032,61440,0.016796875,"{""dpu_to_host_payload_bytes"": 1156, ""estimated_flops"": 7040, ""feasibility"": true, ""host_completion_event_scope"": ""one_synchronous_dpu_launch_per_real_component"", ""host_completion_events"": 5, ""host_to_dpu_payload_bytes"": 5824, ""known_wram_static_bytes"": 1032, ""largest_tensor_bytes"": 2048, ""memory_budget_scope"": ""configured_modeled_budget_not_measured_runtime_occupancy"", ""mram_capacity_bytes"": 67108864, ""mram_dma_window_bytes_model"": 57480, ""mram_dma_window_scope"": ""modeled_aligned_request_volume_not_physical_bus_bytes"", ""mram_max_region_payload_ratio"": 0.0078125, ""mram_payload_pressure_ratio"": 0.0078125, ""mram_payload_pressure_scope"": ""maximum_single_buffer_payload_divided_by_fixed_native_buffer_capacity"", ""mram_static_reservation_pressure_ratio"": 0.01171875, ""native_static_mram_reservation_bytes"": 786432, ""numeric_component_invocations"": 5, ""numeric_recombination_flops"": 0, ""numeric_representation_penalty"": 0.0, ""rejection_reasons"": [], ""task_mram_payload_bytes"": 2816, ""tile_iterations"": 5, ""wram_budget_bytes"": 61440, ""wram_known_pressure_ratio"": 0.016796875}","{""dpu_to_host_payload_bytes"": 0.5088086224528889, ""estimated_flops"": 0.4123073652355447, ""host_completion_events"": 1.1132827525593785, ""host_to_dpu_payload_bytes"": 0.5956210440325314, ""mram_dma_window_bytes_model"": 0.46502225275960474, ""mram_payload_pressure_ratio"": 0.011227255423254121, ""numeric_representation_penalty"": 0.0, ""tile_iterations"": 0.2584598539004127, ""wram_known_pressure_ratio"": 0.02403150151674986}",0.016348953860652417,1,True,True,modeled,False
research_benchmark_pack_v1,thesis_planner_sensitivity_v2_planner_compare,planner_motif_flop_memory_tradeoff_sensitivity_v2,planner,0,planner_motif,True,flop_memory_tradeoff,6,6,3,4096,6,custom_upmem.greedy.v2.wram_constrained,custom_upmem,native_target_projected_prefix_greedy,fde812588671a3d9df7989613d74a726977d15c7159aab8025fab190502208a8,"{""algorithm"": ""greedy"", ""engine"": ""custom_upmem"", ""execution_policy"": ""generic_single_dpu_split_complex_v2"", ""normalization"": ""fixed_log1p_generic_budgets_v2"", ""numeric_contract"": ""real_float32_or_split_real_imag_v2"", ""objective_version"": ""upmem_path_cost_v2"", ""selection_scope"": ""projected_prefix"", ""weight_profile"": ""wram_constrained""}",projected_prefix,greedy,upmem_path_cost_v2,generic_single_dpu_split_complex_v2,,,1223fd93a2cb500156a1a2d25db25802ee5fe6e38a06cc5befdbe7042ad39739,87d2c5b75f2e57c32a68ebeb4e373cc33d86d8ffb5afdc15d13879bbf7f2c698,completed,,0.0031916420011839364,5,72960,2048,4802,1220,6022,0,0,,5,1,0.036425449247207385,3,3,upmem_pressure_v1,,,,upmem_path_cost_v2,wram_constrained,"{""caps"": {""dpu_to_host_payload_bytes"": 1048576.0, ""estimated_flops"": 2147614720.0, ""host_completion_events"": 4.0, ""host_to_dpu_payload_bytes"": 2097152.0, ""mram_dma_window_bytes_model"": 17180917760.0, ""mram_payload_pressure_ratio"": 1.0, ""numeric_representation_penalty"": 3.0, ""tile_iterations"": 1024.0, ""wram_known_pressure_ratio"": 1.0}, ""normalization_id"": ""fixed_log1p_generic_budgets_v2"", ""transform"": ""log1p(value)/log1p(cap)""}","{""caps"": {""application_max_contracted_combinations"": 4096, ""application_max_rank"": 16, ""application_max_tensor_elements"": 65536, ""native_abi_max_tensor_elements"": 65536}, ""dpu_parallelism_model"": ""single_dpu_serial_tasks"", ""host_completion_model"": ""one_synchronous_dpu_launch_per_real_component"", ""host_dpu_transfer_model"": ""per_real_component_operand_upload_and_output_download_no_reuse"", ""input_element_bytes"": 4, ""memory_budget_source"": ""configured_generic_dpu_policy_v2"", ""mram_capacity_bytes"": 67108864, ""mram_wram_transfer_model"": ""aligned_scalar_read_windows_and_aligned_output_tile_writes"", ""numeric_contract"": ""real_float32_or_split_real_imag_v2"", ""output_element_bytes"": 4, ""output_tile_elements"": 256, ""policy_id"": ""generic_single_dpu_split_complex_v2"", ""wram_budget_bytes"": 61440}",True,[],18240,16384,1220,19208,1220,20428,147144,18240,5,0.0,0.016796875,5,16384,19208,1220,147144,5,5,5,0,17408,786432,67108864,0.01171875,0.0625,0.0625,1032,61440,0.016796875,"{""dpu_to_host_payload_bytes"": 1220, ""estimated_flops"": 18240, ""feasibility"": true, ""host_completion_event_scope"": ""one_synchronous_dpu_launch_per_real_component"", ""host_completion_events"": 5, ""host_to_dpu_payload_bytes"": 19208, ""known_wram_static_bytes"": 1032, ""largest_tensor_bytes"": 16384, ""memory_budget_scope"": ""configured_modeled_budget_not_measured_runtime_occupancy"", ""mram_capacity_bytes"": 67108864, ""mram_dma_window_bytes_model"": 147144, ""mram_dma_window_scope"": ""modeled_aligned_request_volume_not_physical_bus_bytes"", ""mram_max_region_payload_ratio"": 0.0625, ""mram_payload_pressure_ratio"": 0.0625, ""mram_payload_pressure_scope"": ""maximum_single_buffer_payload_divided_by_fixed_native_buffer_capacity"", ""mram_static_reservation_pressure_ratio"": 0.01171875, ""native_static_mram_reservation_bytes"": 786432, ""numeric_component_invocations"": 5, ""numeric_recombination_flops"": 0, ""numeric_representation_penalty"": 0.0, ""rejection_reasons"": [], ""task_mram_payload_bytes"": 17408, ""tile_iterations"": 5, ""wram_budget_bytes"": 61440, ""wram_known_pressure_ratio"": 0.016796875}","{""dpu_to_host_payload_bytes"": 0.512692338979712, ""estimated_flops"": 0.4566082902009858, ""host_completion_events"": 1.1132827525593785, ""host_to_dpu_payload_bytes"": 0.6775949680575427, ""mram_dma_window_bytes_model"": 0.5049068981271256, ""mram_payload_pressure_ratio"": 0.0874628412503394, ""numeric_representation_penalty"": 0.0, ""tile_iterations"": 0.2584598539004127, ""wram_known_pressure_ratio"": 0.02403150151674986}",0.06209030535690359,1,True,True,modeled,False
research_benchmark_pack_v1,thesis_planner_semantic_v2_planner_compare,planner_motif_chain_semantic_v2,planner,0,planner_motif,True,chain,5,4,2,128,5,opt_einsum.auto,opt_einsum,external_path_optimizer,e4fe2eea8b9aaa935b91fc73f8e7b5a4d59746c545686b2803cb83e99dd31633,"{""engine"": ""opt_einsum"", ""opt_einsum_version"": ""3.4.0"", ""optimize"": ""auto""}",,auto,opt_einsum_contract_path,opt_einsum_internal,,,f9efc3b3eb42bbfbad2b98157459a2b7044b951042ecd699dbd609e7e31b7003,402508a998fbda10bf147af2620987d17ceee46df6ccf0c3d8b35b90ee7d7c04,completed,,0.00027005599986296147,4,1808,512,280,148,428,0,0,,4,1,2.0,3,1,upmem_pressure_v1,,,,upmem_path_cost_v2,balanced_literature_informed,"{""caps"": {""dpu_to_host_payload_bytes"": 1048576.0, ""estimated_flops"": 2147614720.0, ""host_completion_events"": 4.0, ""host_to_dpu_payload_bytes"": 2097152.0, ""mram_dma_window_bytes_model"": 17180917760.0, ""mram_payload_pressure_ratio"": 1.0, ""numeric_representation_penalty"": 3.0, ""tile_iterations"": 1024.0, ""wram_known_pressure_ratio"": 1.0}, ""normalization_id"": ""fixed_log1p_generic_budgets_v2"", ""transform"": ""log1p(value)/log1p(cap)""}","{""caps"": {""application_max_contracted_combinations"": 4096, ""application_max_rank"": 16, ""application_max_tensor_elements"": 65536, ""native_abi_max_tensor_elements"": 65536}, ""dpu_parallelism_model"": ""single_dpu_serial_tasks"", ""host_completion_model"": ""one_synchronous_dpu_launch_per_real_component"", ""host_dpu_transfer_model"": ""per_real_component_operand_upload_and_output_download_no_reuse"", ""input_element_bytes"": 4, ""memory_budget_source"": ""configured_generic_dpu_policy_v2"", ""mram_capacity_bytes"": 67108864, ""mram_wram_transfer_model"": ""aligned_scalar_read_windows_and_aligned_output_tile_writes"", ""numeric_contract"": ""real_float32_or_split_real_imag_v2"", ""output_element_bytes"": 4, ""output_tile_elements"": 256, ""policy_id"": ""generic_single_dpu_split_complex_v2"", ""wram_budget_bytes"": 61440}",True,[],452,512,148,1120,148,1268,3768,452,4,0.0,0.016796875,4,512,1120,148,3768,4,4,4,0,656,786432,67108864,0.01171875,0.001953125,0.001953125,1032,61440,0.016796875,"{""dpu_to_host_payload_bytes"": 148, ""estimated_flops"": 452, ""feasibility"": true, ""host_completion_event_scope"": ""one_synchronous_dpu_launch_per_real_component"", ""host_completion_events"": 4, ""host_to_dpu_payload_bytes"": 1120, ""known_wram_static_bytes"": 1032, ""largest_tensor_bytes"": 512, ""memory_budget_scope"": ""configured_modeled_budget_not_measured_runtime_occupancy"", ""mram_capacity_bytes"": 67108864, ""mram_dma_window_bytes_model"": 3768, ""mram_dma_window_scope"": ""modeled_aligned_request_volume_not_physical_bus_bytes"", ""mram_max_region_payload_ratio"": 0.001953125, ""mram_payload_pressure_ratio"": 0.001953125, ""mram_payload_pressure_scope"": ""maximum_single_buffer_payload_divided_by_fixed_native_buffer_capacity"", ""mram_static_reservation_pressure_ratio"": 0.01171875, ""native_static_mram_reservation_bytes"": 786432, ""numeric_component_invocations"": 4, ""numeric_recombination_flops"": 0, ""numeric_representation_penalty"": 0.0, ""rejection_reasons"": [], ""task_mram_payload_bytes"": 656, ""tile_iterations"": 4, ""wram_budget_bytes"": 61440, ""wram_known_pressure_ratio"": 0.016796875}","{""dpu_to_host_payload_bytes"": 0.3609584011916869, ""estimated_flops"": 0.2846239412266238, ""host_completion_events"": 1.0, ""host_to_dpu_payload_bytes"": 0.48240810623534314, ""mram_dma_window_bytes_model"": 0.34940986215433956, ""mram_payload_pressure_ratio"": 0.0028150156070540383, ""numeric_representation_penalty"": 0.0, ""tile_iterations"": 0.23216011683126064, ""wram_known_pressure_ratio"": 0.02403150151674986}",0.34439742543016294,1,False,True,modeled,False
research_benchmark_pack_v1,thesis_planner_semantic_v2_planner_compare,planner_motif_balanced_tree_semantic_v2,planner,0,planner_motif,True,balanced_tree,7,6,3,2048,7,opt_einsum.auto,opt_einsum,external_path_optimizer,e4fe2eea8b9aaa935b91fc73f8e7b5a4d59746c545686b2803cb83e99dd31633,"{""engine"": ""opt_einsum"", ""opt_einsum_version"": ""3.4.0"", ""optimize"": ""auto""}",,auto,opt_einsum_contract_path,opt_einsum_internal,,,85381ccd9d7d47c0886a1adbff0a9826ddca119e1223baeb27d0da9a641361ee,0b242a757b43478ba7247e8c2f1847a678c6df5c8285247c29a53d4a353fc335,completed,,0.0003983349997724872,6,19024,2048,2444,700,3144,0,0,,6,1,0.007162041181736795,2,1,upmem_pressure_v1,,,,upmem_path_cost_v2,balanced_literature_informed,"{""caps"": {""dpu_to_host_payload_bytes"": 1048576.0, ""estimated_flops"": 2147614720.0, ""host_completion_events"": 4.0, ""host_to_dpu_payload_bytes"": 2097152.0, ""mram_dma_window_bytes_model"": 17180917760.0, ""mram_payload_pressure_ratio"": 1.0, ""numeric_representation_penalty"": 3.0, ""tile_iterations"": 1024.0, ""wram_known_pressure_ratio"": 1.0}, ""normalization_id"": ""fixed_log1p_generic_budgets_v2"", ""transform"": ""log1p(value)/log1p(cap)""}","{""caps"": {""application_max_contracted_combinations"": 4096, ""application_max_rank"": 16, ""application_max_tensor_elements"": 65536, ""native_abi_max_tensor_elements"": 65536}, ""dpu_parallelism_model"": ""single_dpu_serial_tasks"", ""host_completion_model"": ""one_synchronous_dpu_launch_per_real_component"", ""host_dpu_transfer_model"": ""per_real_component_operand_upload_and_output_download_no_reuse"", ""input_element_bytes"": 4, ""memory_budget_source"": ""configured_generic_dpu_policy_v2"", ""mram_capacity_bytes"": 67108864, ""mram_wram_transfer_model"": ""aligned_scalar_read_windows_and_aligned_output_tile_writes"", ""numeric_contract"": ""real_float32_or_split_real_imag_v2"", ""output_element_bytes"": 4, ""output_tile_elements"": 256, ""policy_id"": ""generic_single_dpu_split_complex_v2"", ""wram_budget_bytes"": 61440}",True,[],4756,8192,700,9776,700,10476,38752,4756,6,0.0,0.016796875,6,8192,9776,700,38752,6,6,6,0,8768,786432,67108864,0.01171875,0.03125,0.03125,1032,61440,0.016796875,"{""dpu_to_host_payload_bytes"": 700, ""estimated_flops"": 4756, ""feasibility"": true, ""host_completion_event_scope"": ""one_synchronous_dpu_launch_per_real_component"", ""host_completion_events"": 6, ""host_to_dpu_payload_bytes"": 9776, ""known_wram_static_bytes"": 1032, ""largest_tensor_bytes"": 8192, ""memory_budget_scope"": ""configured_modeled_budget_not_measured_runtime_occupancy"", ""mram_capacity_bytes"": 67108864, ""mram_dma_window_bytes_model"": 38752, ""mram_dma_window_scope"": ""modeled_aligned_request_volume_not_physical_bus_bytes"", ""mram_max_region_payload_ratio"": 0.03125, ""mram_payload_pressure_ratio"": 0.03125, ""mram_payload_pressure_scope"": ""maximum_single_buffer_payload_divided_by_fixed_native_buffer_capacity"", ""mram_static_reservation_pressure_ratio"": 0.01171875, ""native_static_mram_reservation_bytes"": 786432, ""numeric_component_invocations"": 6, ""numeric_recombination_flops"": 0, ""numeric_representation_penalty"": 0.0, ""rejection_reasons"": [], ""task_mram_payload_bytes"": 8768, ""tile_iterations"": 6, ""wram_budget_bytes"": 61440, ""wram_known_pressure_ratio"": 0.016796875}","{""dpu_to_host_payload_bytes"": 0.47266349918457806, ""estimated_flops"": 0.3940581165136442, ""host_completion_events"": 1.2090619551221675, ""host_to_dpu_payload_bytes"": 0.6311988430113724, ""mram_dma_window_bytes_model"": 0.44829355602228244, ""mram_payload_pressure_ratio"": 0.044394119358453436, ""numeric_representation_penalty"": 0.0, ""tile_iterations"": 0.28069596475739483, ""wram_known_pressure_ratio"": 0.02403150151674986}",0.44484851653764895,1,False,True,modeled,False
research_benchmark_pack_v1,thesis_planner_semantic_v2_planner_compare,planner_motif_star_semantic_v2,planner,0,planner_motif,True,star,5,4,4,1024,5,opt_einsum.auto,opt_einsum,external_path_optimizer,e4fe2eea8b9aaa935b91fc73f8e7b5a4d59746c545686b2803cb83e99dd31633,"{""engine"": ""opt_einsum"", ""opt_einsum_version"": ""3.4.0"", ""optimize"": ""auto""}",,auto,opt_einsum_contract_path,opt_einsum_internal,,,d5121bcb9e5a32b0a5a6fce3da7abe41194f2c0ec9fda891263b2b653dbce3c9,6492471c75a3ced3ee79dea193330c76dd68378980442711df9a349e0c90e453,completed,,0.0003531600013957359,4,8784,1024,1128,300,1428,0,0,,4,1,0.0,1,1,upmem_pressure_v1,,,,upmem_path_cost_v2,balanced_literature_informed,"{""caps"": {""dpu_to_host_payload_bytes"": 1048576.0, ""estimated_flops"": 2147614720.0, ""host_completion_events"": 4.0, ""host_to_dpu_payload_bytes"": 2097152.0, ""mram_dma_window_bytes_model"": 17180917760.0, ""mram_payload_pressure_ratio"": 1.0, ""numeric_representation_penalty"": 3.0, ""tile_iterations"": 1024.0, ""wram_known_pressure_ratio"": 1.0}, ""normalization_id"": ""fixed_log1p_generic_budgets_v2"", ""transform"": ""log1p(value)/log1p(cap)""}","{""caps"": {""application_max_contracted_combinations"": 4096, ""application_max_rank"": 16, ""application_max_tensor_elements"": 65536, ""native_abi_max_tensor_elements"": 65536}, ""dpu_parallelism_model"": ""single_dpu_serial_tasks"", ""host_completion_model"": ""one_synchronous_dpu_launch_per_real_component"", ""host_dpu_transfer_model"": ""per_real_component_operand_upload_and_output_download_no_reuse"", ""input_element_bytes"": 4, ""memory_budget_source"": ""configured_generic_dpu_policy_v2"", ""mram_capacity_bytes"": 67108864, ""mram_wram_transfer_model"": ""aligned_scalar_read_windows_and_aligned_output_tile_writes"", ""numeric_contract"": ""real_float32_or_split_real_imag_v2"", ""output_element_bytes"": 4, ""output_tile_elements"": 256, ""policy_id"": ""generic_single_dpu_split_complex_v2"", ""wram_budget_bytes"": 61440}",True,[],2196,4096,300,4512,300,4812,17872,2196,4,0.0,0.016796875,4,4096,4512,300,17872,4,4,4,0,4416,786432,67108864,0.01171875,0.015625,0.015625,1032,61440,0.016796875,"{""dpu_to_host_payload_bytes"": 300, ""estimated_flops"": 2196, ""feasibility"": true, ""host_completion_event_scope"": ""one_synchronous_dpu_launch_per_real_component"", ""host_completion_events"": 4, ""host_to_dpu_payload_bytes"": 4512, ""known_wram_static_bytes"": 1032, ""largest_tensor_bytes"": 4096, ""memory_budget_scope"": ""configured_modeled_budget_not_measured_runtime_occupancy"", ""mram_capacity_bytes"": 67108864, ""mram_dma_window_bytes_model"": 17872, ""mram_dma_window_scope"": ""modeled_aligned_request_volume_not_physical_bus_bytes"", ""mram_max_region_payload_ratio"": 0.015625, ""mram_payload_pressure_ratio"": 0.015625, ""mram_payload_pressure_scope"": ""maximum_single_buffer_payload_divided_by_fixed_native_buffer_capacity"", ""mram_static_reservation_pressure_ratio"": 0.01171875, ""native_static_mram_reservation_bytes"": 786432, ""numeric_component_invocations"": 4, ""numeric_recombination_flops"": 0, ""numeric_representation_penalty"": 0.0, ""rejection_reasons"": [], ""task_mram_payload_bytes"": 4416, ""tile_iterations"": 4, ""wram_budget_bytes"": 61440, ""wram_known_pressure_ratio"": 0.016796875}","{""dpu_to_host_payload_bytes"": 0.4116809555172058, ""estimated_flops"": 0.35810605232498594, ""host_completion_events"": 1.0, ""host_to_dpu_payload_bytes"": 0.5780890793108292, ""mram_dma_window_bytes_model"": 0.4154546355929406, ""mram_payload_pressure_ratio"": 0.02236781302845451, ""numeric_representation_penalty"": 0.0, ""tile_iterations"": 0.23216011683126064, ""wram_known_pressure_ratio"": 0.02403150151674986}",0.3938428214411426,1,False,True,modeled,False
research_benchmark_pack_v1,thesis_planner_semantic_v2_planner_compare,planner_motif_cycle_semantic_v2,planner,0,planner_motif,True,cycle,4,4,2,128,4,opt_einsum.auto,opt_einsum,external_path_optimizer,e4fe2eea8b9aaa935b91fc73f8e7b5a4d59746c545686b2803cb83e99dd31633,"{""engine"": ""opt_einsum"", ""opt_einsum_version"": ""3.4.0"", ""optimize"": ""auto""}",,auto,opt_einsum_contract_path,opt_einsum_internal,,,f58e7acd7fe4f830f162cabc86f530d5ec26c371be4fa92331099954503b76d1,4f3bbb0466a245494e4549f3e795695e6a5d1b4eb7f365b7558d53bed75706fb,completed,,0.0001629049984330777,3,3136,128,304,68,372,0,0,,3,1,0.0,1,1,upmem_pressure_v1,,,,upmem_path_cost_v2,balanced_literature_informed,"{""caps"": {""dpu_to_host_payload_bytes"": 1048576.0, ""estimated_flops"": 2147614720.0, ""host_completion_events"": 4.0, ""host_to_dpu_payload_bytes"": 2097152.0, ""mram_dma_window_bytes_model"": 17180917760.0, ""mram_payload_pressure_ratio"": 1.0, ""numeric_representation_penalty"": 3.0, ""tile_iterations"": 1024.0, ""wram_known_pressure_ratio"": 1.0}, ""normalization_id"": ""fixed_log1p_generic_budgets_v2"", ""transform"": ""log1p(value)/log1p(cap)""}","{""caps"": {""application_max_contracted_combinations"": 4096, ""application_max_rank"": 16, ""application_max_tensor_elements"": 65536, ""native_abi_max_tensor_elements"": 65536}, ""dpu_parallelism_model"": ""single_dpu_serial_tasks"", ""host_completion_model"": ""one_synchronous_dpu_launch_per_real_component"", ""host_dpu_transfer_model"": ""per_real_component_operand_upload_and_output_download_no_reuse"", ""input_element_bytes"": 4, ""memory_budget_source"": ""configured_generic_dpu_policy_v2"", ""mram_capacity_bytes"": 67108864, ""mram_wram_transfer_model"": ""aligned_scalar_read_windows_and_aligned_output_tile_writes"", ""numeric_contract"": ""real_float32_or_split_real_imag_v2"", ""output_element_bytes"": 4, ""output_tile_elements"": 256, ""policy_id"": ""generic_single_dpu_split_complex_v2"", ""wram_budget_bytes"": 61440}",True,[],784,512,68,1216,68,1284,6344,784,3,0.0,0.016796875,3,512,1216,68,6344,3,3,3,0,800,786432,67108864,0.01171875,0.001953125,0.001953125,1032,61440,0.016796875,"{""dpu_to_host_payload_bytes"": 68, ""estimated_flops"": 784, ""feasibility"": true, ""host_completion_event_scope"": ""one_synchronous_dpu_launch_per_real_component"", ""host_completion_events"": 3, ""host_to_dpu_payload_bytes"": 1216, ""known_wram_static_bytes"": 1032, ""largest_tensor_bytes"": 512, ""memory_budget_scope"": ""configured_modeled_budget_not_measured_runtime_occupancy"", ""mram_capacity_bytes"": 67108864, ""mram_dma_window_bytes_model"": 6344, ""mram_dma_window_scope"": ""modeled_aligned_request_volume_not_physical_bus_bytes"", ""mram_max_region_payload_ratio"": 0.001953125, ""mram_payload_pressure_ratio"": 0.001953125, ""mram_payload_pressure_scope"": ""maximum_single_buffer_payload_divided_by_fixed_native_buffer_capacity"", ""mram_static_reservation_pressure_ratio"": 0.01171875, ""native_static_mram_reservation_bytes"": 786432, ""numeric_component_invocations"": 3, ""numeric_recombination_flops"": 0, ""numeric_representation_penalty"": 0.0, ""rejection_reasons"": [], ""task_mram_payload_bytes"": 800, ""tile_iterations"": 3, ""wram_budget_bytes"": 61440, ""wram_known_pressure_ratio"": 0.016796875}","{""dpu_to_host_payload_bytes"": 0.30542620182771535, ""estimated_flops"": 0.3102103718965647, ""host_completion_events"": 0.8613531161467861, ""host_to_dpu_payload_bytes"": 0.4880530055698671, ""mram_dma_window_bytes_model"": 0.37151093341931674, ""mram_payload_pressure_ratio"": 0.0028150156070540383, ""numeric_representation_penalty"": 0.0, ""tile_iterations"": 0.1999718400776083, ""wram_known_pressure_ratio"": 0.02403150151674986}",0.3378102700596196,1,False,True,modeled,False
research_benchmark_pack_v1,thesis_planner_semantic_v2_planner_compare,planner_motif_grid_semantic_v2,planner,0,planner_motif,True,grid,6,7,3,512,6,opt_einsum.auto,opt_einsum,external_path_optimizer,e4fe2eea8b9aaa935b91fc73f8e7b5a4d59746c545686b2803cb83e99dd31633,"{""engine"": ""opt_einsum"", ""opt_einsum_version"": ""3.4.0"", ""optimize"": ""auto""}",,auto,opt_einsum_contract_path,opt_einsum_internal,,,e521433cff6d3d642b2b6d15bbde6e3511745ffce9330c277ea1575ffbee36d2,da81d071574ba23cc6aa5420b8cc7c916181fb3765831e26e143daf57598fae4,completed,,0.0005742239991377573,5,18496,1024,1304,548,1852,0,0,,5,1,0.0,1,1,upmem_pressure_v1,,,,upmem_path_cost_v2,balanced_literature_informed,"{""caps"": {""dpu_to_host_payload_bytes"": 1048576.0, ""estimated_flops"": 2147614720.0, ""host_completion_events"": 4.0, ""host_to_dpu_payload_bytes"": 2097152.0, ""mram_dma_window_bytes_model"": 17180917760.0, ""mram_payload_pressure_ratio"": 1.0, ""numeric_representation_penalty"": 3.0, ""tile_iterations"": 1024.0, ""wram_known_pressure_ratio"": 1.0}, ""normalization_id"": ""fixed_log1p_generic_budgets_v2"", ""transform"": ""log1p(value)/log1p(cap)""}","{""caps"": {""application_max_contracted_combinations"": 4096, ""application_max_rank"": 16, ""application_max_tensor_elements"": 65536, ""native_abi_max_tensor_elements"": 65536}, ""dpu_parallelism_model"": ""single_dpu_serial_tasks"", ""host_completion_model"": ""one_synchronous_dpu_launch_per_real_component"", ""host_dpu_transfer_model"": ""per_real_component_operand_upload_and_output_download_no_reuse"", ""input_element_bytes"": 4, ""memory_budget_source"": ""configured_generic_dpu_policy_v2"", ""mram_capacity_bytes"": 67108864, ""mram_wram_transfer_model"": ""aligned_scalar_read_windows_and_aligned_output_tile_writes"", ""numeric_contract"": ""real_float32_or_split_real_imag_v2"", ""output_element_bytes"": 4, ""output_tile_elements"": 256, ""policy_id"": ""generic_single_dpu_split_complex_v2"", ""wram_budget_bytes"": 61440}",True,[],4624,2048,548,5216,548,5764,37544,4624,5,0.0,0.016796875,5,2048,5216,548,37544,5,5,5,0,2432,786432,67108864,0.01171875,0.0078125,0.0078125,1032,61440,0.016796875,"{""dpu_to_host_payload_bytes"": 548, ""estimated_flops"": 4624, ""feasibility"": true, ""host_completion_event_scope"": ""one_synchronous_dpu_launch_per_real_component"", ""host_completion_events"": 5, ""host_to_dpu_payload_bytes"": 5216, ""known_wram_static_bytes"": 1032, ""largest_tensor_bytes"": 2048, ""memory_budget_scope"": ""configured_modeled_budget_not_measured_runtime_occupancy"", ""mram_capacity_bytes"": 67108864, ""mram_dma_window_bytes_model"": 37544, ""mram_dma_window_scope"": ""modeled_aligned_request_volume_not_physical_bus_bytes"", ""mram_max_region_payload_ratio"": 0.0078125, ""mram_payload_pressure_ratio"": 0.0078125, ""mram_payload_pressure_scope"": ""maximum_single_buffer_payload_divided_by_fixed_native_buffer_capacity"", ""mram_static_reservation_pressure_ratio"": 0.01171875, ""native_static_mram_reservation_bytes"": 786432, ""numeric_component_invocations"": 5, ""numeric_recombination_flops"": 0, ""numeric_representation_penalty"": 0.0, ""rejection_reasons"": [], ""task_mram_payload_bytes"": 2432, ""tile_iterations"": 5, ""wram_budget_bytes"": 61440, ""wram_known_pressure_ratio"": 0.016796875}","{""dpu_to_host_payload_bytes"": 0.45503308564715633, ""estimated_flops"": 0.3927484860505993, ""host_completion_events"": 1.1132827525593785, ""host_to_dpu_payload_bytes"": 0.5880478244519878, ""mram_dma_window_bytes_model"": 0.44694981812475565, ""mram_payload_pressure_ratio"": 0.011227255423254121, ""numeric_representation_penalty"": 0.0, ""tile_iterations"": 0.2584598539004127, ""wram_known_pressure_ratio"": 0.02403150151674986}",0.42455011888571564,1,False,True,modeled,False
research_benchmark_pack_v1,thesis_planner_semantic_v2_planner_compare,planner_motif_flop_memory_tradeoff_semantic_v2,planner,0,planner_motif,True,flop_memory_tradeoff,6,6,3,4096,6,opt_einsum.auto,opt_einsum,external_path_optimizer,e4fe2eea8b9aaa935b91fc73f8e7b5a4d59746c545686b2803cb83e99dd31633,"{""engine"": ""opt_einsum"", ""opt_einsum_version"": ""3.4.0"", ""optimize"": ""auto""}",,auto,opt_einsum_contract_path,opt_einsum_internal,,,df19ed11ad05dfd77078a0d4580fa50a4e742f9c750429c82b4c3a18381773ec,3394fda9928b4bf1b93d4ec8cf0a4d52cb8a2275ee8283e41ae8e5ae0bf8daed,completed,,0.0005942110001342371,5,40064,4096,4842,1380,6222,0,0,,5,1,0.07839696689592504,2,1,upmem_pressure_v1,,,,upmem_path_cost_v2,balanced_literature_informed,"{""caps"": {""dpu_to_host_payload_bytes"": 1048576.0, ""estimated_flops"": 2147614720.0, ""host_completion_events"": 4.0, ""host_to_dpu_payload_bytes"": 2097152.0, ""mram_dma_window_bytes_model"": 17180917760.0, ""mram_payload_pressure_ratio"": 1.0, ""numeric_representation_penalty"": 3.0, ""tile_iterations"": 1024.0, ""wram_known_pressure_ratio"": 1.0}, ""normalization_id"": ""fixed_log1p_generic_budgets_v2"", ""transform"": ""log1p(value)/log1p(cap)""}","{""caps"": {""application_max_contracted_combinations"": 4096, ""application_max_rank"": 16, ""application_max_tensor_elements"": 65536, ""native_abi_max_tensor_elements"": 65536}, ""dpu_parallelism_model"": ""single_dpu_serial_tasks"", ""host_completion_model"": ""one_synchronous_dpu_launch_per_real_component"", ""host_dpu_transfer_model"": ""per_real_component_operand_upload_and_output_download_no_reuse"", ""input_element_bytes"": 4, ""memory_budget_source"": ""configured_generic_dpu_policy_v2"", ""mram_capacity_bytes"": 67108864, ""mram_wram_transfer_model"": ""aligned_scalar_read_windows_and_aligned_output_tile_writes"", ""numeric_contract"": ""real_float32_or_split_real_imag_v2"", ""output_element_bytes"": 4, ""output_tile_elements"": 256, ""policy_id"": ""generic_single_dpu_split_complex_v2"", ""wram_budget_bytes"": 61440}",True,[],10016,16384,1380,19368,1380,20748,81512,10016,5,0.0,0.016796875,5,16384,19368,1380,81512,5,5,5,0,17472,786432,67108864,0.01171875,0.0625,0.0625,1032,61440,0.016796875,"{""dpu_to_host_payload_bytes"": 1380, ""estimated_flops"": 10016, ""feasibility"": true, ""host_completion_event_scope"": ""one_synchronous_dpu_launch_per_real_component"", ""host_completion_events"": 5, ""host_to_dpu_payload_bytes"": 19368, ""known_wram_static_bytes"": 1032, ""largest_tensor_bytes"": 16384, ""memory_budget_scope"": ""configured_modeled_budget_not_measured_runtime_occupancy"", ""mram_capacity_bytes"": 67108864, ""mram_dma_window_bytes_model"": 81512, ""mram_dma_window_scope"": ""modeled_aligned_request_volume_not_physical_bus_bytes"", ""mram_max_region_payload_ratio"": 0.0625, ""mram_payload_pressure_ratio"": 0.0625, ""mram_payload_pressure_scope"": ""maximum_single_buffer_payload_divided_by_fixed_native_buffer_capacity"", ""mram_static_reservation_pressure_ratio"": 0.01171875, ""native_static_mram_reservation_bytes"": 786432, ""numeric_component_invocations"": 5, ""numeric_recombination_flops"": 0, ""numeric_representation_penalty"": 0.0, ""rejection_reasons"": [], ""task_mram_payload_bytes"": 17472, ""tile_iterations"": 5, ""wram_budget_bytes"": 61440, ""wram_known_pressure_ratio"": 0.016796875}","{""dpu_to_host_payload_bytes"": 0.5215748443321899, ""estimated_flops"": 0.4287137138455467, ""host_completion_events"": 1.1132827525593785, ""host_to_dpu_payload_bytes"": 0.6781648278160634, ""mram_dma_window_bytes_model"": 0.4798441262410414, ""mram_payload_pressure_ratio"": 0.0874628412503394, ""numeric_representation_penalty"": 0.0, ""tile_iterations"": 0.2584598539004127, ""wram_known_pressure_ratio"": 0.02403150151674986}",0.4607767051879269,1,False,True,modeled,False
research_benchmark_pack_v1,thesis_planner_semantic_v2_planner_compare,planner_motif_chain_semantic_v2,planner,0,planner_motif,True,chain,5,4,2,128,5,opt_einsum.greedy,opt_einsum,external_path_optimizer,2197acf1524706bd82747388500c1b3a4fe50aefeb9d40cdf554575733b0b275,"{""engine"": ""opt_einsum"", ""opt_einsum_version"": ""3.4.0"", ""optimize"": ""greedy""}",,greedy,opt_einsum_contract_path,opt_einsum_internal,,,42978be873f725491a5e12e6b5f3e135bf1fe698daf680a31112d4fd3c6dcd36,62ed1d6c7dea35114d7ca4389e24d3f52f740ae9a83d0f8f80c0a795b78eb6d5,completed,,0.00015852700016694143,4,2384,128,256,52,308,0,0,,4,1,0.0,1,2,upmem_pressure_v1,,,,upmem_path_cost_v2,balanced_literature_informed,"{""caps"": {""dpu_to_host_payload_bytes"": 1048576.0, ""estimated_flops"": 2147614720.0, ""host_completion_events"": 4.0, ""host_to_dpu_payload_bytes"": 2097152.0, ""mram_dma_window_bytes_model"": 17180917760.0, ""mram_payload_pressure_ratio"": 1.0, ""numeric_representation_penalty"": 3.0, ""tile_iterations"": 1024.0, ""wram_known_pressure_ratio"": 1.0}, ""normalization_id"": ""fixed_log1p_generic_budgets_v2"", ""transform"": ""log1p(value)/log1p(cap)""}","{""caps"": {""application_max_contracted_combinations"": 4096, ""application_max_rank"": 16, ""application_max_tensor_elements"": 65536, ""native_abi_max_tensor_elements"": 65536}, ""dpu_parallelism_model"": ""single_dpu_serial_tasks"", ""host_completion_model"": ""one_synchronous_dpu_launch_per_real_component"", ""host_dpu_transfer_model"": ""per_real_component_operand_upload_and_output_download_no_reuse"", ""input_element_bytes"": 4, ""memory_budget_source"": ""configured_generic_dpu_policy_v2"", ""mram_capacity_bytes"": 67108864, ""mram_wram_transfer_model"": ""aligned_scalar_read_windows_and_aligned_output_tile_writes"", ""numeric_contract"": ""real_float32_or_split_real_imag_v2"", ""output_element_bytes"": 4, ""output_tile_elements"": 256, ""policy_id"": ""generic_single_dpu_split_complex_v2"", ""wram_budget_bytes"": 61440}",True,[],596,512,52,1024,52,1076,4824,596,4,0.0,0.016796875,4,512,1024,52,4824,4,4,4,0,800,786432,67108864,0.01171875,0.001953125,0.001953125,1032,61440,0.016796875,"{""dpu_to_host_payload_bytes"": 52, ""estimated_flops"": 596, ""feasibility"": true, ""host_completion_event_scope"": ""one_synchronous_dpu_launch_per_real_component"", ""host_completion_events"": 4, ""host_to_dpu_payload_bytes"": 1024, ""known_wram_static_bytes"": 1032, ""largest_tensor_bytes"": 512, ""memory_budget_scope"": ""configured_modeled_budget_not_measured_runtime_occupancy"", ""mram_capacity_bytes"": 67108864, ""mram_dma_window_bytes_model"": 4824, ""mram_dma_window_scope"": ""modeled_aligned_request_volume_not_physical_bus_bytes"", ""mram_max_region_payload_ratio"": 0.001953125, ""mram_payload_pressure_ratio"": 0.001953125, ""mram_payload_pressure_scope"": ""maximum_single_buffer_payload_divided_by_fixed_native_buffer_capacity"", ""mram_static_reservation_pressure_ratio"": 0.01171875, ""native_static_mram_reservation_bytes"": 786432, ""numeric_component_invocations"": 4, ""numeric_recombination_flops"": 0, ""numeric_representation_penalty"": 0.0, ""rejection_reasons"": [], ""task_mram_payload_bytes"": 800, ""tile_iterations"": 4, ""wram_budget_bytes"": 61440, ""wram_known_pressure_ratio"": 0.016796875}","{""dpu_to_host_payload_bytes"": 0.28639600302611185, ""estimated_flops"": 0.2974697073591727, ""host_completion_events"": 1.0, ""host_to_dpu_payload_bytes"": 0.4762575174647984, ""mram_dma_window_bytes_model"": 0.3598906334637568, ""mram_payload_pressure_ratio"": 0.0028150156070540383, ""numeric_representation_penalty"": 0.0, ""tile_iterations"": 0.23216011683126064, ""wram_known_pressure_ratio"": 0.02403150151674986}",0.34505431300132317,2,False,False,modeled,False
research_benchmark_pack_v1,thesis_planner_semantic_v2_planner_compare,planner_motif_balanced_tree_semantic_v2,planner,0,planner_motif,True,balanced_tree,7,6,3,2048,7,opt_einsum.greedy,opt_einsum,external_path_optimizer,2197acf1524706bd82747388500c1b3a4fe50aefeb9d40cdf554575733b0b275,"{""engine"": ""opt_einsum"", ""opt_einsum_version"": ""3.4.0"", ""optimize"": ""greedy""}",,greedy,opt_einsum_contract_path,opt_einsum_internal,,,158772be518dd2cc5e15d8d4f8f04ff6f9468ea1052eb554716d042b1e5da8f1,4529cc774fb79083da2a4cad3bf1315e778e60e8a9ae7a7b91da76bd6295c852,completed,,0.000210474001505645,6,21200,2048,2428,636,3064,0,0,,6,1,0.0,1,2,upmem_pressure_v1,,,,upmem_path_cost_v2,balanced_literature_informed,"{""caps"": {""dpu_to_host_payload_bytes"": 1048576.0, ""estimated_flops"": 2147614720.0, ""host_completion_events"": 4.0, ""host_to_dpu_payload_bytes"": 2097152.0, ""mram_dma_window_bytes_model"": 17180917760.0, ""mram_payload_pressure_ratio"": 1.0, ""numeric_representation_penalty"": 3.0, ""tile_iterations"": 1024.0, ""wram_known_pressure_ratio"": 1.0}, ""normalization_id"": ""fixed_log1p_generic_budgets_v2"", ""transform"": ""log1p(value)/log1p(cap)""}","{""caps"": {""application_max_contracted_combinations"": 4096, ""application_max_rank"": 16, ""application_max_tensor_elements"": 65536, ""native_abi_max_tensor_elements"": 65536}, ""dpu_parallelism_model"": ""single_dpu_serial_tasks"", ""host_completion_model"": ""one_synchronous_dpu_launch_per_real_component"", ""host_dpu_transfer_model"": ""per_real_component_operand_upload_and_output_download_no_reuse"", ""input_element_bytes"": 4, ""memory_budget_source"": ""configured_generic_dpu_policy_v2"", ""mram_capacity_bytes"": 67108864, ""mram_wram_transfer_model"": ""aligned_scalar_read_windows_and_aligned_output_tile_writes"", ""numeric_contract"": ""real_float32_or_split_real_imag_v2"", ""output_element_bytes"": 4, ""output_tile_elements"": 256, ""policy_id"": ""generic_single_dpu_split_complex_v2"", ""wram_budget_bytes"": 61440}",True,[],5300,8192,636,9712,636,10348,43040,5300,6,0.0,0.016796875,6,8192,9712,636,43040,6,6,6,0,8768,786432,67108864,0.01171875,0.03125,0.03125,1032,61440,0.016796875,"{""dpu_to_host_payload_bytes"": 636, ""estimated_flops"": 5300, ""feasibility"": true, ""host_completion_event_scope"": ""one_synchronous_dpu_launch_per_real_component"", ""host_completion_events"": 6, ""host_to_dpu_payload_bytes"": 9712, ""known_wram_static_bytes"": 1032, ""largest_tensor_bytes"": 8192, ""memory_budget_scope"": ""configured_modeled_budget_not_measured_runtime_occupancy"", ""mram_capacity_bytes"": 67108864, ""mram_dma_window_bytes_model"": 43040, ""mram_dma_window_scope"": ""modeled_aligned_request_volume_not_physical_bus_bytes"", ""mram_max_region_payload_ratio"": 0.03125, ""mram_payload_pressure_ratio"": 0.03125, ""mram_payload_pressure_scope"": ""maximum_single_buffer_payload_divided_by_fixed_native_buffer_capacity"", ""mram_static_reservation_pressure_ratio"": 0.01171875, ""native_static_mram_reservation_bytes"": 786432, ""numeric_component_invocations"": 6, ""numeric_recombination_flops"": 0, ""numeric_representation_penalty"": 0.0, ""rejection_reasons"": [], ""task_mram_payload_bytes"": 8768, ""tile_iterations"": 6, ""wram_budget_bytes"": 61440, ""wram_known_pressure_ratio"": 0.016796875}","{""dpu_to_host_payload_bytes"": 0.4657574460719502, ""estimated_flops"": 0.39909721559758016, ""host_completion_events"": 1.2090619551221675, ""host_to_dpu_payload_bytes"": 0.6307476577321547, ""mram_dma_window_bytes_model"": 0.45274659151309266, ""mram_payload_pressure_ratio"": 0.044394119358453436, ""numeric_representation_penalty"": 0.0, ""tile_iterations"": 0.28069596475739483, ""wram_known_pressure_ratio"": 0.02403150151674986}",0.44658591795928093,2,False,False,modeled,False
research_benchmark_pack_v1,thesis_planner_semantic_v2_planner_compare,planner_motif_star_semantic_v2,planner,0,planner_motif,True,star,5,4,4,1024,5,opt_einsum.greedy,opt_einsum,external_path_optimizer,2197acf1524706bd82747388500c1b3a4fe50aefeb9d40cdf554575733b0b275,"{""engine"": ""opt_einsum"", ""opt_einsum_version"": ""3.4.0"", ""optimize"": ""greedy""}",,greedy,opt_einsum_contract_path,opt_einsum_internal,,,f04ad6cc02f4a5d5ba5f58584e258ed3661647725e88f52f84acb9a90c51e028,6492471c75a3ced3ee79dea193330c76dd68378980442711df9a349e0c90e453,completed,,0.0001505009968241211,4,8784,1024,1128,300,1428,0,0,,4,1,0.0,1,1,upmem_pressure_v1,,,,upmem_path_cost_v2,balanced_literature_informed,"{""caps"": {""dpu_to_host_payload_bytes"": 1048576.0, ""estimated_flops"": 2147614720.0, ""host_completion_events"": 4.0, ""host_to_dpu_payload_bytes"": 2097152.0, ""mram_dma_window_bytes_model"": 17180917760.0, ""mram_payload_pressure_ratio"": 1.0, ""numeric_representation_penalty"": 3.0, ""tile_iterations"": 1024.0, ""wram_known_pressure_ratio"": 1.0}, ""normalization_id"": ""fixed_log1p_generic_budgets_v2"", ""transform"": ""log1p(value)/log1p(cap)""}","{""caps"": {""application_max_contracted_combinations"": 4096, ""application_max_rank"": 16, ""application_max_tensor_elements"": 65536, ""native_abi_max_tensor_elements"": 65536}, ""dpu_parallelism_model"": ""single_dpu_serial_tasks"", ""host_completion_model"": ""one_synchronous_dpu_launch_per_real_component"", ""host_dpu_transfer_model"": ""per_real_component_operand_upload_and_output_download_no_reuse"", ""input_element_bytes"": 4, ""memory_budget_source"": ""configured_generic_dpu_policy_v2"", ""mram_capacity_bytes"": 67108864, ""mram_wram_transfer_model"": ""aligned_scalar_read_windows_and_aligned_output_tile_writes"", ""numeric_contract"": ""real_float32_or_split_real_imag_v2"", ""output_element_bytes"": 4, ""output_tile_elements"": 256, ""policy_id"": ""generic_single_dpu_split_complex_v2"", ""wram_budget_bytes"": 61440}",True,[],2196,4096,300,4512,300,4812,17872,2196,4,0.0,0.016796875,4,4096,4512,300,17872,4,4,4,0,4416,786432,67108864,0.01171875,0.015625,0.015625,1032,61440,0.016796875,"{""dpu_to_host_payload_bytes"": 300, ""estimated_flops"": 2196, ""feasibility"": true, ""host_completion_event_scope"": ""one_synchronous_dpu_launch_per_real_component"", ""host_completion_events"": 4, ""host_to_dpu_payload_bytes"": 4512, ""known_wram_static_bytes"": 1032, ""largest_tensor_bytes"": 4096, ""memory_budget_scope"": ""configured_modeled_budget_not_measured_runtime_occupancy"", ""mram_capacity_bytes"": 67108864, ""mram_dma_window_bytes_model"": 17872, ""mram_dma_window_scope"": ""modeled_aligned_request_volume_not_physical_bus_bytes"", ""mram_max_region_payload_ratio"": 0.015625, ""mram_payload_pressure_ratio"": 0.015625, ""mram_payload_pressure_scope"": ""maximum_single_buffer_payload_divided_by_fixed_native_buffer_capacity"", ""mram_static_reservation_pressure_ratio"": 0.01171875, ""native_static_mram_reservation_bytes"": 786432, ""numeric_component_invocations"": 4, ""numeric_recombination_flops"": 0, ""numeric_representation_penalty"": 0.0, ""rejection_reasons"": [], ""task_mram_payload_bytes"": 4416, ""tile_iterations"": 4, ""wram_budget_bytes"": 61440, ""wram_known_pressure_ratio"": 0.016796875}","{""dpu_to_host_payload_bytes"": 0.4116809555172058, ""estimated_flops"": 0.35810605232498594, ""host_completion_events"": 1.0, ""host_to_dpu_payload_bytes"": 0.5780890793108292, ""mram_dma_window_bytes_model"": 0.4154546355929406, ""mram_payload_pressure_ratio"": 0.02236781302845451, ""numeric_representation_penalty"": 0.0, ""tile_iterations"": 0.23216011683126064, ""wram_known_pressure_ratio"": 0.02403150151674986}",0.3938428214411426,1,False,True,modeled,False
research_benchmark_pack_v1,thesis_planner_semantic_v2_planner_compare,planner_motif_cycle_semantic_v2,planner,0,planner_motif,True,cycle,4,4,2,128,4,opt_einsum.greedy,opt_einsum,external_path_optimizer,2197acf1524706bd82747388500c1b3a4fe50aefeb9d40cdf554575733b0b275,"{""engine"": ""opt_einsum"", ""opt_einsum_version"": ""3.4.0"", ""optimize"": ""greedy""}",,greedy,opt_einsum_contract_path,opt_einsum_internal,,,592f899abd490f9a48b7b833535014e5fd335c846acce30e1a49aea48457cac9,364ae3d3cdbedfb9263716f6c0e94bbaed2eff0b127b9ed1311f43ef438ec99b,completed,,0.0001270180000574328,3,3136,128,304,68,372,0,0,,3,1,0.0,1,1,upmem_pressure_v1,,,,upmem_path_cost_v2,balanced_literature_informed,"{""caps"": {""dpu_to_host_payload_bytes"": 1048576.0, ""estimated_flops"": 2147614720.0, ""host_completion_events"": 4.0, ""host_to_dpu_payload_bytes"": 2097152.0, ""mram_dma_window_bytes_model"": 17180917760.0, ""mram_payload_pressure_ratio"": 1.0, ""numeric_representation_penalty"": 3.0, ""tile_iterations"": 1024.0, ""wram_known_pressure_ratio"": 1.0}, ""normalization_id"": ""fixed_log1p_generic_budgets_v2"", ""transform"": ""log1p(value)/log1p(cap)""}","{""caps"": {""application_max_contracted_combinations"": 4096, ""application_max_rank"": 16, ""application_max_tensor_elements"": 65536, ""native_abi_max_tensor_elements"": 65536}, ""dpu_parallelism_model"": ""single_dpu_serial_tasks"", ""host_completion_model"": ""one_synchronous_dpu_launch_per_real_component"", ""host_dpu_transfer_model"": ""per_real_component_operand_upload_and_output_download_no_reuse"", ""input_element_bytes"": 4, ""memory_budget_source"": ""configured_generic_dpu_policy_v2"", ""mram_capacity_bytes"": 67108864, ""mram_wram_transfer_model"": ""aligned_scalar_read_windows_and_aligned_output_tile_writes"", ""numeric_contract"": ""real_float32_or_split_real_imag_v2"", ""output_element_bytes"": 4, ""output_tile_elements"": 256, ""policy_id"": ""generic_single_dpu_split_complex_v2"", ""wram_budget_bytes"": 61440}",True,[],784,512,68,1216,68,1284,6344,784,3,0.0,0.016796875,3,512,1216,68,6344,3,3,3,0,800,786432,67108864,0.01171875,0.001953125,0.001953125,1032,61440,0.016796875,"{""dpu_to_host_payload_bytes"": 68, ""estimated_flops"": 784, ""feasibility"": true, ""host_completion_event_scope"": ""one_synchronous_dpu_launch_per_real_component"", ""host_completion_events"": 3, ""host_to_dpu_payload_bytes"": 1216, ""known_wram_static_bytes"": 1032, ""largest_tensor_bytes"": 512, ""memory_budget_scope"": ""configured_modeled_budget_not_measured_runtime_occupancy"", ""mram_capacity_bytes"": 67108864, ""mram_dma_window_bytes_model"": 6344, ""mram_dma_window_scope"": ""modeled_aligned_request_volume_not_physical_bus_bytes"", ""mram_max_region_payload_ratio"": 0.001953125, ""mram_payload_pressure_ratio"": 0.001953125, ""mram_payload_pressure_scope"": ""maximum_single_buffer_payload_divided_by_fixed_native_buffer_capacity"", ""mram_static_reservation_pressure_ratio"": 0.01171875, ""native_static_mram_reservation_bytes"": 786432, ""numeric_component_invocations"": 3, ""numeric_recombination_flops"": 0, ""numeric_representation_penalty"": 0.0, ""rejection_reasons"": [], ""task_mram_payload_bytes"": 800, ""tile_iterations"": 3, ""wram_budget_bytes"": 61440, ""wram_known_pressure_ratio"": 0.016796875}","{""dpu_to_host_payload_bytes"": 0.30542620182771535, ""estimated_flops"": 0.3102103718965647, ""host_completion_events"": 0.8613531161467861, ""host_to_dpu_payload_bytes"": 0.4880530055698671, ""mram_dma_window_bytes_model"": 0.37151093341931674, ""mram_payload_pressure_ratio"": 0.0028150156070540383, ""numeric_representation_penalty"": 0.0, ""tile_iterations"": 0.1999718400776083, ""wram_known_pressure_ratio"": 0.02403150151674986}",0.3378102700596196,1,False,True,modeled,False
research_benchmark_pack_v1,thesis_planner_semantic_v2_planner_compare,planner_motif_grid_semantic_v2,planner,0,planner_motif,True,grid,6,7,3,512,6,opt_einsum.greedy,opt_einsum,external_path_optimizer,2197acf1524706bd82747388500c1b3a4fe50aefeb9d40cdf554575733b0b275,"{""engine"": ""opt_einsum"", ""opt_einsum_version"": ""3.4.0"", ""optimize"": ""greedy""}",,greedy,opt_einsum_contract_path,opt_einsum_internal,,,dc58fa1ad5ddbc399d8d4d63c759118bdadfbadb3943f61350927a9ed68d1353,744a0f8723ddd6795fdb588a339963fccb9ac19969de4d3ae32191382283fc79,completed,,0.00020064599812030792,5,29248,2048,1400,932,2332,0,0,,5,1,0.7204301075268817,2,3,upmem_pressure_v1,,,,upmem_path_cost_v2,balanced_literature_informed,"{""caps"": {""dpu_to_host_payload_bytes"": 1048576.0, ""estimated_flops"": 2147614720.0, ""host_completion_events"": 4.0, ""host_to_dpu_payload_bytes"": 2097152.0, ""mram_dma_window_bytes_model"": 17180917760.0, ""mram_payload_pressure_ratio"": 1.0, ""numeric_representation_penalty"": 3.0, ""tile_iterations"": 1024.0, ""wram_known_pressure_ratio"": 1.0}, ""normalization_id"": ""fixed_log1p_generic_budgets_v2"", ""transform"": ""log1p(value)/log1p(cap)""}","{""caps"": {""application_max_contracted_combinations"": 4096, ""application_max_rank"": 16, ""application_max_tensor_elements"": 65536, ""native_abi_max_tensor_elements"": 65536}, ""dpu_parallelism_model"": ""single_dpu_serial_tasks"", ""host_completion_model"": ""one_synchronous_dpu_launch_per_real_component"", ""host_dpu_transfer_model"": ""per_real_component_operand_upload_and_output_download_no_reuse"", ""input_element_bytes"": 4, ""memory_budget_source"": ""configured_generic_dpu_policy_v2"", ""mram_capacity_bytes"": 67108864, ""mram_wram_transfer_model"": ""aligned_scalar_read_windows_and_aligned_output_tile_writes"", ""numeric_contract"": ""real_float32_or_split_real_imag_v2"", ""output_element_bytes"": 4, ""output_tile_elements"": 256, ""policy_id"": ""generic_single_dpu_split_complex_v2"", ""wram_budget_bytes"": 61440}",True,[],7312,2048,932,5600,932,6532,59432,7312,5,0.0,0.016796875,5,2048,5600,932,59432,5,5,5,0,2816,786432,67108864,0.01171875,0.0078125,0.0078125,1032,61440,0.016796875,"{""dpu_to_host_payload_bytes"": 932, ""estimated_flops"": 7312, ""feasibility"": true, ""host_completion_event_scope"": ""one_synchronous_dpu_launch_per_real_component"", ""host_completion_events"": 5, ""host_to_dpu_payload_bytes"": 5600, ""known_wram_static_bytes"": 1032, ""largest_tensor_bytes"": 2048, ""memory_budget_scope"": ""configured_modeled_budget_not_measured_runtime_occupancy"", ""mram_capacity_bytes"": 67108864, ""mram_dma_window_bytes_model"": 59432, ""mram_dma_window_scope"": ""modeled_aligned_request_volume_not_physical_bus_bytes"", ""mram_max_region_payload_ratio"": 0.0078125, ""mram_payload_pressure_ratio"": 0.0078125, ""mram_payload_pressure_scope"": ""maximum_single_buffer_payload_divided_by_fixed_native_buffer_capacity"", ""mram_static_reservation_pressure_ratio"": 0.01171875, ""native_static_mram_reservation_bytes"": 786432, ""numeric_component_invocations"": 5, ""numeric_recombination_flops"": 0, ""numeric_representation_penalty"": 0.0, ""rejection_reasons"": [], ""task_mram_payload_bytes"": 2816, ""tile_iterations"": 5, ""wram_budget_bytes"": 61440, ""wram_known_pressure_ratio"": 0.016796875}","{""dpu_to_host_payload_bytes"": 0.49328662960790726, ""estimated_flops"": 0.41407132859429074, ""host_completion_events"": 1.1132827525593785, ""host_to_dpu_payload_bytes"": 0.5929270621454659, ""mram_dma_window_bytes_model"": 0.4664392798268667, ""mram_payload_pressure_ratio"": 0.011227255423254121, ""numeric_representation_penalty"": 0.0, ""tile_iterations"": 0.2584598539004127, ""wram_known_pressure_ratio"": 0.02403150151674986}",0.43642328471412,4,True,False,modeled,False
research_benchmark_pack_v1,thesis_planner_semantic_v2_planner_compare,planner_motif_flop_memory_tradeoff_semantic_v2,planner,0,planner_motif,True,flop_memory_tradeoff,6,6,3,4096,6,opt_einsum.greedy,opt_einsum,external_path_optimizer,2197acf1524706bd82747388500c1b3a4fe50aefeb9d40cdf554575733b0b275,"{""engine"": ""opt_einsum"", ""opt_einsum_version"": ""3.4.0"", ""optimize"": ""greedy""}",,greedy,opt_einsum_contract_path,opt_einsum_internal,,,73174593797a08ae46347eb473c8d3fed4e842bce53cf0d7821b44da018dacaf,dcda4b36553f4e460088d434b9bb4e53a101dfd80140062618aebac9ffbb5697,completed,,0.00018395399820292369,5,70800,2048,4652,620,5272,0,0,,5,1,0.0,1,2,upmem_pressure_v1,,,,upmem_path_cost_v2,balanced_literature_informed,"{""caps"": {""dpu_to_host_payload_bytes"": 1048576.0, ""estimated_flops"": 2147614720.0, ""host_completion_events"": 4.0, ""host_to_dpu_payload_bytes"": 2097152.0, ""mram_dma_window_bytes_model"": 17180917760.0, ""mram_payload_pressure_ratio"": 1.0, ""numeric_representation_penalty"": 3.0, ""tile_iterations"": 1024.0, ""wram_known_pressure_ratio"": 1.0}, ""normalization_id"": ""fixed_log1p_generic_budgets_v2"", ""transform"": ""log1p(value)/log1p(cap)""}","{""caps"": {""application_max_contracted_combinations"": 4096, ""application_max_rank"": 16, ""application_max_tensor_elements"": 65536, ""native_abi_max_tensor_elements"": 65536}, ""dpu_parallelism_model"": ""single_dpu_serial_tasks"", ""host_completion_model"": ""one_synchronous_dpu_launch_per_real_component"", ""host_dpu_transfer_model"": ""per_real_component_operand_upload_and_output_download_no_reuse"", ""input_element_bytes"": 4, ""memory_budget_source"": ""configured_generic_dpu_policy_v2"", ""mram_capacity_bytes"": 67108864, ""mram_wram_transfer_model"": ""aligned_scalar_read_windows_and_aligned_output_tile_writes"", ""numeric_contract"": ""real_float32_or_split_real_imag_v2"", ""output_element_bytes"": 4, ""output_tile_elements"": 256, ""policy_id"": ""generic_single_dpu_split_complex_v2"", ""wram_budget_bytes"": 61440}",True,[],17700,16384,620,18608,620,19228,142224,17700,5,0.0,0.016796875,5,16384,18608,620,142224,5,5,5,0,17408,786432,67108864,0.01171875,0.0625,0.0625,1032,61440,0.016796875,"{""dpu_to_host_payload_bytes"": 620, ""estimated_flops"": 17700, ""feasibility"": true, ""host_completion_event_scope"": ""one_synchronous_dpu_launch_per_real_component"", ""host_completion_events"": 5, ""host_to_dpu_payload_bytes"": 18608, ""known_wram_static_bytes"": 1032, ""largest_tensor_bytes"": 16384, ""memory_budget_scope"": ""configured_modeled_budget_not_measured_runtime_occupancy"", ""mram_capacity_bytes"": 67108864, ""mram_dma_window_bytes_model"": 142224, ""mram_dma_window_scope"": ""modeled_aligned_request_volume_not_physical_bus_bytes"", ""mram_max_region_payload_ratio"": 0.0625, ""mram_payload_pressure_ratio"": 0.0625, ""mram_payload_pressure_scope"": ""maximum_single_buffer_payload_divided_by_fixed_native_buffer_capacity"", ""mram_static_reservation_pressure_ratio"": 0.01171875, ""native_static_mram_reservation_bytes"": 786432, ""numeric_component_invocations"": 5, ""numeric_recombination_flops"": 0, ""numeric_representation_penalty"": 0.0, ""rejection_reasons"": [], ""task_mram_payload_bytes"": 17408, ""tile_iterations"": 5, ""wram_budget_bytes"": 61440, ""wram_known_pressure_ratio"": 0.016796875}","{""dpu_to_host_payload_bytes"": 0.4639224409963948, ""estimated_flops"": 0.4552097794553751, ""host_completion_events"": 1.1132827525593785, ""host_to_dpu_payload_bytes"": 0.6754148783644979, ""mram_dma_window_bytes_model"": 0.5034638595356147, ""mram_payload_pressure_ratio"": 0.0874628412503394, ""numeric_representation_penalty"": 0.0, ""tile_iterations"": 0.2584598539004127, ""wram_known_pressure_ratio"": 0.02403150151674986}",0.46882955566477413,2,False,False,modeled,False
research_benchmark_pack_v1,thesis_planner_sensitivity_v2_planner_compare,planner_motif_chain_sensitivity_v2,planner,0,planner_motif,True,chain,5,4,2,128,5,opt_einsum.greedy,opt_einsum,external_path_optimizer,2197acf1524706bd82747388500c1b3a4fe50aefeb9d40cdf554575733b0b275,"{""engine"": ""opt_einsum"", ""opt_einsum_version"": ""3.4.0"", ""optimize"": ""greedy""}",,greedy,opt_einsum_contract_path,opt_einsum_internal,,,42978be873f725491a5e12e6b5f3e135bf1fe698daf680a31112d4fd3c6dcd36,62ed1d6c7dea35114d7ca4389e24d3f52f740ae9a83d0f8f80c0a795b78eb6d5,completed,,0.00017622000086703338,4,2384,128,256,52,308,0,0,,4,1,0.0,1,1,upmem_pressure_v1,,,,upmem_path_cost_v2,balanced_literature_informed,"{""caps"": {""dpu_to_host_payload_bytes"": 1048576.0, ""estimated_flops"": 2147614720.0, ""host_completion_events"": 4.0, ""host_to_dpu_payload_bytes"": 2097152.0, ""mram_dma_window_bytes_model"": 17180917760.0, ""mram_payload_pressure_ratio"": 1.0, ""numeric_representation_penalty"": 3.0, ""tile_iterations"": 1024.0, ""wram_known_pressure_ratio"": 1.0}, ""normalization_id"": ""fixed_log1p_generic_budgets_v2"", ""transform"": ""log1p(value)/log1p(cap)""}","{""caps"": {""application_max_contracted_combinations"": 4096, ""application_max_rank"": 16, ""application_max_tensor_elements"": 65536, ""native_abi_max_tensor_elements"": 65536}, ""dpu_parallelism_model"": ""single_dpu_serial_tasks"", ""host_completion_model"": ""one_synchronous_dpu_launch_per_real_component"", ""host_dpu_transfer_model"": ""per_real_component_operand_upload_and_output_download_no_reuse"", ""input_element_bytes"": 4, ""memory_budget_source"": ""configured_generic_dpu_policy_v2"", ""mram_capacity_bytes"": 67108864, ""mram_wram_transfer_model"": ""aligned_scalar_read_windows_and_aligned_output_tile_writes"", ""numeric_contract"": ""real_float32_or_split_real_imag_v2"", ""output_element_bytes"": 4, ""output_tile_elements"": 256, ""policy_id"": ""generic_single_dpu_split_complex_v2"", ""wram_budget_bytes"": 61440}",True,[],596,512,52,1024,52,1076,4824,596,4,0.0,0.016796875,4,512,1024,52,4824,4,4,4,0,800,786432,67108864,0.01171875,0.001953125,0.001953125,1032,61440,0.016796875,"{""dpu_to_host_payload_bytes"": 52, ""estimated_flops"": 596, ""feasibility"": true, ""host_completion_event_scope"": ""one_synchronous_dpu_launch_per_real_component"", ""host_completion_events"": 4, ""host_to_dpu_payload_bytes"": 1024, ""known_wram_static_bytes"": 1032, ""largest_tensor_bytes"": 512, ""memory_budget_scope"": ""configured_modeled_budget_not_measured_runtime_occupancy"", ""mram_capacity_bytes"": 67108864, ""mram_dma_window_bytes_model"": 4824, ""mram_dma_window_scope"": ""modeled_aligned_request_volume_not_physical_bus_bytes"", ""mram_max_region_payload_ratio"": 0.001953125, ""mram_payload_pressure_ratio"": 0.001953125, ""mram_payload_pressure_scope"": ""maximum_single_buffer_payload_divided_by_fixed_native_buffer_capacity"", ""mram_static_reservation_pressure_ratio"": 0.01171875, ""native_static_mram_reservation_bytes"": 786432, ""numeric_component_invocations"": 4, ""numeric_recombination_flops"": 0, ""numeric_representation_penalty"": 0.0, ""rejection_reasons"": [], ""task_mram_payload_bytes"": 800, ""tile_iterations"": 4, ""wram_budget_bytes"": 61440, ""wram_known_pressure_ratio"": 0.016796875}","{""dpu_to_host_payload_bytes"": 0.28639600302611185, ""estimated_flops"": 0.2974697073591727, ""host_completion_events"": 1.0, ""host_to_dpu_payload_bytes"": 0.4762575174647984, ""mram_dma_window_bytes_model"": 0.3598906334637568, ""mram_payload_pressure_ratio"": 0.0028150156070540383, ""numeric_representation_penalty"": 0.0, ""tile_iterations"": 0.23216011683126064, ""wram_known_pressure_ratio"": 0.02403150151674986}",0.34505431300132317,1,False,True,modeled,False
research_benchmark_pack_v1,thesis_planner_sensitivity_v2_planner_compare,planner_motif_balanced_tree_sensitivity_v2,planner,0,planner_motif,True,balanced_tree,7,6,3,2048,7,opt_einsum.greedy,opt_einsum,external_path_optimizer,2197acf1524706bd82747388500c1b3a4fe50aefeb9d40cdf554575733b0b275,"{""engine"": ""opt_einsum"", ""opt_einsum_version"": ""3.4.0"", ""optimize"": ""greedy""}",,greedy,opt_einsum_contract_path,opt_einsum_internal,,,158772be518dd2cc5e15d8d4f8f04ff6f9468ea1052eb554716d042b1e5da8f1,4529cc774fb79083da2a4cad3bf1315e778e60e8a9ae7a7b91da76bd6295c852,completed,,0.0002420330019958783,6,21200,2048,2428,636,3064,0,0,,6,1,0.0,1,1,upmem_pressure_v1,,,,upmem_path_cost_v2,balanced_literature_informed,"{""caps"": {""dpu_to_host_payload_bytes"": 1048576.0, ""estimated_flops"": 2147614720.0, ""host_completion_events"": 4.0, ""host_to_dpu_payload_bytes"": 2097152.0, ""mram_dma_window_bytes_model"": 17180917760.0, ""mram_payload_pressure_ratio"": 1.0, ""numeric_representation_penalty"": 3.0, ""tile_iterations"": 1024.0, ""wram_known_pressure_ratio"": 1.0}, ""normalization_id"": ""fixed_log1p_generic_budgets_v2"", ""transform"": ""log1p(value)/log1p(cap)""}","{""caps"": {""application_max_contracted_combinations"": 4096, ""application_max_rank"": 16, ""application_max_tensor_elements"": 65536, ""native_abi_max_tensor_elements"": 65536}, ""dpu_parallelism_model"": ""single_dpu_serial_tasks"", ""host_completion_model"": ""one_synchronous_dpu_launch_per_real_component"", ""host_dpu_transfer_model"": ""per_real_component_operand_upload_and_output_download_no_reuse"", ""input_element_bytes"": 4, ""memory_budget_source"": ""configured_generic_dpu_policy_v2"", ""mram_capacity_bytes"": 67108864, ""mram_wram_transfer_model"": ""aligned_scalar_read_windows_and_aligned_output_tile_writes"", ""numeric_contract"": ""real_float32_or_split_real_imag_v2"", ""output_element_bytes"": 4, ""output_tile_elements"": 256, ""policy_id"": ""generic_single_dpu_split_complex_v2"", ""wram_budget_bytes"": 61440}",True,[],5300,8192,636,9712,636,10348,43040,5300,6,0.0,0.016796875,6,8192,9712,636,43040,6,6,6,0,8768,786432,67108864,0.01171875,0.03125,0.03125,1032,61440,0.016796875,"{""dpu_to_host_payload_bytes"": 636, ""estimated_flops"": 5300, ""feasibility"": true, ""host_completion_event_scope"": ""one_synchronous_dpu_launch_per_real_component"", ""host_completion_events"": 6, ""host_to_dpu_payload_bytes"": 9712, ""known_wram_static_bytes"": 1032, ""largest_tensor_bytes"": 8192, ""memory_budget_scope"": ""configured_modeled_budget_not_measured_runtime_occupancy"", ""mram_capacity_bytes"": 67108864, ""mram_dma_window_bytes_model"": 43040, ""mram_dma_window_scope"": ""modeled_aligned_request_volume_not_physical_bus_bytes"", ""mram_max_region_payload_ratio"": 0.03125, ""mram_payload_pressure_ratio"": 0.03125, ""mram_payload_pressure_scope"": ""maximum_single_buffer_payload_divided_by_fixed_native_buffer_capacity"", ""mram_static_reservation_pressure_ratio"": 0.01171875, ""native_static_mram_reservation_bytes"": 786432, ""numeric_component_invocations"": 6, ""numeric_recombination_flops"": 0, ""numeric_representation_penalty"": 0.0, ""rejection_reasons"": [], ""task_mram_payload_bytes"": 8768, ""tile_iterations"": 6, ""wram_budget_bytes"": 61440, ""wram_known_pressure_ratio"": 0.016796875}","{""dpu_to_host_payload_bytes"": 0.4657574460719502, ""estimated_flops"": 0.39909721559758016, ""host_completion_events"": 1.2090619551221675, ""host_to_dpu_payload_bytes"": 0.6307476577321547, ""mram_dma_window_bytes_model"": 0.45274659151309266, ""mram_payload_pressure_ratio"": 0.044394119358453436, ""numeric_representation_penalty"": 0.0, ""tile_iterations"": 0.28069596475739483, ""wram_known_pressure_ratio"": 0.02403150151674986}",0.44658591795928093,1,False,True,modeled,False
research_benchmark_pack_v1,thesis_planner_sensitivity_v2_planner_compare,planner_motif_star_sensitivity_v2,planner,0,planner_motif,True,star,5,4,4,1024,5,opt_einsum.greedy,opt_einsum,external_path_optimizer,2197acf1524706bd82747388500c1b3a4fe50aefeb9d40cdf554575733b0b275,"{""engine"": ""opt_einsum"", ""opt_einsum_version"": ""3.4.0"", ""optimize"": ""greedy""}",,greedy,opt_einsum_contract_path,opt_einsum_internal,,,f04ad6cc02f4a5d5ba5f58584e258ed3661647725e88f52f84acb9a90c51e028,6492471c75a3ced3ee79dea193330c76dd68378980442711df9a349e0c90e453,completed,,0.00019182899995939806,4,8784,1024,1128,300,1428,0,0,,4,1,0.0,1,1,upmem_pressure_v1,,,,upmem_path_cost_v2,balanced_literature_informed,"{""caps"": {""dpu_to_host_payload_bytes"": 1048576.0, ""estimated_flops"": 2147614720.0, ""host_completion_events"": 4.0, ""host_to_dpu_payload_bytes"": 2097152.0, ""mram_dma_window_bytes_model"": 17180917760.0, ""mram_payload_pressure_ratio"": 1.0, ""numeric_representation_penalty"": 3.0, ""tile_iterations"": 1024.0, ""wram_known_pressure_ratio"": 1.0}, ""normalization_id"": ""fixed_log1p_generic_budgets_v2"", ""transform"": ""log1p(value)/log1p(cap)""}","{""caps"": {""application_max_contracted_combinations"": 4096, ""application_max_rank"": 16, ""application_max_tensor_elements"": 65536, ""native_abi_max_tensor_elements"": 65536}, ""dpu_parallelism_model"": ""single_dpu_serial_tasks"", ""host_completion_model"": ""one_synchronous_dpu_launch_per_real_component"", ""host_dpu_transfer_model"": ""per_real_component_operand_upload_and_output_download_no_reuse"", ""input_element_bytes"": 4, ""memory_budget_source"": ""configured_generic_dpu_policy_v2"", ""mram_capacity_bytes"": 67108864, ""mram_wram_transfer_model"": ""aligned_scalar_read_windows_and_aligned_output_tile_writes"", ""numeric_contract"": ""real_float32_or_split_real_imag_v2"", ""output_element_bytes"": 4, ""output_tile_elements"": 256, ""policy_id"": ""generic_single_dpu_split_complex_v2"", ""wram_budget_bytes"": 61440}",True,[],2196,4096,300,4512,300,4812,17872,2196,4,0.0,0.016796875,4,4096,4512,300,17872,4,4,4,0,4416,786432,67108864,0.01171875,0.015625,0.015625,1032,61440,0.016796875,"{""dpu_to_host_payload_bytes"": 300, ""estimated_flops"": 2196, ""feasibility"": true, ""host_completion_event_scope"": ""one_synchronous_dpu_launch_per_real_component"", ""host_completion_events"": 4, ""host_to_dpu_payload_bytes"": 4512, ""known_wram_static_bytes"": 1032, ""largest_tensor_bytes"": 4096, ""memory_budget_scope"": ""configured_modeled_budget_not_measured_runtime_occupancy"", ""mram_capacity_bytes"": 67108864, ""mram_dma_window_bytes_model"": 17872, ""mram_dma_window_scope"": ""modeled_aligned_request_volume_not_physical_bus_bytes"", ""mram_max_region_payload_ratio"": 0.015625, ""mram_payload_pressure_ratio"": 0.015625, ""mram_payload_pressure_scope"": ""maximum_single_buffer_payload_divided_by_fixed_native_buffer_capacity"", ""mram_static_reservation_pressure_ratio"": 0.01171875, ""native_static_mram_reservation_bytes"": 786432, ""numeric_component_invocations"": 4, ""numeric_recombination_flops"": 0, ""numeric_representation_penalty"": 0.0, ""rejection_reasons"": [], ""task_mram_payload_bytes"": 4416, ""tile_iterations"": 4, ""wram_budget_bytes"": 61440, ""wram_known_pressure_ratio"": 0.016796875}","{""dpu_to_host_payload_bytes"": 0.4116809555172058, ""estimated_flops"": 0.35810605232498594, ""host_completion_events"": 1.0, ""host_to_dpu_payload_bytes"": 0.5780890793108292, ""mram_dma_window_bytes_model"": 0.4154546355929406, ""mram_payload_pressure_ratio"": 0.02236781302845451, ""numeric_representation_penalty"": 0.0, ""tile_iterations"": 0.23216011683126064, ""wram_known_pressure_ratio"": 0.02403150151674986}",0.3938428214411426,1,False,True,modeled,False
research_benchmark_pack_v1,thesis_planner_sensitivity_v2_planner_compare,planner_motif_cycle_sensitivity_v2,planner,0,planner_motif,True,cycle,4,4,2,128,4,opt_einsum.greedy,opt_einsum,external_path_optimizer,2197acf1524706bd82747388500c1b3a4fe50aefeb9d40cdf554575733b0b275,"{""engine"": ""opt_einsum"", ""opt_einsum_version"": ""3.4.0"", ""optimize"": ""greedy""}",,greedy,opt_einsum_contract_path,opt_einsum_internal,,,592f899abd490f9a48b7b833535014e5fd335c846acce30e1a49aea48457cac9,364ae3d3cdbedfb9263716f6c0e94bbaed2eff0b127b9ed1311f43ef438ec99b,completed,,0.00014798700067331083,3,3136,128,304,68,372,0,0,,3,1,0.0,1,1,upmem_pressure_v1,,,,upmem_path_cost_v2,balanced_literature_informed,"{""caps"": {""dpu_to_host_payload_bytes"": 1048576.0, ""estimated_flops"": 2147614720.0, ""host_completion_events"": 4.0, ""host_to_dpu_payload_bytes"": 2097152.0, ""mram_dma_window_bytes_model"": 17180917760.0, ""mram_payload_pressure_ratio"": 1.0, ""numeric_representation_penalty"": 3.0, ""tile_iterations"": 1024.0, ""wram_known_pressure_ratio"": 1.0}, ""normalization_id"": ""fixed_log1p_generic_budgets_v2"", ""transform"": ""log1p(value)/log1p(cap)""}","{""caps"": {""application_max_contracted_combinations"": 4096, ""application_max_rank"": 16, ""application_max_tensor_elements"": 65536, ""native_abi_max_tensor_elements"": 65536}, ""dpu_parallelism_model"": ""single_dpu_serial_tasks"", ""host_completion_model"": ""one_synchronous_dpu_launch_per_real_component"", ""host_dpu_transfer_model"": ""per_real_component_operand_upload_and_output_download_no_reuse"", ""input_element_bytes"": 4, ""memory_budget_source"": ""configured_generic_dpu_policy_v2"", ""mram_capacity_bytes"": 67108864, ""mram_wram_transfer_model"": ""aligned_scalar_read_windows_and_aligned_output_tile_writes"", ""numeric_contract"": ""real_float32_or_split_real_imag_v2"", ""output_element_bytes"": 4, ""output_tile_elements"": 256, ""policy_id"": ""generic_single_dpu_split_complex_v2"", ""wram_budget_bytes"": 61440}",True,[],784,512,68,1216,68,1284,6344,784,3,0.0,0.016796875,3,512,1216,68,6344,3,3,3,0,800,786432,67108864,0.01171875,0.001953125,0.001953125,1032,61440,0.016796875,"{""dpu_to_host_payload_bytes"": 68, ""estimated_flops"": 784, ""feasibility"": true, ""host_completion_event_scope"": ""one_synchronous_dpu_launch_per_real_component"", ""host_completion_events"": 3, ""host_to_dpu_payload_bytes"": 1216, ""known_wram_static_bytes"": 1032, ""largest_tensor_bytes"": 512, ""memory_budget_scope"": ""configured_modeled_budget_not_measured_runtime_occupancy"", ""mram_capacity_bytes"": 67108864, ""mram_dma_window_bytes_model"": 6344, ""mram_dma_window_scope"": ""modeled_aligned_request_volume_not_physical_bus_bytes"", ""mram_max_region_payload_ratio"": 0.001953125, ""mram_payload_pressure_ratio"": 0.001953125, ""mram_payload_pressure_scope"": ""maximum_single_buffer_payload_divided_by_fixed_native_buffer_capacity"", ""mram_static_reservation_pressure_ratio"": 0.01171875, ""native_static_mram_reservation_bytes"": 786432, ""numeric_component_invocations"": 3, ""numeric_recombination_flops"": 0, ""numeric_representation_penalty"": 0.0, ""rejection_reasons"": [], ""task_mram_payload_bytes"": 800, ""tile_iterations"": 3, ""wram_budget_bytes"": 61440, ""wram_known_pressure_ratio"": 0.016796875}","{""dpu_to_host_payload_bytes"": 0.30542620182771535, ""estimated_flops"": 0.3102103718965647, ""host_completion_events"": 0.8613531161467861, ""host_to_dpu_payload_bytes"": 0.4880530055698671, ""mram_dma_window_bytes_model"": 0.37151093341931674, ""mram_payload_pressure_ratio"": 0.0028150156070540383, ""numeric_representation_penalty"": 0.0, ""tile_iterations"": 0.1999718400776083, ""wram_known_pressure_ratio"": 0.02403150151674986}",0.3378102700596196,1,False,True,modeled,False
research_benchmark_pack_v1,thesis_planner_sensitivity_v2_planner_compare,planner_motif_grid_sensitivity_v2,planner,0,planner_motif,True,grid,6,7,3,512,6,opt_einsum.greedy,opt_einsum,external_path_optimizer,2197acf1524706bd82747388500c1b3a4fe50aefeb9d40cdf554575733b0b275,"{""engine"": ""opt_einsum"", ""opt_einsum_version"": ""3.4.0"", ""optimize"": ""greedy""}",,greedy,opt_einsum_contract_path,opt_einsum_internal,,,dc58fa1ad5ddbc399d8d4d63c759118bdadfbadb3943f61350927a9ed68d1353,744a0f8723ddd6795fdb588a339963fccb9ac19969de4d3ae32191382283fc79,completed,,0.00020213800235069357,5,29248,2048,1400,932,2332,0,0,,5,1,0.6547619047619048,2,4,upmem_pressure_v1,,,,upmem_path_cost_v2,balanced_literature_informed,"{""caps"": {""dpu_to_host_payload_bytes"": 1048576.0, ""estimated_flops"": 2147614720.0, ""host_completion_events"": 4.0, ""host_to_dpu_payload_bytes"": 2097152.0, ""mram_dma_window_bytes_model"": 17180917760.0, ""mram_payload_pressure_ratio"": 1.0, ""numeric_representation_penalty"": 3.0, ""tile_iterations"": 1024.0, ""wram_known_pressure_ratio"": 1.0}, ""normalization_id"": ""fixed_log1p_generic_budgets_v2"", ""transform"": ""log1p(value)/log1p(cap)""}","{""caps"": {""application_max_contracted_combinations"": 4096, ""application_max_rank"": 16, ""application_max_tensor_elements"": 65536, ""native_abi_max_tensor_elements"": 65536}, ""dpu_parallelism_model"": ""single_dpu_serial_tasks"", ""host_completion_model"": ""one_synchronous_dpu_launch_per_real_component"", ""host_dpu_transfer_model"": ""per_real_component_operand_upload_and_output_download_no_reuse"", ""input_element_bytes"": 4, ""memory_budget_source"": ""configured_generic_dpu_policy_v2"", ""mram_capacity_bytes"": 67108864, ""mram_wram_transfer_model"": ""aligned_scalar_read_windows_and_aligned_output_tile_writes"", ""numeric_contract"": ""real_float32_or_split_real_imag_v2"", ""output_element_bytes"": 4, ""output_tile_elements"": 256, ""policy_id"": ""generic_single_dpu_split_complex_v2"", ""wram_budget_bytes"": 61440}",True,[],7312,2048,932,5600,932,6532,59432,7312,5,0.0,0.016796875,5,2048,5600,932,59432,5,5,5,0,2816,786432,67108864,0.01171875,0.0078125,0.0078125,1032,61440,0.016796875,"{""dpu_to_host_payload_bytes"": 932, ""estimated_flops"": 7312, ""feasibility"": true, ""host_completion_event_scope"": ""one_synchronous_dpu_launch_per_real_component"", ""host_completion_events"": 5, ""host_to_dpu_payload_bytes"": 5600, ""known_wram_static_bytes"": 1032, ""largest_tensor_bytes"": 2048, ""memory_budget_scope"": ""configured_modeled_budget_not_measured_runtime_occupancy"", ""mram_capacity_bytes"": 67108864, ""mram_dma_window_bytes_model"": 59432, ""mram_dma_window_scope"": ""modeled_aligned_request_volume_not_physical_bus_bytes"", ""mram_max_region_payload_ratio"": 0.0078125, ""mram_payload_pressure_ratio"": 0.0078125, ""mram_payload_pressure_scope"": ""maximum_single_buffer_payload_divided_by_fixed_native_buffer_capacity"", ""mram_static_reservation_pressure_ratio"": 0.01171875, ""native_static_mram_reservation_bytes"": 786432, ""numeric_component_invocations"": 5, ""numeric_recombination_flops"": 0, ""numeric_representation_penalty"": 0.0, ""rejection_reasons"": [], ""task_mram_payload_bytes"": 2816, ""tile_iterations"": 5, ""wram_budget_bytes"": 61440, ""wram_known_pressure_ratio"": 0.016796875}","{""dpu_to_host_payload_bytes"": 0.49328662960790726, ""estimated_flops"": 0.41407132859429074, ""host_completion_events"": 1.1132827525593785, ""host_to_dpu_payload_bytes"": 0.5929270621454659, ""mram_dma_window_bytes_model"": 0.4664392798268667, ""mram_payload_pressure_ratio"": 0.011227255423254121, ""numeric_representation_penalty"": 0.0, ""tile_iterations"": 0.2584598539004127, ""wram_known_pressure_ratio"": 0.02403150151674986}",0.43642328471412,3,True,False,modeled,False
research_benchmark_pack_v1,thesis_planner_sensitivity_v2_planner_compare,planner_motif_flop_memory_tradeoff_sensitivity_v2,planner,0,planner_motif,True,flop_memory_tradeoff,6,6,3,4096,6,opt_einsum.greedy,opt_einsum,external_path_optimizer,2197acf1524706bd82747388500c1b3a4fe50aefeb9d40cdf554575733b0b275,"{""engine"": ""opt_einsum"", ""opt_einsum_version"": ""3.4.0"", ""optimize"": ""greedy""}",,greedy,opt_einsum_contract_path,opt_einsum_internal,,,73174593797a08ae46347eb473c8d3fed4e842bce53cf0d7821b44da018dacaf,dcda4b36553f4e460088d434b9bb4e53a101dfd80140062618aebac9ffbb5697,completed,,0.0002080390004266519,5,70800,2048,4652,620,5272,0,0,,5,1,0.0,1,1,upmem_pressure_v1,,,,upmem_path_cost_v2,balanced_literature_informed,"{""caps"": {""dpu_to_host_payload_bytes"": 1048576.0, ""estimated_flops"": 2147614720.0, ""host_completion_events"": 4.0, ""host_to_dpu_payload_bytes"": 2097152.0, ""mram_dma_window_bytes_model"": 17180917760.0, ""mram_payload_pressure_ratio"": 1.0, ""numeric_representation_penalty"": 3.0, ""tile_iterations"": 1024.0, ""wram_known_pressure_ratio"": 1.0}, ""normalization_id"": ""fixed_log1p_generic_budgets_v2"", ""transform"": ""log1p(value)/log1p(cap)""}","{""caps"": {""application_max_contracted_combinations"": 4096, ""application_max_rank"": 16, ""application_max_tensor_elements"": 65536, ""native_abi_max_tensor_elements"": 65536}, ""dpu_parallelism_model"": ""single_dpu_serial_tasks"", ""host_completion_model"": ""one_synchronous_dpu_launch_per_real_component"", ""host_dpu_transfer_model"": ""per_real_component_operand_upload_and_output_download_no_reuse"", ""input_element_bytes"": 4, ""memory_budget_source"": ""configured_generic_dpu_policy_v2"", ""mram_capacity_bytes"": 67108864, ""mram_wram_transfer_model"": ""aligned_scalar_read_windows_and_aligned_output_tile_writes"", ""numeric_contract"": ""real_float32_or_split_real_imag_v2"", ""output_element_bytes"": 4, ""output_tile_elements"": 256, ""policy_id"": ""generic_single_dpu_split_complex_v2"", ""wram_budget_bytes"": 61440}",True,[],17700,16384,620,18608,620,19228,142224,17700,5,0.0,0.016796875,5,16384,18608,620,142224,5,5,5,0,17408,786432,67108864,0.01171875,0.0625,0.0625,1032,61440,0.016796875,"{""dpu_to_host_payload_bytes"": 620, ""estimated_flops"": 17700, ""feasibility"": true, ""host_completion_event_scope"": ""one_synchronous_dpu_launch_per_real_component"", ""host_completion_events"": 5, ""host_to_dpu_payload_bytes"": 18608, ""known_wram_static_bytes"": 1032, ""largest_tensor_bytes"": 16384, ""memory_budget_scope"": ""configured_modeled_budget_not_measured_runtime_occupancy"", ""mram_capacity_bytes"": 67108864, ""mram_dma_window_bytes_model"": 142224, ""mram_dma_window_scope"": ""modeled_aligned_request_volume_not_physical_bus_bytes"", ""mram_max_region_payload_ratio"": 0.0625, ""mram_payload_pressure_ratio"": 0.0625, ""mram_payload_pressure_scope"": ""maximum_single_buffer_payload_divided_by_fixed_native_buffer_capacity"", ""mram_static_reservation_pressure_ratio"": 0.01171875, ""native_static_mram_reservation_bytes"": 786432, ""numeric_component_invocations"": 5, ""numeric_recombination_flops"": 0, ""numeric_representation_penalty"": 0.0, ""rejection_reasons"": [], ""task_mram_payload_bytes"": 17408, ""tile_iterations"": 5, ""wram_budget_bytes"": 61440, ""wram_known_pressure_ratio"": 0.016796875}","{""dpu_to_host_payload_bytes"": 0.4639224409963948, ""estimated_flops"": 0.4552097794553751, ""host_completion_events"": 1.1132827525593785, ""host_to_dpu_payload_bytes"": 0.6754148783644979, ""mram_dma_window_bytes_model"": 0.5034638595356147, ""mram_payload_pressure_ratio"": 0.0874628412503394, ""numeric_representation_penalty"": 0.0, ""tile_iterations"": 0.2584598539004127, ""wram_known_pressure_ratio"": 0.02403150151674986}",0.46882955566477413,1,False,True,modeled,False
research_benchmark_pack_v1,thesis_planner_semantic_v2_planner_compare,quantum_bell_2q_semantic_v2,quantum,2,quantum_circuit,False,,4,5,4,16,4,cotengra.flops,cotengra,external_contraction_tree,29abf6127107d130856c0eaa87fbe850bf32d0d563501d9dac818edbc4b47437,"{""engine"": ""cotengra"", ""max_repeats"": 1, ""methods"": ""greedy"", ""objective"": ""flops"", ""on_trial_error"": ""raise"", ""optlib"": ""random"", ""parallel"": false, ""progbar"": false, ""seed"": 0}",,greedy,cotengra_flops,cotengra_contraction_tree,,,c783d0b4fb8e10f5716425c76d4be6d9a499d6ad79e3895ed322b84eaabc9936,896eb400702cceaeb65b26435928d382e2e87734aa2d80c35e31c3070f30eabb,completed,,0.000353691000782419,3,224,128,34,56,90,0,0,,3,1,2.0,3,2,upmem_pressure_v1,,,,upmem_path_cost_v2,balanced_literature_informed,"{""caps"": {""dpu_to_host_payload_bytes"": 1048576.0, ""estimated_flops"": 2147614720.0, ""host_completion_events"": 4.0, ""host_to_dpu_payload_bytes"": 2097152.0, ""mram_dma_window_bytes_model"": 17180917760.0, ""mram_payload_pressure_ratio"": 1.0, ""numeric_representation_penalty"": 3.0, ""tile_iterations"": 1024.0, ""wram_known_pressure_ratio"": 1.0}, ""normalization_id"": ""fixed_log1p_generic_budgets_v2"", ""transform"": ""log1p(value)/log1p(cap)""}","{""caps"": {""application_max_contracted_combinations"": 4096, ""application_max_rank"": 16, ""application_max_tensor_elements"": 65536, ""native_abi_max_tensor_elements"": 65536}, ""dpu_parallelism_model"": ""single_dpu_serial_tasks"", ""host_completion_model"": ""one_synchronous_dpu_launch_per_real_component"", ""host_dpu_transfer_model"": ""per_real_component_operand_upload_and_output_download_no_reuse"", ""input_element_bytes"": 4, ""memory_budget_source"": ""configured_generic_dpu_policy_v2"", ""mram_capacity_bytes"": 67108864, ""mram_wram_transfer_model"": ""aligned_scalar_read_windows_and_aligned_output_tile_writes"", ""numeric_contract"": ""real_float32_or_split_real_imag_v2"", ""output_element_bytes"": 4, ""output_tile_elements"": 256, ""policy_id"": ""generic_single_dpu_split_complex_v2"", ""wram_budget_bytes"": 61440}",True,[],56,64,56,136,56,192,504,56,3,0.0,0.016796875,3,64,136,56,504,3,3,3,0,104,786432,67108864,0.01171875,0.000244140625,0.000244140625,1032,61440,0.016796875,"{""dpu_to_host_payload_bytes"": 56, ""estimated_flops"": 56, ""feasibility"": true, ""host_completion_event_scope"": ""one_synchronous_dpu_launch_per_real_component"", ""host_completion_events"": 3, ""host_to_dpu_payload_bytes"": 136, ""known_wram_static_bytes"": 1032, ""largest_tensor_bytes"": 64, ""memory_budget_scope"": ""configured_modeled_budget_not_measured_runtime_occupancy"", ""mram_capacity_bytes"": 67108864, ""mram_dma_window_bytes_model"": 504, ""mram_dma_window_scope"": ""modeled_aligned_request_volume_not_physical_bus_bytes"", ""mram_max_region_payload_ratio"": 0.000244140625, ""mram_payload_pressure_ratio"": 0.000244140625, ""mram_payload_pressure_scope"": ""maximum_single_buffer_payload_divided_by_fixed_native_buffer_capacity"", ""mram_static_reservation_pressure_ratio"": 0.01171875, ""native_static_mram_reservation_bytes"": 786432, ""numeric_component_invocations"": 3, ""numeric_recombination_flops"": 0, ""numeric_representation_penalty"": 0.0, ""rejection_reasons"": [], ""task_mram_payload_bytes"": 104, ""tile_iterations"": 3, ""wram_budget_bytes"": 61440, ""wram_known_pressure_ratio"": 0.016796875}","{""dpu_to_host_payload_bytes"": 0.2916444806451303, ""estimated_flops"": 0.1881572079464174, ""host_completion_events"": 0.8613531161467861, ""host_to_dpu_payload_bytes"": 0.33800151668757117, ""mram_dma_window_bytes_model"": 0.26412106826809034, ""mram_payload_pressure_ratio"": 0.00035217748030102726, ""numeric_representation_penalty"": 0.0, ""tile_iterations"": 0.1999718400776083, ""wram_known_pressure_ratio"": 0.02403150151674986}",0.2624990547440262,3,True,False,modeled,False
research_benchmark_pack_v1,thesis_planner_semantic_v2_planner_compare,quantum_qrng_2q_semantic_v2,quantum,2,quantum_circuit,False,,4,4,2,4,4,cotengra.flops,cotengra,external_contraction_tree,29abf6127107d130856c0eaa87fbe850bf32d0d563501d9dac818edbc4b47437,"{""engine"": ""cotengra"", ""max_repeats"": 1, ""methods"": ""greedy"", ""objective"": ""flops"", ""on_trial_error"": ""raise"", ""optlib"": ""random"", ""parallel"": false, ""progbar"": false, ""seed"": 0}",,greedy,cotengra_flops,cotengra_contraction_tree,,,ac30c3a706761e2760ef2e1c9ce866c3cf2ef29c8e210751fbbb2cc362739d61,7c57fefe2222a595031985d2220c0554a9754b7d36d8dcbb69c897078e929482,completed,,0.0001866389975475613,3,96,64,16,32,48,0,0,,3,1,0.0,1,1,upmem_pressure_v1,,,,upmem_path_cost_v2,balanced_literature_informed,"{""caps"": {""dpu_to_host_payload_bytes"": 1048576.0, ""estimated_flops"": 2147614720.0, ""host_completion_events"": 4.0, ""host_to_dpu_payload_bytes"": 2097152.0, ""mram_dma_window_bytes_model"": 17180917760.0, ""mram_payload_pressure_ratio"": 1.0, ""numeric_representation_penalty"": 3.0, ""tile_iterations"": 1024.0, ""wram_known_pressure_ratio"": 1.0}, ""normalization_id"": ""fixed_log1p_generic_budgets_v2"", ""transform"": ""log1p(value)/log1p(cap)""}","{""caps"": {""application_max_contracted_combinations"": 4096, ""application_max_rank"": 16, ""application_max_tensor_elements"": 65536, ""native_abi_max_tensor_elements"": 65536}, ""dpu_parallelism_model"": ""single_dpu_serial_tasks"", ""host_completion_model"": ""one_synchronous_dpu_launch_per_real_component"", ""host_dpu_transfer_model"": ""per_real_component_operand_upload_and_output_download_no_reuse"", ""input_element_bytes"": 4, ""memory_budget_source"": ""configured_generic_dpu_policy_v2"", ""mram_capacity_bytes"": 67108864, ""mram_wram_transfer_model"": ""aligned_scalar_read_windows_and_aligned_output_tile_writes"", ""numeric_contract"": ""real_float32_or_split_real_imag_v2"", ""output_element_bytes"": 4, ""output_tile_elements"": 256, ""policy_id"": ""generic_single_dpu_split_complex_v2"", ""wram_budget_bytes"": 61440}",True,[],24,16,32,64,32,96,224,24,3,0.0,0.016796875,3,16,64,32,224,3,3,3,0,32,786432,67108864,0.01171875,6.103515625e-05,6.103515625e-05,1032,61440,0.016796875,"{""dpu_to_host_payload_bytes"": 32, ""estimated_flops"": 24, ""feasibility"": true, ""host_completion_event_scope"": ""one_synchronous_dpu_launch_per_real_component"", ""host_completion_events"": 3, ""host_to_dpu_payload_bytes"": 64, ""known_wram_static_bytes"": 1032, ""largest_tensor_bytes"": 16, ""memory_budget_scope"": ""configured_modeled_budget_not_measured_runtime_occupancy"", ""mram_capacity_bytes"": 67108864, ""mram_dma_window_bytes_model"": 224, ""mram_dma_window_scope"": ""modeled_aligned_request_volume_not_physical_bus_bytes"", ""mram_max_region_payload_ratio"": 6.103515625e-05, ""mram_payload_pressure_ratio"": 6.103515625e-05, ""mram_payload_pressure_scope"": ""maximum_single_buffer_payload_divided_by_fixed_native_buffer_capacity"", ""mram_static_reservation_pressure_ratio"": 0.01171875, ""native_static_mram_reservation_bytes"": 786432, ""numeric_component_invocations"": 3, ""numeric_recombination_flops"": 0, ""numeric_representation_penalty"": 0.0, ""rejection_reasons"": [], ""task_mram_payload_bytes"": 32, ""tile_iterations"": 3, ""wram_budget_bytes"": 61440, ""wram_known_pressure_ratio"": 0.016796875}","{""dpu_to_host_payload_bytes"": 0.2522196886169667, ""estimated_flops"": 0.14980138707412663, ""host_completion_events"": 0.8613531161467861, ""host_to_dpu_payload_bytes"": 0.2867794102735318, ""mram_dma_window_bytes_model"": 0.2298164986851926, ""mram_payload_pressure_ratio"": 8.805243012217692e-05, ""numeric_representation_penalty"": 0.0, ""tile_iterations"": 0.1999718400776083, ""wram_known_pressure_ratio"": 0.02403150151674986}",0.23638142379335092,1,False,True,modeled,False
research_benchmark_pack_v1,thesis_planner_semantic_v2_planner_compare,quantum_quantization_stress_2q_semantic_v2,quantum,2,quantum_circuit,False,,7,8,4,16,7,cotengra.flops,cotengra,external_contraction_tree,29abf6127107d130856c0eaa87fbe850bf32d0d563501d9dac818edbc4b47437,"{""engine"": ""cotengra"", ""max_repeats"": 1, ""methods"": ""greedy"", ""objective"": ""flops"", ""on_trial_error"": ""raise"", ""optlib"": ""random"", ""parallel"": false, ""progbar"": false, ""seed"": 0}",,greedy,cotengra_flops,cotengra_contraction_tree,,,1019dbbbe302272ac5f101ad6422f1ce90dc2dcfb03aaff107ab5e63a3a14dd8,266708b4406b813256bc3694cd87b2a93714056c33dfda0e57da9c84e8aea3ae,completed,,0.00027731899899663404,6,768,256,80,192,272,0,0,,6,1,0.5112781954887218,3,3,upmem_pressure_v1,,,,upmem_path_cost_v2,balanced_literature_informed,"{""caps"": {""dpu_to_host_payload_bytes"": 1048576.0, ""estimated_flops"": 2147614720.0, ""host_completion_events"": 4.0, ""host_to_dpu_payload_bytes"": 2097152.0, ""mram_dma_window_bytes_model"": 17180917760.0, ""mram_payload_pressure_ratio"": 1.0, ""numeric_representation_penalty"": 3.0, ""tile_iterations"": 1024.0, ""wram_known_pressure_ratio"": 1.0}, ""normalization_id"": ""fixed_log1p_generic_budgets_v2"", ""transform"": ""log1p(value)/log1p(cap)""}","{""caps"": {""application_max_contracted_combinations"": 4096, ""application_max_rank"": 16, ""application_max_tensor_elements"": 65536, ""native_abi_max_tensor_elements"": 65536}, ""dpu_parallelism_model"": ""single_dpu_serial_tasks"", ""host_completion_model"": ""one_synchronous_dpu_launch_per_real_component"", ""host_dpu_transfer_model"": ""per_real_component_operand_upload_and_output_download_no_reuse"", ""input_element_bytes"": 4, ""memory_budget_source"": ""configured_generic_dpu_policy_v2"", ""mram_capacity_bytes"": 67108864, ""mram_wram_transfer_model"": ""aligned_scalar_read_windows_and_aligned_output_tile_writes"", ""numeric_contract"": ""real_float32_or_split_real_imag_v2"", ""output_element_bytes"": 4, ""output_tile_elements"": 256, ""policy_id"": ""generic_single_dpu_split_complex_v2"", ""wram_budget_bytes"": 61440}",True,[],808,64,720,1136,720,1856,6480,808,18,12.0,0.016796875,18,64,1136,720,6480,18,18,18,88,144,786432,67108864,0.01171875,0.000244140625,0.000244140625,1032,61440,0.016796875,"{""dpu_to_host_payload_bytes"": 720, ""estimated_flops"": 808, ""feasibility"": true, ""host_completion_event_scope"": ""one_synchronous_dpu_launch_per_real_component"", ""host_completion_events"": 18, ""host_to_dpu_payload_bytes"": 1136, ""known_wram_static_bytes"": 1032, ""largest_tensor_bytes"": 64, ""memory_budget_scope"": ""configured_modeled_budget_not_measured_runtime_occupancy"", ""mram_capacity_bytes"": 67108864, ""mram_dma_window_bytes_model"": 6480, ""mram_dma_window_scope"": ""modeled_aligned_request_volume_not_physical_bus_bytes"", ""mram_max_region_payload_ratio"": 0.000244140625, ""mram_payload_pressure_ratio"": 0.000244140625, ""mram_payload_pressure_scope"": ""maximum_single_buffer_payload_divided_by_fixed_native_buffer_capacity"", ""mram_static_reservation_pressure_ratio"": 0.01171875, ""native_static_mram_reservation_bytes"": 786432, ""numeric_component_invocations"": 18, ""numeric_recombination_flops"": 88, ""numeric_representation_penalty"": 12.0, ""rejection_reasons"": [], ""task_mram_payload_bytes"": 144, ""tile_iterations"": 18, ""wram_budget_bytes"": 61440, ""wram_known_pressure_ratio"": 0.016796875}","{""dpu_to_host_payload_bytes"": 0.4746927398064904, ""estimated_flops"": 0.31161188561409237, ""host_completion_events"": 1.8294828004351504, ""host_to_dpu_payload_bytes"": 0.4833817241123451, ""mram_dma_window_bytes_model"": 0.37241082138262893, ""mram_payload_pressure_ratio"": 0.00035217748030102726, ""numeric_representation_penalty"": 1.850219859070546, ""tile_iterations"": 0.42473294068980644, ""wram_known_pressure_ratio"": 0.02403150151674986}",0.6390531282221377,4,True,False,modeled,False
research_benchmark_pack_v1,thesis_planner_sensitivity_v2_planner_compare,quantum_bell_2q_sensitivity_v2,quantum,2,quantum_circuit,False,,4,5,4,16,4,cotengra.flops,cotengra,external_contraction_tree,29abf6127107d130856c0eaa87fbe850bf32d0d563501d9dac818edbc4b47437,"{""engine"": ""cotengra"", ""max_repeats"": 1, ""methods"": ""greedy"", ""objective"": ""flops"", ""on_trial_error"": ""raise"", ""optlib"": ""random"", ""parallel"": false, ""progbar"": false, ""seed"": 0}",,greedy,cotengra_flops,cotengra_contraction_tree,,,c783d0b4fb8e10f5716425c76d4be6d9a499d6ad79e3895ed322b84eaabc9936,896eb400702cceaeb65b26435928d382e2e87734aa2d80c35e31c3070f30eabb,completed,,0.00039228400055435486,3,224,128,34,56,90,0,0,,3,1,2.0,3,2,upmem_pressure_v1,,,,upmem_path_cost_v2,balanced_literature_informed,"{""caps"": {""dpu_to_host_payload_bytes"": 1048576.0, ""estimated_flops"": 2147614720.0, ""host_completion_events"": 4.0, ""host_to_dpu_payload_bytes"": 2097152.0, ""mram_dma_window_bytes_model"": 17180917760.0, ""mram_payload_pressure_ratio"": 1.0, ""numeric_representation_penalty"": 3.0, ""tile_iterations"": 1024.0, ""wram_known_pressure_ratio"": 1.0}, ""normalization_id"": ""fixed_log1p_generic_budgets_v2"", ""transform"": ""log1p(value)/log1p(cap)""}","{""caps"": {""application_max_contracted_combinations"": 4096, ""application_max_rank"": 16, ""application_max_tensor_elements"": 65536, ""native_abi_max_tensor_elements"": 65536}, ""dpu_parallelism_model"": ""single_dpu_serial_tasks"", ""host_completion_model"": ""one_synchronous_dpu_launch_per_real_component"", ""host_dpu_transfer_model"": ""per_real_component_operand_upload_and_output_download_no_reuse"", ""input_element_bytes"": 4, ""memory_budget_source"": ""configured_generic_dpu_policy_v2"", ""mram_capacity_bytes"": 67108864, ""mram_wram_transfer_model"": ""aligned_scalar_read_windows_and_aligned_output_tile_writes"", ""numeric_contract"": ""real_float32_or_split_real_imag_v2"", ""output_element_bytes"": 4, ""output_tile_elements"": 256, ""policy_id"": ""generic_single_dpu_split_complex_v2"", ""wram_budget_bytes"": 61440}",True,[],56,64,56,136,56,192,504,56,3,0.0,0.016796875,3,64,136,56,504,3,3,3,0,104,786432,67108864,0.01171875,0.000244140625,0.000244140625,1032,61440,0.016796875,"{""dpu_to_host_payload_bytes"": 56, ""estimated_flops"": 56, ""feasibility"": true, ""host_completion_event_scope"": ""one_synchronous_dpu_launch_per_real_component"", ""host_completion_events"": 3, ""host_to_dpu_payload_bytes"": 136, ""known_wram_static_bytes"": 1032, ""largest_tensor_bytes"": 64, ""memory_budget_scope"": ""configured_modeled_budget_not_measured_runtime_occupancy"", ""mram_capacity_bytes"": 67108864, ""mram_dma_window_bytes_model"": 504, ""mram_dma_window_scope"": ""modeled_aligned_request_volume_not_physical_bus_bytes"", ""mram_max_region_payload_ratio"": 0.000244140625, ""mram_payload_pressure_ratio"": 0.000244140625, ""mram_payload_pressure_scope"": ""maximum_single_buffer_payload_divided_by_fixed_native_buffer_capacity"", ""mram_static_reservation_pressure_ratio"": 0.01171875, ""native_static_mram_reservation_bytes"": 786432, ""numeric_component_invocations"": 3, ""numeric_recombination_flops"": 0, ""numeric_representation_penalty"": 0.0, ""rejection_reasons"": [], ""task_mram_payload_bytes"": 104, ""tile_iterations"": 3, ""wram_budget_bytes"": 61440, ""wram_known_pressure_ratio"": 0.016796875}","{""dpu_to_host_payload_bytes"": 0.2916444806451303, ""estimated_flops"": 0.1881572079464174, ""host_completion_events"": 0.8613531161467861, ""host_to_dpu_payload_bytes"": 0.33800151668757117, ""mram_dma_window_bytes_model"": 0.26412106826809034, ""mram_payload_pressure_ratio"": 0.00035217748030102726, ""numeric_representation_penalty"": 0.0, ""tile_iterations"": 0.1999718400776083, ""wram_known_pressure_ratio"": 0.02403150151674986}",0.2624990547440262,2,True,False,modeled,False
research_benchmark_pack_v1,thesis_planner_sensitivity_v2_planner_compare,quantum_qrng_2q_sensitivity_v2,quantum,2,quantum_circuit,False,,4,4,2,4,4,cotengra.flops,cotengra,external_contraction_tree,29abf6127107d130856c0eaa87fbe850bf32d0d563501d9dac818edbc4b47437,"{""engine"": ""cotengra"", ""max_repeats"": 1, ""methods"": ""greedy"", ""objective"": ""flops"", ""on_trial_error"": ""raise"", ""optlib"": ""random"", ""parallel"": false, ""progbar"": false, ""seed"": 0}",,greedy,cotengra_flops,cotengra_contraction_tree,,,ac30c3a706761e2760ef2e1c9ce866c3cf2ef29c8e210751fbbb2cc362739d61,7c57fefe2222a595031985d2220c0554a9754b7d36d8dcbb69c897078e929482,completed,,0.00024941700030467473,3,96,64,16,32,48,0,0,,3,1,0.0,1,1,upmem_pressure_v1,,,,upmem_path_cost_v2,balanced_literature_informed,"{""caps"": {""dpu_to_host_payload_bytes"": 1048576.0, ""estimated_flops"": 2147614720.0, ""host_completion_events"": 4.0, ""host_to_dpu_payload_bytes"": 2097152.0, ""mram_dma_window_bytes_model"": 17180917760.0, ""mram_payload_pressure_ratio"": 1.0, ""numeric_representation_penalty"": 3.0, ""tile_iterations"": 1024.0, ""wram_known_pressure_ratio"": 1.0}, ""normalization_id"": ""fixed_log1p_generic_budgets_v2"", ""transform"": ""log1p(value)/log1p(cap)""}","{""caps"": {""application_max_contracted_combinations"": 4096, ""application_max_rank"": 16, ""application_max_tensor_elements"": 65536, ""native_abi_max_tensor_elements"": 65536}, ""dpu_parallelism_model"": ""single_dpu_serial_tasks"", ""host_completion_model"": ""one_synchronous_dpu_launch_per_real_component"", ""host_dpu_transfer_model"": ""per_real_component_operand_upload_and_output_download_no_reuse"", ""input_element_bytes"": 4, ""memory_budget_source"": ""configured_generic_dpu_policy_v2"", ""mram_capacity_bytes"": 67108864, ""mram_wram_transfer_model"": ""aligned_scalar_read_windows_and_aligned_output_tile_writes"", ""numeric_contract"": ""real_float32_or_split_real_imag_v2"", ""output_element_bytes"": 4, ""output_tile_elements"": 256, ""policy_id"": ""generic_single_dpu_split_complex_v2"", ""wram_budget_bytes"": 61440}",True,[],24,16,32,64,32,96,224,24,3,0.0,0.016796875,3,16,64,32,224,3,3,3,0,32,786432,67108864,0.01171875,6.103515625e-05,6.103515625e-05,1032,61440,0.016796875,"{""dpu_to_host_payload_bytes"": 32, ""estimated_flops"": 24, ""feasibility"": true, ""host_completion_event_scope"": ""one_synchronous_dpu_launch_per_real_component"", ""host_completion_events"": 3, ""host_to_dpu_payload_bytes"": 64, ""known_wram_static_bytes"": 1032, ""largest_tensor_bytes"": 16, ""memory_budget_scope"": ""configured_modeled_budget_not_measured_runtime_occupancy"", ""mram_capacity_bytes"": 67108864, ""mram_dma_window_bytes_model"": 224, ""mram_dma_window_scope"": ""modeled_aligned_request_volume_not_physical_bus_bytes"", ""mram_max_region_payload_ratio"": 6.103515625e-05, ""mram_payload_pressure_ratio"": 6.103515625e-05, ""mram_payload_pressure_scope"": ""maximum_single_buffer_payload_divided_by_fixed_native_buffer_capacity"", ""mram_static_reservation_pressure_ratio"": 0.01171875, ""native_static_mram_reservation_bytes"": 786432, ""numeric_component_invocations"": 3, ""numeric_recombination_flops"": 0, ""numeric_representation_penalty"": 0.0, ""rejection_reasons"": [], ""task_mram_payload_bytes"": 32, ""tile_iterations"": 3, ""wram_budget_bytes"": 61440, ""wram_known_pressure_ratio"": 0.016796875}","{""dpu_to_host_payload_bytes"": 0.2522196886169667, ""estimated_flops"": 0.14980138707412663, ""host_completion_events"": 0.8613531161467861, ""host_to_dpu_payload_bytes"": 0.2867794102735318, ""mram_dma_window_bytes_model"": 0.2298164986851926, ""mram_payload_pressure_ratio"": 8.805243012217692e-05, ""numeric_representation_penalty"": 0.0, ""tile_iterations"": 0.1999718400776083, ""wram_known_pressure_ratio"": 0.02403150151674986}",0.23638142379335092,1,False,True,modeled,False
research_benchmark_pack_v1,thesis_planner_semantic_v2_planner_compare,quantum_bell_2q_semantic_v2,quantum,2,quantum_circuit,False,,4,5,4,16,4,cotengra.size,cotengra,external_contraction_tree,e9852bf700905b31e3be67ba9bb323fddcf0304d58266d028aec042719273fd7,"{""engine"": ""cotengra"", ""max_repeats"": 1, ""methods"": ""greedy"", ""objective"": ""size"", ""on_trial_error"": ""raise"", ""optlib"": ""random"", ""parallel"": false, ""progbar"": false, ""seed"": 0}",,greedy,cotengra_size,cotengra_contraction_tree,,,e0244cfa55708fdaa201daac3a9dbef4470c514be3fc488c30c7ecb87fcca428,896eb400702cceaeb65b26435928d382e2e87734aa2d80c35e31c3070f30eabb,completed,,0.00021196600209805183,3,224,128,34,56,90,0,0,,3,1,2.0,3,2,upmem_pressure_v1,,,,upmem_path_cost_v2,balanced_literature_informed,"{""caps"": {""dpu_to_host_payload_bytes"": 1048576.0, ""estimated_flops"": 2147614720.0, ""host_completion_events"": 4.0, ""host_to_dpu_payload_bytes"": 2097152.0, ""mram_dma_window_bytes_model"": 17180917760.0, ""mram_payload_pressure_ratio"": 1.0, ""numeric_representation_penalty"": 3.0, ""tile_iterations"": 1024.0, ""wram_known_pressure_ratio"": 1.0}, ""normalization_id"": ""fixed_log1p_generic_budgets_v2"", ""transform"": ""log1p(value)/log1p(cap)""}","{""caps"": {""application_max_contracted_combinations"": 4096, ""application_max_rank"": 16, ""application_max_tensor_elements"": 65536, ""native_abi_max_tensor_elements"": 65536}, ""dpu_parallelism_model"": ""single_dpu_serial_tasks"", ""host_completion_model"": ""one_synchronous_dpu_launch_per_real_component"", ""host_dpu_transfer_model"": ""per_real_component_operand_upload_and_output_download_no_reuse"", ""input_element_bytes"": 4, ""memory_budget_source"": ""configured_generic_dpu_policy_v2"", ""mram_capacity_bytes"": 67108864, ""mram_wram_transfer_model"": ""aligned_scalar_read_windows_and_aligned_output_tile_writes"", ""numeric_contract"": ""real_float32_or_split_real_imag_v2"", ""output_element_bytes"": 4, ""output_tile_elements"": 256, ""policy_id"": ""generic_single_dpu_split_complex_v2"", ""wram_budget_bytes"": 61440}",True,[],56,64,56,136,56,192,504,56,3,0.0,0.016796875,3,64,136,56,504,3,3,3,0,104,786432,67108864,0.01171875,0.000244140625,0.000244140625,1032,61440,0.016796875,"{""dpu_to_host_payload_bytes"": 56, ""estimated_flops"": 56, ""feasibility"": true, ""host_completion_event_scope"": ""one_synchronous_dpu_launch_per_real_component"", ""host_completion_events"": 3, ""host_to_dpu_payload_bytes"": 136, ""known_wram_static_bytes"": 1032, ""largest_tensor_bytes"": 64, ""memory_budget_scope"": ""configured_modeled_budget_not_measured_runtime_occupancy"", ""mram_capacity_bytes"": 67108864, ""mram_dma_window_bytes_model"": 504, ""mram_dma_window_scope"": ""modeled_aligned_request_volume_not_physical_bus_bytes"", ""mram_max_region_payload_ratio"": 0.000244140625, ""mram_payload_pressure_ratio"": 0.000244140625, ""mram_payload_pressure_scope"": ""maximum_single_buffer_payload_divided_by_fixed_native_buffer_capacity"", ""mram_static_reservation_pressure_ratio"": 0.01171875, ""native_static_mram_reservation_bytes"": 786432, ""numeric_component_invocations"": 3, ""numeric_recombination_flops"": 0, ""numeric_representation_penalty"": 0.0, ""rejection_reasons"": [], ""task_mram_payload_bytes"": 104, ""tile_iterations"": 3, ""wram_budget_bytes"": 61440, ""wram_known_pressure_ratio"": 0.016796875}","{""dpu_to_host_payload_bytes"": 0.2916444806451303, ""estimated_flops"": 0.1881572079464174, ""host_completion_events"": 0.8613531161467861, ""host_to_dpu_payload_bytes"": 0.33800151668757117, ""mram_dma_window_bytes_model"": 0.26412106826809034, ""mram_payload_pressure_ratio"": 0.00035217748030102726, ""numeric_representation_penalty"": 0.0, ""tile_iterations"": 0.1999718400776083, ""wram_known_pressure_ratio"": 0.02403150151674986}",0.2624990547440262,3,True,False,modeled,False
research_benchmark_pack_v1,thesis_planner_semantic_v2_planner_compare,quantum_qrng_2q_semantic_v2,quantum,2,quantum_circuit,False,,4,4,2,4,4,cotengra.size,cotengra,external_contraction_tree,e9852bf700905b31e3be67ba9bb323fddcf0304d58266d028aec042719273fd7,"{""engine"": ""cotengra"", ""max_repeats"": 1, ""methods"": ""greedy"", ""objective"": ""size"", ""on_trial_error"": ""raise"", ""optlib"": ""random"", ""parallel"": false, ""progbar"": false, ""seed"": 0}",,greedy,cotengra_size,cotengra_contraction_tree,,,84915150877e808491c2e14c776c41e1a9a2912f846efd68c8b8f6f2854f9bde,7c57fefe2222a595031985d2220c0554a9754b7d36d8dcbb69c897078e929482,completed,,0.0001925510005094111,3,96,64,16,32,48,0,0,,3,1,0.0,1,1,upmem_pressure_v1,,,,upmem_path_cost_v2,balanced_literature_informed,"{""caps"": {""dpu_to_host_payload_bytes"": 1048576.0, ""estimated_flops"": 2147614720.0, ""host_completion_events"": 4.0, ""host_to_dpu_payload_bytes"": 2097152.0, ""mram_dma_window_bytes_model"": 17180917760.0, ""mram_payload_pressure_ratio"": 1.0, ""numeric_representation_penalty"": 3.0, ""tile_iterations"": 1024.0, ""wram_known_pressure_ratio"": 1.0}, ""normalization_id"": ""fixed_log1p_generic_budgets_v2"", ""transform"": ""log1p(value)/log1p(cap)""}","{""caps"": {""application_max_contracted_combinations"": 4096, ""application_max_rank"": 16, ""application_max_tensor_elements"": 65536, ""native_abi_max_tensor_elements"": 65536}, ""dpu_parallelism_model"": ""single_dpu_serial_tasks"", ""host_completion_model"": ""one_synchronous_dpu_launch_per_real_component"", ""host_dpu_transfer_model"": ""per_real_component_operand_upload_and_output_download_no_reuse"", ""input_element_bytes"": 4, ""memory_budget_source"": ""configured_generic_dpu_policy_v2"", ""mram_capacity_bytes"": 67108864, ""mram_wram_transfer_model"": ""aligned_scalar_read_windows_and_aligned_output_tile_writes"", ""numeric_contract"": ""real_float32_or_split_real_imag_v2"", ""output_element_bytes"": 4, ""output_tile_elements"": 256, ""policy_id"": ""generic_single_dpu_split_complex_v2"", ""wram_budget_bytes"": 61440}",True,[],24,16,32,64,32,96,224,24,3,0.0,0.016796875,3,16,64,32,224,3,3,3,0,32,786432,67108864,0.01171875,6.103515625e-05,6.103515625e-05,1032,61440,0.016796875,"{""dpu_to_host_payload_bytes"": 32, ""estimated_flops"": 24, ""feasibility"": true, ""host_completion_event_scope"": ""one_synchronous_dpu_launch_per_real_component"", ""host_completion_events"": 3, ""host_to_dpu_payload_bytes"": 64, ""known_wram_static_bytes"": 1032, ""largest_tensor_bytes"": 16, ""memory_budget_scope"": ""configured_modeled_budget_not_measured_runtime_occupancy"", ""mram_capacity_bytes"": 67108864, ""mram_dma_window_bytes_model"": 224, ""mram_dma_window_scope"": ""modeled_aligned_request_volume_not_physical_bus_bytes"", ""mram_max_region_payload_ratio"": 6.103515625e-05, ""mram_payload_pressure_ratio"": 6.103515625e-05, ""mram_payload_pressure_scope"": ""maximum_single_buffer_payload_divided_by_fixed_native_buffer_capacity"", ""mram_static_reservation_pressure_ratio"": 0.01171875, ""native_static_mram_reservation_bytes"": 786432, ""numeric_component_invocations"": 3, ""numeric_recombination_flops"": 0, ""numeric_representation_penalty"": 0.0, ""rejection_reasons"": [], ""task_mram_payload_bytes"": 32, ""tile_iterations"": 3, ""wram_budget_bytes"": 61440, ""wram_known_pressure_ratio"": 0.016796875}","{""dpu_to_host_payload_bytes"": 0.2522196886169667, ""estimated_flops"": 0.14980138707412663, ""host_completion_events"": 0.8613531161467861, ""host_to_dpu_payload_bytes"": 0.2867794102735318, ""mram_dma_window_bytes_model"": 0.2298164986851926, ""mram_payload_pressure_ratio"": 8.805243012217692e-05, ""numeric_representation_penalty"": 0.0, ""tile_iterations"": 0.1999718400776083, ""wram_known_pressure_ratio"": 0.02403150151674986}",0.23638142379335092,1,False,True,modeled,False
research_benchmark_pack_v1,thesis_planner_semantic_v2_planner_compare,quantum_quantization_stress_2q_semantic_v2,quantum,2,quantum_circuit,False,,7,8,4,16,7,cotengra.size,cotengra,external_contraction_tree,e9852bf700905b31e3be67ba9bb323fddcf0304d58266d028aec042719273fd7,"{""engine"": ""cotengra"", ""max_repeats"": 1, ""methods"": ""greedy"", ""objective"": ""size"", ""on_trial_error"": ""raise"", ""optlib"": ""random"", ""parallel"": false, ""progbar"": false, ""seed"": 0}",,greedy,cotengra_size,cotengra_contraction_tree,,,4ae3c730a55a8f570f6eb6ad2800c0f7bfa472d8bad9c0de0ab0bd6785a3299e,266708b4406b813256bc3694cd87b2a93714056c33dfda0e57da9c84e8aea3ae,completed,,0.0002716879971558228,6,768,256,80,192,272,0,0,,6,1,0.5112781954887218,3,3,upmem_pressure_v1,,,,upmem_path_cost_v2,balanced_literature_informed,"{""caps"": {""dpu_to_host_payload_bytes"": 1048576.0, ""estimated_flops"": 2147614720.0, ""host_completion_events"": 4.0, ""host_to_dpu_payload_bytes"": 2097152.0, ""mram_dma_window_bytes_model"": 17180917760.0, ""mram_payload_pressure_ratio"": 1.0, ""numeric_representation_penalty"": 3.0, ""tile_iterations"": 1024.0, ""wram_known_pressure_ratio"": 1.0}, ""normalization_id"": ""fixed_log1p_generic_budgets_v2"", ""transform"": ""log1p(value)/log1p(cap)""}","{""caps"": {""application_max_contracted_combinations"": 4096, ""application_max_rank"": 16, ""application_max_tensor_elements"": 65536, ""native_abi_max_tensor_elements"": 65536}, ""dpu_parallelism_model"": ""single_dpu_serial_tasks"", ""host_completion_model"": ""one_synchronous_dpu_launch_per_real_component"", ""host_dpu_transfer_model"": ""per_real_component_operand_upload_and_output_download_no_reuse"", ""input_element_bytes"": 4, ""memory_budget_source"": ""configured_generic_dpu_policy_v2"", ""mram_capacity_bytes"": 67108864, ""mram_wram_transfer_model"": ""aligned_scalar_read_windows_and_aligned_output_tile_writes"", ""numeric_contract"": ""real_float32_or_split_real_imag_v2"", ""output_element_bytes"": 4, ""output_tile_elements"": 256, ""policy_id"": ""generic_single_dpu_split_complex_v2"", ""wram_budget_bytes"": 61440}",True,[],808,64,720,1136,720,1856,6480,808,18,12.0,0.016796875,18,64,1136,720,6480,18,18,18,88,144,786432,67108864,0.01171875,0.000244140625,0.000244140625,1032,61440,0.016796875,"{""dpu_to_host_payload_bytes"": 720, ""estimated_flops"": 808, ""feasibility"": true, ""host_completion_event_scope"": ""one_synchronous_dpu_launch_per_real_component"", ""host_completion_events"": 18, ""host_to_dpu_payload_bytes"": 1136, ""known_wram_static_bytes"": 1032, ""largest_tensor_bytes"": 64, ""memory_budget_scope"": ""configured_modeled_budget_not_measured_runtime_occupancy"", ""mram_capacity_bytes"": 67108864, ""mram_dma_window_bytes_model"": 6480, ""mram_dma_window_scope"": ""modeled_aligned_request_volume_not_physical_bus_bytes"", ""mram_max_region_payload_ratio"": 0.000244140625, ""mram_payload_pressure_ratio"": 0.000244140625, ""mram_payload_pressure_scope"": ""maximum_single_buffer_payload_divided_by_fixed_native_buffer_capacity"", ""mram_static_reservation_pressure_ratio"": 0.01171875, ""native_static_mram_reservation_bytes"": 786432, ""numeric_component_invocations"": 18, ""numeric_recombination_flops"": 88, ""numeric_representation_penalty"": 12.0, ""rejection_reasons"": [], ""task_mram_payload_bytes"": 144, ""tile_iterations"": 18, ""wram_budget_bytes"": 61440, ""wram_known_pressure_ratio"": 0.016796875}","{""dpu_to_host_payload_bytes"": 0.4746927398064904, ""estimated_flops"": 0.31161188561409237, ""host_completion_events"": 1.8294828004351504, ""host_to_dpu_payload_bytes"": 0.4833817241123451, ""mram_dma_window_bytes_model"": 0.37241082138262893, ""mram_payload_pressure_ratio"": 0.00035217748030102726, ""numeric_representation_penalty"": 1.850219859070546, ""tile_iterations"": 0.42473294068980644, ""wram_known_pressure_ratio"": 0.02403150151674986}",0.6390531282221377,4,True,False,modeled,False
research_benchmark_pack_v1,thesis_planner_sensitivity_v2_planner_compare,quantum_bell_2q_sensitivity_v2,quantum,2,quantum_circuit,False,,4,5,4,16,4,cotengra.size,cotengra,external_contraction_tree,e9852bf700905b31e3be67ba9bb323fddcf0304d58266d028aec042719273fd7,"{""engine"": ""cotengra"", ""max_repeats"": 1, ""methods"": ""greedy"", ""objective"": ""size"", ""on_trial_error"": ""raise"", ""optlib"": ""random"", ""parallel"": false, ""progbar"": false, ""seed"": 0}",,greedy,cotengra_size,cotengra_contraction_tree,,,e0244cfa55708fdaa201daac3a9dbef4470c514be3fc488c30c7ecb87fcca428,896eb400702cceaeb65b26435928d382e2e87734aa2d80c35e31c3070f30eabb,completed,,0.00021158499657758512,3,224,128,34,56,90,0,0,,3,1,2.0,3,2,upmem_pressure_v1,,,,upmem_path_cost_v2,balanced_literature_informed,"{""caps"": {""dpu_to_host_payload_bytes"": 1048576.0, ""estimated_flops"": 2147614720.0, ""host_completion_events"": 4.0, ""host_to_dpu_payload_bytes"": 2097152.0, ""mram_dma_window_bytes_model"": 17180917760.0, ""mram_payload_pressure_ratio"": 1.0, ""numeric_representation_penalty"": 3.0, ""tile_iterations"": 1024.0, ""wram_known_pressure_ratio"": 1.0}, ""normalization_id"": ""fixed_log1p_generic_budgets_v2"", ""transform"": ""log1p(value)/log1p(cap)""}","{""caps"": {""application_max_contracted_combinations"": 4096, ""application_max_rank"": 16, ""application_max_tensor_elements"": 65536, ""native_abi_max_tensor_elements"": 65536}, ""dpu_parallelism_model"": ""single_dpu_serial_tasks"", ""host_completion_model"": ""one_synchronous_dpu_launch_per_real_component"", ""host_dpu_transfer_model"": ""per_real_component_operand_upload_and_output_download_no_reuse"", ""input_element_bytes"": 4, ""memory_budget_source"": ""configured_generic_dpu_policy_v2"", ""mram_capacity_bytes"": 67108864, ""mram_wram_transfer_model"": ""aligned_scalar_read_windows_and_aligned_output_tile_writes"", ""numeric_contract"": ""real_float32_or_split_real_imag_v2"", ""output_element_bytes"": 4, ""output_tile_elements"": 256, ""policy_id"": ""generic_single_dpu_split_complex_v2"", ""wram_budget_bytes"": 61440}",True,[],56,64,56,136,56,192,504,56,3,0.0,0.016796875,3,64,136,56,504,3,3,3,0,104,786432,67108864,0.01171875,0.000244140625,0.000244140625,1032,61440,0.016796875,"{""dpu_to_host_payload_bytes"": 56, ""estimated_flops"": 56, ""feasibility"": true, ""host_completion_event_scope"": ""one_synchronous_dpu_launch_per_real_component"", ""host_completion_events"": 3, ""host_to_dpu_payload_bytes"": 136, ""known_wram_static_bytes"": 1032, ""largest_tensor_bytes"": 64, ""memory_budget_scope"": ""configured_modeled_budget_not_measured_runtime_occupancy"", ""mram_capacity_bytes"": 67108864, ""mram_dma_window_bytes_model"": 504, ""mram_dma_window_scope"": ""modeled_aligned_request_volume_not_physical_bus_bytes"", ""mram_max_region_payload_ratio"": 0.000244140625, ""mram_payload_pressure_ratio"": 0.000244140625, ""mram_payload_pressure_scope"": ""maximum_single_buffer_payload_divided_by_fixed_native_buffer_capacity"", ""mram_static_reservation_pressure_ratio"": 0.01171875, ""native_static_mram_reservation_bytes"": 786432, ""numeric_component_invocations"": 3, ""numeric_recombination_flops"": 0, ""numeric_representation_penalty"": 0.0, ""rejection_reasons"": [], ""task_mram_payload_bytes"": 104, ""tile_iterations"": 3, ""wram_budget_bytes"": 61440, ""wram_known_pressure_ratio"": 0.016796875}","{""dpu_to_host_payload_bytes"": 0.2916444806451303, ""estimated_flops"": 0.1881572079464174, ""host_completion_events"": 0.8613531161467861, ""host_to_dpu_payload_bytes"": 0.33800151668757117, ""mram_dma_window_bytes_model"": 0.26412106826809034, ""mram_payload_pressure_ratio"": 0.00035217748030102726, ""numeric_representation_penalty"": 0.0, ""tile_iterations"": 0.1999718400776083, ""wram_known_pressure_ratio"": 0.02403150151674986}",0.2624990547440262,2,True,False,modeled,False
research_benchmark_pack_v1,thesis_planner_sensitivity_v2_planner_compare,quantum_qrng_2q_sensitivity_v2,quantum,2,quantum_circuit,False,,4,4,2,4,4,cotengra.size,cotengra,external_contraction_tree,e9852bf700905b31e3be67ba9bb323fddcf0304d58266d028aec042719273fd7,"{""engine"": ""cotengra"", ""max_repeats"": 1, ""methods"": ""greedy"", ""objective"": ""size"", ""on_trial_error"": ""raise"", ""optlib"": ""random"", ""parallel"": false, ""progbar"": false, ""seed"": 0}",,greedy,cotengra_size,cotengra_contraction_tree,,,84915150877e808491c2e14c776c41e1a9a2912f846efd68c8b8f6f2854f9bde,7c57fefe2222a595031985d2220c0554a9754b7d36d8dcbb69c897078e929482,completed,,0.00024341600146726705,3,96,64,16,32,48,0,0,,3,1,0.0,1,1,upmem_pressure_v1,,,,upmem_path_cost_v2,balanced_literature_informed,"{""caps"": {""dpu_to_host_payload_bytes"": 1048576.0, ""estimated_flops"": 2147614720.0, ""host_completion_events"": 4.0, ""host_to_dpu_payload_bytes"": 2097152.0, ""mram_dma_window_bytes_model"": 17180917760.0, ""mram_payload_pressure_ratio"": 1.0, ""numeric_representation_penalty"": 3.0, ""tile_iterations"": 1024.0, ""wram_known_pressure_ratio"": 1.0}, ""normalization_id"": ""fixed_log1p_generic_budgets_v2"", ""transform"": ""log1p(value)/log1p(cap)""}","{""caps"": {""application_max_contracted_combinations"": 4096, ""application_max_rank"": 16, ""application_max_tensor_elements"": 65536, ""native_abi_max_tensor_elements"": 65536}, ""dpu_parallelism_model"": ""single_dpu_serial_tasks"", ""host_completion_model"": ""one_synchronous_dpu_launch_per_real_component"", ""host_dpu_transfer_model"": ""per_real_component_operand_upload_and_output_download_no_reuse"", ""input_element_bytes"": 4, ""memory_budget_source"": ""configured_generic_dpu_policy_v2"", ""mram_capacity_bytes"": 67108864, ""mram_wram_transfer_model"": ""aligned_scalar_read_windows_and_aligned_output_tile_writes"", ""numeric_contract"": ""real_float32_or_split_real_imag_v2"", ""output_element_bytes"": 4, ""output_tile_elements"": 256, ""policy_id"": ""generic_single_dpu_split_complex_v2"", ""wram_budget_bytes"": 61440}",True,[],24,16,32,64,32,96,224,24,3,0.0,0.016796875,3,16,64,32,224,3,3,3,0,32,786432,67108864,0.01171875,6.103515625e-05,6.103515625e-05,1032,61440,0.016796875,"{""dpu_to_host_payload_bytes"": 32, ""estimated_flops"": 24, ""feasibility"": true, ""host_completion_event_scope"": ""one_synchronous_dpu_launch_per_real_component"", ""host_completion_events"": 3, ""host_to_dpu_payload_bytes"": 64, ""known_wram_static_bytes"": 1032, ""largest_tensor_bytes"": 16, ""memory_budget_scope"": ""configured_modeled_budget_not_measured_runtime_occupancy"", ""mram_capacity_bytes"": 67108864, ""mram_dma_window_bytes_model"": 224, ""mram_dma_window_scope"": ""modeled_aligned_request_volume_not_physical_bus_bytes"", ""mram_max_region_payload_ratio"": 6.103515625e-05, ""mram_payload_pressure_ratio"": 6.103515625e-05, ""mram_payload_pressure_scope"": ""maximum_single_buffer_payload_divided_by_fixed_native_buffer_capacity"", ""mram_static_reservation_pressure_ratio"": 0.01171875, ""native_static_mram_reservation_bytes"": 786432, ""numeric_component_invocations"": 3, ""numeric_recombination_flops"": 0, ""numeric_representation_penalty"": 0.0, ""rejection_reasons"": [], ""task_mram_payload_bytes"": 32, ""tile_iterations"": 3, ""wram_budget_bytes"": 61440, ""wram_known_pressure_ratio"": 0.016796875}","{""dpu_to_host_payload_bytes"": 0.2522196886169667, ""estimated_flops"": 0.14980138707412663, ""host_completion_events"": 0.8613531161467861, ""host_to_dpu_payload_bytes"": 0.2867794102735318, ""mram_dma_window_bytes_model"": 0.2298164986851926, ""mram_payload_pressure_ratio"": 8.805243012217692e-05, ""numeric_representation_penalty"": 0.0, ""tile_iterations"": 0.1999718400776083, ""wram_known_pressure_ratio"": 0.02403150151674986}",0.23638142379335092,1,False,True,modeled,False
research_benchmark_pack_v1,thesis_planner_semantic_v2_planner_compare,quantum_bell_2q_semantic_v2,quantum,2,quantum_circuit,False,,4,5,4,16,4,custom_upmem.greedy.v2.balanced_literature_informed,custom_upmem,native_target_projected_prefix_greedy,732e5d6ce69eb7f899d95e1d4a3ba1c390eb63c7f748cdd8667ef363f7fa7de4,"{""algorithm"": ""greedy"", ""engine"": ""custom_upmem"", ""execution_policy"": ""generic_single_dpu_split_complex_v2"", ""normalization"": ""fixed_log1p_generic_budgets_v2"", ""numeric_contract"": ""real_float32_or_split_real_imag_v2"", ""objective_version"": ""upmem_path_cost_v2"", ""selection_scope"": ""projected_prefix"", ""weight_profile"": ""balanced_literature_informed""}",projected_prefix,greedy,upmem_path_cost_v2,generic_single_dpu_split_complex_v2,,,0d438ab6667b0b8bd3fcc3d91f29a1d4079e45933074143d687f7f47632eb21d,a6dec582a02b84930c4e90e8b9fd29e341d16477ce9a916a5cb2391671919903,completed,,0.0010977140009345021,3,224,64,32,48,80,0,0,,3,1,0.5,2,2,upmem_pressure_v1,,,,upmem_path_cost_v2,balanced_literature_informed,"{""caps"": {""dpu_to_host_payload_bytes"": 1048576.0, ""estimated_flops"": 2147614720.0, ""host_completion_events"": 4.0, ""host_to_dpu_payload_bytes"": 2097152.0, ""mram_dma_window_bytes_model"": 17180917760.0, ""mram_payload_pressure_ratio"": 1.0, ""numeric_representation_penalty"": 3.0, ""tile_iterations"": 1024.0, ""wram_known_pressure_ratio"": 1.0}, ""normalization_id"": ""fixed_log1p_generic_budgets_v2"", ""transform"": ""log1p(value)/log1p(cap)""}","{""caps"": {""application_max_contracted_combinations"": 4096, ""application_max_rank"": 16, ""application_max_tensor_elements"": 65536, ""native_abi_max_tensor_elements"": 65536}, ""dpu_parallelism_model"": ""single_dpu_serial_tasks"", ""host_completion_model"": ""one_synchronous_dpu_launch_per_real_component"", ""host_dpu_transfer_model"": ""per_real_component_operand_upload_and_output_download_no_reuse"", ""input_element_bytes"": 4, ""memory_budget_source"": ""configured_generic_dpu_policy_v2"", ""mram_capacity_bytes"": 67108864, ""mram_wram_transfer_model"": ""aligned_scalar_read_windows_and_aligned_output_tile_writes"", ""numeric_contract"": ""real_float32_or_split_real_imag_v2"", ""output_element_bytes"": 4, ""output_tile_elements"": 256, ""policy_id"": ""generic_single_dpu_split_complex_v2"", ""wram_budget_bytes"": 61440}",True,[],56,64,48,128,48,176,496,56,3,0.0,0.016796875,3,64,128,48,496,3,3,3,0,96,786432,67108864,0.01171875,0.000244140625,0.000244140625,1032,61440,0.016796875,"{""dpu_to_host_payload_bytes"": 48, ""estimated_flops"": 56, ""feasibility"": true, ""host_completion_event_scope"": ""one_synchronous_dpu_launch_per_real_component"", ""host_completion_events"": 3, ""host_to_dpu_payload_bytes"": 128, ""known_wram_static_bytes"": 1032, ""largest_tensor_bytes"": 64, ""memory_budget_scope"": ""configured_modeled_budget_not_measured_runtime_occupancy"", ""mram_capacity_bytes"": 67108864, ""mram_dma_window_bytes_model"": 496, ""mram_dma_window_scope"": ""modeled_aligned_request_volume_not_physical_bus_bytes"", ""mram_max_region_payload_ratio"": 0.000244140625, ""mram_payload_pressure_ratio"": 0.000244140625, ""mram_payload_pressure_scope"": ""maximum_single_buffer_payload_divided_by_fixed_native_buffer_capacity"", ""mram_static_reservation_pressure_ratio"": 0.01171875, ""native_static_mram_reservation_bytes"": 786432, ""numeric_component_invocations"": 3, ""numeric_recombination_flops"": 0, ""numeric_representation_penalty"": 0.0, ""rejection_reasons"": [], ""task_mram_payload_bytes"": 96, ""tile_iterations"": 3, ""wram_budget_bytes"": 61440, ""wram_known_pressure_ratio"": 0.016796875}","{""dpu_to_host_payload_bytes"": 0.2807354728931173, ""estimated_flops"": 0.1881572079464174, ""host_completion_events"": 0.8613531161467861, ""host_to_dpu_payload_bytes"": 0.3338679536069203, ""mram_dma_window_bytes_model"": 0.2634434954323586, ""mram_payload_pressure_ratio"": 0.00035217748030102726, ""numeric_representation_penalty"": 0.0, ""tile_iterations"": 0.1999718400776083, ""wram_known_pressure_ratio"": 0.02403150151674986}",0.26119805532718154,2,True,False,modeled,False
research_benchmark_pack_v1,thesis_planner_semantic_v2_planner_compare,quantum_qrng_2q_semantic_v2,quantum,2,quantum_circuit,False,,4,4,2,4,4,custom_upmem.greedy.v2.balanced_literature_informed,custom_upmem,native_target_projected_prefix_greedy,732e5d6ce69eb7f899d95e1d4a3ba1c390eb63c7f748cdd8667ef363f7fa7de4,"{""algorithm"": ""greedy"", ""engine"": ""custom_upmem"", ""execution_policy"": ""generic_single_dpu_split_complex_v2"", ""normalization"": ""fixed_log1p_generic_budgets_v2"", ""numeric_contract"": ""real_float32_or_split_real_imag_v2"", ""objective_version"": ""upmem_path_cost_v2"", ""selection_scope"": ""projected_prefix"", ""weight_profile"": ""balanced_literature_informed""}",projected_prefix,greedy,upmem_path_cost_v2,generic_single_dpu_split_complex_v2,,,57315efc38b355a065783c4987d32007f77f068363a10598869af219b3ba4040,a90287be059e33a97cf17265919a8c4b7ecc0796155a1087f2975c0b75d7d7bf,completed,,0.0011001679995388258,3,160,64,20,48,68,0,0,,3,1,1.0,2,2,upmem_pressure_v1,,,,upmem_path_cost_v2,balanced_literature_informed,"{""caps"": {""dpu_to_host_payload_bytes"": 1048576.0, ""estimated_flops"": 2147614720.0, ""host_completion_events"": 4.0, ""host_to_dpu_payload_bytes"": 2097152.0, ""mram_dma_window_bytes_model"": 17180917760.0, ""mram_payload_pressure_ratio"": 1.0, ""numeric_representation_penalty"": 3.0, ""tile_iterations"": 1024.0, ""wram_known_pressure_ratio"": 1.0}, ""normalization_id"": ""fixed_log1p_generic_budgets_v2"", ""transform"": ""log1p(value)/log1p(cap)""}","{""caps"": {""application_max_contracted_combinations"": 4096, ""application_max_rank"": 16, ""application_max_tensor_elements"": 65536, ""native_abi_max_tensor_elements"": 65536}, ""dpu_parallelism_model"": ""single_dpu_serial_tasks"", ""host_completion_model"": ""one_synchronous_dpu_launch_per_real_component"", ""host_dpu_transfer_model"": ""per_real_component_operand_upload_and_output_download_no_reuse"", ""input_element_bytes"": 4, ""memory_budget_source"": ""configured_generic_dpu_policy_v2"", ""mram_capacity_bytes"": 67108864, ""mram_wram_transfer_model"": ""aligned_scalar_read_windows_and_aligned_output_tile_writes"", ""numeric_contract"": ""real_float32_or_split_real_imag_v2"", ""output_element_bytes"": 4, ""output_tile_elements"": 256, ""policy_id"": ""generic_single_dpu_split_complex_v2"", ""wram_budget_bytes"": 61440}",True,[],40,16,48,80,48,128,368,40,3,0.0,0.016796875,3,16,80,48,368,3,3,3,0,48,786432,67108864,0.01171875,6.103515625e-05,6.103515625e-05,1032,61440,0.016796875,"{""dpu_to_host_payload_bytes"": 48, ""estimated_flops"": 40, ""feasibility"": true, ""host_completion_event_scope"": ""one_synchronous_dpu_launch_per_real_component"", ""host_completion_events"": 3, ""host_to_dpu_payload_bytes"": 80, ""known_wram_static_bytes"": 1032, ""largest_tensor_bytes"": 16, ""memory_budget_scope"": ""configured_modeled_budget_not_measured_runtime_occupancy"", ""mram_capacity_bytes"": 67108864, ""mram_dma_window_bytes_model"": 368, ""mram_dma_window_scope"": ""modeled_aligned_request_volume_not_physical_bus_bytes"", ""mram_max_region_payload_ratio"": 6.103515625e-05, ""mram_payload_pressure_ratio"": 6.103515625e-05, ""mram_payload_pressure_scope"": ""maximum_single_buffer_payload_divided_by_fixed_native_buffer_capacity"", ""mram_static_reservation_pressure_ratio"": 0.01171875, ""native_static_mram_reservation_bytes"": 786432, ""numeric_component_invocations"": 3, ""numeric_recombination_flops"": 0, ""numeric_representation_penalty"": 0.0, ""rejection_reasons"": [], ""task_mram_payload_bytes"": 48, ""tile_iterations"": 3, ""wram_budget_bytes"": 61440, ""wram_known_pressure_ratio"": 0.016796875}","{""dpu_to_host_payload_bytes"": 0.2807354728931173, ""estimated_flops"": 0.17282376732094487, ""host_completion_events"": 0.8613531161467861, ""host_to_dpu_payload_bytes"": 0.30189760929524145, ""mram_dma_window_bytes_model"": 0.2508074977008727, ""mram_payload_pressure_ratio"": 8.805243012217692e-05, ""numeric_representation_penalty"": 0.0, ""tile_iterations"": 0.1999718400776083, ""wram_known_pressure_ratio"": 0.02403150151674986}",0.25002873772525547,5,True,False,modeled,False
research_benchmark_pack_v1,thesis_planner_semantic_v2_planner_compare,quantum_quantization_stress_2q_semantic_v2,quantum,2,quantum_circuit,False,,7,8,4,16,7,custom_upmem.greedy.v2.balanced_literature_informed,custom_upmem,native_target_projected_prefix_greedy,732e5d6ce69eb7f899d95e1d4a3ba1c390eb63c7f748cdd8667ef363f7fa7de4,"{""algorithm"": ""greedy"", ""engine"": ""custom_upmem"", ""execution_policy"": ""generic_single_dpu_split_complex_v2"", ""normalization"": ""fixed_log1p_generic_budgets_v2"", ""numeric_contract"": ""real_float32_or_split_real_imag_v2"", ""objective_version"": ""upmem_path_cost_v2"", ""selection_scope"": ""projected_prefix"", ""weight_profile"": ""balanced_literature_informed""}",projected_prefix,greedy,upmem_path_cost_v2,generic_single_dpu_split_complex_v2,,,584cc611df5ca25c3a8678e324fd315615bb9d27d55858262a93005eace586e2,c02c5bdedea40560f578388e825eb066ef98b1ddeb2c24bfe0e4fd67f8f19335,completed,,0.005008190000808099,6,1312,1024,128,384,512,0,0,,6,1,2.0,4,4,upmem_pressure_v1,,,,upmem_path_cost_v2,balanced_literature_informed,"{""caps"": {""dpu_to_host_payload_bytes"": 1048576.0, ""estimated_flops"": 2147614720.0, ""host_completion_events"": 4.0, ""host_to_dpu_payload_bytes"": 2097152.0, ""mram_dma_window_bytes_model"": 17180917760.0, ""mram_payload_pressure_ratio"": 1.0, ""numeric_representation_penalty"": 3.0, ""tile_iterations"": 1024.0, ""wram_known_pressure_ratio"": 1.0}, ""normalization_id"": ""fixed_log1p_generic_budgets_v2"", ""transform"": ""log1p(value)/log1p(cap)""}","{""caps"": {""application_max_contracted_combinations"": 4096, ""application_max_rank"": 16, ""application_max_tensor_elements"": 65536, ""native_abi_max_tensor_elements"": 65536}, ""dpu_parallelism_model"": ""single_dpu_serial_tasks"", ""host_completion_model"": ""one_synchronous_dpu_launch_per_real_component"", ""host_dpu_transfer_model"": ""per_real_component_operand_upload_and_output_download_no_reuse"", ""input_element_bytes"": 4, ""memory_budget_source"": ""configured_generic_dpu_policy_v2"", ""mram_capacity_bytes"": 67108864, ""mram_wram_transfer_model"": ""aligned_scalar_read_windows_and_aligned_output_tile_writes"", ""numeric_contract"": ""real_float32_or_split_real_imag_v2"", ""output_element_bytes"": 4, ""output_tile_elements"": 256, ""policy_id"": ""generic_single_dpu_split_complex_v2"", ""wram_budget_bytes"": 61440}",True,[],848,256,624,1568,624,2192,7088,848,12,6.0,0.016796875,12,256,1568,624,7088,12,12,12,40,336,786432,67108864,0.01171875,0.0009765625,0.0009765625,1032,61440,0.016796875,"{""dpu_to_host_payload_bytes"": 624, ""estimated_flops"": 848, ""feasibility"": true, ""host_completion_event_scope"": ""one_synchronous_dpu_launch_per_real_component"", ""host_completion_events"": 12, ""host_to_dpu_payload_bytes"": 1568, ""known_wram_static_bytes"": 1032, ""largest_tensor_bytes"": 256, ""memory_budget_scope"": ""configured_modeled_budget_not_measured_runtime_occupancy"", ""mram_capacity_bytes"": 67108864, ""mram_dma_window_bytes_model"": 7088, ""mram_dma_window_scope"": ""modeled_aligned_request_volume_not_physical_bus_bytes"", ""mram_max_region_payload_ratio"": 0.0009765625, ""mram_payload_pressure_ratio"": 0.0009765625, ""mram_payload_pressure_scope"": ""maximum_single_buffer_payload_divided_by_fixed_native_buffer_capacity"", ""mram_static_reservation_pressure_ratio"": 0.01171875, ""native_static_mram_reservation_bytes"": 786432, ""numeric_component_invocations"": 12, ""numeric_recombination_flops"": 40, ""numeric_representation_penalty"": 6.0, ""rejection_reasons"": [], ""task_mram_payload_bytes"": 336, ""tile_iterations"": 12, ""wram_budget_bytes"": 61440, ""wram_known_pressure_ratio"": 0.016796875}","{""dpu_to_host_payload_bytes"": 0.464385587030982, ""estimated_flops"": 0.31385784217408014, ""host_completion_events"": 1.5936926411670824, ""host_to_dpu_payload_bytes"": 0.5055061566292869, ""mram_dma_window_bytes_model"": 0.37621568493994423, ""mram_payload_pressure_ratio"": 0.001408194392808389, ""numeric_representation_penalty"": 1.403677461028802, ""tile_iterations"": 0.3699918697664702, ""wram_known_pressure_ratio"": 0.02403150151674986}",0.572261388880841,1,False,True,modeled,False
research_benchmark_pack_v1,thesis_planner_sensitivity_v2_planner_compare,quantum_bell_2q_sensitivity_v2,quantum,2,quantum_circuit,False,,4,5,4,16,4,custom_upmem.greedy.v2.balanced_literature_informed,custom_upmem,native_target_projected_prefix_greedy,732e5d6ce69eb7f899d95e1d4a3ba1c390eb63c7f748cdd8667ef363f7fa7de4,"{""algorithm"": ""greedy"", ""engine"": ""custom_upmem"", ""execution_policy"": ""generic_single_dpu_split_complex_v2"", ""normalization"": ""fixed_log1p_generic_budgets_v2"", ""numeric_contract"": ""real_float32_or_split_real_imag_v2"", ""objective_version"": ""upmem_path_cost_v2"", ""selection_scope"": ""projected_prefix"", ""weight_profile"": ""balanced_literature_informed""}",projected_prefix,greedy,upmem_path_cost_v2,generic_single_dpu_split_complex_v2,,,0d438ab6667b0b8bd3fcc3d91f29a1d4079e45933074143d687f7f47632eb21d,a6dec582a02b84930c4e90e8b9fd29e341d16477ce9a916a5cb2391671919903,completed,,0.001023554999846965,3,224,64,32,48,80,0,0,,3,1,0.5,2,2,upmem_pressure_v1,,,,upmem_path_cost_v2,balanced_literature_informed,"{""caps"": {""dpu_to_host_payload_bytes"": 1048576.0, ""estimated_flops"": 2147614720.0, ""host_completion_events"": 4.0, ""host_to_dpu_payload_bytes"": 2097152.0, ""mram_dma_window_bytes_model"": 17180917760.0, ""mram_payload_pressure_ratio"": 1.0, ""numeric_representation_penalty"": 3.0, ""tile_iterations"": 1024.0, ""wram_known_pressure_ratio"": 1.0}, ""normalization_id"": ""fixed_log1p_generic_budgets_v2"", ""transform"": ""log1p(value)/log1p(cap)""}","{""caps"": {""application_max_contracted_combinations"": 4096, ""application_max_rank"": 16, ""application_max_tensor_elements"": 65536, ""native_abi_max_tensor_elements"": 65536}, ""dpu_parallelism_model"": ""single_dpu_serial_tasks"", ""host_completion_model"": ""one_synchronous_dpu_launch_per_real_component"", ""host_dpu_transfer_model"": ""per_real_component_operand_upload_and_output_download_no_reuse"", ""input_element_bytes"": 4, ""memory_budget_source"": ""configured_generic_dpu_policy_v2"", ""mram_capacity_bytes"": 67108864, ""mram_wram_transfer_model"": ""aligned_scalar_read_windows_and_aligned_output_tile_writes"", ""numeric_contract"": ""real_float32_or_split_real_imag_v2"", ""output_element_bytes"": 4, ""output_tile_elements"": 256, ""policy_id"": ""generic_single_dpu_split_complex_v2"", ""wram_budget_bytes"": 61440}",True,[],56,64,48,128,48,176,496,56,3,0.0,0.016796875,3,64,128,48,496,3,3,3,0,96,786432,67108864,0.01171875,0.000244140625,0.000244140625,1032,61440,0.016796875,"{""dpu_to_host_payload_bytes"": 48, ""estimated_flops"": 56, ""feasibility"": true, ""host_completion_event_scope"": ""one_synchronous_dpu_launch_per_real_component"", ""host_completion_events"": 3, ""host_to_dpu_payload_bytes"": 128, ""known_wram_static_bytes"": 1032, ""largest_tensor_bytes"": 64, ""memory_budget_scope"": ""configured_modeled_budget_not_measured_runtime_occupancy"", ""mram_capacity_bytes"": 67108864, ""mram_dma_window_bytes_model"": 496, ""mram_dma_window_scope"": ""modeled_aligned_request_volume_not_physical_bus_bytes"", ""mram_max_region_payload_ratio"": 0.000244140625, ""mram_payload_pressure_ratio"": 0.000244140625, ""mram_payload_pressure_scope"": ""maximum_single_buffer_payload_divided_by_fixed_native_buffer_capacity"", ""mram_static_reservation_pressure_ratio"": 0.01171875, ""native_static_mram_reservation_bytes"": 786432, ""numeric_component_invocations"": 3, ""numeric_recombination_flops"": 0, ""numeric_representation_penalty"": 0.0, ""rejection_reasons"": [], ""task_mram_payload_bytes"": 96, ""tile_iterations"": 3, ""wram_budget_bytes"": 61440, ""wram_known_pressure_ratio"": 0.016796875}","{""dpu_to_host_payload_bytes"": 0.2807354728931173, ""estimated_flops"": 0.1881572079464174, ""host_completion_events"": 0.8613531161467861, ""host_to_dpu_payload_bytes"": 0.3338679536069203, ""mram_dma_window_bytes_model"": 0.2634434954323586, ""mram_payload_pressure_ratio"": 0.00035217748030102726, ""numeric_representation_penalty"": 0.0, ""tile_iterations"": 0.1999718400776083, ""wram_known_pressure_ratio"": 0.02403150151674986}",0.26119805532718154,1,True,True,modeled,False
research_benchmark_pack_v1,thesis_planner_sensitivity_v2_planner_compare,quantum_qrng_2q_sensitivity_v2,quantum,2,quantum_circuit,False,,4,4,2,4,4,custom_upmem.greedy.v2.balanced_literature_informed,custom_upmem,native_target_projected_prefix_greedy,732e5d6ce69eb7f899d95e1d4a3ba1c390eb63c7f748cdd8667ef363f7fa7de4,"{""algorithm"": ""greedy"", ""engine"": ""custom_upmem"", ""execution_policy"": ""generic_single_dpu_split_complex_v2"", ""normalization"": ""fixed_log1p_generic_budgets_v2"", ""numeric_contract"": ""real_float32_or_split_real_imag_v2"", ""objective_version"": ""upmem_path_cost_v2"", ""selection_scope"": ""projected_prefix"", ""weight_profile"": ""balanced_literature_informed""}",projected_prefix,greedy,upmem_path_cost_v2,generic_single_dpu_split_complex_v2,,,57315efc38b355a065783c4987d32007f77f068363a10598869af219b3ba4040,a90287be059e33a97cf17265919a8c4b7ecc0796155a1087f2975c0b75d7d7bf,completed,,0.0009796129997994285,3,160,64,20,48,68,0,0,,3,1,1.0,2,2,upmem_pressure_v1,,,,upmem_path_cost_v2,balanced_literature_informed,"{""caps"": {""dpu_to_host_payload_bytes"": 1048576.0, ""estimated_flops"": 2147614720.0, ""host_completion_events"": 4.0, ""host_to_dpu_payload_bytes"": 2097152.0, ""mram_dma_window_bytes_model"": 17180917760.0, ""mram_payload_pressure_ratio"": 1.0, ""numeric_representation_penalty"": 3.0, ""tile_iterations"": 1024.0, ""wram_known_pressure_ratio"": 1.0}, ""normalization_id"": ""fixed_log1p_generic_budgets_v2"", ""transform"": ""log1p(value)/log1p(cap)""}","{""caps"": {""application_max_contracted_combinations"": 4096, ""application_max_rank"": 16, ""application_max_tensor_elements"": 65536, ""native_abi_max_tensor_elements"": 65536}, ""dpu_parallelism_model"": ""single_dpu_serial_tasks"", ""host_completion_model"": ""one_synchronous_dpu_launch_per_real_component"", ""host_dpu_transfer_model"": ""per_real_component_operand_upload_and_output_download_no_reuse"", ""input_element_bytes"": 4, ""memory_budget_source"": ""configured_generic_dpu_policy_v2"", ""mram_capacity_bytes"": 67108864, ""mram_wram_transfer_model"": ""aligned_scalar_read_windows_and_aligned_output_tile_writes"", ""numeric_contract"": ""real_float32_or_split_real_imag_v2"", ""output_element_bytes"": 4, ""output_tile_elements"": 256, ""policy_id"": ""generic_single_dpu_split_complex_v2"", ""wram_budget_bytes"": 61440}",True,[],40,16,48,80,48,128,368,40,3,0.0,0.016796875,3,16,80,48,368,3,3,3,0,48,786432,67108864,0.01171875,6.103515625e-05,6.103515625e-05,1032,61440,0.016796875,"{""dpu_to_host_payload_bytes"": 48, ""estimated_flops"": 40, ""feasibility"": true, ""host_completion_event_scope"": ""one_synchronous_dpu_launch_per_real_component"", ""host_completion_events"": 3, ""host_to_dpu_payload_bytes"": 80, ""known_wram_static_bytes"": 1032, ""largest_tensor_bytes"": 16, ""memory_budget_scope"": ""configured_modeled_budget_not_measured_runtime_occupancy"", ""mram_capacity_bytes"": 67108864, ""mram_dma_window_bytes_model"": 368, ""mram_dma_window_scope"": ""modeled_aligned_request_volume_not_physical_bus_bytes"", ""mram_max_region_payload_ratio"": 6.103515625e-05, ""mram_payload_pressure_ratio"": 6.103515625e-05, ""mram_payload_pressure_scope"": ""maximum_single_buffer_payload_divided_by_fixed_native_buffer_capacity"", ""mram_static_reservation_pressure_ratio"": 0.01171875, ""native_static_mram_reservation_bytes"": 786432, ""numeric_component_invocations"": 3, ""numeric_recombination_flops"": 0, ""numeric_representation_penalty"": 0.0, ""rejection_reasons"": [], ""task_mram_payload_bytes"": 48, ""tile_iterations"": 3, ""wram_budget_bytes"": 61440, ""wram_known_pressure_ratio"": 0.016796875}","{""dpu_to_host_payload_bytes"": 0.2807354728931173, ""estimated_flops"": 0.17282376732094487, ""host_completion_events"": 0.8613531161467861, ""host_to_dpu_payload_bytes"": 0.30189760929524145, ""mram_dma_window_bytes_model"": 0.2508074977008727, ""mram_payload_pressure_ratio"": 8.805243012217692e-05, ""numeric_representation_penalty"": 0.0, ""tile_iterations"": 0.1999718400776083, ""wram_known_pressure_ratio"": 0.02403150151674986}",0.25002873772525547,4,True,False,modeled,False
research_benchmark_pack_v1,thesis_planner_sensitivity_v2_planner_compare,quantum_bell_2q_sensitivity_v2,quantum,2,quantum_circuit,False,,4,5,4,16,4,custom_upmem.greedy.v2.compute_oriented,custom_upmem,native_target_projected_prefix_greedy,638f09e3766d56f7f57c13aabd54a5504ec08dc6e213c8124ed16f732a36dada,"{""algorithm"": ""greedy"", ""engine"": ""custom_upmem"", ""execution_policy"": ""generic_single_dpu_split_complex_v2"", ""normalization"": ""fixed_log1p_generic_budgets_v2"", ""numeric_contract"": ""real_float32_or_split_real_imag_v2"", ""objective_version"": ""upmem_path_cost_v2"", ""selection_scope"": ""projected_prefix"", ""weight_profile"": ""compute_oriented""}",projected_prefix,greedy,upmem_path_cost_v2,generic_single_dpu_split_complex_v2,,,2ff3145f08dcdf750c2155fed2533937263b605220ba2d219da33fd8d63191b8,ef15091428a6621668c0222736c1aef20dca8d8d172ca3962b8004f3b0fddb7f,completed,,0.0010056819992314558,3,192,64,30,40,70,0,0,,3,1,0.0,1,1,upmem_pressure_v1,,,,upmem_path_cost_v2,compute_oriented,"{""caps"": {""dpu_to_host_payload_bytes"": 1048576.0, ""estimated_flops"": 2147614720.0, ""host_completion_events"": 4.0, ""host_to_dpu_payload_bytes"": 2097152.0, ""mram_dma_window_bytes_model"": 17180917760.0, ""mram_payload_pressure_ratio"": 1.0, ""numeric_representation_penalty"": 3.0, ""tile_iterations"": 1024.0, ""wram_known_pressure_ratio"": 1.0}, ""normalization_id"": ""fixed_log1p_generic_budgets_v2"", ""transform"": ""log1p(value)/log1p(cap)""}","{""caps"": {""application_max_contracted_combinations"": 4096, ""application_max_rank"": 16, ""application_max_tensor_elements"": 65536, ""native_abi_max_tensor_elements"": 65536}, ""dpu_parallelism_model"": ""single_dpu_serial_tasks"", ""host_completion_model"": ""one_synchronous_dpu_launch_per_real_component"", ""host_dpu_transfer_model"": ""per_real_component_operand_upload_and_output_download_no_reuse"", ""input_element_bytes"": 4, ""memory_budget_source"": ""configured_generic_dpu_policy_v2"", ""mram_capacity_bytes"": 67108864, ""mram_wram_transfer_model"": ""aligned_scalar_read_windows_and_aligned_output_tile_writes"", ""numeric_contract"": ""real_float32_or_split_real_imag_v2"", ""output_element_bytes"": 4, ""output_tile_elements"": 256, ""policy_id"": ""generic_single_dpu_split_complex_v2"", ""wram_budget_bytes"": 61440}",True,[],48,64,40,120,40,160,424,48,3,0.0,0.016796875,3,64,120,40,424,3,3,3,0,96,786432,67108864,0.01171875,0.000244140625,0.000244140625,1032,61440,0.016796875,"{""dpu_to_host_payload_bytes"": 40, ""estimated_flops"": 48, ""feasibility"": true, ""host_completion_event_scope"": ""one_synchronous_dpu_launch_per_real_component"", ""host_completion_events"": 3, ""host_to_dpu_payload_bytes"": 120, ""known_wram_static_bytes"": 1032, ""largest_tensor_bytes"": 64, ""memory_budget_scope"": ""configured_modeled_budget_not_measured_runtime_occupancy"", ""mram_capacity_bytes"": 67108864, ""mram_dma_window_bytes_model"": 424, ""mram_dma_window_scope"": ""modeled_aligned_request_volume_not_physical_bus_bytes"", ""mram_max_region_payload_ratio"": 0.000244140625, ""mram_payload_pressure_ratio"": 0.000244140625, ""mram_payload_pressure_scope"": ""maximum_single_buffer_payload_divided_by_fixed_native_buffer_capacity"", ""mram_static_reservation_pressure_ratio"": 0.01171875, ""native_static_mram_reservation_bytes"": 786432, ""numeric_component_invocations"": 3, ""numeric_recombination_flops"": 0, ""numeric_representation_penalty"": 0.0, ""rejection_reasons"": [], ""task_mram_payload_bytes"": 96, ""tile_iterations"": 3, ""wram_budget_bytes"": 61440, ""wram_known_pressure_ratio"": 0.016796875}","{""dpu_to_host_payload_bytes"": 0.2678775818027943, ""estimated_flops"": 0.18111915793585615, ""host_completion_events"": 0.8613531161467861, ""host_to_dpu_payload_bytes"": 0.3294696671724944, ""mram_dma_window_bytes_model"": 0.2568028358496983, ""mram_payload_pressure_ratio"": 0.00035217748030102726, ""numeric_representation_penalty"": 0.0, ""tile_iterations"": 0.1999718400776083, ""wram_known_pressure_ratio"": 0.02403150151674986}",0.2672544695505348,1,False,True,modeled,False
research_benchmark_pack_v1,thesis_planner_sensitivity_v2_planner_compare,quantum_qrng_2q_sensitivity_v2,quantum,2,quantum_circuit,False,,4,4,2,4,4,custom_upmem.greedy.v2.compute_oriented,custom_upmem,native_target_projected_prefix_greedy,638f09e3766d56f7f57c13aabd54a5504ec08dc6e213c8124ed16f732a36dada,"{""algorithm"": ""greedy"", ""engine"": ""custom_upmem"", ""execution_policy"": ""generic_single_dpu_split_complex_v2"", ""normalization"": ""fixed_log1p_generic_budgets_v2"", ""numeric_contract"": ""real_float32_or_split_real_imag_v2"", ""objective_version"": ""upmem_path_cost_v2"", ""selection_scope"": ""projected_prefix"", ""weight_profile"": ""compute_oriented""}",projected_prefix,greedy,upmem_path_cost_v2,generic_single_dpu_split_complex_v2,,,b99e6154f6e12a3cfbe6b47fb9608b9e93972e53f38a55522c31795067ac772c,7c57fefe2222a595031985d2220c0554a9754b7d36d8dcbb69c897078e929482,completed,,0.0009199009982694406,3,96,64,16,32,48,0,0,,3,1,0.0,1,1,upmem_pressure_v1,,,,upmem_path_cost_v2,compute_oriented,"{""caps"": {""dpu_to_host_payload_bytes"": 1048576.0, ""estimated_flops"": 2147614720.0, ""host_completion_events"": 4.0, ""host_to_dpu_payload_bytes"": 2097152.0, ""mram_dma_window_bytes_model"": 17180917760.0, ""mram_payload_pressure_ratio"": 1.0, ""numeric_representation_penalty"": 3.0, ""tile_iterations"": 1024.0, ""wram_known_pressure_ratio"": 1.0}, ""normalization_id"": ""fixed_log1p_generic_budgets_v2"", ""transform"": ""log1p(value)/log1p(cap)""}","{""caps"": {""application_max_contracted_combinations"": 4096, ""application_max_rank"": 16, ""application_max_tensor_elements"": 65536, ""native_abi_max_tensor_elements"": 65536}, ""dpu_parallelism_model"": ""single_dpu_serial_tasks"", ""host_completion_model"": ""one_synchronous_dpu_launch_per_real_component"", ""host_dpu_transfer_model"": ""per_real_component_operand_upload_and_output_download_no_reuse"", ""input_element_bytes"": 4, ""memory_budget_source"": ""configured_generic_dpu_policy_v2"", ""mram_capacity_bytes"": 67108864, ""mram_wram_transfer_model"": ""aligned_scalar_read_windows_and_aligned_output_tile_writes"", ""numeric_contract"": ""real_float32_or_split_real_imag_v2"", ""output_element_bytes"": 4, ""output_tile_elements"": 256, ""policy_id"": ""generic_single_dpu_split_complex_v2"", ""wram_budget_bytes"": 61440}",True,[],24,16,32,64,32,96,224,24,3,0.0,0.016796875,3,16,64,32,224,3,3,3,0,32,786432,67108864,0.01171875,6.103515625e-05,6.103515625e-05,1032,61440,0.016796875,"{""dpu_to_host_payload_bytes"": 32, ""estimated_flops"": 24, ""feasibility"": true, ""host_completion_event_scope"": ""one_synchronous_dpu_launch_per_real_component"", ""host_completion_events"": 3, ""host_to_dpu_payload_bytes"": 64, ""known_wram_static_bytes"": 1032, ""largest_tensor_bytes"": 16, ""memory_budget_scope"": ""configured_modeled_budget_not_measured_runtime_occupancy"", ""mram_capacity_bytes"": 67108864, ""mram_dma_window_bytes_model"": 224, ""mram_dma_window_scope"": ""modeled_aligned_request_volume_not_physical_bus_bytes"", ""mram_max_region_payload_ratio"": 6.103515625e-05, ""mram_payload_pressure_ratio"": 6.103515625e-05, ""mram_payload_pressure_scope"": ""maximum_single_buffer_payload_divided_by_fixed_native_buffer_capacity"", ""mram_static_reservation_pressure_ratio"": 0.01171875, ""native_static_mram_reservation_bytes"": 786432, ""numeric_component_invocations"": 3, ""numeric_recombination_flops"": 0, ""numeric_representation_penalty"": 0.0, ""rejection_reasons"": [], ""task_mram_payload_bytes"": 32, ""tile_iterations"": 3, ""wram_budget_bytes"": 61440, ""wram_known_pressure_ratio"": 0.016796875}","{""dpu_to_host_payload_bytes"": 0.2522196886169667, ""estimated_flops"": 0.14980138707412663, ""host_completion_events"": 0.8613531161467861, ""host_to_dpu_payload_bytes"": 0.2867794102735318, ""mram_dma_window_bytes_model"": 0.2298164986851926, ""mram_payload_pressure_ratio"": 8.805243012217692e-05, ""numeric_representation_penalty"": 0.0, ""tile_iterations"": 0.1999718400776083, ""wram_known_pressure_ratio"": 0.02403150151674986}",0.23593669868880524,1,False,True,modeled,False
research_benchmark_pack_v1,thesis_planner_sensitivity_v2_planner_compare,quantum_bell_2q_sensitivity_v2,quantum,2,quantum_circuit,False,,4,5,4,16,4,custom_upmem.greedy.v2.host_transfer_oriented,custom_upmem,native_target_projected_prefix_greedy,553e7e0a7a591e1b4a6de756bcf637b0e4cead923e8bbd9834300fa1e2db3026,"{""algorithm"": ""greedy"", ""engine"": ""custom_upmem"", ""execution_policy"": ""generic_single_dpu_split_complex_v2"", ""normalization"": ""fixed_log1p_generic_budgets_v2"", ""numeric_contract"": ""real_float32_or_split_real_imag_v2"", ""objective_version"": ""upmem_path_cost_v2"", ""selection_scope"": ""projected_prefix"", ""weight_profile"": ""host_transfer_oriented""}",projected_prefix,greedy,upmem_path_cost_v2,generic_single_dpu_split_complex_v2,,,4bf210abde601bd806aa81c0eb2c47662eadf3e6e6d813c7010106b1737c70c9,ef15091428a6621668c0222736c1aef20dca8d8d172ca3962b8004f3b0fddb7f,completed,,0.0009518909973849077,3,192,64,30,40,70,0,0,,3,1,0.0,1,1,upmem_pressure_v1,,,,upmem_path_cost_v2,host_transfer_oriented,"{""caps"": {""dpu_to_host_payload_bytes"": 1048576.0, ""estimated_flops"": 2147614720.0, ""host_completion_events"": 4.0, ""host_to_dpu_payload_bytes"": 2097152.0, ""mram_dma_window_bytes_model"": 17180917760.0, ""mram_payload_pressure_ratio"": 1.0, ""numeric_representation_penalty"": 3.0, ""tile_iterations"": 1024.0, ""wram_known_pressure_ratio"": 1.0}, ""normalization_id"": ""fixed_log1p_generic_budgets_v2"", ""transform"": ""log1p(value)/log1p(cap)""}","{""caps"": {""application_max_contracted_combinations"": 4096, ""application_max_rank"": 16, ""application_max_tensor_elements"": 65536, ""native_abi_max_tensor_elements"": 65536}, ""dpu_parallelism_model"": ""single_dpu_serial_tasks"", ""host_completion_model"": ""one_synchronous_dpu_launch_per_real_component"", ""host_dpu_transfer_model"": ""per_real_component_operand_upload_and_output_download_no_reuse"", ""input_element_bytes"": 4, ""memory_budget_source"": ""configured_generic_dpu_policy_v2"", ""mram_capacity_bytes"": 67108864, ""mram_wram_transfer_model"": ""aligned_scalar_read_windows_and_aligned_output_tile_writes"", ""numeric_contract"": ""real_float32_or_split_real_imag_v2"", ""output_element_bytes"": 4, ""output_tile_elements"": 256, ""policy_id"": ""generic_single_dpu_split_complex_v2"", ""wram_budget_bytes"": 61440}",True,[],48,64,40,120,40,160,424,48,3,0.0,0.016796875,3,64,120,40,424,3,3,3,0,96,786432,67108864,0.01171875,0.000244140625,0.000244140625,1032,61440,0.016796875,"{""dpu_to_host_payload_bytes"": 40, ""estimated_flops"": 48, ""feasibility"": true, ""host_completion_event_scope"": ""one_synchronous_dpu_launch_per_real_component"", ""host_completion_events"": 3, ""host_to_dpu_payload_bytes"": 120, ""known_wram_static_bytes"": 1032, ""largest_tensor_bytes"": 64, ""memory_budget_scope"": ""configured_modeled_budget_not_measured_runtime_occupancy"", ""mram_capacity_bytes"": 67108864, ""mram_dma_window_bytes_model"": 424, ""mram_dma_window_scope"": ""modeled_aligned_request_volume_not_physical_bus_bytes"", ""mram_max_region_payload_ratio"": 0.000244140625, ""mram_payload_pressure_ratio"": 0.000244140625, ""mram_payload_pressure_scope"": ""maximum_single_buffer_payload_divided_by_fixed_native_buffer_capacity"", ""mram_static_reservation_pressure_ratio"": 0.01171875, ""native_static_mram_reservation_bytes"": 786432, ""numeric_component_invocations"": 3, ""numeric_recombination_flops"": 0, ""numeric_representation_penalty"": 0.0, ""rejection_reasons"": [], ""task_mram_payload_bytes"": 96, ""tile_iterations"": 3, ""wram_budget_bytes"": 61440, ""wram_known_pressure_ratio"": 0.016796875}","{""dpu_to_host_payload_bytes"": 0.2678775818027943, ""estimated_flops"": 0.18111915793585615, ""host_completion_events"": 0.8613531161467861, ""host_to_dpu_payload_bytes"": 0.3294696671724944, ""mram_dma_window_bytes_model"": 0.2568028358496983, ""mram_payload_pressure_ratio"": 0.00035217748030102726, ""numeric_representation_penalty"": 0.0, ""tile_iterations"": 0.1999718400776083, ""wram_known_pressure_ratio"": 0.02403150151674986}",0.30483283302461434,1,False,True,modeled,False
research_benchmark_pack_v1,thesis_planner_sensitivity_v2_planner_compare,quantum_qrng_2q_sensitivity_v2,quantum,2,quantum_circuit,False,,4,4,2,4,4,custom_upmem.greedy.v2.host_transfer_oriented,custom_upmem,native_target_projected_prefix_greedy,553e7e0a7a591e1b4a6de756bcf637b0e4cead923e8bbd9834300fa1e2db3026,"{""algorithm"": ""greedy"", ""engine"": ""custom_upmem"", ""execution_policy"": ""generic_single_dpu_split_complex_v2"", ""normalization"": ""fixed_log1p_generic_budgets_v2"", ""numeric_contract"": ""real_float32_or_split_real_imag_v2"", ""objective_version"": ""upmem_path_cost_v2"", ""selection_scope"": ""projected_prefix"", ""weight_profile"": ""host_transfer_oriented""}",projected_prefix,greedy,upmem_path_cost_v2,generic_single_dpu_split_complex_v2,,,d75c361880d5461980b0ed75210e5a85ea05e8bc5453c374406767d65b1074a8,7c57fefe2222a595031985d2220c0554a9754b7d36d8dcbb69c897078e929482,completed,,0.0009182579997286666,3,96,64,16,32,48,0,0,,3,1,0.0,1,1,upmem_pressure_v1,,,,upmem_path_cost_v2,host_transfer_oriented,"{""caps"": {""dpu_to_host_payload_bytes"": 1048576.0, ""estimated_flops"": 2147614720.0, ""host_completion_events"": 4.0, ""host_to_dpu_payload_bytes"": 2097152.0, ""mram_dma_window_bytes_model"": 17180917760.0, ""mram_payload_pressure_ratio"": 1.0, ""numeric_representation_penalty"": 3.0, ""tile_iterations"": 1024.0, ""wram_known_pressure_ratio"": 1.0}, ""normalization_id"": ""fixed_log1p_generic_budgets_v2"", ""transform"": ""log1p(value)/log1p(cap)""}","{""caps"": {""application_max_contracted_combinations"": 4096, ""application_max_rank"": 16, ""application_max_tensor_elements"": 65536, ""native_abi_max_tensor_elements"": 65536}, ""dpu_parallelism_model"": ""single_dpu_serial_tasks"", ""host_completion_model"": ""one_synchronous_dpu_launch_per_real_component"", ""host_dpu_transfer_model"": ""per_real_component_operand_upload_and_output_download_no_reuse"", ""input_element_bytes"": 4, ""memory_budget_source"": ""configured_generic_dpu_policy_v2"", ""mram_capacity_bytes"": 67108864, ""mram_wram_transfer_model"": ""aligned_scalar_read_windows_and_aligned_output_tile_writes"", ""numeric_contract"": ""real_float32_or_split_real_imag_v2"", ""output_element_bytes"": 4, ""output_tile_elements"": 256, ""policy_id"": ""generic_single_dpu_split_complex_v2"", ""wram_budget_bytes"": 61440}",True,[],24,16,32,64,32,96,224,24,3,0.0,0.016796875,3,16,64,32,224,3,3,3,0,32,786432,67108864,0.01171875,6.103515625e-05,6.103515625e-05,1032,61440,0.016796875,"{""dpu_to_host_payload_bytes"": 32, ""estimated_flops"": 24, ""feasibility"": true, ""host_completion_event_scope"": ""one_synchronous_dpu_launch_per_real_component"", ""host_completion_events"": 3, ""host_to_dpu_payload_bytes"": 64, ""known_wram_static_bytes"": 1032, ""largest_tensor_bytes"": 16, ""memory_budget_scope"": ""configured_modeled_budget_not_measured_runtime_occupancy"", ""mram_capacity_bytes"": 67108864, ""mram_dma_window_bytes_model"": 224, ""mram_dma_window_scope"": ""modeled_aligned_request_volume_not_physical_bus_bytes"", ""mram_max_region_payload_ratio"": 6.103515625e-05, ""mram_payload_pressure_ratio"": 6.103515625e-05, ""mram_payload_pressure_scope"": ""maximum_single_buffer_payload_divided_by_fixed_native_buffer_capacity"", ""mram_static_reservation_pressure_ratio"": 0.01171875, ""native_static_mram_reservation_bytes"": 786432, ""numeric_component_invocations"": 3, ""numeric_recombination_flops"": 0, ""numeric_representation_penalty"": 0.0, ""rejection_reasons"": [], ""task_mram_payload_bytes"": 32, ""tile_iterations"": 3, ""wram_budget_bytes"": 61440, ""wram_known_pressure_ratio"": 0.016796875}","{""dpu_to_host_payload_bytes"": 0.2522196886169667, ""estimated_flops"": 0.14980138707412663, ""host_completion_events"": 0.8613531161467861, ""host_to_dpu_payload_bytes"": 0.2867794102735318, ""mram_dma_window_bytes_model"": 0.2298164986851926, ""mram_payload_pressure_ratio"": 8.805243012217692e-05, ""numeric_representation_penalty"": 0.0, ""tile_iterations"": 0.1999718400776083, ""wram_known_pressure_ratio"": 0.02403150151674986}",0.27295552161090575,1,False,True,modeled,False
research_benchmark_pack_v1,thesis_planner_sensitivity_v2_planner_compare,quantum_bell_2q_sensitivity_v2,quantum,2,quantum_circuit,False,,4,5,4,16,4,custom_upmem.greedy.v2.local_movement_oriented,custom_upmem,native_target_projected_prefix_greedy,40c5f2dba78149fbd966780eb0ed1346b1fe5e783f8d424be5a584f437038a34,"{""algorithm"": ""greedy"", ""engine"": ""custom_upmem"", ""execution_policy"": ""generic_single_dpu_split_complex_v2"", ""normalization"": ""fixed_log1p_generic_budgets_v2"", ""numeric_contract"": ""real_float32_or_split_real_imag_v2"", ""objective_version"": ""upmem_path_cost_v2"", ""selection_scope"": ""projected_prefix"", ""weight_profile"": ""local_movement_oriented""}",projected_prefix,greedy,upmem_path_cost_v2,generic_single_dpu_split_complex_v2,,,6cb9267cb3e01293c324277958028e2713a7e679e1d245dfe6aa79ca56dcd043,ef15091428a6621668c0222736c1aef20dca8d8d172ca3962b8004f3b0fddb7f,completed,,0.0009997009983635508,3,192,64,30,40,70,0,0,,3,1,0.0,1,1,upmem_pressure_v1,,,,upmem_path_cost_v2,local_movement_oriented,"{""caps"": {""dpu_to_host_payload_bytes"": 1048576.0, ""estimated_flops"": 2147614720.0, ""host_completion_events"": 4.0, ""host_to_dpu_payload_bytes"": 2097152.0, ""mram_dma_window_bytes_model"": 17180917760.0, ""mram_payload_pressure_ratio"": 1.0, ""numeric_representation_penalty"": 3.0, ""tile_iterations"": 1024.0, ""wram_known_pressure_ratio"": 1.0}, ""normalization_id"": ""fixed_log1p_generic_budgets_v2"", ""transform"": ""log1p(value)/log1p(cap)""}","{""caps"": {""application_max_contracted_combinations"": 4096, ""application_max_rank"": 16, ""application_max_tensor_elements"": 65536, ""native_abi_max_tensor_elements"": 65536}, ""dpu_parallelism_model"": ""single_dpu_serial_tasks"", ""host_completion_model"": ""one_synchronous_dpu_launch_per_real_component"", ""host_dpu_transfer_model"": ""per_real_component_operand_upload_and_output_download_no_reuse"", ""input_element_bytes"": 4, ""memory_budget_source"": ""configured_generic_dpu_policy_v2"", ""mram_capacity_bytes"": 67108864, ""mram_wram_transfer_model"": ""aligned_scalar_read_windows_and_aligned_output_tile_writes"", ""numeric_contract"": ""real_float32_or_split_real_imag_v2"", ""output_element_bytes"": 4, ""output_tile_elements"": 256, ""policy_id"": ""generic_single_dpu_split_complex_v2"", ""wram_budget_bytes"": 61440}",True,[],48,64,40,120,40,160,424,48,3,0.0,0.016796875,3,64,120,40,424,3,3,3,0,96,786432,67108864,0.01171875,0.000244140625,0.000244140625,1032,61440,0.016796875,"{""dpu_to_host_payload_bytes"": 40, ""estimated_flops"": 48, ""feasibility"": true, ""host_completion_event_scope"": ""one_synchronous_dpu_launch_per_real_component"", ""host_completion_events"": 3, ""host_to_dpu_payload_bytes"": 120, ""known_wram_static_bytes"": 1032, ""largest_tensor_bytes"": 64, ""memory_budget_scope"": ""configured_modeled_budget_not_measured_runtime_occupancy"", ""mram_capacity_bytes"": 67108864, ""mram_dma_window_bytes_model"": 424, ""mram_dma_window_scope"": ""modeled_aligned_request_volume_not_physical_bus_bytes"", ""mram_max_region_payload_ratio"": 0.000244140625, ""mram_payload_pressure_ratio"": 0.000244140625, ""mram_payload_pressure_scope"": ""maximum_single_buffer_payload_divided_by_fixed_native_buffer_capacity"", ""mram_static_reservation_pressure_ratio"": 0.01171875, ""native_static_mram_reservation_bytes"": 786432, ""numeric_component_invocations"": 3, ""numeric_recombination_flops"": 0, ""numeric_representation_penalty"": 0.0, ""rejection_reasons"": [], ""task_mram_payload_bytes"": 96, ""tile_iterations"": 3, ""wram_budget_bytes"": 61440, ""wram_known_pressure_ratio"": 0.016796875}","{""dpu_to_host_payload_bytes"": 0.2678775818027943, ""estimated_flops"": 0.18111915793585615, ""host_completion_events"": 0.8613531161467861, ""host_to_dpu_payload_bytes"": 0.3294696671724944, ""mram_dma_window_bytes_model"": 0.2568028358496983, ""mram_payload_pressure_ratio"": 0.00035217748030102726, ""numeric_representation_penalty"": 0.0, ""tile_iterations"": 0.1999718400776083, ""wram_known_pressure_ratio"": 0.02403150151674986}",0.24543663669528035,1,False,True,modeled,False
research_benchmark_pack_v1,thesis_planner_sensitivity_v2_planner_compare,quantum_qrng_2q_sensitivity_v2,quantum,2,quantum_circuit,False,,4,4,2,4,4,custom_upmem.greedy.v2.local_movement_oriented,custom_upmem,native_target_projected_prefix_greedy,40c5f2dba78149fbd966780eb0ed1346b1fe5e783f8d424be5a584f437038a34,"{""algorithm"": ""greedy"", ""engine"": ""custom_upmem"", ""execution_policy"": ""generic_single_dpu_split_complex_v2"", ""normalization"": ""fixed_log1p_generic_budgets_v2"", ""numeric_contract"": ""real_float32_or_split_real_imag_v2"", ""objective_version"": ""upmem_path_cost_v2"", ""selection_scope"": ""projected_prefix"", ""weight_profile"": ""local_movement_oriented""}",projected_prefix,greedy,upmem_path_cost_v2,generic_single_dpu_split_complex_v2,,,fe75dbb56f1ec5b0d28214a8187a8f1c0fb8a64a7f9893edaf4e462e6b1cf1fe,7c57fefe2222a595031985d2220c0554a9754b7d36d8dcbb69c897078e929482,completed,,0.0009965540011762641,3,96,64,16,32,48,0,0,,3,1,0.0,1,1,upmem_pressure_v1,,,,upmem_path_cost_v2,local_movement_oriented,"{""caps"": {""dpu_to_host_payload_bytes"": 1048576.0, ""estimated_flops"": 2147614720.0, ""host_completion_events"": 4.0, ""host_to_dpu_payload_bytes"": 2097152.0, ""mram_dma_window_bytes_model"": 17180917760.0, ""mram_payload_pressure_ratio"": 1.0, ""numeric_representation_penalty"": 3.0, ""tile_iterations"": 1024.0, ""wram_known_pressure_ratio"": 1.0}, ""normalization_id"": ""fixed_log1p_generic_budgets_v2"", ""transform"": ""log1p(value)/log1p(cap)""}","{""caps"": {""application_max_contracted_combinations"": 4096, ""application_max_rank"": 16, ""application_max_tensor_elements"": 65536, ""native_abi_max_tensor_elements"": 65536}, ""dpu_parallelism_model"": ""single_dpu_serial_tasks"", ""host_completion_model"": ""one_synchronous_dpu_launch_per_real_component"", ""host_dpu_transfer_model"": ""per_real_component_operand_upload_and_output_download_no_reuse"", ""input_element_bytes"": 4, ""memory_budget_source"": ""configured_generic_dpu_policy_v2"", ""mram_capacity_bytes"": 67108864, ""mram_wram_transfer_model"": ""aligned_scalar_read_windows_and_aligned_output_tile_writes"", ""numeric_contract"": ""real_float32_or_split_real_imag_v2"", ""output_element_bytes"": 4, ""output_tile_elements"": 256, ""policy_id"": ""generic_single_dpu_split_complex_v2"", ""wram_budget_bytes"": 61440}",True,[],24,16,32,64,32,96,224,24,3,0.0,0.016796875,3,16,64,32,224,3,3,3,0,32,786432,67108864,0.01171875,6.103515625e-05,6.103515625e-05,1032,61440,0.016796875,"{""dpu_to_host_payload_bytes"": 32, ""estimated_flops"": 24, ""feasibility"": true, ""host_completion_event_scope"": ""one_synchronous_dpu_launch_per_real_component"", ""host_completion_events"": 3, ""host_to_dpu_payload_bytes"": 64, ""known_wram_static_bytes"": 1032, ""largest_tensor_bytes"": 16, ""memory_budget_scope"": ""configured_modeled_budget_not_measured_runtime_occupancy"", ""mram_capacity_bytes"": 67108864, ""mram_dma_window_bytes_model"": 224, ""mram_dma_window_scope"": ""modeled_aligned_request_volume_not_physical_bus_bytes"", ""mram_max_region_payload_ratio"": 6.103515625e-05, ""mram_payload_pressure_ratio"": 6.103515625e-05, ""mram_payload_pressure_scope"": ""maximum_single_buffer_payload_divided_by_fixed_native_buffer_capacity"", ""mram_static_reservation_pressure_ratio"": 0.01171875, ""native_static_mram_reservation_bytes"": 786432, ""numeric_component_invocations"": 3, ""numeric_recombination_flops"": 0, ""numeric_representation_penalty"": 0.0, ""rejection_reasons"": [], ""task_mram_payload_bytes"": 32, ""tile_iterations"": 3, ""wram_budget_bytes"": 61440, ""wram_known_pressure_ratio"": 0.016796875}","{""dpu_to_host_payload_bytes"": 0.2522196886169667, ""estimated_flops"": 0.14980138707412663, ""host_completion_events"": 0.8613531161467861, ""host_to_dpu_payload_bytes"": 0.2867794102735318, ""mram_dma_window_bytes_model"": 0.2298164986851926, ""mram_payload_pressure_ratio"": 8.805243012217692e-05, ""numeric_representation_penalty"": 0.0, ""tile_iterations"": 0.1999718400776083, ""wram_known_pressure_ratio"": 0.02403150151674986}",0.22384756696367578,1,False,True,modeled,False
research_benchmark_pack_v1,thesis_planner_sensitivity_v2_planner_compare,quantum_bell_2q_sensitivity_v2,quantum,2,quantum_circuit,False,,4,5,4,16,4,custom_upmem.greedy.v2.synchronization_constrained,custom_upmem,native_target_projected_prefix_greedy,b8051e9addae8ef03cd83f704a6c0b44a271351853044aaaeb6bc834b43172be,"{""algorithm"": ""greedy"", ""engine"": ""custom_upmem"", ""execution_policy"": ""generic_single_dpu_split_complex_v2"", ""normalization"": ""fixed_log1p_generic_budgets_v2"", ""numeric_contract"": ""real_float32_or_split_real_imag_v2"", ""objective_version"": ""upmem_path_cost_v2"", ""selection_scope"": ""projected_prefix"", ""weight_profile"": ""synchronization_constrained""}",projected_prefix,greedy,upmem_path_cost_v2,generic_single_dpu_split_complex_v2,,,060917e9220b4934c4bb408a4117d230f0ca90c50d7552a5bb7e7312f014dbf2,ef15091428a6621668c0222736c1aef20dca8d8d172ca3962b8004f3b0fddb7f,completed,,0.0009596160016371869,3,192,64,30,40,70,0,0,,3,1,0.0,1,1,upmem_pressure_v1,,,,upmem_path_cost_v2,synchronization_constrained,"{""caps"": {""dpu_to_host_payload_bytes"": 1048576.0, ""estimated_flops"": 2147614720.0, ""host_completion_events"": 4.0, ""host_to_dpu_payload_bytes"": 2097152.0, ""mram_dma_window_bytes_model"": 17180917760.0, ""mram_payload_pressure_ratio"": 1.0, ""numeric_representation_penalty"": 3.0, ""tile_iterations"": 1024.0, ""wram_known_pressure_ratio"": 1.0}, ""normalization_id"": ""fixed_log1p_generic_budgets_v2"", ""transform"": ""log1p(value)/log1p(cap)""}","{""caps"": {""application_max_contracted_combinations"": 4096, ""application_max_rank"": 16, ""application_max_tensor_elements"": 65536, ""native_abi_max_tensor_elements"": 65536}, ""dpu_parallelism_model"": ""single_dpu_serial_tasks"", ""host_completion_model"": ""one_synchronous_dpu_launch_per_real_component"", ""host_dpu_transfer_model"": ""per_real_component_operand_upload_and_output_download_no_reuse"", ""input_element_bytes"": 4, ""memory_budget_source"": ""configured_generic_dpu_policy_v2"", ""mram_capacity_bytes"": 67108864, ""mram_wram_transfer_model"": ""aligned_scalar_read_windows_and_aligned_output_tile_writes"", ""numeric_contract"": ""real_float32_or_split_real_imag_v2"", ""output_element_bytes"": 4, ""output_tile_elements"": 256, ""policy_id"": ""generic_single_dpu_split_complex_v2"", ""wram_budget_bytes"": 61440}",True,[],48,64,40,120,40,160,424,48,3,0.0,0.016796875,3,64,120,40,424,3,3,3,0,96,786432,67108864,0.01171875,0.000244140625,0.000244140625,1032,61440,0.016796875,"{""dpu_to_host_payload_bytes"": 40, ""estimated_flops"": 48, ""feasibility"": true, ""host_completion_event_scope"": ""one_synchronous_dpu_launch_per_real_component"", ""host_completion_events"": 3, ""host_to_dpu_payload_bytes"": 120, ""known_wram_static_bytes"": 1032, ""largest_tensor_bytes"": 64, ""memory_budget_scope"": ""configured_modeled_budget_not_measured_runtime_occupancy"", ""mram_capacity_bytes"": 67108864, ""mram_dma_window_bytes_model"": 424, ""mram_dma_window_scope"": ""modeled_aligned_request_volume_not_physical_bus_bytes"", ""mram_max_region_payload_ratio"": 0.000244140625, ""mram_payload_pressure_ratio"": 0.000244140625, ""mram_payload_pressure_scope"": ""maximum_single_buffer_payload_divided_by_fixed_native_buffer_capacity"", ""mram_static_reservation_pressure_ratio"": 0.01171875, ""native_static_mram_reservation_bytes"": 786432, ""numeric_component_invocations"": 3, ""numeric_recombination_flops"": 0, ""numeric_representation_penalty"": 0.0, ""rejection_reasons"": [], ""task_mram_payload_bytes"": 96, ""tile_iterations"": 3, ""wram_budget_bytes"": 61440, ""wram_known_pressure_ratio"": 0.016796875}","{""dpu_to_host_payload_bytes"": 0.2678775818027943, ""estimated_flops"": 0.18111915793585615, ""host_completion_events"": 0.8613531161467861, ""host_to_dpu_payload_bytes"": 0.3294696671724944, ""mram_dma_window_bytes_model"": 0.2568028358496983, ""mram_payload_pressure_ratio"": 0.00035217748030102726, ""numeric_representation_penalty"": 0.0, ""tile_iterations"": 0.1999718400776083, ""wram_known_pressure_ratio"": 0.02403150151674986}",0.7290768609329507,1,False,True,modeled,False
research_benchmark_pack_v1,thesis_planner_sensitivity_v2_planner_compare,quantum_qrng_2q_sensitivity_v2,quantum,2,quantum_circuit,False,,4,4,2,4,4,custom_upmem.greedy.v2.synchronization_constrained,custom_upmem,native_target_projected_prefix_greedy,b8051e9addae8ef03cd83f704a6c0b44a271351853044aaaeb6bc834b43172be,"{""algorithm"": ""greedy"", ""engine"": ""custom_upmem"", ""execution_policy"": ""generic_single_dpu_split_complex_v2"", ""normalization"": ""fixed_log1p_generic_budgets_v2"", ""numeric_contract"": ""real_float32_or_split_real_imag_v2"", ""objective_version"": ""upmem_path_cost_v2"", ""selection_scope"": ""projected_prefix"", ""weight_profile"": ""synchronization_constrained""}",projected_prefix,greedy,upmem_path_cost_v2,generic_single_dpu_split_complex_v2,,,23403d620faa9e0cfd0b6d62acb762c6a50b01cc08aa750eb26d876d1b00bca0,7c57fefe2222a595031985d2220c0554a9754b7d36d8dcbb69c897078e929482,completed,,0.0009604070000932552,3,96,64,16,32,48,0,0,,3,1,0.0,1,1,upmem_pressure_v1,,,,upmem_path_cost_v2,synchronization_constrained,"{""caps"": {""dpu_to_host_payload_bytes"": 1048576.0, ""estimated_flops"": 2147614720.0, ""host_completion_events"": 4.0, ""host_to_dpu_payload_bytes"": 2097152.0, ""mram_dma_window_bytes_model"": 17180917760.0, ""mram_payload_pressure_ratio"": 1.0, ""numeric_representation_penalty"": 3.0, ""tile_iterations"": 1024.0, ""wram_known_pressure_ratio"": 1.0}, ""normalization_id"": ""fixed_log1p_generic_budgets_v2"", ""transform"": ""log1p(value)/log1p(cap)""}","{""caps"": {""application_max_contracted_combinations"": 4096, ""application_max_rank"": 16, ""application_max_tensor_elements"": 65536, ""native_abi_max_tensor_elements"": 65536}, ""dpu_parallelism_model"": ""single_dpu_serial_tasks"", ""host_completion_model"": ""one_synchronous_dpu_launch_per_real_component"", ""host_dpu_transfer_model"": ""per_real_component_operand_upload_and_output_download_no_reuse"", ""input_element_bytes"": 4, ""memory_budget_source"": ""configured_generic_dpu_policy_v2"", ""mram_capacity_bytes"": 67108864, ""mram_wram_transfer_model"": ""aligned_scalar_read_windows_and_aligned_output_tile_writes"", ""numeric_contract"": ""real_float32_or_split_real_imag_v2"", ""output_element_bytes"": 4, ""output_tile_elements"": 256, ""policy_id"": ""generic_single_dpu_split_complex_v2"", ""wram_budget_bytes"": 61440}",True,[],24,16,32,64,32,96,224,24,3,0.0,0.016796875,3,16,64,32,224,3,3,3,0,32,786432,67108864,0.01171875,6.103515625e-05,6.103515625e-05,1032,61440,0.016796875,"{""dpu_to_host_payload_bytes"": 32, ""estimated_flops"": 24, ""feasibility"": true, ""host_completion_event_scope"": ""one_synchronous_dpu_launch_per_real_component"", ""host_completion_events"": 3, ""host_to_dpu_payload_bytes"": 64, ""known_wram_static_bytes"": 1032, ""largest_tensor_bytes"": 16, ""memory_budget_scope"": ""configured_modeled_budget_not_measured_runtime_occupancy"", ""mram_capacity_bytes"": 67108864, ""mram_dma_window_bytes_model"": 224, ""mram_dma_window_scope"": ""modeled_aligned_request_volume_not_physical_bus_bytes"", ""mram_max_region_payload_ratio"": 6.103515625e-05, ""mram_payload_pressure_ratio"": 6.103515625e-05, ""mram_payload_pressure_scope"": ""maximum_single_buffer_payload_divided_by_fixed_native_buffer_capacity"", ""mram_static_reservation_pressure_ratio"": 0.01171875, ""native_static_mram_reservation_bytes"": 786432, ""numeric_component_invocations"": 3, ""numeric_recombination_flops"": 0, ""numeric_representation_penalty"": 0.0, ""rejection_reasons"": [], ""task_mram_payload_bytes"": 32, ""tile_iterations"": 3, ""wram_budget_bytes"": 61440, ""wram_known_pressure_ratio"": 0.016796875}","{""dpu_to_host_payload_bytes"": 0.2522196886169667, ""estimated_flops"": 0.14980138707412663, ""host_completion_events"": 0.8613531161467861, ""host_to_dpu_payload_bytes"": 0.2867794102735318, ""mram_dma_window_bytes_model"": 0.2298164986851926, ""mram_payload_pressure_ratio"": 8.805243012217692e-05, ""numeric_representation_penalty"": 0.0, ""tile_iterations"": 0.1999718400776083, ""wram_known_pressure_ratio"": 0.02403150151674986}",0.7290768609329507,1,False,True,modeled,False
research_benchmark_pack_v1,thesis_planner_sensitivity_v2_planner_compare,quantum_bell_2q_sensitivity_v2,quantum,2,quantum_circuit,False,,4,5,4,16,4,custom_upmem.greedy.v2.wram_constrained,custom_upmem,native_target_projected_prefix_greedy,fde812588671a3d9df7989613d74a726977d15c7159aab8025fab190502208a8,"{""algorithm"": ""greedy"", ""engine"": ""custom_upmem"", ""execution_policy"": ""generic_single_dpu_split_complex_v2"", ""normalization"": ""fixed_log1p_generic_budgets_v2"", ""numeric_contract"": ""real_float32_or_split_real_imag_v2"", ""objective_version"": ""upmem_path_cost_v2"", ""selection_scope"": ""projected_prefix"", ""weight_profile"": ""wram_constrained""}",projected_prefix,greedy,upmem_path_cost_v2,generic_single_dpu_split_complex_v2,,,b1589f49bed02015b5a7222407da5210fb9a35a1a6a9afafb2b65a5a6d6232e2,ef15091428a6621668c0222736c1aef20dca8d8d172ca3962b8004f3b0fddb7f,completed,,0.000957401000050595,3,192,64,30,40,70,0,0,,3,1,0.0,1,1,upmem_pressure_v1,,,,upmem_path_cost_v2,wram_constrained,"{""caps"": {""dpu_to_host_payload_bytes"": 1048576.0, ""estimated_flops"": 2147614720.0, ""host_completion_events"": 4.0, ""host_to_dpu_payload_bytes"": 2097152.0, ""mram_dma_window_bytes_model"": 17180917760.0, ""mram_payload_pressure_ratio"": 1.0, ""numeric_representation_penalty"": 3.0, ""tile_iterations"": 1024.0, ""wram_known_pressure_ratio"": 1.0}, ""normalization_id"": ""fixed_log1p_generic_budgets_v2"", ""transform"": ""log1p(value)/log1p(cap)""}","{""caps"": {""application_max_contracted_combinations"": 4096, ""application_max_rank"": 16, ""application_max_tensor_elements"": 65536, ""native_abi_max_tensor_elements"": 65536}, ""dpu_parallelism_model"": ""single_dpu_serial_tasks"", ""host_completion_model"": ""one_synchronous_dpu_launch_per_real_component"", ""host_dpu_transfer_model"": ""per_real_component_operand_upload_and_output_download_no_reuse"", ""input_element_bytes"": 4, ""memory_budget_source"": ""configured_generic_dpu_policy_v2"", ""mram_capacity_bytes"": 67108864, ""mram_wram_transfer_model"": ""aligned_scalar_read_windows_and_aligned_output_tile_writes"", ""numeric_contract"": ""real_float32_or_split_real_imag_v2"", ""output_element_bytes"": 4, ""output_tile_elements"": 256, ""policy_id"": ""generic_single_dpu_split_complex_v2"", ""wram_budget_bytes"": 61440}",True,[],48,64,40,120,40,160,424,48,3,0.0,0.016796875,3,64,120,40,424,3,3,3,0,96,786432,67108864,0.01171875,0.000244140625,0.000244140625,1032,61440,0.016796875,"{""dpu_to_host_payload_bytes"": 40, ""estimated_flops"": 48, ""feasibility"": true, ""host_completion_event_scope"": ""one_synchronous_dpu_launch_per_real_component"", ""host_completion_events"": 3, ""host_to_dpu_payload_bytes"": 120, ""known_wram_static_bytes"": 1032, ""largest_tensor_bytes"": 64, ""memory_budget_scope"": ""configured_modeled_budget_not_measured_runtime_occupancy"", ""mram_capacity_bytes"": 67108864, ""mram_dma_window_bytes_model"": 424, ""mram_dma_window_scope"": ""modeled_aligned_request_volume_not_physical_bus_bytes"", ""mram_max_region_payload_ratio"": 0.000244140625, ""mram_payload_pressure_ratio"": 0.000244140625, ""mram_payload_pressure_scope"": ""maximum_single_buffer_payload_divided_by_fixed_native_buffer_capacity"", ""mram_static_reservation_pressure_ratio"": 0.01171875, ""native_static_mram_reservation_bytes"": 786432, ""numeric_component_invocations"": 3, ""numeric_recombination_flops"": 0, ""numeric_representation_penalty"": 0.0, ""rejection_reasons"": [], ""task_mram_payload_bytes"": 96, ""tile_iterations"": 3, ""wram_budget_bytes"": 61440, ""wram_known_pressure_ratio"": 0.016796875}","{""dpu_to_host_payload_bytes"": 0.2678775818027943, ""estimated_flops"": 0.18111915793585615, ""host_completion_events"": 0.8613531161467861, ""host_to_dpu_payload_bytes"": 0.3294696671724944, ""mram_dma_window_bytes_model"": 0.2568028358496983, ""mram_payload_pressure_ratio"": 0.00035217748030102726, ""numeric_representation_penalty"": 0.0, ""tile_iterations"": 0.1999718400776083, ""wram_known_pressure_ratio"": 0.02403150151674986}",0.009823907094880562,1,False,True,modeled,False
research_benchmark_pack_v1,thesis_planner_sensitivity_v2_planner_compare,quantum_qrng_2q_sensitivity_v2,quantum,2,quantum_circuit,False,,4,4,2,4,4,custom_upmem.greedy.v2.wram_constrained,custom_upmem,native_target_projected_prefix_greedy,fde812588671a3d9df7989613d74a726977d15c7159aab8025fab190502208a8,"{""algorithm"": ""greedy"", ""engine"": ""custom_upmem"", ""execution_policy"": ""generic_single_dpu_split_complex_v2"", ""normalization"": ""fixed_log1p_generic_budgets_v2"", ""numeric_contract"": ""real_float32_or_split_real_imag_v2"", ""objective_version"": ""upmem_path_cost_v2"", ""selection_scope"": ""projected_prefix"", ""weight_profile"": ""wram_constrained""}",projected_prefix,greedy,upmem_path_cost_v2,generic_single_dpu_split_complex_v2,,,2464119d1347407765596316a7e747c7e8b09e0acb38f06aa6b0608eb0073659,7c57fefe2222a595031985d2220c0554a9754b7d36d8dcbb69c897078e929482,completed,,0.0009199109990731813,3,96,64,16,32,48,0,0,,3,1,0.0,1,1,upmem_pressure_v1,,,,upmem_path_cost_v2,wram_constrained,"{""caps"": {""dpu_to_host_payload_bytes"": 1048576.0, ""estimated_flops"": 2147614720.0, ""host_completion_events"": 4.0, ""host_to_dpu_payload_bytes"": 2097152.0, ""mram_dma_window_bytes_model"": 17180917760.0, ""mram_payload_pressure_ratio"": 1.0, ""numeric_representation_penalty"": 3.0, ""tile_iterations"": 1024.0, ""wram_known_pressure_ratio"": 1.0}, ""normalization_id"": ""fixed_log1p_generic_budgets_v2"", ""transform"": ""log1p(value)/log1p(cap)""}","{""caps"": {""application_max_contracted_combinations"": 4096, ""application_max_rank"": 16, ""application_max_tensor_elements"": 65536, ""native_abi_max_tensor_elements"": 65536}, ""dpu_parallelism_model"": ""single_dpu_serial_tasks"", ""host_completion_model"": ""one_synchronous_dpu_launch_per_real_component"", ""host_dpu_transfer_model"": ""per_real_component_operand_upload_and_output_download_no_reuse"", ""input_element_bytes"": 4, ""memory_budget_source"": ""configured_generic_dpu_policy_v2"", ""mram_capacity_bytes"": 67108864, ""mram_wram_transfer_model"": ""aligned_scalar_read_windows_and_aligned_output_tile_writes"", ""numeric_contract"": ""real_float32_or_split_real_imag_v2"", ""output_element_bytes"": 4, ""output_tile_elements"": 256, ""policy_id"": ""generic_single_dpu_split_complex_v2"", ""wram_budget_bytes"": 61440}",True,[],24,16,32,64,32,96,224,24,3,0.0,0.016796875,3,16,64,32,224,3,3,3,0,32,786432,67108864,0.01171875,6.103515625e-05,6.103515625e-05,1032,61440,0.016796875,"{""dpu_to_host_payload_bytes"": 32, ""estimated_flops"": 24, ""feasibility"": true, ""host_completion_event_scope"": ""one_synchronous_dpu_launch_per_real_component"", ""host_completion_events"": 3, ""host_to_dpu_payload_bytes"": 64, ""known_wram_static_bytes"": 1032, ""largest_tensor_bytes"": 16, ""memory_budget_scope"": ""configured_modeled_budget_not_measured_runtime_occupancy"", ""mram_capacity_bytes"": 67108864, ""mram_dma_window_bytes_model"": 224, ""mram_dma_window_scope"": ""modeled_aligned_request_volume_not_physical_bus_bytes"", ""mram_max_region_payload_ratio"": 6.103515625e-05, ""mram_payload_pressure_ratio"": 6.103515625e-05, ""mram_payload_pressure_scope"": ""maximum_single_buffer_payload_divided_by_fixed_native_buffer_capacity"", ""mram_static_reservation_pressure_ratio"": 0.01171875, ""native_static_mram_reservation_bytes"": 786432, ""numeric_component_invocations"": 3, ""numeric_recombination_flops"": 0, ""numeric_representation_penalty"": 0.0, ""rejection_reasons"": [], ""task_mram_payload_bytes"": 32, ""tile_iterations"": 3, ""wram_budget_bytes"": 61440, ""wram_known_pressure_ratio"": 0.016796875}","{""dpu_to_host_payload_bytes"": 0.2522196886169667, ""estimated_flops"": 0.14980138707412663, ""host_completion_events"": 0.8613531161467861, ""host_to_dpu_payload_bytes"": 0.2867794102735318, ""mram_dma_window_bytes_model"": 0.2298164986851926, ""mram_payload_pressure_ratio"": 8.805243012217692e-05, ""numeric_representation_penalty"": 0.0, ""tile_iterations"": 0.1999718400776083, ""wram_known_pressure_ratio"": 0.02403150151674986}",0.00966543206477325,1,False,True,modeled,False
research_benchmark_pack_v1,thesis_planner_semantic_v2_planner_compare,quantum_bell_2q_semantic_v2,quantum,2,quantum_circuit,False,,4,5,4,16,4,opt_einsum.auto,opt_einsum,external_path_optimizer,e4fe2eea8b9aaa935b91fc73f8e7b5a4d59746c545686b2803cb83e99dd31633,"{""engine"": ""opt_einsum"", ""opt_einsum_version"": ""3.4.0"", ""optimize"": ""auto""}",,auto,opt_einsum_contract_path,opt_einsum_internal,,,68b99fba6b894636ac0e751ccf3cb77a0cfb6e6af6294ee275c809eb92487867,ef15091428a6621668c0222736c1aef20dca8d8d172ca3962b8004f3b0fddb7f,completed,,0.00017555899830767885,3,192,64,30,40,70,0,0,,3,1,0.0,1,1,upmem_pressure_v1,,,,upmem_path_cost_v2,balanced_literature_informed,"{""caps"": {""dpu_to_host_payload_bytes"": 1048576.0, ""estimated_flops"": 2147614720.0, ""host_completion_events"": 4.0, ""host_to_dpu_payload_bytes"": 2097152.0, ""mram_dma_window_bytes_model"": 17180917760.0, ""mram_payload_pressure_ratio"": 1.0, ""numeric_representation_penalty"": 3.0, ""tile_iterations"": 1024.0, ""wram_known_pressure_ratio"": 1.0}, ""normalization_id"": ""fixed_log1p_generic_budgets_v2"", ""transform"": ""log1p(value)/log1p(cap)""}","{""caps"": {""application_max_contracted_combinations"": 4096, ""application_max_rank"": 16, ""application_max_tensor_elements"": 65536, ""native_abi_max_tensor_elements"": 65536}, ""dpu_parallelism_model"": ""single_dpu_serial_tasks"", ""host_completion_model"": ""one_synchronous_dpu_launch_per_real_component"", ""host_dpu_transfer_model"": ""per_real_component_operand_upload_and_output_download_no_reuse"", ""input_element_bytes"": 4, ""memory_budget_source"": ""configured_generic_dpu_policy_v2"", ""mram_capacity_bytes"": 67108864, ""mram_wram_transfer_model"": ""aligned_scalar_read_windows_and_aligned_output_tile_writes"", ""numeric_contract"": ""real_float32_or_split_real_imag_v2"", ""output_element_bytes"": 4, ""output_tile_elements"": 256, ""policy_id"": ""generic_single_dpu_split_complex_v2"", ""wram_budget_bytes"": 61440}",True,[],48,64,40,120,40,160,424,48,3,0.0,0.016796875,3,64,120,40,424,3,3,3,0,96,786432,67108864,0.01171875,0.000244140625,0.000244140625,1032,61440,0.016796875,"{""dpu_to_host_payload_bytes"": 40, ""estimated_flops"": 48, ""feasibility"": true, ""host_completion_event_scope"": ""one_synchronous_dpu_launch_per_real_component"", ""host_completion_events"": 3, ""host_to_dpu_payload_bytes"": 120, ""known_wram_static_bytes"": 1032, ""largest_tensor_bytes"": 64, ""memory_budget_scope"": ""configured_modeled_budget_not_measured_runtime_occupancy"", ""mram_capacity_bytes"": 67108864, ""mram_dma_window_bytes_model"": 424, ""mram_dma_window_scope"": ""modeled_aligned_request_volume_not_physical_bus_bytes"", ""mram_max_region_payload_ratio"": 0.000244140625, ""mram_payload_pressure_ratio"": 0.000244140625, ""mram_payload_pressure_scope"": ""maximum_single_buffer_payload_divided_by_fixed_native_buffer_capacity"", ""mram_static_reservation_pressure_ratio"": 0.01171875, ""native_static_mram_reservation_bytes"": 786432, ""numeric_component_invocations"": 3, ""numeric_recombination_flops"": 0, ""numeric_representation_penalty"": 0.0, ""rejection_reasons"": [], ""task_mram_payload_bytes"": 96, ""tile_iterations"": 3, ""wram_budget_bytes"": 61440, ""wram_known_pressure_ratio"": 0.016796875}","{""dpu_to_host_payload_bytes"": 0.2678775818027943, ""estimated_flops"": 0.18111915793585615, ""host_completion_events"": 0.8613531161467861, ""host_to_dpu_payload_bytes"": 0.3294696671724944, ""mram_dma_window_bytes_model"": 0.2568028358496983, ""mram_payload_pressure_ratio"": 0.00035217748030102726, ""numeric_representation_penalty"": 0.0, ""tile_iterations"": 0.1999718400776083, ""wram_known_pressure_ratio"": 0.02403150151674986}",0.25680777338832916,1,False,True,modeled,False
research_benchmark_pack_v1,thesis_planner_semantic_v2_planner_compare,quantum_qrng_2q_semantic_v2,quantum,2,quantum_circuit,False,,4,4,2,4,4,opt_einsum.auto,opt_einsum,external_path_optimizer,e4fe2eea8b9aaa935b91fc73f8e7b5a4d59746c545686b2803cb83e99dd31633,"{""engine"": ""opt_einsum"", ""opt_einsum_version"": ""3.4.0"", ""optimize"": ""auto""}",,auto,opt_einsum_contract_path,opt_einsum_internal,,,d910ee4e4651dce467b655b9b8d151d1dedb735a3db6fd2a1637bd93f2e07568,7c57fefe2222a595031985d2220c0554a9754b7d36d8dcbb69c897078e929482,completed,,0.00016605099881417118,3,96,64,16,32,48,0,0,,3,1,0.0,1,1,upmem_pressure_v1,,,,upmem_path_cost_v2,balanced_literature_informed,"{""caps"": {""dpu_to_host_payload_bytes"": 1048576.0, ""estimated_flops"": 2147614720.0, ""host_completion_events"": 4.0, ""host_to_dpu_payload_bytes"": 2097152.0, ""mram_dma_window_bytes_model"": 17180917760.0, ""mram_payload_pressure_ratio"": 1.0, ""numeric_representation_penalty"": 3.0, ""tile_iterations"": 1024.0, ""wram_known_pressure_ratio"": 1.0}, ""normalization_id"": ""fixed_log1p_generic_budgets_v2"", ""transform"": ""log1p(value)/log1p(cap)""}","{""caps"": {""application_max_contracted_combinations"": 4096, ""application_max_rank"": 16, ""application_max_tensor_elements"": 65536, ""native_abi_max_tensor_elements"": 65536}, ""dpu_parallelism_model"": ""single_dpu_serial_tasks"", ""host_completion_model"": ""one_synchronous_dpu_launch_per_real_component"", ""host_dpu_transfer_model"": ""per_real_component_operand_upload_and_output_download_no_reuse"", ""input_element_bytes"": 4, ""memory_budget_source"": ""configured_generic_dpu_policy_v2"", ""mram_capacity_bytes"": 67108864, ""mram_wram_transfer_model"": ""aligned_scalar_read_windows_and_aligned_output_tile_writes"", ""numeric_contract"": ""real_float32_or_split_real_imag_v2"", ""output_element_bytes"": 4, ""output_tile_elements"": 256, ""policy_id"": ""generic_single_dpu_split_complex_v2"", ""wram_budget_bytes"": 61440}",True,[],24,16,32,64,32,96,224,24,3,0.0,0.016796875,3,16,64,32,224,3,3,3,0,32,786432,67108864,0.01171875,6.103515625e-05,6.103515625e-05,1032,61440,0.016796875,"{""dpu_to_host_payload_bytes"": 32, ""estimated_flops"": 24, ""feasibility"": true, ""host_completion_event_scope"": ""one_synchronous_dpu_launch_per_real_component"", ""host_completion_events"": 3, ""host_to_dpu_payload_bytes"": 64, ""known_wram_static_bytes"": 1032, ""largest_tensor_bytes"": 16, ""memory_budget_scope"": ""configured_modeled_budget_not_measured_runtime_occupancy"", ""mram_capacity_bytes"": 67108864, ""mram_dma_window_bytes_model"": 224, ""mram_dma_window_scope"": ""modeled_aligned_request_volume_not_physical_bus_bytes"", ""mram_max_region_payload_ratio"": 6.103515625e-05, ""mram_payload_pressure_ratio"": 6.103515625e-05, ""mram_payload_pressure_scope"": ""maximum_single_buffer_payload_divided_by_fixed_native_buffer_capacity"", ""mram_static_reservation_pressure_ratio"": 0.01171875, ""native_static_mram_reservation_bytes"": 786432, ""numeric_component_invocations"": 3, ""numeric_recombination_flops"": 0, ""numeric_representation_penalty"": 0.0, ""rejection_reasons"": [], ""task_mram_payload_bytes"": 32, ""tile_iterations"": 3, ""wram_budget_bytes"": 61440, ""wram_known_pressure_ratio"": 0.016796875}","{""dpu_to_host_payload_bytes"": 0.2522196886169667, ""estimated_flops"": 0.14980138707412663, ""host_completion_events"": 0.8613531161467861, ""host_to_dpu_payload_bytes"": 0.2867794102735318, ""mram_dma_window_bytes_model"": 0.2298164986851926, ""mram_payload_pressure_ratio"": 8.805243012217692e-05, ""numeric_representation_penalty"": 0.0, ""tile_iterations"": 0.1999718400776083, ""wram_known_pressure_ratio"": 0.02403150151674986}",0.23638142379335092,1,False,True,modeled,False
research_benchmark_pack_v1,thesis_planner_semantic_v2_planner_compare,quantum_quantization_stress_2q_semantic_v2,quantum,2,quantum_circuit,False,,7,8,4,16,7,opt_einsum.auto,opt_einsum,external_path_optimizer,e4fe2eea8b9aaa935b91fc73f8e7b5a4d59746c545686b2803cb83e99dd31633,"{""engine"": ""opt_einsum"", ""opt_einsum_version"": ""3.4.0"", ""optimize"": ""auto""}",,auto,opt_einsum_contract_path,opt_einsum_internal,,,fca3f3c3f3cfe4a229da32c3fa140374569cc952d6134651c2a060035ffb6476,cc8ac6a532b3135e544a06b5cb2c23f0a559b2c36e1afcb5cc0a577a26fff31b,completed,,0.0004525559998000972,6,320,128,52,80,132,0,0,,6,1,0.0,1,1,upmem_pressure_v1,,,,upmem_path_cost_v2,balanced_literature_informed,"{""caps"": {""dpu_to_host_payload_bytes"": 1048576.0, ""estimated_flops"": 2147614720.0, ""host_completion_events"": 4.0, ""host_to_dpu_payload_bytes"": 2097152.0, ""mram_dma_window_bytes_model"": 17180917760.0, ""mram_payload_pressure_ratio"": 1.0, ""numeric_representation_penalty"": 3.0, ""tile_iterations"": 1024.0, ""wram_known_pressure_ratio"": 1.0}, ""normalization_id"": ""fixed_log1p_generic_budgets_v2"", ""transform"": ""log1p(value)/log1p(cap)""}","{""caps"": {""application_max_contracted_combinations"": 4096, ""application_max_rank"": 16, ""application_max_tensor_elements"": 65536, ""native_abi_max_tensor_elements"": 65536}, ""dpu_parallelism_model"": ""single_dpu_serial_tasks"", ""host_completion_model"": ""one_synchronous_dpu_launch_per_real_component"", ""host_dpu_transfer_model"": ""per_real_component_operand_upload_and_output_download_no_reuse"", ""input_element_bytes"": 4, ""memory_budget_source"": ""configured_generic_dpu_policy_v2"", ""mram_capacity_bytes"": 67108864, ""mram_wram_transfer_model"": ""aligned_scalar_read_windows_and_aligned_output_tile_writes"", ""numeric_contract"": ""real_float32_or_split_real_imag_v2"", ""output_element_bytes"": 4, ""output_tile_elements"": 256, ""policy_id"": ""generic_single_dpu_split_complex_v2"", ""wram_budget_bytes"": 61440}",True,[],304,64,272,688,272,960,2448,304,18,12.0,0.016796875,18,64,688,272,2448,18,18,18,32,104,786432,67108864,0.01171875,0.000244140625,0.000244140625,1032,61440,0.016796875,"{""dpu_to_host_payload_bytes"": 272, ""estimated_flops"": 304, ""feasibility"": true, ""host_completion_event_scope"": ""one_synchronous_dpu_launch_per_real_component"", ""host_completion_events"": 18, ""host_to_dpu_payload_bytes"": 688, ""known_wram_static_bytes"": 1032, ""largest_tensor_bytes"": 64, ""memory_budget_scope"": ""configured_modeled_budget_not_measured_runtime_occupancy"", ""mram_capacity_bytes"": 67108864, ""mram_dma_window_bytes_model"": 2448, ""mram_dma_window_scope"": ""modeled_aligned_request_volume_not_physical_bus_bytes"", ""mram_max_region_payload_ratio"": 0.000244140625, ""mram_payload_pressure_ratio"": 0.000244140625, ""mram_payload_pressure_scope"": ""maximum_single_buffer_payload_divided_by_fixed_native_buffer_capacity"", ""mram_static_reservation_pressure_ratio"": 0.01171875, ""native_static_mram_reservation_bytes"": 786432, ""numeric_component_invocations"": 18, ""numeric_recombination_flops"": 32, ""numeric_representation_penalty"": 12.0, ""rejection_reasons"": [], ""task_mram_payload_bytes"": 104, ""tile_iterations"": 18, ""wram_budget_bytes"": 61440, ""wram_known_pressure_ratio"": 0.016796875}","{""dpu_to_host_payload_bytes"": 0.4046378292097313, ""estimated_flops"": 0.2662142577890027, ""host_completion_events"": 1.8294828004351504, ""host_to_dpu_payload_bytes"": 0.44896951732592827, ""mram_dma_window_bytes_model"": 0.331116114792871, ""mram_payload_pressure_ratio"": 0.00035217748030102726, ""numeric_representation_penalty"": 1.850219859070546, ""tile_iterations"": 0.42473294068980644, ""wram_known_pressure_ratio"": 0.02403150151674986}",0.6107802034001133,2,False,False,modeled,False
research_benchmark_pack_v1,thesis_planner_semantic_v2_planner_compare,quantum_bell_2q_semantic_v2,quantum,2,quantum_circuit,False,,4,5,4,16,4,opt_einsum.greedy,opt_einsum,external_path_optimizer,2197acf1524706bd82747388500c1b3a4fe50aefeb9d40cdf554575733b0b275,"{""engine"": ""opt_einsum"", ""opt_einsum_version"": ""3.4.0"", ""optimize"": ""greedy""}",,greedy,opt_einsum_contract_path,opt_einsum_internal,,,58355b9cb0c01e5cb4644c83c8f6ed4b8ed00c84eb07c322032ada9dae5ae687,5106a6f8f81ab3137907d102f4c7b0f34c55e03ceabda95bdddf93a01ff75aeb,completed,,0.00016948700067587197,3,224,128,34,56,90,0,0,,3,1,2.0,3,2,upmem_pressure_v1,,,,upmem_path_cost_v2,balanced_literature_informed,"{""caps"": {""dpu_to_host_payload_bytes"": 1048576.0, ""estimated_flops"": 2147614720.0, ""host_completion_events"": 4.0, ""host_to_dpu_payload_bytes"": 2097152.0, ""mram_dma_window_bytes_model"": 17180917760.0, ""mram_payload_pressure_ratio"": 1.0, ""numeric_representation_penalty"": 3.0, ""tile_iterations"": 1024.0, ""wram_known_pressure_ratio"": 1.0}, ""normalization_id"": ""fixed_log1p_generic_budgets_v2"", ""transform"": ""log1p(value)/log1p(cap)""}","{""caps"": {""application_max_contracted_combinations"": 4096, ""application_max_rank"": 16, ""application_max_tensor_elements"": 65536, ""native_abi_max_tensor_elements"": 65536}, ""dpu_parallelism_model"": ""single_dpu_serial_tasks"", ""host_completion_model"": ""one_synchronous_dpu_launch_per_real_component"", ""host_dpu_transfer_model"": ""per_real_component_operand_upload_and_output_download_no_reuse"", ""input_element_bytes"": 4, ""memory_budget_source"": ""configured_generic_dpu_policy_v2"", ""mram_capacity_bytes"": 67108864, ""mram_wram_transfer_model"": ""aligned_scalar_read_windows_and_aligned_output_tile_writes"", ""numeric_contract"": ""real_float32_or_split_real_imag_v2"", ""output_element_bytes"": 4, ""output_tile_elements"": 256, ""policy_id"": ""generic_single_dpu_split_complex_v2"", ""wram_budget_bytes"": 61440}",True,[],56,64,56,136,56,192,504,56,3,0.0,0.016796875,3,64,136,56,504,3,3,3,0,104,786432,67108864,0.01171875,0.000244140625,0.000244140625,1032,61440,0.016796875,"{""dpu_to_host_payload_bytes"": 56, ""estimated_flops"": 56, ""feasibility"": true, ""host_completion_event_scope"": ""one_synchronous_dpu_launch_per_real_component"", ""host_completion_events"": 3, ""host_to_dpu_payload_bytes"": 136, ""known_wram_static_bytes"": 1032, ""largest_tensor_bytes"": 64, ""memory_budget_scope"": ""configured_modeled_budget_not_measured_runtime_occupancy"", ""mram_capacity_bytes"": 67108864, ""mram_dma_window_bytes_model"": 504, ""mram_dma_window_scope"": ""modeled_aligned_request_volume_not_physical_bus_bytes"", ""mram_max_region_payload_ratio"": 0.000244140625, ""mram_payload_pressure_ratio"": 0.000244140625, ""mram_payload_pressure_scope"": ""maximum_single_buffer_payload_divided_by_fixed_native_buffer_capacity"", ""mram_static_reservation_pressure_ratio"": 0.01171875, ""native_static_mram_reservation_bytes"": 786432, ""numeric_component_invocations"": 3, ""numeric_recombination_flops"": 0, ""numeric_representation_penalty"": 0.0, ""rejection_reasons"": [], ""task_mram_payload_bytes"": 104, ""tile_iterations"": 3, ""wram_budget_bytes"": 61440, ""wram_known_pressure_ratio"": 0.016796875}","{""dpu_to_host_payload_bytes"": 0.2916444806451303, ""estimated_flops"": 0.1881572079464174, ""host_completion_events"": 0.8613531161467861, ""host_to_dpu_payload_bytes"": 0.33800151668757117, ""mram_dma_window_bytes_model"": 0.26412106826809034, ""mram_payload_pressure_ratio"": 0.00035217748030102726, ""numeric_representation_penalty"": 0.0, ""tile_iterations"": 0.1999718400776083, ""wram_known_pressure_ratio"": 0.02403150151674986}",0.2624990547440262,3,True,False,modeled,False
research_benchmark_pack_v1,thesis_planner_semantic_v2_planner_compare,quantum_qrng_2q_semantic_v2,quantum,2,quantum_circuit,False,,4,4,2,4,4,opt_einsum.greedy,opt_einsum,external_path_optimizer,2197acf1524706bd82747388500c1b3a4fe50aefeb9d40cdf554575733b0b275,"{""engine"": ""opt_einsum"", ""opt_einsum_version"": ""3.4.0"", ""optimize"": ""greedy""}",,greedy,opt_einsum_contract_path,opt_einsum_internal,,,35250e96f1bc441c60d69d40777c6c3baccf45c09c65caee3e147286d573ac5d,7c57fefe2222a595031985d2220c0554a9754b7d36d8dcbb69c897078e929482,completed,,0.00011626800187514164,3,96,64,16,32,48,0,0,,3,1,0.0,1,1,upmem_pressure_v1,,,,upmem_path_cost_v2,balanced_literature_informed,"{""caps"": {""dpu_to_host_payload_bytes"": 1048576.0, ""estimated_flops"": 2147614720.0, ""host_completion_events"": 4.0, ""host_to_dpu_payload_bytes"": 2097152.0, ""mram_dma_window_bytes_model"": 17180917760.0, ""mram_payload_pressure_ratio"": 1.0, ""numeric_representation_penalty"": 3.0, ""tile_iterations"": 1024.0, ""wram_known_pressure_ratio"": 1.0}, ""normalization_id"": ""fixed_log1p_generic_budgets_v2"", ""transform"": ""log1p(value)/log1p(cap)""}","{""caps"": {""application_max_contracted_combinations"": 4096, ""application_max_rank"": 16, ""application_max_tensor_elements"": 65536, ""native_abi_max_tensor_elements"": 65536}, ""dpu_parallelism_model"": ""single_dpu_serial_tasks"", ""host_completion_model"": ""one_synchronous_dpu_launch_per_real_component"", ""host_dpu_transfer_model"": ""per_real_component_operand_upload_and_output_download_no_reuse"", ""input_element_bytes"": 4, ""memory_budget_source"": ""configured_generic_dpu_policy_v2"", ""mram_capacity_bytes"": 67108864, ""mram_wram_transfer_model"": ""aligned_scalar_read_windows_and_aligned_output_tile_writes"", ""numeric_contract"": ""real_float32_or_split_real_imag_v2"", ""output_element_bytes"": 4, ""output_tile_elements"": 256, ""policy_id"": ""generic_single_dpu_split_complex_v2"", ""wram_budget_bytes"": 61440}",True,[],24,16,32,64,32,96,224,24,3,0.0,0.016796875,3,16,64,32,224,3,3,3,0,32,786432,67108864,0.01171875,6.103515625e-05,6.103515625e-05,1032,61440,0.016796875,"{""dpu_to_host_payload_bytes"": 32, ""estimated_flops"": 24, ""feasibility"": true, ""host_completion_event_scope"": ""one_synchronous_dpu_launch_per_real_component"", ""host_completion_events"": 3, ""host_to_dpu_payload_bytes"": 64, ""known_wram_static_bytes"": 1032, ""largest_tensor_bytes"": 16, ""memory_budget_scope"": ""configured_modeled_budget_not_measured_runtime_occupancy"", ""mram_capacity_bytes"": 67108864, ""mram_dma_window_bytes_model"": 224, ""mram_dma_window_scope"": ""modeled_aligned_request_volume_not_physical_bus_bytes"", ""mram_max_region_payload_ratio"": 6.103515625e-05, ""mram_payload_pressure_ratio"": 6.103515625e-05, ""mram_payload_pressure_scope"": ""maximum_single_buffer_payload_divided_by_fixed_native_buffer_capacity"", ""mram_static_reservation_pressure_ratio"": 0.01171875, ""native_static_mram_reservation_bytes"": 786432, ""numeric_component_invocations"": 3, ""numeric_recombination_flops"": 0, ""numeric_representation_penalty"": 0.0, ""rejection_reasons"": [], ""task_mram_payload_bytes"": 32, ""tile_iterations"": 3, ""wram_budget_bytes"": 61440, ""wram_known_pressure_ratio"": 0.016796875}","{""dpu_to_host_payload_bytes"": 0.2522196886169667, ""estimated_flops"": 0.14980138707412663, ""host_completion_events"": 0.8613531161467861, ""host_to_dpu_payload_bytes"": 0.2867794102735318, ""mram_dma_window_bytes_model"": 0.2298164986851926, ""mram_payload_pressure_ratio"": 8.805243012217692e-05, ""numeric_representation_penalty"": 0.0, ""tile_iterations"": 0.1999718400776083, ""wram_known_pressure_ratio"": 0.02403150151674986}",0.23638142379335092,1,False,True,modeled,False
research_benchmark_pack_v1,thesis_planner_semantic_v2_planner_compare,quantum_quantization_stress_2q_semantic_v2,quantum,2,quantum_circuit,False,,7,8,4,16,7,opt_einsum.greedy,opt_einsum,external_path_optimizer,2197acf1524706bd82747388500c1b3a4fe50aefeb9d40cdf554575733b0b275,"{""engine"": ""opt_einsum"", ""opt_einsum_version"": ""3.4.0"", ""optimize"": ""greedy""}",,greedy,opt_einsum_contract_path,opt_einsum_internal,,,275b16e99f7525788e16bc990767afa18a3d2e214607d16dcb73647a1bab960b,3836d133dee26b7fc3076de9efd6c88299e351830b8296c3351513f9283f4ede,completed,,0.00021491200095624663,6,544,256,66,136,202,0,0,,6,1,0.3270676691729323,2,2,upmem_pressure_v1,,,,upmem_path_cost_v2,balanced_literature_informed,"{""caps"": {""dpu_to_host_payload_bytes"": 1048576.0, ""estimated_flops"": 2147614720.0, ""host_completion_events"": 4.0, ""host_to_dpu_payload_bytes"": 2097152.0, ""mram_dma_window_bytes_model"": 17180917760.0, ""mram_payload_pressure_ratio"": 1.0, ""numeric_representation_penalty"": 3.0, ""tile_iterations"": 1024.0, ""wram_known_pressure_ratio"": 1.0}, ""normalization_id"": ""fixed_log1p_generic_budgets_v2"", ""transform"": ""log1p(value)/log1p(cap)""}","{""caps"": {""application_max_contracted_combinations"": 4096, ""application_max_rank"": 16, ""application_max_tensor_elements"": 65536, ""native_abi_max_tensor_elements"": 65536}, ""dpu_parallelism_model"": ""single_dpu_serial_tasks"", ""host_completion_model"": ""one_synchronous_dpu_launch_per_real_component"", ""host_dpu_transfer_model"": ""per_real_component_operand_upload_and_output_download_no_reuse"", ""input_element_bytes"": 4, ""memory_budget_source"": ""configured_generic_dpu_policy_v2"", ""mram_capacity_bytes"": 67108864, ""mram_wram_transfer_model"": ""aligned_scalar_read_windows_and_aligned_output_tile_writes"", ""numeric_contract"": ""real_float32_or_split_real_imag_v2"", ""output_element_bytes"": 4, ""output_tile_elements"": 256, ""policy_id"": ""generic_single_dpu_split_complex_v2"", ""wram_budget_bytes"": 61440}",True,[],556,64,496,912,496,1408,4464,556,18,12.0,0.016796875,18,64,912,496,4464,18,18,18,60,144,786432,67108864,0.01171875,0.000244140625,0.000244140625,1032,61440,0.016796875,"{""dpu_to_host_payload_bytes"": 496, ""estimated_flops"": 556, ""feasibility"": true, ""host_completion_event_scope"": ""one_synchronous_dpu_launch_per_real_component"", ""host_completion_events"": 18, ""host_to_dpu_payload_bytes"": 912, ""known_wram_static_bytes"": 1032, ""largest_tensor_bytes"": 64, ""memory_budget_scope"": ""configured_modeled_budget_not_measured_runtime_occupancy"", ""mram_capacity_bytes"": 67108864, ""mram_dma_window_bytes_model"": 4464, ""mram_dma_window_scope"": ""modeled_aligned_request_volume_not_physical_bus_bytes"", ""mram_max_region_payload_ratio"": 0.000244140625, ""mram_payload_pressure_ratio"": 0.000244140625, ""mram_payload_pressure_scope"": ""maximum_single_buffer_payload_divided_by_fixed_native_buffer_capacity"", ""mram_static_reservation_pressure_ratio"": 0.01171875, ""native_static_mram_reservation_bytes"": 786432, ""numeric_component_invocations"": 18, ""numeric_recombination_flops"": 60, ""numeric_representation_penalty"": 12.0, ""rejection_reasons"": [], ""task_mram_payload_bytes"": 144, ""tile_iterations"": 18, ""wram_budget_bytes"": 61440, ""wram_known_pressure_ratio"": 0.016796875}","{""dpu_to_host_payload_bytes"": 0.4478550712688081, ""estimated_flops"": 0.2942421809162354, ""host_completion_events"": 1.8294828004351504, ""host_to_dpu_payload_bytes"": 0.4683081298962288, ""mram_dma_window_bytes_model"": 0.3566003841308305, ""mram_payload_pressure_ratio"": 0.00035217748030102726, ""numeric_representation_penalty"": 1.850219859070546, ""tile_iterations"": 0.42473294068980644, ""wram_known_pressure_ratio"": 0.02403150151674986}",0.6279456920380122,3,True,False,modeled,False
research_benchmark_pack_v1,thesis_planner_sensitivity_v2_planner_compare,quantum_bell_2q_sensitivity_v2,quantum,2,quantum_circuit,False,,4,5,4,16,4,opt_einsum.greedy,opt_einsum,external_path_optimizer,2197acf1524706bd82747388500c1b3a4fe50aefeb9d40cdf554575733b0b275,"{""engine"": ""opt_einsum"", ""opt_einsum_version"": ""3.4.0"", ""optimize"": ""greedy""}",,greedy,opt_einsum_contract_path,opt_einsum_internal,,,58355b9cb0c01e5cb4644c83c8f6ed4b8ed00c84eb07c322032ada9dae5ae687,5106a6f8f81ab3137907d102f4c7b0f34c55e03ceabda95bdddf93a01ff75aeb,completed,,0.00015837699902476743,3,224,128,34,56,90,0,0,,3,1,2.0,3,2,upmem_pressure_v1,,,,upmem_path_cost_v2,balanced_literature_informed,"{""caps"": {""dpu_to_host_payload_bytes"": 1048576.0, ""estimated_flops"": 2147614720.0, ""host_completion_events"": 4.0, ""host_to_dpu_payload_bytes"": 2097152.0, ""mram_dma_window_bytes_model"": 17180917760.0, ""mram_payload_pressure_ratio"": 1.0, ""numeric_representation_penalty"": 3.0, ""tile_iterations"": 1024.0, ""wram_known_pressure_ratio"": 1.0}, ""normalization_id"": ""fixed_log1p_generic_budgets_v2"", ""transform"": ""log1p(value)/log1p(cap)""}","{""caps"": {""application_max_contracted_combinations"": 4096, ""application_max_rank"": 16, ""application_max_tensor_elements"": 65536, ""native_abi_max_tensor_elements"": 65536}, ""dpu_parallelism_model"": ""single_dpu_serial_tasks"", ""host_completion_model"": ""one_synchronous_dpu_launch_per_real_component"", ""host_dpu_transfer_model"": ""per_real_component_operand_upload_and_output_download_no_reuse"", ""input_element_bytes"": 4, ""memory_budget_source"": ""configured_generic_dpu_policy_v2"", ""mram_capacity_bytes"": 67108864, ""mram_wram_transfer_model"": ""aligned_scalar_read_windows_and_aligned_output_tile_writes"", ""numeric_contract"": ""real_float32_or_split_real_imag_v2"", ""output_element_bytes"": 4, ""output_tile_elements"": 256, ""policy_id"": ""generic_single_dpu_split_complex_v2"", ""wram_budget_bytes"": 61440}",True,[],56,64,56,136,56,192,504,56,3,0.0,0.016796875,3,64,136,56,504,3,3,3,0,104,786432,67108864,0.01171875,0.000244140625,0.000244140625,1032,61440,0.016796875,"{""dpu_to_host_payload_bytes"": 56, ""estimated_flops"": 56, ""feasibility"": true, ""host_completion_event_scope"": ""one_synchronous_dpu_launch_per_real_component"", ""host_completion_events"": 3, ""host_to_dpu_payload_bytes"": 136, ""known_wram_static_bytes"": 1032, ""largest_tensor_bytes"": 64, ""memory_budget_scope"": ""configured_modeled_budget_not_measured_runtime_occupancy"", ""mram_capacity_bytes"": 67108864, ""mram_dma_window_bytes_model"": 504, ""mram_dma_window_scope"": ""modeled_aligned_request_volume_not_physical_bus_bytes"", ""mram_max_region_payload_ratio"": 0.000244140625, ""mram_payload_pressure_ratio"": 0.000244140625, ""mram_payload_pressure_scope"": ""maximum_single_buffer_payload_divided_by_fixed_native_buffer_capacity"", ""mram_static_reservation_pressure_ratio"": 0.01171875, ""native_static_mram_reservation_bytes"": 786432, ""numeric_component_invocations"": 3, ""numeric_recombination_flops"": 0, ""numeric_representation_penalty"": 0.0, ""rejection_reasons"": [], ""task_mram_payload_bytes"": 104, ""tile_iterations"": 3, ""wram_budget_bytes"": 61440, ""wram_known_pressure_ratio"": 0.016796875}","{""dpu_to_host_payload_bytes"": 0.2916444806451303, ""estimated_flops"": 0.1881572079464174, ""host_completion_events"": 0.8613531161467861, ""host_to_dpu_payload_bytes"": 0.33800151668757117, ""mram_dma_window_bytes_model"": 0.26412106826809034, ""mram_payload_pressure_ratio"": 0.00035217748030102726, ""numeric_representation_penalty"": 0.0, ""tile_iterations"": 0.1999718400776083, ""wram_known_pressure_ratio"": 0.02403150151674986}",0.2624990547440262,2,True,False,modeled,False
research_benchmark_pack_v1,thesis_planner_sensitivity_v2_planner_compare,quantum_qrng_2q_sensitivity_v2,quantum,2,quantum_circuit,False,,4,4,2,4,4,opt_einsum.greedy,opt_einsum,external_path_optimizer,2197acf1524706bd82747388500c1b3a4fe50aefeb9d40cdf554575733b0b275,"{""engine"": ""opt_einsum"", ""opt_einsum_version"": ""3.4.0"", ""optimize"": ""greedy""}",,greedy,opt_einsum_contract_path,opt_einsum_internal,,,35250e96f1bc441c60d69d40777c6c3baccf45c09c65caee3e147286d573ac5d,7c57fefe2222a595031985d2220c0554a9754b7d36d8dcbb69c897078e929482,completed,,0.00014404000103240833,3,96,64,16,32,48,0,0,,3,1,0.0,1,1,upmem_pressure_v1,,,,upmem_path_cost_v2,balanced_literature_informed,"{""caps"": {""dpu_to_host_payload_bytes"": 1048576.0, ""estimated_flops"": 2147614720.0, ""host_completion_events"": 4.0, ""host_to_dpu_payload_bytes"": 2097152.0, ""mram_dma_window_bytes_model"": 17180917760.0, ""mram_payload_pressure_ratio"": 1.0, ""numeric_representation_penalty"": 3.0, ""tile_iterations"": 1024.0, ""wram_known_pressure_ratio"": 1.0}, ""normalization_id"": ""fixed_log1p_generic_budgets_v2"", ""transform"": ""log1p(value)/log1p(cap)""}","{""caps"": {""application_max_contracted_combinations"": 4096, ""application_max_rank"": 16, ""application_max_tensor_elements"": 65536, ""native_abi_max_tensor_elements"": 65536}, ""dpu_parallelism_model"": ""single_dpu_serial_tasks"", ""host_completion_model"": ""one_synchronous_dpu_launch_per_real_component"", ""host_dpu_transfer_model"": ""per_real_component_operand_upload_and_output_download_no_reuse"", ""input_element_bytes"": 4, ""memory_budget_source"": ""configured_generic_dpu_policy_v2"", ""mram_capacity_bytes"": 67108864, ""mram_wram_transfer_model"": ""aligned_scalar_read_windows_and_aligned_output_tile_writes"", ""numeric_contract"": ""real_float32_or_split_real_imag_v2"", ""output_element_bytes"": 4, ""output_tile_elements"": 256, ""policy_id"": ""generic_single_dpu_split_complex_v2"", ""wram_budget_bytes"": 61440}",True,[],24,16,32,64,32,96,224,24,3,0.0,0.016796875,3,16,64,32,224,3,3,3,0,32,786432,67108864,0.01171875,6.103515625e-05,6.103515625e-05,1032,61440,0.016796875,"{""dpu_to_host_payload_bytes"": 32, ""estimated_flops"": 24, ""feasibility"": true, ""host_completion_event_scope"": ""one_synchronous_dpu_launch_per_real_component"", ""host_completion_events"": 3, ""host_to_dpu_payload_bytes"": 64, ""known_wram_static_bytes"": 1032, ""largest_tensor_bytes"": 16, ""memory_budget_scope"": ""configured_modeled_budget_not_measured_runtime_occupancy"", ""mram_capacity_bytes"": 67108864, ""mram_dma_window_bytes_model"": 224, ""mram_dma_window_scope"": ""modeled_aligned_request_volume_not_physical_bus_bytes"", ""mram_max_region_payload_ratio"": 6.103515625e-05, ""mram_payload_pressure_ratio"": 6.103515625e-05, ""mram_payload_pressure_scope"": ""maximum_single_buffer_payload_divided_by_fixed_native_buffer_capacity"", ""mram_static_reservation_pressure_ratio"": 0.01171875, ""native_static_mram_reservation_bytes"": 786432, ""numeric_component_invocations"": 3, ""numeric_recombination_flops"": 0, ""numeric_representation_penalty"": 0.0, ""rejection_reasons"": [], ""task_mram_payload_bytes"": 32, ""tile_iterations"": 3, ""wram_budget_bytes"": 61440, ""wram_known_pressure_ratio"": 0.016796875}","{""dpu_to_host_payload_bytes"": 0.2522196886169667, ""estimated_flops"": 0.14980138707412663, ""host_completion_events"": 0.8613531161467861, ""host_to_dpu_payload_bytes"": 0.2867794102735318, ""mram_dma_window_bytes_model"": 0.2298164986851926, ""mram_payload_pressure_ratio"": 8.805243012217692e-05, ""numeric_representation_penalty"": 0.0, ""tile_iterations"": 0.1999718400776083, ""wram_known_pressure_ratio"": 0.02403150151674986}",0.23638142379335092,1,False,True,modeled,False
research_benchmark_pack_v1,thesis_planner_semantic_v2_planner_compare,quantum_ghz_3q_semantic_v2,quantum,3,quantum_circuit,False,,6,8,4,16,6,cotengra.flops,cotengra,external_contraction_tree,29abf6127107d130856c0eaa87fbe850bf32d0d563501d9dac818edbc4b47437,"{""engine"": ""cotengra"", ""max_repeats"": 1, ""methods"": ""greedy"", ""objective"": ""flops"", ""on_trial_error"": ""raise"", ""optlib"": ""random"", ""parallel"": false, ""progbar"": false, ""seed"": 0}",,greedy,cotengra_flops,cotengra_contraction_tree,,,b59a8861d15a185abc938b8d21e94c047783d2f58dde5db68bd2f718c1084b63,1e75a84c69e55c450477be5aa6a98c47d1bd443dd6ad49b17f768adc0e312874,completed,,0.0002800539987219963,5,480,128,64,120,184,0,0,,5,1,0.0,1,1,upmem_pressure_v1,,,,upmem_path_cost_v2,balanced_literature_informed,"{""caps"": {""dpu_to_host_payload_bytes"": 1048576.0, ""estimated_flops"": 2147614720.0, ""host_completion_events"": 4.0, ""host_to_dpu_payload_bytes"": 2097152.0, ""mram_dma_window_bytes_model"": 17180917760.0, ""mram_payload_pressure_ratio"": 1.0, ""numeric_representation_penalty"": 3.0, ""tile_iterations"": 1024.0, ""wram_known_pressure_ratio"": 1.0}, ""normalization_id"": ""fixed_log1p_generic_budgets_v2"", ""transform"": ""log1p(value)/log1p(cap)""}","{""caps"": {""application_max_contracted_combinations"": 4096, ""application_max_rank"": 16, ""application_max_tensor_elements"": 65536, ""native_abi_max_tensor_elements"": 65536}, ""dpu_parallelism_model"": ""single_dpu_serial_tasks"", ""host_completion_model"": ""one_synchronous_dpu_launch_per_real_component"", ""host_dpu_transfer_model"": ""per_real_component_operand_upload_and_output_download_no_reuse"", ""input_element_bytes"": 4, ""memory_budget_source"": ""configured_generic_dpu_policy_v2"", ""mram_capacity_bytes"": 67108864, ""mram_wram_transfer_model"": ""aligned_scalar_read_windows_and_aligned_output_tile_writes"", ""numeric_contract"": ""real_float32_or_split_real_imag_v2"", ""output_element_bytes"": 4, ""output_tile_elements"": 256, ""policy_id"": ""generic_single_dpu_split_complex_v2"", ""wram_budget_bytes"": 61440}",True,[],120,64,120,256,120,376,1080,120,5,0.0,0.016796875,5,64,256,120,1080,5,5,5,0,104,786432,67108864,0.01171875,0.000244140625,0.000244140625,1032,61440,0.016796875,"{""dpu_to_host_payload_bytes"": 120, ""estimated_flops"": 120, ""feasibility"": true, ""host_completion_event_scope"": ""one_synchronous_dpu_launch_per_real_component"", ""host_completion_events"": 5, ""host_to_dpu_payload_bytes"": 256, ""known_wram_static_bytes"": 1032, ""largest_tensor_bytes"": 64, ""memory_budget_scope"": ""configured_modeled_budget_not_measured_runtime_occupancy"", ""mram_capacity_bytes"": 67108864, ""mram_dma_window_bytes_model"": 1080, ""mram_dma_window_scope"": ""modeled_aligned_request_volume_not_physical_bus_bytes"", ""mram_max_region_payload_ratio"": 0.000244140625, ""mram_payload_pressure_ratio"": 0.000244140625, ""mram_payload_pressure_scope"": ""maximum_single_buffer_payload_divided_by_fixed_native_buffer_capacity"", ""mram_static_reservation_pressure_ratio"": 0.01171875, ""native_static_mram_reservation_bytes"": 786432, ""numeric_component_invocations"": 5, ""numeric_recombination_flops"": 0, ""numeric_representation_penalty"": 0.0, ""rejection_reasons"": [], ""task_mram_payload_bytes"": 104, ""tile_iterations"": 5, ""wram_budget_bytes"": 61440, ""wram_known_pressure_ratio"": 0.016796875}","{""dpu_to_host_payload_bytes"": 0.3459431380652539, ""estimated_flops"": 0.22318850273660074, ""host_completion_events"": 1.1132827525593785, ""host_to_dpu_payload_bytes"": 0.38122020414004265, ""mram_dma_window_bytes_model"": 0.29641543257678227, ""mram_payload_pressure_ratio"": 0.00035217748030102726, ""numeric_representation_penalty"": 0.0, ""tile_iterations"": 0.2584598539004127, ""wram_known_pressure_ratio"": 0.02403150151674986}",0.31503085162458677,1,False,True,modeled,False
research_benchmark_pack_v1,thesis_planner_semantic_v2_planner_compare,quantum_bv_3q_semantic_v2,quantum,3,quantum_circuit,False,,11,13,4,16,11,cotengra.flops,cotengra,external_contraction_tree,29abf6127107d130856c0eaa87fbe850bf32d0d563501d9dac818edbc4b47437,"{""engine"": ""cotengra"", ""max_repeats"": 1, ""methods"": ""greedy"", ""objective"": ""flops"", ""on_trial_error"": ""raise"", ""optlib"": ""random"", ""parallel"": false, ""progbar"": false, ""seed"": 0}",,greedy,cotengra_flops,cotengra_contraction_tree,,,54c7da785672533eaab18291f52a290da0f6205ae879eabdfea657bec5582191,6b83fdd366d3d89a39d1afc12d085ef76103b5aaa20a1fce8c56b2174d2c8e9e,completed,,0.00044401099876267835,10,1632,256,156,408,564,0,0,,10,1,0.6428571428571428,2,2,upmem_pressure_v1,,,,upmem_path_cost_v2,balanced_literature_informed,"{""caps"": {""dpu_to_host_payload_bytes"": 1048576.0, ""estimated_flops"": 2147614720.0, ""host_completion_events"": 4.0, ""host_to_dpu_payload_bytes"": 2097152.0, ""mram_dma_window_bytes_model"": 17180917760.0, ""mram_payload_pressure_ratio"": 1.0, ""numeric_representation_penalty"": 3.0, ""tile_iterations"": 1024.0, ""wram_known_pressure_ratio"": 1.0}, ""normalization_id"": ""fixed_log1p_generic_budgets_v2"", ""transform"": ""log1p(value)/log1p(cap)""}","{""caps"": {""application_max_contracted_combinations"": 4096, ""application_max_rank"": 16, ""application_max_tensor_elements"": 65536, ""native_abi_max_tensor_elements"": 65536}, ""dpu_parallelism_model"": ""single_dpu_serial_tasks"", ""host_completion_model"": ""one_synchronous_dpu_launch_per_real_component"", ""host_dpu_transfer_model"": ""per_real_component_operand_upload_and_output_download_no_reuse"", ""input_element_bytes"": 4, ""memory_budget_source"": ""configured_generic_dpu_policy_v2"", ""mram_capacity_bytes"": 67108864, ""mram_wram_transfer_model"": ""aligned_scalar_read_windows_and_aligned_output_tile_writes"", ""numeric_contract"": ""real_float32_or_split_real_imag_v2"", ""output_element_bytes"": 4, ""output_tile_elements"": 256, ""policy_id"": ""generic_single_dpu_split_complex_v2"", ""wram_budget_bytes"": 61440}",True,[],408,64,408,624,408,1032,3672,408,10,0.0,0.016796875,10,64,624,408,3672,10,10,10,0,144,786432,67108864,0.01171875,0.000244140625,0.000244140625,1032,61440,0.016796875,"{""dpu_to_host_payload_bytes"": 408, ""estimated_flops"": 408, ""feasibility"": true, ""host_completion_event_scope"": ""one_synchronous_dpu_launch_per_real_component"", ""host_completion_events"": 10, ""host_to_dpu_payload_bytes"": 624, ""known_wram_static_bytes"": 1032, ""largest_tensor_bytes"": 64, ""memory_budget_scope"": ""configured_modeled_budget_not_measured_runtime_occupancy"", ""mram_capacity_bytes"": 67108864, ""mram_dma_window_bytes_model"": 3672, ""mram_dma_window_scope"": ""modeled_aligned_request_volume_not_physical_bus_bytes"", ""mram_max_region_payload_ratio"": 0.000244140625, ""mram_payload_pressure_ratio"": 0.000244140625, ""mram_payload_pressure_scope"": ""maximum_single_buffer_payload_divided_by_fixed_native_buffer_capacity"", ""mram_static_reservation_pressure_ratio"": 0.01171875, ""native_static_mram_reservation_bytes"": 786432, ""numeric_component_invocations"": 10, ""numeric_recombination_flops"": 0, ""numeric_representation_penalty"": 0.0, ""rejection_reasons"": [], ""task_mram_payload_bytes"": 144, ""tile_iterations"": 10, ""wram_budget_bytes"": 61440, ""wram_known_pressure_ratio"": 0.016796875}","{""dpu_to_host_payload_bytes"": 0.43379782180482196, ""estimated_flops"": 0.27986878676215976, ""host_completion_events"": 1.4898961024049782, ""host_to_dpu_payload_bytes"": 0.442272003585575, ""mram_dma_window_bytes_model"": 0.3483150738445209, ""mram_payload_pressure_ratio"": 0.00035217748030102726, ""numeric_representation_penalty"": 0.0, ""tile_iterations"": 0.34589445320077966, ""wram_known_pressure_ratio"": 0.02403150151674986}",0.3951644199379108,3,True,False,modeled,False
research_benchmark_pack_v1,thesis_planner_sensitivity_v2_planner_compare,quantum_ghz_3q_sensitivity_v2,quantum,3,quantum_circuit,False,,6,8,4,16,6,cotengra.flops,cotengra,external_contraction_tree,29abf6127107d130856c0eaa87fbe850bf32d0d563501d9dac818edbc4b47437,"{""engine"": ""cotengra"", ""max_repeats"": 1, ""methods"": ""greedy"", ""objective"": ""flops"", ""on_trial_error"": ""raise"", ""optlib"": ""random"", ""parallel"": false, ""progbar"": false, ""seed"": 0}",,greedy,cotengra_flops,cotengra_contraction_tree,,,b59a8861d15a185abc938b8d21e94c047783d2f58dde5db68bd2f718c1084b63,1e75a84c69e55c450477be5aa6a98c47d1bd443dd6ad49b17f768adc0e312874,completed,,0.00030253600198193453,5,480,128,64,120,184,0,0,,5,1,0.0,1,1,upmem_pressure_v1,,,,upmem_path_cost_v2,balanced_literature_informed,"{""caps"": {""dpu_to_host_payload_bytes"": 1048576.0, ""estimated_flops"": 2147614720.0, ""host_completion_events"": 4.0, ""host_to_dpu_payload_bytes"": 2097152.0, ""mram_dma_window_bytes_model"": 17180917760.0, ""mram_payload_pressure_ratio"": 1.0, ""numeric_representation_penalty"": 3.0, ""tile_iterations"": 1024.0, ""wram_known_pressure_ratio"": 1.0}, ""normalization_id"": ""fixed_log1p_generic_budgets_v2"", ""transform"": ""log1p(value)/log1p(cap)""}","{""caps"": {""application_max_contracted_combinations"": 4096, ""application_max_rank"": 16, ""application_max_tensor_elements"": 65536, ""native_abi_max_tensor_elements"": 65536}, ""dpu_parallelism_model"": ""single_dpu_serial_tasks"", ""host_completion_model"": ""one_synchronous_dpu_launch_per_real_component"", ""host_dpu_transfer_model"": ""per_real_component_operand_upload_and_output_download_no_reuse"", ""input_element_bytes"": 4, ""memory_budget_source"": ""configured_generic_dpu_policy_v2"", ""mram_capacity_bytes"": 67108864, ""mram_wram_transfer_model"": ""aligned_scalar_read_windows_and_aligned_output_tile_writes"", ""numeric_contract"": ""real_float32_or_split_real_imag_v2"", ""output_element_bytes"": 4, ""output_tile_elements"": 256, ""policy_id"": ""generic_single_dpu_split_complex_v2"", ""wram_budget_bytes"": 61440}",True,[],120,64,120,256,120,376,1080,120,5,0.0,0.016796875,5,64,256,120,1080,5,5,5,0,104,786432,67108864,0.01171875,0.000244140625,0.000244140625,1032,61440,0.016796875,"{""dpu_to_host_payload_bytes"": 120, ""estimated_flops"": 120, ""feasibility"": true, ""host_completion_event_scope"": ""one_synchronous_dpu_launch_per_real_component"", ""host_completion_events"": 5, ""host_to_dpu_payload_bytes"": 256, ""known_wram_static_bytes"": 1032, ""largest_tensor_bytes"": 64, ""memory_budget_scope"": ""configured_modeled_budget_not_measured_runtime_occupancy"", ""mram_capacity_bytes"": 67108864, ""mram_dma_window_bytes_model"": 1080, ""mram_dma_window_scope"": ""modeled_aligned_request_volume_not_physical_bus_bytes"", ""mram_max_region_payload_ratio"": 0.000244140625, ""mram_payload_pressure_ratio"": 0.000244140625, ""mram_payload_pressure_scope"": ""maximum_single_buffer_payload_divided_by_fixed_native_buffer_capacity"", ""mram_static_reservation_pressure_ratio"": 0.01171875, ""native_static_mram_reservation_bytes"": 786432, ""numeric_component_invocations"": 5, ""numeric_recombination_flops"": 0, ""numeric_representation_penalty"": 0.0, ""rejection_reasons"": [], ""task_mram_payload_bytes"": 104, ""tile_iterations"": 5, ""wram_budget_bytes"": 61440, ""wram_known_pressure_ratio"": 0.016796875}","{""dpu_to_host_payload_bytes"": 0.3459431380652539, ""estimated_flops"": 0.22318850273660074, ""host_completion_events"": 1.1132827525593785, ""host_to_dpu_payload_bytes"": 0.38122020414004265, ""mram_dma_window_bytes_model"": 0.29641543257678227, ""mram_payload_pressure_ratio"": 0.00035217748030102726, ""numeric_representation_penalty"": 0.0, ""tile_iterations"": 0.2584598539004127, ""wram_known_pressure_ratio"": 0.02403150151674986}",0.31503085162458677,1,False,True,modeled,False
research_benchmark_pack_v1,thesis_planner_sensitivity_v2_planner_compare,quantum_bv_3q_sensitivity_v2,quantum,3,quantum_circuit,False,,11,13,4,16,11,cotengra.flops,cotengra,external_contraction_tree,29abf6127107d130856c0eaa87fbe850bf32d0d563501d9dac818edbc4b47437,"{""engine"": ""cotengra"", ""max_repeats"": 1, ""methods"": ""greedy"", ""objective"": ""flops"", ""on_trial_error"": ""raise"", ""optlib"": ""random"", ""parallel"": false, ""progbar"": false, ""seed"": 0}",,greedy,cotengra_flops,cotengra_contraction_tree,,,54c7da785672533eaab18291f52a290da0f6205ae879eabdfea657bec5582191,6b83fdd366d3d89a39d1afc12d085ef76103b5aaa20a1fce8c56b2174d2c8e9e,completed,,0.00038558099913643673,10,1632,256,156,408,564,0,0,,10,1,0.6428571428571428,3,3,upmem_pressure_v1,,,,upmem_path_cost_v2,balanced_literature_informed,"{""caps"": {""dpu_to_host_payload_bytes"": 1048576.0, ""estimated_flops"": 2147614720.0, ""host_completion_events"": 4.0, ""host_to_dpu_payload_bytes"": 2097152.0, ""mram_dma_window_bytes_model"": 17180917760.0, ""mram_payload_pressure_ratio"": 1.0, ""numeric_representation_penalty"": 3.0, ""tile_iterations"": 1024.0, ""wram_known_pressure_ratio"": 1.0}, ""normalization_id"": ""fixed_log1p_generic_budgets_v2"", ""transform"": ""log1p(value)/log1p(cap)""}","{""caps"": {""application_max_contracted_combinations"": 4096, ""application_max_rank"": 16, ""application_max_tensor_elements"": 65536, ""native_abi_max_tensor_elements"": 65536}, ""dpu_parallelism_model"": ""single_dpu_serial_tasks"", ""host_completion_model"": ""one_synchronous_dpu_launch_per_real_component"", ""host_dpu_transfer_model"": ""per_real_component_operand_upload_and_output_download_no_reuse"", ""input_element_bytes"": 4, ""memory_budget_source"": ""configured_generic_dpu_policy_v2"", ""mram_capacity_bytes"": 67108864, ""mram_wram_transfer_model"": ""aligned_scalar_read_windows_and_aligned_output_tile_writes"", ""numeric_contract"": ""real_float32_or_split_real_imag_v2"", ""output_element_bytes"": 4, ""output_tile_elements"": 256, ""policy_id"": ""generic_single_dpu_split_complex_v2"", ""wram_budget_bytes"": 61440}",True,[],408,64,408,624,408,1032,3672,408,10,0.0,0.016796875,10,64,624,408,3672,10,10,10,0,144,786432,67108864,0.01171875,0.000244140625,0.000244140625,1032,61440,0.016796875,"{""dpu_to_host_payload_bytes"": 408, ""estimated_flops"": 408, ""feasibility"": true, ""host_completion_event_scope"": ""one_synchronous_dpu_launch_per_real_component"", ""host_completion_events"": 10, ""host_to_dpu_payload_bytes"": 624, ""known_wram_static_bytes"": 1032, ""largest_tensor_bytes"": 64, ""memory_budget_scope"": ""configured_modeled_budget_not_measured_runtime_occupancy"", ""mram_capacity_bytes"": 67108864, ""mram_dma_window_bytes_model"": 3672, ""mram_dma_window_scope"": ""modeled_aligned_request_volume_not_physical_bus_bytes"", ""mram_max_region_payload_ratio"": 0.000244140625, ""mram_payload_pressure_ratio"": 0.000244140625, ""mram_payload_pressure_scope"": ""maximum_single_buffer_payload_divided_by_fixed_native_buffer_capacity"", ""mram_static_reservation_pressure_ratio"": 0.01171875, ""native_static_mram_reservation_bytes"": 786432, ""numeric_component_invocations"": 10, ""numeric_recombination_flops"": 0, ""numeric_representation_penalty"": 0.0, ""rejection_reasons"": [], ""task_mram_payload_bytes"": 144, ""tile_iterations"": 10, ""wram_budget_bytes"": 61440, ""wram_known_pressure_ratio"": 0.016796875}","{""dpu_to_host_payload_bytes"": 0.43379782180482196, ""estimated_flops"": 0.27986878676215976, ""host_completion_events"": 1.4898961024049782, ""host_to_dpu_payload_bytes"": 0.442272003585575, ""mram_dma_window_bytes_model"": 0.3483150738445209, ""mram_payload_pressure_ratio"": 0.00035217748030102726, ""numeric_representation_penalty"": 0.0, ""tile_iterations"": 0.34589445320077966, ""wram_known_pressure_ratio"": 0.02403150151674986}",0.3951644199379108,2,True,False,modeled,False
research_benchmark_pack_v1,thesis_planner_semantic_v2_planner_compare,quantum_ghz_3q_semantic_v2,quantum,3,quantum_circuit,False,,6,8,4,16,6,cotengra.size,cotengra,external_contraction_tree,e9852bf700905b31e3be67ba9bb323fddcf0304d58266d028aec042719273fd7,"{""engine"": ""cotengra"", ""max_repeats"": 1, ""methods"": ""greedy"", ""objective"": ""size"", ""on_trial_error"": ""raise"", ""optlib"": ""random"", ""parallel"": false, ""progbar"": false, ""seed"": 0}",,greedy,cotengra_size,cotengra_contraction_tree,,,493a48d92417404fd2ba2dbb670ad3f98574b802c4bad1a640522aebff2d7f24,1e75a84c69e55c450477be5aa6a98c47d1bd443dd6ad49b17f768adc0e312874,completed,,0.00029100400206516497,5,480,128,64,120,184,0,0,,5,1,0.0,1,1,upmem_pressure_v1,,,,upmem_path_cost_v2,balanced_literature_informed,"{""caps"": {""dpu_to_host_payload_bytes"": 1048576.0, ""estimated_flops"": 2147614720.0, ""host_completion_events"": 4.0, ""host_to_dpu_payload_bytes"": 2097152.0, ""mram_dma_window_bytes_model"": 17180917760.0, ""mram_payload_pressure_ratio"": 1.0, ""numeric_representation_penalty"": 3.0, ""tile_iterations"": 1024.0, ""wram_known_pressure_ratio"": 1.0}, ""normalization_id"": ""fixed_log1p_generic_budgets_v2"", ""transform"": ""log1p(value)/log1p(cap)""}","{""caps"": {""application_max_contracted_combinations"": 4096, ""application_max_rank"": 16, ""application_max_tensor_elements"": 65536, ""native_abi_max_tensor_elements"": 65536}, ""dpu_parallelism_model"": ""single_dpu_serial_tasks"", ""host_completion_model"": ""one_synchronous_dpu_launch_per_real_component"", ""host_dpu_transfer_model"": ""per_real_component_operand_upload_and_output_download_no_reuse"", ""input_element_bytes"": 4, ""memory_budget_source"": ""configured_generic_dpu_policy_v2"", ""mram_capacity_bytes"": 67108864, ""mram_wram_transfer_model"": ""aligned_scalar_read_windows_and_aligned_output_tile_writes"", ""numeric_contract"": ""real_float32_or_split_real_imag_v2"", ""output_element_bytes"": 4, ""output_tile_elements"": 256, ""policy_id"": ""generic_single_dpu_split_complex_v2"", ""wram_budget_bytes"": 61440}",True,[],120,64,120,256,120,376,1080,120,5,0.0,0.016796875,5,64,256,120,1080,5,5,5,0,104,786432,67108864,0.01171875,0.000244140625,0.000244140625,1032,61440,0.016796875,"{""dpu_to_host_payload_bytes"": 120, ""estimated_flops"": 120, ""feasibility"": true, ""host_completion_event_scope"": ""one_synchronous_dpu_launch_per_real_component"", ""host_completion_events"": 5, ""host_to_dpu_payload_bytes"": 256, ""known_wram_static_bytes"": 1032, ""largest_tensor_bytes"": 64, ""memory_budget_scope"": ""configured_modeled_budget_not_measured_runtime_occupancy"", ""mram_capacity_bytes"": 67108864, ""mram_dma_window_bytes_model"": 1080, ""mram_dma_window_scope"": ""modeled_aligned_request_volume_not_physical_bus_bytes"", ""mram_max_region_payload_ratio"": 0.000244140625, ""mram_payload_pressure_ratio"": 0.000244140625, ""mram_payload_pressure_scope"": ""maximum_single_buffer_payload_divided_by_fixed_native_buffer_capacity"", ""mram_static_reservation_pressure_ratio"": 0.01171875, ""native_static_mram_reservation_bytes"": 786432, ""numeric_component_invocations"": 5, ""numeric_recombination_flops"": 0, ""numeric_representation_penalty"": 0.0, ""rejection_reasons"": [], ""task_mram_payload_bytes"": 104, ""tile_iterations"": 5, ""wram_budget_bytes"": 61440, ""wram_known_pressure_ratio"": 0.016796875}","{""dpu_to_host_payload_bytes"": 0.3459431380652539, ""estimated_flops"": 0.22318850273660074, ""host_completion_events"": 1.1132827525593785, ""host_to_dpu_payload_bytes"": 0.38122020414004265, ""mram_dma_window_bytes_model"": 0.29641543257678227, ""mram_payload_pressure_ratio"": 0.00035217748030102726, ""numeric_representation_penalty"": 0.0, ""tile_iterations"": 0.2584598539004127, ""wram_known_pressure_ratio"": 0.02403150151674986}",0.31503085162458677,1,False,True,modeled,False
research_benchmark_pack_v1,thesis_planner_semantic_v2_planner_compare,quantum_bv_3q_semantic_v2,quantum,3,quantum_circuit,False,,11,13,4,16,11,cotengra.size,cotengra,external_contraction_tree,e9852bf700905b31e3be67ba9bb323fddcf0304d58266d028aec042719273fd7,"{""engine"": ""cotengra"", ""max_repeats"": 1, ""methods"": ""greedy"", ""objective"": ""size"", ""on_trial_error"": ""raise"", ""optlib"": ""random"", ""parallel"": false, ""progbar"": false, ""seed"": 0}",,greedy,cotengra_size,cotengra_contraction_tree,,,6add646f5d99a45910caad072fd982bcd223d47445af752b5a6648d0d6ac9d0f,6b83fdd366d3d89a39d1afc12d085ef76103b5aaa20a1fce8c56b2174d2c8e9e,completed,,0.00038012100048945285,10,1632,256,156,408,564,0,0,,10,1,0.6428571428571428,2,2,upmem_pressure_v1,,,,upmem_path_cost_v2,balanced_literature_informed,"{""caps"": {""dpu_to_host_payload_bytes"": 1048576.0, ""estimated_flops"": 2147614720.0, ""host_completion_events"": 4.0, ""host_to_dpu_payload_bytes"": 2097152.0, ""mram_dma_window_bytes_model"": 17180917760.0, ""mram_payload_pressure_ratio"": 1.0, ""numeric_representation_penalty"": 3.0, ""tile_iterations"": 1024.0, ""wram_known_pressure_ratio"": 1.0}, ""normalization_id"": ""fixed_log1p_generic_budgets_v2"", ""transform"": ""log1p(value)/log1p(cap)""}","{""caps"": {""application_max_contracted_combinations"": 4096, ""application_max_rank"": 16, ""application_max_tensor_elements"": 65536, ""native_abi_max_tensor_elements"": 65536}, ""dpu_parallelism_model"": ""single_dpu_serial_tasks"", ""host_completion_model"": ""one_synchronous_dpu_launch_per_real_component"", ""host_dpu_transfer_model"": ""per_real_component_operand_upload_and_output_download_no_reuse"", ""input_element_bytes"": 4, ""memory_budget_source"": ""configured_generic_dpu_policy_v2"", ""mram_capacity_bytes"": 67108864, ""mram_wram_transfer_model"": ""aligned_scalar_read_windows_and_aligned_output_tile_writes"", ""numeric_contract"": ""real_float32_or_split_real_imag_v2"", ""output_element_bytes"": 4, ""output_tile_elements"": 256, ""policy_id"": ""generic_single_dpu_split_complex_v2"", ""wram_budget_bytes"": 61440}",True,[],408,64,408,624,408,1032,3672,408,10,0.0,0.016796875,10,64,624,408,3672,10,10,10,0,144,786432,67108864,0.01171875,0.000244140625,0.000244140625,1032,61440,0.016796875,"{""dpu_to_host_payload_bytes"": 408, ""estimated_flops"": 408, ""feasibility"": true, ""host_completion_event_scope"": ""one_synchronous_dpu_launch_per_real_component"", ""host_completion_events"": 10, ""host_to_dpu_payload_bytes"": 624, ""known_wram_static_bytes"": 1032, ""largest_tensor_bytes"": 64, ""memory_budget_scope"": ""configured_modeled_budget_not_measured_runtime_occupancy"", ""mram_capacity_bytes"": 67108864, ""mram_dma_window_bytes_model"": 3672, ""mram_dma_window_scope"": ""modeled_aligned_request_volume_not_physical_bus_bytes"", ""mram_max_region_payload_ratio"": 0.000244140625, ""mram_payload_pressure_ratio"": 0.000244140625, ""mram_payload_pressure_scope"": ""maximum_single_buffer_payload_divided_by_fixed_native_buffer_capacity"", ""mram_static_reservation_pressure_ratio"": 0.01171875, ""native_static_mram_reservation_bytes"": 786432, ""numeric_component_invocations"": 10, ""numeric_recombination_flops"": 0, ""numeric_representation_penalty"": 0.0, ""rejection_reasons"": [], ""task_mram_payload_bytes"": 144, ""tile_iterations"": 10, ""wram_budget_bytes"": 61440, ""wram_known_pressure_ratio"": 0.016796875}","{""dpu_to_host_payload_bytes"": 0.43379782180482196, ""estimated_flops"": 0.27986878676215976, ""host_completion_events"": 1.4898961024049782, ""host_to_dpu_payload_bytes"": 0.442272003585575, ""mram_dma_window_bytes_model"": 0.3483150738445209, ""mram_payload_pressure_ratio"": 0.00035217748030102726, ""numeric_representation_penalty"": 0.0, ""tile_iterations"": 0.34589445320077966, ""wram_known_pressure_ratio"": 0.02403150151674986}",0.3951644199379108,3,True,False,modeled,False
research_benchmark_pack_v1,thesis_planner_sensitivity_v2_planner_compare,quantum_ghz_3q_sensitivity_v2,quantum,3,quantum_circuit,False,,6,8,4,16,6,cotengra.size,cotengra,external_contraction_tree,e9852bf700905b31e3be67ba9bb323fddcf0304d58266d028aec042719273fd7,"{""engine"": ""cotengra"", ""max_repeats"": 1, ""methods"": ""greedy"", ""objective"": ""size"", ""on_trial_error"": ""raise"", ""optlib"": ""random"", ""parallel"": false, ""progbar"": false, ""seed"": 0}",,greedy,cotengra_size,cotengra_contraction_tree,,,493a48d92417404fd2ba2dbb670ad3f98574b802c4bad1a640522aebff2d7f24,1e75a84c69e55c450477be5aa6a98c47d1bd443dd6ad49b17f768adc0e312874,completed,,0.00025441599791520275,5,480,128,64,120,184,0,0,,5,1,0.0,1,1,upmem_pressure_v1,,,,upmem_path_cost_v2,balanced_literature_informed,"{""caps"": {""dpu_to_host_payload_bytes"": 1048576.0, ""estimated_flops"": 2147614720.0, ""host_completion_events"": 4.0, ""host_to_dpu_payload_bytes"": 2097152.0, ""mram_dma_window_bytes_model"": 17180917760.0, ""mram_payload_pressure_ratio"": 1.0, ""numeric_representation_penalty"": 3.0, ""tile_iterations"": 1024.0, ""wram_known_pressure_ratio"": 1.0}, ""normalization_id"": ""fixed_log1p_generic_budgets_v2"", ""transform"": ""log1p(value)/log1p(cap)""}","{""caps"": {""application_max_contracted_combinations"": 4096, ""application_max_rank"": 16, ""application_max_tensor_elements"": 65536, ""native_abi_max_tensor_elements"": 65536}, ""dpu_parallelism_model"": ""single_dpu_serial_tasks"", ""host_completion_model"": ""one_synchronous_dpu_launch_per_real_component"", ""host_dpu_transfer_model"": ""per_real_component_operand_upload_and_output_download_no_reuse"", ""input_element_bytes"": 4, ""memory_budget_source"": ""configured_generic_dpu_policy_v2"", ""mram_capacity_bytes"": 67108864, ""mram_wram_transfer_model"": ""aligned_scalar_read_windows_and_aligned_output_tile_writes"", ""numeric_contract"": ""real_float32_or_split_real_imag_v2"", ""output_element_bytes"": 4, ""output_tile_elements"": 256, ""policy_id"": ""generic_single_dpu_split_complex_v2"", ""wram_budget_bytes"": 61440}",True,[],120,64,120,256,120,376,1080,120,5,0.0,0.016796875,5,64,256,120,1080,5,5,5,0,104,786432,67108864,0.01171875,0.000244140625,0.000244140625,1032,61440,0.016796875,"{""dpu_to_host_payload_bytes"": 120, ""estimated_flops"": 120, ""feasibility"": true, ""host_completion_event_scope"": ""one_synchronous_dpu_launch_per_real_component"", ""host_completion_events"": 5, ""host_to_dpu_payload_bytes"": 256, ""known_wram_static_bytes"": 1032, ""largest_tensor_bytes"": 64, ""memory_budget_scope"": ""configured_modeled_budget_not_measured_runtime_occupancy"", ""mram_capacity_bytes"": 67108864, ""mram_dma_window_bytes_model"": 1080, ""mram_dma_window_scope"": ""modeled_aligned_request_volume_not_physical_bus_bytes"", ""mram_max_region_payload_ratio"": 0.000244140625, ""mram_payload_pressure_ratio"": 0.000244140625, ""mram_payload_pressure_scope"": ""maximum_single_buffer_payload_divided_by_fixed_native_buffer_capacity"", ""mram_static_reservation_pressure_ratio"": 0.01171875, ""native_static_mram_reservation_bytes"": 786432, ""numeric_component_invocations"": 5, ""numeric_recombination_flops"": 0, ""numeric_representation_penalty"": 0.0, ""rejection_reasons"": [], ""task_mram_payload_bytes"": 104, ""tile_iterations"": 5, ""wram_budget_bytes"": 61440, ""wram_known_pressure_ratio"": 0.016796875}","{""dpu_to_host_payload_bytes"": 0.3459431380652539, ""estimated_flops"": 0.22318850273660074, ""host_completion_events"": 1.1132827525593785, ""host_to_dpu_payload_bytes"": 0.38122020414004265, ""mram_dma_window_bytes_model"": 0.29641543257678227, ""mram_payload_pressure_ratio"": 0.00035217748030102726, ""numeric_representation_penalty"": 0.0, ""tile_iterations"": 0.2584598539004127, ""wram_known_pressure_ratio"": 0.02403150151674986}",0.31503085162458677,1,False,True,modeled,False
research_benchmark_pack_v1,thesis_planner_sensitivity_v2_planner_compare,quantum_bv_3q_sensitivity_v2,quantum,3,quantum_circuit,False,,11,13,4,16,11,cotengra.size,cotengra,external_contraction_tree,e9852bf700905b31e3be67ba9bb323fddcf0304d58266d028aec042719273fd7,"{""engine"": ""cotengra"", ""max_repeats"": 1, ""methods"": ""greedy"", ""objective"": ""size"", ""on_trial_error"": ""raise"", ""optlib"": ""random"", ""parallel"": false, ""progbar"": false, ""seed"": 0}",,greedy,cotengra_size,cotengra_contraction_tree,,,6add646f5d99a45910caad072fd982bcd223d47445af752b5a6648d0d6ac9d0f,6b83fdd366d3d89a39d1afc12d085ef76103b5aaa20a1fce8c56b2174d2c8e9e,completed,,0.0003808129986282438,10,1632,256,156,408,564,0,0,,10,1,0.6428571428571428,3,3,upmem_pressure_v1,,,,upmem_path_cost_v2,balanced_literature_informed,"{""caps"": {""dpu_to_host_payload_bytes"": 1048576.0, ""estimated_flops"": 2147614720.0, ""host_completion_events"": 4.0, ""host_to_dpu_payload_bytes"": 2097152.0, ""mram_dma_window_bytes_model"": 17180917760.0, ""mram_payload_pressure_ratio"": 1.0, ""numeric_representation_penalty"": 3.0, ""tile_iterations"": 1024.0, ""wram_known_pressure_ratio"": 1.0}, ""normalization_id"": ""fixed_log1p_generic_budgets_v2"", ""transform"": ""log1p(value)/log1p(cap)""}","{""caps"": {""application_max_contracted_combinations"": 4096, ""application_max_rank"": 16, ""application_max_tensor_elements"": 65536, ""native_abi_max_tensor_elements"": 65536}, ""dpu_parallelism_model"": ""single_dpu_serial_tasks"", ""host_completion_model"": ""one_synchronous_dpu_launch_per_real_component"", ""host_dpu_transfer_model"": ""per_real_component_operand_upload_and_output_download_no_reuse"", ""input_element_bytes"": 4, ""memory_budget_source"": ""configured_generic_dpu_policy_v2"", ""mram_capacity_bytes"": 67108864, ""mram_wram_transfer_model"": ""aligned_scalar_read_windows_and_aligned_output_tile_writes"", ""numeric_contract"": ""real_float32_or_split_real_imag_v2"", ""output_element_bytes"": 4, ""output_tile_elements"": 256, ""policy_id"": ""generic_single_dpu_split_complex_v2"", ""wram_budget_bytes"": 61440}",True,[],408,64,408,624,408,1032,3672,408,10,0.0,0.016796875,10,64,624,408,3672,10,10,10,0,144,786432,67108864,0.01171875,0.000244140625,0.000244140625,1032,61440,0.016796875,"{""dpu_to_host_payload_bytes"": 408, ""estimated_flops"": 408, ""feasibility"": true, ""host_completion_event_scope"": ""one_synchronous_dpu_launch_per_real_component"", ""host_completion_events"": 10, ""host_to_dpu_payload_bytes"": 624, ""known_wram_static_bytes"": 1032, ""largest_tensor_bytes"": 64, ""memory_budget_scope"": ""configured_modeled_budget_not_measured_runtime_occupancy"", ""mram_capacity_bytes"": 67108864, ""mram_dma_window_bytes_model"": 3672, ""mram_dma_window_scope"": ""modeled_aligned_request_volume_not_physical_bus_bytes"", ""mram_max_region_payload_ratio"": 0.000244140625, ""mram_payload_pressure_ratio"": 0.000244140625, ""mram_payload_pressure_scope"": ""maximum_single_buffer_payload_divided_by_fixed_native_buffer_capacity"", ""mram_static_reservation_pressure_ratio"": 0.01171875, ""native_static_mram_reservation_bytes"": 786432, ""numeric_component_invocations"": 10, ""numeric_recombination_flops"": 0, ""numeric_representation_penalty"": 0.0, ""rejection_reasons"": [], ""task_mram_payload_bytes"": 144, ""tile_iterations"": 10, ""wram_budget_bytes"": 61440, ""wram_known_pressure_ratio"": 0.016796875}","{""dpu_to_host_payload_bytes"": 0.43379782180482196, ""estimated_flops"": 0.27986878676215976, ""host_completion_events"": 1.4898961024049782, ""host_to_dpu_payload_bytes"": 0.442272003585575, ""mram_dma_window_bytes_model"": 0.3483150738445209, ""mram_payload_pressure_ratio"": 0.00035217748030102726, ""numeric_representation_penalty"": 0.0, ""tile_iterations"": 0.34589445320077966, ""wram_known_pressure_ratio"": 0.02403150151674986}",0.3951644199379108,2,True,False,modeled,False
research_benchmark_pack_v1,thesis_planner_semantic_v2_planner_compare,quantum_ghz_3q_semantic_v2,quantum,3,quantum_circuit,False,,6,8,4,16,6,custom_upmem.greedy.v2.balanced_literature_informed,custom_upmem,native_target_projected_prefix_greedy,732e5d6ce69eb7f899d95e1d4a3ba1c390eb63c7f748cdd8667ef363f7fa7de4,"{""algorithm"": ""greedy"", ""engine"": ""custom_upmem"", ""execution_policy"": ""generic_single_dpu_split_complex_v2"", ""normalization"": ""fixed_log1p_generic_budgets_v2"", ""numeric_contract"": ""real_float32_or_split_real_imag_v2"", ""objective_version"": ""upmem_path_cost_v2"", ""selection_scope"": ""projected_prefix"", ""weight_profile"": ""balanced_literature_informed""}",projected_prefix,greedy,upmem_path_cost_v2,generic_single_dpu_split_complex_v2,,,4d02700471128fe42c21b237649df541f49940221825de6f1c7d984d84a51cf3,8f6dd1998c253f68778a877e741d993b023148409899086cbcfacfb17aaa90d1,completed,,0.0032036939992394764,5,672,128,66,128,194,0,0,,5,1,1.0,2,2,upmem_pressure_v1,,,,upmem_path_cost_v2,balanced_literature_informed,"{""caps"": {""dpu_to_host_payload_bytes"": 1048576.0, ""estimated_flops"": 2147614720.0, ""host_completion_events"": 4.0, ""host_to_dpu_payload_bytes"": 2097152.0, ""mram_dma_window_bytes_model"": 17180917760.0, ""mram_payload_pressure_ratio"": 1.0, ""numeric_representation_penalty"": 3.0, ""tile_iterations"": 1024.0, ""wram_known_pressure_ratio"": 1.0}, ""normalization_id"": ""fixed_log1p_generic_budgets_v2"", ""transform"": ""log1p(value)/log1p(cap)""}","{""caps"": {""application_max_contracted_combinations"": 4096, ""application_max_rank"": 16, ""application_max_tensor_elements"": 65536, ""native_abi_max_tensor_elements"": 65536}, ""dpu_parallelism_model"": ""single_dpu_serial_tasks"", ""host_completion_model"": ""one_synchronous_dpu_launch_per_real_component"", ""host_dpu_transfer_model"": ""per_real_component_operand_upload_and_output_download_no_reuse"", ""input_element_bytes"": 4, ""memory_budget_source"": ""configured_generic_dpu_policy_v2"", ""mram_capacity_bytes"": 67108864, ""mram_wram_transfer_model"": ""aligned_scalar_read_windows_and_aligned_output_tile_writes"", ""numeric_contract"": ""real_float32_or_split_real_imag_v2"", ""output_element_bytes"": 4, ""output_tile_elements"": 256, ""policy_id"": ""generic_single_dpu_split_complex_v2"", ""wram_budget_bytes"": 61440}",True,[],168,64,128,264,128,392,1472,168,5,0.0,0.016796875,5,64,264,128,1472,5,5,5,0,128,786432,67108864,0.01171875,0.000244140625,0.000244140625,1032,61440,0.016796875,"{""dpu_to_host_payload_bytes"": 128, ""estimated_flops"": 168, ""feasibility"": true, ""host_completion_event_scope"": ""one_synchronous_dpu_launch_per_real_component"", ""host_completion_events"": 5, ""host_to_dpu_payload_bytes"": 264, ""known_wram_static_bytes"": 1032, ""largest_tensor_bytes"": 64, ""memory_budget_scope"": ""configured_modeled_budget_not_measured_runtime_occupancy"", ""mram_capacity_bytes"": 67108864, ""mram_dma_window_bytes_model"": 1472, ""mram_dma_window_scope"": ""modeled_aligned_request_volume_not_physical_bus_bytes"", ""mram_max_region_payload_ratio"": 0.000244140625, ""mram_payload_pressure_ratio"": 0.000244140625, ""mram_payload_pressure_scope"": ""maximum_single_buffer_payload_divided_by_fixed_native_buffer_capacity"", ""mram_static_reservation_pressure_ratio"": 0.01171875, ""native_static_mram_reservation_bytes"": 786432, ""numeric_component_invocations"": 5, ""numeric_recombination_flops"": 0, ""numeric_representation_penalty"": 0.0, ""rejection_reasons"": [], ""task_mram_payload_bytes"": 128, ""tile_iterations"": 5, ""wram_budget_bytes"": 61440, ""wram_known_pressure_ratio"": 0.016796875}","{""dpu_to_host_payload_bytes"": 0.35056133865498684, ""estimated_flops"": 0.2387373682166573, ""host_completion_events"": 1.1132827525593785, ""host_to_dpu_payload_bytes"": 0.3833261088451839, ""mram_dma_window_bytes_model"": 0.3095445429076654, ""mram_payload_pressure_ratio"": 0.00035217748030102726, ""numeric_representation_penalty"": 0.0, ""tile_iterations"": 0.2584598539004127, ""wram_known_pressure_ratio"": 0.02403150151674986}",0.3220906857960354,5,True,False,modeled,False
research_benchmark_pack_v1,thesis_planner_semantic_v2_planner_compare,quantum_bv_3q_semantic_v2,quantum,3,quantum_circuit,False,,11,13,4,16,11,custom_upmem.greedy.v2.balanced_literature_informed,custom_upmem,native_target_projected_prefix_greedy,732e5d6ce69eb7f899d95e1d4a3ba1c390eb63c7f748cdd8667ef363f7fa7de4,"{""algorithm"": ""greedy"", ""engine"": ""custom_upmem"", ""execution_policy"": ""generic_single_dpu_split_complex_v2"", ""normalization"": ""fixed_log1p_generic_budgets_v2"", ""numeric_contract"": ""real_float32_or_split_real_imag_v2"", ""objective_version"": ""upmem_path_cost_v2"", ""selection_scope"": ""projected_prefix"", ""weight_profile"": ""balanced_literature_informed""}",projected_prefix,greedy,upmem_path_cost_v2,generic_single_dpu_split_complex_v2,,,9502619514211fc8c9ab20b02383737ed7bc65a359cf55f5370c76db3d37347f,1952587a2295d4109b9ecc3c21ffdd6ae35caef0607788f4795325279c5aa611,completed,,0.020071833998372313,10,2944,1024,204,600,804,0,0,,10,1,2.0,3,3,upmem_pressure_v1,,,,upmem_path_cost_v2,balanced_literature_informed,"{""caps"": {""dpu_to_host_payload_bytes"": 1048576.0, ""estimated_flops"": 2147614720.0, ""host_completion_events"": 4.0, ""host_to_dpu_payload_bytes"": 2097152.0, ""mram_dma_window_bytes_model"": 17180917760.0, ""mram_payload_pressure_ratio"": 1.0, ""numeric_representation_penalty"": 3.0, ""tile_iterations"": 1024.0, ""wram_known_pressure_ratio"": 1.0}, ""normalization_id"": ""fixed_log1p_generic_budgets_v2"", ""transform"": ""log1p(value)/log1p(cap)""}","{""caps"": {""application_max_contracted_combinations"": 4096, ""application_max_rank"": 16, ""application_max_tensor_elements"": 65536, ""native_abi_max_tensor_elements"": 65536}, ""dpu_parallelism_model"": ""single_dpu_serial_tasks"", ""host_completion_model"": ""one_synchronous_dpu_launch_per_real_component"", ""host_dpu_transfer_model"": ""per_real_component_operand_upload_and_output_download_no_reuse"", ""input_element_bytes"": 4, ""memory_budget_source"": ""configured_generic_dpu_policy_v2"", ""mram_capacity_bytes"": 67108864, ""mram_wram_transfer_model"": ""aligned_scalar_read_windows_and_aligned_output_tile_writes"", ""numeric_contract"": ""real_float32_or_split_real_imag_v2"", ""output_element_bytes"": 4, ""output_tile_elements"": 256, ""policy_id"": ""generic_single_dpu_split_complex_v2"", ""wram_budget_bytes"": 61440}",True,[],736,256,600,816,600,1416,6488,736,10,0.0,0.016796875,10,256,816,600,6488,10,10,10,0,416,786432,67108864,0.01171875,0.0009765625,0.0009765625,1032,61440,0.016796875,"{""dpu_to_host_payload_bytes"": 600, ""estimated_flops"": 736, ""feasibility"": true, ""host_completion_event_scope"": ""one_synchronous_dpu_launch_per_real_component"", ""host_completion_events"": 10, ""host_to_dpu_payload_bytes"": 816, ""known_wram_static_bytes"": 1032, ""largest_tensor_bytes"": 256, ""memory_budget_scope"": ""configured_modeled_budget_not_measured_runtime_occupancy"", ""mram_capacity_bytes"": 67108864, ""mram_dma_window_bytes_model"": 6488, ""mram_dma_window_scope"": ""modeled_aligned_request_volume_not_physical_bus_bytes"", ""mram_max_region_payload_ratio"": 0.0009765625, ""mram_payload_pressure_ratio"": 0.0009765625, ""mram_payload_pressure_scope"": ""maximum_single_buffer_payload_divided_by_fixed_native_buffer_capacity"", ""mram_static_reservation_pressure_ratio"": 0.01171875, ""native_static_mram_reservation_bytes"": 786432, ""numeric_component_invocations"": 10, ""numeric_recombination_flops"": 0, ""numeric_representation_penalty"": 0.0, ""rejection_reasons"": [], ""task_mram_payload_bytes"": 416, ""tile_iterations"": 10, ""wram_budget_bytes"": 61440, ""wram_known_pressure_ratio"": 0.016796875}","{""dpu_to_host_payload_bytes"": 0.46156102728337883, ""estimated_flops"": 0.3072739920215143, ""host_completion_events"": 1.4898961024049782, ""host_to_dpu_payload_bytes"": 0.46067580720156065, ""mram_dma_window_bytes_model"": 0.3724631663048511, ""mram_payload_pressure_ratio"": 0.001408194392808389, ""numeric_representation_penalty"": 0.0, ""tile_iterations"": 0.34589445320077966, ""wram_known_pressure_ratio"": 0.02403150151674986}",0.4110468714067665,5,True,False,modeled,False
research_benchmark_pack_v1,thesis_planner_sensitivity_v2_planner_compare,quantum_ghz_3q_sensitivity_v2,quantum,3,quantum_circuit,False,,6,8,4,16,6,custom_upmem.greedy.v2.balanced_literature_informed,custom_upmem,native_target_projected_prefix_greedy,732e5d6ce69eb7f899d95e1d4a3ba1c390eb63c7f748cdd8667ef363f7fa7de4,"{""algorithm"": ""greedy"", ""engine"": ""custom_upmem"", ""execution_policy"": ""generic_single_dpu_split_complex_v2"", ""normalization"": ""fixed_log1p_generic_budgets_v2"", ""numeric_contract"": ""real_float32_or_split_real_imag_v2"", ""objective_version"": ""upmem_path_cost_v2"", ""selection_scope"": ""projected_prefix"", ""weight_profile"": ""balanced_literature_informed""}",projected_prefix,greedy,upmem_path_cost_v2,generic_single_dpu_split_complex_v2,,,4d02700471128fe42c21b237649df541f49940221825de6f1c7d984d84a51cf3,8f6dd1998c253f68778a877e741d993b023148409899086cbcfacfb17aaa90d1,completed,,0.0032537279985263012,5,672,128,66,128,194,0,0,,5,1,1.0,2,3,upmem_pressure_v1,,,,upmem_path_cost_v2,balanced_literature_informed,"{""caps"": {""dpu_to_host_payload_bytes"": 1048576.0, ""estimated_flops"": 2147614720.0, ""host_completion_events"": 4.0, ""host_to_dpu_payload_bytes"": 2097152.0, ""mram_dma_window_bytes_model"": 17180917760.0, ""mram_payload_pressure_ratio"": 1.0, ""numeric_representation_penalty"": 3.0, ""tile_iterations"": 1024.0, ""wram_known_pressure_ratio"": 1.0}, ""normalization_id"": ""fixed_log1p_generic_budgets_v2"", ""transform"": ""log1p(value)/log1p(cap)""}","{""caps"": {""application_max_contracted_combinations"": 4096, ""application_max_rank"": 16, ""application_max_tensor_elements"": 65536, ""native_abi_max_tensor_elements"": 65536}, ""dpu_parallelism_model"": ""single_dpu_serial_tasks"", ""host_completion_model"": ""one_synchronous_dpu_launch_per_real_component"", ""host_dpu_transfer_model"": ""per_real_component_operand_upload_and_output_download_no_reuse"", ""input_element_bytes"": 4, ""memory_budget_source"": ""configured_generic_dpu_policy_v2"", ""mram_capacity_bytes"": 67108864, ""mram_wram_transfer_model"": ""aligned_scalar_read_windows_and_aligned_output_tile_writes"", ""numeric_contract"": ""real_float32_or_split_real_imag_v2"", ""output_element_bytes"": 4, ""output_tile_elements"": 256, ""policy_id"": ""generic_single_dpu_split_complex_v2"", ""wram_budget_bytes"": 61440}",True,[],168,64,128,264,128,392,1472,168,5,0.0,0.016796875,5,64,264,128,1472,5,5,5,0,128,786432,67108864,0.01171875,0.000244140625,0.000244140625,1032,61440,0.016796875,"{""dpu_to_host_payload_bytes"": 128, ""estimated_flops"": 168, ""feasibility"": true, ""host_completion_event_scope"": ""one_synchronous_dpu_launch_per_real_component"", ""host_completion_events"": 5, ""host_to_dpu_payload_bytes"": 264, ""known_wram_static_bytes"": 1032, ""largest_tensor_bytes"": 64, ""memory_budget_scope"": ""configured_modeled_budget_not_measured_runtime_occupancy"", ""mram_capacity_bytes"": 67108864, ""mram_dma_window_bytes_model"": 1472, ""mram_dma_window_scope"": ""modeled_aligned_request_volume_not_physical_bus_bytes"", ""mram_max_region_payload_ratio"": 0.000244140625, ""mram_payload_pressure_ratio"": 0.000244140625, ""mram_payload_pressure_scope"": ""maximum_single_buffer_payload_divided_by_fixed_native_buffer_capacity"", ""mram_static_reservation_pressure_ratio"": 0.01171875, ""native_static_mram_reservation_bytes"": 786432, ""numeric_component_invocations"": 5, ""numeric_recombination_flops"": 0, ""numeric_representation_penalty"": 0.0, ""rejection_reasons"": [], ""task_mram_payload_bytes"": 128, ""tile_iterations"": 5, ""wram_budget_bytes"": 61440, ""wram_known_pressure_ratio"": 0.016796875}","{""dpu_to_host_payload_bytes"": 0.35056133865498684, ""estimated_flops"": 0.2387373682166573, ""host_completion_events"": 1.1132827525593785, ""host_to_dpu_payload_bytes"": 0.3833261088451839, ""mram_dma_window_bytes_model"": 0.3095445429076654, ""mram_payload_pressure_ratio"": 0.00035217748030102726, ""numeric_representation_penalty"": 0.0, ""tile_iterations"": 0.2584598539004127, ""wram_known_pressure_ratio"": 0.02403150151674986}",0.3220906857960354,4,True,False,modeled,False
research_benchmark_pack_v1,thesis_planner_sensitivity_v2_planner_compare,quantum_bv_3q_sensitivity_v2,quantum,3,quantum_circuit,False,,11,13,4,16,11,custom_upmem.greedy.v2.balanced_literature_informed,custom_upmem,native_target_projected_prefix_greedy,732e5d6ce69eb7f899d95e1d4a3ba1c390eb63c7f748cdd8667ef363f7fa7de4,"{""algorithm"": ""greedy"", ""engine"": ""custom_upmem"", ""execution_policy"": ""generic_single_dpu_split_complex_v2"", ""normalization"": ""fixed_log1p_generic_budgets_v2"", ""numeric_contract"": ""real_float32_or_split_real_imag_v2"", ""objective_version"": ""upmem_path_cost_v2"", ""selection_scope"": ""projected_prefix"", ""weight_profile"": ""balanced_literature_informed""}",projected_prefix,greedy,upmem_path_cost_v2,generic_single_dpu_split_complex_v2,,,9502619514211fc8c9ab20b02383737ed7bc65a359cf55f5370c76db3d37347f,1952587a2295d4109b9ecc3c21ffdd6ae35caef0607788f4795325279c5aa611,completed,,0.026294578001397895,10,2944,1024,204,600,804,0,0,,10,1,2.0,4,4,upmem_pressure_v1,,,,upmem_path_cost_v2,balanced_literature_informed,"{""caps"": {""dpu_to_host_payload_bytes"": 1048576.0, ""estimated_flops"": 2147614720.0, ""host_completion_events"": 4.0, ""host_to_dpu_payload_bytes"": 2097152.0, ""mram_dma_window_bytes_model"": 17180917760.0, ""mram_payload_pressure_ratio"": 1.0, ""numeric_representation_penalty"": 3.0, ""tile_iterations"": 1024.0, ""wram_known_pressure_ratio"": 1.0}, ""normalization_id"": ""fixed_log1p_generic_budgets_v2"", ""transform"": ""log1p(value)/log1p(cap)""}","{""caps"": {""application_max_contracted_combinations"": 4096, ""application_max_rank"": 16, ""application_max_tensor_elements"": 65536, ""native_abi_max_tensor_elements"": 65536}, ""dpu_parallelism_model"": ""single_dpu_serial_tasks"", ""host_completion_model"": ""one_synchronous_dpu_launch_per_real_component"", ""host_dpu_transfer_model"": ""per_real_component_operand_upload_and_output_download_no_reuse"", ""input_element_bytes"": 4, ""memory_budget_source"": ""configured_generic_dpu_policy_v2"", ""mram_capacity_bytes"": 67108864, ""mram_wram_transfer_model"": ""aligned_scalar_read_windows_and_aligned_output_tile_writes"", ""numeric_contract"": ""real_float32_or_split_real_imag_v2"", ""output_element_bytes"": 4, ""output_tile_elements"": 256, ""policy_id"": ""generic_single_dpu_split_complex_v2"", ""wram_budget_bytes"": 61440}",True,[],736,256,600,816,600,1416,6488,736,10,0.0,0.016796875,10,256,816,600,6488,10,10,10,0,416,786432,67108864,0.01171875,0.0009765625,0.0009765625,1032,61440,0.016796875,"{""dpu_to_host_payload_bytes"": 600, ""estimated_flops"": 736, ""feasibility"": true, ""host_completion_event_scope"": ""one_synchronous_dpu_launch_per_real_component"", ""host_completion_events"": 10, ""host_to_dpu_payload_bytes"": 816, ""known_wram_static_bytes"": 1032, ""largest_tensor_bytes"": 256, ""memory_budget_scope"": ""configured_modeled_budget_not_measured_runtime_occupancy"", ""mram_capacity_bytes"": 67108864, ""mram_dma_window_bytes_model"": 6488, ""mram_dma_window_scope"": ""modeled_aligned_request_volume_not_physical_bus_bytes"", ""mram_max_region_payload_ratio"": 0.0009765625, ""mram_payload_pressure_ratio"": 0.0009765625, ""mram_payload_pressure_scope"": ""maximum_single_buffer_payload_divided_by_fixed_native_buffer_capacity"", ""mram_static_reservation_pressure_ratio"": 0.01171875, ""native_static_mram_reservation_bytes"": 786432, ""numeric_component_invocations"": 10, ""numeric_recombination_flops"": 0, ""numeric_representation_penalty"": 0.0, ""rejection_reasons"": [], ""task_mram_payload_bytes"": 416, ""tile_iterations"": 10, ""wram_budget_bytes"": 61440, ""wram_known_pressure_ratio"": 0.016796875}","{""dpu_to_host_payload_bytes"": 0.46156102728337883, ""estimated_flops"": 0.3072739920215143, ""host_completion_events"": 1.4898961024049782, ""host_to_dpu_payload_bytes"": 0.46067580720156065, ""mram_dma_window_bytes_model"": 0.3724631663048511, ""mram_payload_pressure_ratio"": 0.001408194392808389, ""numeric_representation_penalty"": 0.0, ""tile_iterations"": 0.34589445320077966, ""wram_known_pressure_ratio"": 0.02403150151674986}",0.4110468714067665,4,True,False,modeled,False
research_benchmark_pack_v1,thesis_planner_sensitivity_v2_planner_compare,quantum_ghz_3q_sensitivity_v2,quantum,3,quantum_circuit,False,,6,8,4,16,6,custom_upmem.greedy.v2.compute_oriented,custom_upmem,native_target_projected_prefix_greedy,638f09e3766d56f7f57c13aabd54a5504ec08dc6e213c8124ed16f732a36dada,"{""algorithm"": ""greedy"", ""engine"": ""custom_upmem"", ""execution_policy"": ""generic_single_dpu_split_complex_v2"", ""normalization"": ""fixed_log1p_generic_budgets_v2"", ""numeric_contract"": ""real_float32_or_split_real_imag_v2"", ""objective_version"": ""upmem_path_cost_v2"", ""selection_scope"": ""projected_prefix"", ""weight_profile"": ""compute_oriented""}",projected_prefix,greedy,upmem_path_cost_v2,generic_single_dpu_split_complex_v2,,,588425f8f452c074e04b0b8b5c903090654d17b1391c523f8b1471d27ab4d139,a3b8ef24f9fea19e163935c860be028edba0bf871e7e1e077bfe1a5447eb675a,completed,,0.003229062000173144,5,640,128,64,120,184,0,0,,5,1,0.0,1,2,upmem_pressure_v1,,,,upmem_path_cost_v2,compute_oriented,"{""caps"": {""dpu_to_host_payload_bytes"": 1048576.0, ""estimated_flops"": 2147614720.0, ""host_completion_events"": 4.0, ""host_to_dpu_payload_bytes"": 2097152.0, ""mram_dma_window_bytes_model"": 17180917760.0, ""mram_payload_pressure_ratio"": 1.0, ""numeric_representation_penalty"": 3.0, ""tile_iterations"": 1024.0, ""wram_known_pressure_ratio"": 1.0}, ""normalization_id"": ""fixed_log1p_generic_budgets_v2"", ""transform"": ""log1p(value)/log1p(cap)""}","{""caps"": {""application_max_contracted_combinations"": 4096, ""application_max_rank"": 16, ""application_max_tensor_elements"": 65536, ""native_abi_max_tensor_elements"": 65536}, ""dpu_parallelism_model"": ""single_dpu_serial_tasks"", ""host_completion_model"": ""one_synchronous_dpu_launch_per_real_component"", ""host_dpu_transfer_model"": ""per_real_component_operand_upload_and_output_download_no_reuse"", ""input_element_bytes"": 4, ""memory_budget_source"": ""configured_generic_dpu_policy_v2"", ""mram_capacity_bytes"": 67108864, ""mram_wram_transfer_model"": ""aligned_scalar_read_windows_and_aligned_output_tile_writes"", ""numeric_contract"": ""real_float32_or_split_real_imag_v2"", ""output_element_bytes"": 4, ""output_tile_elements"": 256, ""policy_id"": ""generic_single_dpu_split_complex_v2"", ""wram_budget_bytes"": 61440}",True,[],160,64,120,256,120,376,1400,160,5,0.0,0.016796875,5,64,256,120,1400,5,5,5,0,128,786432,67108864,0.01171875,0.000244140625,0.000244140625,1032,61440,0.016796875,"{""dpu_to_host_payload_bytes"": 120, ""estimated_flops"": 160, ""feasibility"": true, ""host_completion_event_scope"": ""one_synchronous_dpu_launch_per_real_component"", ""host_completion_events"": 5, ""host_to_dpu_payload_bytes"": 256, ""known_wram_static_bytes"": 1032, ""largest_tensor_bytes"": 64, ""memory_budget_scope"": ""configured_modeled_budget_not_measured_runtime_occupancy"", ""mram_capacity_bytes"": 67108864, ""mram_dma_window_bytes_model"": 1400, ""mram_dma_window_scope"": ""modeled_aligned_request_volume_not_physical_bus_bytes"", ""mram_max_region_payload_ratio"": 0.000244140625, ""mram_payload_pressure_ratio"": 0.000244140625, ""mram_payload_pressure_scope"": ""maximum_single_buffer_payload_divided_by_fixed_native_buffer_capacity"", ""mram_static_reservation_pressure_ratio"": 0.01171875, ""native_static_mram_reservation_bytes"": 786432, ""numeric_component_invocations"": 5, ""numeric_recombination_flops"": 0, ""numeric_representation_penalty"": 0.0, ""rejection_reasons"": [], ""task_mram_payload_bytes"": 128, ""tile_iterations"": 5, ""wram_budget_bytes"": 61440, ""wram_known_pressure_ratio"": 0.016796875}","{""dpu_to_host_payload_bytes"": 0.3459431380652539, ""estimated_flops"": 0.23648051791198318, ""host_completion_events"": 1.1132827525593785, ""host_to_dpu_payload_bytes"": 0.38122020414004265, ""mram_dma_window_bytes_model"": 0.3074180638675711, ""mram_payload_pressure_ratio"": 0.00035217748030102726, ""numeric_representation_penalty"": 0.0, ""tile_iterations"": 0.2584598539004127, ""wram_known_pressure_ratio"": 0.02403150151674986}",0.347808793167921,1,True,True,modeled,False
research_benchmark_pack_v1,thesis_planner_sensitivity_v2_planner_compare,quantum_bv_3q_sensitivity_v2,quantum,3,quantum_circuit,False,,11,13,4,16,11,custom_upmem.greedy.v2.compute_oriented,custom_upmem,native_target_projected_prefix_greedy,638f09e3766d56f7f57c13aabd54a5504ec08dc6e213c8124ed16f732a36dada,"{""algorithm"": ""greedy"", ""engine"": ""custom_upmem"", ""execution_policy"": ""generic_single_dpu_split_complex_v2"", ""normalization"": ""fixed_log1p_generic_budgets_v2"", ""numeric_contract"": ""real_float32_or_split_real_imag_v2"", ""objective_version"": ""upmem_path_cost_v2"", ""selection_scope"": ""projected_prefix"", ""weight_profile"": ""compute_oriented""}",projected_prefix,greedy,upmem_path_cost_v2,generic_single_dpu_split_complex_v2,,,f8abf1d4bdfd606a3b90720b29d839e896f2424af044cf367a9c2ab2e3c8f2f4,0514e94a4192f2f5c05c823b7f1e938000e5f33b935d2bad29cdad8b8c1c5144,completed,,0.019862003002344863,10,1600,256,136,328,464,0,0,,10,1,0.43452380952380953,2,2,upmem_pressure_v1,,,,upmem_path_cost_v2,compute_oriented,"{""caps"": {""dpu_to_host_payload_bytes"": 1048576.0, ""estimated_flops"": 2147614720.0, ""host_completion_events"": 4.0, ""host_to_dpu_payload_bytes"": 2097152.0, ""mram_dma_window_bytes_model"": 17180917760.0, ""mram_payload_pressure_ratio"": 1.0, ""numeric_representation_penalty"": 3.0, ""tile_iterations"": 1024.0, ""wram_known_pressure_ratio"": 1.0}, ""normalization_id"": ""fixed_log1p_generic_budgets_v2"", ""transform"": ""log1p(value)/log1p(cap)""}","{""caps"": {""application_max_contracted_combinations"": 4096, ""application_max_rank"": 16, ""application_max_tensor_elements"": 65536, ""native_abi_max_tensor_elements"": 65536}, ""dpu_parallelism_model"": ""single_dpu_serial_tasks"", ""host_completion_model"": ""one_synchronous_dpu_launch_per_real_component"", ""host_dpu_transfer_model"": ""per_real_component_operand_upload_and_output_download_no_reuse"", ""input_element_bytes"": 4, ""memory_budget_source"": ""configured_generic_dpu_policy_v2"", ""mram_capacity_bytes"": 67108864, ""mram_wram_transfer_model"": ""aligned_scalar_read_windows_and_aligned_output_tile_writes"", ""numeric_contract"": ""real_float32_or_split_real_imag_v2"", ""output_element_bytes"": 4, ""output_tile_elements"": 256, ""policy_id"": ""generic_single_dpu_split_complex_v2"", ""wram_budget_bytes"": 61440}",True,[],400,64,328,544,328,872,3528,400,10,0.0,0.016796875,10,64,544,328,3528,10,10,10,0,192,786432,67108864,0.01171875,0.000244140625,0.000244140625,1032,61440,0.016796875,"{""dpu_to_host_payload_bytes"": 328, ""estimated_flops"": 400, ""feasibility"": true, ""host_completion_event_scope"": ""one_synchronous_dpu_launch_per_real_component"", ""host_completion_events"": 10, ""host_to_dpu_payload_bytes"": 544, ""known_wram_static_bytes"": 1032, ""largest_tensor_bytes"": 64, ""memory_budget_scope"": ""configured_modeled_budget_not_measured_runtime_occupancy"", ""mram_capacity_bytes"": 67108864, ""mram_dma_window_bytes_model"": 3528, ""mram_dma_window_scope"": ""modeled_aligned_request_volume_not_physical_bus_bytes"", ""mram_max_region_payload_ratio"": 0.000244140625, ""mram_payload_pressure_ratio"": 0.000244140625, ""mram_payload_pressure_scope"": ""maximum_single_buffer_payload_divided_by_fixed_native_buffer_capacity"", ""mram_static_reservation_pressure_ratio"": 0.01171875, ""native_static_mram_reservation_bytes"": 786432, ""numeric_component_invocations"": 10, ""numeric_recombination_flops"": 0, ""numeric_representation_penalty"": 0.0, ""rejection_reasons"": [], ""task_mram_payload_bytes"": 192, ""tile_iterations"": 10, ""wram_budget_bytes"": 61440, ""wram_known_pressure_ratio"": 0.016796875}","{""dpu_to_host_payload_bytes"": 0.4180971599245926, ""estimated_flops"": 0.27894947948670906, ""host_completion_events"": 1.4898961024049782, ""host_to_dpu_payload_bytes"": 0.4328624819945243, ""mram_dma_window_bytes_model"": 0.3466180351232442, ""mram_payload_pressure_ratio"": 0.00035217748030102726, ""numeric_representation_penalty"": 0.0, ""tile_iterations"": 0.34589445320077966, ""wram_known_pressure_ratio"": 0.02403150151674986}",0.42793908972720685,1,True,True,modeled,False
research_benchmark_pack_v1,thesis_planner_sensitivity_v2_planner_compare,quantum_ghz_3q_sensitivity_v2,quantum,3,quantum_circuit,False,,6,8,4,16,6,custom_upmem.greedy.v2.host_transfer_oriented,custom_upmem,native_target_projected_prefix_greedy,553e7e0a7a591e1b4a6de756bcf637b0e4cead923e8bbd9834300fa1e2db3026,"{""algorithm"": ""greedy"", ""engine"": ""custom_upmem"", ""execution_policy"": ""generic_single_dpu_split_complex_v2"", ""normalization"": ""fixed_log1p_generic_budgets_v2"", ""numeric_contract"": ""real_float32_or_split_real_imag_v2"", ""objective_version"": ""upmem_path_cost_v2"", ""selection_scope"": ""projected_prefix"", ""weight_profile"": ""host_transfer_oriented""}",projected_prefix,greedy,upmem_path_cost_v2,generic_single_dpu_split_complex_v2,,,f5052b0d8400f8ba9ecd86c8f5f0af211288e113cdc7cb526ffef8293cdd009b,a3b8ef24f9fea19e163935c860be028edba0bf871e7e1e077bfe1a5447eb675a,completed,,0.008426225998846348,5,640,128,64,120,184,0,0,,5,1,0.0,1,2,upmem_pressure_v1,,,,upmem_path_cost_v2,host_transfer_oriented,"{""caps"": {""dpu_to_host_payload_bytes"": 1048576.0, ""estimated_flops"": 2147614720.0, ""host_completion_events"": 4.0, ""host_to_dpu_payload_bytes"": 2097152.0, ""mram_dma_window_bytes_model"": 17180917760.0, ""mram_payload_pressure_ratio"": 1.0, ""numeric_representation_penalty"": 3.0, ""tile_iterations"": 1024.0, ""wram_known_pressure_ratio"": 1.0}, ""normalization_id"": ""fixed_log1p_generic_budgets_v2"", ""transform"": ""log1p(value)/log1p(cap)""}","{""caps"": {""application_max_contracted_combinations"": 4096, ""application_max_rank"": 16, ""application_max_tensor_elements"": 65536, ""native_abi_max_tensor_elements"": 65536}, ""dpu_parallelism_model"": ""single_dpu_serial_tasks"", ""host_completion_model"": ""one_synchronous_dpu_launch_per_real_component"", ""host_dpu_transfer_model"": ""per_real_component_operand_upload_and_output_download_no_reuse"", ""input_element_bytes"": 4, ""memory_budget_source"": ""configured_generic_dpu_policy_v2"", ""mram_capacity_bytes"": 67108864, ""mram_wram_transfer_model"": ""aligned_scalar_read_windows_and_aligned_output_tile_writes"", ""numeric_contract"": ""real_float32_or_split_real_imag_v2"", ""output_element_bytes"": 4, ""output_tile_elements"": 256, ""policy_id"": ""generic_single_dpu_split_complex_v2"", ""wram_budget_bytes"": 61440}",True,[],160,64,120,256,120,376,1400,160,5,0.0,0.016796875,5,64,256,120,1400,5,5,5,0,128,786432,67108864,0.01171875,0.000244140625,0.000244140625,1032,61440,0.016796875,"{""dpu_to_host_payload_bytes"": 120, ""estimated_flops"": 160, ""feasibility"": true, ""host_completion_event_scope"": ""one_synchronous_dpu_launch_per_real_component"", ""host_completion_events"": 5, ""host_to_dpu_payload_bytes"": 256, ""known_wram_static_bytes"": 1032, ""largest_tensor_bytes"": 64, ""memory_budget_scope"": ""configured_modeled_budget_not_measured_runtime_occupancy"", ""mram_capacity_bytes"": 67108864, ""mram_dma_window_bytes_model"": 1400, ""mram_dma_window_scope"": ""modeled_aligned_request_volume_not_physical_bus_bytes"", ""mram_max_region_payload_ratio"": 0.000244140625, ""mram_payload_pressure_ratio"": 0.000244140625, ""mram_payload_pressure_scope"": ""maximum_single_buffer_payload_divided_by_fixed_native_buffer_capacity"", ""mram_static_reservation_pressure_ratio"": 0.01171875, ""native_static_mram_reservation_bytes"": 786432, ""numeric_component_invocations"": 5, ""numeric_recombination_flops"": 0, ""numeric_representation_penalty"": 0.0, ""rejection_reasons"": [], ""task_mram_payload_bytes"": 128, ""tile_iterations"": 5, ""wram_budget_bytes"": 61440, ""wram_known_pressure_ratio"": 0.016796875}","{""dpu_to_host_payload_bytes"": 0.3459431380652539, ""estimated_flops"": 0.23648051791198318, ""host_completion_events"": 1.1132827525593785, ""host_to_dpu_payload_bytes"": 0.38122020414004265, ""mram_dma_window_bytes_model"": 0.3074180638675711, ""mram_payload_pressure_ratio"": 0.00035217748030102726, ""numeric_representation_penalty"": 0.0, ""tile_iterations"": 0.2584598539004127, ""wram_known_pressure_ratio"": 0.02403150151674986}",0.36710937771012714,1,True,True,modeled,False
research_benchmark_pack_v1,thesis_planner_sensitivity_v2_planner_compare,quantum_bv_3q_sensitivity_v2,quantum,3,quantum_circuit,False,,11,13,4,16,11,custom_upmem.greedy.v2.host_transfer_oriented,custom_upmem,native_target_projected_prefix_greedy,553e7e0a7a591e1b4a6de756bcf637b0e4cead923e8bbd9834300fa1e2db3026,"{""algorithm"": ""greedy"", ""engine"": ""custom_upmem"", ""execution_policy"": ""generic_single_dpu_split_complex_v2"", ""normalization"": ""fixed_log1p_generic_budgets_v2"", ""numeric_contract"": ""real_float32_or_split_real_imag_v2"", ""objective_version"": ""upmem_path_cost_v2"", ""selection_scope"": ""projected_prefix"", ""weight_profile"": ""host_transfer_oriented""}",projected_prefix,greedy,upmem_path_cost_v2,generic_single_dpu_split_complex_v2,,,601670dc5f4c9f44f4effa267cd05ddfca2f9856f88f4ebea14dc3727c3329c1,0514e94a4192f2f5c05c823b7f1e938000e5f33b935d2bad29cdad8b8c1c5144,completed,,0.01962606100278208,10,1600,256,136,328,464,0,0,,10,1,0.43452380952380953,2,2,upmem_pressure_v1,,,,upmem_path_cost_v2,host_transfer_oriented,"{""caps"": {""dpu_to_host_payload_bytes"": 1048576.0, ""estimated_flops"": 2147614720.0, ""host_completion_events"": 4.0, ""host_to_dpu_payload_bytes"": 2097152.0, ""mram_dma_window_bytes_model"": 17180917760.0, ""mram_payload_pressure_ratio"": 1.0, ""numeric_representation_penalty"": 3.0, ""tile_iterations"": 1024.0, ""wram_known_pressure_ratio"": 1.0}, ""normalization_id"": ""fixed_log1p_generic_budgets_v2"", ""transform"": ""log1p(value)/log1p(cap)""}","{""caps"": {""application_max_contracted_combinations"": 4096, ""application_max_rank"": 16, ""application_max_tensor_elements"": 65536, ""native_abi_max_tensor_elements"": 65536}, ""dpu_parallelism_model"": ""single_dpu_serial_tasks"", ""host_completion_model"": ""one_synchronous_dpu_launch_per_real_component"", ""host_dpu_transfer_model"": ""per_real_component_operand_upload_and_output_download_no_reuse"", ""input_element_bytes"": 4, ""memory_budget_source"": ""configured_generic_dpu_policy_v2"", ""mram_capacity_bytes"": 67108864, ""mram_wram_transfer_model"": ""aligned_scalar_read_windows_and_aligned_output_tile_writes"", ""numeric_contract"": ""real_float32_or_split_real_imag_v2"", ""output_element_bytes"": 4, ""output_tile_elements"": 256, ""policy_id"": ""generic_single_dpu_split_complex_v2"", ""wram_budget_bytes"": 61440}",True,[],400,64,328,544,328,872,3528,400,10,0.0,0.016796875,10,64,544,328,3528,10,10,10,0,192,786432,67108864,0.01171875,0.000244140625,0.000244140625,1032,61440,0.016796875,"{""dpu_to_host_payload_bytes"": 328, ""estimated_flops"": 400, ""feasibility"": true, ""host_completion_event_scope"": ""one_synchronous_dpu_launch_per_real_component"", ""host_completion_events"": 10, ""host_to_dpu_payload_bytes"": 544, ""known_wram_static_bytes"": 1032, ""largest_tensor_bytes"": 64, ""memory_budget_scope"": ""configured_modeled_budget_not_measured_runtime_occupancy"", ""mram_capacity_bytes"": 67108864, ""mram_dma_window_bytes_model"": 3528, ""mram_dma_window_scope"": ""modeled_aligned_request_volume_not_physical_bus_bytes"", ""mram_max_region_payload_ratio"": 0.000244140625, ""mram_payload_pressure_ratio"": 0.000244140625, ""mram_payload_pressure_scope"": ""maximum_single_buffer_payload_divided_by_fixed_native_buffer_capacity"", ""mram_static_reservation_pressure_ratio"": 0.01171875, ""native_static_mram_reservation_bytes"": 786432, ""numeric_component_invocations"": 10, ""numeric_recombination_flops"": 0, ""numeric_representation_penalty"": 0.0, ""rejection_reasons"": [], ""task_mram_payload_bytes"": 192, ""tile_iterations"": 10, ""wram_budget_bytes"": 61440, ""wram_known_pressure_ratio"": 0.016796875}","{""dpu_to_host_payload_bytes"": 0.4180971599245926, ""estimated_flops"": 0.27894947948670906, ""host_completion_events"": 1.4898961024049782, ""host_to_dpu_payload_bytes"": 0.4328624819945243, ""mram_dma_window_bytes_model"": 0.3466180351232442, ""mram_payload_pressure_ratio"": 0.00035217748030102726, ""numeric_representation_penalty"": 0.0, ""tile_iterations"": 0.34589445320077966, ""wram_known_pressure_ratio"": 0.02403150151674986}",0.4269563531665516,1,True,True,modeled,False
research_benchmark_pack_v1,thesis_planner_sensitivity_v2_planner_compare,quantum_ghz_3q_sensitivity_v2,quantum,3,quantum_circuit,False,,6,8,4,16,6,custom_upmem.greedy.v2.local_movement_oriented,custom_upmem,native_target_projected_prefix_greedy,40c5f2dba78149fbd966780eb0ed1346b1fe5e783f8d424be5a584f437038a34,"{""algorithm"": ""greedy"", ""engine"": ""custom_upmem"", ""execution_policy"": ""generic_single_dpu_split_complex_v2"", ""normalization"": ""fixed_log1p_generic_budgets_v2"", ""numeric_contract"": ""real_float32_or_split_real_imag_v2"", ""objective_version"": ""upmem_path_cost_v2"", ""selection_scope"": ""projected_prefix"", ""weight_profile"": ""local_movement_oriented""}",projected_prefix,greedy,upmem_path_cost_v2,generic_single_dpu_split_complex_v2,,,e93bf1d738ef799facc3fc6c5ad64a4f33de4c59bfeb0c7a432efeab1ef46465,a3b8ef24f9fea19e163935c860be028edba0bf871e7e1e077bfe1a5447eb675a,completed,,0.003276229999755742,5,640,128,64,120,184,0,0,,5,1,0.0,1,2,upmem_pressure_v1,,,,upmem_path_cost_v2,local_movement_oriented,"{""caps"": {""dpu_to_host_payload_bytes"": 1048576.0, ""estimated_flops"": 2147614720.0, ""host_completion_events"": 4.0, ""host_to_dpu_payload_bytes"": 2097152.0, ""mram_dma_window_bytes_model"": 17180917760.0, ""mram_payload_pressure_ratio"": 1.0, ""numeric_representation_penalty"": 3.0, ""tile_iterations"": 1024.0, ""wram_known_pressure_ratio"": 1.0}, ""normalization_id"": ""fixed_log1p_generic_budgets_v2"", ""transform"": ""log1p(value)/log1p(cap)""}","{""caps"": {""application_max_contracted_combinations"": 4096, ""application_max_rank"": 16, ""application_max_tensor_elements"": 65536, ""native_abi_max_tensor_elements"": 65536}, ""dpu_parallelism_model"": ""single_dpu_serial_tasks"", ""host_completion_model"": ""one_synchronous_dpu_launch_per_real_component"", ""host_dpu_transfer_model"": ""per_real_component_operand_upload_and_output_download_no_reuse"", ""input_element_bytes"": 4, ""memory_budget_source"": ""configured_generic_dpu_policy_v2"", ""mram_capacity_bytes"": 67108864, ""mram_wram_transfer_model"": ""aligned_scalar_read_windows_and_aligned_output_tile_writes"", ""numeric_contract"": ""real_float32_or_split_real_imag_v2"", ""output_element_bytes"": 4, ""output_tile_elements"": 256, ""policy_id"": ""generic_single_dpu_split_complex_v2"", ""wram_budget_bytes"": 61440}",True,[],160,64,120,256,120,376,1400,160,5,0.0,0.016796875,5,64,256,120,1400,5,5,5,0,128,786432,67108864,0.01171875,0.000244140625,0.000244140625,1032,61440,0.016796875,"{""dpu_to_host_payload_bytes"": 120, ""estimated_flops"": 160, ""feasibility"": true, ""host_completion_event_scope"": ""one_synchronous_dpu_launch_per_real_component"", ""host_completion_events"": 5, ""host_to_dpu_payload_bytes"": 256, ""known_wram_static_bytes"": 1032, ""largest_tensor_bytes"": 64, ""memory_budget_scope"": ""configured_modeled_budget_not_measured_runtime_occupancy"", ""mram_capacity_bytes"": 67108864, ""mram_dma_window_bytes_model"": 1400, ""mram_dma_window_scope"": ""modeled_aligned_request_volume_not_physical_bus_bytes"", ""mram_max_region_payload_ratio"": 0.000244140625, ""mram_payload_pressure_ratio"": 0.000244140625, ""mram_payload_pressure_scope"": ""maximum_single_buffer_payload_divided_by_fixed_native_buffer_capacity"", ""mram_static_reservation_pressure_ratio"": 0.01171875, ""native_static_mram_reservation_bytes"": 786432, ""numeric_component_invocations"": 5, ""numeric_recombination_flops"": 0, ""numeric_representation_penalty"": 0.0, ""rejection_reasons"": [], ""task_mram_payload_bytes"": 128, ""tile_iterations"": 5, ""wram_budget_bytes"": 61440, ""wram_known_pressure_ratio"": 0.016796875}","{""dpu_to_host_payload_bytes"": 0.3459431380652539, ""estimated_flops"": 0.23648051791198318, ""host_completion_events"": 1.1132827525593785, ""host_to_dpu_payload_bytes"": 0.38122020414004265, ""mram_dma_window_bytes_model"": 0.3074180638675711, ""mram_payload_pressure_ratio"": 0.00035217748030102726, ""numeric_representation_penalty"": 0.0, ""tile_iterations"": 0.2584598539004127, ""wram_known_pressure_ratio"": 0.02403150151674986}",0.2976264218741394,1,True,True,modeled,False
research_benchmark_pack_v1,thesis_planner_sensitivity_v2_planner_compare,quantum_bv_3q_sensitivity_v2,quantum,3,quantum_circuit,False,,11,13,4,16,11,custom_upmem.greedy.v2.local_movement_oriented,custom_upmem,native_target_projected_prefix_greedy,40c5f2dba78149fbd966780eb0ed1346b1fe5e783f8d424be5a584f437038a34,"{""algorithm"": ""greedy"", ""engine"": ""custom_upmem"", ""execution_policy"": ""generic_single_dpu_split_complex_v2"", ""normalization"": ""fixed_log1p_generic_budgets_v2"", ""numeric_contract"": ""real_float32_or_split_real_imag_v2"", ""objective_version"": ""upmem_path_cost_v2"", ""selection_scope"": ""projected_prefix"", ""weight_profile"": ""local_movement_oriented""}",projected_prefix,greedy,upmem_path_cost_v2,generic_single_dpu_split_complex_v2,,,46faad83dab943a2e2a7070d0e42343ea5ba8682e15783a1076831144911b51d,0514e94a4192f2f5c05c823b7f1e938000e5f33b935d2bad29cdad8b8c1c5144,completed,,0.019228818000556203,10,1600,256,136,328,464,0,0,,10,1,0.43452380952380953,2,2,upmem_pressure_v1,,,,upmem_path_cost_v2,local_movement_oriented,"{""caps"": {""dpu_to_host_payload_bytes"": 1048576.0, ""estimated_flops"": 2147614720.0, ""host_completion_events"": 4.0, ""host_to_dpu_payload_bytes"": 2097152.0, ""mram_dma_window_bytes_model"": 17180917760.0, ""mram_payload_pressure_ratio"": 1.0, ""numeric_representation_penalty"": 3.0, ""tile_iterations"": 1024.0, ""wram_known_pressure_ratio"": 1.0}, ""normalization_id"": ""fixed_log1p_generic_budgets_v2"", ""transform"": ""log1p(value)/log1p(cap)""}","{""caps"": {""application_max_contracted_combinations"": 4096, ""application_max_rank"": 16, ""application_max_tensor_elements"": 65536, ""native_abi_max_tensor_elements"": 65536}, ""dpu_parallelism_model"": ""single_dpu_serial_tasks"", ""host_completion_model"": ""one_synchronous_dpu_launch_per_real_component"", ""host_dpu_transfer_model"": ""per_real_component_operand_upload_and_output_download_no_reuse"", ""input_element_bytes"": 4, ""memory_budget_source"": ""configured_generic_dpu_policy_v2"", ""mram_capacity_bytes"": 67108864, ""mram_wram_transfer_model"": ""aligned_scalar_read_windows_and_aligned_output_tile_writes"", ""numeric_contract"": ""real_float32_or_split_real_imag_v2"", ""output_element_bytes"": 4, ""output_tile_elements"": 256, ""policy_id"": ""generic_single_dpu_split_complex_v2"", ""wram_budget_bytes"": 61440}",True,[],400,64,328,544,328,872,3528,400,10,0.0,0.016796875,10,64,544,328,3528,10,10,10,0,192,786432,67108864,0.01171875,0.000244140625,0.000244140625,1032,61440,0.016796875,"{""dpu_to_host_payload_bytes"": 328, ""estimated_flops"": 400, ""feasibility"": true, ""host_completion_event_scope"": ""one_synchronous_dpu_launch_per_real_component"", ""host_completion_events"": 10, ""host_to_dpu_payload_bytes"": 544, ""known_wram_static_bytes"": 1032, ""largest_tensor_bytes"": 64, ""memory_budget_scope"": ""configured_modeled_budget_not_measured_runtime_occupancy"", ""mram_capacity_bytes"": 67108864, ""mram_dma_window_bytes_model"": 3528, ""mram_dma_window_scope"": ""modeled_aligned_request_volume_not_physical_bus_bytes"", ""mram_max_region_payload_ratio"": 0.000244140625, ""mram_payload_pressure_ratio"": 0.000244140625, ""mram_payload_pressure_scope"": ""maximum_single_buffer_payload_divided_by_fixed_native_buffer_capacity"", ""mram_static_reservation_pressure_ratio"": 0.01171875, ""native_static_mram_reservation_bytes"": 786432, ""numeric_component_invocations"": 10, ""numeric_recombination_flops"": 0, ""numeric_representation_penalty"": 0.0, ""rejection_reasons"": [], ""task_mram_payload_bytes"": 192, ""tile_iterations"": 10, ""wram_budget_bytes"": 61440, ""wram_known_pressure_ratio"": 0.016796875}","{""dpu_to_host_payload_bytes"": 0.4180971599245926, ""estimated_flops"": 0.27894947948670906, ""host_completion_events"": 1.4898961024049782, ""host_to_dpu_payload_bytes"": 0.4328624819945243, ""mram_dma_window_bytes_model"": 0.3466180351232442, ""mram_payload_pressure_ratio"": 0.00035217748030102726, ""numeric_representation_penalty"": 0.0, ""tile_iterations"": 0.34589445320077966, ""wram_known_pressure_ratio"": 0.02403150151674986}",0.34647331873875126,1,True,True,modeled,False
research_benchmark_pack_v1,thesis_planner_sensitivity_v2_planner_compare,quantum_ghz_3q_sensitivity_v2,quantum,3,quantum_circuit,False,,6,8,4,16,6,custom_upmem.greedy.v2.synchronization_constrained,custom_upmem,native_target_projected_prefix_greedy,b8051e9addae8ef03cd83f704a6c0b44a271351853044aaaeb6bc834b43172be,"{""algorithm"": ""greedy"", ""engine"": ""custom_upmem"", ""execution_policy"": ""generic_single_dpu_split_complex_v2"", ""normalization"": ""fixed_log1p_generic_budgets_v2"", ""numeric_contract"": ""real_float32_or_split_real_imag_v2"", ""objective_version"": ""upmem_path_cost_v2"", ""selection_scope"": ""projected_prefix"", ""weight_profile"": ""synchronization_constrained""}",projected_prefix,greedy,upmem_path_cost_v2,generic_single_dpu_split_complex_v2,,,2d0cb93a2421a598cad750ffdc2b56ab47210eb82f0085de6000566be68c94a6,a3b8ef24f9fea19e163935c860be028edba0bf871e7e1e077bfe1a5447eb675a,completed,,0.003182204000040656,5,640,128,64,120,184,0,0,,5,1,0.0,1,2,upmem_pressure_v1,,,,upmem_path_cost_v2,synchronization_constrained,"{""caps"": {""dpu_to_host_payload_bytes"": 1048576.0, ""estimated_flops"": 2147614720.0, ""host_completion_events"": 4.0, ""host_to_dpu_payload_bytes"": 2097152.0, ""mram_dma_window_bytes_model"": 17180917760.0, ""mram_payload_pressure_ratio"": 1.0, ""numeric_representation_penalty"": 3.0, ""tile_iterations"": 1024.0, ""wram_known_pressure_ratio"": 1.0}, ""normalization_id"": ""fixed_log1p_generic_budgets_v2"", ""transform"": ""log1p(value)/log1p(cap)""}","{""caps"": {""application_max_contracted_combinations"": 4096, ""application_max_rank"": 16, ""application_max_tensor_elements"": 65536, ""native_abi_max_tensor_elements"": 65536}, ""dpu_parallelism_model"": ""single_dpu_serial_tasks"", ""host_completion_model"": ""one_synchronous_dpu_launch_per_real_component"", ""host_dpu_transfer_model"": ""per_real_component_operand_upload_and_output_download_no_reuse"", ""input_element_bytes"": 4, ""memory_budget_source"": ""configured_generic_dpu_policy_v2"", ""mram_capacity_bytes"": 67108864, ""mram_wram_transfer_model"": ""aligned_scalar_read_windows_and_aligned_output_tile_writes"", ""numeric_contract"": ""real_float32_or_split_real_imag_v2"", ""output_element_bytes"": 4, ""output_tile_elements"": 256, ""policy_id"": ""generic_single_dpu_split_complex_v2"", ""wram_budget_bytes"": 61440}",True,[],160,64,120,256,120,376,1400,160,5,0.0,0.016796875,5,64,256,120,1400,5,5,5,0,128,786432,67108864,0.01171875,0.000244140625,0.000244140625,1032,61440,0.016796875,"{""dpu_to_host_payload_bytes"": 120, ""estimated_flops"": 160, ""feasibility"": true, ""host_completion_event_scope"": ""one_synchronous_dpu_launch_per_real_component"", ""host_completion_events"": 5, ""host_to_dpu_payload_bytes"": 256, ""known_wram_static_bytes"": 1032, ""largest_tensor_bytes"": 64, ""memory_budget_scope"": ""configured_modeled_budget_not_measured_runtime_occupancy"", ""mram_capacity_bytes"": 67108864, ""mram_dma_window_bytes_model"": 1400, ""mram_dma_window_scope"": ""modeled_aligned_request_volume_not_physical_bus_bytes"", ""mram_max_region_payload_ratio"": 0.000244140625, ""mram_payload_pressure_ratio"": 0.000244140625, ""mram_payload_pressure_scope"": ""maximum_single_buffer_payload_divided_by_fixed_native_buffer_capacity"", ""mram_static_reservation_pressure_ratio"": 0.01171875, ""native_static_mram_reservation_bytes"": 786432, ""numeric_component_invocations"": 5, ""numeric_recombination_flops"": 0, ""numeric_representation_penalty"": 0.0, ""rejection_reasons"": [], ""task_mram_payload_bytes"": 128, ""tile_iterations"": 5, ""wram_budget_bytes"": 61440, ""wram_known_pressure_ratio"": 0.016796875}","{""dpu_to_host_payload_bytes"": 0.3459431380652539, ""estimated_flops"": 0.23648051791198318, ""host_completion_events"": 1.1132827525593785, ""host_to_dpu_payload_bytes"": 0.38122020414004265, ""mram_dma_window_bytes_model"": 0.3074180638675711, ""mram_payload_pressure_ratio"": 0.00035217748030102726, ""numeric_representation_penalty"": 0.0, ""tile_iterations"": 0.2584598539004127, ""wram_known_pressure_ratio"": 0.02403150151674986}",0.9423181728275855,1,True,True,modeled,False
research_benchmark_pack_v1,thesis_planner_sensitivity_v2_planner_compare,quantum_bv_3q_sensitivity_v2,quantum,3,quantum_circuit,False,,11,13,4,16,11,custom_upmem.greedy.v2.synchronization_constrained,custom_upmem,native_target_projected_prefix_greedy,b8051e9addae8ef03cd83f704a6c0b44a271351853044aaaeb6bc834b43172be,"{""algorithm"": ""greedy"", ""engine"": ""custom_upmem"", ""execution_policy"": ""generic_single_dpu_split_complex_v2"", ""normalization"": ""fixed_log1p_generic_budgets_v2"", ""numeric_contract"": ""real_float32_or_split_real_imag_v2"", ""objective_version"": ""upmem_path_cost_v2"", ""selection_scope"": ""projected_prefix"", ""weight_profile"": ""synchronization_constrained""}",projected_prefix,greedy,upmem_path_cost_v2,generic_single_dpu_split_complex_v2,,,abbee7d0d88cae6bd42e0d9edf33be7fe9c3477d3a8e956c560a5f940d880ae7,0514e94a4192f2f5c05c823b7f1e938000e5f33b935d2bad29cdad8b8c1c5144,completed,,0.01883355799873243,10,1600,256,136,328,464,0,0,,10,1,0.43452380952380953,2,2,upmem_pressure_v1,,,,upmem_path_cost_v2,synchronization_constrained,"{""caps"": {""dpu_to_host_payload_bytes"": 1048576.0, ""estimated_flops"": 2147614720.0, ""host_completion_events"": 4.0, ""host_to_dpu_payload_bytes"": 2097152.0, ""mram_dma_window_bytes_model"": 17180917760.0, ""mram_payload_pressure_ratio"": 1.0, ""numeric_representation_penalty"": 3.0, ""tile_iterations"": 1024.0, ""wram_known_pressure_ratio"": 1.0}, ""normalization_id"": ""fixed_log1p_generic_budgets_v2"", ""transform"": ""log1p(value)/log1p(cap)""}","{""caps"": {""application_max_contracted_combinations"": 4096, ""application_max_rank"": 16, ""application_max_tensor_elements"": 65536, ""native_abi_max_tensor_elements"": 65536}, ""dpu_parallelism_model"": ""single_dpu_serial_tasks"", ""host_completion_model"": ""one_synchronous_dpu_launch_per_real_component"", ""host_dpu_transfer_model"": ""per_real_component_operand_upload_and_output_download_no_reuse"", ""input_element_bytes"": 4, ""memory_budget_source"": ""configured_generic_dpu_policy_v2"", ""mram_capacity_bytes"": 67108864, ""mram_wram_transfer_model"": ""aligned_scalar_read_windows_and_aligned_output_tile_writes"", ""numeric_contract"": ""real_float32_or_split_real_imag_v2"", ""output_element_bytes"": 4, ""output_tile_elements"": 256, ""policy_id"": ""generic_single_dpu_split_complex_v2"", ""wram_budget_bytes"": 61440}",True,[],400,64,328,544,328,872,3528,400,10,0.0,0.016796875,10,64,544,328,3528,10,10,10,0,192,786432,67108864,0.01171875,0.000244140625,0.000244140625,1032,61440,0.016796875,"{""dpu_to_host_payload_bytes"": 328, ""estimated_flops"": 400, ""feasibility"": true, ""host_completion_event_scope"": ""one_synchronous_dpu_launch_per_real_component"", ""host_completion_events"": 10, ""host_to_dpu_payload_bytes"": 544, ""known_wram_static_bytes"": 1032, ""largest_tensor_bytes"": 64, ""memory_budget_scope"": ""configured_modeled_budget_not_measured_runtime_occupancy"", ""mram_capacity_bytes"": 67108864, ""mram_dma_window_bytes_model"": 3528, ""mram_dma_window_scope"": ""modeled_aligned_request_volume_not_physical_bus_bytes"", ""mram_max_region_payload_ratio"": 0.000244140625, ""mram_payload_pressure_ratio"": 0.000244140625, ""mram_payload_pressure_scope"": ""maximum_single_buffer_payload_divided_by_fixed_native_buffer_capacity"", ""mram_static_reservation_pressure_ratio"": 0.01171875, ""native_static_mram_reservation_bytes"": 786432, ""numeric_component_invocations"": 10, ""numeric_recombination_flops"": 0, ""numeric_representation_penalty"": 0.0, ""rejection_reasons"": [], ""task_mram_payload_bytes"": 192, ""tile_iterations"": 10, ""wram_budget_bytes"": 61440, ""wram_known_pressure_ratio"": 0.016796875}","{""dpu_to_host_payload_bytes"": 0.4180971599245926, ""estimated_flops"": 0.27894947948670906, ""host_completion_events"": 1.4898961024049782, ""host_to_dpu_payload_bytes"": 0.4328624819945243, ""mram_dma_window_bytes_model"": 0.3466180351232442, ""mram_payload_pressure_ratio"": 0.00035217748030102726, ""numeric_representation_penalty"": 0.0, ""tile_iterations"": 0.34589445320077966, ""wram_known_pressure_ratio"": 0.02403150151674986}",1.2610957725641385,1,True,True,modeled,False
research_benchmark_pack_v1,thesis_planner_sensitivity_v2_planner_compare,quantum_ghz_3q_sensitivity_v2,quantum,3,quantum_circuit,False,,6,8,4,16,6,custom_upmem.greedy.v2.wram_constrained,custom_upmem,native_target_projected_prefix_greedy,fde812588671a3d9df7989613d74a726977d15c7159aab8025fab190502208a8,"{""algorithm"": ""greedy"", ""engine"": ""custom_upmem"", ""execution_policy"": ""generic_single_dpu_split_complex_v2"", ""normalization"": ""fixed_log1p_generic_budgets_v2"", ""numeric_contract"": ""real_float32_or_split_real_imag_v2"", ""objective_version"": ""upmem_path_cost_v2"", ""selection_scope"": ""projected_prefix"", ""weight_profile"": ""wram_constrained""}",projected_prefix,greedy,upmem_path_cost_v2,generic_single_dpu_split_complex_v2,,,ce3b3c679ee42da6dbfdf221524bc70973b15273bc0bafb832455990436545b3,a3b8ef24f9fea19e163935c860be028edba0bf871e7e1e077bfe1a5447eb675a,completed,,0.003237727996747708,5,640,128,64,120,184,0,0,,5,1,0.0,1,2,upmem_pressure_v1,,,,upmem_path_cost_v2,wram_constrained,"{""caps"": {""dpu_to_host_payload_bytes"": 1048576.0, ""estimated_flops"": 2147614720.0, ""host_completion_events"": 4.0, ""host_to_dpu_payload_bytes"": 2097152.0, ""mram_dma_window_bytes_model"": 17180917760.0, ""mram_payload_pressure_ratio"": 1.0, ""numeric_representation_penalty"": 3.0, ""tile_iterations"": 1024.0, ""wram_known_pressure_ratio"": 1.0}, ""normalization_id"": ""fixed_log1p_generic_budgets_v2"", ""transform"": ""log1p(value)/log1p(cap)""}","{""caps"": {""application_max_contracted_combinations"": 4096, ""application_max_rank"": 16, ""application_max_tensor_elements"": 65536, ""native_abi_max_tensor_elements"": 65536}, ""dpu_parallelism_model"": ""single_dpu_serial_tasks"", ""host_completion_model"": ""one_synchronous_dpu_launch_per_real_component"", ""host_dpu_transfer_model"": ""per_real_component_operand_upload_and_output_download_no_reuse"", ""input_element_bytes"": 4, ""memory_budget_source"": ""configured_generic_dpu_policy_v2"", ""mram_capacity_bytes"": 67108864, ""mram_wram_transfer_model"": ""aligned_scalar_read_windows_and_aligned_output_tile_writes"", ""numeric_contract"": ""real_float32_or_split_real_imag_v2"", ""output_element_bytes"": 4, ""output_tile_elements"": 256, ""policy_id"": ""generic_single_dpu_split_complex_v2"", ""wram_budget_bytes"": 61440}",True,[],160,64,120,256,120,376,1400,160,5,0.0,0.016796875,5,64,256,120,1400,5,5,5,0,128,786432,67108864,0.01171875,0.000244140625,0.000244140625,1032,61440,0.016796875,"{""dpu_to_host_payload_bytes"": 120, ""estimated_flops"": 160, ""feasibility"": true, ""host_completion_event_scope"": ""one_synchronous_dpu_launch_per_real_component"", ""host_completion_events"": 5, ""host_to_dpu_payload_bytes"": 256, ""known_wram_static_bytes"": 1032, ""largest_tensor_bytes"": 64, ""memory_budget_scope"": ""configured_modeled_budget_not_measured_runtime_occupancy"", ""mram_capacity_bytes"": 67108864, ""mram_dma_window_bytes_model"": 1400, ""mram_dma_window_scope"": ""modeled_aligned_request_volume_not_physical_bus_bytes"", ""mram_max_region_payload_ratio"": 0.000244140625, ""mram_payload_pressure_ratio"": 0.000244140625, ""mram_payload_pressure_scope"": ""maximum_single_buffer_payload_divided_by_fixed_native_buffer_capacity"", ""mram_static_reservation_pressure_ratio"": 0.01171875, ""native_static_mram_reservation_bytes"": 786432, ""numeric_component_invocations"": 5, ""numeric_recombination_flops"": 0, ""numeric_representation_penalty"": 0.0, ""rejection_reasons"": [], ""task_mram_payload_bytes"": 128, ""tile_iterations"": 5, ""wram_budget_bytes"": 61440, ""wram_known_pressure_ratio"": 0.016796875}","{""dpu_to_host_payload_bytes"": 0.3459431380652539, ""estimated_flops"": 0.23648051791198318, ""host_completion_events"": 1.1132827525593785, ""host_to_dpu_payload_bytes"": 0.38122020414004265, ""mram_dma_window_bytes_model"": 0.3074180638675711, ""mram_payload_pressure_ratio"": 0.00035217748030102726, ""numeric_representation_penalty"": 0.0, ""tile_iterations"": 0.2584598539004127, ""wram_known_pressure_ratio"": 0.02403150151674986}",0.009823907094880562,1,True,True,modeled,False
research_benchmark_pack_v1,thesis_planner_sensitivity_v2_planner_compare,quantum_bv_3q_sensitivity_v2,quantum,3,quantum_circuit,False,,11,13,4,16,11,custom_upmem.greedy.v2.wram_constrained,custom_upmem,native_target_projected_prefix_greedy,fde812588671a3d9df7989613d74a726977d15c7159aab8025fab190502208a8,"{""algorithm"": ""greedy"", ""engine"": ""custom_upmem"", ""execution_policy"": ""generic_single_dpu_split_complex_v2"", ""normalization"": ""fixed_log1p_generic_budgets_v2"", ""numeric_contract"": ""real_float32_or_split_real_imag_v2"", ""objective_version"": ""upmem_path_cost_v2"", ""selection_scope"": ""projected_prefix"", ""weight_profile"": ""wram_constrained""}",projected_prefix,greedy,upmem_path_cost_v2,generic_single_dpu_split_complex_v2,,,7d5967bfc0c468acb00dbd6968b049b4248716dc474a3172db0f5c3f823e34a0,0514e94a4192f2f5c05c823b7f1e938000e5f33b935d2bad29cdad8b8c1c5144,completed,,0.018934527000965318,10,1600,256,136,328,464,0,0,,10,1,0.43452380952380953,2,2,upmem_pressure_v1,,,,upmem_path_cost_v2,wram_constrained,"{""caps"": {""dpu_to_host_payload_bytes"": 1048576.0, ""estimated_flops"": 2147614720.0, ""host_completion_events"": 4.0, ""host_to_dpu_payload_bytes"": 2097152.0, ""mram_dma_window_bytes_model"": 17180917760.0, ""mram_payload_pressure_ratio"": 1.0, ""numeric_representation_penalty"": 3.0, ""tile_iterations"": 1024.0, ""wram_known_pressure_ratio"": 1.0}, ""normalization_id"": ""fixed_log1p_generic_budgets_v2"", ""transform"": ""log1p(value)/log1p(cap)""}","{""caps"": {""application_max_contracted_combinations"": 4096, ""application_max_rank"": 16, ""application_max_tensor_elements"": 65536, ""native_abi_max_tensor_elements"": 65536}, ""dpu_parallelism_model"": ""single_dpu_serial_tasks"", ""host_completion_model"": ""one_synchronous_dpu_launch_per_real_component"", ""host_dpu_transfer_model"": ""per_real_component_operand_upload_and_output_download_no_reuse"", ""input_element_bytes"": 4, ""memory_budget_source"": ""configured_generic_dpu_policy_v2"", ""mram_capacity_bytes"": 67108864, ""mram_wram_transfer_model"": ""aligned_scalar_read_windows_and_aligned_output_tile_writes"", ""numeric_contract"": ""real_float32_or_split_real_imag_v2"", ""output_element_bytes"": 4, ""output_tile_elements"": 256, ""policy_id"": ""generic_single_dpu_split_complex_v2"", ""wram_budget_bytes"": 61440}",True,[],400,64,328,544,328,872,3528,400,10,0.0,0.016796875,10,64,544,328,3528,10,10,10,0,192,786432,67108864,0.01171875,0.000244140625,0.000244140625,1032,61440,0.016796875,"{""dpu_to_host_payload_bytes"": 328, ""estimated_flops"": 400, ""feasibility"": true, ""host_completion_event_scope"": ""one_synchronous_dpu_launch_per_real_component"", ""host_completion_events"": 10, ""host_to_dpu_payload_bytes"": 544, ""known_wram_static_bytes"": 1032, ""largest_tensor_bytes"": 64, ""memory_budget_scope"": ""configured_modeled_budget_not_measured_runtime_occupancy"", ""mram_capacity_bytes"": 67108864, ""mram_dma_window_bytes_model"": 3528, ""mram_dma_window_scope"": ""modeled_aligned_request_volume_not_physical_bus_bytes"", ""mram_max_region_payload_ratio"": 0.000244140625, ""mram_payload_pressure_ratio"": 0.000244140625, ""mram_payload_pressure_scope"": ""maximum_single_buffer_payload_divided_by_fixed_native_buffer_capacity"", ""mram_static_reservation_pressure_ratio"": 0.01171875, ""native_static_mram_reservation_bytes"": 786432, ""numeric_component_invocations"": 10, ""numeric_recombination_flops"": 0, ""numeric_representation_penalty"": 0.0, ""rejection_reasons"": [], ""task_mram_payload_bytes"": 192, ""tile_iterations"": 10, ""wram_budget_bytes"": 61440, ""wram_known_pressure_ratio"": 0.016796875}","{""dpu_to_host_payload_bytes"": 0.4180971599245926, ""estimated_flops"": 0.27894947948670906, ""host_completion_events"": 1.4898961024049782, ""host_to_dpu_payload_bytes"": 0.4328624819945243, ""mram_dma_window_bytes_model"": 0.3466180351232442, ""mram_payload_pressure_ratio"": 0.00035217748030102726, ""numeric_representation_penalty"": 0.0, ""tile_iterations"": 0.34589445320077966, ""wram_known_pressure_ratio"": 0.02403150151674986}",0.009823907094880562,1,True,True,modeled,False
research_benchmark_pack_v1,thesis_planner_semantic_v2_planner_compare,quantum_ghz_3q_semantic_v2,quantum,3,quantum_circuit,False,,6,8,4,16,6,opt_einsum.auto,opt_einsum,external_path_optimizer,e4fe2eea8b9aaa935b91fc73f8e7b5a4d59746c545686b2803cb83e99dd31633,"{""engine"": ""opt_einsum"", ""opt_einsum_version"": ""3.4.0"", ""optimize"": ""auto""}",,auto,opt_einsum_contract_path,opt_einsum_internal,,,8c2bdc6c288c664ce744c815496fdd1e7857d243f650ee3e9b649d861a5af405,d673feb164aac9f8a0ca8f46364ed89b869034bf8f5fb0707f2e232bad3fd479,completed,,0.0005334679990482982,5,480,128,64,120,184,0,0,,5,1,0.0,1,1,upmem_pressure_v1,,,,upmem_path_cost_v2,balanced_literature_informed,"{""caps"": {""dpu_to_host_payload_bytes"": 1048576.0, ""estimated_flops"": 2147614720.0, ""host_completion_events"": 4.0, ""host_to_dpu_payload_bytes"": 2097152.0, ""mram_dma_window_bytes_model"": 17180917760.0, ""mram_payload_pressure_ratio"": 1.0, ""numeric_representation_penalty"": 3.0, ""tile_iterations"": 1024.0, ""wram_known_pressure_ratio"": 1.0}, ""normalization_id"": ""fixed_log1p_generic_budgets_v2"", ""transform"": ""log1p(value)/log1p(cap)""}","{""caps"": {""application_max_contracted_combinations"": 4096, ""application_max_rank"": 16, ""application_max_tensor_elements"": 65536, ""native_abi_max_tensor_elements"": 65536}, ""dpu_parallelism_model"": ""single_dpu_serial_tasks"", ""host_completion_model"": ""one_synchronous_dpu_launch_per_real_component"", ""host_dpu_transfer_model"": ""per_real_component_operand_upload_and_output_download_no_reuse"", ""input_element_bytes"": 4, ""memory_budget_source"": ""configured_generic_dpu_policy_v2"", ""mram_capacity_bytes"": 67108864, ""mram_wram_transfer_model"": ""aligned_scalar_read_windows_and_aligned_output_tile_writes"", ""numeric_contract"": ""real_float32_or_split_real_imag_v2"", ""output_element_bytes"": 4, ""output_tile_elements"": 256, ""policy_id"": ""generic_single_dpu_split_complex_v2"", ""wram_budget_bytes"": 61440}",True,[],120,64,120,256,120,376,1080,120,5,0.0,0.016796875,5,64,256,120,1080,5,5,5,0,104,786432,67108864,0.01171875,0.000244140625,0.000244140625,1032,61440,0.016796875,"{""dpu_to_host_payload_bytes"": 120, ""estimated_flops"": 120, ""feasibility"": true, ""host_completion_event_scope"": ""one_synchronous_dpu_launch_per_real_component"", ""host_completion_events"": 5, ""host_to_dpu_payload_bytes"": 256, ""known_wram_static_bytes"": 1032, ""largest_tensor_bytes"": 64, ""memory_budget_scope"": ""configured_modeled_budget_not_measured_runtime_occupancy"", ""mram_capacity_bytes"": 67108864, ""mram_dma_window_bytes_model"": 1080, ""mram_dma_window_scope"": ""modeled_aligned_request_volume_not_physical_bus_bytes"", ""mram_max_region_payload_ratio"": 0.000244140625, ""mram_payload_pressure_ratio"": 0.000244140625, ""mram_payload_pressure_scope"": ""maximum_single_buffer_payload_divided_by_fixed_native_buffer_capacity"", ""mram_static_reservation_pressure_ratio"": 0.01171875, ""native_static_mram_reservation_bytes"": 786432, ""numeric_component_invocations"": 5, ""numeric_recombination_flops"": 0, ""numeric_representation_penalty"": 0.0, ""rejection_reasons"": [], ""task_mram_payload_bytes"": 104, ""tile_iterations"": 5, ""wram_budget_bytes"": 61440, ""wram_known_pressure_ratio"": 0.016796875}","{""dpu_to_host_payload_bytes"": 0.3459431380652539, ""estimated_flops"": 0.22318850273660074, ""host_completion_events"": 1.1132827525593785, ""host_to_dpu_payload_bytes"": 0.38122020414004265, ""mram_dma_window_bytes_model"": 0.29641543257678227, ""mram_payload_pressure_ratio"": 0.00035217748030102726, ""numeric_representation_penalty"": 0.0, ""tile_iterations"": 0.2584598539004127, ""wram_known_pressure_ratio"": 0.02403150151674986}",0.31503085162458677,1,False,True,modeled,False
research_benchmark_pack_v1,thesis_planner_semantic_v2_planner_compare,quantum_bv_3q_semantic_v2,quantum,3,quantum_circuit,False,,11,13,4,16,11,opt_einsum.auto,opt_einsum,external_path_optimizer,e4fe2eea8b9aaa935b91fc73f8e7b5a4d59746c545686b2803cb83e99dd31633,"{""engine"": ""opt_einsum"", ""opt_einsum_version"": ""3.4.0"", ""optimize"": ""auto""}",,auto,opt_einsum_contract_path,opt_einsum_internal,,,39e2d8a7dab4585da835d166c9bdee876ea2572dc97fad32b1e84a7723217f83,7dd16a79534668c2a94729593ddd733e61426bb773501e189b6fe188bf7f0a60,completed,,0.0004423870013852138,10,864,128,108,216,324,0,0,,10,1,0.0,1,1,upmem_pressure_v1,,,,upmem_path_cost_v2,balanced_literature_informed,"{""caps"": {""dpu_to_host_payload_bytes"": 1048576.0, ""estimated_flops"": 2147614720.0, ""host_completion_events"": 4.0, ""host_to_dpu_payload_bytes"": 2097152.0, ""mram_dma_window_bytes_model"": 17180917760.0, ""mram_payload_pressure_ratio"": 1.0, ""numeric_representation_penalty"": 3.0, ""tile_iterations"": 1024.0, ""wram_known_pressure_ratio"": 1.0}, ""normalization_id"": ""fixed_log1p_generic_budgets_v2"", ""transform"": ""log1p(value)/log1p(cap)""}","{""caps"": {""application_max_contracted_combinations"": 4096, ""application_max_rank"": 16, ""application_max_tensor_elements"": 65536, ""native_abi_max_tensor_elements"": 65536}, ""dpu_parallelism_model"": ""single_dpu_serial_tasks"", ""host_completion_model"": ""one_synchronous_dpu_launch_per_real_component"", ""host_dpu_transfer_model"": ""per_real_component_operand_upload_and_output_download_no_reuse"", ""input_element_bytes"": 4, ""memory_budget_source"": ""configured_generic_dpu_policy_v2"", ""mram_capacity_bytes"": 67108864, ""mram_wram_transfer_model"": ""aligned_scalar_read_windows_and_aligned_output_tile_writes"", ""numeric_contract"": ""real_float32_or_split_real_imag_v2"", ""output_element_bytes"": 4, ""output_tile_elements"": 256, ""policy_id"": ""generic_single_dpu_split_complex_v2"", ""wram_budget_bytes"": 61440}",True,[],216,64,216,432,216,648,1944,216,10,0.0,0.016796875,10,64,432,216,1944,10,10,10,0,104,786432,67108864,0.01171875,0.000244140625,0.000244140625,1032,61440,0.016796875,"{""dpu_to_host_payload_bytes"": 216, ""estimated_flops"": 216, ""feasibility"": true, ""host_completion_event_scope"": ""one_synchronous_dpu_launch_per_real_component"", ""host_completion_events"": 10, ""host_to_dpu_payload_bytes"": 432, ""known_wram_static_bytes"": 1032, ""largest_tensor_bytes"": 64, ""memory_budget_scope"": ""configured_modeled_budget_not_measured_runtime_occupancy"", ""mram_capacity_bytes"": 67108864, ""mram_dma_window_bytes_model"": 1944, ""mram_dma_window_scope"": ""modeled_aligned_request_volume_not_physical_bus_bytes"", ""mram_max_region_payload_ratio"": 0.000244140625, ""mram_payload_pressure_ratio"": 0.000244140625, ""mram_payload_pressure_scope"": ""maximum_single_buffer_payload_divided_by_fixed_native_buffer_capacity"", ""mram_static_reservation_pressure_ratio"": 0.01171875, ""native_static_mram_reservation_bytes"": 786432, ""numeric_component_invocations"": 10, ""numeric_recombination_flops"": 0, ""numeric_representation_penalty"": 0.0, ""rejection_reasons"": [], ""task_mram_payload_bytes"": 104, ""tile_iterations"": 10, ""wram_budget_bytes"": 61440, ""wram_known_pressure_ratio"": 0.016796875}","{""dpu_to_host_payload_bytes"": 0.3880775349251954, ""estimated_flops"": 0.250371909239395, ""host_completion_events"": 1.4898961024049782, ""host_to_dpu_payload_bytes"": 0.4170582346580795, ""mram_dma_window_bytes_model"": 0.3213390042695986, ""mram_payload_pressure_ratio"": 0.00035217748030102726, ""numeric_representation_penalty"": 0.0, ""tile_iterations"": 0.34589445320077966, ""wram_known_pressure_ratio"": 0.02403150151674986}",0.3763269069591295,1,False,True,modeled,False
research_benchmark_pack_v1,thesis_planner_semantic_v2_planner_compare,quantum_ghz_3q_semantic_v2,quantum,3,quantum_circuit,False,,6,8,4,16,6,opt_einsum.greedy,opt_einsum,external_path_optimizer,2197acf1524706bd82747388500c1b3a4fe50aefeb9d40cdf554575733b0b275,"{""engine"": ""opt_einsum"", ""opt_einsum_version"": ""3.4.0"", ""optimize"": ""greedy""}",,greedy,opt_einsum_contract_path,opt_einsum_internal,,,3b4899a0d8efcc5adab0e9f942806210b3ef405ece557d55c1941f61eadd3c26,d673feb164aac9f8a0ca8f46364ed89b869034bf8f5fb0707f2e232bad3fd479,completed,,0.00020906099962303415,5,480,128,64,120,184,0,0,,5,1,0.0,1,1,upmem_pressure_v1,,,,upmem_path_cost_v2,balanced_literature_informed,"{""caps"": {""dpu_to_host_payload_bytes"": 1048576.0, ""estimated_flops"": 2147614720.0, ""host_completion_events"": 4.0, ""host_to_dpu_payload_bytes"": 2097152.0, ""mram_dma_window_bytes_model"": 17180917760.0, ""mram_payload_pressure_ratio"": 1.0, ""numeric_representation_penalty"": 3.0, ""tile_iterations"": 1024.0, ""wram_known_pressure_ratio"": 1.0}, ""normalization_id"": ""fixed_log1p_generic_budgets_v2"", ""transform"": ""log1p(value)/log1p(cap)""}","{""caps"": {""application_max_contracted_combinations"": 4096, ""application_max_rank"": 16, ""application_max_tensor_elements"": 65536, ""native_abi_max_tensor_elements"": 65536}, ""dpu_parallelism_model"": ""single_dpu_serial_tasks"", ""host_completion_model"": ""one_synchronous_dpu_launch_per_real_component"", ""host_dpu_transfer_model"": ""per_real_component_operand_upload_and_output_download_no_reuse"", ""input_element_bytes"": 4, ""memory_budget_source"": ""configured_generic_dpu_policy_v2"", ""mram_capacity_bytes"": 67108864, ""mram_wram_transfer_model"": ""aligned_scalar_read_windows_and_aligned_output_tile_writes"", ""numeric_contract"": ""real_float32_or_split_real_imag_v2"", ""output_element_bytes"": 4, ""output_tile_elements"": 256, ""policy_id"": ""generic_single_dpu_split_complex_v2"", ""wram_budget_bytes"": 61440}",True,[],120,64,120,256,120,376,1080,120,5,0.0,0.016796875,5,64,256,120,1080,5,5,5,0,104,786432,67108864,0.01171875,0.000244140625,0.000244140625,1032,61440,0.016796875,"{""dpu_to_host_payload_bytes"": 120, ""estimated_flops"": 120, ""feasibility"": true, ""host_completion_event_scope"": ""one_synchronous_dpu_launch_per_real_component"", ""host_completion_events"": 5, ""host_to_dpu_payload_bytes"": 256, ""known_wram_static_bytes"": 1032, ""largest_tensor_bytes"": 64, ""memory_budget_scope"": ""configured_modeled_budget_not_measured_runtime_occupancy"", ""mram_capacity_bytes"": 67108864, ""mram_dma_window_bytes_model"": 1080, ""mram_dma_window_scope"": ""modeled_aligned_request_volume_not_physical_bus_bytes"", ""mram_max_region_payload_ratio"": 0.000244140625, ""mram_payload_pressure_ratio"": 0.000244140625, ""mram_payload_pressure_scope"": ""maximum_single_buffer_payload_divided_by_fixed_native_buffer_capacity"", ""mram_static_reservation_pressure_ratio"": 0.01171875, ""native_static_mram_reservation_bytes"": 786432, ""numeric_component_invocations"": 5, ""numeric_recombination_flops"": 0, ""numeric_representation_penalty"": 0.0, ""rejection_reasons"": [], ""task_mram_payload_bytes"": 104, ""tile_iterations"": 5, ""wram_budget_bytes"": 61440, ""wram_known_pressure_ratio"": 0.016796875}","{""dpu_to_host_payload_bytes"": 0.3459431380652539, ""estimated_flops"": 0.22318850273660074, ""host_completion_events"": 1.1132827525593785, ""host_to_dpu_payload_bytes"": 0.38122020414004265, ""mram_dma_window_bytes_model"": 0.29641543257678227, ""mram_payload_pressure_ratio"": 0.00035217748030102726, ""numeric_representation_penalty"": 0.0, ""tile_iterations"": 0.2584598539004127, ""wram_known_pressure_ratio"": 0.02403150151674986}",0.31503085162458677,1,False,True,modeled,False
research_benchmark_pack_v1,thesis_planner_semantic_v2_planner_compare,quantum_bv_3q_semantic_v2,quantum,3,quantum_circuit,False,,11,13,4,16,11,opt_einsum.greedy,opt_einsum,external_path_optimizer,2197acf1524706bd82747388500c1b3a4fe50aefeb9d40cdf554575733b0b275,"{""engine"": ""opt_einsum"", ""opt_einsum_version"": ""3.4.0"", ""optimize"": ""greedy""}",,greedy,opt_einsum_contract_path,opt_einsum_internal,,,1e9dd3497e0cc860425feffa92b80c99de749a11c3b89d006a0d1b5db9a8ab0b,216be6f44fd08646342608eda3e8a43551b0870dc60ec83f8f5f7b390fee4d6c,completed,,0.000328144000377506,10,864,128,108,216,324,0,0,,10,1,0.0,1,1,upmem_pressure_v1,,,,upmem_path_cost_v2,balanced_literature_informed,"{""caps"": {""dpu_to_host_payload_bytes"": 1048576.0, ""estimated_flops"": 2147614720.0, ""host_completion_events"": 4.0, ""host_to_dpu_payload_bytes"": 2097152.0, ""mram_dma_window_bytes_model"": 17180917760.0, ""mram_payload_pressure_ratio"": 1.0, ""numeric_representation_penalty"": 3.0, ""tile_iterations"": 1024.0, ""wram_known_pressure_ratio"": 1.0}, ""normalization_id"": ""fixed_log1p_generic_budgets_v2"", ""transform"": ""log1p(value)/log1p(cap)""}","{""caps"": {""application_max_contracted_combinations"": 4096, ""application_max_rank"": 16, ""application_max_tensor_elements"": 65536, ""native_abi_max_tensor_elements"": 65536}, ""dpu_parallelism_model"": ""single_dpu_serial_tasks"", ""host_completion_model"": ""one_synchronous_dpu_launch_per_real_component"", ""host_dpu_transfer_model"": ""per_real_component_operand_upload_and_output_download_no_reuse"", ""input_element_bytes"": 4, ""memory_budget_source"": ""configured_generic_dpu_policy_v2"", ""mram_capacity_bytes"": 67108864, ""mram_wram_transfer_model"": ""aligned_scalar_read_windows_and_aligned_output_tile_writes"", ""numeric_contract"": ""real_float32_or_split_real_imag_v2"", ""output_element_bytes"": 4, ""output_tile_elements"": 256, ""policy_id"": ""generic_single_dpu_split_complex_v2"", ""wram_budget_bytes"": 61440}",True,[],216,64,216,432,216,648,1944,216,10,0.0,0.016796875,10,64,432,216,1944,10,10,10,0,104,786432,67108864,0.01171875,0.000244140625,0.000244140625,1032,61440,0.016796875,"{""dpu_to_host_payload_bytes"": 216, ""estimated_flops"": 216, ""feasibility"": true, ""host_completion_event_scope"": ""one_synchronous_dpu_launch_per_real_component"", ""host_completion_events"": 10, ""host_to_dpu_payload_bytes"": 432, ""known_wram_static_bytes"": 1032, ""largest_tensor_bytes"": 64, ""memory_budget_scope"": ""configured_modeled_budget_not_measured_runtime_occupancy"", ""mram_capacity_bytes"": 67108864, ""mram_dma_window_bytes_model"": 1944, ""mram_dma_window_scope"": ""modeled_aligned_request_volume_not_physical_bus_bytes"", ""mram_max_region_payload_ratio"": 0.000244140625, ""mram_payload_pressure_ratio"": 0.000244140625, ""mram_payload_pressure_scope"": ""maximum_single_buffer_payload_divided_by_fixed_native_buffer_capacity"", ""mram_static_reservation_pressure_ratio"": 0.01171875, ""native_static_mram_reservation_bytes"": 786432, ""numeric_component_invocations"": 10, ""numeric_recombination_flops"": 0, ""numeric_representation_penalty"": 0.0, ""rejection_reasons"": [], ""task_mram_payload_bytes"": 104, ""tile_iterations"": 10, ""wram_budget_bytes"": 61440, ""wram_known_pressure_ratio"": 0.016796875}","{""dpu_to_host_payload_bytes"": 0.3880775349251954, ""estimated_flops"": 0.250371909239395, ""host_completion_events"": 1.4898961024049782, ""host_to_dpu_payload_bytes"": 0.4170582346580795, ""mram_dma_window_bytes_model"": 0.3213390042695986, ""mram_payload_pressure_ratio"": 0.00035217748030102726, ""numeric_representation_penalty"": 0.0, ""tile_iterations"": 0.34589445320077966, ""wram_known_pressure_ratio"": 0.02403150151674986}",0.3763269069591295,1,False,True,modeled,False
research_benchmark_pack_v1,thesis_planner_sensitivity_v2_planner_compare,quantum_ghz_3q_sensitivity_v2,quantum,3,quantum_circuit,False,,6,8,4,16,6,opt_einsum.greedy,opt_einsum,external_path_optimizer,2197acf1524706bd82747388500c1b3a4fe50aefeb9d40cdf554575733b0b275,"{""engine"": ""opt_einsum"", ""opt_einsum_version"": ""3.4.0"", ""optimize"": ""greedy""}",,greedy,opt_einsum_contract_path,opt_einsum_internal,,,3b4899a0d8efcc5adab0e9f942806210b3ef405ece557d55c1941f61eadd3c26,d673feb164aac9f8a0ca8f46364ed89b869034bf8f5fb0707f2e232bad3fd479,completed,,0.00022829699810245074,5,480,128,64,120,184,0,0,,5,1,0.0,1,1,upmem_pressure_v1,,,,upmem_path_cost_v2,balanced_literature_informed,"{""caps"": {""dpu_to_host_payload_bytes"": 1048576.0, ""estimated_flops"": 2147614720.0, ""host_completion_events"": 4.0, ""host_to_dpu_payload_bytes"": 2097152.0, ""mram_dma_window_bytes_model"": 17180917760.0, ""mram_payload_pressure_ratio"": 1.0, ""numeric_representation_penalty"": 3.0, ""tile_iterations"": 1024.0, ""wram_known_pressure_ratio"": 1.0}, ""normalization_id"": ""fixed_log1p_generic_budgets_v2"", ""transform"": ""log1p(value)/log1p(cap)""}","{""caps"": {""application_max_contracted_combinations"": 4096, ""application_max_rank"": 16, ""application_max_tensor_elements"": 65536, ""native_abi_max_tensor_elements"": 65536}, ""dpu_parallelism_model"": ""single_dpu_serial_tasks"", ""host_completion_model"": ""one_synchronous_dpu_launch_per_real_component"", ""host_dpu_transfer_model"": ""per_real_component_operand_upload_and_output_download_no_reuse"", ""input_element_bytes"": 4, ""memory_budget_source"": ""configured_generic_dpu_policy_v2"", ""mram_capacity_bytes"": 67108864, ""mram_wram_transfer_model"": ""aligned_scalar_read_windows_and_aligned_output_tile_writes"", ""numeric_contract"": ""real_float32_or_split_real_imag_v2"", ""output_element_bytes"": 4, ""output_tile_elements"": 256, ""policy_id"": ""generic_single_dpu_split_complex_v2"", ""wram_budget_bytes"": 61440}",True,[],120,64,120,256,120,376,1080,120,5,0.0,0.016796875,5,64,256,120,1080,5,5,5,0,104,786432,67108864,0.01171875,0.000244140625,0.000244140625,1032,61440,0.016796875,"{""dpu_to_host_payload_bytes"": 120, ""estimated_flops"": 120, ""feasibility"": true, ""host_completion_event_scope"": ""one_synchronous_dpu_launch_per_real_component"", ""host_completion_events"": 5, ""host_to_dpu_payload_bytes"": 256, ""known_wram_static_bytes"": 1032, ""largest_tensor_bytes"": 64, ""memory_budget_scope"": ""configured_modeled_budget_not_measured_runtime_occupancy"", ""mram_capacity_bytes"": 67108864, ""mram_dma_window_bytes_model"": 1080, ""mram_dma_window_scope"": ""modeled_aligned_request_volume_not_physical_bus_bytes"", ""mram_max_region_payload_ratio"": 0.000244140625, ""mram_payload_pressure_ratio"": 0.000244140625, ""mram_payload_pressure_scope"": ""maximum_single_buffer_payload_divided_by_fixed_native_buffer_capacity"", ""mram_static_reservation_pressure_ratio"": 0.01171875, ""native_static_mram_reservation_bytes"": 786432, ""numeric_component_invocations"": 5, ""numeric_recombination_flops"": 0, ""numeric_representation_penalty"": 0.0, ""rejection_reasons"": [], ""task_mram_payload_bytes"": 104, ""tile_iterations"": 5, ""wram_budget_bytes"": 61440, ""wram_known_pressure_ratio"": 0.016796875}","{""dpu_to_host_payload_bytes"": 0.3459431380652539, ""estimated_flops"": 0.22318850273660074, ""host_completion_events"": 1.1132827525593785, ""host_to_dpu_payload_bytes"": 0.38122020414004265, ""mram_dma_window_bytes_model"": 0.29641543257678227, ""mram_payload_pressure_ratio"": 0.00035217748030102726, ""numeric_representation_penalty"": 0.0, ""tile_iterations"": 0.2584598539004127, ""wram_known_pressure_ratio"": 0.02403150151674986}",0.31503085162458677,1,False,True,modeled,False
research_benchmark_pack_v1,thesis_planner_sensitivity_v2_planner_compare,quantum_bv_3q_sensitivity_v2,quantum,3,quantum_circuit,False,,11,13,4,16,11,opt_einsum.greedy,opt_einsum,external_path_optimizer,2197acf1524706bd82747388500c1b3a4fe50aefeb9d40cdf554575733b0b275,"{""engine"": ""opt_einsum"", ""opt_einsum_version"": ""3.4.0"", ""optimize"": ""greedy""}",,greedy,opt_einsum_contract_path,opt_einsum_internal,,,1e9dd3497e0cc860425feffa92b80c99de749a11c3b89d006a0d1b5db9a8ab0b,216be6f44fd08646342608eda3e8a43551b0870dc60ec83f8f5f7b390fee4d6c,completed,,0.0003484720000415109,10,864,128,108,216,324,0,0,,10,1,0.0,1,1,upmem_pressure_v1,,,,upmem_path_cost_v2,balanced_literature_informed,"{""caps"": {""dpu_to_host_payload_bytes"": 1048576.0, ""estimated_flops"": 2147614720.0, ""host_completion_events"": 4.0, ""host_to_dpu_payload_bytes"": 2097152.0, ""mram_dma_window_bytes_model"": 17180917760.0, ""mram_payload_pressure_ratio"": 1.0, ""numeric_representation_penalty"": 3.0, ""tile_iterations"": 1024.0, ""wram_known_pressure_ratio"": 1.0}, ""normalization_id"": ""fixed_log1p_generic_budgets_v2"", ""transform"": ""log1p(value)/log1p(cap)""}","{""caps"": {""application_max_contracted_combinations"": 4096, ""application_max_rank"": 16, ""application_max_tensor_elements"": 65536, ""native_abi_max_tensor_elements"": 65536}, ""dpu_parallelism_model"": ""single_dpu_serial_tasks"", ""host_completion_model"": ""one_synchronous_dpu_launch_per_real_component"", ""host_dpu_transfer_model"": ""per_real_component_operand_upload_and_output_download_no_reuse"", ""input_element_bytes"": 4, ""memory_budget_source"": ""configured_generic_dpu_policy_v2"", ""mram_capacity_bytes"": 67108864, ""mram_wram_transfer_model"": ""aligned_scalar_read_windows_and_aligned_output_tile_writes"", ""numeric_contract"": ""real_float32_or_split_real_imag_v2"", ""output_element_bytes"": 4, ""output_tile_elements"": 256, ""policy_id"": ""generic_single_dpu_split_complex_v2"", ""wram_budget_bytes"": 61440}",True,[],216,64,216,432,216,648,1944,216,10,0.0,0.016796875,10,64,432,216,1944,10,10,10,0,104,786432,67108864,0.01171875,0.000244140625,0.000244140625,1032,61440,0.016796875,"{""dpu_to_host_payload_bytes"": 216, ""estimated_flops"": 216, ""feasibility"": true, ""host_completion_event_scope"": ""one_synchronous_dpu_launch_per_real_component"", ""host_completion_events"": 10, ""host_to_dpu_payload_bytes"": 432, ""known_wram_static_bytes"": 1032, ""largest_tensor_bytes"": 64, ""memory_budget_scope"": ""configured_modeled_budget_not_measured_runtime_occupancy"", ""mram_capacity_bytes"": 67108864, ""mram_dma_window_bytes_model"": 1944, ""mram_dma_window_scope"": ""modeled_aligned_request_volume_not_physical_bus_bytes"", ""mram_max_region_payload_ratio"": 0.000244140625, ""mram_payload_pressure_ratio"": 0.000244140625, ""mram_payload_pressure_scope"": ""maximum_single_buffer_payload_divided_by_fixed_native_buffer_capacity"", ""mram_static_reservation_pressure_ratio"": 0.01171875, ""native_static_mram_reservation_bytes"": 786432, ""numeric_component_invocations"": 10, ""numeric_recombination_flops"": 0, ""numeric_representation_penalty"": 0.0, ""rejection_reasons"": [], ""task_mram_payload_bytes"": 104, ""tile_iterations"": 10, ""wram_budget_bytes"": 61440, ""wram_known_pressure_ratio"": 0.016796875}","{""dpu_to_host_payload_bytes"": 0.3880775349251954, ""estimated_flops"": 0.250371909239395, ""host_completion_events"": 1.4898961024049782, ""host_to_dpu_payload_bytes"": 0.4170582346580795, ""mram_dma_window_bytes_model"": 0.3213390042695986, ""mram_payload_pressure_ratio"": 0.00035217748030102726, ""numeric_representation_penalty"": 0.0, ""tile_iterations"": 0.34589445320077966, ""wram_known_pressure_ratio"": 0.02403150151674986}",0.3763269069591295,1,False,True,modeled,False
research_benchmark_pack_v1,thesis_planner_semantic_v2_planner_compare,quantum_xor_4q_semantic_v2,quantum,4,quantum_circuit,False,,7,10,4,16,7,cotengra.flops,cotengra,external_contraction_tree,29abf6127107d130856c0eaa87fbe850bf32d0d563501d9dac818edbc4b47437,"{""engine"": ""cotengra"", ""max_repeats"": 1, ""methods"": ""greedy"", ""objective"": ""flops"", ""on_trial_error"": ""raise"", ""optlib"": ""random"", ""parallel"": false, ""progbar"": false, ""seed"": 0}",,greedy,cotengra_flops,cotengra_contraction_tree,,,35e6140f73d2d0ec1df48322dc2386c4634757e0b7ea24530ba57e645d41422e,6a9085216b2a1941dc92c1b583f09fb1485e5dc52e9c2ae92d95367cde6b4755,completed,,0.0003552449998096563,6,832,256,92,208,300,0,0,,6,1,0.0,1,1,upmem_pressure_v1,,,,upmem_path_cost_v2,balanced_literature_informed,"{""caps"": {""dpu_to_host_payload_bytes"": 1048576.0, ""estimated_flops"": 2147614720.0, ""host_completion_events"": 4.0, ""host_to_dpu_payload_bytes"": 2097152.0, ""mram_dma_window_bytes_model"": 17180917760.0, ""mram_payload_pressure_ratio"": 1.0, ""numeric_representation_penalty"": 3.0, ""tile_iterations"": 1024.0, ""wram_known_pressure_ratio"": 1.0}, ""normalization_id"": ""fixed_log1p_generic_budgets_v2"", ""transform"": ""log1p(value)/log1p(cap)""}","{""caps"": {""application_max_contracted_combinations"": 4096, ""application_max_rank"": 16, ""application_max_tensor_elements"": 65536, ""native_abi_max_tensor_elements"": 65536}, ""dpu_parallelism_model"": ""single_dpu_serial_tasks"", ""host_completion_model"": ""one_synchronous_dpu_launch_per_real_component"", ""host_dpu_transfer_model"": ""per_real_component_operand_upload_and_output_download_no_reuse"", ""input_element_bytes"": 4, ""memory_budget_source"": ""configured_generic_dpu_policy_v2"", ""mram_capacity_bytes"": 67108864, ""mram_wram_transfer_model"": ""aligned_scalar_read_windows_and_aligned_output_tile_writes"", ""numeric_contract"": ""real_float32_or_split_real_imag_v2"", ""output_element_bytes"": 4, ""output_tile_elements"": 256, ""policy_id"": ""generic_single_dpu_split_complex_v2"", ""wram_budget_bytes"": 61440}",True,[],208,64,208,368,208,576,1872,208,6,0.0,0.016796875,6,64,368,208,1872,6,6,6,0,128,786432,67108864,0.01171875,0.000244140625,0.000244140625,1032,61440,0.016796875,"{""dpu_to_host_payload_bytes"": 208, ""estimated_flops"": 208, ""feasibility"": true, ""host_completion_event_scope"": ""one_synchronous_dpu_launch_per_real_component"", ""host_completion_events"": 6, ""host_to_dpu_payload_bytes"": 368, ""known_wram_static_bytes"": 1032, ""largest_tensor_bytes"": 64, ""memory_budget_scope"": ""configured_modeled_budget_not_measured_runtime_occupancy"", ""mram_capacity_bytes"": 67108864, ""mram_dma_window_bytes_model"": 1872, ""mram_dma_window_scope"": ""modeled_aligned_request_volume_not_physical_bus_bytes"", ""mram_max_region_payload_ratio"": 0.000244140625, ""mram_payload_pressure_ratio"": 0.000244140625, ""mram_payload_pressure_scope"": ""maximum_single_buffer_payload_divided_by_fixed_native_buffer_capacity"", ""mram_static_reservation_pressure_ratio"": 0.01171875, ""native_static_mram_reservation_bytes"": 786432, ""numeric_component_invocations"": 6, ""numeric_recombination_flops"": 0, ""numeric_representation_penalty"": 0.0, ""rejection_reasons"": [], ""task_mram_payload_bytes"": 128, ""tile_iterations"": 6, ""wram_budget_bytes"": 61440, ""wram_known_pressure_ratio"": 0.016796875}","{""dpu_to_host_payload_bytes"": 0.3853679300934175, ""estimated_flops"": 0.24862378193502194, ""host_completion_events"": 1.2090619551221675, ""host_to_dpu_payload_bytes"": 0.40607032031963153, ""mram_dma_window_bytes_model"": 0.3197384420726285, ""mram_payload_pressure_ratio"": 0.00035217748030102726, ""numeric_representation_penalty"": 0.0, ""tile_iterations"": 0.28069596475739483, ""wram_known_pressure_ratio"": 0.02403150151674986}",0.34244275615083586,1,False,True,modeled,False
research_benchmark_pack_v1,thesis_planner_semantic_v2_planner_compare,quantum_xor_4q_semantic_v2,quantum,4,quantum_circuit,False,,7,10,4,16,7,cotengra.size,cotengra,external_contraction_tree,e9852bf700905b31e3be67ba9bb323fddcf0304d58266d028aec042719273fd7,"{""engine"": ""cotengra"", ""max_repeats"": 1, ""methods"": ""greedy"", ""objective"": ""size"", ""on_trial_error"": ""raise"", ""optlib"": ""random"", ""parallel"": false, ""progbar"": false, ""seed"": 0}",,greedy,cotengra_size,cotengra_contraction_tree,,,3911f5b73f52d7b2dfde5fc2e6318f4d73a434a40ab08fb5f17c6706fe50a907,6a9085216b2a1941dc92c1b583f09fb1485e5dc52e9c2ae92d95367cde6b4755,completed,,0.0002797839988488704,6,832,256,92,208,300,0,0,,6,1,0.0,1,1,upmem_pressure_v1,,,,upmem_path_cost_v2,balanced_literature_informed,"{""caps"": {""dpu_to_host_payload_bytes"": 1048576.0, ""estimated_flops"": 2147614720.0, ""host_completion_events"": 4.0, ""host_to_dpu_payload_bytes"": 2097152.0, ""mram_dma_window_bytes_model"": 17180917760.0, ""mram_payload_pressure_ratio"": 1.0, ""numeric_representation_penalty"": 3.0, ""tile_iterations"": 1024.0, ""wram_known_pressure_ratio"": 1.0}, ""normalization_id"": ""fixed_log1p_generic_budgets_v2"", ""transform"": ""log1p(value)/log1p(cap)""}","{""caps"": {""application_max_contracted_combinations"": 4096, ""application_max_rank"": 16, ""application_max_tensor_elements"": 65536, ""native_abi_max_tensor_elements"": 65536}, ""dpu_parallelism_model"": ""single_dpu_serial_tasks"", ""host_completion_model"": ""one_synchronous_dpu_launch_per_real_component"", ""host_dpu_transfer_model"": ""per_real_component_operand_upload_and_output_download_no_reuse"", ""input_element_bytes"": 4, ""memory_budget_source"": ""configured_generic_dpu_policy_v2"", ""mram_capacity_bytes"": 67108864, ""mram_wram_transfer_model"": ""aligned_scalar_read_windows_and_aligned_output_tile_writes"", ""numeric_contract"": ""real_float32_or_split_real_imag_v2"", ""output_element_bytes"": 4, ""output_tile_elements"": 256, ""policy_id"": ""generic_single_dpu_split_complex_v2"", ""wram_budget_bytes"": 61440}",True,[],208,64,208,368,208,576,1872,208,6,0.0,0.016796875,6,64,368,208,1872,6,6,6,0,128,786432,67108864,0.01171875,0.000244140625,0.000244140625,1032,61440,0.016796875,"{""dpu_to_host_payload_bytes"": 208, ""estimated_flops"": 208, ""feasibility"": true, ""host_completion_event_scope"": ""one_synchronous_dpu_launch_per_real_component"", ""host_completion_events"": 6, ""host_to_dpu_payload_bytes"": 368, ""known_wram_static_bytes"": 1032, ""largest_tensor_bytes"": 64, ""memory_budget_scope"": ""configured_modeled_budget_not_measured_runtime_occupancy"", ""mram_capacity_bytes"": 67108864, ""mram_dma_window_bytes_model"": 1872, ""mram_dma_window_scope"": ""modeled_aligned_request_volume_not_physical_bus_bytes"", ""mram_max_region_payload_ratio"": 0.000244140625, ""mram_payload_pressure_ratio"": 0.000244140625, ""mram_payload_pressure_scope"": ""maximum_single_buffer_payload_divided_by_fixed_native_buffer_capacity"", ""mram_static_reservation_pressure_ratio"": 0.01171875, ""native_static_mram_reservation_bytes"": 786432, ""numeric_component_invocations"": 6, ""numeric_recombination_flops"": 0, ""numeric_representation_penalty"": 0.0, ""rejection_reasons"": [], ""task_mram_payload_bytes"": 128, ""tile_iterations"": 6, ""wram_budget_bytes"": 61440, ""wram_known_pressure_ratio"": 0.016796875}","{""dpu_to_host_payload_bytes"": 0.3853679300934175, ""estimated_flops"": 0.24862378193502194, ""host_completion_events"": 1.2090619551221675, ""host_to_dpu_payload_bytes"": 0.40607032031963153, ""mram_dma_window_bytes_model"": 0.3197384420726285, ""mram_payload_pressure_ratio"": 0.00035217748030102726, ""numeric_representation_penalty"": 0.0, ""tile_iterations"": 0.28069596475739483, ""wram_known_pressure_ratio"": 0.02403150151674986}",0.34244275615083586,1,False,True,modeled,False
research_benchmark_pack_v1,thesis_planner_semantic_v2_planner_compare,quantum_xor_4q_semantic_v2,quantum,4,quantum_circuit,False,,7,10,4,16,7,custom_upmem.greedy.v2.balanced_literature_informed,custom_upmem,native_target_projected_prefix_greedy,732e5d6ce69eb7f899d95e1d4a3ba1c390eb63c7f748cdd8667ef363f7fa7de4,"{""algorithm"": ""greedy"", ""engine"": ""custom_upmem"", ""execution_policy"": ""generic_single_dpu_split_complex_v2"", ""normalization"": ""fixed_log1p_generic_budgets_v2"", ""numeric_contract"": ""real_float32_or_split_real_imag_v2"", ""objective_version"": ""upmem_path_cost_v2"", ""selection_scope"": ""projected_prefix"", ""weight_profile"": ""balanced_literature_informed""}",projected_prefix,greedy,upmem_path_cost_v2,generic_single_dpu_split_complex_v2,,,5752d4684952218bd6bc5778da8e20510fbce272e547d02b83fa546a449e0f21,bff8036cfcf8d5b21b1b51e288d57105fcc3ef53bc34462673afa9acc33569f6,completed,,0.005248950998065993,6,1728,256,112,288,400,0,0,,6,1,1.0,2,2,upmem_pressure_v1,,,,upmem_path_cost_v2,balanced_literature_informed,"{""caps"": {""dpu_to_host_payload_bytes"": 1048576.0, ""estimated_flops"": 2147614720.0, ""host_completion_events"": 4.0, ""host_to_dpu_payload_bytes"": 2097152.0, ""mram_dma_window_bytes_model"": 17180917760.0, ""mram_payload_pressure_ratio"": 1.0, ""numeric_representation_penalty"": 3.0, ""tile_iterations"": 1024.0, ""wram_known_pressure_ratio"": 1.0}, ""normalization_id"": ""fixed_log1p_generic_budgets_v2"", ""transform"": ""log1p(value)/log1p(cap)""}","{""caps"": {""application_max_contracted_combinations"": 4096, ""application_max_rank"": 16, ""application_max_tensor_elements"": 65536, ""native_abi_max_tensor_elements"": 65536}, ""dpu_parallelism_model"": ""single_dpu_serial_tasks"", ""host_completion_model"": ""one_synchronous_dpu_launch_per_real_component"", ""host_dpu_transfer_model"": ""per_real_component_operand_upload_and_output_download_no_reuse"", ""input_element_bytes"": 4, ""memory_budget_source"": ""configured_generic_dpu_policy_v2"", ""mram_capacity_bytes"": 67108864, ""mram_wram_transfer_model"": ""aligned_scalar_read_windows_and_aligned_output_tile_writes"", ""numeric_contract"": ""real_float32_or_split_real_imag_v2"", ""output_element_bytes"": 4, ""output_tile_elements"": 256, ""policy_id"": ""generic_single_dpu_split_complex_v2"", ""wram_budget_bytes"": 61440}",True,[],432,64,288,448,288,736,3744,432,6,0.0,0.016796875,6,64,448,288,3744,6,6,6,0,192,786432,67108864,0.01171875,0.000244140625,0.000244140625,1032,61440,0.016796875,"{""dpu_to_host_payload_bytes"": 288, ""estimated_flops"": 432, ""feasibility"": true, ""host_completion_event_scope"": ""one_synchronous_dpu_launch_per_real_component"", ""host_completion_events"": 6, ""host_to_dpu_payload_bytes"": 448, ""known_wram_static_bytes"": 1032, ""largest_tensor_bytes"": 64, ""memory_budget_scope"": ""configured_modeled_budget_not_measured_runtime_occupancy"", ""mram_capacity_bytes"": 67108864, ""mram_dma_window_bytes_model"": 3744, ""mram_dma_window_scope"": ""modeled_aligned_request_volume_not_physical_bus_bytes"", ""mram_max_region_payload_ratio"": 0.000244140625, ""mram_payload_pressure_ratio"": 0.000244140625, ""mram_payload_pressure_scope"": ""maximum_single_buffer_payload_divided_by_fixed_native_buffer_capacity"", ""mram_static_reservation_pressure_ratio"": 0.01171875, ""native_static_mram_reservation_bytes"": 786432, ""numeric_component_invocations"": 6, ""numeric_recombination_flops"": 0, ""numeric_representation_penalty"": 0.0, ""rejection_reasons"": [], ""task_mram_payload_bytes"": 192, ""tile_iterations"": 6, ""wram_budget_bytes"": 61440, ""wram_known_pressure_ratio"": 0.016796875}","{""dpu_to_host_payload_bytes"": 0.4087462560061415, ""estimated_flops"": 0.2825225270239312, ""host_completion_events"": 1.2090619551221675, ""host_to_dpu_payload_bytes"": 0.4195510164818682, ""mram_dma_window_bytes_model"": 0.3491388017881426, ""mram_payload_pressure_ratio"": 0.00035217748030102726, ""numeric_representation_penalty"": 0.0, ""tile_iterations"": 0.28069596475739483, ""wram_known_pressure_ratio"": 0.02403150151674986}",0.3599885350861377,5,True,False,modeled,False
research_benchmark_pack_v1,thesis_planner_semantic_v2_planner_compare,quantum_xor_4q_semantic_v2,quantum,4,quantum_circuit,False,,7,10,4,16,7,opt_einsum.auto,opt_einsum,external_path_optimizer,e4fe2eea8b9aaa935b91fc73f8e7b5a4d59746c545686b2803cb83e99dd31633,"{""engine"": ""opt_einsum"", ""opt_einsum_version"": ""3.4.0"", ""optimize"": ""auto""}",,auto,opt_einsum_contract_path,opt_einsum_internal,,,a5ff7f396492ad33e299d4577138393294013229c4889eca96cab5216178c1b0,d81f509f5dd97e0b3d78f1f7d0193622cd319c707ed2a9497458937e4c591bca,completed,,0.0005547479995584581,6,832,256,92,208,300,0,0,,6,1,0.0,1,1,upmem_pressure_v1,,,,upmem_path_cost_v2,balanced_literature_informed,"{""caps"": {""dpu_to_host_payload_bytes"": 1048576.0, ""estimated_flops"": 2147614720.0, ""host_completion_events"": 4.0, ""host_to_dpu_payload_bytes"": 2097152.0, ""mram_dma_window_bytes_model"": 17180917760.0, ""mram_payload_pressure_ratio"": 1.0, ""numeric_representation_penalty"": 3.0, ""tile_iterations"": 1024.0, ""wram_known_pressure_ratio"": 1.0}, ""normalization_id"": ""fixed_log1p_generic_budgets_v2"", ""transform"": ""log1p(value)/log1p(cap)""}","{""caps"": {""application_max_contracted_combinations"": 4096, ""application_max_rank"": 16, ""application_max_tensor_elements"": 65536, ""native_abi_max_tensor_elements"": 65536}, ""dpu_parallelism_model"": ""single_dpu_serial_tasks"", ""host_completion_model"": ""one_synchronous_dpu_launch_per_real_component"", ""host_dpu_transfer_model"": ""per_real_component_operand_upload_and_output_download_no_reuse"", ""input_element_bytes"": 4, ""memory_budget_source"": ""configured_generic_dpu_policy_v2"", ""mram_capacity_bytes"": 67108864, ""mram_wram_transfer_model"": ""aligned_scalar_read_windows_and_aligned_output_tile_writes"", ""numeric_contract"": ""real_float32_or_split_real_imag_v2"", ""output_element_bytes"": 4, ""output_tile_elements"": 256, ""policy_id"": ""generic_single_dpu_split_complex_v2"", ""wram_budget_bytes"": 61440}",True,[],208,64,208,368,208,576,1872,208,6,0.0,0.016796875,6,64,368,208,1872,6,6,6,0,128,786432,67108864,0.01171875,0.000244140625,0.000244140625,1032,61440,0.016796875,"{""dpu_to_host_payload_bytes"": 208, ""estimated_flops"": 208, ""feasibility"": true, ""host_completion_event_scope"": ""one_synchronous_dpu_launch_per_real_component"", ""host_completion_events"": 6, ""host_to_dpu_payload_bytes"": 368, ""known_wram_static_bytes"": 1032, ""largest_tensor_bytes"": 64, ""memory_budget_scope"": ""configured_modeled_budget_not_measured_runtime_occupancy"", ""mram_capacity_bytes"": 67108864, ""mram_dma_window_bytes_model"": 1872, ""mram_dma_window_scope"": ""modeled_aligned_request_volume_not_physical_bus_bytes"", ""mram_max_region_payload_ratio"": 0.000244140625, ""mram_payload_pressure_ratio"": 0.000244140625, ""mram_payload_pressure_scope"": ""maximum_single_buffer_payload_divided_by_fixed_native_buffer_capacity"", ""mram_static_reservation_pressure_ratio"": 0.01171875, ""native_static_mram_reservation_bytes"": 786432, ""numeric_component_invocations"": 6, ""numeric_recombination_flops"": 0, ""numeric_representation_penalty"": 0.0, ""rejection_reasons"": [], ""task_mram_payload_bytes"": 128, ""tile_iterations"": 6, ""wram_budget_bytes"": 61440, ""wram_known_pressure_ratio"": 0.016796875}","{""dpu_to_host_payload_bytes"": 0.3853679300934175, ""estimated_flops"": 0.24862378193502194, ""host_completion_events"": 1.2090619551221675, ""host_to_dpu_payload_bytes"": 0.40607032031963153, ""mram_dma_window_bytes_model"": 0.3197384420726285, ""mram_payload_pressure_ratio"": 0.00035217748030102726, ""numeric_representation_penalty"": 0.0, ""tile_iterations"": 0.28069596475739483, ""wram_known_pressure_ratio"": 0.02403150151674986}",0.34244275615083586,1,False,True,modeled,False
research_benchmark_pack_v1,thesis_planner_semantic_v2_planner_compare,quantum_xor_4q_semantic_v2,quantum,4,quantum_circuit,False,,7,10,4,16,7,opt_einsum.greedy,opt_einsum,external_path_optimizer,2197acf1524706bd82747388500c1b3a4fe50aefeb9d40cdf554575733b0b275,"{""engine"": ""opt_einsum"", ""opt_einsum_version"": ""3.4.0"", ""optimize"": ""greedy""}",,greedy,opt_einsum_contract_path,opt_einsum_internal,,,256778507f6fd8f339476cf63467338d15d5ac6134c2942dd1b67bf180ebfd1a,d81f509f5dd97e0b3d78f1f7d0193622cd319c707ed2a9497458937e4c591bca,completed,,0.00025953599833883345,6,832,256,92,208,300,0,0,,6,1,0.0,1,1,upmem_pressure_v1,,,,upmem_path_cost_v2,balanced_literature_informed,"{""caps"": {""dpu_to_host_payload_bytes"": 1048576.0, ""estimated_flops"": 2147614720.0, ""host_completion_events"": 4.0, ""host_to_dpu_payload_bytes"": 2097152.0, ""mram_dma_window_bytes_model"": 17180917760.0, ""mram_payload_pressure_ratio"": 1.0, ""numeric_representation_penalty"": 3.0, ""tile_iterations"": 1024.0, ""wram_known_pressure_ratio"": 1.0}, ""normalization_id"": ""fixed_log1p_generic_budgets_v2"", ""transform"": ""log1p(value)/log1p(cap)""}","{""caps"": {""application_max_contracted_combinations"": 4096, ""application_max_rank"": 16, ""application_max_tensor_elements"": 65536, ""native_abi_max_tensor_elements"": 65536}, ""dpu_parallelism_model"": ""single_dpu_serial_tasks"", ""host_completion_model"": ""one_synchronous_dpu_launch_per_real_component"", ""host_dpu_transfer_model"": ""per_real_component_operand_upload_and_output_download_no_reuse"", ""input_element_bytes"": 4, ""memory_budget_source"": ""configured_generic_dpu_policy_v2"", ""mram_capacity_bytes"": 67108864, ""mram_wram_transfer_model"": ""aligned_scalar_read_windows_and_aligned_output_tile_writes"", ""numeric_contract"": ""real_float32_or_split_real_imag_v2"", ""output_element_bytes"": 4, ""output_tile_elements"": 256, ""policy_id"": ""generic_single_dpu_split_complex_v2"", ""wram_budget_bytes"": 61440}",True,[],208,64,208,368,208,576,1872,208,6,0.0,0.016796875,6,64,368,208,1872,6,6,6,0,128,786432,67108864,0.01171875,0.000244140625,0.000244140625,1032,61440,0.016796875,"{""dpu_to_host_payload_bytes"": 208, ""estimated_flops"": 208, ""feasibility"": true, ""host_completion_event_scope"": ""one_synchronous_dpu_launch_per_real_component"", ""host_completion_events"": 6, ""host_to_dpu_payload_bytes"": 368, ""known_wram_static_bytes"": 1032, ""largest_tensor_bytes"": 64, ""memory_budget_scope"": ""configured_modeled_budget_not_measured_runtime_occupancy"", ""mram_capacity_bytes"": 67108864, ""mram_dma_window_bytes_model"": 1872, ""mram_dma_window_scope"": ""modeled_aligned_request_volume_not_physical_bus_bytes"", ""mram_max_region_payload_ratio"": 0.000244140625, ""mram_payload_pressure_ratio"": 0.000244140625, ""mram_payload_pressure_scope"": ""maximum_single_buffer_payload_divided_by_fixed_native_buffer_capacity"", ""mram_static_reservation_pressure_ratio"": 0.01171875, ""native_static_mram_reservation_bytes"": 786432, ""numeric_component_invocations"": 6, ""numeric_recombination_flops"": 0, ""numeric_representation_penalty"": 0.0, ""rejection_reasons"": [], ""task_mram_payload_bytes"": 128, ""tile_iterations"": 6, ""wram_budget_bytes"": 61440, ""wram_known_pressure_ratio"": 0.016796875}","{""dpu_to_host_payload_bytes"": 0.3853679300934175, ""estimated_flops"": 0.24862378193502194, ""host_completion_events"": 1.2090619551221675, ""host_to_dpu_payload_bytes"": 0.40607032031963153, ""mram_dma_window_bytes_model"": 0.3197384420726285, ""mram_payload_pressure_ratio"": 0.00035217748030102726, ""numeric_representation_penalty"": 0.0, ""tile_iterations"": 0.28069596475739483, ""wram_known_pressure_ratio"": 0.02403150151674986}",0.34244275615083586,1,False,True,modeled,False
